ARM GAS  C:\Users\elias\AppData\Local\Temp\ccHjQlMh.s 			page 1


   1              		.syntax unified
   2              		.cpu cortex-m3
   3              		.fpu softvfp
   4              		.eabi_attribute 20, 1
   5              		.eabi_attribute 21, 1
   6              		.eabi_attribute 23, 3
   7              		.eabi_attribute 24, 1
   8              		.eabi_attribute 25, 1
   9              		.eabi_attribute 26, 1
  10              		.eabi_attribute 30, 1
  11              		.eabi_attribute 34, 1
  12              		.eabi_attribute 18, 4
  13              		.thumb
  14              		.syntax unified
  15              		.file	"cyfitter_cfg.c"
  16              		.text
  17              	.Ltext0:
  18              		.cfi_sections	.debug_frame
  19              		.section	.text.CyClockStartupError,"ax",%progbits
  20              		.align	2
  21              		.thumb
  22              		.thumb_func
  23              		.type	CyClockStartupError, %function
  24              	CyClockStartupError:
  25              	.LFB3:
  26              		.file 1 "Generated_Source\\PSoC5\\cyfitter_cfg.c"
   1:Generated_Source\PSoC5/cyfitter_cfg.c **** 
   2:Generated_Source\PSoC5/cyfitter_cfg.c **** /*******************************************************************************
   3:Generated_Source\PSoC5/cyfitter_cfg.c **** * File Name: cyfitter_cfg.c
   4:Generated_Source\PSoC5/cyfitter_cfg.c **** * 
   5:Generated_Source\PSoC5/cyfitter_cfg.c **** * PSoC Creator  4.4
   6:Generated_Source\PSoC5/cyfitter_cfg.c **** *
   7:Generated_Source\PSoC5/cyfitter_cfg.c **** * Description:
   8:Generated_Source\PSoC5/cyfitter_cfg.c **** * This file contains device initialization code.
   9:Generated_Source\PSoC5/cyfitter_cfg.c **** * Except for the user defined sections in CyClockStartupError(), this file should not be modified.
  10:Generated_Source\PSoC5/cyfitter_cfg.c **** * This file is automatically generated by PSoC Creator.
  11:Generated_Source\PSoC5/cyfitter_cfg.c **** *
  12:Generated_Source\PSoC5/cyfitter_cfg.c **** ********************************************************************************
  13:Generated_Source\PSoC5/cyfitter_cfg.c **** * Copyright (c) 2007-2020 Cypress Semiconductor.  All rights reserved.
  14:Generated_Source\PSoC5/cyfitter_cfg.c **** * You may use this file only in accordance with the license, terms, conditions, 
  15:Generated_Source\PSoC5/cyfitter_cfg.c **** * disclaimers, and limitations in the end user license agreement accompanying 
  16:Generated_Source\PSoC5/cyfitter_cfg.c **** * the software package with which this file was provided.
  17:Generated_Source\PSoC5/cyfitter_cfg.c **** ********************************************************************************/
  18:Generated_Source\PSoC5/cyfitter_cfg.c **** 
  19:Generated_Source\PSoC5/cyfitter_cfg.c **** #include <string.h>
  20:Generated_Source\PSoC5/cyfitter_cfg.c **** #include "cytypes.h"
  21:Generated_Source\PSoC5/cyfitter_cfg.c **** #include "cydevice_trm.h"
  22:Generated_Source\PSoC5/cyfitter_cfg.c **** #include "cyfitter.h"
  23:Generated_Source\PSoC5/cyfitter_cfg.c **** #include "CyLib.h"
  24:Generated_Source\PSoC5/cyfitter_cfg.c **** #include "cyfitter_cfg.h"
  25:Generated_Source\PSoC5/cyfitter_cfg.c **** #include "cyapicallbacks.h"
  26:Generated_Source\PSoC5/cyfitter_cfg.c **** 
  27:Generated_Source\PSoC5/cyfitter_cfg.c **** #define CY_NEED_CYCLOCKSTARTUPERROR 1
  28:Generated_Source\PSoC5/cyfitter_cfg.c **** 
  29:Generated_Source\PSoC5/cyfitter_cfg.c **** 
  30:Generated_Source\PSoC5/cyfitter_cfg.c **** #if defined(__GNUC__) || defined(__ARMCC_VERSION)
  31:Generated_Source\PSoC5/cyfitter_cfg.c ****     #define CYPACKED 
ARM GAS  C:\Users\elias\AppData\Local\Temp\ccHjQlMh.s 			page 2


  32:Generated_Source\PSoC5/cyfitter_cfg.c ****     #define CYPACKED_ATTR __attribute__ ((packed))
  33:Generated_Source\PSoC5/cyfitter_cfg.c ****     #define CYALIGNED __attribute__ ((aligned))
  34:Generated_Source\PSoC5/cyfitter_cfg.c ****     #define CY_CFG_UNUSED __attribute__ ((unused))
  35:Generated_Source\PSoC5/cyfitter_cfg.c ****     #ifndef CY_CFG_SECTION
  36:Generated_Source\PSoC5/cyfitter_cfg.c ****         #define CY_CFG_SECTION __attribute__ ((section(".psocinit")))
  37:Generated_Source\PSoC5/cyfitter_cfg.c ****     #endif
  38:Generated_Source\PSoC5/cyfitter_cfg.c ****     
  39:Generated_Source\PSoC5/cyfitter_cfg.c ****     #if defined(__ARMCC_VERSION)
  40:Generated_Source\PSoC5/cyfitter_cfg.c ****         #define CY_CFG_MEMORY_BARRIER() __memory_changed()
  41:Generated_Source\PSoC5/cyfitter_cfg.c ****     #else
  42:Generated_Source\PSoC5/cyfitter_cfg.c ****         #define CY_CFG_MEMORY_BARRIER() __sync_synchronize()
  43:Generated_Source\PSoC5/cyfitter_cfg.c ****     #endif
  44:Generated_Source\PSoC5/cyfitter_cfg.c ****     
  45:Generated_Source\PSoC5/cyfitter_cfg.c **** #elif defined(__ICCARM__)
  46:Generated_Source\PSoC5/cyfitter_cfg.c ****     #include <intrinsics.h>
  47:Generated_Source\PSoC5/cyfitter_cfg.c **** 
  48:Generated_Source\PSoC5/cyfitter_cfg.c ****     #define CYPACKED __packed
  49:Generated_Source\PSoC5/cyfitter_cfg.c ****     #define CYPACKED_ATTR 
  50:Generated_Source\PSoC5/cyfitter_cfg.c ****     #define CYALIGNED _Pragma("data_alignment=4")
  51:Generated_Source\PSoC5/cyfitter_cfg.c ****     #define CY_CFG_UNUSED _Pragma("diag_suppress=Pe177")
  52:Generated_Source\PSoC5/cyfitter_cfg.c ****     #define CY_CFG_SECTION _Pragma("location=\".psocinit\"")
  53:Generated_Source\PSoC5/cyfitter_cfg.c ****     
  54:Generated_Source\PSoC5/cyfitter_cfg.c ****     #define CY_CFG_MEMORY_BARRIER() __DMB()
  55:Generated_Source\PSoC5/cyfitter_cfg.c ****     
  56:Generated_Source\PSoC5/cyfitter_cfg.c **** #else
  57:Generated_Source\PSoC5/cyfitter_cfg.c ****     #error Unsupported toolchain
  58:Generated_Source\PSoC5/cyfitter_cfg.c **** #endif
  59:Generated_Source\PSoC5/cyfitter_cfg.c **** 
  60:Generated_Source\PSoC5/cyfitter_cfg.c **** #ifndef CYCODE
  61:Generated_Source\PSoC5/cyfitter_cfg.c ****     #define CYCODE
  62:Generated_Source\PSoC5/cyfitter_cfg.c **** #endif
  63:Generated_Source\PSoC5/cyfitter_cfg.c **** #ifndef CYDATA
  64:Generated_Source\PSoC5/cyfitter_cfg.c ****     #define CYDATA
  65:Generated_Source\PSoC5/cyfitter_cfg.c **** #endif
  66:Generated_Source\PSoC5/cyfitter_cfg.c **** #ifndef CYFAR
  67:Generated_Source\PSoC5/cyfitter_cfg.c ****     #define CYFAR
  68:Generated_Source\PSoC5/cyfitter_cfg.c **** #endif
  69:Generated_Source\PSoC5/cyfitter_cfg.c **** #ifndef CYXDATA
  70:Generated_Source\PSoC5/cyfitter_cfg.c ****     #define CYXDATA
  71:Generated_Source\PSoC5/cyfitter_cfg.c **** #endif
  72:Generated_Source\PSoC5/cyfitter_cfg.c **** 
  73:Generated_Source\PSoC5/cyfitter_cfg.c **** 
  74:Generated_Source\PSoC5/cyfitter_cfg.c **** CY_CFG_UNUSED
  75:Generated_Source\PSoC5/cyfitter_cfg.c **** static void CYMEMZERO(void *s, size_t n);
  76:Generated_Source\PSoC5/cyfitter_cfg.c **** CY_CFG_UNUSED
  77:Generated_Source\PSoC5/cyfitter_cfg.c **** static void CYMEMZERO(void *s, size_t n)
  78:Generated_Source\PSoC5/cyfitter_cfg.c **** {
  79:Generated_Source\PSoC5/cyfitter_cfg.c **** 	(void)memset(s, 0, n);
  80:Generated_Source\PSoC5/cyfitter_cfg.c **** }
  81:Generated_Source\PSoC5/cyfitter_cfg.c **** CY_CFG_UNUSED
  82:Generated_Source\PSoC5/cyfitter_cfg.c **** static void CYCONFIGCPY(void *dest, const void *src, size_t n);
  83:Generated_Source\PSoC5/cyfitter_cfg.c **** CY_CFG_UNUSED
  84:Generated_Source\PSoC5/cyfitter_cfg.c **** static void CYCONFIGCPY(void *dest, const void *src, size_t n)
  85:Generated_Source\PSoC5/cyfitter_cfg.c **** {
  86:Generated_Source\PSoC5/cyfitter_cfg.c **** 	(void)memcpy(dest, src, n);
  87:Generated_Source\PSoC5/cyfitter_cfg.c **** }
  88:Generated_Source\PSoC5/cyfitter_cfg.c **** CY_CFG_UNUSED
ARM GAS  C:\Users\elias\AppData\Local\Temp\ccHjQlMh.s 			page 3


  89:Generated_Source\PSoC5/cyfitter_cfg.c **** static void CYCONFIGCPYCODE(void *dest, const void *src, size_t n);
  90:Generated_Source\PSoC5/cyfitter_cfg.c **** CY_CFG_UNUSED
  91:Generated_Source\PSoC5/cyfitter_cfg.c **** static void CYCONFIGCPYCODE(void *dest, const void *src, size_t n)
  92:Generated_Source\PSoC5/cyfitter_cfg.c **** {
  93:Generated_Source\PSoC5/cyfitter_cfg.c **** 	(void)memcpy(dest, src, n);
  94:Generated_Source\PSoC5/cyfitter_cfg.c **** }
  95:Generated_Source\PSoC5/cyfitter_cfg.c **** 
  96:Generated_Source\PSoC5/cyfitter_cfg.c **** 
  97:Generated_Source\PSoC5/cyfitter_cfg.c **** 
  98:Generated_Source\PSoC5/cyfitter_cfg.c **** 
  99:Generated_Source\PSoC5/cyfitter_cfg.c **** /* Clock startup error codes                                                   */
 100:Generated_Source\PSoC5/cyfitter_cfg.c **** #define CYCLOCKSTART_NO_ERROR    0u
 101:Generated_Source\PSoC5/cyfitter_cfg.c **** #define CYCLOCKSTART_XTAL_ERROR  1u
 102:Generated_Source\PSoC5/cyfitter_cfg.c **** #define CYCLOCKSTART_32KHZ_ERROR 2u
 103:Generated_Source\PSoC5/cyfitter_cfg.c **** #define CYCLOCKSTART_PLL_ERROR   3u
 104:Generated_Source\PSoC5/cyfitter_cfg.c **** #define CYCLOCKSTART_FLL_ERROR   4u
 105:Generated_Source\PSoC5/cyfitter_cfg.c **** #define CYCLOCKSTART_WCO_ERROR   5u
 106:Generated_Source\PSoC5/cyfitter_cfg.c **** 
 107:Generated_Source\PSoC5/cyfitter_cfg.c **** 
 108:Generated_Source\PSoC5/cyfitter_cfg.c **** #ifdef CY_NEED_CYCLOCKSTARTUPERROR
 109:Generated_Source\PSoC5/cyfitter_cfg.c **** /*******************************************************************************
 110:Generated_Source\PSoC5/cyfitter_cfg.c **** * Function Name: CyClockStartupError
 111:Generated_Source\PSoC5/cyfitter_cfg.c **** ********************************************************************************
 112:Generated_Source\PSoC5/cyfitter_cfg.c **** * Summary:
 113:Generated_Source\PSoC5/cyfitter_cfg.c **** *  If an error is encountered during clock configuration (crystal startup error,
 114:Generated_Source\PSoC5/cyfitter_cfg.c **** *  PLL lock error, etc.), the system will end up here.  Unless reimplemented by
 115:Generated_Source\PSoC5/cyfitter_cfg.c **** *  the customer, this function will stop in an infinite loop.
 116:Generated_Source\PSoC5/cyfitter_cfg.c **** *
 117:Generated_Source\PSoC5/cyfitter_cfg.c **** * Parameters:
 118:Generated_Source\PSoC5/cyfitter_cfg.c **** *   void
 119:Generated_Source\PSoC5/cyfitter_cfg.c **** *
 120:Generated_Source\PSoC5/cyfitter_cfg.c **** * Return:
 121:Generated_Source\PSoC5/cyfitter_cfg.c **** *   void
 122:Generated_Source\PSoC5/cyfitter_cfg.c **** *
 123:Generated_Source\PSoC5/cyfitter_cfg.c **** *******************************************************************************/
 124:Generated_Source\PSoC5/cyfitter_cfg.c **** CY_CFG_UNUSED
 125:Generated_Source\PSoC5/cyfitter_cfg.c **** static void CyClockStartupError(uint8 errorCode);
 126:Generated_Source\PSoC5/cyfitter_cfg.c **** CY_CFG_UNUSED
 127:Generated_Source\PSoC5/cyfitter_cfg.c **** static void CyClockStartupError(uint8 errorCode)
 128:Generated_Source\PSoC5/cyfitter_cfg.c **** {
  27              		.loc 1 128 0
  28              		.cfi_startproc
  29              		@ Volatile: function does not return.
  30              		@ args = 0, pretend = 0, frame = 0
  31              		@ frame_needed = 0, uses_anonymous_args = 0
  32              		@ link register save eliminated.
  33              	.LVL0:
  34              	.L2:
  35 0000 FEE7     		b	.L2
  36              		.cfi_endproc
  37              	.LFE3:
  38              		.size	CyClockStartupError, .-CyClockStartupError
  39 0002 00BF     		.section	.text.cfg_write_bytes32,"ax",%progbits
  40              		.align	2
  41              		.thumb
  42              		.thumb_func
  43              		.type	cfg_write_bytes32, %function
ARM GAS  C:\Users\elias\AppData\Local\Temp\ccHjQlMh.s 			page 4


  44              	cfg_write_bytes32:
  45              	.LFB4:
 129:Generated_Source\PSoC5/cyfitter_cfg.c ****     /* To remove the compiler warning if errorCode not used.                */
 130:Generated_Source\PSoC5/cyfitter_cfg.c ****     errorCode = errorCode;
 131:Generated_Source\PSoC5/cyfitter_cfg.c **** 
 132:Generated_Source\PSoC5/cyfitter_cfg.c ****     /* If we have a clock startup error (bad MHz crystal, PLL lock, etc.),  */
 133:Generated_Source\PSoC5/cyfitter_cfg.c ****     /* we will end up here to allow the customer to implement something to  */
 134:Generated_Source\PSoC5/cyfitter_cfg.c ****     /* deal with the clock condition.                                       */
 135:Generated_Source\PSoC5/cyfitter_cfg.c **** 
 136:Generated_Source\PSoC5/cyfitter_cfg.c **** #ifdef CY_CFG_CLOCK_STARTUP_ERROR_CALLBACK
 137:Generated_Source\PSoC5/cyfitter_cfg.c ****     CY_CFG_Clock_Startup_ErrorCallback();
 138:Generated_Source\PSoC5/cyfitter_cfg.c **** #else
 139:Generated_Source\PSoC5/cyfitter_cfg.c ****     /*  If not using CY_CFG_CLOCK_STARTUP_ERROR_CALLBACK, place your clock startup code here. */
 140:Generated_Source\PSoC5/cyfitter_cfg.c ****     /* `#START CyClockStartupError` */
 141:Generated_Source\PSoC5/cyfitter_cfg.c **** 
 142:Generated_Source\PSoC5/cyfitter_cfg.c **** 
 143:Generated_Source\PSoC5/cyfitter_cfg.c **** 
 144:Generated_Source\PSoC5/cyfitter_cfg.c ****     /* `#END` */
 145:Generated_Source\PSoC5/cyfitter_cfg.c **** 
 146:Generated_Source\PSoC5/cyfitter_cfg.c ****     while(1) {}
 147:Generated_Source\PSoC5/cyfitter_cfg.c **** #endif /* CY_CFG_CLOCK_STARTUP_ERROR_CALLBACK */
 148:Generated_Source\PSoC5/cyfitter_cfg.c **** }
 149:Generated_Source\PSoC5/cyfitter_cfg.c **** #endif
 150:Generated_Source\PSoC5/cyfitter_cfg.c **** 
 151:Generated_Source\PSoC5/cyfitter_cfg.c **** #define CY_CFG_BASE_ADDR_COUNT 28u
 152:Generated_Source\PSoC5/cyfitter_cfg.c **** CYPACKED typedef struct
 153:Generated_Source\PSoC5/cyfitter_cfg.c **** {
 154:Generated_Source\PSoC5/cyfitter_cfg.c **** 	uint8 offset;
 155:Generated_Source\PSoC5/cyfitter_cfg.c **** 	uint8 value;
 156:Generated_Source\PSoC5/cyfitter_cfg.c **** } CYPACKED_ATTR cy_cfg_addrvalue_t;
 157:Generated_Source\PSoC5/cyfitter_cfg.c **** 
 158:Generated_Source\PSoC5/cyfitter_cfg.c **** #define cy_cfg_addr_table ((const uint32 CYFAR *)0x48000000u)
 159:Generated_Source\PSoC5/cyfitter_cfg.c **** #define cy_cfg_data_table ((const cy_cfg_addrvalue_t CYFAR *)0x48000070u)
 160:Generated_Source\PSoC5/cyfitter_cfg.c **** 
 161:Generated_Source\PSoC5/cyfitter_cfg.c **** /* IOPINS0_0 Address: CYREG_PRT0_DM0 Size (bytes): 8 */
 162:Generated_Source\PSoC5/cyfitter_cfg.c **** #define BS_IOPINS0_0_VAL ((const uint8 CYFAR *)0x480005ECu)
 163:Generated_Source\PSoC5/cyfitter_cfg.c **** 
 164:Generated_Source\PSoC5/cyfitter_cfg.c **** /* IOPINS0_7 Address: CYREG_PRT12_DM0 Size (bytes): 8 */
 165:Generated_Source\PSoC5/cyfitter_cfg.c **** #define BS_IOPINS0_7_VAL ((const uint8 CYFAR *)0x480005F4u)
 166:Generated_Source\PSoC5/cyfitter_cfg.c **** 
 167:Generated_Source\PSoC5/cyfitter_cfg.c **** /* IOPINS0_8 Address: CYREG_PRT15_DM0 Size (bytes): 8 */
 168:Generated_Source\PSoC5/cyfitter_cfg.c **** #define BS_IOPINS0_8_VAL ((const uint8 CYFAR *)0x480005FCu)
 169:Generated_Source\PSoC5/cyfitter_cfg.c **** 
 170:Generated_Source\PSoC5/cyfitter_cfg.c **** /* IOPINS0_1 Address: CYREG_PRT1_DR Size (bytes): 10 */
 171:Generated_Source\PSoC5/cyfitter_cfg.c **** #define BS_IOPINS0_1_VAL ((const uint8 CYFAR *)0x48000604u)
 172:Generated_Source\PSoC5/cyfitter_cfg.c **** 
 173:Generated_Source\PSoC5/cyfitter_cfg.c **** /* IOPINS0_2 Address: CYREG_PRT2_DM0 Size (bytes): 8 */
 174:Generated_Source\PSoC5/cyfitter_cfg.c **** #define BS_IOPINS0_2_VAL ((const uint8 CYFAR *)0x48000610u)
 175:Generated_Source\PSoC5/cyfitter_cfg.c **** 
 176:Generated_Source\PSoC5/cyfitter_cfg.c **** /* IOPINS0_3 Address: CYREG_PRT3_DM0 Size (bytes): 8 */
 177:Generated_Source\PSoC5/cyfitter_cfg.c **** #define BS_IOPINS0_3_VAL ((const uint8 CYFAR *)0x48000618u)
 178:Generated_Source\PSoC5/cyfitter_cfg.c **** 
 179:Generated_Source\PSoC5/cyfitter_cfg.c **** /* CYDEV_CLKDIST_ACFG0_CFG0 Address: CYREG_CLKDIST_ACFG0_CFG0 Size (bytes): 4 */
 180:Generated_Source\PSoC5/cyfitter_cfg.c **** #define BS_CYDEV_CLKDIST_ACFG0_CFG0_VAL ((const uint8 CYFAR *)0x48000620u)
 181:Generated_Source\PSoC5/cyfitter_cfg.c **** 
 182:Generated_Source\PSoC5/cyfitter_cfg.c **** 
 183:Generated_Source\PSoC5/cyfitter_cfg.c **** /*******************************************************************************
ARM GAS  C:\Users\elias\AppData\Local\Temp\ccHjQlMh.s 			page 5


 184:Generated_Source\PSoC5/cyfitter_cfg.c **** * Function Name: cfg_write_bytes32
 185:Generated_Source\PSoC5/cyfitter_cfg.c **** ********************************************************************************
 186:Generated_Source\PSoC5/cyfitter_cfg.c **** * Summary:
 187:Generated_Source\PSoC5/cyfitter_cfg.c **** *  This function is used for setting up the chip configuration areas that
 188:Generated_Source\PSoC5/cyfitter_cfg.c **** *  contain relatively sparse data.
 189:Generated_Source\PSoC5/cyfitter_cfg.c **** *
 190:Generated_Source\PSoC5/cyfitter_cfg.c **** * Parameters:
 191:Generated_Source\PSoC5/cyfitter_cfg.c **** *   void
 192:Generated_Source\PSoC5/cyfitter_cfg.c **** *
 193:Generated_Source\PSoC5/cyfitter_cfg.c **** * Return:
 194:Generated_Source\PSoC5/cyfitter_cfg.c **** *   void
 195:Generated_Source\PSoC5/cyfitter_cfg.c **** *
 196:Generated_Source\PSoC5/cyfitter_cfg.c **** *******************************************************************************/
 197:Generated_Source\PSoC5/cyfitter_cfg.c **** static void cfg_write_bytes32(const uint32 addr_table[], const cy_cfg_addrvalue_t data_table[]);
 198:Generated_Source\PSoC5/cyfitter_cfg.c **** static void cfg_write_bytes32(const uint32 addr_table[], const cy_cfg_addrvalue_t data_table[])
 199:Generated_Source\PSoC5/cyfitter_cfg.c **** {
  46              		.loc 1 199 0
  47              		.cfi_startproc
  48              		@ args = 0, pretend = 0, frame = 0
  49              		@ frame_needed = 0, uses_anonymous_args = 0
  50              		@ link register save eliminated.
  51              	.LVL1:
  52              		.loc 1 199 0
  53 0000 F0B4     		push	{r4, r5, r6, r7}
  54              		.cfi_def_cfa_offset 16
  55              		.cfi_offset 4, -16
  56              		.cfi_offset 5, -12
  57              		.cfi_offset 6, -8
  58              		.cfi_offset 7, -4
  59              	.LVL2:
 200:Generated_Source\PSoC5/cyfitter_cfg.c **** 	/* For 32-bit little-endian architectures */
 201:Generated_Source\PSoC5/cyfitter_cfg.c **** 	uint32 i, j = 0u;
  60              		.loc 1 201 0
  61 0002 0022     		movs	r2, #0
 202:Generated_Source\PSoC5/cyfitter_cfg.c **** 	for (i = 0u; i < CY_CFG_BASE_ADDR_COUNT; i++)
  62              		.loc 1 202 0
  63 0004 1746     		mov	r7, r2
  64 0006 11E0     		b	.L4
  65              	.LVL3:
  66              	.L7:
  67              	.LBB2:
 203:Generated_Source\PSoC5/cyfitter_cfg.c **** 	{
 204:Generated_Source\PSoC5/cyfitter_cfg.c **** 		uint32 baseAddr = addr_table[i];
  68              		.loc 1 204 0
  69 0008 50F82760 		ldr	r6, [r0, r7, lsl #2]
  70              	.LVL4:
 205:Generated_Source\PSoC5/cyfitter_cfg.c **** 		uint8 count = (uint8)baseAddr;
  71              		.loc 1 205 0
  72 000c F3B2     		uxtb	r3, r6
  73              	.LVL5:
 206:Generated_Source\PSoC5/cyfitter_cfg.c **** 		baseAddr &= 0xFFFFFF00u;
  74              		.loc 1 206 0
  75 000e 26F0FF06 		bic	r6, r6, #255
  76              	.LVL6:
 207:Generated_Source\PSoC5/cyfitter_cfg.c **** 		while (count != 0u)
  77              		.loc 1 207 0
  78 0012 08E0     		b	.L5
ARM GAS  C:\Users\elias\AppData\Local\Temp\ccHjQlMh.s 			page 6


  79              	.L6:
 208:Generated_Source\PSoC5/cyfitter_cfg.c **** 		{
 209:Generated_Source\PSoC5/cyfitter_cfg.c **** 			CY_SET_REG8((void *)(baseAddr + data_table[j].offset), data_table[j].value);
  80              		.loc 1 209 0
  81 0014 01EB4205 		add	r5, r1, r2, lsl #1
  82 0018 11F81240 		ldrb	r4, [r1, r2, lsl #1]	@ zero_extendqisi2
  83 001c 6D78     		ldrb	r5, [r5, #1]	@ zero_extendqisi2
  84 001e A555     		strb	r5, [r4, r6]
 210:Generated_Source\PSoC5/cyfitter_cfg.c **** 			j++;
  85              		.loc 1 210 0
  86 0020 0132     		adds	r2, r2, #1
  87              	.LVL7:
 211:Generated_Source\PSoC5/cyfitter_cfg.c **** 			count--;
  88              		.loc 1 211 0
  89 0022 013B     		subs	r3, r3, #1
  90              	.LVL8:
  91 0024 DBB2     		uxtb	r3, r3
  92              	.LVL9:
  93              	.L5:
 207:Generated_Source\PSoC5/cyfitter_cfg.c **** 		{
  94              		.loc 1 207 0
  95 0026 002B     		cmp	r3, #0
  96 0028 F4D1     		bne	.L6
  97              	.LBE2:
 202:Generated_Source\PSoC5/cyfitter_cfg.c **** 	{
  98              		.loc 1 202 0 discriminator 2
  99 002a 0137     		adds	r7, r7, #1
 100              	.LVL10:
 101              	.L4:
 202:Generated_Source\PSoC5/cyfitter_cfg.c **** 	{
 102              		.loc 1 202 0 is_stmt 0 discriminator 1
 103 002c 1B2F     		cmp	r7, #27
 104 002e EBD9     		bls	.L7
 212:Generated_Source\PSoC5/cyfitter_cfg.c **** 		}
 213:Generated_Source\PSoC5/cyfitter_cfg.c **** 	}
 214:Generated_Source\PSoC5/cyfitter_cfg.c **** }
 105              		.loc 1 214 0 is_stmt 1
 106 0030 F0BC     		pop	{r4, r5, r6, r7}
 107              		.cfi_restore 7
 108              		.cfi_restore 6
 109              		.cfi_restore 5
 110              		.cfi_restore 4
 111              		.cfi_def_cfa_offset 0
 112              	.LVL11:
 113 0032 7047     		bx	lr
 114              		.cfi_endproc
 115              	.LFE4:
 116              		.size	cfg_write_bytes32, .-cfg_write_bytes32
 117              		.section	.text.AnalogSetDefault,"ax",%progbits
 118              		.align	2
 119              		.thumb
 120              		.thumb_func
 121              		.type	AnalogSetDefault, %function
 122              	AnalogSetDefault:
 123              	.LFB6:
 215:Generated_Source\PSoC5/cyfitter_cfg.c **** 
 216:Generated_Source\PSoC5/cyfitter_cfg.c **** /*******************************************************************************
ARM GAS  C:\Users\elias\AppData\Local\Temp\ccHjQlMh.s 			page 7


 217:Generated_Source\PSoC5/cyfitter_cfg.c **** * Function Name: ClockSetup
 218:Generated_Source\PSoC5/cyfitter_cfg.c **** ********************************************************************************
 219:Generated_Source\PSoC5/cyfitter_cfg.c **** *
 220:Generated_Source\PSoC5/cyfitter_cfg.c **** * Summary:
 221:Generated_Source\PSoC5/cyfitter_cfg.c **** *  Performs the initialization of all of the clocks in the device based on the
 222:Generated_Source\PSoC5/cyfitter_cfg.c **** *  settings in the Clock tab of the DWR.  This includes enabling the requested
 223:Generated_Source\PSoC5/cyfitter_cfg.c **** *  clocks and setting the necessary dividers to produce the desired frequency. 
 224:Generated_Source\PSoC5/cyfitter_cfg.c **** *
 225:Generated_Source\PSoC5/cyfitter_cfg.c **** * Parameters:
 226:Generated_Source\PSoC5/cyfitter_cfg.c **** *  void
 227:Generated_Source\PSoC5/cyfitter_cfg.c **** *
 228:Generated_Source\PSoC5/cyfitter_cfg.c **** * Return:
 229:Generated_Source\PSoC5/cyfitter_cfg.c **** *  void
 230:Generated_Source\PSoC5/cyfitter_cfg.c **** *
 231:Generated_Source\PSoC5/cyfitter_cfg.c **** *******************************************************************************/
 232:Generated_Source\PSoC5/cyfitter_cfg.c **** static void ClockSetup(void);
 233:Generated_Source\PSoC5/cyfitter_cfg.c **** static void ClockSetup(void)
 234:Generated_Source\PSoC5/cyfitter_cfg.c **** {
 235:Generated_Source\PSoC5/cyfitter_cfg.c **** 	uint32 timeout;
 236:Generated_Source\PSoC5/cyfitter_cfg.c **** 	uint8 pllLock;
 237:Generated_Source\PSoC5/cyfitter_cfg.c **** 
 238:Generated_Source\PSoC5/cyfitter_cfg.c **** 
 239:Generated_Source\PSoC5/cyfitter_cfg.c **** 	/* Configure Digital Clocks based on settings from Clock DWR */
 240:Generated_Source\PSoC5/cyfitter_cfg.c **** 	CY_SET_XTND_REG16((void CYFAR *)(CYREG_CLKDIST_DCFG0_CFG0), 0x0000u);
 241:Generated_Source\PSoC5/cyfitter_cfg.c **** 	CY_SET_XTND_REG8((void CYFAR *)(CYREG_CLKDIST_DCFG0_CFG0 + 0x2u), 0x50u);
 242:Generated_Source\PSoC5/cyfitter_cfg.c **** 	CY_SET_XTND_REG16((void CYFAR *)(CYREG_CLKDIST_DCFG1_CFG0), 0x0019u);
 243:Generated_Source\PSoC5/cyfitter_cfg.c **** 	CY_SET_XTND_REG8((void CYFAR *)(CYREG_CLKDIST_DCFG1_CFG0 + 0x2u), 0x18u);
 244:Generated_Source\PSoC5/cyfitter_cfg.c **** 
 245:Generated_Source\PSoC5/cyfitter_cfg.c **** 	/* Configure Analog Clocks based on settings from Clock DWR */
 246:Generated_Source\PSoC5/cyfitter_cfg.c **** 	CYCONFIGCPY((void CYFAR *)(CYREG_CLKDIST_ACFG0_CFG0), (const void CYFAR *)(BS_CYDEV_CLKDIST_ACFG0_
 247:Generated_Source\PSoC5/cyfitter_cfg.c **** 
 248:Generated_Source\PSoC5/cyfitter_cfg.c **** 	/* Configure ILO based on settings from Clock DWR */
 249:Generated_Source\PSoC5/cyfitter_cfg.c **** 	CY_SET_XTND_REG8((void CYFAR *)(CYREG_SLOWCLK_ILO_CR0), 0x26u);
 250:Generated_Source\PSoC5/cyfitter_cfg.c **** 
 251:Generated_Source\PSoC5/cyfitter_cfg.c **** 	/* Configure IMO based on settings from Clock DWR */
 252:Generated_Source\PSoC5/cyfitter_cfg.c **** 	CY_SET_XTND_REG8((void CYFAR *)(CYREG_FASTCLK_IMO_CR), 0x03u);
 253:Generated_Source\PSoC5/cyfitter_cfg.c **** 	CY_SET_XTND_REG8((void CYFAR *)(CYREG_IMO_TR1), (CY_GET_XTND_REG8((void CYFAR *)CYREG_FLSHID_CUST_
 254:Generated_Source\PSoC5/cyfitter_cfg.c **** 
 255:Generated_Source\PSoC5/cyfitter_cfg.c **** 	/* Configure PLL based on settings from Clock DWR */
 256:Generated_Source\PSoC5/cyfitter_cfg.c **** 	CY_SET_XTND_REG16((void CYFAR *)(CYREG_FASTCLK_PLL_P), 0x0008u);
 257:Generated_Source\PSoC5/cyfitter_cfg.c **** 	CY_SET_XTND_REG16((void CYFAR *)(CYREG_FASTCLK_PLL_CFG0), 0x1251u);
 258:Generated_Source\PSoC5/cyfitter_cfg.c **** 	/* Wait up to 250us for the PLL to lock */
 259:Generated_Source\PSoC5/cyfitter_cfg.c **** 	pllLock = 0u;
 260:Generated_Source\PSoC5/cyfitter_cfg.c **** 	for (timeout = 250u / 10u; (timeout > 0u) && (pllLock != 0x03u); timeout--)
 261:Generated_Source\PSoC5/cyfitter_cfg.c **** 	{ 
 262:Generated_Source\PSoC5/cyfitter_cfg.c **** 		pllLock = 0x03u & ((uint8)((uint8)pllLock << 1) | ((CY_GET_XTND_REG8((void CYFAR *)CYREG_FASTCLK_
 263:Generated_Source\PSoC5/cyfitter_cfg.c **** 		CyDelayCycles(10u * 48u); /* Delay 10us based on 48MHz clock */
 264:Generated_Source\PSoC5/cyfitter_cfg.c **** 	}
 265:Generated_Source\PSoC5/cyfitter_cfg.c **** 	/* If we ran out of time the PLL didn't lock so go to the error function */
 266:Generated_Source\PSoC5/cyfitter_cfg.c **** 	if (timeout == 0u)
 267:Generated_Source\PSoC5/cyfitter_cfg.c **** 	{
 268:Generated_Source\PSoC5/cyfitter_cfg.c **** 		CyClockStartupError(CYCLOCKSTART_PLL_ERROR);
 269:Generated_Source\PSoC5/cyfitter_cfg.c **** 	}
 270:Generated_Source\PSoC5/cyfitter_cfg.c **** 
 271:Generated_Source\PSoC5/cyfitter_cfg.c **** 	/* Configure Bus/Master Clock based on settings from Clock DWR */
 272:Generated_Source\PSoC5/cyfitter_cfg.c **** 	CY_SET_XTND_REG16((void CYFAR *)(CYREG_CLKDIST_MSTR0), 0x0100u);
 273:Generated_Source\PSoC5/cyfitter_cfg.c **** 	CY_SET_XTND_REG8((void CYFAR *)(CYREG_CLKDIST_MSTR0), 0x07u);
ARM GAS  C:\Users\elias\AppData\Local\Temp\ccHjQlMh.s 			page 8


 274:Generated_Source\PSoC5/cyfitter_cfg.c **** 	CY_SET_XTND_REG8((void CYFAR *)(CYREG_CLKDIST_BCFG0), 0x00u);
 275:Generated_Source\PSoC5/cyfitter_cfg.c **** 	CY_SET_XTND_REG8((void CYFAR *)(CYREG_CLKDIST_BCFG2), 0x48u);
 276:Generated_Source\PSoC5/cyfitter_cfg.c **** 	CY_SET_XTND_REG8((void CYFAR *)(CYREG_CLKDIST_MSTR0), 0x00u);
 277:Generated_Source\PSoC5/cyfitter_cfg.c **** 	CY_SET_XTND_REG8((void CYFAR *)(CYREG_CLKDIST_LD), 0x02u);
 278:Generated_Source\PSoC5/cyfitter_cfg.c **** 	CY_SET_XTND_REG8((void CYFAR *)(CYREG_CLKDIST_DLY1), 0x04u);
 279:Generated_Source\PSoC5/cyfitter_cfg.c **** 
 280:Generated_Source\PSoC5/cyfitter_cfg.c **** 	CY_SET_XTND_REG8((void CYFAR *)(CYREG_PM_ACT_CFG2), ((CY_GET_XTND_REG8((void CYFAR *)CYREG_PM_ACT_
 281:Generated_Source\PSoC5/cyfitter_cfg.c **** 	CY_SET_XTND_REG8((void CYFAR *)(CYREG_PM_ACT_CFG1), ((CY_GET_XTND_REG8((void CYFAR *)CYREG_PM_ACT_
 282:Generated_Source\PSoC5/cyfitter_cfg.c **** 	CY_SET_XTND_REG8((void CYFAR *)(CYREG_PM_ACT_CFG0), ((CY_GET_XTND_REG8((void CYFAR *)CYREG_PM_ACT_
 283:Generated_Source\PSoC5/cyfitter_cfg.c **** }
 284:Generated_Source\PSoC5/cyfitter_cfg.c **** 
 285:Generated_Source\PSoC5/cyfitter_cfg.c **** 
 286:Generated_Source\PSoC5/cyfitter_cfg.c **** /* Analog API Functions */
 287:Generated_Source\PSoC5/cyfitter_cfg.c **** 
 288:Generated_Source\PSoC5/cyfitter_cfg.c **** 
 289:Generated_Source\PSoC5/cyfitter_cfg.c **** /*******************************************************************************
 290:Generated_Source\PSoC5/cyfitter_cfg.c **** * Function Name: AnalogSetDefault
 291:Generated_Source\PSoC5/cyfitter_cfg.c **** ********************************************************************************
 292:Generated_Source\PSoC5/cyfitter_cfg.c **** *
 293:Generated_Source\PSoC5/cyfitter_cfg.c **** * Summary:
 294:Generated_Source\PSoC5/cyfitter_cfg.c **** *  Sets up the analog portions of the chip to default values based on chip
 295:Generated_Source\PSoC5/cyfitter_cfg.c **** *  configuration options from the project.
 296:Generated_Source\PSoC5/cyfitter_cfg.c **** *
 297:Generated_Source\PSoC5/cyfitter_cfg.c **** * Parameters:
 298:Generated_Source\PSoC5/cyfitter_cfg.c **** *  void
 299:Generated_Source\PSoC5/cyfitter_cfg.c **** *
 300:Generated_Source\PSoC5/cyfitter_cfg.c **** * Return:
 301:Generated_Source\PSoC5/cyfitter_cfg.c **** *  void
 302:Generated_Source\PSoC5/cyfitter_cfg.c **** *
 303:Generated_Source\PSoC5/cyfitter_cfg.c **** *******************************************************************************/
 304:Generated_Source\PSoC5/cyfitter_cfg.c **** static void AnalogSetDefault(void);
 305:Generated_Source\PSoC5/cyfitter_cfg.c **** static void AnalogSetDefault(void)
 306:Generated_Source\PSoC5/cyfitter_cfg.c **** {
 124              		.loc 1 306 0
 125              		.cfi_startproc
 126              		@ args = 0, pretend = 0, frame = 0
 127              		@ frame_needed = 0, uses_anonymous_args = 0
 128              		@ link register save eliminated.
 129 0000 10B4     		push	{r4}
 130              		.cfi_def_cfa_offset 4
 131              		.cfi_offset 4, -4
 307:Generated_Source\PSoC5/cyfitter_cfg.c **** 	uint8 bg_xover_inl_trim = CY_GET_XTND_REG8((void CYFAR *)(CYREG_FLSHID_MFG_CFG_BG_XOVER_INL_TRIM +
 132              		.loc 1 307 0
 133 0002 214B     		ldr	r3, .L11
 134 0004 1B78     		ldrb	r3, [r3]	@ zero_extendqisi2
 135 0006 DBB2     		uxtb	r3, r3
 136              	.LVL12:
 308:Generated_Source\PSoC5/cyfitter_cfg.c **** 	CY_SET_XTND_REG8((void CYFAR *)(CYREG_BG_DFT0), (bg_xover_inl_trim & 0x07u));
 137              		.loc 1 308 0
 138 0008 03F00701 		and	r1, r3, #7
 139 000c 1F4A     		ldr	r2, .L11+4
 140 000e 1170     		strb	r1, [r2]
 309:Generated_Source\PSoC5/cyfitter_cfg.c **** 	CY_SET_XTND_REG8((void CYFAR *)(CYREG_BG_DFT1), ((bg_xover_inl_trim >> 4) & 0x0Fu));
 141              		.loc 1 309 0
 142 0010 1B09     		lsrs	r3, r3, #4
 143              	.LVL13:
 144 0012 0132     		adds	r2, r2, #1
ARM GAS  C:\Users\elias\AppData\Local\Temp\ccHjQlMh.s 			page 9


 145 0014 1370     		strb	r3, [r2]
 310:Generated_Source\PSoC5/cyfitter_cfg.c **** 	CY_SET_XTND_REG8((void CYFAR *)CYREG_CMP1_CR, 0x02u);
 146              		.loc 1 310 0
 147 0016 0222     		movs	r2, #2
 148 0018 1D4B     		ldr	r3, .L11+8
 149 001a 1A70     		strb	r2, [r3]
 311:Generated_Source\PSoC5/cyfitter_cfg.c **** 	CY_SET_XTND_REG8((void CYFAR *)CYREG_PM_ACT_CFG7, 0x02u);
 150              		.loc 1 311 0
 151 001c A3F5A453 		sub	r3, r3, #5248
 152 0020 1A3B     		subs	r3, r3, #26
 153 0022 1A70     		strb	r2, [r3]
 312:Generated_Source\PSoC5/cyfitter_cfg.c **** 	CY_SET_XTND_REG8((void CYFAR *)CYREG_PRT3_AG, 0x08u);
 154              		.loc 1 312 0
 155 0024 0823     		movs	r3, #8
 156 0026 1B49     		ldr	r1, .L11+12
 157 0028 0B70     		strb	r3, [r1]
 313:Generated_Source\PSoC5/cyfitter_cfg.c **** 	CY_SET_XTND_REG8((void CYFAR *)CYREG_PRT15_AG, 0x10u);
 158              		.loc 1 313 0
 159 002a 1021     		movs	r1, #16
 160 002c 1A48     		ldr	r0, .L11+16
 161 002e 0170     		strb	r1, [r0]
 314:Generated_Source\PSoC5/cyfitter_cfg.c **** 	CY_SET_XTND_REG8((void CYFAR *)CYREG_LPF0_CR0, 0x05u);
 162              		.loc 1 314 0
 163 0030 0520     		movs	r0, #5
 164 0032 1A4C     		ldr	r4, .L11+20
 165 0034 2070     		strb	r0, [r4]
 315:Generated_Source\PSoC5/cyfitter_cfg.c **** 	CY_SET_XTND_REG8((void CYFAR *)CYREG_LPF1_CR0, 0x05u);
 166              		.loc 1 315 0
 167 0036 0234     		adds	r4, r4, #2
 168 0038 2070     		strb	r0, [r4]
 316:Generated_Source\PSoC5/cyfitter_cfg.c **** 	CY_SET_XTND_REG8((void CYFAR *)CYREG_SC0_SW0, 0x02u);
 169              		.loc 1 316 0
 170 003a 1948     		ldr	r0, .L11+24
 171 003c 0270     		strb	r2, [r0]
 317:Generated_Source\PSoC5/cyfitter_cfg.c **** 	CY_SET_XTND_REG8((void CYFAR *)CYREG_SC0_SW8, 0x08u);
 172              		.loc 1 317 0
 173 003e 0830     		adds	r0, r0, #8
 174 0040 0370     		strb	r3, [r0]
 318:Generated_Source\PSoC5/cyfitter_cfg.c **** 	CY_SET_XTND_REG8((void CYFAR *)CYREG_SC2_SW0, 0x80u);
 175              		.loc 1 318 0
 176 0042 8024     		movs	r4, #128
 177 0044 1830     		adds	r0, r0, #24
 178 0046 0470     		strb	r4, [r0]
 319:Generated_Source\PSoC5/cyfitter_cfg.c **** 	CY_SET_XTND_REG8((void CYFAR *)CYREG_SC2_SW4, 0x08u);
 179              		.loc 1 319 0
 180 0048 0430     		adds	r0, r0, #4
 181 004a 0370     		strb	r3, [r0]
 320:Generated_Source\PSoC5/cyfitter_cfg.c **** 	CY_SET_XTND_REG8((void CYFAR *)CYREG_SC2_SW8, 0x01u);
 182              		.loc 1 320 0
 183 004c 0123     		movs	r3, #1
 184 004e 0430     		adds	r0, r0, #4
 185 0050 0370     		strb	r3, [r0]
 321:Generated_Source\PSoC5/cyfitter_cfg.c **** 	CY_SET_XTND_REG8((void CYFAR *)CYREG_DAC0_SW0, 0x02u);
 186              		.loc 1 321 0
 187 0052 5830     		adds	r0, r0, #88
 188 0054 0270     		strb	r2, [r0]
 322:Generated_Source\PSoC5/cyfitter_cfg.c **** 	CY_SET_XTND_REG8((void CYFAR *)CYREG_DAC3_SW0, 0x10u);
ARM GAS  C:\Users\elias\AppData\Local\Temp\ccHjQlMh.s 			page 10


 189              		.loc 1 322 0
 190 0056 134A     		ldr	r2, .L11+28
 191 0058 1170     		strb	r1, [r2]
 323:Generated_Source\PSoC5/cyfitter_cfg.c **** 	CY_SET_XTND_REG8((void CYFAR *)CYREG_DAC3_SW2, 0x01u);
 192              		.loc 1 323 0
 193 005a 0232     		adds	r2, r2, #2
 194 005c 1370     		strb	r3, [r2]
 324:Generated_Source\PSoC5/cyfitter_cfg.c **** 	CY_SET_XTND_REG8((void CYFAR *)CYREG_CMP1_SW3, 0x20u);
 195              		.loc 1 324 0
 196 005e 2021     		movs	r1, #32
 197 0060 3132     		adds	r2, r2, #49
 198 0062 1170     		strb	r1, [r2]
 325:Generated_Source\PSoC5/cyfitter_cfg.c **** 	CY_SET_XTND_REG8((void CYFAR *)CYREG_CMP1_SW4, 0x01u);
 199              		.loc 1 325 0
 200 0064 0132     		adds	r2, r2, #1
 201 0066 1370     		strb	r3, [r2]
 326:Generated_Source\PSoC5/cyfitter_cfg.c **** 	CY_SET_XTND_REG8((void CYFAR *)CYREG_DSM0_SW2, 0x01u);
 202              		.loc 1 326 0
 203 0068 3632     		adds	r2, r2, #54
 204 006a 1370     		strb	r3, [r2]
 327:Generated_Source\PSoC5/cyfitter_cfg.c **** 	CY_SET_XTND_REG16((void CYFAR *)CYREG_OPAMP2_MX, 0x0101u);
 205              		.loc 1 327 0
 206 006c 40F20112 		movw	r2, #257
 207 0070 0D4B     		ldr	r3, .L11+32
 208 0072 1A80     		strh	r2, [r3]	@ movhi
 328:Generated_Source\PSoC5/cyfitter_cfg.c **** 	CY_SET_XTND_REG8((void CYFAR *)CYREG_BUS_SW0, 0x90u);
 209              		.loc 1 328 0
 210 0074 9022     		movs	r2, #144
 211 0076 1433     		adds	r3, r3, #20
 212 0078 1A70     		strb	r2, [r3]
 329:Generated_Source\PSoC5/cyfitter_cfg.c **** 	CY_SET_XTND_REG8((void CYFAR *)CYREG_PUMP_CR0, 0x44u);
 213              		.loc 1 329 0
 214 007a 4422     		movs	r2, #68
 215 007c A3F2E223 		subw	r3, r3, #738
 216 0080 1A70     		strb	r2, [r3]
 330:Generated_Source\PSoC5/cyfitter_cfg.c **** }
 217              		.loc 1 330 0
 218 0082 10BC     		pop	{r4}
 219              		.cfi_restore 4
 220              		.cfi_def_cfa_offset 0
 221 0084 7047     		bx	lr
 222              	.L12:
 223 0086 00BF     		.align	2
 224              	.L11:
 225 0088 CF010049 		.word	1224737231
 226 008c 6E580040 		.word	1073764462
 227 0090 41580040 		.word	1073764417
 228 0094 3D510040 		.word	1073762621
 229 0098 FD510040 		.word	1073762813
 230 009c 78580040 		.word	1073764472
 231 00a0 005A0040 		.word	1073764864
 232 00a4 985A0040 		.word	1073765016
 233 00a8 445B0040 		.word	1073765188
 234              		.cfi_endproc
 235              	.LFE6:
 236              		.size	AnalogSetDefault, .-AnalogSetDefault
 237              		.section	.text.CYMEMZERO,"ax",%progbits
ARM GAS  C:\Users\elias\AppData\Local\Temp\ccHjQlMh.s 			page 11


 238              		.align	2
 239              		.thumb
 240              		.thumb_func
 241              		.type	CYMEMZERO, %function
 242              	CYMEMZERO:
 243              	.LFB0:
  78:Generated_Source\PSoC5/cyfitter_cfg.c **** 	(void)memset(s, 0, n);
 244              		.loc 1 78 0
 245              		.cfi_startproc
 246              		@ args = 0, pretend = 0, frame = 0
 247              		@ frame_needed = 0, uses_anonymous_args = 0
 248              	.LVL14:
 249 0000 08B5     		push	{r3, lr}
 250              		.cfi_def_cfa_offset 8
 251              		.cfi_offset 3, -8
 252              		.cfi_offset 14, -4
  79:Generated_Source\PSoC5/cyfitter_cfg.c **** }
 253              		.loc 1 79 0
 254 0002 0A46     		mov	r2, r1
 255 0004 0021     		movs	r1, #0
 256              	.LVL15:
 257 0006 FFF7FEFF 		bl	memset
 258              	.LVL16:
 259 000a 08BD     		pop	{r3, pc}
 260              		.cfi_endproc
 261              	.LFE0:
 262              		.size	CYMEMZERO, .-CYMEMZERO
 263              		.section	.text.CYCONFIGCPY,"ax",%progbits
 264              		.align	2
 265              		.thumb
 266              		.thumb_func
 267              		.type	CYCONFIGCPY, %function
 268              	CYCONFIGCPY:
 269              	.LFB1:
  85:Generated_Source\PSoC5/cyfitter_cfg.c **** 	(void)memcpy(dest, src, n);
 270              		.loc 1 85 0
 271              		.cfi_startproc
 272              		@ args = 0, pretend = 0, frame = 0
 273              		@ frame_needed = 0, uses_anonymous_args = 0
 274              	.LVL17:
 275 0000 08B5     		push	{r3, lr}
 276              		.cfi_def_cfa_offset 8
 277              		.cfi_offset 3, -8
 278              		.cfi_offset 14, -4
  86:Generated_Source\PSoC5/cyfitter_cfg.c **** }
 279              		.loc 1 86 0
 280 0002 FFF7FEFF 		bl	memcpy
 281              	.LVL18:
 282 0006 08BD     		pop	{r3, pc}
 283              		.cfi_endproc
 284              	.LFE1:
 285              		.size	CYCONFIGCPY, .-CYCONFIGCPY
 286              		.section	.text.ClockSetup,"ax",%progbits
 287              		.align	2
 288              		.thumb
 289              		.thumb_func
 290              		.type	ClockSetup, %function
ARM GAS  C:\Users\elias\AppData\Local\Temp\ccHjQlMh.s 			page 12


 291              	ClockSetup:
 292              	.LFB5:
 234:Generated_Source\PSoC5/cyfitter_cfg.c **** 	uint32 timeout;
 293              		.loc 1 234 0
 294              		.cfi_startproc
 295              		@ args = 0, pretend = 0, frame = 0
 296              		@ frame_needed = 0, uses_anonymous_args = 0
 297 0000 38B5     		push	{r3, r4, r5, lr}
 298              		.cfi_def_cfa_offset 16
 299              		.cfi_offset 3, -16
 300              		.cfi_offset 4, -12
 301              		.cfi_offset 5, -8
 302              		.cfi_offset 14, -4
 240:Generated_Source\PSoC5/cyfitter_cfg.c **** 	CY_SET_XTND_REG8((void CYFAR *)(CYREG_CLKDIST_DCFG0_CFG0 + 0x2u), 0x50u);
 303              		.loc 1 240 0
 304 0002 0024     		movs	r4, #0
 305 0004 2D4B     		ldr	r3, .L23
 306 0006 1C80     		strh	r4, [r3]	@ movhi
 241:Generated_Source\PSoC5/cyfitter_cfg.c **** 	CY_SET_XTND_REG16((void CYFAR *)(CYREG_CLKDIST_DCFG1_CFG0), 0x0019u);
 307              		.loc 1 241 0
 308 0008 5022     		movs	r2, #80
 309 000a 0233     		adds	r3, r3, #2
 310 000c 1A70     		strb	r2, [r3]
 242:Generated_Source\PSoC5/cyfitter_cfg.c **** 	CY_SET_XTND_REG8((void CYFAR *)(CYREG_CLKDIST_DCFG1_CFG0 + 0x2u), 0x18u);
 311              		.loc 1 242 0
 312 000e 1925     		movs	r5, #25
 313 0010 0233     		adds	r3, r3, #2
 314 0012 1D80     		strh	r5, [r3]	@ movhi
 243:Generated_Source\PSoC5/cyfitter_cfg.c **** 
 315              		.loc 1 243 0
 316 0014 1822     		movs	r2, #24
 317 0016 0233     		adds	r3, r3, #2
 318 0018 1A70     		strb	r2, [r3]
 246:Generated_Source\PSoC5/cyfitter_cfg.c **** 
 319              		.loc 1 246 0
 320 001a 0422     		movs	r2, #4
 321 001c 2849     		ldr	r1, .L23+4
 322 001e 2948     		ldr	r0, .L23+8
 323 0020 FFF7FEFF 		bl	CYCONFIGCPY
 324              	.LVL19:
 249:Generated_Source\PSoC5/cyfitter_cfg.c **** 
 325              		.loc 1 249 0
 326 0024 2622     		movs	r2, #38
 327 0026 284B     		ldr	r3, .L23+12
 328 0028 1A70     		strb	r2, [r3]
 252:Generated_Source\PSoC5/cyfitter_cfg.c **** 	CY_SET_XTND_REG8((void CYFAR *)(CYREG_IMO_TR1), (CY_GET_XTND_REG8((void CYFAR *)CYREG_FLSHID_CUST_
 329              		.loc 1 252 0
 330 002a 0322     		movs	r2, #3
 331 002c A3F58073 		sub	r3, r3, #256
 332 0030 1A70     		strb	r2, [r3]
 253:Generated_Source\PSoC5/cyfitter_cfg.c **** 
 333              		.loc 1 253 0
 334 0032 264B     		ldr	r3, .L23+16
 335 0034 1B78     		ldrb	r3, [r3]	@ zero_extendqisi2
 336 0036 DBB2     		uxtb	r3, r3
 337 0038 254A     		ldr	r2, .L23+20
 338 003a 1370     		strb	r3, [r2]
ARM GAS  C:\Users\elias\AppData\Local\Temp\ccHjQlMh.s 			page 13


 256:Generated_Source\PSoC5/cyfitter_cfg.c **** 	CY_SET_XTND_REG16((void CYFAR *)(CYREG_FASTCLK_PLL_CFG0), 0x1251u);
 339              		.loc 1 256 0
 340 003c 0822     		movs	r2, #8
 341 003e 254B     		ldr	r3, .L23+24
 342 0040 1A80     		strh	r2, [r3]	@ movhi
 257:Generated_Source\PSoC5/cyfitter_cfg.c **** 	/* Wait up to 250us for the PLL to lock */
 343              		.loc 1 257 0
 344 0042 41F25122 		movw	r2, #4689
 345 0046 023B     		subs	r3, r3, #2
 346 0048 1A80     		strh	r2, [r3]	@ movhi
 347              	.LVL20:
 260:Generated_Source\PSoC5/cyfitter_cfg.c **** 	{ 
 348              		.loc 1 260 0
 349 004a 0CE0     		b	.L18
 350              	.LVL21:
 351              	.L20:
 262:Generated_Source\PSoC5/cyfitter_cfg.c **** 		CyDelayCycles(10u * 48u); /* Delay 10us based on 48MHz clock */
 352              		.loc 1 262 0 discriminator 4
 353 004c 224B     		ldr	r3, .L23+28
 354 004e 1B78     		ldrb	r3, [r3]	@ zero_extendqisi2
 355 0050 03F00103 		and	r3, r3, #1
 356 0054 43EA4404 		orr	r4, r3, r4, lsl #1
 357              	.LVL22:
 358 0058 04F00304 		and	r4, r4, #3
 359              	.LVL23:
 263:Generated_Source\PSoC5/cyfitter_cfg.c **** 	}
 360              		.loc 1 263 0 discriminator 4
 361 005c 4FF4F070 		mov	r0, #480
 362 0060 FFF7FEFF 		bl	CyDelayCycles
 363              	.LVL24:
 260:Generated_Source\PSoC5/cyfitter_cfg.c **** 	{ 
 364              		.loc 1 260 0 discriminator 4
 365 0064 013D     		subs	r5, r5, #1
 366              	.LVL25:
 367              	.L18:
 260:Generated_Source\PSoC5/cyfitter_cfg.c **** 	{ 
 368              		.loc 1 260 0 is_stmt 0 discriminator 1
 369 0066 0DB1     		cbz	r5, .L19
 260:Generated_Source\PSoC5/cyfitter_cfg.c **** 	{ 
 370              		.loc 1 260 0 discriminator 3
 371 0068 032C     		cmp	r4, #3
 372 006a EFD1     		bne	.L20
 373              	.L19:
 266:Generated_Source\PSoC5/cyfitter_cfg.c **** 	{
 374              		.loc 1 266 0 is_stmt 1
 375 006c 15B9     		cbnz	r5, .L21
 268:Generated_Source\PSoC5/cyfitter_cfg.c **** 	}
 376              		.loc 1 268 0
 377 006e 0320     		movs	r0, #3
 378 0070 FFF7FEFF 		bl	CyClockStartupError
 379              	.LVL26:
 380              	.L21:
 272:Generated_Source\PSoC5/cyfitter_cfg.c **** 	CY_SET_XTND_REG8((void CYFAR *)(CYREG_CLKDIST_MSTR0), 0x07u);
 381              		.loc 1 272 0
 382 0074 194B     		ldr	r3, .L23+32
 383 0076 4FF48072 		mov	r2, #256
 384 007a 1A80     		strh	r2, [r3]	@ movhi
ARM GAS  C:\Users\elias\AppData\Local\Temp\ccHjQlMh.s 			page 14


 273:Generated_Source\PSoC5/cyfitter_cfg.c **** 	CY_SET_XTND_REG8((void CYFAR *)(CYREG_CLKDIST_BCFG0), 0x00u);
 385              		.loc 1 273 0
 386 007c 0722     		movs	r2, #7
 387 007e 1A70     		strb	r2, [r3]
 274:Generated_Source\PSoC5/cyfitter_cfg.c **** 	CY_SET_XTND_REG8((void CYFAR *)(CYREG_CLKDIST_BCFG2), 0x48u);
 388              		.loc 1 274 0
 389 0080 0022     		movs	r2, #0
 390 0082 1749     		ldr	r1, .L23+36
 391 0084 0A70     		strb	r2, [r1]
 275:Generated_Source\PSoC5/cyfitter_cfg.c **** 	CY_SET_XTND_REG8((void CYFAR *)(CYREG_CLKDIST_MSTR0), 0x00u);
 392              		.loc 1 275 0
 393 0086 4820     		movs	r0, #72
 394 0088 0231     		adds	r1, r1, #2
 395 008a 0870     		strb	r0, [r1]
 276:Generated_Source\PSoC5/cyfitter_cfg.c **** 	CY_SET_XTND_REG8((void CYFAR *)(CYREG_CLKDIST_LD), 0x02u);
 396              		.loc 1 276 0
 397 008c 1A70     		strb	r2, [r3]
 277:Generated_Source\PSoC5/cyfitter_cfg.c **** 	CY_SET_XTND_REG8((void CYFAR *)(CYREG_CLKDIST_DLY1), 0x04u);
 398              		.loc 1 277 0
 399 008e 0222     		movs	r2, #2
 400 0090 033B     		subs	r3, r3, #3
 401 0092 1A70     		strb	r2, [r3]
 278:Generated_Source\PSoC5/cyfitter_cfg.c **** 
 402              		.loc 1 278 0
 403 0094 0422     		movs	r2, #4
 404 0096 0A33     		adds	r3, r3, #10
 405 0098 1A70     		strb	r2, [r3]
 280:Generated_Source\PSoC5/cyfitter_cfg.c **** 	CY_SET_XTND_REG8((void CYFAR *)(CYREG_PM_ACT_CFG1), ((CY_GET_XTND_REG8((void CYFAR *)CYREG_PM_ACT_
 406              		.loc 1 280 0
 407 009a 124A     		ldr	r2, .L23+40
 408 009c 1378     		ldrb	r3, [r2]	@ zero_extendqisi2
 409 009e 43F00303 		orr	r3, r3, #3
 410 00a2 1370     		strb	r3, [r2]
 281:Generated_Source\PSoC5/cyfitter_cfg.c **** 	CY_SET_XTND_REG8((void CYFAR *)(CYREG_PM_ACT_CFG0), ((CY_GET_XTND_REG8((void CYFAR *)CYREG_PM_ACT_
 411              		.loc 1 281 0
 412 00a4 013A     		subs	r2, r2, #1
 413 00a6 1378     		ldrb	r3, [r2]	@ zero_extendqisi2
 414 00a8 43F00103 		orr	r3, r3, #1
 415 00ac 1370     		strb	r3, [r2]
 282:Generated_Source\PSoC5/cyfitter_cfg.c **** }
 416              		.loc 1 282 0
 417 00ae 013A     		subs	r2, r2, #1
 418 00b0 1378     		ldrb	r3, [r2]	@ zero_extendqisi2
 419 00b2 43F08003 		orr	r3, r3, #128
 420 00b6 1370     		strb	r3, [r2]
 421 00b8 38BD     		pop	{r3, r4, r5, pc}
 422              	.LVL27:
 423              	.L24:
 424 00ba 00BF     		.align	2
 425              	.L23:
 426 00bc 80400040 		.word	1073758336
 427 00c0 20060048 		.word	1207961120
 428 00c4 00410040 		.word	1073758464
 429 00c8 00430040 		.word	1073758976
 430 00cc 08010049 		.word	1224737032
 431 00d0 A1460040 		.word	1073759905
 432 00d4 22420040 		.word	1073758754
ARM GAS  C:\Users\elias\AppData\Local\Temp\ccHjQlMh.s 			page 15


 433 00d8 25420040 		.word	1073758757
 434 00dc 04400040 		.word	1073758212
 435 00e0 06400040 		.word	1073758214
 436 00e4 A2430040 		.word	1073759138
 437              		.cfi_endproc
 438              	.LFE5:
 439              		.size	ClockSetup, .-ClockSetup
 440              		.section	.text.SetAnalogRoutingPumps,"ax",%progbits
 441              		.align	2
 442              		.global	SetAnalogRoutingPumps
 443              		.thumb
 444              		.thumb_func
 445              		.type	SetAnalogRoutingPumps, %function
 446              	SetAnalogRoutingPumps:
 447              	.LFB7:
 331:Generated_Source\PSoC5/cyfitter_cfg.c **** 
 332:Generated_Source\PSoC5/cyfitter_cfg.c **** 
 333:Generated_Source\PSoC5/cyfitter_cfg.c **** /*******************************************************************************
 334:Generated_Source\PSoC5/cyfitter_cfg.c **** * Function Name: SetAnalogRoutingPumps
 335:Generated_Source\PSoC5/cyfitter_cfg.c **** ********************************************************************************
 336:Generated_Source\PSoC5/cyfitter_cfg.c **** *
 337:Generated_Source\PSoC5/cyfitter_cfg.c **** * Summary:
 338:Generated_Source\PSoC5/cyfitter_cfg.c **** * Enables or disables the analog pumps feeding analog routing switches.
 339:Generated_Source\PSoC5/cyfitter_cfg.c **** * Intended to be called at startup, based on the Vdda system configuration;
 340:Generated_Source\PSoC5/cyfitter_cfg.c **** * may be called during operation when the user informs us that the Vdda voltage
 341:Generated_Source\PSoC5/cyfitter_cfg.c **** * crossed the pump threshold.
 342:Generated_Source\PSoC5/cyfitter_cfg.c **** *
 343:Generated_Source\PSoC5/cyfitter_cfg.c **** * Parameters:
 344:Generated_Source\PSoC5/cyfitter_cfg.c **** *  enabled - 1 to enable the pumps, 0 to disable the pumps
 345:Generated_Source\PSoC5/cyfitter_cfg.c **** *
 346:Generated_Source\PSoC5/cyfitter_cfg.c **** * Return:
 347:Generated_Source\PSoC5/cyfitter_cfg.c **** *  void
 348:Generated_Source\PSoC5/cyfitter_cfg.c **** *
 349:Generated_Source\PSoC5/cyfitter_cfg.c **** *******************************************************************************/
 350:Generated_Source\PSoC5/cyfitter_cfg.c **** void SetAnalogRoutingPumps(uint8 enabled)
 351:Generated_Source\PSoC5/cyfitter_cfg.c **** {
 448              		.loc 1 351 0
 449              		.cfi_startproc
 450              		@ args = 0, pretend = 0, frame = 0
 451              		@ frame_needed = 0, uses_anonymous_args = 0
 452              		@ link register save eliminated.
 453              	.LVL28:
 352:Generated_Source\PSoC5/cyfitter_cfg.c **** 	uint8 regValue = CY_GET_XTND_REG8((void CYFAR *)CYREG_PUMP_CR0);
 454              		.loc 1 352 0
 455 0000 054B     		ldr	r3, .L28
 456 0002 1B78     		ldrb	r3, [r3]	@ zero_extendqisi2
 457 0004 DBB2     		uxtb	r3, r3
 458              	.LVL29:
 353:Generated_Source\PSoC5/cyfitter_cfg.c **** 	if (enabled != 0u)
 459              		.loc 1 353 0
 460 0006 10B1     		cbz	r0, .L26
 354:Generated_Source\PSoC5/cyfitter_cfg.c **** 	{
 355:Generated_Source\PSoC5/cyfitter_cfg.c **** 		regValue |= 0x22u;
 461              		.loc 1 355 0
 462 0008 43F02203 		orr	r3, r3, #34
 463              	.LVL30:
 464 000c 01E0     		b	.L27
ARM GAS  C:\Users\elias\AppData\Local\Temp\ccHjQlMh.s 			page 16


 465              	.L26:
 356:Generated_Source\PSoC5/cyfitter_cfg.c **** 	}
 357:Generated_Source\PSoC5/cyfitter_cfg.c **** 	else
 358:Generated_Source\PSoC5/cyfitter_cfg.c **** 	{
 359:Generated_Source\PSoC5/cyfitter_cfg.c **** 		regValue &= (uint8)~0x22u;
 466              		.loc 1 359 0
 467 000e 03F0DD03 		and	r3, r3, #221
 468              	.LVL31:
 469              	.L27:
 360:Generated_Source\PSoC5/cyfitter_cfg.c **** 	}
 361:Generated_Source\PSoC5/cyfitter_cfg.c **** 	CY_SET_XTND_REG8((void CYFAR *)CYREG_PUMP_CR0, regValue);
 470              		.loc 1 361 0
 471 0012 014A     		ldr	r2, .L28
 472 0014 1370     		strb	r3, [r2]
 473 0016 7047     		bx	lr
 474              	.L29:
 475              		.align	2
 476              	.L28:
 477 0018 76580040 		.word	1073764470
 478              		.cfi_endproc
 479              	.LFE7:
 480              		.size	SetAnalogRoutingPumps, .-SetAnalogRoutingPumps
 481              		.section	.text.ADC_AMux_Set,"ax",%progbits
 482              		.align	2
 483              		.global	ADC_AMux_Set
 484              		.thumb
 485              		.thumb_func
 486              		.type	ADC_AMux_Set, %function
 487              	ADC_AMux_Set:
 488              	.LFB8:
 362:Generated_Source\PSoC5/cyfitter_cfg.c **** }
 363:Generated_Source\PSoC5/cyfitter_cfg.c **** 
 364:Generated_Source\PSoC5/cyfitter_cfg.c **** 
 365:Generated_Source\PSoC5/cyfitter_cfg.c **** #define CY_AMUX_UNUSED CYREG_BOOST_SR
 366:Generated_Source\PSoC5/cyfitter_cfg.c **** /* This is an implementation detail of the AMux. Code that depends on it may be
 367:Generated_Source\PSoC5/cyfitter_cfg.c ****    incompatible with other versions of PSoC Creator. */
 368:Generated_Source\PSoC5/cyfitter_cfg.c **** uint8 CYXDATA * const CYCODE ADC_AMux__addrTable[2] = {
 369:Generated_Source\PSoC5/cyfitter_cfg.c **** 	(uint8 CYXDATA *)CYREG_DSM0_SW3, 
 370:Generated_Source\PSoC5/cyfitter_cfg.c **** 	(uint8 CYXDATA *)CY_AMUX_UNUSED, 
 371:Generated_Source\PSoC5/cyfitter_cfg.c **** };
 372:Generated_Source\PSoC5/cyfitter_cfg.c **** 
 373:Generated_Source\PSoC5/cyfitter_cfg.c **** /* This is an implementation detail of the AMux. Code that depends on it may be
 374:Generated_Source\PSoC5/cyfitter_cfg.c ****    incompatible with other versions of PSoC Creator. */
 375:Generated_Source\PSoC5/cyfitter_cfg.c **** const uint8 CYCODE ADC_AMux__maskTable[2] = {
 376:Generated_Source\PSoC5/cyfitter_cfg.c **** 	0x40u, 
 377:Generated_Source\PSoC5/cyfitter_cfg.c **** 	0x00u, 
 378:Generated_Source\PSoC5/cyfitter_cfg.c **** };
 379:Generated_Source\PSoC5/cyfitter_cfg.c **** 
 380:Generated_Source\PSoC5/cyfitter_cfg.c **** /*******************************************************************************
 381:Generated_Source\PSoC5/cyfitter_cfg.c **** * Function Name: ADC_AMux_Set
 382:Generated_Source\PSoC5/cyfitter_cfg.c **** ********************************************************************************
 383:Generated_Source\PSoC5/cyfitter_cfg.c **** * Summary:
 384:Generated_Source\PSoC5/cyfitter_cfg.c **** *  This function is used to set a particular channel as active on the AMux.
 385:Generated_Source\PSoC5/cyfitter_cfg.c **** *
 386:Generated_Source\PSoC5/cyfitter_cfg.c **** * Parameters:  
 387:Generated_Source\PSoC5/cyfitter_cfg.c **** *   channel - The mux channel input to set as active
 388:Generated_Source\PSoC5/cyfitter_cfg.c **** *
ARM GAS  C:\Users\elias\AppData\Local\Temp\ccHjQlMh.s 			page 17


 389:Generated_Source\PSoC5/cyfitter_cfg.c **** * Return:
 390:Generated_Source\PSoC5/cyfitter_cfg.c **** *   void
 391:Generated_Source\PSoC5/cyfitter_cfg.c **** *
 392:Generated_Source\PSoC5/cyfitter_cfg.c **** *******************************************************************************/
 393:Generated_Source\PSoC5/cyfitter_cfg.c **** void ADC_AMux_Set(uint8 channel)
 394:Generated_Source\PSoC5/cyfitter_cfg.c **** {
 489              		.loc 1 394 0
 490              		.cfi_startproc
 491              		@ args = 0, pretend = 0, frame = 0
 492              		@ frame_needed = 0, uses_anonymous_args = 0
 493              		@ link register save eliminated.
 494              	.LVL32:
 395:Generated_Source\PSoC5/cyfitter_cfg.c **** 	if (channel < 2)
 495              		.loc 1 395 0
 496 0000 0128     		cmp	r0, #1
 497 0002 07D8     		bhi	.L30
 396:Generated_Source\PSoC5/cyfitter_cfg.c **** 	{
 397:Generated_Source\PSoC5/cyfitter_cfg.c **** 		*ADC_AMux__addrTable[channel] |= ADC_AMux__maskTable[channel];
 498              		.loc 1 397 0
 499 0004 044B     		ldr	r3, .L32
 500 0006 53F82020 		ldr	r2, [r3, r0, lsl #2]
 501 000a 1844     		add	r0, r0, r3
 502              	.LVL33:
 503 000c 017A     		ldrb	r1, [r0, #8]	@ zero_extendqisi2
 504 000e 1378     		ldrb	r3, [r2]	@ zero_extendqisi2
 505 0010 0B43     		orrs	r3, r3, r1
 506 0012 1370     		strb	r3, [r2]
 507              	.L30:
 508 0014 7047     		bx	lr
 509              	.L33:
 510 0016 00BF     		.align	2
 511              	.L32:
 512 0018 00000000 		.word	.LANCHOR0
 513              		.cfi_endproc
 514              	.LFE8:
 515              		.size	ADC_AMux_Set, .-ADC_AMux_Set
 516              		.section	.text.ADC_AMux_Unset,"ax",%progbits
 517              		.align	2
 518              		.global	ADC_AMux_Unset
 519              		.thumb
 520              		.thumb_func
 521              		.type	ADC_AMux_Unset, %function
 522              	ADC_AMux_Unset:
 523              	.LFB9:
 398:Generated_Source\PSoC5/cyfitter_cfg.c **** 	}
 399:Generated_Source\PSoC5/cyfitter_cfg.c **** }
 400:Generated_Source\PSoC5/cyfitter_cfg.c **** 
 401:Generated_Source\PSoC5/cyfitter_cfg.c **** /*******************************************************************************
 402:Generated_Source\PSoC5/cyfitter_cfg.c **** * Function Name: ADC_AMux_Unset
 403:Generated_Source\PSoC5/cyfitter_cfg.c **** ********************************************************************************
 404:Generated_Source\PSoC5/cyfitter_cfg.c **** * Summary:
 405:Generated_Source\PSoC5/cyfitter_cfg.c **** *  This function is used to clear a particular channel from being active on the
 406:Generated_Source\PSoC5/cyfitter_cfg.c **** *  AMux.
 407:Generated_Source\PSoC5/cyfitter_cfg.c **** *
 408:Generated_Source\PSoC5/cyfitter_cfg.c **** * Parameters:  
 409:Generated_Source\PSoC5/cyfitter_cfg.c **** *   channel - The mux channel input to mark inactive
 410:Generated_Source\PSoC5/cyfitter_cfg.c **** *
ARM GAS  C:\Users\elias\AppData\Local\Temp\ccHjQlMh.s 			page 18


 411:Generated_Source\PSoC5/cyfitter_cfg.c **** * Return:
 412:Generated_Source\PSoC5/cyfitter_cfg.c **** *   void
 413:Generated_Source\PSoC5/cyfitter_cfg.c **** *
 414:Generated_Source\PSoC5/cyfitter_cfg.c **** *******************************************************************************/
 415:Generated_Source\PSoC5/cyfitter_cfg.c **** void ADC_AMux_Unset(uint8 channel)
 416:Generated_Source\PSoC5/cyfitter_cfg.c **** {
 524              		.loc 1 416 0
 525              		.cfi_startproc
 526              		@ args = 0, pretend = 0, frame = 0
 527              		@ frame_needed = 0, uses_anonymous_args = 0
 528              		@ link register save eliminated.
 529              	.LVL34:
 417:Generated_Source\PSoC5/cyfitter_cfg.c **** 	if (channel < 2)
 530              		.loc 1 417 0
 531 0000 0128     		cmp	r0, #1
 532 0002 08D8     		bhi	.L34
 418:Generated_Source\PSoC5/cyfitter_cfg.c **** 	{
 419:Generated_Source\PSoC5/cyfitter_cfg.c **** 		*ADC_AMux__addrTable[channel] &= (uint8)~ADC_AMux__maskTable[channel];
 533              		.loc 1 419 0
 534 0004 044B     		ldr	r3, .L36
 535 0006 53F82020 		ldr	r2, [r3, r0, lsl #2]
 536 000a 1844     		add	r0, r0, r3
 537              	.LVL35:
 538 000c 017A     		ldrb	r1, [r0, #8]	@ zero_extendqisi2
 539 000e 1378     		ldrb	r3, [r2]	@ zero_extendqisi2
 540 0010 23EA0103 		bic	r3, r3, r1
 541 0014 1370     		strb	r3, [r2]
 542              	.L34:
 543 0016 7047     		bx	lr
 544              	.L37:
 545              		.align	2
 546              	.L36:
 547 0018 00000000 		.word	.LANCHOR0
 548              		.cfi_endproc
 549              	.LFE9:
 550              		.size	ADC_AMux_Unset, .-ADC_AMux_Unset
 551              		.section	.text.cyfitter_cfg,"ax",%progbits
 552              		.align	2
 553              		.global	cyfitter_cfg
 554              		.thumb
 555              		.thumb_func
 556              		.type	cyfitter_cfg, %function
 557              	cyfitter_cfg:
 558              	.LFB10:
 420:Generated_Source\PSoC5/cyfitter_cfg.c **** 	}
 421:Generated_Source\PSoC5/cyfitter_cfg.c **** }
 422:Generated_Source\PSoC5/cyfitter_cfg.c **** 
 423:Generated_Source\PSoC5/cyfitter_cfg.c **** 
 424:Generated_Source\PSoC5/cyfitter_cfg.c **** 
 425:Generated_Source\PSoC5/cyfitter_cfg.c **** /*******************************************************************************
 426:Generated_Source\PSoC5/cyfitter_cfg.c **** * Function Name: cyfitter_cfg
 427:Generated_Source\PSoC5/cyfitter_cfg.c **** ********************************************************************************
 428:Generated_Source\PSoC5/cyfitter_cfg.c **** * Summary:
 429:Generated_Source\PSoC5/cyfitter_cfg.c **** *  This function is called by the start-up code for the selected device. It
 430:Generated_Source\PSoC5/cyfitter_cfg.c **** *  performs all of the necessary device configuration based on the design
 431:Generated_Source\PSoC5/cyfitter_cfg.c **** *  settings.  This includes settings from the Design Wide Resources (DWR) such
 432:Generated_Source\PSoC5/cyfitter_cfg.c **** *  as Clocks and Pins as well as any component configuration that is necessary.
ARM GAS  C:\Users\elias\AppData\Local\Temp\ccHjQlMh.s 			page 19


 433:Generated_Source\PSoC5/cyfitter_cfg.c **** *
 434:Generated_Source\PSoC5/cyfitter_cfg.c **** * Parameters:
 435:Generated_Source\PSoC5/cyfitter_cfg.c **** *   void
 436:Generated_Source\PSoC5/cyfitter_cfg.c **** *
 437:Generated_Source\PSoC5/cyfitter_cfg.c **** * Return:
 438:Generated_Source\PSoC5/cyfitter_cfg.c **** *   void
 439:Generated_Source\PSoC5/cyfitter_cfg.c **** *
 440:Generated_Source\PSoC5/cyfitter_cfg.c **** *******************************************************************************/
 441:Generated_Source\PSoC5/cyfitter_cfg.c **** 
 442:Generated_Source\PSoC5/cyfitter_cfg.c **** void cyfitter_cfg(void)
 443:Generated_Source\PSoC5/cyfitter_cfg.c **** {
 559              		.loc 1 443 0
 560              		.cfi_startproc
 561              		@ args = 0, pretend = 0, frame = 0
 562              		@ frame_needed = 0, uses_anonymous_args = 0
 563 0000 38B5     		push	{r3, r4, r5, lr}
 564              		.cfi_def_cfa_offset 16
 565              		.cfi_offset 3, -16
 566              		.cfi_offset 4, -12
 567              		.cfi_offset 5, -8
 568              		.cfi_offset 14, -4
 444:Generated_Source\PSoC5/cyfitter_cfg.c **** #ifdef CYGlobalIntDisable
 445:Generated_Source\PSoC5/cyfitter_cfg.c **** 	/* Disable interrupts by default. Let user enable if/when they want. */
 446:Generated_Source\PSoC5/cyfitter_cfg.c **** 	CYGlobalIntDisable
 569              		.loc 1 446 0
 570              		.syntax unified
 571              	@ 446 "Generated_Source\PSoC5\cyfitter_cfg.c" 1
 572 0002 72B6     		CPSID   i
 573              	@ 0 "" 2
 447:Generated_Source\PSoC5/cyfitter_cfg.c **** #endif
 448:Generated_Source\PSoC5/cyfitter_cfg.c **** 
 449:Generated_Source\PSoC5/cyfitter_cfg.c **** 	/* Enable/Disable Debug functionality based on settings from System DWR */
 450:Generated_Source\PSoC5/cyfitter_cfg.c **** 	CY_SET_XTND_REG8((void CYFAR *)CYREG_MLOGIC_DEBUG, (CY_GET_XTND_REG8((void CYFAR *)CYREG_MLOGIC_DE
 574              		.loc 1 450 0
 575              		.thumb
 576              		.syntax unified
 577 0004 354A     		ldr	r2, .L42
 578 0006 1378     		ldrb	r3, [r2]	@ zero_extendqisi2
 579 0008 43F00403 		orr	r3, r3, #4
 580 000c 1370     		strb	r3, [r2]
 581              	.LVL36:
 582              	.LBB3:
 451:Generated_Source\PSoC5/cyfitter_cfg.c **** 
 452:Generated_Source\PSoC5/cyfitter_cfg.c **** 	{
 453:Generated_Source\PSoC5/cyfitter_cfg.c **** 
 454:Generated_Source\PSoC5/cyfitter_cfg.c **** 		CYPACKED typedef struct {
 455:Generated_Source\PSoC5/cyfitter_cfg.c **** 			void CYFAR *address;
 456:Generated_Source\PSoC5/cyfitter_cfg.c **** 			uint16 size;
 457:Generated_Source\PSoC5/cyfitter_cfg.c **** 		} CYPACKED_ATTR cfg_memset_t;
 458:Generated_Source\PSoC5/cyfitter_cfg.c **** 
 459:Generated_Source\PSoC5/cyfitter_cfg.c **** 		static const cfg_memset_t CYCODE cfg_memset_list[] = {
 460:Generated_Source\PSoC5/cyfitter_cfg.c **** 			/* address, size */
 461:Generated_Source\PSoC5/cyfitter_cfg.c **** 			{(void CYFAR *)(CYREG_PRT4_DR), 48u},
 462:Generated_Source\PSoC5/cyfitter_cfg.c **** 			{(void CYFAR *)(CYDEV_UCFG_B0_P0_U0_BASE), 4096u},
 463:Generated_Source\PSoC5/cyfitter_cfg.c **** 			{(void CYFAR *)(CYDEV_UCFG_B1_P2_U0_BASE), 2048u},
 464:Generated_Source\PSoC5/cyfitter_cfg.c **** 			{(void CYFAR *)(CYDEV_UCFG_DSI0_BASE), 2560u},
 465:Generated_Source\PSoC5/cyfitter_cfg.c **** 			{(void CYFAR *)(CYDEV_UCFG_DSI12_BASE), 512u},
ARM GAS  C:\Users\elias\AppData\Local\Temp\ccHjQlMh.s 			page 20


 466:Generated_Source\PSoC5/cyfitter_cfg.c **** 			{(void CYFAR *)(CYREG_BCTL0_MDCLK_EN), 32u},
 467:Generated_Source\PSoC5/cyfitter_cfg.c **** 		};
 468:Generated_Source\PSoC5/cyfitter_cfg.c **** 
 469:Generated_Source\PSoC5/cyfitter_cfg.c **** 		uint8 CYDATA i;
 470:Generated_Source\PSoC5/cyfitter_cfg.c **** 
 471:Generated_Source\PSoC5/cyfitter_cfg.c **** 		/* Zero out critical memory blocks before beginning configuration */
 472:Generated_Source\PSoC5/cyfitter_cfg.c **** 		for (i = 0u; i < (sizeof(cfg_memset_list)/sizeof(cfg_memset_list[0])); i++)
 583              		.loc 1 472 0
 584 000e 0024     		movs	r4, #0
 585 0010 0BE0     		b	.L39
 586              	.LVL37:
 587              	.L40:
 588              	.LBB4:
 473:Generated_Source\PSoC5/cyfitter_cfg.c **** 		{
 474:Generated_Source\PSoC5/cyfitter_cfg.c **** 			const cfg_memset_t CYCODE * CYDATA ms = &cfg_memset_list[i];
 475:Generated_Source\PSoC5/cyfitter_cfg.c **** 			CYMEMZERO(ms->address, (size_t)(uint32)(ms->size));
 589              		.loc 1 475 0 discriminator 3
 590 0012 3348     		ldr	r0, .L42+4
 591 0014 6300     		lsls	r3, r4, #1
 592 0016 1A19     		adds	r2, r3, r4
 593 0018 5100     		lsls	r1, r2, #1
 594 001a 0144     		add	r1, r1, r0
 595 001c 0A46     		mov	r2, r1
 596 001e 098A     		ldrh	r1, [r1, #16]
 597 0020 D068     		ldr	r0, [r2, #12]	@ unaligned
 598 0022 FFF7FEFF 		bl	CYMEMZERO
 599              	.LVL38:
 600              	.LBE4:
 472:Generated_Source\PSoC5/cyfitter_cfg.c **** 		{
 601              		.loc 1 472 0 discriminator 3
 602 0026 0134     		adds	r4, r4, #1
 603              	.LVL39:
 604 0028 E4B2     		uxtb	r4, r4
 605              	.LVL40:
 606              	.L39:
 472:Generated_Source\PSoC5/cyfitter_cfg.c **** 		{
 607              		.loc 1 472 0 is_stmt 0 discriminator 1
 608 002a 052C     		cmp	r4, #5
 609 002c F1D9     		bls	.L40
 476:Generated_Source\PSoC5/cyfitter_cfg.c **** 		}
 477:Generated_Source\PSoC5/cyfitter_cfg.c **** 
 478:Generated_Source\PSoC5/cyfitter_cfg.c **** 		cfg_write_bytes32(cy_cfg_addr_table, cy_cfg_data_table);
 610              		.loc 1 478 0 is_stmt 1
 611 002e 2D49     		ldr	r1, .L42+8
 612 0030 4FF09040 		mov	r0, #1207959552
 613 0034 FFF7FEFF 		bl	cfg_write_bytes32
 614              	.LVL41:
 479:Generated_Source\PSoC5/cyfitter_cfg.c **** 
 480:Generated_Source\PSoC5/cyfitter_cfg.c **** 		/* Perform normal device configuration. Order is not critical for these items. */
 481:Generated_Source\PSoC5/cyfitter_cfg.c **** 		CY_SET_XTND_REG8((void CYFAR *)(CYREG_DSM0_CR3), 0x0Au);
 615              		.loc 1 481 0
 616 0038 0A25     		movs	r5, #10
 617 003a 2B4B     		ldr	r3, .L42+12
 618 003c 1D70     		strb	r5, [r3]
 482:Generated_Source\PSoC5/cyfitter_cfg.c **** 		CY_SET_XTND_REG16((void CYFAR *)(CYREG_LUT1_CR), 0x0103u);
 619              		.loc 1 482 0
 620 003e 40F20312 		movw	r2, #259
ARM GAS  C:\Users\elias\AppData\Local\Temp\ccHjQlMh.s 			page 21


 621 0042 393B     		subs	r3, r3, #57
 622 0044 1A80     		strh	r2, [r3]	@ movhi
 483:Generated_Source\PSoC5/cyfitter_cfg.c **** 
 484:Generated_Source\PSoC5/cyfitter_cfg.c **** 		/* Enable digital routing */
 485:Generated_Source\PSoC5/cyfitter_cfg.c **** 		CY_SET_XTND_REG8((void CYFAR *)CYREG_BCTL0_BANK_CTL, CY_GET_XTND_REG8((void CYFAR *)CYREG_BCTL0_B
 623              		.loc 1 485 0
 624 0046 294A     		ldr	r2, .L42+16
 625 0048 1378     		ldrb	r3, [r2]	@ zero_extendqisi2
 626 004a 43F00203 		orr	r3, r3, #2
 627 004e 1370     		strb	r3, [r2]
 486:Generated_Source\PSoC5/cyfitter_cfg.c **** 		CY_SET_XTND_REG8((void CYFAR *)CYREG_BCTL1_BANK_CTL, CY_GET_XTND_REG8((void CYFAR *)CYREG_BCTL1_B
 628              		.loc 1 486 0
 629 0050 1032     		adds	r2, r2, #16
 630 0052 1378     		ldrb	r3, [r2]	@ zero_extendqisi2
 631 0054 43F00203 		orr	r3, r3, #2
 632 0058 1370     		strb	r3, [r2]
 487:Generated_Source\PSoC5/cyfitter_cfg.c **** 
 488:Generated_Source\PSoC5/cyfitter_cfg.c **** 		/* Enable UDB array */
 489:Generated_Source\PSoC5/cyfitter_cfg.c **** 		CY_SET_XTND_REG8((void CYFAR *)CYREG_PM_ACT_CFG0, CY_GET_XTND_REG8((void CYFAR *)CYREG_PM_ACT_CFG
 633              		.loc 1 489 0
 634 005a 254C     		ldr	r4, .L42+20
 635              	.LVL42:
 636 005c 2378     		ldrb	r3, [r4]	@ zero_extendqisi2
 637 005e 43F04003 		orr	r3, r3, #64
 638 0062 2370     		strb	r3, [r4]
 490:Generated_Source\PSoC5/cyfitter_cfg.c **** 		CY_SET_XTND_REG8((void CYFAR *)CYREG_PM_AVAIL_CR2, CY_GET_XTND_REG8((void CYFAR *)CYREG_PM_AVAIL_
 639              		.loc 1 490 0
 640 0064 A2F58632 		sub	r2, r2, #68608
 641 0068 513A     		subs	r2, r2, #81
 642 006a 1378     		ldrb	r3, [r2]	@ zero_extendqisi2
 643 006c 43F01003 		orr	r3, r3, #16
 644 0070 1370     		strb	r3, [r2]
 645              	.LBE3:
 491:Generated_Source\PSoC5/cyfitter_cfg.c **** 	}
 492:Generated_Source\PSoC5/cyfitter_cfg.c **** 
 493:Generated_Source\PSoC5/cyfitter_cfg.c **** 
 494:Generated_Source\PSoC5/cyfitter_cfg.c **** 	/* Perform second pass device configuration. These items must be configured in specific order afte
 495:Generated_Source\PSoC5/cyfitter_cfg.c **** 	CYCONFIGCPY((void CYFAR *)(CYREG_PRT0_DM0), (const void CYFAR *)(BS_IOPINS0_0_VAL), 8u);
 646              		.loc 1 495 0
 647 0072 0822     		movs	r2, #8
 648 0074 1F49     		ldr	r1, .L42+24
 649 0076 2048     		ldr	r0, .L42+28
 650 0078 FFF7FEFF 		bl	CYCONFIGCPY
 651              	.LVL43:
 496:Generated_Source\PSoC5/cyfitter_cfg.c **** 	CYCONFIGCPY((void CYFAR *)(CYREG_PRT12_DM0), (const void CYFAR *)(BS_IOPINS0_7_VAL), 8u);
 652              		.loc 1 496 0
 653 007c 0822     		movs	r2, #8
 654 007e 1F49     		ldr	r1, .L42+32
 655 0080 1F48     		ldr	r0, .L42+36
 656 0082 FFF7FEFF 		bl	CYCONFIGCPY
 657              	.LVL44:
 497:Generated_Source\PSoC5/cyfitter_cfg.c **** 	CYCONFIGCPY((void CYFAR *)(CYREG_PRT15_DM0), (const void CYFAR *)(BS_IOPINS0_8_VAL), 8u);
 658              		.loc 1 497 0
 659 0086 0822     		movs	r2, #8
 660 0088 1E49     		ldr	r1, .L42+40
 661 008a 1F48     		ldr	r0, .L42+44
 662 008c FFF7FEFF 		bl	CYCONFIGCPY
ARM GAS  C:\Users\elias\AppData\Local\Temp\ccHjQlMh.s 			page 22


 663              	.LVL45:
 498:Generated_Source\PSoC5/cyfitter_cfg.c **** 	CYCONFIGCPY((void CYFAR *)(CYREG_PRT1_DR), (const void CYFAR *)(BS_IOPINS0_1_VAL), 10u);
 664              		.loc 1 498 0
 665 0090 2A46     		mov	r2, r5
 666 0092 1E49     		ldr	r1, .L42+48
 667 0094 1E48     		ldr	r0, .L42+52
 668 0096 FFF7FEFF 		bl	CYCONFIGCPY
 669              	.LVL46:
 499:Generated_Source\PSoC5/cyfitter_cfg.c **** 	CYCONFIGCPY((void CYFAR *)(CYREG_PRT2_DM0), (const void CYFAR *)(BS_IOPINS0_2_VAL), 8u);
 670              		.loc 1 499 0
 671 009a 0822     		movs	r2, #8
 672 009c 1D49     		ldr	r1, .L42+56
 673 009e 1E48     		ldr	r0, .L42+60
 674 00a0 FFF7FEFF 		bl	CYCONFIGCPY
 675              	.LVL47:
 500:Generated_Source\PSoC5/cyfitter_cfg.c **** 	CYCONFIGCPY((void CYFAR *)(CYREG_PRT3_DM0), (const void CYFAR *)(BS_IOPINS0_3_VAL), 8u);
 676              		.loc 1 500 0
 677 00a4 0822     		movs	r2, #8
 678 00a6 1D49     		ldr	r1, .L42+64
 679 00a8 1D48     		ldr	r0, .L42+68
 680 00aa FFF7FEFF 		bl	CYCONFIGCPY
 681              	.LVL48:
 501:Generated_Source\PSoC5/cyfitter_cfg.c **** 	/* Switch Boost to the precision bandgap reference from its internal reference */
 502:Generated_Source\PSoC5/cyfitter_cfg.c **** 	CY_SET_REG8((void CYXDATA *)CYREG_BOOST_CR2, (CY_GET_REG8((void CYXDATA *)CYREG_BOOST_CR2) | 0x08u
 682              		.loc 1 502 0
 683 00ae 1D4A     		ldr	r2, .L42+72
 684 00b0 1378     		ldrb	r3, [r2]	@ zero_extendqisi2
 685 00b2 43F00803 		orr	r3, r3, #8
 686 00b6 1370     		strb	r3, [r2]
 503:Generated_Source\PSoC5/cyfitter_cfg.c **** 
 504:Generated_Source\PSoC5/cyfitter_cfg.c **** 	/* Set Flash Cycles based on max possible frequency in case a glitch occurs during ClockSetup(). *
 505:Generated_Source\PSoC5/cyfitter_cfg.c **** 	CY_SET_XTND_REG8((void CYFAR *)(CYREG_CACHE_CC_CTL), (((CYDEV_INSTRUCT_CACHE_ENABLED) != 0) ? 0x61
 687              		.loc 1 505 0
 688 00b8 1B4D     		ldr	r5, .L42+76
 689 00ba 6123     		movs	r3, #97
 690 00bc 2B70     		strb	r3, [r5]
 506:Generated_Source\PSoC5/cyfitter_cfg.c **** 	/* Setup clocks based on selections from Clock DWR */
 507:Generated_Source\PSoC5/cyfitter_cfg.c **** 	ClockSetup();
 691              		.loc 1 507 0
 692 00be FFF7FEFF 		bl	ClockSetup
 693              	.LVL49:
 508:Generated_Source\PSoC5/cyfitter_cfg.c **** 	/* Set Flash Cycles based on newly configured 24.00MHz Bus Clock. */
 509:Generated_Source\PSoC5/cyfitter_cfg.c **** 	CY_SET_XTND_REG8((void CYFAR *)(CYREG_CACHE_CC_CTL), (((CYDEV_INSTRUCT_CACHE_ENABLED) != 0) ? 0x81
 694              		.loc 1 509 0
 695 00c2 8123     		movs	r3, #129
 696 00c4 2B70     		strb	r3, [r5]
 510:Generated_Source\PSoC5/cyfitter_cfg.c **** 	CY_SET_XTND_REG8((void CYFAR *)(CYREG_PANTHER_WAITPIPE), 0x01u);
 697              		.loc 1 510 0
 698 00c6 0122     		movs	r2, #1
 699 00c8 184B     		ldr	r3, .L42+80
 700 00ca 1A70     		strb	r2, [r3]
 511:Generated_Source\PSoC5/cyfitter_cfg.c **** 
 512:Generated_Source\PSoC5/cyfitter_cfg.c **** 	/* Perform basic analog initialization to defaults */
 513:Generated_Source\PSoC5/cyfitter_cfg.c **** 	AnalogSetDefault();
 701              		.loc 1 513 0
 702 00cc FFF7FEFF 		bl	AnalogSetDefault
 703              	.LVL50:
ARM GAS  C:\Users\elias\AppData\Local\Temp\ccHjQlMh.s 			page 23


 514:Generated_Source\PSoC5/cyfitter_cfg.c **** 
 515:Generated_Source\PSoC5/cyfitter_cfg.c **** 	/* Configure alternate active mode */
 516:Generated_Source\PSoC5/cyfitter_cfg.c **** 	CYCONFIGCPY((void CYFAR *)CYDEV_PM_STBY_BASE, (const void CYFAR *)CYDEV_PM_ACT_BASE, 14u);
 704              		.loc 1 516 0
 705 00d0 0E22     		movs	r2, #14
 706 00d2 2146     		mov	r1, r4
 707 00d4 1648     		ldr	r0, .L42+84
 708 00d6 FFF7FEFF 		bl	CYCONFIGCPY
 709              	.LVL51:
 710 00da 38BD     		pop	{r3, r4, r5, pc}
 711              	.L43:
 712              		.align	2
 713              	.L42:
 714 00dc E8460040 		.word	1073759976
 715 00e0 00000000 		.word	.LANCHOR0
 716 00e4 70000048 		.word	1207959664
 717 00e8 83580040 		.word	1073764483
 718 00ec 03500140 		.word	1073827843
 719 00f0 A0430040 		.word	1073759136
 720 00f4 EC050048 		.word	1207961068
 721 00f8 02510040 		.word	1073762562
 722 00fc F4050048 		.word	1207961076
 723 0100 C2510040 		.word	1073762754
 724 0104 FC050048 		.word	1207961084
 725 0108 F2510040 		.word	1073762802
 726 010c 04060048 		.word	1207961092
 727 0110 10510040 		.word	1073762576
 728 0114 10060048 		.word	1207961104
 729 0118 22510040 		.word	1073762594
 730 011c 18060048 		.word	1207961112
 731 0120 32510040 		.word	1073762610
 732 0124 22430040 		.word	1073759010
 733 0128 00480040 		.word	1073760256
 734 012c 04000840 		.word	1074266116
 735 0130 B0430040 		.word	1073759152
 736              		.cfi_endproc
 737              	.LFE10:
 738              		.size	cyfitter_cfg, .-cyfitter_cfg
 739              		.global	ADC_AMux__maskTable
 740              		.global	ADC_AMux__addrTable
 741              		.section	.rodata
 742              		.align	2
 743              		.set	.LANCHOR0,. + 0
 744              		.type	ADC_AMux__addrTable, %object
 745              		.size	ADC_AMux__addrTable, 8
 746              	ADC_AMux__addrTable:
 747 0000 035B0040 		.word	1073765123
 748 0004 24430040 		.word	1073759012
 749              		.type	ADC_AMux__maskTable, %object
 750              		.size	ADC_AMux__maskTable, 2
 751              	ADC_AMux__maskTable:
 752 0008 40       		.byte	64
 753 0009 00       		.byte	0
 754 000a 0000     		.space	2
 755              		.type	cfg_memset_list.5027, %object
 756              		.size	cfg_memset_list.5027, 36
 757              	cfg_memset_list.5027:
ARM GAS  C:\Users\elias\AppData\Local\Temp\ccHjQlMh.s 			page 24


 758 000c 40510040 		.word	1073762624
 759 0010 3000     		.short	48
 760 0012 00000140 		.4byte	1073807360
 761 0016 0010     		.short	4096
 762 0018 00140140 		.word	1073812480
 763 001c 0008     		.short	2048
 764 001e 00400140 		.4byte	1073823744
 765 0022 000A     		.short	2560
 766 0024 004C0140 		.word	1073826816
 767 0028 0002     		.short	512
 768 002a 00500140 		.4byte	1073827840
 769 002e 2000     		.short	32
 770              		.text
 771              	.Letext0:
 772              		.file 2 "c:\\program files (x86)\\cypress\\psoc creator\\4.4\\psoc creator\\import\\gnu\\arm\\5.4.
 773              		.file 3 "Generated_Source\\PSoC5\\cytypes.h"
 774              		.file 4 "Generated_Source\\PSoC5\\CyLib.h"
 775              		.section	.debug_info,"",%progbits
 776              	.Ldebug_info0:
 777 0000 07060000 		.4byte	0x607
 778 0004 0400     		.2byte	0x4
 779 0006 00000000 		.4byte	.Ldebug_abbrev0
 780 000a 04       		.byte	0x4
 781 000b 01       		.uleb128 0x1
 782 000c F0010000 		.4byte	.LASF52
 783 0010 0C       		.byte	0xc
 784 0011 0A030000 		.4byte	.LASF53
 785 0015 CB020000 		.4byte	.LASF54
 786 0019 00000000 		.4byte	.Ldebug_ranges0+0
 787 001d 00000000 		.4byte	0
 788 0021 00000000 		.4byte	.Ldebug_line0
 789 0025 02       		.uleb128 0x2
 790 0026 04       		.byte	0x4
 791 0027 05       		.byte	0x5
 792 0028 696E7400 		.ascii	"int\000"
 793 002c 03       		.uleb128 0x3
 794 002d 23000000 		.4byte	.LASF12
 795 0031 02       		.byte	0x2
 796 0032 D8       		.byte	0xd8
 797 0033 37000000 		.4byte	0x37
 798 0037 04       		.uleb128 0x4
 799 0038 04       		.byte	0x4
 800 0039 07       		.byte	0x7
 801 003a 14010000 		.4byte	.LASF0
 802 003e 04       		.uleb128 0x4
 803 003f 08       		.byte	0x8
 804 0040 05       		.byte	0x5
 805 0041 7C000000 		.4byte	.LASF1
 806 0045 04       		.uleb128 0x4
 807 0046 08       		.byte	0x8
 808 0047 04       		.byte	0x4
 809 0048 70010000 		.4byte	.LASF2
 810 004c 04       		.uleb128 0x4
 811 004d 01       		.byte	0x1
 812 004e 06       		.byte	0x6
 813 004f 8A000000 		.4byte	.LASF3
 814 0053 04       		.uleb128 0x4
ARM GAS  C:\Users\elias\AppData\Local\Temp\ccHjQlMh.s 			page 25


 815 0054 01       		.byte	0x1
 816 0055 08       		.byte	0x8
 817 0056 D8010000 		.4byte	.LASF4
 818 005a 04       		.uleb128 0x4
 819 005b 02       		.byte	0x2
 820 005c 05       		.byte	0x5
 821 005d E6010000 		.4byte	.LASF5
 822 0061 04       		.uleb128 0x4
 823 0062 02       		.byte	0x2
 824 0063 07       		.byte	0x7
 825 0064 40010000 		.4byte	.LASF6
 826 0068 04       		.uleb128 0x4
 827 0069 04       		.byte	0x4
 828 006a 05       		.byte	0x5
 829 006b D1000000 		.4byte	.LASF7
 830 006f 04       		.uleb128 0x4
 831 0070 04       		.byte	0x4
 832 0071 07       		.byte	0x7
 833 0072 21010000 		.4byte	.LASF8
 834 0076 04       		.uleb128 0x4
 835 0077 08       		.byte	0x8
 836 0078 07       		.byte	0x7
 837 0079 49000000 		.4byte	.LASF9
 838 007d 04       		.uleb128 0x4
 839 007e 04       		.byte	0x4
 840 007f 07       		.byte	0x7
 841 0080 67010000 		.4byte	.LASF10
 842 0084 05       		.uleb128 0x5
 843 0085 04       		.byte	0x4
 844 0086 04       		.uleb128 0x4
 845 0087 01       		.byte	0x1
 846 0088 08       		.byte	0x8
 847 0089 A1020000 		.4byte	.LASF11
 848 008d 06       		.uleb128 0x6
 849 008e E7000000 		.4byte	.LASF13
 850 0092 03       		.byte	0x3
 851 0093 E901     		.2byte	0x1e9
 852 0095 53000000 		.4byte	0x53
 853 0099 06       		.uleb128 0x6
 854 009a 06000000 		.4byte	.LASF14
 855 009e 03       		.byte	0x3
 856 009f EA01     		.2byte	0x1ea
 857 00a1 61000000 		.4byte	0x61
 858 00a5 06       		.uleb128 0x6
 859 00a6 FE000000 		.4byte	.LASF15
 860 00aa 03       		.byte	0x3
 861 00ab EB01     		.2byte	0x1eb
 862 00ad 6F000000 		.4byte	0x6f
 863 00b1 04       		.uleb128 0x4
 864 00b2 04       		.byte	0x4
 865 00b3 04       		.byte	0x4
 866 00b4 BF010000 		.4byte	.LASF16
 867 00b8 04       		.uleb128 0x4
 868 00b9 08       		.byte	0x8
 869 00ba 04       		.byte	0x4
 870 00bb ED000000 		.4byte	.LASF17
 871 00bf 06       		.uleb128 0x6
ARM GAS  C:\Users\elias\AppData\Local\Temp\ccHjQlMh.s 			page 26


 872 00c0 D3010000 		.4byte	.LASF18
 873 00c4 03       		.byte	0x3
 874 00c5 9302     		.2byte	0x293
 875 00c7 CB000000 		.4byte	0xcb
 876 00cb 07       		.uleb128 0x7
 877 00cc 8D000000 		.4byte	0x8d
 878 00d0 06       		.uleb128 0x6
 879 00d1 DA000000 		.4byte	.LASF19
 880 00d5 03       		.byte	0x3
 881 00d6 9402     		.2byte	0x294
 882 00d8 DC000000 		.4byte	0xdc
 883 00dc 07       		.uleb128 0x7
 884 00dd 99000000 		.4byte	0x99
 885 00e1 08       		.uleb128 0x8
 886 00e2 02       		.byte	0x2
 887 00e3 01       		.byte	0x1
 888 00e4 98       		.byte	0x98
 889 00e5 02010000 		.4byte	0x102
 890 00e9 09       		.uleb128 0x9
 891 00ea BC020000 		.4byte	.LASF20
 892 00ee 01       		.byte	0x1
 893 00ef 9A       		.byte	0x9a
 894 00f0 8D000000 		.4byte	0x8d
 895 00f4 00       		.byte	0
 896 00f5 09       		.uleb128 0x9
 897 00f6 0E010000 		.4byte	.LASF21
 898 00fa 01       		.byte	0x1
 899 00fb 9B       		.byte	0x9b
 900 00fc 8D000000 		.4byte	0x8d
 901 0100 01       		.byte	0x1
 902 0101 00       		.byte	0
 903 0102 03       		.uleb128 0x3
 904 0103 8E020000 		.4byte	.LASF22
 905 0107 01       		.byte	0x1
 906 0108 9C       		.byte	0x9c
 907 0109 E1000000 		.4byte	0xe1
 908 010d 0A       		.uleb128 0xa
 909 010e 2A000000 		.4byte	.LASF55
 910 0112 01       		.byte	0x1
 911 0113 7F       		.byte	0x7f
 912 0114 00000000 		.4byte	.LFB3
 913 0118 02000000 		.4byte	.LFE3-.LFB3
 914 011c 01       		.uleb128 0x1
 915 011d 9C       		.byte	0x9c
 916 011e 30010000 		.4byte	0x130
 917 0122 0B       		.uleb128 0xb
 918 0123 C7000000 		.4byte	.LASF23
 919 0127 01       		.byte	0x1
 920 0128 7F       		.byte	0x7f
 921 0129 8D000000 		.4byte	0x8d
 922 012d 01       		.uleb128 0x1
 923 012e 50       		.byte	0x50
 924 012f 00       		.byte	0
 925 0130 0C       		.uleb128 0xc
 926 0131 96000000 		.4byte	.LASF28
 927 0135 01       		.byte	0x1
 928 0136 C6       		.byte	0xc6
ARM GAS  C:\Users\elias\AppData\Local\Temp\ccHjQlMh.s 			page 27


 929 0137 00000000 		.4byte	.LFB4
 930 013b 34000000 		.4byte	.LFE4-.LFB4
 931 013f 01       		.uleb128 0x1
 932 0140 9C       		.byte	0x9c
 933 0141 A2010000 		.4byte	0x1a2
 934 0145 0B       		.uleb128 0xb
 935 0146 60000000 		.4byte	.LASF24
 936 014a 01       		.byte	0x1
 937 014b C6       		.byte	0xc6
 938 014c A2010000 		.4byte	0x1a2
 939 0150 01       		.uleb128 0x1
 940 0151 50       		.byte	0x50
 941 0152 0B       		.uleb128 0xb
 942 0153 3E000000 		.4byte	.LASF25
 943 0157 01       		.byte	0x1
 944 0158 C6       		.byte	0xc6
 945 0159 AD010000 		.4byte	0x1ad
 946 015d 01       		.uleb128 0x1
 947 015e 51       		.byte	0x51
 948 015f 0D       		.uleb128 0xd
 949 0160 6900     		.ascii	"i\000"
 950 0162 01       		.byte	0x1
 951 0163 C9       		.byte	0xc9
 952 0164 A5000000 		.4byte	0xa5
 953 0168 00000000 		.4byte	.LLST0
 954 016c 0D       		.uleb128 0xd
 955 016d 6A00     		.ascii	"j\000"
 956 016f 01       		.byte	0x1
 957 0170 C9       		.byte	0xc9
 958 0171 A5000000 		.4byte	0xa5
 959 0175 1F000000 		.4byte	.LLST1
 960 0179 0E       		.uleb128 0xe
 961 017a 08000000 		.4byte	.LBB2
 962 017e 22000000 		.4byte	.LBE2-.LBB2
 963 0182 0F       		.uleb128 0xf
 964 0183 0D000000 		.4byte	.LASF26
 965 0187 01       		.byte	0x1
 966 0188 CC       		.byte	0xcc
 967 0189 A5000000 		.4byte	0xa5
 968 018d 3E000000 		.4byte	.LLST2
 969 0191 0F       		.uleb128 0xf
 970 0192 00000000 		.4byte	.LASF27
 971 0196 01       		.byte	0x1
 972 0197 CD       		.byte	0xcd
 973 0198 8D000000 		.4byte	0x8d
 974 019c 51000000 		.4byte	.LLST3
 975 01a0 00       		.byte	0
 976 01a1 00       		.byte	0
 977 01a2 10       		.uleb128 0x10
 978 01a3 04       		.byte	0x4
 979 01a4 A8010000 		.4byte	0x1a8
 980 01a8 11       		.uleb128 0x11
 981 01a9 A5000000 		.4byte	0xa5
 982 01ad 10       		.uleb128 0x10
 983 01ae 04       		.byte	0x4
 984 01af B3010000 		.4byte	0x1b3
 985 01b3 11       		.uleb128 0x11
ARM GAS  C:\Users\elias\AppData\Local\Temp\ccHjQlMh.s 			page 28


 986 01b4 02010000 		.4byte	0x102
 987 01b8 12       		.uleb128 0x12
 988 01b9 6B000000 		.4byte	.LASF29
 989 01bd 01       		.byte	0x1
 990 01be 3101     		.2byte	0x131
 991 01c0 00000000 		.4byte	.LFB6
 992 01c4 AC000000 		.4byte	.LFE6-.LFB6
 993 01c8 01       		.uleb128 0x1
 994 01c9 9C       		.byte	0x9c
 995 01ca DF010000 		.4byte	0x1df
 996 01ce 13       		.uleb128 0x13
 997 01cf 7C010000 		.4byte	.LASF30
 998 01d3 01       		.byte	0x1
 999 01d4 3301     		.2byte	0x133
 1000 01d6 8D000000 		.4byte	0x8d
 1001 01da 6F000000 		.4byte	.LLST4
 1002 01de 00       		.byte	0
 1003 01df 0C       		.uleb128 0xc
 1004 01e0 F4000000 		.4byte	.LASF31
 1005 01e4 01       		.byte	0x1
 1006 01e5 4D       		.byte	0x4d
 1007 01e6 00000000 		.4byte	.LFB0
 1008 01ea 0C000000 		.4byte	.LFE0-.LFB0
 1009 01ee 01       		.uleb128 0x1
 1010 01ef 9C       		.byte	0x9c
 1011 01f0 2C020000 		.4byte	0x22c
 1012 01f4 14       		.uleb128 0x14
 1013 01f5 7300     		.ascii	"s\000"
 1014 01f7 01       		.byte	0x1
 1015 01f8 4D       		.byte	0x4d
 1016 01f9 84000000 		.4byte	0x84
 1017 01fd 82000000 		.4byte	.LLST5
 1018 0201 14       		.uleb128 0x14
 1019 0202 6E00     		.ascii	"n\000"
 1020 0204 01       		.byte	0x1
 1021 0205 4D       		.byte	0x4d
 1022 0206 2C000000 		.4byte	0x2c
 1023 020a A3000000 		.4byte	.LLST6
 1024 020e 15       		.uleb128 0x15
 1025 020f 0A000000 		.4byte	.LVL16
 1026 0213 ED050000 		.4byte	0x5ed
 1027 0217 16       		.uleb128 0x16
 1028 0218 01       		.uleb128 0x1
 1029 0219 50       		.byte	0x50
 1030 021a 03       		.uleb128 0x3
 1031 021b F3       		.byte	0xf3
 1032 021c 01       		.uleb128 0x1
 1033 021d 50       		.byte	0x50
 1034 021e 16       		.uleb128 0x16
 1035 021f 01       		.uleb128 0x1
 1036 0220 51       		.byte	0x51
 1037 0221 01       		.uleb128 0x1
 1038 0222 30       		.byte	0x30
 1039 0223 16       		.uleb128 0x16
 1040 0224 01       		.uleb128 0x1
 1041 0225 52       		.byte	0x52
 1042 0226 03       		.uleb128 0x3
ARM GAS  C:\Users\elias\AppData\Local\Temp\ccHjQlMh.s 			page 29


 1043 0227 F3       		.byte	0xf3
 1044 0228 01       		.uleb128 0x1
 1045 0229 51       		.byte	0x51
 1046 022a 00       		.byte	0
 1047 022b 00       		.byte	0
 1048 022c 0C       		.uleb128 0xc
 1049 022d FE020000 		.4byte	.LASF32
 1050 0231 01       		.byte	0x1
 1051 0232 54       		.byte	0x54
 1052 0233 00000000 		.4byte	.LFB1
 1053 0237 08000000 		.4byte	.LFE1-.LFB1
 1054 023b 01       		.uleb128 0x1
 1055 023c 9C       		.byte	0x9c
 1056 023d 8C020000 		.4byte	0x28c
 1057 0241 17       		.uleb128 0x17
 1058 0242 BA010000 		.4byte	.LASF33
 1059 0246 01       		.byte	0x1
 1060 0247 54       		.byte	0x54
 1061 0248 84000000 		.4byte	0x84
 1062 024c CF000000 		.4byte	.LLST7
 1063 0250 14       		.uleb128 0x14
 1064 0251 73726300 		.ascii	"src\000"
 1065 0255 01       		.byte	0x1
 1066 0256 54       		.byte	0x54
 1067 0257 8C020000 		.4byte	0x28c
 1068 025b F0000000 		.4byte	.LLST8
 1069 025f 14       		.uleb128 0x14
 1070 0260 6E00     		.ascii	"n\000"
 1071 0262 01       		.byte	0x1
 1072 0263 54       		.byte	0x54
 1073 0264 2C000000 		.4byte	0x2c
 1074 0268 11010000 		.4byte	.LLST9
 1075 026c 15       		.uleb128 0x15
 1076 026d 06000000 		.4byte	.LVL18
 1077 0271 F6050000 		.4byte	0x5f6
 1078 0275 16       		.uleb128 0x16
 1079 0276 01       		.uleb128 0x1
 1080 0277 50       		.byte	0x50
 1081 0278 03       		.uleb128 0x3
 1082 0279 F3       		.byte	0xf3
 1083 027a 01       		.uleb128 0x1
 1084 027b 50       		.byte	0x50
 1085 027c 16       		.uleb128 0x16
 1086 027d 01       		.uleb128 0x1
 1087 027e 51       		.byte	0x51
 1088 027f 03       		.uleb128 0x3
 1089 0280 F3       		.byte	0xf3
 1090 0281 01       		.uleb128 0x1
 1091 0282 51       		.byte	0x51
 1092 0283 16       		.uleb128 0x16
 1093 0284 01       		.uleb128 0x1
 1094 0285 52       		.byte	0x52
 1095 0286 03       		.uleb128 0x3
 1096 0287 F3       		.byte	0xf3
 1097 0288 01       		.uleb128 0x1
 1098 0289 52       		.byte	0x52
 1099 028a 00       		.byte	0
ARM GAS  C:\Users\elias\AppData\Local\Temp\ccHjQlMh.s 			page 30


 1100 028b 00       		.byte	0
 1101 028c 10       		.uleb128 0x10
 1102 028d 04       		.byte	0x4
 1103 028e 92020000 		.4byte	0x292
 1104 0292 18       		.uleb128 0x18
 1105 0293 0C       		.uleb128 0xc
 1106 0294 BC000000 		.4byte	.LASF34
 1107 0298 01       		.byte	0x1
 1108 0299 E9       		.byte	0xe9
 1109 029a 00000000 		.4byte	.LFB5
 1110 029e E8000000 		.4byte	.LFE5-.LFB5
 1111 02a2 01       		.uleb128 0x1
 1112 02a3 9C       		.byte	0x9c
 1113 02a4 10030000 		.4byte	0x310
 1114 02a8 0F       		.uleb128 0xf
 1115 02a9 33010000 		.4byte	.LASF35
 1116 02ad 01       		.byte	0x1
 1117 02ae EB       		.byte	0xeb
 1118 02af A5000000 		.4byte	0xa5
 1119 02b3 32010000 		.4byte	.LLST10
 1120 02b7 0F       		.uleb128 0xf
 1121 02b8 7E020000 		.4byte	.LASF36
 1122 02bc 01       		.byte	0x1
 1123 02bd EC       		.byte	0xec
 1124 02be 8D000000 		.4byte	0x8d
 1125 02c2 51010000 		.4byte	.LLST11
 1126 02c6 19       		.uleb128 0x19
 1127 02c7 24000000 		.4byte	.LVL19
 1128 02cb 2C020000 		.4byte	0x22c
 1129 02cf EB020000 		.4byte	0x2eb
 1130 02d3 16       		.uleb128 0x16
 1131 02d4 01       		.uleb128 0x1
 1132 02d5 50       		.byte	0x50
 1133 02d6 05       		.uleb128 0x5
 1134 02d7 0C       		.byte	0xc
 1135 02d8 00410040 		.4byte	0x40004100
 1136 02dc 16       		.uleb128 0x16
 1137 02dd 01       		.uleb128 0x1
 1138 02de 51       		.byte	0x51
 1139 02df 05       		.uleb128 0x5
 1140 02e0 0C       		.byte	0xc
 1141 02e1 20060048 		.4byte	0x48000620
 1142 02e5 16       		.uleb128 0x16
 1143 02e6 01       		.uleb128 0x1
 1144 02e7 52       		.byte	0x52
 1145 02e8 01       		.uleb128 0x1
 1146 02e9 34       		.byte	0x34
 1147 02ea 00       		.byte	0
 1148 02eb 19       		.uleb128 0x19
 1149 02ec 64000000 		.4byte	.LVL24
 1150 02f0 FF050000 		.4byte	0x5ff
 1151 02f4 00030000 		.4byte	0x300
 1152 02f8 16       		.uleb128 0x16
 1153 02f9 01       		.uleb128 0x1
 1154 02fa 50       		.byte	0x50
 1155 02fb 03       		.uleb128 0x3
 1156 02fc 0A       		.byte	0xa
ARM GAS  C:\Users\elias\AppData\Local\Temp\ccHjQlMh.s 			page 31


 1157 02fd E001     		.2byte	0x1e0
 1158 02ff 00       		.byte	0
 1159 0300 15       		.uleb128 0x15
 1160 0301 74000000 		.4byte	.LVL26
 1161 0305 0D010000 		.4byte	0x10d
 1162 0309 16       		.uleb128 0x16
 1163 030a 01       		.uleb128 0x1
 1164 030b 50       		.byte	0x50
 1165 030c 01       		.uleb128 0x1
 1166 030d 33       		.byte	0x33
 1167 030e 00       		.byte	0
 1168 030f 00       		.byte	0
 1169 0310 1A       		.uleb128 0x1a
 1170 0311 A6020000 		.4byte	.LASF39
 1171 0315 01       		.byte	0x1
 1172 0316 5E01     		.2byte	0x15e
 1173 0318 00000000 		.4byte	.LFB7
 1174 031c 1C000000 		.4byte	.LFE7-.LFB7
 1175 0320 01       		.uleb128 0x1
 1176 0321 9C       		.byte	0x9c
 1177 0322 43030000 		.4byte	0x343
 1178 0326 1B       		.uleb128 0x1b
 1179 0327 C3020000 		.4byte	.LASF37
 1180 032b 01       		.byte	0x1
 1181 032c 5E01     		.2byte	0x15e
 1182 032e 8D000000 		.4byte	0x8d
 1183 0332 01       		.uleb128 0x1
 1184 0333 50       		.byte	0x50
 1185 0334 1C       		.uleb128 0x1c
 1186 0335 05010000 		.4byte	.LASF38
 1187 0339 01       		.byte	0x1
 1188 033a 6001     		.2byte	0x160
 1189 033c 8D000000 		.4byte	0x8d
 1190 0340 01       		.uleb128 0x1
 1191 0341 53       		.byte	0x53
 1192 0342 00       		.byte	0
 1193 0343 1A       		.uleb128 0x1a
 1194 0344 16000000 		.4byte	.LASF40
 1195 0348 01       		.byte	0x1
 1196 0349 8901     		.2byte	0x189
 1197 034b 00000000 		.4byte	.LFB8
 1198 034f 1C000000 		.4byte	.LFE8-.LFB8
 1199 0353 01       		.uleb128 0x1
 1200 0354 9C       		.byte	0x9c
 1201 0355 6A030000 		.4byte	0x36a
 1202 0359 1D       		.uleb128 0x1d
 1203 035a 86020000 		.4byte	.LASF41
 1204 035e 01       		.byte	0x1
 1205 035f 8901     		.2byte	0x189
 1206 0361 8D000000 		.4byte	0x8d
 1207 0365 7B010000 		.4byte	.LLST12
 1208 0369 00       		.byte	0
 1209 036a 1A       		.uleb128 0x1a
 1210 036b AB010000 		.4byte	.LASF42
 1211 036f 01       		.byte	0x1
 1212 0370 9F01     		.2byte	0x19f
 1213 0372 00000000 		.4byte	.LFB9
ARM GAS  C:\Users\elias\AppData\Local\Temp\ccHjQlMh.s 			page 32


 1214 0376 1C000000 		.4byte	.LFE9-.LFB9
 1215 037a 01       		.uleb128 0x1
 1216 037b 9C       		.byte	0x9c
 1217 037c 91030000 		.4byte	0x391
 1218 0380 1D       		.uleb128 0x1d
 1219 0381 86020000 		.4byte	.LASF41
 1220 0385 01       		.byte	0x1
 1221 0386 9F01     		.2byte	0x19f
 1222 0388 8D000000 		.4byte	0x8d
 1223 038c 9C010000 		.4byte	.LLST13
 1224 0390 00       		.byte	0
 1225 0391 1A       		.uleb128 0x1a
 1226 0392 38030000 		.4byte	.LASF43
 1227 0396 01       		.byte	0x1
 1228 0397 BA01     		.2byte	0x1ba
 1229 0399 00000000 		.4byte	.LFB10
 1230 039d 34010000 		.4byte	.LFE10-.LFB10
 1231 03a1 01       		.uleb128 0x1
 1232 03a2 9C       		.byte	0x9c
 1233 03a3 8F050000 		.4byte	0x58f
 1234 03a7 1E       		.uleb128 0x1e
 1235 03a8 0E000000 		.4byte	.LBB3
 1236 03ac 64000000 		.4byte	.LBE3-.LBB3
 1237 03b0 7F040000 		.4byte	0x47f
 1238 03b4 1F       		.uleb128 0x1f
 1239 03b5 06       		.byte	0x6
 1240 03b6 01       		.byte	0x1
 1241 03b7 C601     		.2byte	0x1c6
 1242 03b9 D8030000 		.4byte	0x3d8
 1243 03bd 20       		.uleb128 0x20
 1244 03be 30030000 		.4byte	.LASF44
 1245 03c2 01       		.byte	0x1
 1246 03c3 C701     		.2byte	0x1c7
 1247 03c5 84000000 		.4byte	0x84
 1248 03c9 00       		.byte	0
 1249 03ca 20       		.uleb128 0x20
 1250 03cb 3B010000 		.4byte	.LASF45
 1251 03cf 01       		.byte	0x1
 1252 03d0 C801     		.2byte	0x1c8
 1253 03d2 99000000 		.4byte	0x99
 1254 03d6 04       		.byte	0x4
 1255 03d7 00       		.byte	0
 1256 03d8 06       		.uleb128 0x6
 1257 03d9 8E010000 		.4byte	.LASF46
 1258 03dd 01       		.byte	0x1
 1259 03de C901     		.2byte	0x1c9
 1260 03e0 B4030000 		.4byte	0x3b4
 1261 03e4 21       		.uleb128 0x21
 1262 03e5 F4030000 		.4byte	0x3f4
 1263 03e9 F4030000 		.4byte	0x3f4
 1264 03ed 22       		.uleb128 0x22
 1265 03ee 7D000000 		.4byte	0x7d
 1266 03f2 05       		.byte	0x5
 1267 03f3 00       		.byte	0
 1268 03f4 11       		.uleb128 0x11
 1269 03f5 D8030000 		.4byte	0x3d8
 1270 03f9 1C       		.uleb128 0x1c
ARM GAS  C:\Users\elias\AppData\Local\Temp\ccHjQlMh.s 			page 33


 1271 03fa 9B010000 		.4byte	.LASF47
 1272 03fe 01       		.byte	0x1
 1273 03ff CB01     		.2byte	0x1cb
 1274 0401 0B040000 		.4byte	0x40b
 1275 0405 05       		.uleb128 0x5
 1276 0406 03       		.byte	0x3
 1277 0407 0C000000 		.4byte	cfg_memset_list.5027
 1278 040b 11       		.uleb128 0x11
 1279 040c E4030000 		.4byte	0x3e4
 1280 0410 23       		.uleb128 0x23
 1281 0411 6900     		.ascii	"i\000"
 1282 0413 01       		.byte	0x1
 1283 0414 D501     		.2byte	0x1d5
 1284 0416 8D000000 		.4byte	0x8d
 1285 041a BD010000 		.4byte	.LLST14
 1286 041e 1E       		.uleb128 0x1e
 1287 041f 12000000 		.4byte	.LBB4
 1288 0423 14000000 		.4byte	.LBE4-.LBB4
 1289 0427 64040000 		.4byte	0x464
 1290 042b 23       		.uleb128 0x23
 1291 042c 6D7300   		.ascii	"ms\000"
 1292 042f 01       		.byte	0x1
 1293 0430 DA01     		.2byte	0x1da
 1294 0432 3A040000 		.4byte	0x43a
 1295 0436 E7010000 		.4byte	.LLST15
 1296 043a 10       		.uleb128 0x10
 1297 043b 04       		.byte	0x4
 1298 043c F4030000 		.4byte	0x3f4
 1299 0440 15       		.uleb128 0x15
 1300 0441 26000000 		.4byte	.LVL38
 1301 0445 DF010000 		.4byte	0x1df
 1302 0449 16       		.uleb128 0x16
 1303 044a 01       		.uleb128 0x1
 1304 044b 51       		.byte	0x51
 1305 044c 15       		.uleb128 0x15
 1306 044d 74       		.byte	0x74
 1307 044e 00       		.sleb128 0
 1308 044f 31       		.byte	0x31
 1309 0450 24       		.byte	0x24
 1310 0451 74       		.byte	0x74
 1311 0452 00       		.sleb128 0
 1312 0453 22       		.byte	0x22
 1313 0454 31       		.byte	0x31
 1314 0455 24       		.byte	0x24
 1315 0456 03       		.byte	0x3
 1316 0457 10000000 		.4byte	.LANCHOR0+16
 1317 045b 22       		.byte	0x22
 1318 045c 94       		.byte	0x94
 1319 045d 02       		.byte	0x2
 1320 045e 0A       		.byte	0xa
 1321 045f FFFF     		.2byte	0xffff
 1322 0461 1A       		.byte	0x1a
 1323 0462 00       		.byte	0
 1324 0463 00       		.byte	0
 1325 0464 15       		.uleb128 0x15
 1326 0465 38000000 		.4byte	.LVL41
 1327 0469 30010000 		.4byte	0x130
ARM GAS  C:\Users\elias\AppData\Local\Temp\ccHjQlMh.s 			page 34


 1328 046d 16       		.uleb128 0x16
 1329 046e 01       		.uleb128 0x1
 1330 046f 50       		.byte	0x50
 1331 0470 03       		.uleb128 0x3
 1332 0471 42       		.byte	0x42
 1333 0472 4A       		.byte	0x4a
 1334 0473 24       		.byte	0x24
 1335 0474 16       		.uleb128 0x16
 1336 0475 01       		.uleb128 0x1
 1337 0476 51       		.byte	0x51
 1338 0477 05       		.uleb128 0x5
 1339 0478 0C       		.byte	0xc
 1340 0479 70000048 		.4byte	0x48000070
 1341 047d 00       		.byte	0
 1342 047e 00       		.byte	0
 1343 047f 19       		.uleb128 0x19
 1344 0480 7C000000 		.4byte	.LVL43
 1345 0484 2C020000 		.4byte	0x22c
 1346 0488 A4040000 		.4byte	0x4a4
 1347 048c 16       		.uleb128 0x16
 1348 048d 01       		.uleb128 0x1
 1349 048e 50       		.byte	0x50
 1350 048f 05       		.uleb128 0x5
 1351 0490 0C       		.byte	0xc
 1352 0491 02510040 		.4byte	0x40005102
 1353 0495 16       		.uleb128 0x16
 1354 0496 01       		.uleb128 0x1
 1355 0497 51       		.byte	0x51
 1356 0498 05       		.uleb128 0x5
 1357 0499 0C       		.byte	0xc
 1358 049a EC050048 		.4byte	0x480005ec
 1359 049e 16       		.uleb128 0x16
 1360 049f 01       		.uleb128 0x1
 1361 04a0 52       		.byte	0x52
 1362 04a1 01       		.uleb128 0x1
 1363 04a2 38       		.byte	0x38
 1364 04a3 00       		.byte	0
 1365 04a4 19       		.uleb128 0x19
 1366 04a5 86000000 		.4byte	.LVL44
 1367 04a9 2C020000 		.4byte	0x22c
 1368 04ad C9040000 		.4byte	0x4c9
 1369 04b1 16       		.uleb128 0x16
 1370 04b2 01       		.uleb128 0x1
 1371 04b3 50       		.byte	0x50
 1372 04b4 05       		.uleb128 0x5
 1373 04b5 0C       		.byte	0xc
 1374 04b6 C2510040 		.4byte	0x400051c2
 1375 04ba 16       		.uleb128 0x16
 1376 04bb 01       		.uleb128 0x1
 1377 04bc 51       		.byte	0x51
 1378 04bd 05       		.uleb128 0x5
 1379 04be 0C       		.byte	0xc
 1380 04bf F4050048 		.4byte	0x480005f4
 1381 04c3 16       		.uleb128 0x16
 1382 04c4 01       		.uleb128 0x1
 1383 04c5 52       		.byte	0x52
 1384 04c6 01       		.uleb128 0x1
ARM GAS  C:\Users\elias\AppData\Local\Temp\ccHjQlMh.s 			page 35


 1385 04c7 38       		.byte	0x38
 1386 04c8 00       		.byte	0
 1387 04c9 19       		.uleb128 0x19
 1388 04ca 90000000 		.4byte	.LVL45
 1389 04ce 2C020000 		.4byte	0x22c
 1390 04d2 EE040000 		.4byte	0x4ee
 1391 04d6 16       		.uleb128 0x16
 1392 04d7 01       		.uleb128 0x1
 1393 04d8 50       		.byte	0x50
 1394 04d9 05       		.uleb128 0x5
 1395 04da 0C       		.byte	0xc
 1396 04db F2510040 		.4byte	0x400051f2
 1397 04df 16       		.uleb128 0x16
 1398 04e0 01       		.uleb128 0x1
 1399 04e1 51       		.byte	0x51
 1400 04e2 05       		.uleb128 0x5
 1401 04e3 0C       		.byte	0xc
 1402 04e4 FC050048 		.4byte	0x480005fc
 1403 04e8 16       		.uleb128 0x16
 1404 04e9 01       		.uleb128 0x1
 1405 04ea 52       		.byte	0x52
 1406 04eb 01       		.uleb128 0x1
 1407 04ec 38       		.byte	0x38
 1408 04ed 00       		.byte	0
 1409 04ee 19       		.uleb128 0x19
 1410 04ef 9A000000 		.4byte	.LVL46
 1411 04f3 2C020000 		.4byte	0x22c
 1412 04f7 14050000 		.4byte	0x514
 1413 04fb 16       		.uleb128 0x16
 1414 04fc 01       		.uleb128 0x1
 1415 04fd 50       		.byte	0x50
 1416 04fe 05       		.uleb128 0x5
 1417 04ff 0C       		.byte	0xc
 1418 0500 10510040 		.4byte	0x40005110
 1419 0504 16       		.uleb128 0x16
 1420 0505 01       		.uleb128 0x1
 1421 0506 51       		.byte	0x51
 1422 0507 05       		.uleb128 0x5
 1423 0508 0C       		.byte	0xc
 1424 0509 04060048 		.4byte	0x48000604
 1425 050d 16       		.uleb128 0x16
 1426 050e 01       		.uleb128 0x1
 1427 050f 52       		.byte	0x52
 1428 0510 02       		.uleb128 0x2
 1429 0511 75       		.byte	0x75
 1430 0512 00       		.sleb128 0
 1431 0513 00       		.byte	0
 1432 0514 19       		.uleb128 0x19
 1433 0515 A4000000 		.4byte	.LVL47
 1434 0519 2C020000 		.4byte	0x22c
 1435 051d 39050000 		.4byte	0x539
 1436 0521 16       		.uleb128 0x16
 1437 0522 01       		.uleb128 0x1
 1438 0523 50       		.byte	0x50
 1439 0524 05       		.uleb128 0x5
 1440 0525 0C       		.byte	0xc
 1441 0526 22510040 		.4byte	0x40005122
ARM GAS  C:\Users\elias\AppData\Local\Temp\ccHjQlMh.s 			page 36


 1442 052a 16       		.uleb128 0x16
 1443 052b 01       		.uleb128 0x1
 1444 052c 51       		.byte	0x51
 1445 052d 05       		.uleb128 0x5
 1446 052e 0C       		.byte	0xc
 1447 052f 10060048 		.4byte	0x48000610
 1448 0533 16       		.uleb128 0x16
 1449 0534 01       		.uleb128 0x1
 1450 0535 52       		.byte	0x52
 1451 0536 01       		.uleb128 0x1
 1452 0537 38       		.byte	0x38
 1453 0538 00       		.byte	0
 1454 0539 19       		.uleb128 0x19
 1455 053a AE000000 		.4byte	.LVL48
 1456 053e 2C020000 		.4byte	0x22c
 1457 0542 5E050000 		.4byte	0x55e
 1458 0546 16       		.uleb128 0x16
 1459 0547 01       		.uleb128 0x1
 1460 0548 50       		.byte	0x50
 1461 0549 05       		.uleb128 0x5
 1462 054a 0C       		.byte	0xc
 1463 054b 32510040 		.4byte	0x40005132
 1464 054f 16       		.uleb128 0x16
 1465 0550 01       		.uleb128 0x1
 1466 0551 51       		.byte	0x51
 1467 0552 05       		.uleb128 0x5
 1468 0553 0C       		.byte	0xc
 1469 0554 18060048 		.4byte	0x48000618
 1470 0558 16       		.uleb128 0x16
 1471 0559 01       		.uleb128 0x1
 1472 055a 52       		.byte	0x52
 1473 055b 01       		.uleb128 0x1
 1474 055c 38       		.byte	0x38
 1475 055d 00       		.byte	0
 1476 055e 24       		.uleb128 0x24
 1477 055f C2000000 		.4byte	.LVL49
 1478 0563 93020000 		.4byte	0x293
 1479 0567 24       		.uleb128 0x24
 1480 0568 D0000000 		.4byte	.LVL50
 1481 056c B8010000 		.4byte	0x1b8
 1482 0570 15       		.uleb128 0x15
 1483 0571 DA000000 		.4byte	.LVL51
 1484 0575 2C020000 		.4byte	0x22c
 1485 0579 16       		.uleb128 0x16
 1486 057a 01       		.uleb128 0x1
 1487 057b 50       		.byte	0x50
 1488 057c 05       		.uleb128 0x5
 1489 057d 0C       		.byte	0xc
 1490 057e B0430040 		.4byte	0x400043b0
 1491 0582 16       		.uleb128 0x16
 1492 0583 01       		.uleb128 0x1
 1493 0584 51       		.byte	0x51
 1494 0585 02       		.uleb128 0x2
 1495 0586 74       		.byte	0x74
 1496 0587 00       		.sleb128 0
 1497 0588 16       		.uleb128 0x16
 1498 0589 01       		.uleb128 0x1
ARM GAS  C:\Users\elias\AppData\Local\Temp\ccHjQlMh.s 			page 37


 1499 058a 52       		.byte	0x52
 1500 058b 01       		.uleb128 0x1
 1501 058c 3E       		.byte	0x3e
 1502 058d 00       		.byte	0
 1503 058e 00       		.byte	0
 1504 058f 21       		.uleb128 0x21
 1505 0590 A5050000 		.4byte	0x5a5
 1506 0594 9F050000 		.4byte	0x59f
 1507 0598 22       		.uleb128 0x22
 1508 0599 7D000000 		.4byte	0x7d
 1509 059d 01       		.byte	0x1
 1510 059e 00       		.byte	0
 1511 059f 10       		.uleb128 0x10
 1512 05a0 04       		.byte	0x4
 1513 05a1 8D000000 		.4byte	0x8d
 1514 05a5 11       		.uleb128 0x11
 1515 05a6 9F050000 		.4byte	0x59f
 1516 05aa 25       		.uleb128 0x25
 1517 05ab A8000000 		.4byte	.LASF48
 1518 05af 01       		.byte	0x1
 1519 05b0 7001     		.2byte	0x170
 1520 05b2 BC050000 		.4byte	0x5bc
 1521 05b6 05       		.uleb128 0x5
 1522 05b7 03       		.byte	0x3
 1523 05b8 00000000 		.4byte	ADC_AMux__addrTable
 1524 05bc 11       		.uleb128 0x11
 1525 05bd 8F050000 		.4byte	0x58f
 1526 05c1 21       		.uleb128 0x21
 1527 05c2 D1050000 		.4byte	0x5d1
 1528 05c6 D1050000 		.4byte	0x5d1
 1529 05ca 22       		.uleb128 0x22
 1530 05cb 7D000000 		.4byte	0x7d
 1531 05cf 01       		.byte	0x1
 1532 05d0 00       		.byte	0
 1533 05d1 11       		.uleb128 0x11
 1534 05d2 8D000000 		.4byte	0x8d
 1535 05d6 25       		.uleb128 0x25
 1536 05d7 53010000 		.4byte	.LASF49
 1537 05db 01       		.byte	0x1
 1538 05dc 7701     		.2byte	0x177
 1539 05de E8050000 		.4byte	0x5e8
 1540 05e2 05       		.uleb128 0x5
 1541 05e3 03       		.byte	0x3
 1542 05e4 00000000 		.4byte	ADC_AMux__maskTable
 1543 05e8 11       		.uleb128 0x11
 1544 05e9 C1050000 		.4byte	0x5c1
 1545 05ed 26       		.uleb128 0x26
 1546 05ee F7020000 		.4byte	.LASF50
 1547 05f2 F7020000 		.4byte	.LASF50
 1548 05f6 26       		.uleb128 0x26
 1549 05f7 E0000000 		.4byte	.LASF51
 1550 05fb E0000000 		.4byte	.LASF51
 1551 05ff 27       		.uleb128 0x27
 1552 0600 C5010000 		.4byte	.LASF56
 1553 0604 C5010000 		.4byte	.LASF56
 1554 0608 04       		.byte	0x4
 1555 0609 79       		.byte	0x79
ARM GAS  C:\Users\elias\AppData\Local\Temp\ccHjQlMh.s 			page 38


 1556 060a 00       		.byte	0
 1557              		.section	.debug_abbrev,"",%progbits
 1558              	.Ldebug_abbrev0:
 1559 0000 01       		.uleb128 0x1
 1560 0001 11       		.uleb128 0x11
 1561 0002 01       		.byte	0x1
 1562 0003 25       		.uleb128 0x25
 1563 0004 0E       		.uleb128 0xe
 1564 0005 13       		.uleb128 0x13
 1565 0006 0B       		.uleb128 0xb
 1566 0007 03       		.uleb128 0x3
 1567 0008 0E       		.uleb128 0xe
 1568 0009 1B       		.uleb128 0x1b
 1569 000a 0E       		.uleb128 0xe
 1570 000b 55       		.uleb128 0x55
 1571 000c 17       		.uleb128 0x17
 1572 000d 11       		.uleb128 0x11
 1573 000e 01       		.uleb128 0x1
 1574 000f 10       		.uleb128 0x10
 1575 0010 17       		.uleb128 0x17
 1576 0011 00       		.byte	0
 1577 0012 00       		.byte	0
 1578 0013 02       		.uleb128 0x2
 1579 0014 24       		.uleb128 0x24
 1580 0015 00       		.byte	0
 1581 0016 0B       		.uleb128 0xb
 1582 0017 0B       		.uleb128 0xb
 1583 0018 3E       		.uleb128 0x3e
 1584 0019 0B       		.uleb128 0xb
 1585 001a 03       		.uleb128 0x3
 1586 001b 08       		.uleb128 0x8
 1587 001c 00       		.byte	0
 1588 001d 00       		.byte	0
 1589 001e 03       		.uleb128 0x3
 1590 001f 16       		.uleb128 0x16
 1591 0020 00       		.byte	0
 1592 0021 03       		.uleb128 0x3
 1593 0022 0E       		.uleb128 0xe
 1594 0023 3A       		.uleb128 0x3a
 1595 0024 0B       		.uleb128 0xb
 1596 0025 3B       		.uleb128 0x3b
 1597 0026 0B       		.uleb128 0xb
 1598 0027 49       		.uleb128 0x49
 1599 0028 13       		.uleb128 0x13
 1600 0029 00       		.byte	0
 1601 002a 00       		.byte	0
 1602 002b 04       		.uleb128 0x4
 1603 002c 24       		.uleb128 0x24
 1604 002d 00       		.byte	0
 1605 002e 0B       		.uleb128 0xb
 1606 002f 0B       		.uleb128 0xb
 1607 0030 3E       		.uleb128 0x3e
 1608 0031 0B       		.uleb128 0xb
 1609 0032 03       		.uleb128 0x3
 1610 0033 0E       		.uleb128 0xe
 1611 0034 00       		.byte	0
 1612 0035 00       		.byte	0
ARM GAS  C:\Users\elias\AppData\Local\Temp\ccHjQlMh.s 			page 39


 1613 0036 05       		.uleb128 0x5
 1614 0037 0F       		.uleb128 0xf
 1615 0038 00       		.byte	0
 1616 0039 0B       		.uleb128 0xb
 1617 003a 0B       		.uleb128 0xb
 1618 003b 00       		.byte	0
 1619 003c 00       		.byte	0
 1620 003d 06       		.uleb128 0x6
 1621 003e 16       		.uleb128 0x16
 1622 003f 00       		.byte	0
 1623 0040 03       		.uleb128 0x3
 1624 0041 0E       		.uleb128 0xe
 1625 0042 3A       		.uleb128 0x3a
 1626 0043 0B       		.uleb128 0xb
 1627 0044 3B       		.uleb128 0x3b
 1628 0045 05       		.uleb128 0x5
 1629 0046 49       		.uleb128 0x49
 1630 0047 13       		.uleb128 0x13
 1631 0048 00       		.byte	0
 1632 0049 00       		.byte	0
 1633 004a 07       		.uleb128 0x7
 1634 004b 35       		.uleb128 0x35
 1635 004c 00       		.byte	0
 1636 004d 49       		.uleb128 0x49
 1637 004e 13       		.uleb128 0x13
 1638 004f 00       		.byte	0
 1639 0050 00       		.byte	0
 1640 0051 08       		.uleb128 0x8
 1641 0052 13       		.uleb128 0x13
 1642 0053 01       		.byte	0x1
 1643 0054 0B       		.uleb128 0xb
 1644 0055 0B       		.uleb128 0xb
 1645 0056 3A       		.uleb128 0x3a
 1646 0057 0B       		.uleb128 0xb
 1647 0058 3B       		.uleb128 0x3b
 1648 0059 0B       		.uleb128 0xb
 1649 005a 01       		.uleb128 0x1
 1650 005b 13       		.uleb128 0x13
 1651 005c 00       		.byte	0
 1652 005d 00       		.byte	0
 1653 005e 09       		.uleb128 0x9
 1654 005f 0D       		.uleb128 0xd
 1655 0060 00       		.byte	0
 1656 0061 03       		.uleb128 0x3
 1657 0062 0E       		.uleb128 0xe
 1658 0063 3A       		.uleb128 0x3a
 1659 0064 0B       		.uleb128 0xb
 1660 0065 3B       		.uleb128 0x3b
 1661 0066 0B       		.uleb128 0xb
 1662 0067 49       		.uleb128 0x49
 1663 0068 13       		.uleb128 0x13
 1664 0069 38       		.uleb128 0x38
 1665 006a 0B       		.uleb128 0xb
 1666 006b 00       		.byte	0
 1667 006c 00       		.byte	0
 1668 006d 0A       		.uleb128 0xa
 1669 006e 2E       		.uleb128 0x2e
ARM GAS  C:\Users\elias\AppData\Local\Temp\ccHjQlMh.s 			page 40


 1670 006f 01       		.byte	0x1
 1671 0070 03       		.uleb128 0x3
 1672 0071 0E       		.uleb128 0xe
 1673 0072 3A       		.uleb128 0x3a
 1674 0073 0B       		.uleb128 0xb
 1675 0074 3B       		.uleb128 0x3b
 1676 0075 0B       		.uleb128 0xb
 1677 0076 27       		.uleb128 0x27
 1678 0077 19       		.uleb128 0x19
 1679 0078 8701     		.uleb128 0x87
 1680 007a 19       		.uleb128 0x19
 1681 007b 11       		.uleb128 0x11
 1682 007c 01       		.uleb128 0x1
 1683 007d 12       		.uleb128 0x12
 1684 007e 06       		.uleb128 0x6
 1685 007f 40       		.uleb128 0x40
 1686 0080 18       		.uleb128 0x18
 1687 0081 9742     		.uleb128 0x2117
 1688 0083 19       		.uleb128 0x19
 1689 0084 01       		.uleb128 0x1
 1690 0085 13       		.uleb128 0x13
 1691 0086 00       		.byte	0
 1692 0087 00       		.byte	0
 1693 0088 0B       		.uleb128 0xb
 1694 0089 05       		.uleb128 0x5
 1695 008a 00       		.byte	0
 1696 008b 03       		.uleb128 0x3
 1697 008c 0E       		.uleb128 0xe
 1698 008d 3A       		.uleb128 0x3a
 1699 008e 0B       		.uleb128 0xb
 1700 008f 3B       		.uleb128 0x3b
 1701 0090 0B       		.uleb128 0xb
 1702 0091 49       		.uleb128 0x49
 1703 0092 13       		.uleb128 0x13
 1704 0093 02       		.uleb128 0x2
 1705 0094 18       		.uleb128 0x18
 1706 0095 00       		.byte	0
 1707 0096 00       		.byte	0
 1708 0097 0C       		.uleb128 0xc
 1709 0098 2E       		.uleb128 0x2e
 1710 0099 01       		.byte	0x1
 1711 009a 03       		.uleb128 0x3
 1712 009b 0E       		.uleb128 0xe
 1713 009c 3A       		.uleb128 0x3a
 1714 009d 0B       		.uleb128 0xb
 1715 009e 3B       		.uleb128 0x3b
 1716 009f 0B       		.uleb128 0xb
 1717 00a0 27       		.uleb128 0x27
 1718 00a1 19       		.uleb128 0x19
 1719 00a2 11       		.uleb128 0x11
 1720 00a3 01       		.uleb128 0x1
 1721 00a4 12       		.uleb128 0x12
 1722 00a5 06       		.uleb128 0x6
 1723 00a6 40       		.uleb128 0x40
 1724 00a7 18       		.uleb128 0x18
 1725 00a8 9742     		.uleb128 0x2117
 1726 00aa 19       		.uleb128 0x19
ARM GAS  C:\Users\elias\AppData\Local\Temp\ccHjQlMh.s 			page 41


 1727 00ab 01       		.uleb128 0x1
 1728 00ac 13       		.uleb128 0x13
 1729 00ad 00       		.byte	0
 1730 00ae 00       		.byte	0
 1731 00af 0D       		.uleb128 0xd
 1732 00b0 34       		.uleb128 0x34
 1733 00b1 00       		.byte	0
 1734 00b2 03       		.uleb128 0x3
 1735 00b3 08       		.uleb128 0x8
 1736 00b4 3A       		.uleb128 0x3a
 1737 00b5 0B       		.uleb128 0xb
 1738 00b6 3B       		.uleb128 0x3b
 1739 00b7 0B       		.uleb128 0xb
 1740 00b8 49       		.uleb128 0x49
 1741 00b9 13       		.uleb128 0x13
 1742 00ba 02       		.uleb128 0x2
 1743 00bb 17       		.uleb128 0x17
 1744 00bc 00       		.byte	0
 1745 00bd 00       		.byte	0
 1746 00be 0E       		.uleb128 0xe
 1747 00bf 0B       		.uleb128 0xb
 1748 00c0 01       		.byte	0x1
 1749 00c1 11       		.uleb128 0x11
 1750 00c2 01       		.uleb128 0x1
 1751 00c3 12       		.uleb128 0x12
 1752 00c4 06       		.uleb128 0x6
 1753 00c5 00       		.byte	0
 1754 00c6 00       		.byte	0
 1755 00c7 0F       		.uleb128 0xf
 1756 00c8 34       		.uleb128 0x34
 1757 00c9 00       		.byte	0
 1758 00ca 03       		.uleb128 0x3
 1759 00cb 0E       		.uleb128 0xe
 1760 00cc 3A       		.uleb128 0x3a
 1761 00cd 0B       		.uleb128 0xb
 1762 00ce 3B       		.uleb128 0x3b
 1763 00cf 0B       		.uleb128 0xb
 1764 00d0 49       		.uleb128 0x49
 1765 00d1 13       		.uleb128 0x13
 1766 00d2 02       		.uleb128 0x2
 1767 00d3 17       		.uleb128 0x17
 1768 00d4 00       		.byte	0
 1769 00d5 00       		.byte	0
 1770 00d6 10       		.uleb128 0x10
 1771 00d7 0F       		.uleb128 0xf
 1772 00d8 00       		.byte	0
 1773 00d9 0B       		.uleb128 0xb
 1774 00da 0B       		.uleb128 0xb
 1775 00db 49       		.uleb128 0x49
 1776 00dc 13       		.uleb128 0x13
 1777 00dd 00       		.byte	0
 1778 00de 00       		.byte	0
 1779 00df 11       		.uleb128 0x11
 1780 00e0 26       		.uleb128 0x26
 1781 00e1 00       		.byte	0
 1782 00e2 49       		.uleb128 0x49
 1783 00e3 13       		.uleb128 0x13
ARM GAS  C:\Users\elias\AppData\Local\Temp\ccHjQlMh.s 			page 42


 1784 00e4 00       		.byte	0
 1785 00e5 00       		.byte	0
 1786 00e6 12       		.uleb128 0x12
 1787 00e7 2E       		.uleb128 0x2e
 1788 00e8 01       		.byte	0x1
 1789 00e9 03       		.uleb128 0x3
 1790 00ea 0E       		.uleb128 0xe
 1791 00eb 3A       		.uleb128 0x3a
 1792 00ec 0B       		.uleb128 0xb
 1793 00ed 3B       		.uleb128 0x3b
 1794 00ee 05       		.uleb128 0x5
 1795 00ef 27       		.uleb128 0x27
 1796 00f0 19       		.uleb128 0x19
 1797 00f1 11       		.uleb128 0x11
 1798 00f2 01       		.uleb128 0x1
 1799 00f3 12       		.uleb128 0x12
 1800 00f4 06       		.uleb128 0x6
 1801 00f5 40       		.uleb128 0x40
 1802 00f6 18       		.uleb128 0x18
 1803 00f7 9742     		.uleb128 0x2117
 1804 00f9 19       		.uleb128 0x19
 1805 00fa 01       		.uleb128 0x1
 1806 00fb 13       		.uleb128 0x13
 1807 00fc 00       		.byte	0
 1808 00fd 00       		.byte	0
 1809 00fe 13       		.uleb128 0x13
 1810 00ff 34       		.uleb128 0x34
 1811 0100 00       		.byte	0
 1812 0101 03       		.uleb128 0x3
 1813 0102 0E       		.uleb128 0xe
 1814 0103 3A       		.uleb128 0x3a
 1815 0104 0B       		.uleb128 0xb
 1816 0105 3B       		.uleb128 0x3b
 1817 0106 05       		.uleb128 0x5
 1818 0107 49       		.uleb128 0x49
 1819 0108 13       		.uleb128 0x13
 1820 0109 02       		.uleb128 0x2
 1821 010a 17       		.uleb128 0x17
 1822 010b 00       		.byte	0
 1823 010c 00       		.byte	0
 1824 010d 14       		.uleb128 0x14
 1825 010e 05       		.uleb128 0x5
 1826 010f 00       		.byte	0
 1827 0110 03       		.uleb128 0x3
 1828 0111 08       		.uleb128 0x8
 1829 0112 3A       		.uleb128 0x3a
 1830 0113 0B       		.uleb128 0xb
 1831 0114 3B       		.uleb128 0x3b
 1832 0115 0B       		.uleb128 0xb
 1833 0116 49       		.uleb128 0x49
 1834 0117 13       		.uleb128 0x13
 1835 0118 02       		.uleb128 0x2
 1836 0119 17       		.uleb128 0x17
 1837 011a 00       		.byte	0
 1838 011b 00       		.byte	0
 1839 011c 15       		.uleb128 0x15
 1840 011d 898201   		.uleb128 0x4109
ARM GAS  C:\Users\elias\AppData\Local\Temp\ccHjQlMh.s 			page 43


 1841 0120 01       		.byte	0x1
 1842 0121 11       		.uleb128 0x11
 1843 0122 01       		.uleb128 0x1
 1844 0123 31       		.uleb128 0x31
 1845 0124 13       		.uleb128 0x13
 1846 0125 00       		.byte	0
 1847 0126 00       		.byte	0
 1848 0127 16       		.uleb128 0x16
 1849 0128 8A8201   		.uleb128 0x410a
 1850 012b 00       		.byte	0
 1851 012c 02       		.uleb128 0x2
 1852 012d 18       		.uleb128 0x18
 1853 012e 9142     		.uleb128 0x2111
 1854 0130 18       		.uleb128 0x18
 1855 0131 00       		.byte	0
 1856 0132 00       		.byte	0
 1857 0133 17       		.uleb128 0x17
 1858 0134 05       		.uleb128 0x5
 1859 0135 00       		.byte	0
 1860 0136 03       		.uleb128 0x3
 1861 0137 0E       		.uleb128 0xe
 1862 0138 3A       		.uleb128 0x3a
 1863 0139 0B       		.uleb128 0xb
 1864 013a 3B       		.uleb128 0x3b
 1865 013b 0B       		.uleb128 0xb
 1866 013c 49       		.uleb128 0x49
 1867 013d 13       		.uleb128 0x13
 1868 013e 02       		.uleb128 0x2
 1869 013f 17       		.uleb128 0x17
 1870 0140 00       		.byte	0
 1871 0141 00       		.byte	0
 1872 0142 18       		.uleb128 0x18
 1873 0143 26       		.uleb128 0x26
 1874 0144 00       		.byte	0
 1875 0145 00       		.byte	0
 1876 0146 00       		.byte	0
 1877 0147 19       		.uleb128 0x19
 1878 0148 898201   		.uleb128 0x4109
 1879 014b 01       		.byte	0x1
 1880 014c 11       		.uleb128 0x11
 1881 014d 01       		.uleb128 0x1
 1882 014e 31       		.uleb128 0x31
 1883 014f 13       		.uleb128 0x13
 1884 0150 01       		.uleb128 0x1
 1885 0151 13       		.uleb128 0x13
 1886 0152 00       		.byte	0
 1887 0153 00       		.byte	0
 1888 0154 1A       		.uleb128 0x1a
 1889 0155 2E       		.uleb128 0x2e
 1890 0156 01       		.byte	0x1
 1891 0157 3F       		.uleb128 0x3f
 1892 0158 19       		.uleb128 0x19
 1893 0159 03       		.uleb128 0x3
 1894 015a 0E       		.uleb128 0xe
 1895 015b 3A       		.uleb128 0x3a
 1896 015c 0B       		.uleb128 0xb
 1897 015d 3B       		.uleb128 0x3b
ARM GAS  C:\Users\elias\AppData\Local\Temp\ccHjQlMh.s 			page 44


 1898 015e 05       		.uleb128 0x5
 1899 015f 27       		.uleb128 0x27
 1900 0160 19       		.uleb128 0x19
 1901 0161 11       		.uleb128 0x11
 1902 0162 01       		.uleb128 0x1
 1903 0163 12       		.uleb128 0x12
 1904 0164 06       		.uleb128 0x6
 1905 0165 40       		.uleb128 0x40
 1906 0166 18       		.uleb128 0x18
 1907 0167 9742     		.uleb128 0x2117
 1908 0169 19       		.uleb128 0x19
 1909 016a 01       		.uleb128 0x1
 1910 016b 13       		.uleb128 0x13
 1911 016c 00       		.byte	0
 1912 016d 00       		.byte	0
 1913 016e 1B       		.uleb128 0x1b
 1914 016f 05       		.uleb128 0x5
 1915 0170 00       		.byte	0
 1916 0171 03       		.uleb128 0x3
 1917 0172 0E       		.uleb128 0xe
 1918 0173 3A       		.uleb128 0x3a
 1919 0174 0B       		.uleb128 0xb
 1920 0175 3B       		.uleb128 0x3b
 1921 0176 05       		.uleb128 0x5
 1922 0177 49       		.uleb128 0x49
 1923 0178 13       		.uleb128 0x13
 1924 0179 02       		.uleb128 0x2
 1925 017a 18       		.uleb128 0x18
 1926 017b 00       		.byte	0
 1927 017c 00       		.byte	0
 1928 017d 1C       		.uleb128 0x1c
 1929 017e 34       		.uleb128 0x34
 1930 017f 00       		.byte	0
 1931 0180 03       		.uleb128 0x3
 1932 0181 0E       		.uleb128 0xe
 1933 0182 3A       		.uleb128 0x3a
 1934 0183 0B       		.uleb128 0xb
 1935 0184 3B       		.uleb128 0x3b
 1936 0185 05       		.uleb128 0x5
 1937 0186 49       		.uleb128 0x49
 1938 0187 13       		.uleb128 0x13
 1939 0188 02       		.uleb128 0x2
 1940 0189 18       		.uleb128 0x18
 1941 018a 00       		.byte	0
 1942 018b 00       		.byte	0
 1943 018c 1D       		.uleb128 0x1d
 1944 018d 05       		.uleb128 0x5
 1945 018e 00       		.byte	0
 1946 018f 03       		.uleb128 0x3
 1947 0190 0E       		.uleb128 0xe
 1948 0191 3A       		.uleb128 0x3a
 1949 0192 0B       		.uleb128 0xb
 1950 0193 3B       		.uleb128 0x3b
 1951 0194 05       		.uleb128 0x5
 1952 0195 49       		.uleb128 0x49
 1953 0196 13       		.uleb128 0x13
 1954 0197 02       		.uleb128 0x2
ARM GAS  C:\Users\elias\AppData\Local\Temp\ccHjQlMh.s 			page 45


 1955 0198 17       		.uleb128 0x17
 1956 0199 00       		.byte	0
 1957 019a 00       		.byte	0
 1958 019b 1E       		.uleb128 0x1e
 1959 019c 0B       		.uleb128 0xb
 1960 019d 01       		.byte	0x1
 1961 019e 11       		.uleb128 0x11
 1962 019f 01       		.uleb128 0x1
 1963 01a0 12       		.uleb128 0x12
 1964 01a1 06       		.uleb128 0x6
 1965 01a2 01       		.uleb128 0x1
 1966 01a3 13       		.uleb128 0x13
 1967 01a4 00       		.byte	0
 1968 01a5 00       		.byte	0
 1969 01a6 1F       		.uleb128 0x1f
 1970 01a7 13       		.uleb128 0x13
 1971 01a8 01       		.byte	0x1
 1972 01a9 0B       		.uleb128 0xb
 1973 01aa 0B       		.uleb128 0xb
 1974 01ab 3A       		.uleb128 0x3a
 1975 01ac 0B       		.uleb128 0xb
 1976 01ad 3B       		.uleb128 0x3b
 1977 01ae 05       		.uleb128 0x5
 1978 01af 01       		.uleb128 0x1
 1979 01b0 13       		.uleb128 0x13
 1980 01b1 00       		.byte	0
 1981 01b2 00       		.byte	0
 1982 01b3 20       		.uleb128 0x20
 1983 01b4 0D       		.uleb128 0xd
 1984 01b5 00       		.byte	0
 1985 01b6 03       		.uleb128 0x3
 1986 01b7 0E       		.uleb128 0xe
 1987 01b8 3A       		.uleb128 0x3a
 1988 01b9 0B       		.uleb128 0xb
 1989 01ba 3B       		.uleb128 0x3b
 1990 01bb 05       		.uleb128 0x5
 1991 01bc 49       		.uleb128 0x49
 1992 01bd 13       		.uleb128 0x13
 1993 01be 38       		.uleb128 0x38
 1994 01bf 0B       		.uleb128 0xb
 1995 01c0 00       		.byte	0
 1996 01c1 00       		.byte	0
 1997 01c2 21       		.uleb128 0x21
 1998 01c3 01       		.uleb128 0x1
 1999 01c4 01       		.byte	0x1
 2000 01c5 49       		.uleb128 0x49
 2001 01c6 13       		.uleb128 0x13
 2002 01c7 01       		.uleb128 0x1
 2003 01c8 13       		.uleb128 0x13
 2004 01c9 00       		.byte	0
 2005 01ca 00       		.byte	0
 2006 01cb 22       		.uleb128 0x22
 2007 01cc 21       		.uleb128 0x21
 2008 01cd 00       		.byte	0
 2009 01ce 49       		.uleb128 0x49
 2010 01cf 13       		.uleb128 0x13
 2011 01d0 2F       		.uleb128 0x2f
ARM GAS  C:\Users\elias\AppData\Local\Temp\ccHjQlMh.s 			page 46


 2012 01d1 0B       		.uleb128 0xb
 2013 01d2 00       		.byte	0
 2014 01d3 00       		.byte	0
 2015 01d4 23       		.uleb128 0x23
 2016 01d5 34       		.uleb128 0x34
 2017 01d6 00       		.byte	0
 2018 01d7 03       		.uleb128 0x3
 2019 01d8 08       		.uleb128 0x8
 2020 01d9 3A       		.uleb128 0x3a
 2021 01da 0B       		.uleb128 0xb
 2022 01db 3B       		.uleb128 0x3b
 2023 01dc 05       		.uleb128 0x5
 2024 01dd 49       		.uleb128 0x49
 2025 01de 13       		.uleb128 0x13
 2026 01df 02       		.uleb128 0x2
 2027 01e0 17       		.uleb128 0x17
 2028 01e1 00       		.byte	0
 2029 01e2 00       		.byte	0
 2030 01e3 24       		.uleb128 0x24
 2031 01e4 898201   		.uleb128 0x4109
 2032 01e7 00       		.byte	0
 2033 01e8 11       		.uleb128 0x11
 2034 01e9 01       		.uleb128 0x1
 2035 01ea 31       		.uleb128 0x31
 2036 01eb 13       		.uleb128 0x13
 2037 01ec 00       		.byte	0
 2038 01ed 00       		.byte	0
 2039 01ee 25       		.uleb128 0x25
 2040 01ef 34       		.uleb128 0x34
 2041 01f0 00       		.byte	0
 2042 01f1 03       		.uleb128 0x3
 2043 01f2 0E       		.uleb128 0xe
 2044 01f3 3A       		.uleb128 0x3a
 2045 01f4 0B       		.uleb128 0xb
 2046 01f5 3B       		.uleb128 0x3b
 2047 01f6 05       		.uleb128 0x5
 2048 01f7 49       		.uleb128 0x49
 2049 01f8 13       		.uleb128 0x13
 2050 01f9 3F       		.uleb128 0x3f
 2051 01fa 19       		.uleb128 0x19
 2052 01fb 02       		.uleb128 0x2
 2053 01fc 18       		.uleb128 0x18
 2054 01fd 00       		.byte	0
 2055 01fe 00       		.byte	0
 2056 01ff 26       		.uleb128 0x26
 2057 0200 2E       		.uleb128 0x2e
 2058 0201 00       		.byte	0
 2059 0202 3F       		.uleb128 0x3f
 2060 0203 19       		.uleb128 0x19
 2061 0204 3C       		.uleb128 0x3c
 2062 0205 19       		.uleb128 0x19
 2063 0206 6E       		.uleb128 0x6e
 2064 0207 0E       		.uleb128 0xe
 2065 0208 03       		.uleb128 0x3
 2066 0209 0E       		.uleb128 0xe
 2067 020a 00       		.byte	0
 2068 020b 00       		.byte	0
ARM GAS  C:\Users\elias\AppData\Local\Temp\ccHjQlMh.s 			page 47


 2069 020c 27       		.uleb128 0x27
 2070 020d 2E       		.uleb128 0x2e
 2071 020e 00       		.byte	0
 2072 020f 3F       		.uleb128 0x3f
 2073 0210 19       		.uleb128 0x19
 2074 0211 3C       		.uleb128 0x3c
 2075 0212 19       		.uleb128 0x19
 2076 0213 6E       		.uleb128 0x6e
 2077 0214 0E       		.uleb128 0xe
 2078 0215 03       		.uleb128 0x3
 2079 0216 0E       		.uleb128 0xe
 2080 0217 3A       		.uleb128 0x3a
 2081 0218 0B       		.uleb128 0xb
 2082 0219 3B       		.uleb128 0x3b
 2083 021a 0B       		.uleb128 0xb
 2084 021b 00       		.byte	0
 2085 021c 00       		.byte	0
 2086 021d 00       		.byte	0
 2087              		.section	.debug_loc,"",%progbits
 2088              	.Ldebug_loc0:
 2089              	.LLST0:
 2090 0000 02000000 		.4byte	.LVL2
 2091 0004 08000000 		.4byte	.LVL3
 2092 0008 0200     		.2byte	0x2
 2093 000a 30       		.byte	0x30
 2094 000b 9F       		.byte	0x9f
 2095 000c 08000000 		.4byte	.LVL3
 2096 0010 32000000 		.4byte	.LVL11
 2097 0014 0100     		.2byte	0x1
 2098 0016 57       		.byte	0x57
 2099 0017 00000000 		.4byte	0
 2100 001b 00000000 		.4byte	0
 2101              	.LLST1:
 2102 001f 02000000 		.4byte	.LVL2
 2103 0023 08000000 		.4byte	.LVL3
 2104 0027 0200     		.2byte	0x2
 2105 0029 30       		.byte	0x30
 2106 002a 9F       		.byte	0x9f
 2107 002b 08000000 		.4byte	.LVL3
 2108 002f 34000000 		.4byte	.LFE4
 2109 0033 0100     		.2byte	0x1
 2110 0035 52       		.byte	0x52
 2111 0036 00000000 		.4byte	0
 2112 003a 00000000 		.4byte	0
 2113              	.LLST2:
 2114 003e 0C000000 		.4byte	.LVL4
 2115 0042 2C000000 		.4byte	.LVL10
 2116 0046 0100     		.2byte	0x1
 2117 0048 56       		.byte	0x56
 2118 0049 00000000 		.4byte	0
 2119 004d 00000000 		.4byte	0
 2120              	.LLST3:
 2121 0051 0E000000 		.4byte	.LVL5
 2122 0055 24000000 		.4byte	.LVL8
 2123 0059 0100     		.2byte	0x1
 2124 005b 53       		.byte	0x53
 2125 005c 26000000 		.4byte	.LVL9
ARM GAS  C:\Users\elias\AppData\Local\Temp\ccHjQlMh.s 			page 48


 2126 0060 2C000000 		.4byte	.LVL10
 2127 0064 0100     		.2byte	0x1
 2128 0066 53       		.byte	0x53
 2129 0067 00000000 		.4byte	0
 2130 006b 00000000 		.4byte	0
 2131              	.LLST4:
 2132 006f 08000000 		.4byte	.LVL12
 2133 0073 12000000 		.4byte	.LVL13
 2134 0077 0100     		.2byte	0x1
 2135 0079 53       		.byte	0x53
 2136 007a 00000000 		.4byte	0
 2137 007e 00000000 		.4byte	0
 2138              	.LLST5:
 2139 0082 00000000 		.4byte	.LVL14
 2140 0086 09000000 		.4byte	.LVL16-1
 2141 008a 0100     		.2byte	0x1
 2142 008c 50       		.byte	0x50
 2143 008d 09000000 		.4byte	.LVL16-1
 2144 0091 0C000000 		.4byte	.LFE0
 2145 0095 0400     		.2byte	0x4
 2146 0097 F3       		.byte	0xf3
 2147 0098 01       		.uleb128 0x1
 2148 0099 50       		.byte	0x50
 2149 009a 9F       		.byte	0x9f
 2150 009b 00000000 		.4byte	0
 2151 009f 00000000 		.4byte	0
 2152              	.LLST6:
 2153 00a3 00000000 		.4byte	.LVL14
 2154 00a7 06000000 		.4byte	.LVL15
 2155 00ab 0100     		.2byte	0x1
 2156 00ad 51       		.byte	0x51
 2157 00ae 06000000 		.4byte	.LVL15
 2158 00b2 09000000 		.4byte	.LVL16-1
 2159 00b6 0100     		.2byte	0x1
 2160 00b8 52       		.byte	0x52
 2161 00b9 09000000 		.4byte	.LVL16-1
 2162 00bd 0C000000 		.4byte	.LFE0
 2163 00c1 0400     		.2byte	0x4
 2164 00c3 F3       		.byte	0xf3
 2165 00c4 01       		.uleb128 0x1
 2166 00c5 51       		.byte	0x51
 2167 00c6 9F       		.byte	0x9f
 2168 00c7 00000000 		.4byte	0
 2169 00cb 00000000 		.4byte	0
 2170              	.LLST7:
 2171 00cf 00000000 		.4byte	.LVL17
 2172 00d3 05000000 		.4byte	.LVL18-1
 2173 00d7 0100     		.2byte	0x1
 2174 00d9 50       		.byte	0x50
 2175 00da 05000000 		.4byte	.LVL18-1
 2176 00de 08000000 		.4byte	.LFE1
 2177 00e2 0400     		.2byte	0x4
 2178 00e4 F3       		.byte	0xf3
 2179 00e5 01       		.uleb128 0x1
 2180 00e6 50       		.byte	0x50
 2181 00e7 9F       		.byte	0x9f
 2182 00e8 00000000 		.4byte	0
ARM GAS  C:\Users\elias\AppData\Local\Temp\ccHjQlMh.s 			page 49


 2183 00ec 00000000 		.4byte	0
 2184              	.LLST8:
 2185 00f0 00000000 		.4byte	.LVL17
 2186 00f4 05000000 		.4byte	.LVL18-1
 2187 00f8 0100     		.2byte	0x1
 2188 00fa 51       		.byte	0x51
 2189 00fb 05000000 		.4byte	.LVL18-1
 2190 00ff 08000000 		.4byte	.LFE1
 2191 0103 0400     		.2byte	0x4
 2192 0105 F3       		.byte	0xf3
 2193 0106 01       		.uleb128 0x1
 2194 0107 51       		.byte	0x51
 2195 0108 9F       		.byte	0x9f
 2196 0109 00000000 		.4byte	0
 2197 010d 00000000 		.4byte	0
 2198              	.LLST9:
 2199 0111 00000000 		.4byte	.LVL17
 2200 0115 05000000 		.4byte	.LVL18-1
 2201 0119 0100     		.2byte	0x1
 2202 011b 52       		.byte	0x52
 2203 011c 05000000 		.4byte	.LVL18-1
 2204 0120 08000000 		.4byte	.LFE1
 2205 0124 0400     		.2byte	0x4
 2206 0126 F3       		.byte	0xf3
 2207 0127 01       		.uleb128 0x1
 2208 0128 52       		.byte	0x52
 2209 0129 9F       		.byte	0x9f
 2210 012a 00000000 		.4byte	0
 2211 012e 00000000 		.4byte	0
 2212              	.LLST10:
 2213 0132 4A000000 		.4byte	.LVL20
 2214 0136 4C000000 		.4byte	.LVL21
 2215 013a 0200     		.2byte	0x2
 2216 013c 49       		.byte	0x49
 2217 013d 9F       		.byte	0x9f
 2218 013e 4C000000 		.4byte	.LVL21
 2219 0142 BA000000 		.4byte	.LVL27
 2220 0146 0100     		.2byte	0x1
 2221 0148 55       		.byte	0x55
 2222 0149 00000000 		.4byte	0
 2223 014d 00000000 		.4byte	0
 2224              	.LLST11:
 2225 0151 4A000000 		.4byte	.LVL20
 2226 0155 4C000000 		.4byte	.LVL21
 2227 0159 0200     		.2byte	0x2
 2228 015b 30       		.byte	0x30
 2229 015c 9F       		.byte	0x9f
 2230 015d 4C000000 		.4byte	.LVL21
 2231 0161 58000000 		.4byte	.LVL22
 2232 0165 0100     		.2byte	0x1
 2233 0167 54       		.byte	0x54
 2234 0168 5C000000 		.4byte	.LVL23
 2235 016c BA000000 		.4byte	.LVL27
 2236 0170 0100     		.2byte	0x1
 2237 0172 54       		.byte	0x54
 2238 0173 00000000 		.4byte	0
 2239 0177 00000000 		.4byte	0
ARM GAS  C:\Users\elias\AppData\Local\Temp\ccHjQlMh.s 			page 50


 2240              	.LLST12:
 2241 017b 00000000 		.4byte	.LVL32
 2242 017f 0C000000 		.4byte	.LVL33
 2243 0183 0100     		.2byte	0x1
 2244 0185 50       		.byte	0x50
 2245 0186 0C000000 		.4byte	.LVL33
 2246 018a 1C000000 		.4byte	.LFE8
 2247 018e 0400     		.2byte	0x4
 2248 0190 F3       		.byte	0xf3
 2249 0191 01       		.uleb128 0x1
 2250 0192 50       		.byte	0x50
 2251 0193 9F       		.byte	0x9f
 2252 0194 00000000 		.4byte	0
 2253 0198 00000000 		.4byte	0
 2254              	.LLST13:
 2255 019c 00000000 		.4byte	.LVL34
 2256 01a0 0C000000 		.4byte	.LVL35
 2257 01a4 0100     		.2byte	0x1
 2258 01a6 50       		.byte	0x50
 2259 01a7 0C000000 		.4byte	.LVL35
 2260 01ab 1C000000 		.4byte	.LFE9
 2261 01af 0400     		.2byte	0x4
 2262 01b1 F3       		.byte	0xf3
 2263 01b2 01       		.uleb128 0x1
 2264 01b3 50       		.byte	0x50
 2265 01b4 9F       		.byte	0x9f
 2266 01b5 00000000 		.4byte	0
 2267 01b9 00000000 		.4byte	0
 2268              	.LLST14:
 2269 01bd 0E000000 		.4byte	.LVL36
 2270 01c1 12000000 		.4byte	.LVL37
 2271 01c5 0200     		.2byte	0x2
 2272 01c7 30       		.byte	0x30
 2273 01c8 9F       		.byte	0x9f
 2274 01c9 12000000 		.4byte	.LVL37
 2275 01cd 28000000 		.4byte	.LVL39
 2276 01d1 0100     		.2byte	0x1
 2277 01d3 54       		.byte	0x54
 2278 01d4 2A000000 		.4byte	.LVL40
 2279 01d8 5C000000 		.4byte	.LVL42
 2280 01dc 0100     		.2byte	0x1
 2281 01de 54       		.byte	0x54
 2282 01df 00000000 		.4byte	0
 2283 01e3 00000000 		.4byte	0
 2284              	.LLST15:
 2285 01e7 12000000 		.4byte	.LVL37
 2286 01eb 28000000 		.4byte	.LVL39
 2287 01ef 0B00     		.2byte	0xb
 2288 01f1 74       		.byte	0x74
 2289 01f2 00       		.sleb128 0
 2290 01f3 36       		.byte	0x36
 2291 01f4 1E       		.byte	0x1e
 2292 01f5 03       		.byte	0x3
 2293 01f6 0C000000 		.4byte	cfg_memset_list.5027
 2294 01fa 22       		.byte	0x22
 2295 01fb 9F       		.byte	0x9f
 2296 01fc 28000000 		.4byte	.LVL39
ARM GAS  C:\Users\elias\AppData\Local\Temp\ccHjQlMh.s 			page 51


 2297 0200 2A000000 		.4byte	.LVL40
 2298 0204 0B00     		.2byte	0xb
 2299 0206 74       		.byte	0x74
 2300 0207 7F       		.sleb128 -1
 2301 0208 36       		.byte	0x36
 2302 0209 1E       		.byte	0x1e
 2303 020a 03       		.byte	0x3
 2304 020b 0C000000 		.4byte	cfg_memset_list.5027
 2305 020f 22       		.byte	0x22
 2306 0210 9F       		.byte	0x9f
 2307 0211 00000000 		.4byte	0
 2308 0215 00000000 		.4byte	0
 2309              		.section	.debug_aranges,"",%progbits
 2310 0000 64000000 		.4byte	0x64
 2311 0004 0200     		.2byte	0x2
 2312 0006 00000000 		.4byte	.Ldebug_info0
 2313 000a 04       		.byte	0x4
 2314 000b 00       		.byte	0
 2315 000c 0000     		.2byte	0
 2316 000e 0000     		.2byte	0
 2317 0010 00000000 		.4byte	.LFB3
 2318 0014 02000000 		.4byte	.LFE3-.LFB3
 2319 0018 00000000 		.4byte	.LFB4
 2320 001c 34000000 		.4byte	.LFE4-.LFB4
 2321 0020 00000000 		.4byte	.LFB6
 2322 0024 AC000000 		.4byte	.LFE6-.LFB6
 2323 0028 00000000 		.4byte	.LFB0
 2324 002c 0C000000 		.4byte	.LFE0-.LFB0
 2325 0030 00000000 		.4byte	.LFB1
 2326 0034 08000000 		.4byte	.LFE1-.LFB1
 2327 0038 00000000 		.4byte	.LFB5
 2328 003c E8000000 		.4byte	.LFE5-.LFB5
 2329 0040 00000000 		.4byte	.LFB7
 2330 0044 1C000000 		.4byte	.LFE7-.LFB7
 2331 0048 00000000 		.4byte	.LFB8
 2332 004c 1C000000 		.4byte	.LFE8-.LFB8
 2333 0050 00000000 		.4byte	.LFB9
 2334 0054 1C000000 		.4byte	.LFE9-.LFB9
 2335 0058 00000000 		.4byte	.LFB10
 2336 005c 34010000 		.4byte	.LFE10-.LFB10
 2337 0060 00000000 		.4byte	0
 2338 0064 00000000 		.4byte	0
 2339              		.section	.debug_ranges,"",%progbits
 2340              	.Ldebug_ranges0:
 2341 0000 00000000 		.4byte	.LFB3
 2342 0004 02000000 		.4byte	.LFE3
 2343 0008 00000000 		.4byte	.LFB4
 2344 000c 34000000 		.4byte	.LFE4
 2345 0010 00000000 		.4byte	.LFB6
 2346 0014 AC000000 		.4byte	.LFE6
 2347 0018 00000000 		.4byte	.LFB0
 2348 001c 0C000000 		.4byte	.LFE0
 2349 0020 00000000 		.4byte	.LFB1
 2350 0024 08000000 		.4byte	.LFE1
 2351 0028 00000000 		.4byte	.LFB5
 2352 002c E8000000 		.4byte	.LFE5
 2353 0030 00000000 		.4byte	.LFB7
ARM GAS  C:\Users\elias\AppData\Local\Temp\ccHjQlMh.s 			page 52


 2354 0034 1C000000 		.4byte	.LFE7
 2355 0038 00000000 		.4byte	.LFB8
 2356 003c 1C000000 		.4byte	.LFE8
 2357 0040 00000000 		.4byte	.LFB9
 2358 0044 1C000000 		.4byte	.LFE9
 2359 0048 00000000 		.4byte	.LFB10
 2360 004c 34010000 		.4byte	.LFE10
 2361 0050 00000000 		.4byte	0
 2362 0054 00000000 		.4byte	0
 2363              		.section	.debug_line,"",%progbits
 2364              	.Ldebug_line0:
 2365 0000 15020000 		.section	.debug_str,"MS",%progbits,1
 2365      0200D600 
 2365      00000201 
 2365      FB0E0D00 
 2365      01010101 
 2366              	.LASF27:
 2367 0000 636F756E 		.ascii	"count\000"
 2367      7400
 2368              	.LASF14:
 2369 0006 75696E74 		.ascii	"uint16\000"
 2369      313600
 2370              	.LASF26:
 2371 000d 62617365 		.ascii	"baseAddr\000"
 2371      41646472 
 2371      00
 2372              	.LASF40:
 2373 0016 4144435F 		.ascii	"ADC_AMux_Set\000"
 2373      414D7578 
 2373      5F536574 
 2373      00
 2374              	.LASF12:
 2375 0023 73697A65 		.ascii	"size_t\000"
 2375      5F7400
 2376              	.LASF55:
 2377 002a 4379436C 		.ascii	"CyClockStartupError\000"
 2377      6F636B53 
 2377      74617274 
 2377      75704572 
 2377      726F7200 
 2378              	.LASF25:
 2379 003e 64617461 		.ascii	"data_table\000"
 2379      5F746162 
 2379      6C6500
 2380              	.LASF9:
 2381 0049 6C6F6E67 		.ascii	"long long unsigned int\000"
 2381      206C6F6E 
 2381      6720756E 
 2381      7369676E 
 2381      65642069 
 2382              	.LASF24:
 2383 0060 61646472 		.ascii	"addr_table\000"
 2383      5F746162 
 2383      6C6500
 2384              	.LASF29:
 2385 006b 416E616C 		.ascii	"AnalogSetDefault\000"
 2385      6F675365 
ARM GAS  C:\Users\elias\AppData\Local\Temp\ccHjQlMh.s 			page 53


 2385      74446566 
 2385      61756C74 
 2385      00
 2386              	.LASF1:
 2387 007c 6C6F6E67 		.ascii	"long long int\000"
 2387      206C6F6E 
 2387      6720696E 
 2387      7400
 2388              	.LASF3:
 2389 008a 7369676E 		.ascii	"signed char\000"
 2389      65642063 
 2389      68617200 
 2390              	.LASF28:
 2391 0096 6366675F 		.ascii	"cfg_write_bytes32\000"
 2391      77726974 
 2391      655F6279 
 2391      74657333 
 2391      3200
 2392              	.LASF48:
 2393 00a8 4144435F 		.ascii	"ADC_AMux__addrTable\000"
 2393      414D7578 
 2393      5F5F6164 
 2393      64725461 
 2393      626C6500 
 2394              	.LASF34:
 2395 00bc 436C6F63 		.ascii	"ClockSetup\000"
 2395      6B536574 
 2395      757000
 2396              	.LASF23:
 2397 00c7 6572726F 		.ascii	"errorCode\000"
 2397      72436F64 
 2397      6500
 2398              	.LASF7:
 2399 00d1 6C6F6E67 		.ascii	"long int\000"
 2399      20696E74 
 2399      00
 2400              	.LASF19:
 2401 00da 72656731 		.ascii	"reg16\000"
 2401      3600
 2402              	.LASF51:
 2403 00e0 6D656D63 		.ascii	"memcpy\000"
 2403      707900
 2404              	.LASF13:
 2405 00e7 75696E74 		.ascii	"uint8\000"
 2405      3800
 2406              	.LASF17:
 2407 00ed 646F7562 		.ascii	"double\000"
 2407      6C6500
 2408              	.LASF31:
 2409 00f4 43594D45 		.ascii	"CYMEMZERO\000"
 2409      4D5A4552 
 2409      4F00
 2410              	.LASF15:
 2411 00fe 75696E74 		.ascii	"uint32\000"
 2411      333200
 2412              	.LASF38:
 2413 0105 72656756 		.ascii	"regValue\000"
ARM GAS  C:\Users\elias\AppData\Local\Temp\ccHjQlMh.s 			page 54


 2413      616C7565 
 2413      00
 2414              	.LASF21:
 2415 010e 76616C75 		.ascii	"value\000"
 2415      6500
 2416              	.LASF0:
 2417 0114 756E7369 		.ascii	"unsigned int\000"
 2417      676E6564 
 2417      20696E74 
 2417      00
 2418              	.LASF8:
 2419 0121 6C6F6E67 		.ascii	"long unsigned int\000"
 2419      20756E73 
 2419      69676E65 
 2419      6420696E 
 2419      7400
 2420              	.LASF35:
 2421 0133 74696D65 		.ascii	"timeout\000"
 2421      6F757400 
 2422              	.LASF45:
 2423 013b 73697A65 		.ascii	"size\000"
 2423      00
 2424              	.LASF6:
 2425 0140 73686F72 		.ascii	"short unsigned int\000"
 2425      7420756E 
 2425      7369676E 
 2425      65642069 
 2425      6E7400
 2426              	.LASF49:
 2427 0153 4144435F 		.ascii	"ADC_AMux__maskTable\000"
 2427      414D7578 
 2427      5F5F6D61 
 2427      736B5461 
 2427      626C6500 
 2428              	.LASF10:
 2429 0167 73697A65 		.ascii	"sizetype\000"
 2429      74797065 
 2429      00
 2430              	.LASF2:
 2431 0170 6C6F6E67 		.ascii	"long double\000"
 2431      20646F75 
 2431      626C6500 
 2432              	.LASF30:
 2433 017c 62675F78 		.ascii	"bg_xover_inl_trim\000"
 2433      6F766572 
 2433      5F696E6C 
 2433      5F747269 
 2433      6D00
 2434              	.LASF46:
 2435 018e 6366675F 		.ascii	"cfg_memset_t\000"
 2435      6D656D73 
 2435      65745F74 
 2435      00
 2436              	.LASF47:
 2437 019b 6366675F 		.ascii	"cfg_memset_list\000"
 2437      6D656D73 
 2437      65745F6C 
ARM GAS  C:\Users\elias\AppData\Local\Temp\ccHjQlMh.s 			page 55


 2437      69737400 
 2438              	.LASF42:
 2439 01ab 4144435F 		.ascii	"ADC_AMux_Unset\000"
 2439      414D7578 
 2439      5F556E73 
 2439      657400
 2440              	.LASF33:
 2441 01ba 64657374 		.ascii	"dest\000"
 2441      00
 2442              	.LASF16:
 2443 01bf 666C6F61 		.ascii	"float\000"
 2443      7400
 2444              	.LASF56:
 2445 01c5 43794465 		.ascii	"CyDelayCycles\000"
 2445      6C617943 
 2445      79636C65 
 2445      7300
 2446              	.LASF18:
 2447 01d3 72656738 		.ascii	"reg8\000"
 2447      00
 2448              	.LASF4:
 2449 01d8 756E7369 		.ascii	"unsigned char\000"
 2449      676E6564 
 2449      20636861 
 2449      7200
 2450              	.LASF5:
 2451 01e6 73686F72 		.ascii	"short int\000"
 2451      7420696E 
 2451      7400
 2452              	.LASF52:
 2453 01f0 474E5520 		.ascii	"GNU C11 5.4.1 20160609 (release) [ARM/embedded-5-br"
 2453      43313120 
 2453      352E342E 
 2453      31203230 
 2453      31363036 
 2454 0223 616E6368 		.ascii	"anch revision 237715] -mcpu=cortex-m3 -mthumb -g -O"
 2454      20726576 
 2454      6973696F 
 2454      6E203233 
 2454      37373135 
 2455 0256 67202D66 		.ascii	"g -ffunction-sections -ffat-lto-objects\000"
 2455      66756E63 
 2455      74696F6E 
 2455      2D736563 
 2455      74696F6E 
 2456              	.LASF36:
 2457 027e 706C6C4C 		.ascii	"pllLock\000"
 2457      6F636B00 
 2458              	.LASF41:
 2459 0286 6368616E 		.ascii	"channel\000"
 2459      6E656C00 
 2460              	.LASF22:
 2461 028e 63795F63 		.ascii	"cy_cfg_addrvalue_t\000"
 2461      66675F61 
 2461      64647276 
 2461      616C7565 
 2461      5F7400
ARM GAS  C:\Users\elias\AppData\Local\Temp\ccHjQlMh.s 			page 56


 2462              	.LASF11:
 2463 02a1 63686172 		.ascii	"char\000"
 2463      00
 2464              	.LASF39:
 2465 02a6 53657441 		.ascii	"SetAnalogRoutingPumps\000"
 2465      6E616C6F 
 2465      67526F75 
 2465      74696E67 
 2465      50756D70 
 2466              	.LASF20:
 2467 02bc 6F666673 		.ascii	"offset\000"
 2467      657400
 2468              	.LASF37:
 2469 02c3 656E6162 		.ascii	"enabled\000"
 2469      6C656400 
 2470              	.LASF54:
 2471 02cb 433A5C47 		.ascii	"C:\\Github\\Tesis\\src\\psoc\\Martillo_ESP.cydsn\000"
 2471      69746875 
 2471      625C5465 
 2471      7369735C 
 2471      7372635C 
 2472              	.LASF50:
 2473 02f7 6D656D73 		.ascii	"memset\000"
 2473      657400
 2474              	.LASF32:
 2475 02fe 4359434F 		.ascii	"CYCONFIGCPY\000"
 2475      4E464947 
 2475      43505900 
 2476              	.LASF53:
 2477 030a 47656E65 		.ascii	"Generated_Source\\PSoC5\\cyfitter_cfg.c\000"
 2477      72617465 
 2477      645F536F 
 2477      75726365 
 2477      5C50536F 
 2478              	.LASF44:
 2479 0330 61646472 		.ascii	"address\000"
 2479      65737300 
 2480              	.LASF43:
 2481 0338 63796669 		.ascii	"cyfitter_cfg\000"
 2481      74746572 
 2481      5F636667 
 2481      00
 2482              		.ident	"GCC: (GNU Tools for ARM Embedded Processors) 5.4.1 20160609 (release) [ARM/embedded-5-bran
