ARM GAS  C:\Users\elias\AppData\Local\Temp\ccS867JN.s 			page 1


   1              		.syntax unified
   2              		.cpu cortex-m3
   3              		.fpu softvfp
   4              		.eabi_attribute 20, 1
   5              		.eabi_attribute 21, 1
   6              		.eabi_attribute 23, 3
   7              		.eabi_attribute 24, 1
   8              		.eabi_attribute 25, 1
   9              		.eabi_attribute 26, 1
  10              		.eabi_attribute 30, 2
  11              		.eabi_attribute 34, 1
  12              		.eabi_attribute 18, 4
  13              		.thumb
  14              		.syntax unified
  15              		.file	"Counter_1.c"
  16              		.text
  17              	.Ltext0:
  18              		.section	.gnu.lto_.profile.1b11d205,"",%progbits
  19 0000 789C6361 		.ascii	"x\234ca`d`e`\000\222\355\214\361\000\002t\000\363"
  19      60646065 
  19      600092ED 
  19      8CF10002 
  19      7400F3
  20              		.text
  21              		.section	.gnu.lto_.icf.1b11d205,"",%progbits
  22 0000 789C6361 		.ascii	"x\234ca`d\000\201\020\006\004\340cxz\370\307\031v\306"
  22      60640081 
  22      100604E0 
  22      63787AF8 
  22      C71976C6 
  23 0014 E5CDABBA 		.ascii	"\345\315\253\272X\230\336]\236\375\207\221yY\377A7\226"
  23      5898DE5D 
  23      9EFD8791 
  23      7959FF41 
  23      3796
  24 0026 EE658BD7 		.ascii	"\356e\213\327r\260\336\335z}\037\007\333\356G\253\357"
  24      72B0DEDD 
  24      7A7D1F07 
  24      DBEE47AB 
  24      EF
  25 0037 B1B31F5B 		.ascii	"\261\263\037[5\363(\027\307\277\003\307x9\327\374\275"
  25      35F32817 
  25      C7BF03C7 
  25      7839D7FC 
  25      BD
  26 0048 719D8D6B 		.ascii	"q\235\215kK\367\375.\016\356I\253Ooe\344\231\375\352"
  26      4BF7FD2E 
  26      0EEE49AB 
  26      4F6F65E4 
  26      99FDEA
  27 005b 770F1FEF 		.ascii	"w\017\037\357\213E]'8\031\000\356\256)F"
  27      8B455D27 
  27      381900EE 
  27      AE2946
  28              		.text
  29              		.section	.gnu.lto_.jmpfuncs.1b11d205,"",%progbits
  30 0000 789C6361 		.ascii	"x\234ca`d\000\201\004\006\004\340\005b\240(\023##c="
ARM GAS  C:\Users\elias\AppData\Local\Temp\ccS867JN.s 			page 2


  30      60640081 
  30      040604E0 
  30      0562A028 
  30      13232363 
  31 0015 3303030B 		.ascii	"3\003\003\013\003\003+\210\311\006\"\230\030\37721\256"
  31      03032B88 
  31      C9062298 
  31      18FF3231 
  31      AE
  32 0026 7FB3F327 		.ascii	"\177\263\363'\357\027\246Vf\2402\306\345\2142\014\014"
  32      EF17A656 
  32      66A032C6 
  32      E58C320C 
  32      0C
  33 0037 EC20E540 		.ascii	"\354 \345@\231i\255\207\316\263\203d\030\2012+@2\034"
  33      9969AD87 
  33      CEB38364 
  33      1881322B 
  33      40321C
  34 004a 40C3B818 		.ascii	"@\303\270\030\030\270\031\030x@\372Af\003\000\006\""
  34      18B81918 
  34      7840FA41 
  34      66030006 
  34      22
  35 005b 0F6A     		.ascii	"\017j"
  36              		.text
  37              		.section	.gnu.lto_.inline.1b11d205,"",%progbits
  38 0000 789C6361 		.ascii	"x\234ca`d\000\001~\010\005\006\274\014\014<\334\214"
  38      60640001 
  38      7E080506 
  38      BC0C0C3C 
  38      DC8C
  39 0012 0C4C4217 		.ascii	"\014LB\027z\030\031\330\026\3103\201\004\031\261\210"
  39      7A1819D8 
  39      16C83381 
  39      0419B188 
  40 0022 3131B030 		.ascii	"11\2600\003\305\230.\360\303\205\2301\205X0\205X1\205"
  40      03C5982E 
  40      F0C38598 
  40      31855830 
  40      85583185 
  41 0036 D8180404 		.ascii	"\330\030\004\004\201Bb\037V#\231\317\015\262\227\235"
  41      8142621F 
  41      562399CF 
  41      0DB2979D 
  42 0046 415E1D28 		.ascii	"A^\035(c\262`\0323\232\014\007\203\240\020PF\352\324"
  42      63B2601A 
  42      339A0C07 
  42      83A01050 
  42      46EAD4
  43 0059 41247772 		.ascii	"A$wr\001\011.\006V\026\240\004\313\002y\27087\246\225"
  43      01092E06 
  43      5616A004 
  43      CB0279B8 
  43      3837A695 
  44 006d 3C9842BC 		.ascii	"<\230B\274\230B\014\000}\217\032]"
  44      98420C00 
ARM GAS  C:\Users\elias\AppData\Local\Temp\ccS867JN.s 			page 3


  44      7D8F1A5D 
  45              		.text
  46              		.section	.gnu.lto_.pureconst.1b11d205,"",%progbits
  47 0000 789C05C1 		.ascii	"x\234\005\301\207\015\000 \014\300\260\024\312\020\343"
  47      870D0020 
  47      0CC0B014 
  47      CA10E3
  48 000f 81F0FF9F 		.ascii	"\201\360\377\237\330I\360\200\213a\261\2326\273\303"
  48      D849F080 
  48      8B61B19A 
  48      36BBC3
  49 001e E9727BBC 		.ascii	"\351r{\274~\031\212\001\322"
  49      7E198A01 
  49      D2
  50              		.text
  51              		.section	.gnu.lto_Counter_1_Enable.1b11d205,"",%progbits
  52 0000 789C7D92 		.ascii	"x\234}\222\317K\002Q\020\200g\336\352\266*\375\005y"
  52      CF4B0251 
  52      108067DE 
  52      EAB62AFD 
  52      0579
  53 0012 08A28397 		.ascii	"\010\242\203\227\300C\177\201\207\250S\324U\220\260"
  53      C0437F81 
  53      87A853D4 
  53      5590B0
  54 0021 BD2A8876 		.ascii	"\275*\210vuM\255\210\016\021\344!\372\001%h\232\225"
  54      754DAD88 
  54      0E11E421 
  54      FA012568 
  54      9A95
  55 0033 19453713 		.ascii	"\031E7\023\243\240(*\242C\020\021\344\241C\030\024E"
  55      A3A0282A 
  55      A2431011 
  55      E4A14318 
  55      1445
  56 0045 64366F9F 		.ascii	"d6o\237((5\260\363v\337\233\371\346\203\267\006@\340"
  56      282835B0 
  56      F376DF9B 
  56      F9E683B7 
  56      0640E0
  57 0058 D1CF00BA 		.ascii	"\321\317\000\272i\355\240\007%@6{\016\020R\030\"\177"
  57      69EDA007 
  57      2540367B 
  57      0E105218 
  57      227F
  58 006a D1148420 		.ascii	"\321\024\204 \303 \276\263\012\303\302d\351\200\331"
  58      C320BEB3 
  58      0AC3C264 
  58      E980D9
  59 0079 121AC5C3 		.ascii	"\022\032\305\303S\302\256%\363\030\225\000\252L'\001"
  59      53C2AE25 
  59      F3189500 
  59      AA4C2701 
  60 0089 26D00654 		.ascii	"&\320\006T\366\230\375\231o\227#\274\254S\034b\022e"
  60      F698FD99 
  60      6F9723BC 
  60      AC531C62 
ARM GAS  C:\Users\elias\AppData\Local\Temp\ccS867JN.s 			page 4


  60      1265
  61 009b 3E6E6B28 		.ascii	">nk(\257U\253a-\177i>\3746[\030D%\232I\311\310\223\314"
  61      AF55AB61 
  61      2D7F693E 
  61      FC365B18 
  61      44259A49 
  62 00b3 93C29389 		.ascii	"\223\302\223\211'\2002\365r\213W\306\370*\225\260\360"
  62      278032F5 
  62      728B57C6 
  62      F82A95B0 
  62      F0
  63 00c4 357D9F9A 		.ascii	"5}\237\232C\316\013K\\)\026-\\\264\275\261\250\304\220"
  63      43CE0B4B 
  63      5C29162D 
  63      5CB4BDB1 
  63      A8C490
  64 00d7 8FFEB8CA 		.ascii	"\217\376\270\312\244Q|\256M\2064\003m\235\235l\257\342"
  64      A4517CAE 
  64      4D863403 
  64      6D9D9D6C 
  64      AFE2
  65 00e9 0A2E8522 		.ascii	"\012.\205\"$+a\012\255\270\216VrJ\323.\2240\374)\013"
  65      242B610A 
  65      ADB88E56 
  65      724AD32E 
  65      9430FC29 
  66 00fe 9C2488BB 		.ascii	"\234$\210\273\305\343\011\205#\220b\203*ijL\237\370"
  66      C5E30985 
  66      23906283 
  66      2A696A4C 
  66      9FF8
  67 0110 1F2C43BB 		.ascii	"\037,C\273\204\000]\261\224Z\254)\032\251\347\350&q"
  67      84005DB1 
  67      945AAC29 
  67      1AA9E7E8 
  67      2671
  68 0122 2A0BA75C 		.ascii	"*\013\247\\\315\351n\341\366\305\334\300l\3261[MN\034"
  68      CDE96EE1 
  68      F6C5DCC0 
  68      6CD6315B 
  68      4D4E1C
  69 0135 D122F167 		.ascii	"\321\"\361g\367\266.!\013\211\373\364\230`(\324\022"
  69      F7B62E21 
  69      0B89FBF4 
  69      986028D4 
  69      12
  70 0146 9F294E29 		.ascii	"\237)N)\302A[\026\016{\361\375kK\203\222\255Sv\232\034"
  70      C2415B16 
  70      0E7BF1FD 
  70      6B4B8392 
  70      AD53769A 
  71 015b 4C846871 		.ascii	"L\204hq\370\263;\247;\230\340\031\307\363\225\001^\255"
  71      F8B33BA7 
  71      3B98E019 
  71      C7F39501 
  71      5EAD
  72 016d FF1B65BA 		.ascii	"\377\033e\272\037\272B\272\320\256>\325\243\372F\374"
ARM GAS  C:\Users\elias\AppData\Local\Temp\ccS867JN.s 			page 5


  72      1FBA42BA 
  72      D0AE3ED5 
  72      A3FA46FC 
  73 017d EAA86BD8 		.ascii	"\352\250k\330\033\360\271U\347\340\260\327\321\353t"
  73      1BF0B955 
  73      E7E0B0D7 
  73      D1EB74
  74 018c 78031EBF 		.ascii	"x\003\036\277\352s\331{\334\360\013\327\255\311\001"
  74      EA73D97B 
  74      DCF00BD7 
  74      ADC901
  75              		.text
  76              		.section	.gnu.lto_Counter_1_Stop.1b11d205,"",%progbits
  77 0000 789C7D92 		.ascii	"x\234}\222\315+DQ\024\300\317\271w<oL\346\037`\241d"
  77      CD2B4451 
  77      14C0CFB9 
  77      773C6F4C 
  77      E61F60A1 
  78 0015 61A32CFC 		.ascii	"a\243,\374\005\026\312B2[5\211\26755a\353\215\231\327"
  78      0516CA42 
  78      325B3589 
  78      B7353561 
  78      EB8D99D7 
  79 0029 080B8959 		.ascii	"\010\013\211Y\010S\250\301\030\237E\330\214\211RD\021"
  79      0853A8C1 
  79      189F45D8 
  79      8C895244 
  79      11
  80 003a 16B391C5 		.ascii	"\026\263\221\305,f\241Q\344#f\234\363\256F\321\270u"
  80      2C66A151 
  80      E423669C 
  80      F3AE46D1 
  80      B875
  81 004c CF7DF7BD 		.ascii	"\317}\367\275s~\347W\3479\000\201W\253\000\250\243\263"
  81      737EE757 
  81      E7390081 
  81      57AB00A8 
  81      A3B3
  82 005e 8A364A40 		.ascii	"\2126J@1~\016\020\320\005\"?\230:\302\240\300A|\026"
  82      317E0E10 
  82      D005223F 
  82      983AC2A0 
  82      C0417C16 
  83 0072 9F0253E1 		.ascii	"\237\002S\341\314\236\250\217\231\264\356\254l\243\271"
  83      CC9EA88F 
  83      99B4EEAC 
  83      6CA3B9
  84 0081 94444B02 		.ascii	"\224DK\002\024\204M\002\214a=P\332\375f~\252R\013qZ"
  84      14844D02 
  84      8C613D50 
  84      DAFD667E 
  84      AA520B71 
  85 0096 8DFA884B 		.ascii	"\215\372\210K\250q\273\365\216\244Y(\004\315\344\225"
  85      A871BBF5 
  85      8EA45928 
  85      04CDE495 
  86 00a6 FBF0D5ED 		.ascii	"\373\360\325\355\022`I\352I\241\214\203\306A\347\340"
ARM GAS  C:\Users\elias\AppData\Local\Temp\ccS867JN.s 			page 6


  86      126049EA 
  86      49A18C83 
  86      C641E7E0 
  87 00b6 E40090A3 		.ascii	"\344\000\220\243Z\266x\024\202O\231\301\324\373Hf\177"
  87      5AB67814 
  87      824F99C1 
  87      D4FB4866 
  87      7F
  88 00c7 807141C9 		.ascii	"\200qA\311F\021+uQ\376$,)\220;/\216\035\015\353\352"
  88      46112B75 
  88      51FE242C 
  88      29903B2F 
  88      8E1D0DEB 
  89 00dc 6ACE054C 		.ascii	"j\316\005L\007\275\332Y\334\275rEq6\020\"W\211+X\215"
  89      07BDDA59 
  89      DCBD7245 
  89      71361022 
  89      57892B58 
  90 00f1 CB584D4A 		.ascii	"\313XMJq\214\"d0\370\241)\234T\304\364\350\315d%#$\346"
  90      718C2264 
  90      30F8A129 
  90      9C54C4F4 
  90      E8CD6425 
  91 0108 11572995 		.ascii	"\021W)\225\272F\220s\376\243%\210F\014\260\025\317\017"
  91      BA469073 
  91      FEA32588 
  91      460CB015 
  91      CF0F
  92 011a 265041CB 		.ascii	"&PA\313\250\346\3452\021G%\265\020VRg'\033\363\370\203"
  92      A8E6E532 
  92      114725B5 
  92      10565267 
  92      271BF3F8 
  93 012f 592B62D6 		.ascii	"Y+b\326\177I1\342\217D\311\352\015[BS\0227\0073\337"
  93      7F4931E2 
  93      8F44C9EA 
  93      0D5B4253 
  93      12370733 
  94 0144 123AD51C 		.ascii	"\022:\325\034_\307N5%\261\375-\221\236\276}\250\370"
  94      5FC74E35 
  94      25B1FD2D 
  94      919EBE7D 
  94      A8F8
  95 0156 C16C1631 		.ascii	"\301l\0261[\277$\234\204\370#Q\262z\333\226pB\026\207"
  95      5BBF249C 
  95      84F82351 
  95      B27ADB96 
  95      70421687 
  96 016a 926F6D9C 		.ascii	"\222om\234m\377\0349\232\020\315\220&Z\333b\364\032"
  96      6DFF1C39 
  96      9A10CD90 
  96      265ADB62 
  96      F41A
  97 017c FEAE3EA3 		.ascii	"\376\256>\243\307\353\361\365\373\273\215\316v\217\257"
  97      C7EBF1F5 
  97      FBBB8DCE 
  97      768FAF
ARM GAS  C:\Users\elias\AppData\Local\Temp\ccS867JN.s 			page 7


  98 018b B9A9B3D9 		.ascii	"\271\251\263\331\327\337\333g\370\275\215\015\335\360"
  98      D7DFDB67 
  98      F8BD8D0D 
  98      DDF0
  99 0199 05ED56CA 		.ascii	"\005\355V\312 "
  99      20
 100              		.text
 101              		.section	.gnu.lto_Counter_1_SetInterruptMode.1b11d205,"",%progbits
 102 0000 789C254F 		.ascii	"x\234%O\275KBQ\024?\277{-\245(i\316!\010\022\227H\252"
 102      BD4B4251 
 102      143FBF7B 
 102      2DA52869 
 102      CE210812 
 103 0017 BFC0A129 		.ascii	"\277\300\241)\212\\\015\021{C\004\032O\235\275O}\264"
 103      8A5C0D11 
 103      7B43041A 
 103      4F9DBD4F 
 103      7DB4
 104 0029 B6181499 		.ascii	"\266\030\024\231\223h_D\324PC\360\022\332\242r\2521"
 104      93685F44 
 104      D45043F0 
 104      12DAA272 
 104      AA31
 105 003b 1A1C8248 		.ascii	"\032\034\202H\241\210\240\262s\365\300\345|\360\373"
 105      A188A0B2 
 105      73F5C0E5 
 105      7CF0FB
 106 004a BA2E02E9 		.ascii	"\272.\002\351\032\3416\303}\224\037$Al\336\021Y\036"
 106      1AE136C3 
 106      7D941F24 
 106      416CDE11 
 106      591E
 107 005c 01E84179 		.ascii	"\001\350Ay@Y\201,>\305\257@}\243y)\002U\305\365\\\371"
 107      4059812C 
 107      3EC5AF40 
 107      7DA37929 
 107      0255C5F5 
 108 0072 0AAA9A03 		.ascii	"\012\252\232\003[\022uDW\211PE\200Q\267\347-\277\234"
 108      5B127544 
 108      57895045 
 108      8051B7E7 
 108      2DBF9C
 109 0085 00F1B85B 		.ascii	"\000\361\270[*\336\364\371+J\345\224*/+iK\240\006\311"
 109      2ADEF4F9 
 109      2B4AE594 
 109      2A2F2B69 
 109      4BA006C9 
 110 0099 044CFB30 		.ascii	"\004L\3730\345#>\020\366\341\327\340\227\323\277\342"
 110      E5233E10 
 110      F6E1D7E0 
 110      97D3BFE2 
 111 00a9 507F41AB 		.ascii	"P\177A\253\217\3654q\200~\235\362d\311Q\235N^9W\336"
 111      8FF53471 
 111      807E9DF2 
 111      64C9519D 
 111      4E5E3957 
 112 00be EB07AF8B 		.ascii	"\353\007\257\213\263i\012\265\030\243C\266\205\320]"
ARM GAS  C:\Users\elias\AppData\Local\Temp\ccS867JN.s 			page 8


 112      B3690AB5 
 112      18A343B6 
 112      85D05D
 113 00cd 3651DF69 		.ascii	"6Q\337i\277\237\2715\215\365\266\354\372\275\373C\330"
 113      BF9FB935 
 113      8DF5B6EC 
 113      FABDFB43 
 113      D8
 114 00de 5274B35C 		.ascii	"Rt\263\\|?\375\210\336\232\337\263\224\213O\333o\215"
 114      7C3FFD88 
 114      DE9ADFB3 
 114      948B4FDB 
 114      6F8D
 115 00f0 C781324A 		.ascii	"\307\2012JV\301Rj\320\226\022G\360\341\020>\266>F\031"
 115      56C1526A 
 115      D0961247 
 115      F0E1103E 
 115      B63E4619 
 116 0104 7929E815 		.ascii	"y)\350\0259\247\261\240%\273\177l\261\030{\261\363\370"
 116      39A7B1A0 
 116      25BB7F6C 
 116      B1187BB1 
 116      F3F8
 117 0116 9C9130CC 		.ascii	"\234\2210\314X\332X\211\206\223\0313nD\026\303\311\320"
 117      58DA5889 
 117      86931933 
 117      6E4416C3 
 117      C9D0
 118 0128 6C2494CC 		.ascii	"l$\224\314$\322\206\031\015N\306ixU\217ff=\235\232\217"
 118      24D28619 
 118      0D4EC669 
 118      78558F66 
 118      663D9D9A 
 119 013d A5D6FE01 		.ascii	"\245\326\376\001\252\232r\264"
 119      AA9A72B4 
 120              		.text
 121              		.section	.gnu.lto_Counter_1_ReadStatusRegister.1b11d205,"",%progbits
 122 0000 789C6361 		.ascii	"x\234ca`d\000\201\233@\254\012\304\322@\314\310\314"
 122      60640081 
 122      9B40AC0A 
 122      C4D240CC 
 122      C8CC
 123 0012 C0C834E1 		.ascii	"\300\3104\341\034\003C#\007\023##\210\321\300\301\310"
 123      1C034323 
 123      07132323 
 123      88D1C0C1 
 123      C8
 124 0023 50CFC458 		.ascii	"P\317\304X\317\370\225\351/\023\343\351\357'z\2704\227"
 124      CFF895E9 
 124      2F13E3E9 
 124      EF277AB8 
 124      3497
 125 0035 37343435 		.ascii	"7445<X\272\330\353cS\253D+3\003\303\177&\006Fc\031F"
 125      3C58BAD8 
 125      EB6353AB 
 125      442B3303 
 125      C37F2606 
ARM GAS  C:\Users\elias\AppData\Local\Temp\ccS867JN.s 			page 9


 126 004d 03199011 		.ascii	"\003\031\220\021\313\0315\031\200J\037m\3747\225\227"
 126      CB193519 
 126      804A1F6D 
 126      FC379597 
 127 005d ADA50108 		.ascii	"\255\245\001\010\024@\012\2002+\030\331@V\256\017:\320"
 127      14400A80 
 127      322B18D9 
 127      4056AE0F 
 127      3AD0
 128 006f F0FF7F73 		.ascii	"\360\377\177s\303\201\271B\0077\010131\200\214`\370"
 128      C381B942 
 128      07370831 
 128      3331808C 
 128      60F8
 129 0081 005402B2 		.ascii	"\000T\002\262\360#\023\023\210f~\306x\350W\327\277\023"
 129      F0231313 
 129      88667EC6 
 129      78E857D7 
 129      BF13
 130 0093 16205DCD 		.ascii	"\026 ]\315\314 \313\247\265\036:\317\376\205\251\225"
 130      CC20CBA7 
 130      B51E3ACF 
 130      FE85A995 
 131 00a3 99911164 		.ascii	"\231\221\021d\301\216\2377\3760A\270\315\363\032\033"
 131      C18E9F37 
 131      FE3041B8 
 131      CDF31A1B 
 132 00b3 58804233 		.ascii	"X\200B3\337^\274\3165\237qnc\013c+3\023\343*F\031\306"
 132      DF5EBCCE 
 132      359F716E 
 132      630B632B 
 132      3313E32A 
 133 00ca 958C4047 		.ascii	"\225\214@G1\256f\234\317\310\360\212\221\011j\030\003"
 133      31AE669C 
 133      CFC8F08A 
 133      91096A18 
 133      03
 134 00db D83E4690 		.ascii	"\330>F\220=@\266\262{j^jQbIjJ|p~iQrjL@p\276\263i\214"
 134      3D40B6B2 
 134      7B6A5E6A 
 134      5162496A 
 134      4A7C707E 
 135 00fa 737E695E 		.ascii	"s~i^IjQ\274\241^2\003\000D\243Z4"
 135      496A51BC 
 135      A15E3203 
 135      0044A35A 
 135      34
 136              		.text
 137              		.section	.gnu.lto_Counter_1_ReadControlRegister.1b11d205,"",%progbits
 138 0000 789C6361 		.ascii	"x\234ca`d\000\201\233@\254\012\304\322@\314\310\314"
 138      60640081 
 138      9B40AC0A 
 138      C4D240CC 
 138      C8CC
 139 0012 C0C834E1 		.ascii	"\300\3104\341\034\003C#\007\023##\210\321\300\301\310"
 139      1C034323 
 139      07132323 
ARM GAS  C:\Users\elias\AppData\Local\Temp\ccS867JN.s 			page 10


 139      88D1C0C1 
 139      C8
 140 0023 50CFC458 		.ascii	"P\317\304X\317\370\225\351/\023\343\351\357'z\2704\227"
 140      CFF895E9 
 140      2F13E3E9 
 140      EF277AB8 
 140      3497
 141 0035 37343435 		.ascii	"7445<x\272\316\353cS\253D+3\003\303\177&\006Fc\031F"
 141      3C78BACE 
 141      EB6353AB 
 141      442B3303 
 141      C37F2606 
 142 004d 03199011 		.ascii	"\003\031\220\021\313\0315\031\200J\037m\3747\225\227"
 142      CB193519 
 142      804A1F6D 
 142      FC379597 
 143 005d ADA50108 		.ascii	"\255\245\001\010\024@\012\2002+\030\331@V\256\017:\320"
 143      14400A80 
 143      322B18D9 
 143      4056AE0F 
 143      3AD0
 144 006f F0FF7F73 		.ascii	"\360\377\177s\303\201\237B\007\377\010131\200\214`\370"
 144      C3819F42 
 144      07FF0831 
 144      3331808C 
 144      60F8
 145 0081 005402B2 		.ascii	"\000T\002\262\360#\023\023\210f~\306x\350W\327\273\323"
 145      F0231313 
 145      88667EC6 
 145      78E857D7 
 145      BBD3
 146 0093 16205DCD 		.ascii	"\026 ]\315\314 \313\247\265\036:\317\376\205\251\225"
 146      CC20CBA7 
 146      B51E3ACF 
 146      FE85A995 
 147 00a3 99911164 		.ascii	"\231\221\021d\301\222\236#\035\034\020n\303\274\306"
 147      C1929E23 
 147      1D1C106E 
 147      C3BCC6
 148 00b2 0616A0D0 		.ascii	"\006\026\240\320\266%\333/s\317g\234\333\330\302\330"
 148      B625DB2F 
 148      73CF679C 
 148      DBD8C2D8 
 149 00c2 CACCC4B8 		.ascii	"\312\314\304\270\212Q\206q%#\320Q\214\253\031\34732"
 149      8A518671 
 149      2523D051 
 149      8CAB19E7 
 149      3332
 150 00d4 BC626482 		.ascii	"\274bd\202\032\306\000\266\217\021d\017\220\255\354"
 150      1AC600B6 
 150      8F11640F 
 150      90ADEC
 151 00e3 9E9A975A 		.ascii	"\236\232\227Z\224X\222\232\022\037\234_Z\224\234\032"
 151      9458929A 
 151      121F9C5F 
 151      5A949C1A 
 152 00f3 13109CEF 		.ascii	"\023\020\234\357l\032\343\234_\232W\222Z\024o\250\227"
ARM GAS  C:\Users\elias\AppData\Local\Temp\ccS867JN.s 			page 11


 152      6C1AE39C 
 152      5F9A5792 
 152      5A146FA8 
 152      97
 153 0104 CC00006B 		.ascii	"\314\000\000k\252Y\313"
 153      AA59CB
 154              		.text
 155              		.section	.gnu.lto_Counter_1_WriteControlRegister.1b11d205,"",%progbits
 156 0000 789C254F 		.ascii	"x\234%O\275KBQ\024?\277{_)HK.Ao\010\202\304\241(\242"
 156      BD4B4251 
 156      143FBF7B 
 156      5F29484B 
 156      2E416F08 
 157 0019 BFC02168 		.ascii	"\277\300!h\212\\\015\011{[\370\340\241\263\367\251\227"
 157      8A5C0D09 
 157      7B5BF8E0 
 157      A1B3F7A9 
 157      97
 158 002a 1A1A5A6A 		.ascii	"\032\032Zj\210\314\305\262O\302\245/\010LZ\263A\250"
 158      88CCC5B2 
 158      4FC2A52F 
 158      084C5AB3 
 158      41A8
 159 003c 351A1C9A 		.ascii	"5\032\034\232\014t,;W\017\\~\347\034\316\357\343Z\004"
 159      0C742C3B 
 159      570F5C7E 
 159      E71CCEEF 
 159      E35A04
 160 004f 3235CE30 		.ascii	"25\3160\3138\311\017\222 \366\232D~P\000\246QAPN \207"
 160      CB38C90F 
 160      9220F69A 
 160      447E5000 
 160      A6514150 
 161 0066 9EF81568 		.ascii	"\236\370\025hl\267\037D\264\252\270>\365\343\212\257"
 161      6CB71F44 
 161      B4AAB83E 
 161      F5E38AAF 
 162 0076 F4849644 		.ascii	"\364\204\226D}1P\"T\0215W\257%?$g@\3347O\357\217\254"
 162      7D315022 
 162      54113557 
 162      AF253F24 
 162      6740DC37 
 163 008e C8895279 		.ascii	"\310\211Ry\245\236\326\225\324\0228\203d\006\026m\314"
 163      A59ED695 
 163      D4123883 
 163      6406166D 
 163      CC
 164 009f DBC40BC2 		.ascii	"\333\304\013\3029\"\346\370\253\366\267?6Z4\362SCQ\\"
 164      3922E6F8 
 164      ABF6B73F 
 164      365A34F2 
 164      5343515C 
 165 00b3 60D4C4BC 		.ascii	"`\324\304\274Y\253\253~\277\240\352\255\360\363{\330"
 165      59ABAB7E 
 165      BFA0EAAD 
 165      F0F37BD8 
 166 00c3 E2708642 		.ascii	"\342p\206B\035\2761)\177\2040(\333h\034\326z\335\021"
ARM GAS  C:\Users\elias\AppData\Local\Temp\ccS867JN.s 			page 12


 166      1DBE3129 
 166      7F843028 
 166      DB681CD6 
 166      7ADD11
 167 00d6 4363BD03 		.ascii	"Cc\275\003\335x\013t\205\226b\220\245\262\373\262\023"
 167      DD780B74 
 167      85966290 
 167      A5B2FBB2 
 167      13
 168 00e7 1C8EEAD8 		.ascii	"\034\216\352\330W\026\257n+w\255P\031%\277\350+\025"
 168      5716AF6E 
 168      2B77AD50 
 168      1925BFE8 
 168      2B15
 169 00f9 D252E20A 		.ascii	"\322R\342\0126.a\263\3655\312(HA\337\310\327?\342Fr"
 169      362E61B3 
 169      F535CA28 
 169      4841DFC8 
 169      D73FE246 
 170 010e F0C90E8B 		.ascii	"\360\311\016\213\261\027;O/;i\307\333\3108\233\311\270"
 170      B1173B4F 
 170      2F3B69C7 
 170      DBC8389B 
 170      C9B8
 171 0120 9BF5524E 		.ascii	"\233\365RNb5\356\306\226\02217\233\3168^ra.E\201\224"
 171      6235EEC6 
 171      96123137 
 171      9BCE385E 
 171      72612E45 
 172 0136 9BCE78EE 		.ascii	"\233\316x\356\326?\362\002n\204"
 172      D63FF202 
 172      6E84
 173              		.text
 174              		.section	.gnu.lto_Counter_1_WriteCounter.1b11d205,"",%progbits
 175 0000 789C8D52 		.ascii	"x\234\215RKkSQ\020\2369\347\346\336\244I\037\013\351"
 175      4B6B5351 
 175      109E39E7 
 175      E6DEA449 
 175      1F0BE9
 176 0013 AA1441B0 		.ascii	"\252\024A\260t\241b\321_P\320\255XpU(%f\333@h\3279i"
 176      74A162D1 
 176      5F50D0AD 
 176      58705528 
 176      2566DB40 
 177 002b 725B5110 		.ascii	"r[Q\020\021[P\250\202\017Z\355#\211\326G\262\272\006"
 177      115B50A8 
 177      820F5AED 
 177      2389D647 
 177      B2BA06
 178 003e 8B2E4A0B 		.ascii	"\213.J\013]DJ@|@P)%J\264*6\351\3149i\335\005\017\334"
 178      5D444A40 
 178      7C405029 
 178      254AB42A 
 178      36E9CC39 
 179 0057 B967E67E 		.ascii	"\271g\346~\363\3157\037\327\002\004>\207$\3001z\237"
 179      F3CD371F 
 179      D702043E 
ARM GAS  C:\Users\elias\AppData\Local\Temp\ccS867JN.s 			page 13


 179      8724C031 
 179      7A9F
 180 0069 A2077D80 		.ascii	"\242\007}\200\342\332\032@\302/\204\314w\203j\261\212"
 180      E2DA1A40 
 180      C22F84CC 
 180      77836AB1 
 180      8A
 181 007a 27408524 		.ascii	"'@\205$Z\246l!\362E\371\021\342BZ\030\307\037bW`a\262"
 181      5AA66C21 
 181      F245F911 
 181      E2425A18 
 181      C71F6257 
 182 0091 9C13BDB3 		.ascii	"\234\023\275\263\212\316\373\225O}j\316C\227x\353B\217"
 182      8ACEFB95 
 182      4F7D6ACE 
 182      439778EB 
 182      428F
 183 00a3 009CC55E 		.ascii	"\000\234\305^B\255\324w\274\366\252p%\"7mTVg\202\234"
 183      42ADD477 
 183      BCF6AA70 
 183      2522376D 
 183      54566782 
 184 00b8 0AECA0B4 		.ascii	"\012\354\240\264\230\311\376\224\362(\002\335\277\253"
 184      98C9FE94 
 184      F22802DD 
 184      BFAB
 185 00c6 6D4FF63C 		.ascii	"mO\366<Pj\\\251\233\303\312\347J\211\217P\022\037>\304"
 185      506A5CA9 
 185      9BC3CAE7 
 185      4A898F50 
 185      121F3EC4 
 186 00da 2E9CC32E 		.ascii	".\234\303.\240\022\340<\3660\374c\2666\325j\247x\374"
 186      A012E03C 
 186      F630FC63 
 186      B636D56A 
 186      A778FC
 187 00ed 61331417 		.ascii	"a3\024\027\320\346\375\322\347=U\257'\225\227\355|Y"
 187      D0E6FDD2 
 187      E73D55AF 
 187      279597ED 
 187      7C59
 188 00ff EC6C13D4 		.ascii	"\354l\023\324fY\034l\016\016\207\0002M\220\257!\016"
 188      66591C6C 
 188      0E0E8700 
 188      324D90AF 
 188      210E
 189 0111 001562E0 		.ascii	"\000\025b\340-\277\011\301oY\306\302\237\313\3576\373"
 189      2DBF09C1 
 189      6F59C6C2 
 189      9FCBEF36 
 189      FB
 190 0122 9834292D 		.ascii	"\2304)-\0328\355\026\326\035\226\356\323rw6\026\347"
 190      1A38ED16 
 190      D61D96EE 
 190      D3727736 
 190      16E7
 191 0134 D1A4F726 		.ascii	"\321\244\367&\023\212\021\253o2w\361\016\316$R\344\204"
ARM GAS  C:\Users\elias\AppData\Local\Temp\ccS867JN.s 			page 14


 191      138A11AB 
 191      6F3277F1 
 191      0ECE2452 
 191      E484
 192 0146 8D4BA47A 		.ascii	"\215K\244z\221T\003\246\251\012eL\376=\003I)\014\335"
 192      915403A6 
 192      A90A654C 
 192      FE3D0349 
 192      290CDD
 193 0159 F2ABD713 		.ascii	"\362\253\327\023~\356'{1C\260\017\230*I3\216\235Jo\345"
 193      7EEE277B 
 193      3143B00F 
 193      982A4933 
 193      8E9D4A6F 
 194 016e 7EB79AEF 		.ascii	"~\267\232\357\200Y\246\001V'!\337-?\243\305@\226\221"
 194      8059A601 
 194      562721DF 
 194      2D3FA3C5 
 194      409691
 195 0181 CB6D959C 		.ascii	"\313m\225\234\370\256\272\244T\207+\235\272 \007\360"
 195      F8AEBAA4 
 195      54872B9D 
 195      BA2007F0 
 196 0191 31C6758F 		.ascii	"1\306u\217+\375\272\311\372\267\322\366\346u4C\354f"
 196      2BFDBAC9 
 196      FAB7D2F6 
 196      E6753443 
 196      EC66
 197 01a3 8A9F3414 		.ascii	"\212\2374\024\377\262\015\330!\274VI$\323\232\240Y\367"
 197      FFB20DD8 
 197      21BC5649 
 197      24D39AA0 
 197      59F7
 198 01b5 3255A987 		.ascii	"2U\251\207\301\267\262\353S\262\201?p0\240\035\254."
 198      C1B7B2EB 
 198      53B2813F 
 198      7030A01D 
 198      AC2E
 199 01c7 AC2DB599 		.ascii	"\254-\265\231t\342\266q\260\372\345\376\325\340>c\013"
 199      74E2B671 
 199      B0FAE5FE 
 199      D5E03E63 
 199      0B
 200 01d8 3E23C6A7 		.ascii	">#\306\247\232\361\271f\014\200\336\241v\260C\260\231"
 200      9AF1B966 
 200      0C80DEA1 
 200      76B043B0 
 200      99
 201 01e9 8A17FBAE 		.ascii	"\212\027\373\2567v\010\031|\351J\361\2066\326\306\032"
 201      37760819 
 201      7CE94AF1 
 201      8636D6C6 
 201      1A
 202 01fa 62EE7F77 		.ascii	"b\356\177w\312k\005!\370\212\343\336\333\013\332~>\025"
 202      CA6B0521 
 202      F88AE3DE 
 202      DB0BDA7E 
ARM GAS  C:\Users\elias\AppData\Local\Temp\ccS867JN.s 			page 15


 202      3E15
 203 020c 329CCCA5 		.ascii	"2\234\314\245\277\347\310\331\310H$6<\032\27184\020"
 203      BFE7C8D9 
 203      C8482436 
 203      3C1AB938 
 203      3410
 204 021e 1D8B8523 		.ascii	"\035\213\205#\203\347\006\242\375\247\007\373\243c#"
 204      83E706A2 
 204      FDA707FB 
 204      A36323
 205 022d A391D8D0 		.ascii	"\243\221\330\320\311\343ap\302&\331\003\205\277\022"
 205      C9E36170 
 205      C226D903 
 205      85BF12
 206 023c BF       		.ascii	"\277"
 207              		.text
 208              		.section	.gnu.lto_Counter_1_Init.1b11d205,"",%progbits
 209 0000 789C8D55 		.ascii	"x\234\215U]L\024W\024\276\337\\vv\226\305]%\0221\245"
 209      5D4C1457 
 209      14BEDF5C 
 209      767696C5 
 209      5D251231 
 210 0015 4993C636 		.ascii	"I\223\3066>\264\321\230\246\017}\364\301\247&My51F\367"
 210      3EB4D198 
 210      A60F7DF4 
 210      C1A7264D 
 210      79353146 
 211 002a C13411B3 		.ascii	"\3014\021\263B_\231\205\335b\304\030\222\246T\255\324"
 211      425F9985 
 211      DD62C418 
 211      92A654AD 
 211      D4
 212 003b A4A5152D 		.ascii	"\244\245\025-\002[P\\\241u\273E\260\270\202\240 \215"
 212      025B505C 
 212      A175BB45 
 212      B0B882A0 
 212      208D
 213 004d 2F062351 		.ascii	"/\006#Q\253\270 \365\027\273\336s\317\270\3404l\230"
 213      ABB820F5 
 213      17BBDE73 
 213      CFB8E034 
 213      6C98
 214 005f 64CFEC9D 		.ascii	"d\317\354\2359\347\373\276\363\335\2313\005\002\202"
 214      39E7FBBE 
 214      F3DD9933 
 214      050282
 215 006e 8E72AF10 		.ascii	"\216r\257\020\237\250\363[\352\007)`4\014\011\021\261"
 215      9FA8F35B 
 215      EA072960 
 215      340C0911 
 215      B1
 216 007f 0C80FED8 		.ascii	"\014\200\376\330\026D\265\201j\374k\2744\220\252\233"
 216      1644B581 
 216      6AFC6BBC 
 216      3490AA9B 
 217 008f 4A18EB8F 		.ascii	"J\030\353\217\333\352\270\371\323\327\322nI\"&\205\310"
 217      DBEAB8F9 
ARM GAS  C:\Users\elias\AppData\Local\Temp\ccS867JN.s 			page 16


 217      D3D7D26E 
 217      49222685 
 217      C8
 218 00a0 1A1A49E0 		.ascii	"\032\032I\3408\326\013\2256\031\377\357\233\025f\224"
 218      38D60B95 
 218      3619FFEF 
 218      9B156694 
 219 00b0 D2DEE19B 		.ascii	"\322\336\341\233h\201It\355\237'\355l\266\326N6y\036"
 219      68814974 
 219      ED9F27ED 
 219      6CB6D64E 
 219      36791E
 220 00c3 04DF3644 		.ascii	"\004\3376DL*J\025<\024L\012\026\005\037\005?\205\"\012"
 220      4C2A4A15 
 220      3C144C0A 
 220      16051F05 
 220      3F85220A 
 221 00d7 010A410A 		.ascii	"\001\012A\012\253(\024SXM\241\204\302\032\012\245\024"
 221      AB281453 
 221      584DA184 
 221      C21A0AA5 
 221      14
 222 00e8 84C82832 		.ascii	"\204\310(2\222=c\030t\226SH=\337?\376\330K\374\265\222"
 222      923D6318 
 222      74965348 
 222      3DDF3FFE 
 222      D84BFCB5 
 223 00fd 5A688CA5 		.ascii	"Zh\214\245\206\275sFL\032 \251\315\007\372\366Y\274"
 223      86BD7346 
 223      4C1A20A9 
 223      CD07FAF6 
 223      59BC
 224 010f B4BF8FD8 		.ascii	"\264\277\217\330\005\352\322\231\346\356\253\376ch\212"
 224      05EAD299 
 224      E6EEABFE 
 224      63688A
 225 011e 44557312 		.ascii	"DUs\022'Q\206\023(S=\374\202c\020S\250\2357\031N2\342"
 225      27518613 
 225      28533DFC 
 225      82631053 
 225      A89D3719 
 226 0135 E9BA74BC 		.ascii	"\351\272t\274\220 $\200V\225\251H\033A)\371\300N)0\005"
 226      90202480 
 226      5695A948 
 226      1B4129F9 
 226      C04E2930 
 227 014a 21B4C2A1 		.ascii	"!\264\302\241\001\037CzTI{\313\311\027\001\226T\343"
 227      011F437A 
 227      54497BCB 
 227      C9170196 
 227      54E3
 228 015c 48FAF951 		.ascii	"H\372\371Q\354.\026P\332r(\355.I\016\304\\kG\235\217"
 228      EC2E1650 
 228      DA7228ED 
 228      2E490EC4 
 228      5C6B479D 
 229 0171 25CD031D 		.ascii	"%\315\003\035.MK\242\305\265&\2235=\356v4Y\371\332\370"
ARM GAS  C:\Users\elias\AppData\Local\Temp\ccS867JN.s 			page 17


 229      2E4D4BA2 
 229      C5B52693 
 229      353DEE76 
 229      3459F9DA 
 230 0186 D511F0D4 		.ascii	"\325\021\360\324\021\340\343\374\221h\307QI\002\200"
 230      11E0E3FC 
 230      9168C751 
 230      490280
 231 0195 02742ED7 		.ascii	"\002t.\327\223.\315\357c\376\361C\015`L\277\252iM\365"
 231      932ECDEF 
 231      63FEF143 
 231      0D604CBF 
 231      AA694DF5 
 232 01a9 CF3ADB16 		.ascii	"\317:\333\026qL\251k\250\037\362,\300\234\316\301\234"
 232      714CA96B 
 232      A81FF22C 
 232      C09CCEC1 
 232      9C
 233 01ba 71692A62 		.ascii	"qi*b\210\256\276\201\257,\326\004t\2734-\011vVk*bM\323"
 233      88AEBE81 
 233      AF2CD604 
 233      74BB342D 
 233      0976566B 
 234 01d2 87BE64C8 		.ascii	"\207\276d\310\200*\331?2\331\013\226T\377z\237n\336"
 234      802AD93F 
 234      32D90B96 
 234      54FF7A9F 
 234      6EDE
 235 01e4 7858B880 		.ascii	"xX\270\200\222\310\241\234s\355S\220!\376\371\341\304"
 235      92C8A19C 
 235      73ED5390 
 235      21FEF9E1 
 235      C4
 236 01f5 79679F86 		.ascii	"yg\237\206\201\036\367>-\205\326\2535\005Y\323l)C\256"
 236      811EF73E 
 236      2D85D6AB 
 236      350559D3 
 236      6C2943AE 
 237 0209 CA57F19B 		.ascii	"\312W\361\233\313\222b\316\357\351\356\355\367\260%"
 237      CB9262CE 
 237      EFE9EEED 
 237      F7B025
 238 0218 1BF0FB72 		.ascii	"\033\360\373r\351\317k\372b\246\037\\\313\210\253\363"
 238      E9CF6BFA 
 238      62A61F5C 
 238      CB88ABF3 
 239 0228 55245DED 		.ascii	"U$]\355\227p\376`\313\235i\223\333\317\000\177,\227"
 239      9770FE60 
 239      CB9D6993 
 239      DBCF007F 
 239      2C97
 240 023a 3FA5F94B 		.ascii	"?\245\371K\230\177\324\341_\223\257\342OW\373\245\234"
 240      987FD4E1 
 240      5F93AFE2 
 240      4F57FBA5 
 240      9C
 241 024b DF363BD7 		.ascii	"\3376;\327fr\373A\364-\227\376\202\246/\025\2230\234"
ARM GAS  C:\Users\elias\AppData\Local\Temp\ccS867JN.s 			page 18


 241      6672FB41 
 241      F42D97FE 
 241      82A62F15 
 241      93309C
 242 025e D40BD927 		.ascii	"\324\013\331'\311 \341\024\200\006\302h&\335\344\247"
 242      C920E114 
 242      8006C268 
 242      26DDE4A7 
 243 026e A5072BD5 		.ascii	"\245\007+\325\262\263q\354[\257|O\217\233\211G\365}"
 243      B2B371EC 
 243      5BAF7C4F 
 243      8F9B8947 
 243      F57D
 244 0280 C1753FDA 		.ascii	"\301u?\332v\215\235\374\356p\221}\305\266b\322\304E"
 244      768D9DFC 
 244      EE70917D 
 244      C5B662D2 
 244      C445
 245 0292 48352631 		.ascii	"H5&1\2408\372\211\203&\346_X\247\012\316M\214}LP&\262"
 245      A038FA89 
 245      8326E65F 
 245      58A70ACE 
 245      4D8C7D4C 
 246 02a9 598941D6 		.ascii	"Y\211A\326x$~\273Q\2769g\355x\200*\364\240\315\362h"
 246      78247EBB 
 246      51BE3967 
 246      ED78802A 
 246      F4A0CDF2 
 247 02be 7B630AE3 		.ascii	"{c\012\343\222\032\257\002i\25577\003\275:\361T\377"
 247      921AAF02 
 247      69AD3737 
 247      03BD3AF1 
 247      54FF
 248 02d0 749B8F97 		.ascii	"t\233\217\227Q\347A\356\351\032\276\315\257C\304^\031"
 248      51E741EE 
 248      E91ABECD 
 248      AF43C45E 
 248      19
 249 02e1 93168694 		.ascii	"\223\026\206\224\264\313\272\375a\325\276\026\342\364"
 249      B4CBBAFD 
 249      61D5BE16 
 249      E2F4
 250 02ef AF69C51D 		.ascii	"\257i\305\035D\223M\003\001\272@\220\211\304\375\033"
 250      44934D03 
 250      01BA4090 
 250      89C4FD1B 
 251 02ff DEEA97F6 		.ascii	"\336\352\227\366>\233\312}Y5\216\005\256\240Z,fW_\004"
 251      3E9BCA7D 
 251      59358E05 
 251      AEA05A2C 
 251      66575F04 
 252 0313 8CA02C26 		.ascii	"\214\240,&\013\027y\231\356\312\274/?\320\272\322w\233"
 252      0B177999 
 252      EECABC2F 
 252      3FD0BAD2 
 252      779B
 253 0325 67ACD766 		.ascii	"g\254\327f\375\355\267;\310,?F\331\254Me\330\340XuU"
ARM GAS  C:\Users\elias\AppData\Local\Temp\ccS867JN.s 			page 19


 253      FDEDB73B 
 253      C82C3F46 
 253      D9AC4D65 
 253      D8E05875 
 254 033a 5BD57E3F 		.ascii	"[\325~?\361l\005\357\246\3005\307\251\231\207\235^\227"
 254      F16C05EF 
 254      A6C035C7 
 254      A999879D 
 254      5E97
 255 034c 53B70EAE 		.ascii	"S\267\016\256\245\012\307*\371\177\253\306\264U\343"
 255      A50AC72A 
 255      F97FABC6 
 255      B455E3
 256 035b 5ACED967 		.ascii	"Z\316\331g\023\363\006\277\344\265\2167\207\037\214"
 256      13F306BF 
 256      E4B58E37 
 256      871F8C
 257 036a 5C2F5CF0 		.ascii	"\\/\\\360F\342z\356\321\230 o\256-\362\206x\304=\324"
 257      46E27AEE 
 257      D198206F 
 257      AE2DF286 
 257      78C43DD4 
 258 037e 249F6CD1 		.ascii	"$\237l\321\326\320\221Q\333\243\276M\312\221w\267\204"
 258      D6D09151 
 258      DBA3BE4D 
 258      CA9177B7 
 258      84
 259 038f 7687C2DB 		.ascii	"v\207\302\333+C;\267\225WT\205w\204\266~V^\261\371\243"
 259      2B433BB7 
 259      95575485 
 259      7784B67E 
 259      565EB1F9 
 260 03a4 AD9B2BAA 		.ascii	"\255\233+\252vW\206\302\3336~\270C\230{B\341]\025;\003"
 260      765786C2 
 260      DB367EB8 
 260      43987B42 
 260      E15D153B 
 261 03b9 BBE84AB8 		.ascii	"\273\350J\270jO\345\336O\267\357\375\342\025qqoJ"
 261      6A4FE5DE 
 261      4FB7EFFD 
 261      E2157171 
 261      6F4A
 262              		.text
 263              		.section	.gnu.lto_Counter_1_Start.1b11d205,"",%progbits
 264 0000 789C9593 		.ascii	"x\234\225\223\315kSA\020\300gv_\362\322\227\024\375"
 264      CD6B5341 
 264      10C06776 
 264      5FF2D297 
 264      14FD
 265 0012 034A10C4 		.ascii	"\003J\020\304C/JA\377\202\036<x\021{-\024\251\2716\020"
 265      432F4A41 
 265      FF821E3C 
 265      78117B2D 
 265      14A9B936 
 266 0027 5AAFD934 		.ascii	"Z\257\3314IS\305\203\010F\020\265\020\013\251\2115I"
 266      4953C583 
 266      084610B5 
ARM GAS  C:\Users\elias\AppData\Local\Temp\ccS867JN.s 			page 20


 266      100BA989 
 266      3549
 267 0039 3F4D5488 		.ascii	"?MT\210!E\241AA\251\005\213E=\004)EZ\254_\325\032g\336"
 267      2145A141 
 267      41A9058B 
 267      453D0429 
 267      455AAC5F 
 268 0051 C6181B08 		.ascii	"\306\030\033\010\270\220\331d\336\354o\177;oc\000\002"
 268      B890D964 
 268      DEEC6F7F 
 268      3B6F6300 
 268      02
 269 0062 8F840438 		.ascii	"\217\204\0048B\363q\372\240\003P\\~\006\020r\011!\013"
 269      42F371FA 
 269      A003505C 
 269      7E061072 
 269      09210B
 270 0075 5E5096F1 		.ascii	"^P\226\361\352\030(\217DC\247\015D\376\242\\\010A!\015"
 270      EA18288F 
 270      4443A70D 
 270      44FEA25C 
 270      0841210D 
 271 0089 0CE267B1 		.ascii	"\014\342g\261'\260\024\253\346EwR\321x\273T\350QSE\214"
 271      27B014AB 
 271      E6457752 
 271      D178BB54 
 271      E8515345 
 272 009e 12B726EC 		.ascii	"\022\267&\354-\000\223\330\015T\366>\367\353j\2473\302"
 272      2D0093D8 
 272      0D54F63E 
 272      F7EB6AA7 
 272      33C2
 273 00b0 6587F443 		.ascii	"e\207\364C\234B'{d\316\024U\255\026V\305U\367\343]\367"
 273      9C42277B 
 273      64CE1455 
 273      AD1656C5 
 273      55F7E35D 
 274 00c5 01095189 		.ascii	"\001\011Q\211&\007\027\207\016\016\026\0077\007\017"
 274      26071787 
 274      0E0E1607 
 274      37070F
 275 00d4 07802D02 		.ascii	"\007\200-\002\260\314\266\020<\313*\216\306s_\022&3"
 275      B0CCB610 
 275      3CCB2A8E 
 275      C6735F12 
 275      2633
 276 00e6 C352D27E 		.ascii	"\303R\322~\361h\351\271\271#\242R o\237\317o\256\231"
 276      F168E9B9 
 276      B923A252 
 276      206F9FCF 
 276      6FAE99
 277 00f9 C13D35AE 		.ascii	"\301=5\256\324A\312] CNoTV\312\326\004\336\014);/1E"
 277      D441CA5D 
 277      20434E6F 
 277      5456CAD6 
 277      04DE0C29 
 278 0111 C7BA835D 		.ascii	"\307\272\203]d\227\306\011\204w\030y\035\366\376\245"
ARM GAS  C:\Users\elias\AppData\Local\Temp\ccS867JN.s 			page 21


 278      6497C609 
 278      84771879 
 278      1DF6FEA5 
 279 0121 6636F3DF 		.ascii	"f6\363\337;\231\212\010x\227\353\200%$\024\274\362\003"
 279      3B998A08 
 279      7897EB80 
 279      252414BC 
 279      F203
 280 0133 868B6F96 		.ascii	"\206\213o\226=\\\334\272\243Q#\017\300i\014\322\001"
 280      3D5CDCBA 
 280      A351230F 
 280      C0690CD2 
 280      01
 281 0144 1C40BE3B 		.ascii	"\034@\276;\331\2373\266\357\177\330\335k\330e\310\216"
 281      D99F33B6 
 281      EF7FD8DD 
 281      6BD865C8 
 281      8E
 282 0155 2AE66395 		.ascii	"*\346c\225\234\305>$\204Y\333g[\030\365\226\224v/\256"
 282      9CC53E24 
 282      8459DB67 
 282      5B18F596 
 282      94762FAE 
 283 0169 A7AEE0BF 		.ascii	"\247\256\340\277\315W\237\2569\354\326\327\250u\373"
 283      CD579FAE 
 283      39ECD6D7 
 283      A875FB
 284 0178 DF0BE6C8 		.ascii	"\337\013\346\310\035p\206\217k67\321i7\361\353\213\351"
 284      1D70868F 
 284      6B3637D1 
 284      6937F1EB 
 284      8BE9
 285 018a 34EA9FB7 		.ascii	"4\352\237\267c!eP\252\3624\233@V\214\204X\321\3049\354"
 285      63216550 
 285      AAF2349B 
 285      40568C84 
 285      58D1C439 
 286 019f C2595B71 		.ascii	"\302Y[q\236\033X\305\360\2671\266\320P\227\346\316\225"
 286      9E1B58C5 
 286      F0B731B6 
 286      D05097E6 
 286      CE95
 287 01b1 9F8CB974 		.ascii	"\237\214\271t\033\021\027\250\232d\343vI{\344\"\345"
 287      1B1117A8 
 287      9A64E376 
 287      497BE422 
 287      E5
 288 01c2 0902F6D9 		.ascii	"\011\002\366\331\252\251\033uj\007\255ZZI.;\265\333"
 288      AAA91B75 
 288      6A07AD5A 
 288      5A492E3B 
 288      B5DB
 289 01d4 6CDD6DED 		.ascii	"l\335m\355\372\352G\253\031t\277\001\312\377qsj\202"
 289      FAEA47AB 
 289      1974BF01 
 289      CAFF7173 
 289      6A82
ARM GAS  C:\Users\elias\AppData\Local\Temp\ccS867JN.s 			page 22


 290 01e6 45901691 		.ascii	"E\220\026\2216\353\013\266\210\245E\326\323\3475\305"
 290      36EB0BB6 
 290      88A545D6 
 290      D3E735C5 
 291 01f6 4D8B262F 		.ascii	"M\213&/\225\307]\332C\335\322\036\013\223\213/\335\315"
 291      95C75DDA 
 291      43DDD21E 
 291      0B938B2F 
 291      DDCD
 292 0208 9C070DCE 		.ascii	"\234\007\015\316\303}\036\036\202\264x\264Y\377\310"
 292      C37D1E1E 
 292      82B478B4 
 292      59FFC8
 293 0217 F6F0C006 		.ascii	"\366\360\300\006\216\026\177\234\262\257\036\217-\272"
 293      8E167F9C 
 293      B2AF1E8F 
 293      2DBA
 294 0225 6C7407E8 		.ascii	"lt\007\350Or\370\244o\310\0278;\354;7\320\347\037\011"
 294      4F72F8A4 
 294      6FC81738 
 294      3BEC3B37 
 294      D0E71F09 
 295 0239 0CFAFA4F 		.ascii	"\014\372\372O\367\371{O\364\367\372G\206\206}\201\201"
 295      F7F97B4F 
 295      F4F7FA47 
 295      86867D81 
 295      81
 296 024a 9EA383F0 		.ascii	"\236\243\203\360\033\243\347IC"
 296      1BA3E749 
 296      43
 297              		.text
 298              		.section	.gnu.lto_Counter_1_ReadCounter.1b11d205,"",%progbits
 299 0000 789C3D90 		.ascii	"x\234=\220\277KBQ\024\307\317\367\336\227\011\322\217"
 299      BF4B4251 
 299      14C7CFF7 
 299      DE9709D2 
 299      8F
 300 0011 AD218720 		.ascii	"\255!\207 \202\\\202\206\376\201\214Z-WA\302\336\252"
 300      825C8286 
 300      FE818C5A 
 300      2D5741C2 
 300      DEAA
 301 0023 203A7B9F 		.ascii	" :{\237\372\"\032\"\210\332\314\305\260\314\224\246"
 301      FA221A22 
 301      88DACCC5 
 301      B0CC94A6 
 302 0033 5615DAC4 		.ascii	"V\025\332\304\240\241\311$\032\202\232\254\214\240\250"
 302      A0A1C924 
 302      1A829AAC 
 302      8CA0A8
 303 0042 D73D2A5D 		.ascii	"\327=*]8\234\373\275\367{?\347\3135\010\304kU\2679\335"
 303      389CFBBD 
 303      F77B3FE7 
 303      CB3508C4 
 303      6B55B739 
 304 0057 A7754112 		.ascii	"\247uA\022\304~\213\310r\013\2007\312\015J\011\244\360"
 304      C47E8BC8 
ARM GAS  C:\Users\elias\AppData\Local\Temp\ccS867JN.s 			page 23


 304      720B8037 
 304      CA0D4A09 
 304      A4F0
 305 0069 217E04AE 		.ascii	"!~\004\256\235\317\332DO\330l\323\362\266\333\314yX"
 305      9DCFDA44 
 305      4FD86CD3 
 305      F2B6DBCC 
 305      7958
 306 007b 02935A96 		.ascii	"\002\223Z\226\012\3257\267\257\250TZ=\234\274/[\031"
 306      0AD537B7 
 306      AFA8545A 
 306      3D9CBC2F 
 306      5B19
 307 008d 7BDE9682 		.ascii	"{\336\226\202\034A8\205\027Exy\304\031|\244\315\217"
 307      1C413885 
 307      17457879 
 307      C4197CA4 
 307      CD8F
 308 009f 97BF8763 		.ascii	"\227\277\207c\256\254\322k\206-\372\246\004\027G\252"
 308      AEACD26B 
 308      862DFAA6 
 308      041747AA 
 309 00af 6ED494E3 		.ascii	"n\324\224\343dT-7UoO\031\202l)%1\211\272\2728\325\253"
 309      64542D37 
 309      556F4F19 
 309      826C2925 
 309      3189BABA 
 310 00c6 10DCE513 		.ascii	"\020\334\345\023\032_\273\235{\027?\315H\216td7nF9\222"
 310      1A5FBB9D 
 310      7B173FCD 
 310      488E7464 
 310      376E4639 
 311 00db 019ED22B 		.ascii	"\001\236\322+\267*\343\003\271}l)\203\217\236\013{\236"
 311      B72AE303 
 311      B97D6C29 
 311      838F9E0B 
 311      7B9E
 312 00ed 3C725616 		.ascii	"<rV\026\266\034AY';\347d\270@\036\324'\336u\002\003"
 312      B61C4159 
 312      273BE764 
 312      B8401ED4 
 312      27DE7502 
 313 0102 A2D4FE76 		.ascii	"\242\324\376v\363\2528$\356\014\021\337\007\365\225"
 313      F3AA3824 
 313      EE0C11DF 
 313      07F595
 314 0111 3EC1522A 		.ascii	">\301R*HL\251\374S\252LyAZ\255\017\021\374\307]\001"
 314      484CA9FC 
 314      53AA4C79 
 314      415AAD0F 
 314      11FCC75D 
 315 0126 CEABD3CF 		.ascii	"\316\253\323\317\256\231Q3\276\2310\267\302\301X2\036"
 315      AE995133 
 315      BE9930B7 
 315      C2C15832 
 315      1E
 316 0137 31438160 		.ascii	"1C\201`\314\277\024\362\307\222\321\204\031\017/.D\350"
ARM GAS  C:\Users\elias\AppData\Local\Temp\ccS867JN.s 			page 24


 316      CCBF14F2 
 316      C792D184 
 316      190F2F2E 
 316      44E8
 317 0149 0F475480 		.ascii	"\017GT\200\341"
 317      E1
 318              		.text
 319              		.section	.gnu.lto_Counter_1_ReadCapture.1b11d205,"",%progbits
 320 0000 789C6361 		.ascii	"x\234ca`d\000\201\177@\254\012\304\322@\314\310\314"
 320      60640081 
 320      7F40AC0A 
 320      C4D240CC 
 320      C8CC
 321 0012 C0C834E1 		.ascii	"\300\3104\341\034\003C#\007\023##\210\321\300\301\310"
 321      1C034323 
 321      07132323 
 321      88D1C0C1 
 321      C8
 322 0023 50CFC458 		.ascii	"P\317\304X\317\370\225\351/\023\343\321\377\337\017"
 322      CFF895E9 
 322      2F13E3D1 
 322      FFDF0F
 323 0032 F07F616A 		.ascii	"\360\177aj\005)\003r/}83\227\033\304ed\024\000rW-Y\377"
 323      05290372 
 323      2F7D3833 
 323      971BC465 
 323      64140072 
 324 004a 89437379 		.ascii	"\211CsyCCS\303\203\243\213\235\033\233[5Z\231\231\030"
 324      434353C3 
 324      83A38B9D 
 324      1B9B5B35 
 324      5A999918 
 325 005e FE333130 		.ascii	"\376310\256`\224a\\\316(\003\262b%\243&\003P\361\243"
 325      AE609461 
 325      5CCE2803 
 325      B26225A3 
 325      260350F1 
 326 0073 8DFFA6F2 		.ascii	"\215\377\246\362\262\2654\000\201\002H\011Pf\025#\033"
 326      B2B53400 
 326      81024809 
 326      50661523 
 326      1B
 327 0084 C849EB83 		.ascii	"\310I\353\203\0164\374\377\337\334p`\276\324\301]R@"
 327      0E34FCFF 
 327      DFDC7060 
 327      BED4C15D 
 327      5240
 328 0096 03408630 		.ascii	"\003@\2060|\000b\220\203>21\201h\346g\214\207~u\235"
 328      7C006290 
 328      833E3231 
 328      8168E667 
 328      8C877E75 
 329 00ab 7B1900D2 		.ascii	"{\031\000\322\325\314\014r\315\264\326C\347\331A\256"
 329      D5CC0C72 
 329      CDB4D643 
 329      E7D941AE 
 330 00bb 61660459 		.ascii	"af\004Yp\347\314\366\345Pn\307\274\306\006\026\240\320"
ARM GAS  C:\Users\elias\AppData\Local\Temp\ccS867JN.s 			page 25


 330      70E7CCF6 
 330      E5506EC7 
 330      BCC60616 
 330      A0D0
 331 00cd EFC9075D 		.ascii	"\357\311\007]\3463\316mlilh\010\006\032\313\302\270"
 331      E633CE6D 
 331      6C696C68 
 331      08061ACB 
 331      C2B8
 332 00df 06E8AED5 		.ascii	"\006\350\256\325 w1\256e\234\317\310\360\212\261\251"
 332      207731AE 
 332      659CCFC8 
 332      F08AB1A9 
 333 00ef 21106A22 		.ascii	"!\020j\"(l>01\202,\003\262\225\335S\363R\213\022KRS"
 333      286C3E30 
 333      31822C03 
 333      B295DD53 
 333      F3528B12 
 334 0106 E283F34B 		.ascii	"\342\203\363K\213\222Sc\002\202\363\235Mc\234\363K\363"
 334      8B925363 
 334      0282F39D 
 334      4D639CF3 
 334      4BF3
 335 0118 4A528BE2 		.ascii	"JR\213\342\015\365\222\031\000\241ah\360"
 335      0DF59219 
 335      00A16168 
 335      F0
 336              		.text
 337              		.section	.gnu.lto_Counter_1_WritePeriod.1b11d205,"",%progbits
 338 0000 789C2550 		.ascii	"x\234%PMKBA\024\275g\306\257\210\250\275.\202 \021\242"
 338      4D4B4241 
 338      14BD67C6 
 338      AF88A8BD 
 338      2E822011 
 339 0015 88E817B8 		.ascii	"\210\350\027\270h\033\271L\020\321\267h\343\013\321"
 339      681BB94C 
 339      10D1B768 
 339      E30BD1
 340 0024 B5E3C7A3 		.ascii	"\265\343\307\243m-2\210\314Uh\037*R\233\010\342%\024"
 340      6D2D3288 
 340      CC55681F 
 340      2A529B08 
 340      E22514
 341 0037 049110B4 		.ascii	"\004\221\020\264\257@\027-\302\240hU\257;za\270\037"
 341      AF40172D 
 341      C2A06855 
 341      AF3B7A61 
 341      B81F
 342 0049 9C7BCEB9 		.ascii	"\234{\316\271\343\"\220\216\005Ns\234\375\374 \011b"
 342      E322908E 
 342      054E739C 
 342      FDFC2009 
 342      62
 343 005a FB9128EF 		.ascii	"\373\221(\357\023\200.\224\017\224\023\310\341[\374"
 343      13802E94 
 343      0F9413C8 
 343      E15BFC
ARM GAS  C:\Users\elias\AppData\Local\Temp\ccS867JN.s 			page 26


 344 0069 0A74B6FA 		.ascii	"\012t\266\372\227\"TS\034/\275\326\222\252\333\260$"
 344      97225453 
 344      1C2FBDD6 
 344      92AADBB0 
 344      24
 345 007a 9123864C 		.ascii	"\221#\206L\204\032B\214\272u~\354\311/aI@/=\015\036"
 345      841A428C 
 345      BA757EEC 
 345      C92F6149 
 345      402F3D0D 
 346 008f 2AE3BA15 		.ascii	"*\343\272\025\230\342\366\274\374\274\347\225\263 \215"
 346      98E2F6BC 
 346      FCBCE795 
 346      B3208D
 347 009e 7CBDBF96 		.ascii	"|\275\277\226\301#\245\012J\355\305\225\333\222\022"
 347      C123A50A 
 347      4AEDC595 
 347      DB9212
 348 00ad 2790CC87 		.ascii	"'\220\314\207c\004PG\200xD8EP\303\337\332\177\273\023"
 348      63045047 
 348      80784438 
 348      4550C3DF 
 348      DA7FBB13 
 349 00c1 9E92969F 		.ascii	"\236\222\226\237\036\211\342\014\036}Fk\315V\216ST\366"
 349      1E89E20C 
 349      1E7D466B 
 349      CD568E53 
 349      54F6
 350 00d3 8EFFE6C0 		.ascii	"\216\377\346\300\357b\363z\205\006\214\321W|\012\241"
 350      EF62F37A 
 350      85068CD1 
 350      577C0AA1 
 351 00e3 B3ECA3B3 		.ascii	"\263\354\243\263\337\356\225\245^c\276\262\325\351z"
 351      DFEE95A5 
 351      5E63BEB2 
 351      D5E97A
 352 00f2 B533D7D0 		.ascii	"\2653\327\320M\343\356\24396jK\207y\345\342\321\325"
 352      4DE3EEA3 
 352      39366A4B 
 352      8779E5E2 
 352      D1D5
 353 0104 45B7E7AE 		.ascii	"E\267\347\256\242\222/\361\241n4\331T\203M\021Z\250"
 353      A2922FF1 
 353      A16E34D9 
 353      54834D11 
 353      5AA8
 354 0116 A22805BD 		.ascii	"\242(\005\275\243`W\3265\337\360\007\006\002Z\210eg"
 354      A36057D6 
 354      35DFF007 
 354      06025A88 
 354      6567
 355 0128 568C9491 		.ascii	"V\214\224\221\216g\214d,bf\323\011#\272\0321\303\313"
 355      8E678C64 
 355      2C6266D3 
 355      0923BA1A 
 355      31C3CB
 356 013b D1B0994D 		.ascii	"\321\260\231Me\214tlq>A\236M#\275a&\377\001\366Dz\011"
ARM GAS  C:\Users\elias\AppData\Local\Temp\ccS867JN.s 			page 27


 356      658C746C 
 356      713E419E 
 356      4D23BD61 
 356      26FF01F6 
 357              		.text
 358              		.section	.gnu.lto_Counter_1_ReadPeriod.1b11d205,"",%progbits
 359 0000 789C2D50 		.ascii	"x\234-P\261J\003A\020\235\267\027\343\211\210\366I!"
 359      B14A0341 
 359      109DB717 
 359      E38988F6 
 359      4921
 360 0012 88601AC1 		.ascii	"\210`\032\301\302/\270\3026zm H\2746\007GRg/w\327X\331"
 360      C22FB8C2 
 360      367A6D20 
 360      48BC3607 
 360      4752672F 
 361 002a 6817D308 		.ascii	"h\027\323\010\321h\014\202]\232\030\210\225$\340\017"
 361      D1680C82 
 361      5D9A1888 
 361      9524E00F 
 362 003a 28821616 		.ascii	"(\202\026\026z\212\"\004\364\234A\007\036;o\367\315"
 362      7A8A2204 
 362      F49C4107 
 362      1E3B6FF7 
 362      CD
 363 004b 9BC7A608 		.ascii	"\233\307\246\010$\2250\226\031\031\006\014\202\332\033"
 363      24953096 
 363      1919060C 
 363      82DA1B
 364 005a 11F9A602 		.ascii	"\021\371\246\002\244\321&\250\246P\303\247\372V\030"
 364      A4D126A8 
 364      A650C3A7 
 364      FA5618
 365 0069 265FFDF9 		.ascii	"&_\375\371\017\025\211\214\351m|\323\230\025\012,0m"
 365      0F15898C 
 365      E96D7CD3 
 365      98150A2C 
 365      306D
 366 007b 1F75DFCD 		.ascii	"\037u\337\315\\K\353\272\276\037\366,?\210V\"CQ\242"
 366      5C4BEBBA 
 366      BE1FF62C 
 366      3F885622 
 366      4351A2
 367 008e 08C7C8A2 		.ascii	"\010\307\310\242\205\254\2548A\216X\374p\361\263?\227"
 367      85ACAC38 
 367      418E58FC 
 367      70F1B33F 
 367      97
 368 009f 0E35D7A2 		.ascii	"\0165\327\242H\370\245\215\264D\352n\365u\222\004\272"
 368      48F8A58D 
 368      B444EA6E 
 368      F5759204 
 368      BA
 369 00b0 7F97B99A 		.ascii	"\177\227\271\232d\330@L(fH\2407\245\3444\2360\230\354"
 369      64D8404C 
 369      286648A0 
 369      37A5E434 
ARM GAS  C:\Users\elias\AppData\Local\Temp\ccS867JN.s 			page 28


 369      9E3098EC 
 370 00c4 8E5EF332 		.ascii	"\216^\3632\025\030\222\346 \032\214\247%\215\001Y\320"
 370      151892E6 
 370      201A8CA7 
 370      258D0159 
 370      D0
 371 00d5 B97E399F 		.ascii	"\271~9\237\371\243\341\241\257S|\325\273\034?N5\321"
 371      F9A3E1A1 
 371      AF537CD5 
 371      BB1C3F4E 
 371      35D1
 372 00e7 F0435F6B 		.ascii	"\360C_k\233}S8\343`\247\022\014\0354A\317\250\353\315"
 372      9B7D5338 
 372      E360A712 
 372      0C1D3441 
 372      CFA8EBCD 
 373 00fb 7F4BF99C 		.ascii	"\177K\371\234XA\266q\277\264\341\224\035o\273\342\354"
 373      5841B671 
 373      BFB4E194 
 373      1D6FBBE2 
 373      EC
 374 010c 146DB7EA 		.ascii	"\024m\267\352\225\234B\336v\255\365\202\345V\313\025"
 374      959C42DE 
 374      76ADF582 
 374      E556CB15 
 375 011c C72BAEAD 		.ascii	"\307+\256\255\226\350\027\235`j-"
 375      96E8179D 
 375      606A2D
 376              		.text
 377              		.section	.gnu.lto_.symbol_nodes.1b11d205,"",%progbits
 378 0000 789C55CE 		.ascii	"x\234U\316\271\021\002A\020CQ\365\364\\{\314\032$\000"
 378      B9110241 
 378      104351F5 
 378      F45C7BCC 
 378      1A2400
 379 0013 E4B0F969 		.ascii	"\344\260\371i\240\360!\030p\010\202 \260\011\202\005"
 379      A0F02118 
 379      70088220 
 379      B0098205 
 380 0023 4F96AA5E 		.ascii	"O\226\252^\311\370\021\206f\000B p{\001\333<\373q\203"
 380      C9F81186 
 380      66004220 
 380      707B01DB 
 380      3CFB7183 
 381 0037 4853480C 		.ascii	"HSH\014\012\231\256P\030\025*\223\302\300\254`,\012"
 381      0A99AE50 
 381      18152A93 
 381      C2C0AC60 
 381      2C0A
 382 0049 CE2A9080 		.ascii	"\316*\220\200\323\356\0278r\320\347\304Qa\346\244\320"
 382      D3EE1738 
 382      72D0E7C4 
 382      5161E6A4 
 382      D0
 383 005a 380BD8C2 		.ascii	"8\013\330\302\366\007\240\367\003\340y\301\345\261z"
 383      F607A0F7 
 383      03E079C1 
ARM GAS  C:\Users\elias\AppData\Local\Temp\ccS867JN.s 			page 29


 383      E5B17A
 384 0069 C9385F3F 		.ascii	"\3118_?{\257\005\357\373\212/\256?:_"
 384      7BAF05EF 
 384      FB8A2FAE 
 384      3F3A5F
 385              		.text
 386              		.section	.gnu.lto_.refs.1b11d205,"",%progbits
 387 0000 789C6361 		.ascii	"x\234ca`d\340d```\342`\340dd\344da\000\000\001\215\000"
 387      6064E064 
 387      606060E2 
 387      60E06464 
 387      E4646100 
 388 0018 31       		.ascii	"1"
 389              		.text
 390              		.section	.gnu.lto_.decls.1b11d205,"",%progbits
 391 0000 789C8D56 		.ascii	"x\234\215VkLTG\024\276sgYpwY\254UJ\232m\2536\032\177"
 391      6B4C5447 
 391      14BE7367 
 391      59707759 
 391      AC554A9A 
 392 0019 9192B6C6 		.ascii	"\221\222\266\306\376i\332\220\326\232\364a$\332?&f\225"
 392      FE69DA90 
 392      D69AF461 
 392      24DA3F26 
 392      6695
 393 002b 1BBB8D01 		.ascii	"\033\273\215\001\262.I\371\325\253P+R#\266E\312\303"
 393      B22E49F9 
 393      D5AB502B 
 393      5223B645 
 393      CAC3
 394 003d A8F4E1A2 		.ascii	"\250\364\341\242\320]\001WA++\362\020y\277AP\036+\362"
 394      D05D0157 
 394      412B2BF2 
 394      1079BF41 
 394      501E2BF2 
 395 0051 34D1A858 		.ascii	"4\321\250XT\334\236\231;\227{\357\272T'\234\345\316"
 395      54DC9E99 
 395      3B977BEF 
 395      BA54279C 
 395      E5CE
 396 0063 CCF9BE73 		.ascii	"\314\371\276s\3167\347\316\256\216C\034\031\221\006"
 396      CE37E7CE 
 396      AE8E431C 
 396      199106
 397 0072 8EBB028F 		.ascii	"\216\273\002\217i\230\343\3740\314\260\266\005\214\007"
 397      6998E3FC 
 397      30CCB0B6 
 397      058C07
 398 0081 B3801573 		.ascii	"\263\200\025s\322 \353e`\036\260J\260*\260j\260Z\260"
 398      D220EB65 
 398      601EB04A 
 398      B02AB06A 
 398      B05AB0
 399 0094 6B608D60 		.ascii	"k`\215`\315`m`\035`]`=`}`$\322\000\247\035\204K\307"
 399      CD606D60 
 399      1D605D60 
 399      3D607D60 
ARM GAS  C:\Users\elias\AppData\Local\Temp\ccS867JN.s 			page 30


 399      24D200A7 
 400 00ac 629138C3 		.ascii	"b\2218\303`\203l\017\261\375\300\341y\001\306\023\004"
 400      60836C0F 
 400      B1FDC0E1 
 400      7901C613 
 400      04
 401 00bd 53A9C25C 		.ascii	"S\251\302\\\014\202\251\014\202!\265\341\005\374\253"
 401      0C82A90C 
 401      8221B5E1 
 401      05FCAB
 402 00cc 82F857FF 		.ascii	"\202\370W\377\217\177u\020\377\332\027\344T\033\004"
 402      8F7F7510 
 402      FFDA17E4 
 402      541B04
 403 00db 43343632 		.ascii	"C462\314\022\260\245\234t6j\035F\300.\201\215\201\215"
 403      CC12B0A5 
 403      9C74366A 
 403      1D46C02E 
 403      818D818D 
 404 00ef 321CCFB0 		.ascii	"2\034\317\260}A8\311\231\231\270\347\365T\363\313\\"
 404      7D4138C9 
 404      9999B8E7 
 404      F554F3CB 
 404      5C
 405 0100 E360F52C 		.ascii	"\343`\365,_\216\345O\360]\214?\230\216\244\037\302T"
 405      5F8EE54F 
 405      F05D8C3F 
 405      988EA41F 
 405      C254
 406 0112 FC130C3F 		.ascii	"\374\023\014?\011V\032P7f\376\204\263\214\013\3363\244"
 406      09561A50 
 406      3766FE84 
 406      B38C0BDE 
 406      33A4
 407 0124 B7F401F9 		.ascii	"\267\364\001\371\255\006\233\006\233b>\210\371\005\016"
 407      AD069B06 
 407      9B623E88 
 407      F9050E
 408 0133 D2932101 		.ascii	"\322\223!\001\330@\\G\020\\\027\213\031\250\273Zc\304"
 408      D8405C47 
 408      105C178B 
 408      19A8BB5A 
 408      63C4
 409 0145 FC0247CF 		.ascii	"\374\002G\317K\304\354\011\202\233\343\321\237\217\237"
 409      4BC4EC09 
 409      829BE3D1 
 409      9F8F9F
 410 0154 DCC50F78 		.ascii	"\334\305\017x\264\332\200\374~\014\013\256\351\362\331"
 410      B4DA80FC 
 410      7E0C0BAE 
 410      E9F2D9
 411 0163 706981EC 		.ascii	"pi\201\354\017\316:?\215.\022ad\212\"\317+@\347\211"
 411      0FCE3A3F 
 411      8D2E1261 
 411      648A22CF 
 411      2B40E789 
 412 0177 DA520336 		.ascii	"\332R\0036R\247\032\377#o\004`\226\030\020\017\323\366"
ARM GAS  C:\Users\elias\AppData\Local\Temp\ccS867JN.s 			page 31


 412      52A71AFF 
 412      236F0460 
 412      9618100F 
 412      D3F6
 413 0189 BB8D478D 		.ascii	"\273\215G\2150]j@\213\347x>\377\327\313\305zdX\263_"
 413      305D6A40 
 413      8BE7783E 
 413      FFD7CBC5 
 413      7A6458B3 
 414 019e 14F78A62 		.ascii	"\024\367\212b\252hp\2329T\204,\3504\262p\350o\264\206"
 414      AA68709A 
 414      3954842C 
 414      E834B270 
 414      E86FB486 
 415 01b2 C42A44D1 		.ascii	"\304*D\321\034r\302\342IX\374\213\304\033\352\032\377"
 415      1C72C2E2 
 415      4958FC8B 
 415      C41BEA1A 
 415      FF
 416 01c3 B05C1417 		.ascii	"\260\\\024\027\243bd@\247\020\246.P\313j\003\371\204"
 416      A3626440 
 416      A710A62E 
 416      50CB6A03 
 416      F984
 417 01d5 4588E43F 		.ascii	"E\210\344?Vv(\254\037\365!\314\261k\206CH\372D\3248"
 417      567628AC 
 417      1FF521CC 
 417      B16B8643 
 417      48FA44D4 
 418 01ea C9E8141E 		.ascii	"\311\350\024\036xNz\220\227\346\007\307\\x\371Q!\243"
 418      784E7A90 
 418      97E607C7 
 418      5C78F951 
 418      21A3
 419 01fc 7F0C8FFC 		.ascii	"\177\014\217\374\362\240$\012;b i.\253\316@\210W\002"
 419      F2A0240A 
 419      3B622069 
 419      2EABCE40 
 419      885702
 420 020f 20692A23 		.ascii	" i*#T|\001\031\3119\313a8^V>c\350\331\031#~\217*\337"
 420      547C0119 
 420      C939CB61 
 420      385E563E 
 420      63E8D919 
 421 0228 96E6CEC7 		.ascii	"\226\346\316\307\222\362:\230\336k\312\365\231%\345"
 421      92F23A98 
 421      DE6BCAF5 
 421      9925E5
 422 0237 97C374AE 		.ascii	"\227\303t\256>/\227\217:BO/U\\\256C[\"Q\011h|\0064\346"
 422      3E2F978F 
 422      3A424F2F 
 422      555CAE43 
 422      5B225109 
 423 0250 50298A82 		.ascii	"P)\212\202\317\355:\211u\260\316\223a\\y\\\034r\213"
 423      CFED3A89 
 423      75B0CE93 
 423      615C795C 
ARM GAS  C:\Users\elias\AppData\Local\Temp\ccS867JN.s 			page 32


 423      1C728B
 424 0263 4379B55F 		.ascii	"Cy\265_\215\224\210b:\034\230\216\270!\267\"\277\233"
 424      8D948862 
 424      3A1C988E 
 424      B821B722 
 424      BF9B
 425 0275 68CD2117 		.ascii	"h\315!\027\352\207\274\312\320J\200\316\234\317?\247"
 425      EA87BCCA 
 425      D04A80CE 
 425      9CCF3FA7 
 426 0285 C3369AD0 		.ascii	"\3036\232\320\037\373Z\334a@s\334-z[\233Mb\346\036Q"
 426      1FFB5ADC 
 426      614073DC 
 426      2D7A5B9B 
 426      4D62E61E 
 427 029a FC88729C 		.ascii	"\374\210r\234U8\316\2529<\224\243\341pv\223\036\177"
 427      5538CEAA 
 427      393C94A3 
 427      E1707693 
 427      1E7F
 428 02ac 47395C3F 		.ascii	"G9\\?\334*\014\203*,\320\223H\325\222\026\251%s\016"
 428      DC2A0C83 
 428      2A2CD093 
 428      48D59216 
 428      A925730E 
 429 02c0 FB9E19F1 		.ascii	"\373\236\031\361/\210L\370\016\337\351\011\035Zc`-s"
 429      2F884CF8 
 429      0EDFE909 
 429      1D5A6360 
 429      2D73
 430 02d2 4B6A998B 		.ascii	"Kj\231\213\3202\025J<\013i\031\332~w\013D}\024\207\336"
 430      D032154A 
 430      3C0B6919 
 430      DA7E770B 
 430      447D1487 
 431 02e7 B5A077A0 		.ascii	"\265\240w\240\367.@\357YX\357\225\203.\347A\027\010"
 431      F72E40EF 
 431      5958EF95 
 431      832EE741 
 431      1708
 432 02f9 309A7D6C 		.ascii	"0\232}lJ\257\003\275)\017\010\004kE\025\003\323\372"
 432      4AAF03BD 
 432      290F0804 
 432      6B451503 
 432      D3FA
 433 030b 05A5BC44 		.ascii	"\005\245\274D\245\374\0071-\247\252\012^\233\2272\301"
 433      A5FC0731 
 433      2DA7AA0A 
 433      5E9B9732 
 433      C1
 434 031c 372F25B8 		.ascii	"7/%\270\241sJZ\347\3242TR\031\006\332\032\247Bq\016"
 434      A1734A5A 
 434      E7D43254 
 434      521906DA 
 434      1AA74271 
 435 0331 AD0DB566 		.ascii	"\255\015\265f\324\244F\250c\222t\224\240\2275\347\347"
 435      D4A446A8 
ARM GAS  C:\Users\elias\AppData\Local\Temp\ccS867JN.s 			page 33


 435      63927494 
 435      A09735E7 
 435      E7
 436 0342 CECA3C61 		.ascii	"\316\312<ab\302\347\265\233rDo\032\340x\342\205\274"
 436      62C2E7B5 
 436      9B72446F 
 436      1AE078E2 
 436      85BC
 437 0354 4A4CAF3A 		.ascii	"JL\257:f\025\215\271\177\357\317+\260G\012Yz{\306\205"
 437      66158DB9 
 437      7FEFCF2B 
 437      B0470A59 
 437      7A7BC685 
 438 0368 19CB4CBB 		.ascii	"\031\313L\273||\204\343\212\302qE\315QM9j\032\356\245"
 438      7C7C84E3 
 438      8AC27145 
 438      CD514D39 
 438      6A1AEEA5 
 439 037c 85E24E89 		.ascii	"\205\342N\211\344\341X}\227N\356\201\016\231\204\024"
 439      E4E1587D 
 439      974EEE81 
 439      0E998414 
 440 038c 5FA390D4 		.ascii	"_\243\220\324\250Ij)I\366tco8\276/\221\034\351x0\213"
 440      A8496A29 
 440      49F67463 
 440      6F38BE2F 
 440      911CE978 
 441 03a2 E82114CF 		.ascii	"\350!\024\317\037\302\217\251\236\012\274\340!\324S"
 441      1FC28FA9 
 441      9E0ABCE0 
 441      21D453
 442 03b1 3DAECA87 		.ascii	"=\256\312\207pCl\253\017\227N\301{\364\010\236\027\004"
 442      70436CAB 
 442      0F974EC1 
 442      7BF4089E 
 442      1704
 443 03c3 DC509D92 		.ascii	"\334P\235\222G\235:\217k4\017\327\205Cgy|\200\247y\014"
 443      479D3A8F 
 443      6B340FD7 
 443      85436779 
 443      7C80A779 
 444 03d8 CF5E7B82 		.ascii	"\317^{\202\031M\256@\016R\224\336\211\006\205\243A\315"
 444      194DAE40 
 444      0E5294DE 
 444      890685A3 
 444      41CD
 445 03ea D148394E 		.ascii	"\321H9N\325\226\345\205\343\034\211\343\362C\347\014"
 445      D596E585 
 445      E31C89E3 
 445      F243E70C 
 446 03fa 62827436 		.ascii	"b\202t6\250_\212&\205\244IM\322,\275\024?M\027\205\342"
 446      A85F8A26 
 446      85A4494D 
 446      D22CBD14 
 446      3F4D1785 
 447 040f 429688D7 		.ascii	"B\226\210\3277gP\027_\254\351\206VM7\270\372\036\356"
 447      37675017 
ARM GAS  C:\Users\elias\AppData\Local\Temp\ccS867JN.s 			page 34


 447      5FACE986 
 447      564D37B8 
 447      FA1EEE
 448 0422 31C8DD90 		.ascii	"1\310\335\220\255t\003x\241\026%f\213:f\033\2159\350"
 448      AD740378 
 448      A1162566 
 448      8B3A661B 
 448      8D39E8
 449 0435 7CDC64C2 		.ascii	"|\334d\302\225R\314\022\317\277\255\341\214&\377\272"
 449      9552CC12 
 449      CFBFADE1 
 449      8C26FFBA 
 450 0445 9C382169 		.ascii	"\2348!iWH\332\325$\035\224\344`\371\305*\214\273$\222"
 450      5748DAD5 
 450      241D94E4 
 450      60F9C52A 
 450      8CBB2492 
 451 0459 86BAA174 		.ascii	"\206\272\241t=S\320\237\313\016b\217t\020\235\012M\247"
 451      3D53D09F 
 451      CB0E628F 
 451      74109D0A 
 451      4DA7
 452 046b 9AA68BD2 		.ascii	"\232\246\213\322T\335q\301\352\224D\363\2703g\322\310"
 452      54DD71C1 
 452      EA9444F3 
 452      B83367D2 
 452      C8
 453 047c 72B991A7 		.ascii	"r\271\221\247-\251[\241\351V\323\364P\032w\305\301}"
 453      2DA95BA1 
 453      E956D3F4 
 453      501A77C5 
 453      C17D
 454 048e 8BB08829 		.ascii	"\213\260\210)\215\247x\250;\202d\003\327\305\261\353"
 454      8DA778A8 
 454      3B826403 
 454      D7C5B1EB 
 455 049e DF0F9788 		.ascii	"\337\017\227\210i\213ho\366*\034\275\224\003\036\372"
 455      698B686F 
 455      F62A1CBD 
 455      94031EFA 
 456 04ae 28BEB9FF 		.ascii	"(\276\271\377\352\007p\375\220\267\217\336\2777\313"
 456      EA0770FD 
 456      90B78FDE 
 456      BF37CB
 457 04bd EACDF8A4 		.ascii	"\352\315\370\244Dw?k\242\177\321\252\337\305\343\005"
 457      44773F6B 
 457      A27FD1AA 
 457      DFC5E305 
 458 04cd E45D8F7C 		.ascii	"\344]\217|\264W\214\242\216\375\022\033\273i8:\277N"
 458      B4578CA2 
 458      8EFD121B 
 458      BB69383A 
 458      BF4E
 459 04df BEEF06D0 		.ascii	"\276\357\006\320*\200=H\273\337\2557\354'_\207/u%5M"
 459      2A803D48 
 459      BBDFAD37 
 459      EC275F87 
ARM GAS  C:\Users\elias\AppData\Local\Temp\ccS867JN.s 			page 35


 459      2F752535 
 460 04f4 9CF087E2 		.ascii	"\234\360\207\342r\032\223/\315\312\311\012\225\276P"
 460      721A932F 
 460      CDCAC90A 
 460      95BE50
 461 0503 03E14341 		.ascii	"\003\341CA\340\354j,\332|8\235\3505\010\331\335Tj\275"
 461      E0EC6A2C 
 461      DA7C389D 
 461      E83508D9 
 461      DD546ABD 
 462 0517 810C52CB 		.ascii	"\201\014R\313\224\265\336q\205\230\016\220[\022\372"
 462      94B5DE71 
 462      85980E90 
 462      5B12FA
 463 0526 6BC95533 		.ascii	"k\311U3\365T\032l\030\231\250&\360\237\264\311@\272"
 463      F5541A6C 
 463      1899A826 
 463      F09FB4C9 
 463      40BA
 464 0538 CFA8F126 		.ascii	"\317\250\361&\032*\336#\314{\204z\377\346\2737\026*"
 464      1A2ADE23 
 464      CC7B847A 
 464      FFE6BB37 
 464      162A
 465 054a 95FB523F 		.ascii	"\225\373R?\000\000\362\324\333\374*\276$\025<\234\226"
 465      0000F2D4 
 465      DBFC2ABE 
 465      24153C9C 
 465      96
 466 055b 2F86C905 		.ascii	"/\206\311\005?Gp{\241_\020\336\336oE\300\215B\031\267"
 466      3F47707B 
 466      A15F10DE 
 466      DE6F45C0 
 466      8D4219B7 
 467 056f 94827D72 		.ascii	"\224\202}r\301\316\026\177\272YS\302\250\246\3401V\302"
 467      C1CE167F 
 467      BA5953C2 
 467      A8A6E031 
 467      56C2
 468 0581 182DA1B1 		.ascii	"\030-\241\261\250p\014k\274\3535\005\2173\357q\352\235"
 468      A8700C6B 
 468      BCEB3505 
 468      8F33EF71 
 468      EA9D
 469 0593 D1F9F463 		.ascii	"\321\371\364c\215\263\366\352\236`\316\023\324\371\311"
 469      8DB3F6EA 
 469      9E60CE13 
 469      D4F9C9
 470 05a2 A86BCCA4 		.ascii	"\250k\314\244\361.\325PO\"\223\234\374$\005\214N\214"
 470      F12ED550 
 470      4F22939C 
 470      FC24058C 
 470      4E8C
 471 05b4 17986539 		.ascii	"\027\230e93_\254\006@&\235#=\241\232\030S\232\214\246"
 471      335FAC06 
 471      40269D23 
 471      3DA19A18 
ARM GAS  C:\Users\elias\AppData\Local\Temp\ccS867JN.s 			page 36


 471      539A8CA6 
 472 05c8 5946E47F 		.ascii	"YF\344\177\330\372/7/\217\215\211\341\364\311\266\004"
 472      D8FA2F37 
 472      2F8F8D89 
 472      E1F4C9B6 
 472      04
 473 05d9 47CCDA15 		.ascii	"G\314\332\025\353\205\004\301nu\010\361\333\342\022"
 473      EB8504C1 
 473      6E7508F1 
 473      DBE212
 474 05e8 93ED3B84 		.ascii	"\223\355;\204\255\033\343\022c\337\337\272#\305\221"
 474      AD1BE312 
 474      63DFDFBA 
 474      23C591
 475 05f7 9224EC8E 		.ascii	"\222$\354\216\376\206[\034\233\230\234\340\020\354\333"
 475      FE865B1C 
 475      9B989CE0 
 475      10ECDB
 476 0606 62B67D92 		.ascii	"b\266}\222`\335\276Kx{\001\310\274_\364\016\316\254"
 476      60DDBE4B 
 476      787B01C8 
 476      BC5FF40E 
 476      CEAC
 477 0618 80E21C89 		.ascii	"\200\342\034\211I\257\253\246\202c\003y\264''9\276H"
 477      49AFABA6 
 477      82630379 
 477      B4272739 
 477      BE48
 478 062a 8C174248 		.ascii	"\214\027BH\036\353,\212\303&\301\032\037\347\260:\222"
 478      1EEB2C8A 
 478      C326C11A 
 478      1FE7B03A 
 478      92
 479 063b 776F1276 		.ascii	"wo\022v\332v\303\342\033\332\315\330\304\004\207=q\227"
 479      DA76C3E2 
 479      1BDACDD8 
 479      C404873D 
 479      7197
 480 064d BCFBA6B2 		.ascii	"\274\373\246\262\373\265\335\346\020\002\266#\237\333"
 480      FBB5DDE6 
 480      1002B623 
 480      9FDB
 481 065b A6535582 		.ascii	"\246SU\202\033\022l\216\010u\276V\273cY`H:\013\\\265"
 481      1B126C8E 
 481      0875BE56 
 481      BB635960 
 481      483A0B5C 
 482 0670 263992ED 		.ascii	"&9\222\355\302\262\200\010\033\005\273-1~\251\326WZ"
 482      C2B28008 
 482      1B05BB2D 
 482      317EA9D6 
 482      575A
 483 0682 D4C7A67C 		.ascii	"\324\307\246|f\335\345xk!\005S>\267m\007\311_Q\2606"
 483      66DDE578 
 483      6B210553 
 483      3EB76D07 
 483      C95F51B0 
ARM GAS  C:\Users\elias\AppData\Local\Temp\ccS867JN.s 			page 37


 484 0697 486E8BD5 		.ascii	"Hn\213\325\256\263\013;\327\205\300G\314\332\377\000"
 484      AEB30B3B 
 484      D785C047 
 484      CCDAFF00 
 485 06a7 9894EE2F 		.ascii	"\230\224\356/"
 486              		.text
 487              		.section	.gnu.lto_.symtab.1b11d205,"",%progbits
 488 0000 436F756E 		.ascii	"Counter_1_Enable\000"
 488      7465725F 
 488      315F456E 
 488      61626C65 
 488      00
 489 0011 00       		.ascii	"\000"
 490 0012 00       		.ascii	"\000"
 491 0013 00       		.ascii	"\000"
 492 0014 00000000 		.ascii	"\000\000\000\000\000\000\000\000"
 492      00000000 
 493 001c B4000000 		.ascii	"\264\000\000\000"
 494 0020 436F756E 		.ascii	"Counter_1_Stop\000"
 494      7465725F 
 494      315F5374 
 494      6F7000
 495 002f 00       		.ascii	"\000"
 496 0030 00       		.ascii	"\000"
 497 0031 00       		.ascii	"\000"
 498 0032 00000000 		.ascii	"\000\000\000\000\000\000\000\000"
 498      00000000 
 499 003a B6000000 		.ascii	"\266\000\000\000"
 500 003e 436F756E 		.ascii	"Counter_1_SetInterruptMode\000"
 500      7465725F 
 500      315F5365 
 500      74496E74 
 500      65727275 
 501 0059 00       		.ascii	"\000"
 502 005a 00       		.ascii	"\000"
 503 005b 00       		.ascii	"\000"
 504 005c 00000000 		.ascii	"\000\000\000\000\000\000\000\000"
 504      00000000 
 505 0064 BF000000 		.ascii	"\277\000\000\000"
 506 0068 436F756E 		.ascii	"Counter_1_ReadStatusRegister\000"
 506      7465725F 
 506      315F5265 
 506      61645374 
 506      61747573 
 507 0085 00       		.ascii	"\000"
 508 0086 00       		.ascii	"\000"
 509 0087 00       		.ascii	"\000"
 510 0088 00000000 		.ascii	"\000\000\000\000\000\000\000\000"
 510      00000000 
 511 0090 C2000000 		.ascii	"\302\000\000\000"
 512 0094 436F756E 		.ascii	"Counter_1_ReadControlRegister\000"
 512      7465725F 
 512      315F5265 
 512      6164436F 
 512      6E74726F 
 513 00b2 00       		.ascii	"\000"
 514 00b3 00       		.ascii	"\000"
ARM GAS  C:\Users\elias\AppData\Local\Temp\ccS867JN.s 			page 38


 515 00b4 00       		.ascii	"\000"
 516 00b5 00000000 		.ascii	"\000\000\000\000\000\000\000\000"
 516      00000000 
 517 00bd C4000000 		.ascii	"\304\000\000\000"
 518 00c1 436F756E 		.ascii	"Counter_1_WriteControlRegister\000"
 518      7465725F 
 518      315F5772 
 518      69746543 
 518      6F6E7472 
 519 00e0 00       		.ascii	"\000"
 520 00e1 00       		.ascii	"\000"
 521 00e2 00       		.ascii	"\000"
 522 00e3 00000000 		.ascii	"\000\000\000\000\000\000\000\000"
 522      00000000 
 523 00eb C6000000 		.ascii	"\306\000\000\000"
 524 00ef 436F756E 		.ascii	"Counter_1_WriteCounter\000"
 524      7465725F 
 524      315F5772 
 524      69746543 
 524      6F756E74 
 525 0106 00       		.ascii	"\000"
 526 0107 00       		.ascii	"\000"
 527 0108 00       		.ascii	"\000"
 528 0109 00000000 		.ascii	"\000\000\000\000\000\000\000\000"
 528      00000000 
 529 0111 CA000000 		.ascii	"\312\000\000\000"
 530 0115 436F756E 		.ascii	"Counter_1_Init\000"
 530      7465725F 
 530      315F496E 
 530      697400
 531 0124 00       		.ascii	"\000"
 532 0125 00       		.ascii	"\000"
 533 0126 00       		.ascii	"\000"
 534 0127 00000000 		.ascii	"\000\000\000\000\000\000\000\000"
 534      00000000 
 535 012f CC000000 		.ascii	"\314\000\000\000"
 536 0133 436F756E 		.ascii	"Counter_1_Start\000"
 536      7465725F 
 536      315F5374 
 536      61727400 
 537 0143 00       		.ascii	"\000"
 538 0144 00       		.ascii	"\000"
 539 0145 00       		.ascii	"\000"
 540 0146 00000000 		.ascii	"\000\000\000\000\000\000\000\000"
 540      00000000 
 541 014e CE000000 		.ascii	"\316\000\000\000"
 542 0152 436F756E 		.ascii	"Counter_1_initVar\000"
 542      7465725F 
 542      315F696E 
 542      69745661 
 542      7200
 543 0164 00       		.ascii	"\000"
 544 0165 00       		.ascii	"\000"
 545 0166 00       		.ascii	"\000"
 546 0167 00000000 		.ascii	"\000\000\000\000\000\000\000\000"
 546      00000000 
 547 016f DC000000 		.ascii	"\334\000\000\000"
ARM GAS  C:\Users\elias\AppData\Local\Temp\ccS867JN.s 			page 39


 548 0173 436F756E 		.ascii	"Counter_1_ReadCounter\000"
 548      7465725F 
 548      315F5265 
 548      6164436F 
 548      756E7465 
 549 0189 00       		.ascii	"\000"
 550 018a 00       		.ascii	"\000"
 551 018b 00       		.ascii	"\000"
 552 018c 00000000 		.ascii	"\000\000\000\000\000\000\000\000"
 552      00000000 
 553 0194 D1000000 		.ascii	"\321\000\000\000"
 554 0198 436F756E 		.ascii	"Counter_1_ReadCapture\000"
 554      7465725F 
 554      315F5265 
 554      61644361 
 554      70747572 
 555 01ae 00       		.ascii	"\000"
 556 01af 00       		.ascii	"\000"
 557 01b0 00       		.ascii	"\000"
 558 01b1 00000000 		.ascii	"\000\000\000\000\000\000\000\000"
 558      00000000 
 559 01b9 D3000000 		.ascii	"\323\000\000\000"
 560 01bd 436F756E 		.ascii	"Counter_1_WritePeriod\000"
 560      7465725F 
 560      315F5772 
 560      69746550 
 560      6572696F 
 561 01d3 00       		.ascii	"\000"
 562 01d4 00       		.ascii	"\000"
 563 01d5 00       		.ascii	"\000"
 564 01d6 00000000 		.ascii	"\000\000\000\000\000\000\000\000"
 564      00000000 
 565 01de D5000000 		.ascii	"\325\000\000\000"
 566 01e2 436F756E 		.ascii	"Counter_1_ReadPeriod\000"
 566      7465725F 
 566      315F5265 
 566      61645065 
 566      72696F64 
 567 01f7 00       		.ascii	"\000"
 568 01f8 00       		.ascii	"\000"
 569 01f9 00       		.ascii	"\000"
 570 01fa 00000000 		.ascii	"\000\000\000\000\000\000\000\000"
 570      00000000 
 571 0202 D7000000 		.ascii	"\327\000\000\000"
 572 0206 43794861 		.ascii	"CyHalt\000"
 572      6C7400
 573 020d 00       		.ascii	"\000"
 574 020e 02       		.ascii	"\002"
 575 020f 00       		.ascii	"\000"
 576 0210 00000000 		.ascii	"\000\000\000\000\000\000\000\000"
 576      00000000 
 577 0218 D9000000 		.ascii	"\331\000\000\000"
 578              		.text
 579              		.section	.gnu.lto_.opts,"",%progbits
 580 0000 272D666D 		.ascii	"'-fmath-errno' '-fsigned-zeros' '-ftrapping-math' '"
 580      6174682D 
 580      6572726E 
ARM GAS  C:\Users\elias\AppData\Local\Temp\ccS867JN.s 			page 40


 580      6F272027 
 580      2D667369 
 581 0033 2D666E6F 		.ascii	"-fno-trapv' '-fno-openmp' '-fno-openacc' '-mcpu=cor"
 581      2D747261 
 581      70762720 
 581      272D666E 
 581      6F2D6F70 
 582 0066 7465782D 		.ascii	"tex-m3' '-mthumb' '-g' '-O3' '-ffunction-sections' "
 582      6D332720 
 582      272D6D74 
 582      68756D62 
 582      2720272D 
 583 0099 272D6666 		.ascii	"'-ffat-lto-objects' '-finline-functions' '-flto'\000"
 583      61742D6C 
 583      746F2D6F 
 583      626A6563 
 583      74732720 
 584              		.text
 585              		.cfi_sections	.debug_frame
 586              		.section	.text.Counter_1_Init,"ax",%progbits
 587              		.align	2
 588              		.global	Counter_1_Init
 589              		.thumb
 590              		.thumb_func
 591              		.type	Counter_1_Init, %function
 592              	Counter_1_Init:
 593              	.LFB0:
 594              		.file 1 "Generated_Source\\PSoC5\\Counter_1.c"
   1:Generated_Source\PSoC5/Counter_1.c **** /*******************************************************************************
   2:Generated_Source\PSoC5/Counter_1.c **** * File Name: Counter_1.c  
   3:Generated_Source\PSoC5/Counter_1.c **** * Version 3.0
   4:Generated_Source\PSoC5/Counter_1.c **** *
   5:Generated_Source\PSoC5/Counter_1.c **** *  Description:
   6:Generated_Source\PSoC5/Counter_1.c **** *     The Counter component consists of a 8, 16, 24 or 32-bit counter with
   7:Generated_Source\PSoC5/Counter_1.c **** *     a selectable period between 2 and 2^Width - 1.  
   8:Generated_Source\PSoC5/Counter_1.c **** *
   9:Generated_Source\PSoC5/Counter_1.c **** *   Note:
  10:Generated_Source\PSoC5/Counter_1.c **** *     None
  11:Generated_Source\PSoC5/Counter_1.c **** *
  12:Generated_Source\PSoC5/Counter_1.c **** ********************************************************************************
  13:Generated_Source\PSoC5/Counter_1.c **** * Copyright 2008-2012, Cypress Semiconductor Corporation.  All rights reserved.
  14:Generated_Source\PSoC5/Counter_1.c **** * You may use this file only in accordance with the license, terms, conditions, 
  15:Generated_Source\PSoC5/Counter_1.c **** * disclaimers, and limitations in the end user license agreement accompanying 
  16:Generated_Source\PSoC5/Counter_1.c **** * the software package with which this file was provided.
  17:Generated_Source\PSoC5/Counter_1.c **** *******************************************************************************/
  18:Generated_Source\PSoC5/Counter_1.c **** 
  19:Generated_Source\PSoC5/Counter_1.c **** #include "Counter_1.h"
  20:Generated_Source\PSoC5/Counter_1.c **** 
  21:Generated_Source\PSoC5/Counter_1.c **** uint8 Counter_1_initVar = 0u;
  22:Generated_Source\PSoC5/Counter_1.c **** 
  23:Generated_Source\PSoC5/Counter_1.c **** 
  24:Generated_Source\PSoC5/Counter_1.c **** /*******************************************************************************
  25:Generated_Source\PSoC5/Counter_1.c **** * Function Name: Counter_1_Init
  26:Generated_Source\PSoC5/Counter_1.c **** ********************************************************************************
  27:Generated_Source\PSoC5/Counter_1.c **** * Summary:
  28:Generated_Source\PSoC5/Counter_1.c **** *     Initialize to the schematic state
  29:Generated_Source\PSoC5/Counter_1.c **** * 
ARM GAS  C:\Users\elias\AppData\Local\Temp\ccS867JN.s 			page 41


  30:Generated_Source\PSoC5/Counter_1.c **** * Parameters:  
  31:Generated_Source\PSoC5/Counter_1.c **** *  void  
  32:Generated_Source\PSoC5/Counter_1.c **** *
  33:Generated_Source\PSoC5/Counter_1.c **** * Return: 
  34:Generated_Source\PSoC5/Counter_1.c **** *  void
  35:Generated_Source\PSoC5/Counter_1.c **** *
  36:Generated_Source\PSoC5/Counter_1.c **** *******************************************************************************/
  37:Generated_Source\PSoC5/Counter_1.c **** void Counter_1_Init(void) 
  38:Generated_Source\PSoC5/Counter_1.c **** {
 595              		.loc 1 38 0
 596              		.cfi_startproc
 597              		@ args = 0, pretend = 0, frame = 0
 598              		@ frame_needed = 0, uses_anonymous_args = 0
 599 0000 10B5     		push	{r4, lr}
 600              		.cfi_def_cfa_offset 8
 601              		.cfi_offset 4, -8
 602              		.cfi_offset 14, -4
  39:Generated_Source\PSoC5/Counter_1.c ****         #if (!Counter_1_UsingFixedFunction && !Counter_1_ControlRegRemoved)
  40:Generated_Source\PSoC5/Counter_1.c ****             uint8 ctrl;
  41:Generated_Source\PSoC5/Counter_1.c ****         #endif /* (!Counter_1_UsingFixedFunction && !Counter_1_ControlRegRemoved) */
  42:Generated_Source\PSoC5/Counter_1.c ****         
  43:Generated_Source\PSoC5/Counter_1.c ****         #if(!Counter_1_UsingFixedFunction) 
  44:Generated_Source\PSoC5/Counter_1.c ****             /* Interrupt State Backup for Critical Region*/
  45:Generated_Source\PSoC5/Counter_1.c ****             uint8 Counter_1_interruptState;
  46:Generated_Source\PSoC5/Counter_1.c ****         #endif /* (!Counter_1_UsingFixedFunction) */
  47:Generated_Source\PSoC5/Counter_1.c ****         
  48:Generated_Source\PSoC5/Counter_1.c ****         #if (Counter_1_UsingFixedFunction)
  49:Generated_Source\PSoC5/Counter_1.c ****             /* Clear all bits but the enable bit (if it's already set for Timer operation */
  50:Generated_Source\PSoC5/Counter_1.c ****             Counter_1_CONTROL &= Counter_1_CTRL_ENABLE;
 603              		.loc 1 50 0
 604 0002 1F4A     		ldr	r2, .L8
 605              	.LBB18:
 606              	.LBB19:
  51:Generated_Source\PSoC5/Counter_1.c ****             
  52:Generated_Source\PSoC5/Counter_1.c ****             /* Clear the mode bits for continuous run mode */
  53:Generated_Source\PSoC5/Counter_1.c ****             #if (CY_PSOC5A)
  54:Generated_Source\PSoC5/Counter_1.c ****                 Counter_1_CONTROL2 &= ((uint8)(~Counter_1_CTRL_MODE_MASK));
  55:Generated_Source\PSoC5/Counter_1.c ****             #endif /* (CY_PSOC5A) */
  56:Generated_Source\PSoC5/Counter_1.c ****             #if (CY_PSOC3 || CY_PSOC5LP)
  57:Generated_Source\PSoC5/Counter_1.c ****                 Counter_1_CONTROL3 &= ((uint8)(~Counter_1_CTRL_MODE_MASK));                
  58:Generated_Source\PSoC5/Counter_1.c ****             #endif /* (CY_PSOC3 || CY_PSOC5LP) */
  59:Generated_Source\PSoC5/Counter_1.c ****             /* Check if One Shot mode is enabled i.e. RunMode !=0*/
  60:Generated_Source\PSoC5/Counter_1.c ****             #if (Counter_1_RunModeUsed != 0x0u)
  61:Generated_Source\PSoC5/Counter_1.c ****                 /* Set 3rd bit of Control register to enable one shot mode */
  62:Generated_Source\PSoC5/Counter_1.c ****                 Counter_1_CONTROL |= Counter_1_ONESHOT;
  63:Generated_Source\PSoC5/Counter_1.c ****             #endif /* (Counter_1_RunModeUsed != 0x0u) */
  64:Generated_Source\PSoC5/Counter_1.c ****             
  65:Generated_Source\PSoC5/Counter_1.c ****             /* Set the IRQ to use the status register interrupts */
  66:Generated_Source\PSoC5/Counter_1.c ****             Counter_1_CONTROL2 |= Counter_1_CTRL2_IRQ_SEL;
  67:Generated_Source\PSoC5/Counter_1.c ****             
  68:Generated_Source\PSoC5/Counter_1.c ****             /* Clear and Set SYNCTC and SYNCCMP bits of RT1 register */
  69:Generated_Source\PSoC5/Counter_1.c ****             Counter_1_RT1 &= ((uint8)(~Counter_1_RT1_MASK));
  70:Generated_Source\PSoC5/Counter_1.c ****             Counter_1_RT1 |= Counter_1_SYNC;     
  71:Generated_Source\PSoC5/Counter_1.c ****                     
  72:Generated_Source\PSoC5/Counter_1.c ****             /*Enable DSI Sync all all inputs of the Timer*/
  73:Generated_Source\PSoC5/Counter_1.c ****             Counter_1_RT1 &= ((uint8)(~Counter_1_SYNCDSI_MASK));
  74:Generated_Source\PSoC5/Counter_1.c ****             Counter_1_RT1 |= Counter_1_SYNCDSI_EN;
ARM GAS  C:\Users\elias\AppData\Local\Temp\ccS867JN.s 			page 42


  75:Generated_Source\PSoC5/Counter_1.c **** 
  76:Generated_Source\PSoC5/Counter_1.c ****         #else
  77:Generated_Source\PSoC5/Counter_1.c ****             #if(!Counter_1_ControlRegRemoved)
  78:Generated_Source\PSoC5/Counter_1.c ****             /* Set the default compare mode defined in the parameter */
  79:Generated_Source\PSoC5/Counter_1.c ****             ctrl = Counter_1_CONTROL & ((uint8)(~Counter_1_CTRL_CMPMODE_MASK));
  80:Generated_Source\PSoC5/Counter_1.c ****             Counter_1_CONTROL = ctrl | Counter_1_DEFAULT_COMPARE_MODE;
  81:Generated_Source\PSoC5/Counter_1.c ****             
  82:Generated_Source\PSoC5/Counter_1.c ****             /* Set the default capture mode defined in the parameter */
  83:Generated_Source\PSoC5/Counter_1.c ****             ctrl = Counter_1_CONTROL & ((uint8)(~Counter_1_CTRL_CAPMODE_MASK));
  84:Generated_Source\PSoC5/Counter_1.c ****             
  85:Generated_Source\PSoC5/Counter_1.c ****             #if( 0 != Counter_1_CAPTURE_MODE_CONF)
  86:Generated_Source\PSoC5/Counter_1.c ****                 Counter_1_CONTROL = ctrl | Counter_1_DEFAULT_CAPTURE_MODE;
  87:Generated_Source\PSoC5/Counter_1.c ****             #else
  88:Generated_Source\PSoC5/Counter_1.c ****                 Counter_1_CONTROL = ctrl;
  89:Generated_Source\PSoC5/Counter_1.c ****             #endif /* 0 != Counter_1_CAPTURE_MODE */ 
  90:Generated_Source\PSoC5/Counter_1.c ****             
  91:Generated_Source\PSoC5/Counter_1.c ****             #endif /* (!Counter_1_ControlRegRemoved) */
  92:Generated_Source\PSoC5/Counter_1.c ****         #endif /* (Counter_1_UsingFixedFunction) */
  93:Generated_Source\PSoC5/Counter_1.c ****         
  94:Generated_Source\PSoC5/Counter_1.c ****         /* Clear all data in the FIFO's */
  95:Generated_Source\PSoC5/Counter_1.c ****         #if (!Counter_1_UsingFixedFunction)
  96:Generated_Source\PSoC5/Counter_1.c ****             Counter_1_ClearFIFO();
  97:Generated_Source\PSoC5/Counter_1.c ****         #endif /* (!Counter_1_UsingFixedFunction) */
  98:Generated_Source\PSoC5/Counter_1.c ****         
  99:Generated_Source\PSoC5/Counter_1.c ****         /* Set Initial values from Configuration */
 100:Generated_Source\PSoC5/Counter_1.c ****         Counter_1_WritePeriod(Counter_1_INIT_PERIOD_VALUE);
 101:Generated_Source\PSoC5/Counter_1.c ****         #if (!(Counter_1_UsingFixedFunction && (CY_PSOC5A)))
 102:Generated_Source\PSoC5/Counter_1.c ****             Counter_1_WriteCounter(Counter_1_INIT_COUNTER_VALUE);
 103:Generated_Source\PSoC5/Counter_1.c ****         #endif /* (!(Counter_1_UsingFixedFunction && (CY_PSOC5A))) */
 104:Generated_Source\PSoC5/Counter_1.c ****         Counter_1_SetInterruptMode(Counter_1_INIT_INTERRUPTS_MASK);
 105:Generated_Source\PSoC5/Counter_1.c ****         
 106:Generated_Source\PSoC5/Counter_1.c ****         #if (!Counter_1_UsingFixedFunction)
 107:Generated_Source\PSoC5/Counter_1.c ****             /* Read the status register to clear the unwanted interrupts */
 108:Generated_Source\PSoC5/Counter_1.c ****             (void)Counter_1_ReadStatusRegister();
 109:Generated_Source\PSoC5/Counter_1.c ****             /* Set the compare value (only available to non-fixed function implementation */
 110:Generated_Source\PSoC5/Counter_1.c ****             Counter_1_WriteCompare(Counter_1_INIT_COMPARE_VALUE);
 111:Generated_Source\PSoC5/Counter_1.c ****             /* Use the interrupt output of the status register for IRQ output */
 112:Generated_Source\PSoC5/Counter_1.c ****             
 113:Generated_Source\PSoC5/Counter_1.c ****             /* CyEnterCriticalRegion and CyExitCriticalRegion are used to mark following region cri
 114:Generated_Source\PSoC5/Counter_1.c ****             /* Enter Critical Region*/
 115:Generated_Source\PSoC5/Counter_1.c ****             Counter_1_interruptState = CyEnterCriticalSection();
 116:Generated_Source\PSoC5/Counter_1.c ****             
 117:Generated_Source\PSoC5/Counter_1.c ****             Counter_1_STATUS_AUX_CTRL |= Counter_1_STATUS_ACTL_INT_EN_MASK;
 118:Generated_Source\PSoC5/Counter_1.c ****             
 119:Generated_Source\PSoC5/Counter_1.c ****             /* Exit Critical Region*/
 120:Generated_Source\PSoC5/Counter_1.c ****             CyExitCriticalSection(Counter_1_interruptState);
 121:Generated_Source\PSoC5/Counter_1.c ****             
 122:Generated_Source\PSoC5/Counter_1.c ****         #endif /* (!Counter_1_UsingFixedFunction) */
 123:Generated_Source\PSoC5/Counter_1.c **** }
 124:Generated_Source\PSoC5/Counter_1.c **** 
 125:Generated_Source\PSoC5/Counter_1.c **** 
 126:Generated_Source\PSoC5/Counter_1.c **** /*******************************************************************************
 127:Generated_Source\PSoC5/Counter_1.c **** * Function Name: Counter_1_Enable
 128:Generated_Source\PSoC5/Counter_1.c **** ********************************************************************************
 129:Generated_Source\PSoC5/Counter_1.c **** * Summary:
 130:Generated_Source\PSoC5/Counter_1.c **** *     Enable the Counter
 131:Generated_Source\PSoC5/Counter_1.c **** * 
ARM GAS  C:\Users\elias\AppData\Local\Temp\ccS867JN.s 			page 43


 132:Generated_Source\PSoC5/Counter_1.c **** * Parameters:  
 133:Generated_Source\PSoC5/Counter_1.c **** *  void  
 134:Generated_Source\PSoC5/Counter_1.c **** *
 135:Generated_Source\PSoC5/Counter_1.c **** * Return: 
 136:Generated_Source\PSoC5/Counter_1.c **** *  void
 137:Generated_Source\PSoC5/Counter_1.c **** *
 138:Generated_Source\PSoC5/Counter_1.c **** * Side Effects: 
 139:Generated_Source\PSoC5/Counter_1.c **** *   If the Enable mode is set to Hardware only then this function has no effect 
 140:Generated_Source\PSoC5/Counter_1.c **** *   on the operation of the counter.
 141:Generated_Source\PSoC5/Counter_1.c **** *
 142:Generated_Source\PSoC5/Counter_1.c **** *******************************************************************************/
 143:Generated_Source\PSoC5/Counter_1.c **** void Counter_1_Enable(void) 
 144:Generated_Source\PSoC5/Counter_1.c **** {
 145:Generated_Source\PSoC5/Counter_1.c ****     /* Globally Enable the Fixed Function Block chosen */
 146:Generated_Source\PSoC5/Counter_1.c ****     #if (Counter_1_UsingFixedFunction)
 147:Generated_Source\PSoC5/Counter_1.c ****         Counter_1_GLOBAL_ENABLE |= Counter_1_BLOCK_EN_MASK;
 148:Generated_Source\PSoC5/Counter_1.c ****         Counter_1_GLOBAL_STBY_ENABLE |= Counter_1_BLOCK_STBY_EN_MASK;
 149:Generated_Source\PSoC5/Counter_1.c ****     #endif /* (Counter_1_UsingFixedFunction) */  
 150:Generated_Source\PSoC5/Counter_1.c ****         
 151:Generated_Source\PSoC5/Counter_1.c ****     /* Enable the counter from the control register  */
 152:Generated_Source\PSoC5/Counter_1.c ****     /* If Fixed Function then make sure Mode is set correctly */
 153:Generated_Source\PSoC5/Counter_1.c ****     /* else make sure reset is clear */
 154:Generated_Source\PSoC5/Counter_1.c ****     #if(!Counter_1_ControlRegRemoved || Counter_1_UsingFixedFunction)
 155:Generated_Source\PSoC5/Counter_1.c ****         Counter_1_CONTROL |= Counter_1_CTRL_ENABLE;                
 156:Generated_Source\PSoC5/Counter_1.c ****     #endif /* (!Counter_1_ControlRegRemoved || Counter_1_UsingFixedFunction) */
 157:Generated_Source\PSoC5/Counter_1.c ****     
 158:Generated_Source\PSoC5/Counter_1.c **** }
 159:Generated_Source\PSoC5/Counter_1.c **** 
 160:Generated_Source\PSoC5/Counter_1.c **** 
 161:Generated_Source\PSoC5/Counter_1.c **** /*******************************************************************************
 162:Generated_Source\PSoC5/Counter_1.c **** * Function Name: Counter_1_Start
 163:Generated_Source\PSoC5/Counter_1.c **** ********************************************************************************
 164:Generated_Source\PSoC5/Counter_1.c **** * Summary:
 165:Generated_Source\PSoC5/Counter_1.c **** *  Enables the counter for operation 
 166:Generated_Source\PSoC5/Counter_1.c **** *
 167:Generated_Source\PSoC5/Counter_1.c **** * Parameters:  
 168:Generated_Source\PSoC5/Counter_1.c **** *  void  
 169:Generated_Source\PSoC5/Counter_1.c **** *
 170:Generated_Source\PSoC5/Counter_1.c **** * Return: 
 171:Generated_Source\PSoC5/Counter_1.c **** *  void
 172:Generated_Source\PSoC5/Counter_1.c **** *
 173:Generated_Source\PSoC5/Counter_1.c **** * Global variables:
 174:Generated_Source\PSoC5/Counter_1.c **** *  Counter_1_initVar: Is modified when this function is called for the  
 175:Generated_Source\PSoC5/Counter_1.c **** *   first time. Is used to ensure that initialization happens only once.
 176:Generated_Source\PSoC5/Counter_1.c **** *
 177:Generated_Source\PSoC5/Counter_1.c **** *******************************************************************************/
 178:Generated_Source\PSoC5/Counter_1.c **** void Counter_1_Start(void) 
 179:Generated_Source\PSoC5/Counter_1.c **** {
 180:Generated_Source\PSoC5/Counter_1.c ****     if(Counter_1_initVar == 0u)
 181:Generated_Source\PSoC5/Counter_1.c ****     {
 182:Generated_Source\PSoC5/Counter_1.c ****         Counter_1_Init();
 183:Generated_Source\PSoC5/Counter_1.c ****         
 184:Generated_Source\PSoC5/Counter_1.c ****         Counter_1_initVar = 1u; /* Clear this bit for Initialization */        
 185:Generated_Source\PSoC5/Counter_1.c ****     }
 186:Generated_Source\PSoC5/Counter_1.c ****     
 187:Generated_Source\PSoC5/Counter_1.c ****     /* Enable the Counter */
 188:Generated_Source\PSoC5/Counter_1.c ****     Counter_1_Enable();        
ARM GAS  C:\Users\elias\AppData\Local\Temp\ccS867JN.s 			page 44


 189:Generated_Source\PSoC5/Counter_1.c **** }
 190:Generated_Source\PSoC5/Counter_1.c **** 
 191:Generated_Source\PSoC5/Counter_1.c **** 
 192:Generated_Source\PSoC5/Counter_1.c **** /*******************************************************************************
 193:Generated_Source\PSoC5/Counter_1.c **** * Function Name: Counter_1_Stop
 194:Generated_Source\PSoC5/Counter_1.c **** ********************************************************************************
 195:Generated_Source\PSoC5/Counter_1.c **** * Summary:
 196:Generated_Source\PSoC5/Counter_1.c **** * Halts the counter, but does not change any modes or disable interrupts.
 197:Generated_Source\PSoC5/Counter_1.c **** *
 198:Generated_Source\PSoC5/Counter_1.c **** * Parameters:  
 199:Generated_Source\PSoC5/Counter_1.c **** *  void  
 200:Generated_Source\PSoC5/Counter_1.c **** *
 201:Generated_Source\PSoC5/Counter_1.c **** * Return: 
 202:Generated_Source\PSoC5/Counter_1.c **** *  void
 203:Generated_Source\PSoC5/Counter_1.c **** *
 204:Generated_Source\PSoC5/Counter_1.c **** * Side Effects: If the Enable mode is set to Hardware only then this function
 205:Generated_Source\PSoC5/Counter_1.c **** *               has no effect on the operation of the counter.
 206:Generated_Source\PSoC5/Counter_1.c **** *
 207:Generated_Source\PSoC5/Counter_1.c **** *******************************************************************************/
 208:Generated_Source\PSoC5/Counter_1.c **** void Counter_1_Stop(void) 
 209:Generated_Source\PSoC5/Counter_1.c **** {
 210:Generated_Source\PSoC5/Counter_1.c ****     /* Disable Counter */
 211:Generated_Source\PSoC5/Counter_1.c ****     #if(!Counter_1_ControlRegRemoved || Counter_1_UsingFixedFunction)
 212:Generated_Source\PSoC5/Counter_1.c ****         Counter_1_CONTROL &= ((uint8)(~Counter_1_CTRL_ENABLE));        
 213:Generated_Source\PSoC5/Counter_1.c ****     #endif /* (!Counter_1_ControlRegRemoved || Counter_1_UsingFixedFunction) */
 214:Generated_Source\PSoC5/Counter_1.c ****     
 215:Generated_Source\PSoC5/Counter_1.c ****     /* Globally disable the Fixed Function Block chosen */
 216:Generated_Source\PSoC5/Counter_1.c ****     #if (Counter_1_UsingFixedFunction)
 217:Generated_Source\PSoC5/Counter_1.c ****         Counter_1_GLOBAL_ENABLE &= ((uint8)(~Counter_1_BLOCK_EN_MASK));
 218:Generated_Source\PSoC5/Counter_1.c ****         Counter_1_GLOBAL_STBY_ENABLE &= ((uint8)(~Counter_1_BLOCK_STBY_EN_MASK));
 219:Generated_Source\PSoC5/Counter_1.c ****     #endif /* (Counter_1_UsingFixedFunction) */
 220:Generated_Source\PSoC5/Counter_1.c **** }
 221:Generated_Source\PSoC5/Counter_1.c **** 
 222:Generated_Source\PSoC5/Counter_1.c **** 
 223:Generated_Source\PSoC5/Counter_1.c **** /*******************************************************************************
 224:Generated_Source\PSoC5/Counter_1.c **** * Function Name: Counter_1_SetInterruptMode
 225:Generated_Source\PSoC5/Counter_1.c **** ********************************************************************************
 226:Generated_Source\PSoC5/Counter_1.c **** * Summary:
 227:Generated_Source\PSoC5/Counter_1.c **** * Configures which interrupt sources are enabled to generate the final interrupt
 228:Generated_Source\PSoC5/Counter_1.c **** *
 229:Generated_Source\PSoC5/Counter_1.c **** * Parameters:  
 230:Generated_Source\PSoC5/Counter_1.c **** *  InterruptsMask: This parameter is an or'd collection of the status bits
 231:Generated_Source\PSoC5/Counter_1.c **** *                   which will be allowed to generate the counters interrupt.   
 232:Generated_Source\PSoC5/Counter_1.c **** *
 233:Generated_Source\PSoC5/Counter_1.c **** * Return: 
 234:Generated_Source\PSoC5/Counter_1.c **** *  void
 235:Generated_Source\PSoC5/Counter_1.c **** *
 236:Generated_Source\PSoC5/Counter_1.c **** *******************************************************************************/
 237:Generated_Source\PSoC5/Counter_1.c **** void Counter_1_SetInterruptMode(uint8 interruptsMask) 
 238:Generated_Source\PSoC5/Counter_1.c **** {
 239:Generated_Source\PSoC5/Counter_1.c ****     Counter_1_STATUS_MASK = interruptsMask;
 240:Generated_Source\PSoC5/Counter_1.c **** }
 241:Generated_Source\PSoC5/Counter_1.c **** 
 242:Generated_Source\PSoC5/Counter_1.c **** 
 243:Generated_Source\PSoC5/Counter_1.c **** /*******************************************************************************
 244:Generated_Source\PSoC5/Counter_1.c **** * Function Name: Counter_1_ReadStatusRegister
 245:Generated_Source\PSoC5/Counter_1.c **** ********************************************************************************
ARM GAS  C:\Users\elias\AppData\Local\Temp\ccS867JN.s 			page 45


 246:Generated_Source\PSoC5/Counter_1.c **** * Summary:
 247:Generated_Source\PSoC5/Counter_1.c **** *   Reads the status register and returns it's state. This function should use
 248:Generated_Source\PSoC5/Counter_1.c **** *       defined types for the bit-field information as the bits in this
 249:Generated_Source\PSoC5/Counter_1.c **** *       register may be permuteable.
 250:Generated_Source\PSoC5/Counter_1.c **** *
 251:Generated_Source\PSoC5/Counter_1.c **** * Parameters:  
 252:Generated_Source\PSoC5/Counter_1.c **** *  void
 253:Generated_Source\PSoC5/Counter_1.c **** *
 254:Generated_Source\PSoC5/Counter_1.c **** * Return: 
 255:Generated_Source\PSoC5/Counter_1.c **** *  (uint8) The contents of the status register
 256:Generated_Source\PSoC5/Counter_1.c **** *
 257:Generated_Source\PSoC5/Counter_1.c **** * Side Effects:
 258:Generated_Source\PSoC5/Counter_1.c **** *   Status register bits may be clear on read. 
 259:Generated_Source\PSoC5/Counter_1.c **** *
 260:Generated_Source\PSoC5/Counter_1.c **** *******************************************************************************/
 261:Generated_Source\PSoC5/Counter_1.c **** uint8   Counter_1_ReadStatusRegister(void) 
 262:Generated_Source\PSoC5/Counter_1.c **** {
 263:Generated_Source\PSoC5/Counter_1.c ****     return Counter_1_STATUS;
 264:Generated_Source\PSoC5/Counter_1.c **** }
 265:Generated_Source\PSoC5/Counter_1.c **** 
 266:Generated_Source\PSoC5/Counter_1.c **** 
 267:Generated_Source\PSoC5/Counter_1.c **** #if(!Counter_1_ControlRegRemoved)
 268:Generated_Source\PSoC5/Counter_1.c **** /*******************************************************************************
 269:Generated_Source\PSoC5/Counter_1.c **** * Function Name: Counter_1_ReadControlRegister
 270:Generated_Source\PSoC5/Counter_1.c **** ********************************************************************************
 271:Generated_Source\PSoC5/Counter_1.c **** * Summary:
 272:Generated_Source\PSoC5/Counter_1.c **** *   Reads the control register and returns it's state. This function should use
 273:Generated_Source\PSoC5/Counter_1.c **** *       defined types for the bit-field information as the bits in this
 274:Generated_Source\PSoC5/Counter_1.c **** *       register may be permuteable.
 275:Generated_Source\PSoC5/Counter_1.c **** *
 276:Generated_Source\PSoC5/Counter_1.c **** * Parameters:  
 277:Generated_Source\PSoC5/Counter_1.c **** *  void
 278:Generated_Source\PSoC5/Counter_1.c **** *
 279:Generated_Source\PSoC5/Counter_1.c **** * Return: 
 280:Generated_Source\PSoC5/Counter_1.c **** *  (uint8) The contents of the control register
 281:Generated_Source\PSoC5/Counter_1.c **** *
 282:Generated_Source\PSoC5/Counter_1.c **** *******************************************************************************/
 283:Generated_Source\PSoC5/Counter_1.c **** uint8   Counter_1_ReadControlRegister(void) 
 284:Generated_Source\PSoC5/Counter_1.c **** {
 285:Generated_Source\PSoC5/Counter_1.c ****     return Counter_1_CONTROL;
 286:Generated_Source\PSoC5/Counter_1.c **** }
 287:Generated_Source\PSoC5/Counter_1.c **** 
 288:Generated_Source\PSoC5/Counter_1.c **** 
 289:Generated_Source\PSoC5/Counter_1.c **** /*******************************************************************************
 290:Generated_Source\PSoC5/Counter_1.c **** * Function Name: Counter_1_WriteControlRegister
 291:Generated_Source\PSoC5/Counter_1.c **** ********************************************************************************
 292:Generated_Source\PSoC5/Counter_1.c **** * Summary:
 293:Generated_Source\PSoC5/Counter_1.c **** *   Sets the bit-field of the control register.  This function should use
 294:Generated_Source\PSoC5/Counter_1.c **** *       defined types for the bit-field information as the bits in this
 295:Generated_Source\PSoC5/Counter_1.c **** *       register may be permuteable.
 296:Generated_Source\PSoC5/Counter_1.c **** *
 297:Generated_Source\PSoC5/Counter_1.c **** * Parameters:  
 298:Generated_Source\PSoC5/Counter_1.c **** *  void
 299:Generated_Source\PSoC5/Counter_1.c **** *
 300:Generated_Source\PSoC5/Counter_1.c **** * Return: 
 301:Generated_Source\PSoC5/Counter_1.c **** *  (uint8) The contents of the control register
 302:Generated_Source\PSoC5/Counter_1.c **** *
ARM GAS  C:\Users\elias\AppData\Local\Temp\ccS867JN.s 			page 46


 303:Generated_Source\PSoC5/Counter_1.c **** *******************************************************************************/
 304:Generated_Source\PSoC5/Counter_1.c **** void    Counter_1_WriteControlRegister(uint8 control) 
 305:Generated_Source\PSoC5/Counter_1.c **** {
 306:Generated_Source\PSoC5/Counter_1.c ****     Counter_1_CONTROL = control;
 307:Generated_Source\PSoC5/Counter_1.c **** }
 308:Generated_Source\PSoC5/Counter_1.c **** 
 309:Generated_Source\PSoC5/Counter_1.c **** #endif  /* (!Counter_1_ControlRegRemoved) */
 310:Generated_Source\PSoC5/Counter_1.c **** 
 311:Generated_Source\PSoC5/Counter_1.c **** 
 312:Generated_Source\PSoC5/Counter_1.c **** #if (!(Counter_1_UsingFixedFunction && (CY_PSOC5A)))
 313:Generated_Source\PSoC5/Counter_1.c **** /*******************************************************************************
 314:Generated_Source\PSoC5/Counter_1.c **** * Function Name: Counter_1_WriteCounter
 315:Generated_Source\PSoC5/Counter_1.c **** ********************************************************************************
 316:Generated_Source\PSoC5/Counter_1.c **** * Summary:
 317:Generated_Source\PSoC5/Counter_1.c **** *   This funtion is used to set the counter to a specific value
 318:Generated_Source\PSoC5/Counter_1.c **** *
 319:Generated_Source\PSoC5/Counter_1.c **** * Parameters:  
 320:Generated_Source\PSoC5/Counter_1.c **** *  counter:  New counter value. 
 321:Generated_Source\PSoC5/Counter_1.c **** *
 322:Generated_Source\PSoC5/Counter_1.c **** * Return: 
 323:Generated_Source\PSoC5/Counter_1.c **** *  void 
 324:Generated_Source\PSoC5/Counter_1.c **** *
 325:Generated_Source\PSoC5/Counter_1.c **** *******************************************************************************/
 326:Generated_Source\PSoC5/Counter_1.c **** void Counter_1_WriteCounter(uint16 counter) \
 327:Generated_Source\PSoC5/Counter_1.c ****                                    
 328:Generated_Source\PSoC5/Counter_1.c **** {
 329:Generated_Source\PSoC5/Counter_1.c ****     #if(Counter_1_UsingFixedFunction)
 330:Generated_Source\PSoC5/Counter_1.c ****         /* assert if block is already enabled */
 331:Generated_Source\PSoC5/Counter_1.c ****         CYASSERT (0u == (Counter_1_GLOBAL_ENABLE & Counter_1_BLOCK_EN_MASK));
 332:Generated_Source\PSoC5/Counter_1.c ****         /* If block is disabled, enable it and then write the counter */
 333:Generated_Source\PSoC5/Counter_1.c ****         Counter_1_GLOBAL_ENABLE |= Counter_1_BLOCK_EN_MASK;
 334:Generated_Source\PSoC5/Counter_1.c ****         CY_SET_REG16(Counter_1_COUNTER_LSB_PTR, (uint16)counter);
 335:Generated_Source\PSoC5/Counter_1.c ****         Counter_1_GLOBAL_ENABLE &= ((uint8)(~Counter_1_BLOCK_EN_MASK));
 336:Generated_Source\PSoC5/Counter_1.c ****     #else
 337:Generated_Source\PSoC5/Counter_1.c ****         CY_SET_REG16(Counter_1_COUNTER_LSB_PTR, counter);
 338:Generated_Source\PSoC5/Counter_1.c ****     #endif /* (Counter_1_UsingFixedFunction) */
 339:Generated_Source\PSoC5/Counter_1.c **** }
 340:Generated_Source\PSoC5/Counter_1.c **** #endif /* (!(Counter_1_UsingFixedFunction && (CY_PSOC5A))) */
 341:Generated_Source\PSoC5/Counter_1.c **** 
 342:Generated_Source\PSoC5/Counter_1.c **** 
 343:Generated_Source\PSoC5/Counter_1.c **** /*******************************************************************************
 344:Generated_Source\PSoC5/Counter_1.c **** * Function Name: Counter_1_ReadCounter
 345:Generated_Source\PSoC5/Counter_1.c **** ********************************************************************************
 346:Generated_Source\PSoC5/Counter_1.c **** * Summary:
 347:Generated_Source\PSoC5/Counter_1.c **** * Returns the current value of the counter.  It doesn't matter
 348:Generated_Source\PSoC5/Counter_1.c **** * if the counter is enabled or running.
 349:Generated_Source\PSoC5/Counter_1.c **** *
 350:Generated_Source\PSoC5/Counter_1.c **** * Parameters:  
 351:Generated_Source\PSoC5/Counter_1.c **** *  void:  
 352:Generated_Source\PSoC5/Counter_1.c **** *
 353:Generated_Source\PSoC5/Counter_1.c **** * Return: 
 354:Generated_Source\PSoC5/Counter_1.c **** *  (uint16) The present value of the counter.
 355:Generated_Source\PSoC5/Counter_1.c **** *
 356:Generated_Source\PSoC5/Counter_1.c **** *******************************************************************************/
 357:Generated_Source\PSoC5/Counter_1.c **** uint16 Counter_1_ReadCounter(void) 
 358:Generated_Source\PSoC5/Counter_1.c **** {
 359:Generated_Source\PSoC5/Counter_1.c ****     /* Force capture by reading Accumulator */
ARM GAS  C:\Users\elias\AppData\Local\Temp\ccS867JN.s 			page 47


 360:Generated_Source\PSoC5/Counter_1.c ****     /* Must first do a software capture to be able to read the counter */
 361:Generated_Source\PSoC5/Counter_1.c ****     /* It is up to the user code to make sure there isn't already captured data in the FIFO */
 362:Generated_Source\PSoC5/Counter_1.c ****     #if(Counter_1_UsingFixedFunction)
 363:Generated_Source\PSoC5/Counter_1.c **** 		(void)CY_GET_REG16(Counter_1_COUNTER_LSB_PTR);
 364:Generated_Source\PSoC5/Counter_1.c **** 	#else
 365:Generated_Source\PSoC5/Counter_1.c **** 		(void)CY_GET_REG8(Counter_1_COUNTER_LSB_PTR_8BIT);
 366:Generated_Source\PSoC5/Counter_1.c **** 	#endif/* (Counter_1_UsingFixedFunction) */
 367:Generated_Source\PSoC5/Counter_1.c ****     
 368:Generated_Source\PSoC5/Counter_1.c ****     /* Read the data from the FIFO (or capture register for Fixed Function)*/
 369:Generated_Source\PSoC5/Counter_1.c ****     #if(Counter_1_UsingFixedFunction)
 370:Generated_Source\PSoC5/Counter_1.c ****         return ((uint16)CY_GET_REG16(Counter_1_STATICCOUNT_LSB_PTR));
 371:Generated_Source\PSoC5/Counter_1.c ****     #else
 372:Generated_Source\PSoC5/Counter_1.c ****         return (CY_GET_REG16(Counter_1_STATICCOUNT_LSB_PTR));
 373:Generated_Source\PSoC5/Counter_1.c ****     #endif /* (Counter_1_UsingFixedFunction) */
 374:Generated_Source\PSoC5/Counter_1.c **** }
 375:Generated_Source\PSoC5/Counter_1.c **** 
 376:Generated_Source\PSoC5/Counter_1.c **** 
 377:Generated_Source\PSoC5/Counter_1.c **** /*******************************************************************************
 378:Generated_Source\PSoC5/Counter_1.c **** * Function Name: Counter_1_ReadCapture
 379:Generated_Source\PSoC5/Counter_1.c **** ********************************************************************************
 380:Generated_Source\PSoC5/Counter_1.c **** * Summary:
 381:Generated_Source\PSoC5/Counter_1.c **** *   This function returns the last value captured.
 382:Generated_Source\PSoC5/Counter_1.c **** *
 383:Generated_Source\PSoC5/Counter_1.c **** * Parameters:  
 384:Generated_Source\PSoC5/Counter_1.c **** *  void
 385:Generated_Source\PSoC5/Counter_1.c **** *
 386:Generated_Source\PSoC5/Counter_1.c **** * Return: 
 387:Generated_Source\PSoC5/Counter_1.c **** *  (uint16) Present Capture value.
 388:Generated_Source\PSoC5/Counter_1.c **** *
 389:Generated_Source\PSoC5/Counter_1.c **** *******************************************************************************/
 390:Generated_Source\PSoC5/Counter_1.c **** uint16 Counter_1_ReadCapture(void) 
 391:Generated_Source\PSoC5/Counter_1.c **** {
 392:Generated_Source\PSoC5/Counter_1.c ****     #if(Counter_1_UsingFixedFunction)
 393:Generated_Source\PSoC5/Counter_1.c ****         return ((uint16)CY_GET_REG16(Counter_1_STATICCOUNT_LSB_PTR));
 394:Generated_Source\PSoC5/Counter_1.c ****     #else
 395:Generated_Source\PSoC5/Counter_1.c ****         return (CY_GET_REG16(Counter_1_STATICCOUNT_LSB_PTR));
 396:Generated_Source\PSoC5/Counter_1.c ****     #endif /* (Counter_1_UsingFixedFunction) */
 397:Generated_Source\PSoC5/Counter_1.c **** }
 398:Generated_Source\PSoC5/Counter_1.c **** 
 399:Generated_Source\PSoC5/Counter_1.c **** 
 400:Generated_Source\PSoC5/Counter_1.c **** /*******************************************************************************
 401:Generated_Source\PSoC5/Counter_1.c **** * Function Name: Counter_1_WritePeriod
 402:Generated_Source\PSoC5/Counter_1.c **** ********************************************************************************
 403:Generated_Source\PSoC5/Counter_1.c **** * Summary:
 404:Generated_Source\PSoC5/Counter_1.c **** * Changes the period of the counter.  The new period 
 405:Generated_Source\PSoC5/Counter_1.c **** * will be loaded the next time terminal count is detected.
 406:Generated_Source\PSoC5/Counter_1.c **** *
 407:Generated_Source\PSoC5/Counter_1.c **** * Parameters:  
 408:Generated_Source\PSoC5/Counter_1.c **** *  period: (uint16) A value of 0 will result in
 409:Generated_Source\PSoC5/Counter_1.c **** *         the counter remaining at zero.  
 410:Generated_Source\PSoC5/Counter_1.c **** *
 411:Generated_Source\PSoC5/Counter_1.c **** * Return: 
 412:Generated_Source\PSoC5/Counter_1.c **** *  void
 413:Generated_Source\PSoC5/Counter_1.c **** *
 414:Generated_Source\PSoC5/Counter_1.c **** *******************************************************************************/
 415:Generated_Source\PSoC5/Counter_1.c **** void Counter_1_WritePeriod(uint16 period) 
 416:Generated_Source\PSoC5/Counter_1.c **** {
ARM GAS  C:\Users\elias\AppData\Local\Temp\ccS867JN.s 			page 48


 417:Generated_Source\PSoC5/Counter_1.c ****     #if(Counter_1_UsingFixedFunction)
 418:Generated_Source\PSoC5/Counter_1.c ****         CY_SET_REG16(Counter_1_PERIOD_LSB_PTR,(uint16)period);
 607              		.loc 1 418 0
 608 0004 4FF6FF70 		movw	r0, #65535
 609              	.LBE19:
 610              	.LBE18:
  50:Generated_Source\PSoC5/Counter_1.c ****             
 611              		.loc 1 50 0
 612 0008 1378     		ldrb	r3, [r2]	@ zero_extendqisi2
  57:Generated_Source\PSoC5/Counter_1.c ****             #endif /* (CY_PSOC3 || CY_PSOC5LP) */
 613              		.loc 1 57 0
 614 000a 1E49     		ldr	r1, .L8+4
  50:Generated_Source\PSoC5/Counter_1.c ****             
 615              		.loc 1 50 0
 616 000c 03F00103 		and	r3, r3, #1
 617 0010 1370     		strb	r3, [r2]
  57:Generated_Source\PSoC5/Counter_1.c ****             #endif /* (CY_PSOC3 || CY_PSOC5LP) */
 618              		.loc 1 57 0
 619 0012 0B78     		ldrb	r3, [r1]	@ zero_extendqisi2
  66:Generated_Source\PSoC5/Counter_1.c ****             
 620              		.loc 1 66 0
 621 0014 1C4C     		ldr	r4, .L8+8
  57:Generated_Source\PSoC5/Counter_1.c ****             #endif /* (CY_PSOC3 || CY_PSOC5LP) */
 622              		.loc 1 57 0
 623 0016 03F0FC03 		and	r3, r3, #252
 624 001a 0B70     		strb	r3, [r1]
  62:Generated_Source\PSoC5/Counter_1.c ****             #endif /* (Counter_1_RunModeUsed != 0x0u) */
 625              		.loc 1 62 0
 626 001c 1178     		ldrb	r1, [r2]	@ zero_extendqisi2
  69:Generated_Source\PSoC5/Counter_1.c ****             Counter_1_RT1 |= Counter_1_SYNC;     
 627              		.loc 1 69 0
 628 001e 1B4B     		ldr	r3, .L8+12
  62:Generated_Source\PSoC5/Counter_1.c ****             #endif /* (Counter_1_RunModeUsed != 0x0u) */
 629              		.loc 1 62 0
 630 0020 41F00401 		orr	r1, r1, #4
 631 0024 1170     		strb	r1, [r2]
  66:Generated_Source\PSoC5/Counter_1.c ****             
 632              		.loc 1 66 0
 633 0026 2278     		ldrb	r2, [r4]	@ zero_extendqisi2
 634              	.LBB22:
 635              	.LBB20:
 636              		.loc 1 418 0
 637 0028 1949     		ldr	r1, .L8+16
 638              	.LBE20:
 639              	.LBE22:
  66:Generated_Source\PSoC5/Counter_1.c ****             
 640              		.loc 1 66 0
 641 002a 42F00102 		orr	r2, r2, #1
 642 002e 2270     		strb	r2, [r4]
  69:Generated_Source\PSoC5/Counter_1.c ****             Counter_1_RT1 |= Counter_1_SYNC;     
 643              		.loc 1 69 0
 644 0030 1A78     		ldrb	r2, [r3]	@ zero_extendqisi2
 645              	.LBB23:
 646              	.LBB24:
 331:Generated_Source\PSoC5/Counter_1.c ****         /* If block is disabled, enable it and then write the counter */
 647              		.loc 1 331 0
 648 0032 A4F65E34 		subw	r4, r4, #2910
ARM GAS  C:\Users\elias\AppData\Local\Temp\ccS867JN.s 			page 49


 649              	.LBE24:
 650              	.LBE23:
  69:Generated_Source\PSoC5/Counter_1.c ****             Counter_1_RT1 |= Counter_1_SYNC;     
 651              		.loc 1 69 0
 652 0036 02F0CF02 		and	r2, r2, #207
 653 003a 1A70     		strb	r2, [r3]
  70:Generated_Source\PSoC5/Counter_1.c ****                     
 654              		.loc 1 70 0
 655 003c 1A78     		ldrb	r2, [r3]	@ zero_extendqisi2
 656 003e 42F03002 		orr	r2, r2, #48
 657 0042 1A70     		strb	r2, [r3]
  73:Generated_Source\PSoC5/Counter_1.c ****             Counter_1_RT1 |= Counter_1_SYNCDSI_EN;
 658              		.loc 1 73 0
 659 0044 1A78     		ldrb	r2, [r3]	@ zero_extendqisi2
 660 0046 02F0F002 		and	r2, r2, #240
 661 004a 1A70     		strb	r2, [r3]
  74:Generated_Source\PSoC5/Counter_1.c **** 
 662              		.loc 1 74 0
 663 004c 1A78     		ldrb	r2, [r3]	@ zero_extendqisi2
 664 004e 42F00F02 		orr	r2, r2, #15
 665 0052 1A70     		strb	r2, [r3]
 666              	.LVL0:
 667              	.LBB26:
 668              	.LBB21:
 669              		.loc 1 418 0
 670 0054 0880     		strh	r0, [r1]	@ movhi
 671              	.LVL1:
 672              	.LBE21:
 673              	.LBE26:
 674              	.LBB27:
 675              	.LBB25:
 331:Generated_Source\PSoC5/Counter_1.c ****         /* If block is disabled, enable it and then write the counter */
 676              		.loc 1 331 0
 677 0056 2378     		ldrb	r3, [r4]	@ zero_extendqisi2
 678 0058 DB07     		lsls	r3, r3, #31
 679 005a 02D5     		bpl	.L2
 680 005c 0020     		movs	r0, #0
 681 005e FFF7FEFF 		bl	CyHalt
 682              	.LVL2:
 683              	.L2:
 333:Generated_Source\PSoC5/Counter_1.c ****         CY_SET_REG16(Counter_1_COUNTER_LSB_PTR, (uint16)counter);
 684              		.loc 1 333 0
 685 0062 0C4B     		ldr	r3, .L8+20
 334:Generated_Source\PSoC5/Counter_1.c ****         Counter_1_GLOBAL_ENABLE &= ((uint8)(~Counter_1_BLOCK_EN_MASK));
 686              		.loc 1 334 0
 687 0064 0C48     		ldr	r0, .L8+24
 333:Generated_Source\PSoC5/Counter_1.c ****         CY_SET_REG16(Counter_1_COUNTER_LSB_PTR, (uint16)counter);
 688              		.loc 1 333 0
 689 0066 1A78     		ldrb	r2, [r3]	@ zero_extendqisi2
 334:Generated_Source\PSoC5/Counter_1.c ****         Counter_1_GLOBAL_ENABLE &= ((uint8)(~Counter_1_BLOCK_EN_MASK));
 690              		.loc 1 334 0
 691 0068 0021     		movs	r1, #0
 333:Generated_Source\PSoC5/Counter_1.c ****         CY_SET_REG16(Counter_1_COUNTER_LSB_PTR, (uint16)counter);
 692              		.loc 1 333 0
 693 006a 42F00102 		orr	r2, r2, #1
 694 006e 1A70     		strb	r2, [r3]
 334:Generated_Source\PSoC5/Counter_1.c ****         Counter_1_GLOBAL_ENABLE &= ((uint8)(~Counter_1_BLOCK_EN_MASK));
ARM GAS  C:\Users\elias\AppData\Local\Temp\ccS867JN.s 			page 50


 695              		.loc 1 334 0
 696 0070 0180     		strh	r1, [r0]	@ movhi
 335:Generated_Source\PSoC5/Counter_1.c ****     #else
 697              		.loc 1 335 0
 698 0072 1A78     		ldrb	r2, [r3]	@ zero_extendqisi2
 699 0074 02F0FE02 		and	r2, r2, #254
 700 0078 1A70     		strb	r2, [r3]
 701              	.LVL3:
 702              	.LBE25:
 703              	.LBE27:
 704              	.LBB28:
 705              	.LBB29:
 239:Generated_Source\PSoC5/Counter_1.c **** }
 706              		.loc 1 239 0
 707 007a 00F8031C 		strb	r1, [r0, #-3]
 708              	.LVL4:
 709 007e 10BD     		pop	{r4, pc}
 710              	.L9:
 711              		.align	2
 712              	.L8:
 713 0080 004F0040 		.word	1073762048
 714 0084 024F0040 		.word	1073762050
 715 0088 014F0040 		.word	1073762049
 716 008c 0B4F0040 		.word	1073762059
 717 0090 044F0040 		.word	1073762052
 718 0094 A3430040 		.word	1073759139
 719 0098 064F0040 		.word	1073762054
 720              	.LBE29:
 721              	.LBE28:
 722              		.cfi_endproc
 723              	.LFE0:
 724              		.size	Counter_1_Init, .-Counter_1_Init
 725              		.section	.text.Counter_1_Enable,"ax",%progbits
 726              		.align	2
 727              		.global	Counter_1_Enable
 728              		.thumb
 729              		.thumb_func
 730              		.type	Counter_1_Enable, %function
 731              	Counter_1_Enable:
 732              	.LFB1:
 144:Generated_Source\PSoC5/Counter_1.c ****     /* Globally Enable the Fixed Function Block chosen */
 733              		.loc 1 144 0
 734              		.cfi_startproc
 735              		@ args = 0, pretend = 0, frame = 0
 736              		@ frame_needed = 0, uses_anonymous_args = 0
 737              		@ link register save eliminated.
 147:Generated_Source\PSoC5/Counter_1.c ****         Counter_1_GLOBAL_STBY_ENABLE |= Counter_1_BLOCK_STBY_EN_MASK;
 738              		.loc 1 147 0
 739 0000 0748     		ldr	r0, .L11
 148:Generated_Source\PSoC5/Counter_1.c ****     #endif /* (Counter_1_UsingFixedFunction) */  
 740              		.loc 1 148 0
 741 0002 0849     		ldr	r1, .L11+4
 147:Generated_Source\PSoC5/Counter_1.c ****         Counter_1_GLOBAL_STBY_ENABLE |= Counter_1_BLOCK_STBY_EN_MASK;
 742              		.loc 1 147 0
 743 0004 0378     		ldrb	r3, [r0]	@ zero_extendqisi2
 155:Generated_Source\PSoC5/Counter_1.c ****     #endif /* (!Counter_1_ControlRegRemoved || Counter_1_UsingFixedFunction) */
 744              		.loc 1 155 0
ARM GAS  C:\Users\elias\AppData\Local\Temp\ccS867JN.s 			page 51


 745 0006 084A     		ldr	r2, .L11+8
 147:Generated_Source\PSoC5/Counter_1.c ****         Counter_1_GLOBAL_STBY_ENABLE |= Counter_1_BLOCK_STBY_EN_MASK;
 746              		.loc 1 147 0
 747 0008 43F00103 		orr	r3, r3, #1
 748 000c 0370     		strb	r3, [r0]
 148:Generated_Source\PSoC5/Counter_1.c ****     #endif /* (Counter_1_UsingFixedFunction) */  
 749              		.loc 1 148 0
 750 000e 0B78     		ldrb	r3, [r1]	@ zero_extendqisi2
 751 0010 43F00103 		orr	r3, r3, #1
 752 0014 0B70     		strb	r3, [r1]
 155:Generated_Source\PSoC5/Counter_1.c ****     #endif /* (!Counter_1_ControlRegRemoved || Counter_1_UsingFixedFunction) */
 753              		.loc 1 155 0
 754 0016 1378     		ldrb	r3, [r2]	@ zero_extendqisi2
 755 0018 43F00103 		orr	r3, r3, #1
 756 001c 1370     		strb	r3, [r2]
 757 001e 7047     		bx	lr
 758              	.L12:
 759              		.align	2
 760              	.L11:
 761 0020 A3430040 		.word	1073759139
 762 0024 B3430040 		.word	1073759155
 763 0028 004F0040 		.word	1073762048
 764              		.cfi_endproc
 765              	.LFE1:
 766              		.size	Counter_1_Enable, .-Counter_1_Enable
 767              		.section	.text.Counter_1_Start,"ax",%progbits
 768              		.align	2
 769              		.global	Counter_1_Start
 770              		.thumb
 771              		.thumb_func
 772              		.type	Counter_1_Start, %function
 773              	Counter_1_Start:
 774              	.LFB2:
 179:Generated_Source\PSoC5/Counter_1.c ****     if(Counter_1_initVar == 0u)
 775              		.loc 1 179 0
 776              		.cfi_startproc
 777              		@ args = 0, pretend = 0, frame = 0
 778              		@ frame_needed = 0, uses_anonymous_args = 0
 779 0000 70B5     		push	{r4, r5, r6, lr}
 780              		.cfi_def_cfa_offset 16
 781              		.cfi_offset 4, -16
 782              		.cfi_offset 5, -12
 783              		.cfi_offset 6, -8
 784              		.cfi_offset 14, -4
 180:Generated_Source\PSoC5/Counter_1.c ****     {
 785              		.loc 1 180 0
 786 0002 294C     		ldr	r4, .L21
 787 0004 2078     		ldrb	r0, [r4]	@ zero_extendqisi2
 788 0006 78B1     		cbz	r0, .L20
 789              	.L14:
 790              	.LBB40:
 791              	.LBB41:
 147:Generated_Source\PSoC5/Counter_1.c ****         Counter_1_GLOBAL_STBY_ENABLE |= Counter_1_BLOCK_STBY_EN_MASK;
 792              		.loc 1 147 0
 793 0008 2848     		ldr	r0, .L21+4
 148:Generated_Source\PSoC5/Counter_1.c ****     #endif /* (Counter_1_UsingFixedFunction) */  
 794              		.loc 1 148 0
ARM GAS  C:\Users\elias\AppData\Local\Temp\ccS867JN.s 			page 52


 795 000a 2949     		ldr	r1, .L21+8
 147:Generated_Source\PSoC5/Counter_1.c ****         Counter_1_GLOBAL_STBY_ENABLE |= Counter_1_BLOCK_STBY_EN_MASK;
 796              		.loc 1 147 0
 797 000c 0378     		ldrb	r3, [r0]	@ zero_extendqisi2
 155:Generated_Source\PSoC5/Counter_1.c ****     #endif /* (!Counter_1_ControlRegRemoved || Counter_1_UsingFixedFunction) */
 798              		.loc 1 155 0
 799 000e 294A     		ldr	r2, .L21+12
 147:Generated_Source\PSoC5/Counter_1.c ****         Counter_1_GLOBAL_STBY_ENABLE |= Counter_1_BLOCK_STBY_EN_MASK;
 800              		.loc 1 147 0
 801 0010 43F00103 		orr	r3, r3, #1
 802 0014 0370     		strb	r3, [r0]
 148:Generated_Source\PSoC5/Counter_1.c ****     #endif /* (Counter_1_UsingFixedFunction) */  
 803              		.loc 1 148 0
 804 0016 0B78     		ldrb	r3, [r1]	@ zero_extendqisi2
 805 0018 43F00103 		orr	r3, r3, #1
 806 001c 0B70     		strb	r3, [r1]
 155:Generated_Source\PSoC5/Counter_1.c ****     #endif /* (!Counter_1_ControlRegRemoved || Counter_1_UsingFixedFunction) */
 807              		.loc 1 155 0
 808 001e 1378     		ldrb	r3, [r2]	@ zero_extendqisi2
 809 0020 43F00103 		orr	r3, r3, #1
 810 0024 1370     		strb	r3, [r2]
 811 0026 70BD     		pop	{r4, r5, r6, pc}
 812              	.L20:
 813              	.LBE41:
 814              	.LBE40:
 815              	.LBB42:
 816              	.LBB43:
  50:Generated_Source\PSoC5/Counter_1.c ****             
 817              		.loc 1 50 0
 818 0028 224A     		ldr	r2, .L21+12
 819              	.LBB44:
 820              	.LBB45:
 821              		.loc 1 418 0
 822 002a 4FF6FF71 		movw	r1, #65535
 823              	.LBE45:
 824              	.LBE44:
  50:Generated_Source\PSoC5/Counter_1.c ****             
 825              		.loc 1 50 0
 826 002e 1378     		ldrb	r3, [r2]	@ zero_extendqisi2
  57:Generated_Source\PSoC5/Counter_1.c ****             #endif /* (CY_PSOC3 || CY_PSOC5LP) */
 827              		.loc 1 57 0
 828 0030 214D     		ldr	r5, .L21+16
  50:Generated_Source\PSoC5/Counter_1.c ****             
 829              		.loc 1 50 0
 830 0032 03F00103 		and	r3, r3, #1
 831 0036 1370     		strb	r3, [r2]
  57:Generated_Source\PSoC5/Counter_1.c ****             #endif /* (CY_PSOC3 || CY_PSOC5LP) */
 832              		.loc 1 57 0
 833 0038 2B78     		ldrb	r3, [r5]	@ zero_extendqisi2
  66:Generated_Source\PSoC5/Counter_1.c ****             
 834              		.loc 1 66 0
 835 003a 204E     		ldr	r6, .L21+20
  57:Generated_Source\PSoC5/Counter_1.c ****             #endif /* (CY_PSOC3 || CY_PSOC5LP) */
 836              		.loc 1 57 0
 837 003c 03F0FC03 		and	r3, r3, #252
 838 0040 2B70     		strb	r3, [r5]
  62:Generated_Source\PSoC5/Counter_1.c ****             #endif /* (Counter_1_RunModeUsed != 0x0u) */
ARM GAS  C:\Users\elias\AppData\Local\Temp\ccS867JN.s 			page 53


 839              		.loc 1 62 0
 840 0042 1578     		ldrb	r5, [r2]	@ zero_extendqisi2
  69:Generated_Source\PSoC5/Counter_1.c ****             Counter_1_RT1 |= Counter_1_SYNC;     
 841              		.loc 1 69 0
 842 0044 1E4B     		ldr	r3, .L21+24
  62:Generated_Source\PSoC5/Counter_1.c ****             #endif /* (Counter_1_RunModeUsed != 0x0u) */
 843              		.loc 1 62 0
 844 0046 45F00405 		orr	r5, r5, #4
 845 004a 1570     		strb	r5, [r2]
  66:Generated_Source\PSoC5/Counter_1.c ****             
 846              		.loc 1 66 0
 847 004c 3278     		ldrb	r2, [r6]	@ zero_extendqisi2
 848              	.LBB48:
 849              	.LBB46:
 850              		.loc 1 418 0
 851 004e 1D4D     		ldr	r5, .L21+28
 852              	.LBE46:
 853              	.LBE48:
  66:Generated_Source\PSoC5/Counter_1.c ****             
 854              		.loc 1 66 0
 855 0050 42F00102 		orr	r2, r2, #1
 856 0054 3270     		strb	r2, [r6]
  69:Generated_Source\PSoC5/Counter_1.c ****             Counter_1_RT1 |= Counter_1_SYNC;     
 857              		.loc 1 69 0
 858 0056 1A78     		ldrb	r2, [r3]	@ zero_extendqisi2
 859              	.LBB49:
 860              	.LBB50:
 331:Generated_Source\PSoC5/Counter_1.c ****         /* If block is disabled, enable it and then write the counter */
 861              		.loc 1 331 0
 862 0058 A6F65E36 		subw	r6, r6, #2910
 863              	.LBE50:
 864              	.LBE49:
  69:Generated_Source\PSoC5/Counter_1.c ****             Counter_1_RT1 |= Counter_1_SYNC;     
 865              		.loc 1 69 0
 866 005c 02F0CF02 		and	r2, r2, #207
 867 0060 1A70     		strb	r2, [r3]
  70:Generated_Source\PSoC5/Counter_1.c ****                     
 868              		.loc 1 70 0
 869 0062 1A78     		ldrb	r2, [r3]	@ zero_extendqisi2
 870 0064 42F03002 		orr	r2, r2, #48
 871 0068 1A70     		strb	r2, [r3]
  73:Generated_Source\PSoC5/Counter_1.c ****             Counter_1_RT1 |= Counter_1_SYNCDSI_EN;
 872              		.loc 1 73 0
 873 006a 1A78     		ldrb	r2, [r3]	@ zero_extendqisi2
 874 006c 02F0F002 		and	r2, r2, #240
 875 0070 1A70     		strb	r2, [r3]
  74:Generated_Source\PSoC5/Counter_1.c **** 
 876              		.loc 1 74 0
 877 0072 1A78     		ldrb	r2, [r3]	@ zero_extendqisi2
 878 0074 42F00F02 		orr	r2, r2, #15
 879 0078 1A70     		strb	r2, [r3]
 880              	.LVL5:
 881              	.LBB54:
 882              	.LBB47:
 883              		.loc 1 418 0
 884 007a 2980     		strh	r1, [r5]	@ movhi
 885              	.LVL6:
ARM GAS  C:\Users\elias\AppData\Local\Temp\ccS867JN.s 			page 54


 886              	.LBE47:
 887              	.LBE54:
 888              	.LBB55:
 889              	.LBB51:
 331:Generated_Source\PSoC5/Counter_1.c ****         /* If block is disabled, enable it and then write the counter */
 890              		.loc 1 331 0
 891 007c 3378     		ldrb	r3, [r6]	@ zero_extendqisi2
 892 007e DB07     		lsls	r3, r3, #31
 893 0080 01D5     		bpl	.L15
 894 0082 FFF7FEFF 		bl	CyHalt
 895              	.LVL7:
 896              	.L15:
 333:Generated_Source\PSoC5/Counter_1.c ****         CY_SET_REG16(Counter_1_COUNTER_LSB_PTR, (uint16)counter);
 897              		.loc 1 333 0
 898 0086 094B     		ldr	r3, .L21+4
 334:Generated_Source\PSoC5/Counter_1.c ****         Counter_1_GLOBAL_ENABLE &= ((uint8)(~Counter_1_BLOCK_EN_MASK));
 899              		.loc 1 334 0
 900 0088 0F48     		ldr	r0, .L21+32
 333:Generated_Source\PSoC5/Counter_1.c ****         CY_SET_REG16(Counter_1_COUNTER_LSB_PTR, (uint16)counter);
 901              		.loc 1 333 0
 902 008a 1A78     		ldrb	r2, [r3]	@ zero_extendqisi2
 334:Generated_Source\PSoC5/Counter_1.c ****         Counter_1_GLOBAL_ENABLE &= ((uint8)(~Counter_1_BLOCK_EN_MASK));
 903              		.loc 1 334 0
 904 008c 0021     		movs	r1, #0
 333:Generated_Source\PSoC5/Counter_1.c ****         CY_SET_REG16(Counter_1_COUNTER_LSB_PTR, (uint16)counter);
 905              		.loc 1 333 0
 906 008e 42F00102 		orr	r2, r2, #1
 907 0092 1A70     		strb	r2, [r3]
 334:Generated_Source\PSoC5/Counter_1.c ****         Counter_1_GLOBAL_ENABLE &= ((uint8)(~Counter_1_BLOCK_EN_MASK));
 908              		.loc 1 334 0
 909 0094 0180     		strh	r1, [r0]	@ movhi
 335:Generated_Source\PSoC5/Counter_1.c ****     #else
 910              		.loc 1 335 0
 911 0096 1A78     		ldrb	r2, [r3]	@ zero_extendqisi2
 912              	.LBE51:
 913              	.LBE55:
 914              	.LBB56:
 915              	.LBB57:
 239:Generated_Source\PSoC5/Counter_1.c **** }
 916              		.loc 1 239 0
 917 0098 0C4D     		ldr	r5, .L21+36
 918              	.LBE57:
 919              	.LBE56:
 920              	.LBB59:
 921              	.LBB52:
 335:Generated_Source\PSoC5/Counter_1.c ****     #else
 922              		.loc 1 335 0
 923 009a 02F0FE02 		and	r2, r2, #254
 924              	.LBE52:
 925              	.LBE59:
 926              	.LBE43:
 927              	.LBE42:
 184:Generated_Source\PSoC5/Counter_1.c ****     }
 928              		.loc 1 184 0
 929 009e 0120     		movs	r0, #1
 930              	.LBB63:
 931              	.LBB62:
ARM GAS  C:\Users\elias\AppData\Local\Temp\ccS867JN.s 			page 55


 932              	.LBB60:
 933              	.LBB53:
 335:Generated_Source\PSoC5/Counter_1.c ****     #else
 934              		.loc 1 335 0
 935 00a0 1A70     		strb	r2, [r3]
 936              	.LVL8:
 937              	.LBE53:
 938              	.LBE60:
 939              	.LBB61:
 940              	.LBB58:
 239:Generated_Source\PSoC5/Counter_1.c **** }
 941              		.loc 1 239 0
 942 00a2 2970     		strb	r1, [r5]
 943              	.LVL9:
 944              	.LBE58:
 945              	.LBE61:
 946              	.LBE62:
 947              	.LBE63:
 184:Generated_Source\PSoC5/Counter_1.c ****     }
 948              		.loc 1 184 0
 949 00a4 2070     		strb	r0, [r4]
 950 00a6 AFE7     		b	.L14
 951              	.L22:
 952              		.align	2
 953              	.L21:
 954 00a8 00000000 		.word	.LANCHOR0
 955 00ac A3430040 		.word	1073759139
 956 00b0 B3430040 		.word	1073759155
 957 00b4 004F0040 		.word	1073762048
 958 00b8 024F0040 		.word	1073762050
 959 00bc 014F0040 		.word	1073762049
 960 00c0 0B4F0040 		.word	1073762059
 961 00c4 044F0040 		.word	1073762052
 962 00c8 064F0040 		.word	1073762054
 963 00cc 034F0040 		.word	1073762051
 964              		.cfi_endproc
 965              	.LFE2:
 966              		.size	Counter_1_Start, .-Counter_1_Start
 967              		.section	.text.Counter_1_Stop,"ax",%progbits
 968              		.align	2
 969              		.global	Counter_1_Stop
 970              		.thumb
 971              		.thumb_func
 972              		.type	Counter_1_Stop, %function
 973              	Counter_1_Stop:
 974              	.LFB3:
 209:Generated_Source\PSoC5/Counter_1.c ****     /* Disable Counter */
 975              		.loc 1 209 0
 976              		.cfi_startproc
 977              		@ args = 0, pretend = 0, frame = 0
 978              		@ frame_needed = 0, uses_anonymous_args = 0
 979              		@ link register save eliminated.
 212:Generated_Source\PSoC5/Counter_1.c ****     #endif /* (!Counter_1_ControlRegRemoved || Counter_1_UsingFixedFunction) */
 980              		.loc 1 212 0
 981 0000 0748     		ldr	r0, .L24
 217:Generated_Source\PSoC5/Counter_1.c ****         Counter_1_GLOBAL_STBY_ENABLE &= ((uint8)(~Counter_1_BLOCK_STBY_EN_MASK));
 982              		.loc 1 217 0
ARM GAS  C:\Users\elias\AppData\Local\Temp\ccS867JN.s 			page 56


 983 0002 0849     		ldr	r1, .L24+4
 212:Generated_Source\PSoC5/Counter_1.c ****     #endif /* (!Counter_1_ControlRegRemoved || Counter_1_UsingFixedFunction) */
 984              		.loc 1 212 0
 985 0004 0378     		ldrb	r3, [r0]	@ zero_extendqisi2
 218:Generated_Source\PSoC5/Counter_1.c ****     #endif /* (Counter_1_UsingFixedFunction) */
 986              		.loc 1 218 0
 987 0006 084A     		ldr	r2, .L24+8
 212:Generated_Source\PSoC5/Counter_1.c ****     #endif /* (!Counter_1_ControlRegRemoved || Counter_1_UsingFixedFunction) */
 988              		.loc 1 212 0
 989 0008 03F0FE03 		and	r3, r3, #254
 990 000c 0370     		strb	r3, [r0]
 217:Generated_Source\PSoC5/Counter_1.c ****         Counter_1_GLOBAL_STBY_ENABLE &= ((uint8)(~Counter_1_BLOCK_STBY_EN_MASK));
 991              		.loc 1 217 0
 992 000e 0B78     		ldrb	r3, [r1]	@ zero_extendqisi2
 993 0010 03F0FE03 		and	r3, r3, #254
 994 0014 0B70     		strb	r3, [r1]
 218:Generated_Source\PSoC5/Counter_1.c ****     #endif /* (Counter_1_UsingFixedFunction) */
 995              		.loc 1 218 0
 996 0016 1378     		ldrb	r3, [r2]	@ zero_extendqisi2
 997 0018 03F0FE03 		and	r3, r3, #254
 998 001c 1370     		strb	r3, [r2]
 999 001e 7047     		bx	lr
 1000              	.L25:
 1001              		.align	2
 1002              	.L24:
 1003 0020 004F0040 		.word	1073762048
 1004 0024 A3430040 		.word	1073759139
 1005 0028 B3430040 		.word	1073759155
 1006              		.cfi_endproc
 1007              	.LFE3:
 1008              		.size	Counter_1_Stop, .-Counter_1_Stop
 1009              		.section	.text.Counter_1_SetInterruptMode,"ax",%progbits
 1010              		.align	2
 1011              		.global	Counter_1_SetInterruptMode
 1012              		.thumb
 1013              		.thumb_func
 1014              		.type	Counter_1_SetInterruptMode, %function
 1015              	Counter_1_SetInterruptMode:
 1016              	.LFB4:
 238:Generated_Source\PSoC5/Counter_1.c ****     Counter_1_STATUS_MASK = interruptsMask;
 1017              		.loc 1 238 0
 1018              		.cfi_startproc
 1019              		@ args = 0, pretend = 0, frame = 0
 1020              		@ frame_needed = 0, uses_anonymous_args = 0
 1021              		@ link register save eliminated.
 1022              	.LVL10:
 239:Generated_Source\PSoC5/Counter_1.c **** }
 1023              		.loc 1 239 0
 1024 0000 014B     		ldr	r3, .L27
 1025 0002 1870     		strb	r0, [r3]
 1026 0004 7047     		bx	lr
 1027              	.L28:
 1028 0006 00BF     		.align	2
 1029              	.L27:
 1030 0008 034F0040 		.word	1073762051
 1031              		.cfi_endproc
 1032              	.LFE4:
ARM GAS  C:\Users\elias\AppData\Local\Temp\ccS867JN.s 			page 57


 1033              		.size	Counter_1_SetInterruptMode, .-Counter_1_SetInterruptMode
 1034              		.section	.text.Counter_1_ReadStatusRegister,"ax",%progbits
 1035              		.align	2
 1036              		.global	Counter_1_ReadStatusRegister
 1037              		.thumb
 1038              		.thumb_func
 1039              		.type	Counter_1_ReadStatusRegister, %function
 1040              	Counter_1_ReadStatusRegister:
 1041              	.LFB5:
 262:Generated_Source\PSoC5/Counter_1.c ****     return Counter_1_STATUS;
 1042              		.loc 1 262 0
 1043              		.cfi_startproc
 1044              		@ args = 0, pretend = 0, frame = 0
 1045              		@ frame_needed = 0, uses_anonymous_args = 0
 1046              		@ link register save eliminated.
 263:Generated_Source\PSoC5/Counter_1.c **** }
 1047              		.loc 1 263 0
 1048 0000 014B     		ldr	r3, .L30
 1049 0002 1878     		ldrb	r0, [r3]	@ zero_extendqisi2
 264:Generated_Source\PSoC5/Counter_1.c **** 
 1050              		.loc 1 264 0
 1051 0004 7047     		bx	lr
 1052              	.L31:
 1053 0006 00BF     		.align	2
 1054              	.L30:
 1055 0008 034F0040 		.word	1073762051
 1056              		.cfi_endproc
 1057              	.LFE5:
 1058              		.size	Counter_1_ReadStatusRegister, .-Counter_1_ReadStatusRegister
 1059              		.section	.text.Counter_1_ReadControlRegister,"ax",%progbits
 1060              		.align	2
 1061              		.global	Counter_1_ReadControlRegister
 1062              		.thumb
 1063              		.thumb_func
 1064              		.type	Counter_1_ReadControlRegister, %function
 1065              	Counter_1_ReadControlRegister:
 1066              	.LFB6:
 284:Generated_Source\PSoC5/Counter_1.c ****     return Counter_1_CONTROL;
 1067              		.loc 1 284 0
 1068              		.cfi_startproc
 1069              		@ args = 0, pretend = 0, frame = 0
 1070              		@ frame_needed = 0, uses_anonymous_args = 0
 1071              		@ link register save eliminated.
 285:Generated_Source\PSoC5/Counter_1.c **** }
 1072              		.loc 1 285 0
 1073 0000 014B     		ldr	r3, .L33
 1074 0002 1878     		ldrb	r0, [r3]	@ zero_extendqisi2
 286:Generated_Source\PSoC5/Counter_1.c **** 
 1075              		.loc 1 286 0
 1076 0004 7047     		bx	lr
 1077              	.L34:
 1078 0006 00BF     		.align	2
 1079              	.L33:
 1080 0008 004F0040 		.word	1073762048
 1081              		.cfi_endproc
 1082              	.LFE6:
 1083              		.size	Counter_1_ReadControlRegister, .-Counter_1_ReadControlRegister
ARM GAS  C:\Users\elias\AppData\Local\Temp\ccS867JN.s 			page 58


 1084              		.section	.text.Counter_1_WriteControlRegister,"ax",%progbits
 1085              		.align	2
 1086              		.global	Counter_1_WriteControlRegister
 1087              		.thumb
 1088              		.thumb_func
 1089              		.type	Counter_1_WriteControlRegister, %function
 1090              	Counter_1_WriteControlRegister:
 1091              	.LFB7:
 305:Generated_Source\PSoC5/Counter_1.c ****     Counter_1_CONTROL = control;
 1092              		.loc 1 305 0
 1093              		.cfi_startproc
 1094              		@ args = 0, pretend = 0, frame = 0
 1095              		@ frame_needed = 0, uses_anonymous_args = 0
 1096              		@ link register save eliminated.
 1097              	.LVL11:
 306:Generated_Source\PSoC5/Counter_1.c **** }
 1098              		.loc 1 306 0
 1099 0000 014B     		ldr	r3, .L36
 1100 0002 1870     		strb	r0, [r3]
 1101 0004 7047     		bx	lr
 1102              	.L37:
 1103 0006 00BF     		.align	2
 1104              	.L36:
 1105 0008 004F0040 		.word	1073762048
 1106              		.cfi_endproc
 1107              	.LFE7:
 1108              		.size	Counter_1_WriteControlRegister, .-Counter_1_WriteControlRegister
 1109              		.section	.text.Counter_1_WriteCounter,"ax",%progbits
 1110              		.align	2
 1111              		.global	Counter_1_WriteCounter
 1112              		.thumb
 1113              		.thumb_func
 1114              		.type	Counter_1_WriteCounter, %function
 1115              	Counter_1_WriteCounter:
 1116              	.LFB8:
 328:Generated_Source\PSoC5/Counter_1.c ****     #if(Counter_1_UsingFixedFunction)
 1117              		.loc 1 328 0
 1118              		.cfi_startproc
 1119              		@ args = 0, pretend = 0, frame = 0
 1120              		@ frame_needed = 0, uses_anonymous_args = 0
 1121              	.LVL12:
 1122 0000 10B5     		push	{r4, lr}
 1123              		.cfi_def_cfa_offset 8
 1124              		.cfi_offset 4, -8
 1125              		.cfi_offset 14, -4
 331:Generated_Source\PSoC5/Counter_1.c ****         /* If block is disabled, enable it and then write the counter */
 1126              		.loc 1 331 0
 1127 0002 0A4B     		ldr	r3, .L44
 328:Generated_Source\PSoC5/Counter_1.c ****     #if(Counter_1_UsingFixedFunction)
 1128              		.loc 1 328 0
 1129 0004 0446     		mov	r4, r0
 331:Generated_Source\PSoC5/Counter_1.c ****         /* If block is disabled, enable it and then write the counter */
 1130              		.loc 1 331 0
 1131 0006 1B78     		ldrb	r3, [r3]	@ zero_extendqisi2
 1132 0008 DB07     		lsls	r3, r3, #31
 1133 000a 02D5     		bpl	.L39
 331:Generated_Source\PSoC5/Counter_1.c ****         /* If block is disabled, enable it and then write the counter */
ARM GAS  C:\Users\elias\AppData\Local\Temp\ccS867JN.s 			page 59


 1134              		.loc 1 331 0 is_stmt 0 discriminator 1
 1135 000c 0020     		movs	r0, #0
 1136              	.LVL13:
 1137 000e FFF7FEFF 		bl	CyHalt
 1138              	.LVL14:
 1139              	.L39:
 333:Generated_Source\PSoC5/Counter_1.c ****         CY_SET_REG16(Counter_1_COUNTER_LSB_PTR, (uint16)counter);
 1140              		.loc 1 333 0 is_stmt 1
 1141 0012 064B     		ldr	r3, .L44
 334:Generated_Source\PSoC5/Counter_1.c ****         Counter_1_GLOBAL_ENABLE &= ((uint8)(~Counter_1_BLOCK_EN_MASK));
 1142              		.loc 1 334 0
 1143 0014 0649     		ldr	r1, .L44+4
 333:Generated_Source\PSoC5/Counter_1.c ****         CY_SET_REG16(Counter_1_COUNTER_LSB_PTR, (uint16)counter);
 1144              		.loc 1 333 0
 1145 0016 1A78     		ldrb	r2, [r3]	@ zero_extendqisi2
 1146 0018 42F00102 		orr	r2, r2, #1
 1147 001c 1A70     		strb	r2, [r3]
 334:Generated_Source\PSoC5/Counter_1.c ****         Counter_1_GLOBAL_ENABLE &= ((uint8)(~Counter_1_BLOCK_EN_MASK));
 1148              		.loc 1 334 0
 1149 001e 0C80     		strh	r4, [r1]	@ movhi
 335:Generated_Source\PSoC5/Counter_1.c ****     #else
 1150              		.loc 1 335 0
 1151 0020 1A78     		ldrb	r2, [r3]	@ zero_extendqisi2
 1152 0022 02F0FE02 		and	r2, r2, #254
 1153 0026 1A70     		strb	r2, [r3]
 1154 0028 10BD     		pop	{r4, pc}
 1155              	.L45:
 1156 002a 00BF     		.align	2
 1157              	.L44:
 1158 002c A3430040 		.word	1073759139
 1159 0030 064F0040 		.word	1073762054
 1160              		.cfi_endproc
 1161              	.LFE8:
 1162              		.size	Counter_1_WriteCounter, .-Counter_1_WriteCounter
 1163              		.section	.text.Counter_1_ReadCounter,"ax",%progbits
 1164              		.align	2
 1165              		.global	Counter_1_ReadCounter
 1166              		.thumb
 1167              		.thumb_func
 1168              		.type	Counter_1_ReadCounter, %function
 1169              	Counter_1_ReadCounter:
 1170              	.LFB9:
 358:Generated_Source\PSoC5/Counter_1.c ****     /* Force capture by reading Accumulator */
 1171              		.loc 1 358 0
 1172              		.cfi_startproc
 1173              		@ args = 0, pretend = 0, frame = 0
 1174              		@ frame_needed = 0, uses_anonymous_args = 0
 1175              		@ link register save eliminated.
 370:Generated_Source\PSoC5/Counter_1.c ****     #else
 1176              		.loc 1 370 0
 1177 0000 024B     		ldr	r3, .L47
 363:Generated_Source\PSoC5/Counter_1.c **** 	#else
 1178              		.loc 1 363 0
 1179 0002 034A     		ldr	r2, .L47+4
 1180 0004 1288     		ldrh	r2, [r2]
 370:Generated_Source\PSoC5/Counter_1.c ****     #else
 1181              		.loc 1 370 0
ARM GAS  C:\Users\elias\AppData\Local\Temp\ccS867JN.s 			page 60


 1182 0006 1888     		ldrh	r0, [r3]
 374:Generated_Source\PSoC5/Counter_1.c **** 
 1183              		.loc 1 374 0
 1184 0008 80B2     		uxth	r0, r0
 1185 000a 7047     		bx	lr
 1186              	.L48:
 1187              		.align	2
 1188              	.L47:
 1189 000c 084F0040 		.word	1073762056
 1190 0010 064F0040 		.word	1073762054
 1191              		.cfi_endproc
 1192              	.LFE9:
 1193              		.size	Counter_1_ReadCounter, .-Counter_1_ReadCounter
 1194              		.section	.text.Counter_1_ReadCapture,"ax",%progbits
 1195              		.align	2
 1196              		.global	Counter_1_ReadCapture
 1197              		.thumb
 1198              		.thumb_func
 1199              		.type	Counter_1_ReadCapture, %function
 1200              	Counter_1_ReadCapture:
 1201              	.LFB10:
 391:Generated_Source\PSoC5/Counter_1.c ****     #if(Counter_1_UsingFixedFunction)
 1202              		.loc 1 391 0
 1203              		.cfi_startproc
 1204              		@ args = 0, pretend = 0, frame = 0
 1205              		@ frame_needed = 0, uses_anonymous_args = 0
 1206              		@ link register save eliminated.
 393:Generated_Source\PSoC5/Counter_1.c ****     #else
 1207              		.loc 1 393 0
 1208 0000 014B     		ldr	r3, .L50
 1209 0002 1888     		ldrh	r0, [r3]
 397:Generated_Source\PSoC5/Counter_1.c **** 
 1210              		.loc 1 397 0
 1211 0004 80B2     		uxth	r0, r0
 1212 0006 7047     		bx	lr
 1213              	.L51:
 1214              		.align	2
 1215              	.L50:
 1216 0008 084F0040 		.word	1073762056
 1217              		.cfi_endproc
 1218              	.LFE10:
 1219              		.size	Counter_1_ReadCapture, .-Counter_1_ReadCapture
 1220              		.section	.text.Counter_1_WritePeriod,"ax",%progbits
 1221              		.align	2
 1222              		.global	Counter_1_WritePeriod
 1223              		.thumb
 1224              		.thumb_func
 1225              		.type	Counter_1_WritePeriod, %function
 1226              	Counter_1_WritePeriod:
 1227              	.LFB11:
 416:Generated_Source\PSoC5/Counter_1.c ****     #if(Counter_1_UsingFixedFunction)
 1228              		.loc 1 416 0
 1229              		.cfi_startproc
 1230              		@ args = 0, pretend = 0, frame = 0
 1231              		@ frame_needed = 0, uses_anonymous_args = 0
 1232              		@ link register save eliminated.
 1233              	.LVL15:
ARM GAS  C:\Users\elias\AppData\Local\Temp\ccS867JN.s 			page 61


 1234              		.loc 1 418 0
 1235 0000 014B     		ldr	r3, .L53
 1236 0002 1880     		strh	r0, [r3]	@ movhi
 1237 0004 7047     		bx	lr
 1238              	.L54:
 1239 0006 00BF     		.align	2
 1240              	.L53:
 1241 0008 044F0040 		.word	1073762052
 1242              		.cfi_endproc
 1243              	.LFE11:
 1244              		.size	Counter_1_WritePeriod, .-Counter_1_WritePeriod
 1245              		.section	.text.Counter_1_ReadPeriod,"ax",%progbits
 1246              		.align	2
 1247              		.global	Counter_1_ReadPeriod
 1248              		.thumb
 1249              		.thumb_func
 1250              		.type	Counter_1_ReadPeriod, %function
 1251              	Counter_1_ReadPeriod:
 1252              	.LFB12:
 419:Generated_Source\PSoC5/Counter_1.c ****     #else
 420:Generated_Source\PSoC5/Counter_1.c ****         CY_SET_REG16(Counter_1_PERIOD_LSB_PTR, period);
 421:Generated_Source\PSoC5/Counter_1.c ****     #endif /* (Counter_1_UsingFixedFunction) */
 422:Generated_Source\PSoC5/Counter_1.c **** }
 423:Generated_Source\PSoC5/Counter_1.c **** 
 424:Generated_Source\PSoC5/Counter_1.c **** 
 425:Generated_Source\PSoC5/Counter_1.c **** /*******************************************************************************
 426:Generated_Source\PSoC5/Counter_1.c **** * Function Name: Counter_1_ReadPeriod
 427:Generated_Source\PSoC5/Counter_1.c **** ********************************************************************************
 428:Generated_Source\PSoC5/Counter_1.c **** * Summary:
 429:Generated_Source\PSoC5/Counter_1.c **** * Reads the current period value without affecting counter operation.
 430:Generated_Source\PSoC5/Counter_1.c **** *
 431:Generated_Source\PSoC5/Counter_1.c **** * Parameters:  
 432:Generated_Source\PSoC5/Counter_1.c **** *  void:  
 433:Generated_Source\PSoC5/Counter_1.c **** *
 434:Generated_Source\PSoC5/Counter_1.c **** * Return: 
 435:Generated_Source\PSoC5/Counter_1.c **** *  (uint16) Present period value.
 436:Generated_Source\PSoC5/Counter_1.c **** *
 437:Generated_Source\PSoC5/Counter_1.c **** *******************************************************************************/
 438:Generated_Source\PSoC5/Counter_1.c **** uint16 Counter_1_ReadPeriod(void) 
 439:Generated_Source\PSoC5/Counter_1.c **** {
 1253              		.loc 1 439 0
 1254              		.cfi_startproc
 1255              		@ args = 0, pretend = 0, frame = 0
 1256              		@ frame_needed = 0, uses_anonymous_args = 0
 1257              		@ link register save eliminated.
 440:Generated_Source\PSoC5/Counter_1.c ****     #if(Counter_1_UsingFixedFunction)
 441:Generated_Source\PSoC5/Counter_1.c ****         return ((uint16)CY_GET_REG16(Counter_1_PERIOD_LSB_PTR));
 1258              		.loc 1 441 0
 1259 0000 014B     		ldr	r3, .L56
 1260 0002 1888     		ldrh	r0, [r3]
 442:Generated_Source\PSoC5/Counter_1.c ****     #else
 443:Generated_Source\PSoC5/Counter_1.c ****         return (CY_GET_REG16(Counter_1_PERIOD_LSB_PTR));
 444:Generated_Source\PSoC5/Counter_1.c ****     #endif /* (Counter_1_UsingFixedFunction) */
 445:Generated_Source\PSoC5/Counter_1.c **** }
 1261              		.loc 1 445 0
 1262 0004 80B2     		uxth	r0, r0
 1263 0006 7047     		bx	lr
ARM GAS  C:\Users\elias\AppData\Local\Temp\ccS867JN.s 			page 62


 1264              	.L57:
 1265              		.align	2
 1266              	.L56:
 1267 0008 044F0040 		.word	1073762052
 1268              		.cfi_endproc
 1269              	.LFE12:
 1270              		.size	Counter_1_ReadPeriod, .-Counter_1_ReadPeriod
 1271              		.global	Counter_1_initVar
 1272              		.bss
 1273              		.set	.LANCHOR0,. + 0
 1274              		.type	Counter_1_initVar, %object
 1275              		.size	Counter_1_initVar, 1
 1276              	Counter_1_initVar:
 1277 0000 00       		.space	1
 1278              		.text
 1279              	.Letext0:
 1280              		.file 2 "Generated_Source\\PSoC5\\cytypes.h"
 1281              		.file 3 "Generated_Source\\PSoC5\\CyLib.h"
 1282              		.section	.debug_info,"",%progbits
 1283              	.Ldebug_info0:
 1284 0000 59030000 		.4byte	0x359
 1285 0004 0400     		.2byte	0x4
 1286 0006 00000000 		.4byte	.Ldebug_abbrev0
 1287 000a 04       		.byte	0x4
 1288 000b 01       		.uleb128 0x1
 1289 000c A2000000 		.4byte	.LASF33
 1290 0010 0C       		.byte	0xc
 1291 0011 96020000 		.4byte	.LASF34
 1292 0015 5B010000 		.4byte	.LASF35
 1293 0019 B0000000 		.4byte	.Ldebug_ranges0+0xb0
 1294 001d 00000000 		.4byte	0
 1295 0021 00000000 		.4byte	.Ldebug_line0
 1296 0025 02       		.uleb128 0x2
 1297 0026 01       		.byte	0x1
 1298 0027 06       		.byte	0x6
 1299 0028 EF020000 		.4byte	.LASF0
 1300 002c 02       		.uleb128 0x2
 1301 002d 01       		.byte	0x1
 1302 002e 08       		.byte	0x8
 1303 002f 94000000 		.4byte	.LASF1
 1304 0033 02       		.uleb128 0x2
 1305 0034 02       		.byte	0x2
 1306 0035 05       		.byte	0x5
 1307 0036 8C020000 		.4byte	.LASF2
 1308 003a 02       		.uleb128 0x2
 1309 003b 02       		.byte	0x2
 1310 003c 07       		.byte	0x7
 1311 003d 23000000 		.4byte	.LASF3
 1312 0041 02       		.uleb128 0x2
 1313 0042 04       		.byte	0x4
 1314 0043 05       		.byte	0x5
 1315 0044 B9020000 		.4byte	.LASF4
 1316 0048 02       		.uleb128 0x2
 1317 0049 04       		.byte	0x4
 1318 004a 07       		.byte	0x7
 1319 004b 49010000 		.4byte	.LASF5
 1320 004f 02       		.uleb128 0x2
ARM GAS  C:\Users\elias\AppData\Local\Temp\ccS867JN.s 			page 63


 1321 0050 08       		.byte	0x8
 1322 0051 05       		.byte	0x5
 1323 0052 6C020000 		.4byte	.LASF6
 1324 0056 02       		.uleb128 0x2
 1325 0057 08       		.byte	0x8
 1326 0058 07       		.byte	0x7
 1327 0059 1A020000 		.4byte	.LASF7
 1328 005d 03       		.uleb128 0x3
 1329 005e 04       		.byte	0x4
 1330 005f 05       		.byte	0x5
 1331 0060 696E7400 		.ascii	"int\000"
 1332 0064 02       		.uleb128 0x2
 1333 0065 04       		.byte	0x4
 1334 0066 07       		.byte	0x7
 1335 0067 7F020000 		.4byte	.LASF8
 1336 006b 04       		.uleb128 0x4
 1337 006c 95010000 		.4byte	.LASF9
 1338 0070 02       		.byte	0x2
 1339 0071 E901     		.2byte	0x1e9
 1340 0073 2C000000 		.4byte	0x2c
 1341 0077 04       		.uleb128 0x4
 1342 0078 E8010000 		.4byte	.LASF10
 1343 007c 02       		.byte	0x2
 1344 007d EA01     		.2byte	0x1ea
 1345 007f 3A000000 		.4byte	0x3a
 1346 0083 02       		.uleb128 0x2
 1347 0084 04       		.byte	0x4
 1348 0085 04       		.byte	0x4
 1349 0086 86000000 		.4byte	.LASF11
 1350 008a 02       		.uleb128 0x2
 1351 008b 08       		.byte	0x8
 1352 008c 04       		.byte	0x4
 1353 008d E1010000 		.4byte	.LASF12
 1354 0091 02       		.uleb128 0x2
 1355 0092 01       		.byte	0x1
 1356 0093 08       		.byte	0x8
 1357 0094 7A020000 		.4byte	.LASF13
 1358 0098 04       		.uleb128 0x4
 1359 0099 47020000 		.4byte	.LASF14
 1360 009d 02       		.byte	0x2
 1361 009e 9302     		.2byte	0x293
 1362 00a0 A4000000 		.4byte	0xa4
 1363 00a4 05       		.uleb128 0x5
 1364 00a5 6B000000 		.4byte	0x6b
 1365 00a9 04       		.uleb128 0x4
 1366 00aa 00000000 		.4byte	.LASF15
 1367 00ae 02       		.byte	0x2
 1368 00af 9402     		.2byte	0x294
 1369 00b1 B5000000 		.4byte	0xb5
 1370 00b5 05       		.uleb128 0x5
 1371 00b6 77000000 		.4byte	0x77
 1372 00ba 02       		.uleb128 0x2
 1373 00bb 08       		.byte	0x8
 1374 00bc 04       		.byte	0x4
 1375 00bd E3020000 		.4byte	.LASF16
 1376 00c1 02       		.uleb128 0x2
 1377 00c2 04       		.byte	0x4
ARM GAS  C:\Users\elias\AppData\Local\Temp\ccS867JN.s 			page 64


 1378 00c3 07       		.byte	0x7
 1379 00c4 4C020000 		.4byte	.LASF17
 1380 00c8 06       		.uleb128 0x6
 1381 00c9 55000000 		.4byte	.LASF18
 1382 00cd 01       		.byte	0x1
 1383 00ce ED       		.byte	0xed
 1384 00cf 01       		.byte	0x1
 1385 00d0 E0000000 		.4byte	0xe0
 1386 00d4 07       		.uleb128 0x7
 1387 00d5 A3010000 		.4byte	.LASF20
 1388 00d9 01       		.byte	0x1
 1389 00da ED       		.byte	0xed
 1390 00db 6B000000 		.4byte	0x6b
 1391 00df 00       		.byte	0
 1392 00e0 08       		.uleb128 0x8
 1393 00e1 EF010000 		.4byte	.LASF19
 1394 00e5 01       		.byte	0x1
 1395 00e6 9F01     		.2byte	0x19f
 1396 00e8 01       		.byte	0x1
 1397 00e9 FA000000 		.4byte	0xfa
 1398 00ed 09       		.uleb128 0x9
 1399 00ee 1C000000 		.4byte	.LASF21
 1400 00f2 01       		.byte	0x1
 1401 00f3 9F01     		.2byte	0x19f
 1402 00f5 77000000 		.4byte	0x77
 1403 00f9 00       		.byte	0
 1404 00fa 0A       		.uleb128 0xa
 1405 00fb D2020000 		.4byte	.LASF22
 1406 00ff 01       		.byte	0x1
 1407 0100 8F       		.byte	0x8f
 1408 0101 01       		.byte	0x1
 1409 0102 0A       		.uleb128 0xa
 1410 0103 31020000 		.4byte	.LASF23
 1411 0107 01       		.byte	0x1
 1412 0108 25       		.byte	0x25
 1413 0109 01       		.byte	0x1
 1414 010a 08       		.uleb128 0x8
 1415 010b 55020000 		.4byte	.LASF24
 1416 010f 01       		.byte	0x1
 1417 0110 4601     		.2byte	0x146
 1418 0112 01       		.byte	0x1
 1419 0113 24010000 		.4byte	0x124
 1420 0117 09       		.uleb128 0x9
 1421 0118 8C000000 		.4byte	.LASF25
 1422 011c 01       		.byte	0x1
 1423 011d 4601     		.2byte	0x146
 1424 011f 77000000 		.4byte	0x77
 1425 0123 00       		.byte	0
 1426 0124 0B       		.uleb128 0xb
 1427 0125 02010000 		.4byte	0x102
 1428 0129 00000000 		.4byte	.LFB0
 1429 012d 9C000000 		.4byte	.LFE0-.LFB0
 1430 0131 01       		.uleb128 0x1
 1431 0132 9C       		.byte	0x9c
 1432 0133 9A010000 		.4byte	0x19a
 1433 0137 0C       		.uleb128 0xc
 1434 0138 E0000000 		.4byte	0xe0
ARM GAS  C:\Users\elias\AppData\Local\Temp\ccS867JN.s 			page 65


 1435 013c 04000000 		.4byte	.LBB18
 1436 0140 00000000 		.4byte	.Ldebug_ranges0+0
 1437 0144 01       		.byte	0x1
 1438 0145 64       		.byte	0x64
 1439 0146 54010000 		.4byte	0x154
 1440 014a 0D       		.uleb128 0xd
 1441 014b ED000000 		.4byte	0xed
 1442 014f 00000000 		.4byte	.LLST0
 1443 0153 00       		.byte	0
 1444 0154 0C       		.uleb128 0xc
 1445 0155 0A010000 		.4byte	0x10a
 1446 0159 32000000 		.4byte	.LBB23
 1447 015d 20000000 		.4byte	.Ldebug_ranges0+0x20
 1448 0161 01       		.byte	0x1
 1449 0162 66       		.byte	0x66
 1450 0163 80010000 		.4byte	0x180
 1451 0167 0D       		.uleb128 0xd
 1452 0168 17010000 		.4byte	0x117
 1453 016c 15000000 		.4byte	.LLST1
 1454 0170 0E       		.uleb128 0xe
 1455 0171 62000000 		.4byte	.LVL2
 1456 0175 51030000 		.4byte	0x351
 1457 0179 0F       		.uleb128 0xf
 1458 017a 01       		.uleb128 0x1
 1459 017b 50       		.byte	0x50
 1460 017c 01       		.uleb128 0x1
 1461 017d 30       		.byte	0x30
 1462 017e 00       		.byte	0
 1463 017f 00       		.byte	0
 1464 0180 10       		.uleb128 0x10
 1465 0181 C8000000 		.4byte	0xc8
 1466 0185 7A000000 		.4byte	.LBB28
 1467 0189 22000000 		.4byte	.LBE28-.LBB28
 1468 018d 01       		.byte	0x1
 1469 018e 68       		.byte	0x68
 1470 018f 0D       		.uleb128 0xd
 1471 0190 D4000000 		.4byte	0xd4
 1472 0194 29000000 		.4byte	.LLST2
 1473 0198 00       		.byte	0
 1474 0199 00       		.byte	0
 1475 019a 11       		.uleb128 0x11
 1476 019b FA000000 		.4byte	0xfa
 1477 019f 00000000 		.4byte	.LFB1
 1478 01a3 2C000000 		.4byte	.LFE1-.LFB1
 1479 01a7 01       		.uleb128 0x1
 1480 01a8 9C       		.byte	0x9c
 1481 01a9 12       		.uleb128 0x12
 1482 01aa C2020000 		.4byte	.LASF28
 1483 01ae 01       		.byte	0x1
 1484 01af B2       		.byte	0xb2
 1485 01b0 00000000 		.4byte	.LFB2
 1486 01b4 D0000000 		.4byte	.LFE2-.LFB2
 1487 01b8 01       		.uleb128 0x1
 1488 01b9 9C       		.byte	0x9c
 1489 01ba 3A020000 		.4byte	0x23a
 1490 01be 13       		.uleb128 0x13
 1491 01bf FA000000 		.4byte	0xfa
ARM GAS  C:\Users\elias\AppData\Local\Temp\ccS867JN.s 			page 66


 1492 01c3 08000000 		.4byte	.LBB40
 1493 01c7 20000000 		.4byte	.LBE40-.LBB40
 1494 01cb 01       		.byte	0x1
 1495 01cc BC       		.byte	0xbc
 1496 01cd 14       		.uleb128 0x14
 1497 01ce 02010000 		.4byte	0x102
 1498 01d2 28000000 		.4byte	.LBB42
 1499 01d6 38000000 		.4byte	.Ldebug_ranges0+0x38
 1500 01da 01       		.byte	0x1
 1501 01db B6       		.byte	0xb6
 1502 01dc 0C       		.uleb128 0xc
 1503 01dd E0000000 		.4byte	0xe0
 1504 01e1 2A000000 		.4byte	.LBB44
 1505 01e5 50000000 		.4byte	.Ldebug_ranges0+0x50
 1506 01e9 01       		.byte	0x1
 1507 01ea 64       		.byte	0x64
 1508 01eb F9010000 		.4byte	0x1f9
 1509 01ef 0D       		.uleb128 0xd
 1510 01f0 ED000000 		.4byte	0xed
 1511 01f4 3D000000 		.4byte	.LLST3
 1512 01f8 00       		.byte	0
 1513 01f9 0C       		.uleb128 0xc
 1514 01fa 0A010000 		.4byte	0x10a
 1515 01fe 58000000 		.4byte	.LBB49
 1516 0202 70000000 		.4byte	.Ldebug_ranges0+0x70
 1517 0206 01       		.byte	0x1
 1518 0207 66       		.byte	0x66
 1519 0208 1F020000 		.4byte	0x21f
 1520 020c 0D       		.uleb128 0xd
 1521 020d 17010000 		.4byte	0x117
 1522 0211 52000000 		.4byte	.LLST4
 1523 0215 15       		.uleb128 0x15
 1524 0216 86000000 		.4byte	.LVL7
 1525 021a 51030000 		.4byte	0x351
 1526 021e 00       		.byte	0
 1527 021f 14       		.uleb128 0x14
 1528 0220 C8000000 		.4byte	0xc8
 1529 0224 98000000 		.4byte	.LBB56
 1530 0228 98000000 		.4byte	.Ldebug_ranges0+0x98
 1531 022c 01       		.byte	0x1
 1532 022d 68       		.byte	0x68
 1533 022e 0D       		.uleb128 0xd
 1534 022f D4000000 		.4byte	0xd4
 1535 0233 66000000 		.4byte	.LLST5
 1536 0237 00       		.byte	0
 1537 0238 00       		.byte	0
 1538 0239 00       		.byte	0
 1539 023a 16       		.uleb128 0x16
 1540 023b FB020000 		.4byte	.LASF36
 1541 023f 01       		.byte	0x1
 1542 0240 D0       		.byte	0xd0
 1543 0241 00000000 		.4byte	.LFB3
 1544 0245 2C000000 		.4byte	.LFE3-.LFB3
 1545 0249 01       		.uleb128 0x1
 1546 024a 9C       		.byte	0x9c
 1547 024b 0B       		.uleb128 0xb
 1548 024c C8000000 		.4byte	0xc8
ARM GAS  C:\Users\elias\AppData\Local\Temp\ccS867JN.s 			page 67


 1549 0250 00000000 		.4byte	.LFB4
 1550 0254 0C000000 		.4byte	.LFE4-.LFB4
 1551 0258 01       		.uleb128 0x1
 1552 0259 9C       		.byte	0x9c
 1553 025a 66020000 		.4byte	0x266
 1554 025e 17       		.uleb128 0x17
 1555 025f D4000000 		.4byte	0xd4
 1556 0263 01       		.uleb128 0x1
 1557 0264 50       		.byte	0x50
 1558 0265 00       		.byte	0
 1559 0266 18       		.uleb128 0x18
 1560 0267 C4010000 		.4byte	.LASF26
 1561 026b 01       		.byte	0x1
 1562 026c 0501     		.2byte	0x105
 1563 026e 6B000000 		.4byte	0x6b
 1564 0272 00000000 		.4byte	.LFB5
 1565 0276 0C000000 		.4byte	.LFE5-.LFB5
 1566 027a 01       		.uleb128 0x1
 1567 027b 9C       		.byte	0x9c
 1568 027c 18       		.uleb128 0x18
 1569 027d 0A030000 		.4byte	.LASF27
 1570 0281 01       		.byte	0x1
 1571 0282 1B01     		.2byte	0x11b
 1572 0284 6B000000 		.4byte	0x6b
 1573 0288 00000000 		.4byte	.LFB6
 1574 028c 0C000000 		.4byte	.LFE6-.LFB6
 1575 0290 01       		.uleb128 0x1
 1576 0291 9C       		.byte	0x9c
 1577 0292 19       		.uleb128 0x19
 1578 0293 36000000 		.4byte	.LASF29
 1579 0297 01       		.byte	0x1
 1580 0298 3001     		.2byte	0x130
 1581 029a 00000000 		.4byte	.LFB7
 1582 029e 0C000000 		.4byte	.LFE7-.LFB7
 1583 02a2 01       		.uleb128 0x1
 1584 02a3 9C       		.byte	0x9c
 1585 02a4 B7020000 		.4byte	0x2b7
 1586 02a8 1A       		.uleb128 0x1a
 1587 02a9 9B010000 		.4byte	.LASF37
 1588 02ad 01       		.byte	0x1
 1589 02ae 3001     		.2byte	0x130
 1590 02b0 6B000000 		.4byte	0x6b
 1591 02b4 01       		.uleb128 0x1
 1592 02b5 50       		.byte	0x50
 1593 02b6 00       		.byte	0
 1594 02b7 0B       		.uleb128 0xb
 1595 02b8 0A010000 		.4byte	0x10a
 1596 02bc 00000000 		.4byte	.LFB8
 1597 02c0 34000000 		.4byte	.LFE8-.LFB8
 1598 02c4 01       		.uleb128 0x1
 1599 02c5 9C       		.byte	0x9c
 1600 02c6 E3020000 		.4byte	0x2e3
 1601 02ca 0D       		.uleb128 0xd
 1602 02cb 17010000 		.4byte	0x117
 1603 02cf 7A000000 		.4byte	.LLST6
 1604 02d3 0E       		.uleb128 0xe
 1605 02d4 12000000 		.4byte	.LVL14
ARM GAS  C:\Users\elias\AppData\Local\Temp\ccS867JN.s 			page 68


 1606 02d8 51030000 		.4byte	0x351
 1607 02dc 0F       		.uleb128 0xf
 1608 02dd 01       		.uleb128 0x1
 1609 02de 50       		.byte	0x50
 1610 02df 01       		.uleb128 0x1
 1611 02e0 30       		.byte	0x30
 1612 02e1 00       		.byte	0
 1613 02e2 00       		.byte	0
 1614 02e3 18       		.uleb128 0x18
 1615 02e4 70000000 		.4byte	.LASF30
 1616 02e8 01       		.byte	0x1
 1617 02e9 6501     		.2byte	0x165
 1618 02eb 77000000 		.4byte	0x77
 1619 02ef 00000000 		.4byte	.LFB9
 1620 02f3 14000000 		.4byte	.LFE9-.LFB9
 1621 02f7 01       		.uleb128 0x1
 1622 02f8 9C       		.byte	0x9c
 1623 02f9 18       		.uleb128 0x18
 1624 02fa 06000000 		.4byte	.LASF31
 1625 02fe 01       		.byte	0x1
 1626 02ff 8601     		.2byte	0x186
 1627 0301 77000000 		.4byte	0x77
 1628 0305 00000000 		.4byte	.LFB10
 1629 0309 0C000000 		.4byte	.LFE10-.LFB10
 1630 030d 01       		.uleb128 0x1
 1631 030e 9C       		.byte	0x9c
 1632 030f 0B       		.uleb128 0xb
 1633 0310 E0000000 		.4byte	0xe0
 1634 0314 00000000 		.4byte	.LFB11
 1635 0318 0C000000 		.4byte	.LFE11-.LFB11
 1636 031c 01       		.uleb128 0x1
 1637 031d 9C       		.byte	0x9c
 1638 031e 2A030000 		.4byte	0x32a
 1639 0322 17       		.uleb128 0x17
 1640 0323 ED000000 		.4byte	0xed
 1641 0327 01       		.uleb128 0x1
 1642 0328 50       		.byte	0x50
 1643 0329 00       		.byte	0
 1644 032a 18       		.uleb128 0x18
 1645 032b 05020000 		.4byte	.LASF32
 1646 032f 01       		.byte	0x1
 1647 0330 B601     		.2byte	0x1b6
 1648 0332 77000000 		.4byte	0x77
 1649 0336 00000000 		.4byte	.LFB12
 1650 033a 0C000000 		.4byte	.LFE12-.LFB12
 1651 033e 01       		.uleb128 0x1
 1652 033f 9C       		.byte	0x9c
 1653 0340 1B       		.uleb128 0x1b
 1654 0341 B2010000 		.4byte	.LASF38
 1655 0345 01       		.byte	0x1
 1656 0346 15       		.byte	0x15
 1657 0347 6B000000 		.4byte	0x6b
 1658 034b 05       		.uleb128 0x5
 1659 034c 03       		.byte	0x3
 1660 034d 00000000 		.4byte	Counter_1_initVar
 1661 0351 1C       		.uleb128 0x1c
 1662 0352 40020000 		.4byte	.LASF39
ARM GAS  C:\Users\elias\AppData\Local\Temp\ccS867JN.s 			page 69


 1663 0356 40020000 		.4byte	.LASF39
 1664 035a 03       		.byte	0x3
 1665 035b 7F       		.byte	0x7f
 1666 035c 00       		.byte	0
 1667              		.section	.debug_abbrev,"",%progbits
 1668              	.Ldebug_abbrev0:
 1669 0000 01       		.uleb128 0x1
 1670 0001 11       		.uleb128 0x11
 1671 0002 01       		.byte	0x1
 1672 0003 25       		.uleb128 0x25
 1673 0004 0E       		.uleb128 0xe
 1674 0005 13       		.uleb128 0x13
 1675 0006 0B       		.uleb128 0xb
 1676 0007 03       		.uleb128 0x3
 1677 0008 0E       		.uleb128 0xe
 1678 0009 1B       		.uleb128 0x1b
 1679 000a 0E       		.uleb128 0xe
 1680 000b 55       		.uleb128 0x55
 1681 000c 17       		.uleb128 0x17
 1682 000d 11       		.uleb128 0x11
 1683 000e 01       		.uleb128 0x1
 1684 000f 10       		.uleb128 0x10
 1685 0010 17       		.uleb128 0x17
 1686 0011 00       		.byte	0
 1687 0012 00       		.byte	0
 1688 0013 02       		.uleb128 0x2
 1689 0014 24       		.uleb128 0x24
 1690 0015 00       		.byte	0
 1691 0016 0B       		.uleb128 0xb
 1692 0017 0B       		.uleb128 0xb
 1693 0018 3E       		.uleb128 0x3e
 1694 0019 0B       		.uleb128 0xb
 1695 001a 03       		.uleb128 0x3
 1696 001b 0E       		.uleb128 0xe
 1697 001c 00       		.byte	0
 1698 001d 00       		.byte	0
 1699 001e 03       		.uleb128 0x3
 1700 001f 24       		.uleb128 0x24
 1701 0020 00       		.byte	0
 1702 0021 0B       		.uleb128 0xb
 1703 0022 0B       		.uleb128 0xb
 1704 0023 3E       		.uleb128 0x3e
 1705 0024 0B       		.uleb128 0xb
 1706 0025 03       		.uleb128 0x3
 1707 0026 08       		.uleb128 0x8
 1708 0027 00       		.byte	0
 1709 0028 00       		.byte	0
 1710 0029 04       		.uleb128 0x4
 1711 002a 16       		.uleb128 0x16
 1712 002b 00       		.byte	0
 1713 002c 03       		.uleb128 0x3
 1714 002d 0E       		.uleb128 0xe
 1715 002e 3A       		.uleb128 0x3a
 1716 002f 0B       		.uleb128 0xb
 1717 0030 3B       		.uleb128 0x3b
 1718 0031 05       		.uleb128 0x5
 1719 0032 49       		.uleb128 0x49
ARM GAS  C:\Users\elias\AppData\Local\Temp\ccS867JN.s 			page 70


 1720 0033 13       		.uleb128 0x13
 1721 0034 00       		.byte	0
 1722 0035 00       		.byte	0
 1723 0036 05       		.uleb128 0x5
 1724 0037 35       		.uleb128 0x35
 1725 0038 00       		.byte	0
 1726 0039 49       		.uleb128 0x49
 1727 003a 13       		.uleb128 0x13
 1728 003b 00       		.byte	0
 1729 003c 00       		.byte	0
 1730 003d 06       		.uleb128 0x6
 1731 003e 2E       		.uleb128 0x2e
 1732 003f 01       		.byte	0x1
 1733 0040 3F       		.uleb128 0x3f
 1734 0041 19       		.uleb128 0x19
 1735 0042 03       		.uleb128 0x3
 1736 0043 0E       		.uleb128 0xe
 1737 0044 3A       		.uleb128 0x3a
 1738 0045 0B       		.uleb128 0xb
 1739 0046 3B       		.uleb128 0x3b
 1740 0047 0B       		.uleb128 0xb
 1741 0048 27       		.uleb128 0x27
 1742 0049 19       		.uleb128 0x19
 1743 004a 20       		.uleb128 0x20
 1744 004b 0B       		.uleb128 0xb
 1745 004c 01       		.uleb128 0x1
 1746 004d 13       		.uleb128 0x13
 1747 004e 00       		.byte	0
 1748 004f 00       		.byte	0
 1749 0050 07       		.uleb128 0x7
 1750 0051 05       		.uleb128 0x5
 1751 0052 00       		.byte	0
 1752 0053 03       		.uleb128 0x3
 1753 0054 0E       		.uleb128 0xe
 1754 0055 3A       		.uleb128 0x3a
 1755 0056 0B       		.uleb128 0xb
 1756 0057 3B       		.uleb128 0x3b
 1757 0058 0B       		.uleb128 0xb
 1758 0059 49       		.uleb128 0x49
 1759 005a 13       		.uleb128 0x13
 1760 005b 00       		.byte	0
 1761 005c 00       		.byte	0
 1762 005d 08       		.uleb128 0x8
 1763 005e 2E       		.uleb128 0x2e
 1764 005f 01       		.byte	0x1
 1765 0060 3F       		.uleb128 0x3f
 1766 0061 19       		.uleb128 0x19
 1767 0062 03       		.uleb128 0x3
 1768 0063 0E       		.uleb128 0xe
 1769 0064 3A       		.uleb128 0x3a
 1770 0065 0B       		.uleb128 0xb
 1771 0066 3B       		.uleb128 0x3b
 1772 0067 05       		.uleb128 0x5
 1773 0068 27       		.uleb128 0x27
 1774 0069 19       		.uleb128 0x19
 1775 006a 20       		.uleb128 0x20
 1776 006b 0B       		.uleb128 0xb
ARM GAS  C:\Users\elias\AppData\Local\Temp\ccS867JN.s 			page 71


 1777 006c 01       		.uleb128 0x1
 1778 006d 13       		.uleb128 0x13
 1779 006e 00       		.byte	0
 1780 006f 00       		.byte	0
 1781 0070 09       		.uleb128 0x9
 1782 0071 05       		.uleb128 0x5
 1783 0072 00       		.byte	0
 1784 0073 03       		.uleb128 0x3
 1785 0074 0E       		.uleb128 0xe
 1786 0075 3A       		.uleb128 0x3a
 1787 0076 0B       		.uleb128 0xb
 1788 0077 3B       		.uleb128 0x3b
 1789 0078 05       		.uleb128 0x5
 1790 0079 49       		.uleb128 0x49
 1791 007a 13       		.uleb128 0x13
 1792 007b 00       		.byte	0
 1793 007c 00       		.byte	0
 1794 007d 0A       		.uleb128 0xa
 1795 007e 2E       		.uleb128 0x2e
 1796 007f 00       		.byte	0
 1797 0080 3F       		.uleb128 0x3f
 1798 0081 19       		.uleb128 0x19
 1799 0082 03       		.uleb128 0x3
 1800 0083 0E       		.uleb128 0xe
 1801 0084 3A       		.uleb128 0x3a
 1802 0085 0B       		.uleb128 0xb
 1803 0086 3B       		.uleb128 0x3b
 1804 0087 0B       		.uleb128 0xb
 1805 0088 27       		.uleb128 0x27
 1806 0089 19       		.uleb128 0x19
 1807 008a 20       		.uleb128 0x20
 1808 008b 0B       		.uleb128 0xb
 1809 008c 00       		.byte	0
 1810 008d 00       		.byte	0
 1811 008e 0B       		.uleb128 0xb
 1812 008f 2E       		.uleb128 0x2e
 1813 0090 01       		.byte	0x1
 1814 0091 31       		.uleb128 0x31
 1815 0092 13       		.uleb128 0x13
 1816 0093 11       		.uleb128 0x11
 1817 0094 01       		.uleb128 0x1
 1818 0095 12       		.uleb128 0x12
 1819 0096 06       		.uleb128 0x6
 1820 0097 40       		.uleb128 0x40
 1821 0098 18       		.uleb128 0x18
 1822 0099 9742     		.uleb128 0x2117
 1823 009b 19       		.uleb128 0x19
 1824 009c 01       		.uleb128 0x1
 1825 009d 13       		.uleb128 0x13
 1826 009e 00       		.byte	0
 1827 009f 00       		.byte	0
 1828 00a0 0C       		.uleb128 0xc
 1829 00a1 1D       		.uleb128 0x1d
 1830 00a2 01       		.byte	0x1
 1831 00a3 31       		.uleb128 0x31
 1832 00a4 13       		.uleb128 0x13
 1833 00a5 52       		.uleb128 0x52
ARM GAS  C:\Users\elias\AppData\Local\Temp\ccS867JN.s 			page 72


 1834 00a6 01       		.uleb128 0x1
 1835 00a7 55       		.uleb128 0x55
 1836 00a8 17       		.uleb128 0x17
 1837 00a9 58       		.uleb128 0x58
 1838 00aa 0B       		.uleb128 0xb
 1839 00ab 59       		.uleb128 0x59
 1840 00ac 0B       		.uleb128 0xb
 1841 00ad 01       		.uleb128 0x1
 1842 00ae 13       		.uleb128 0x13
 1843 00af 00       		.byte	0
 1844 00b0 00       		.byte	0
 1845 00b1 0D       		.uleb128 0xd
 1846 00b2 05       		.uleb128 0x5
 1847 00b3 00       		.byte	0
 1848 00b4 31       		.uleb128 0x31
 1849 00b5 13       		.uleb128 0x13
 1850 00b6 02       		.uleb128 0x2
 1851 00b7 17       		.uleb128 0x17
 1852 00b8 00       		.byte	0
 1853 00b9 00       		.byte	0
 1854 00ba 0E       		.uleb128 0xe
 1855 00bb 898201   		.uleb128 0x4109
 1856 00be 01       		.byte	0x1
 1857 00bf 11       		.uleb128 0x11
 1858 00c0 01       		.uleb128 0x1
 1859 00c1 31       		.uleb128 0x31
 1860 00c2 13       		.uleb128 0x13
 1861 00c3 00       		.byte	0
 1862 00c4 00       		.byte	0
 1863 00c5 0F       		.uleb128 0xf
 1864 00c6 8A8201   		.uleb128 0x410a
 1865 00c9 00       		.byte	0
 1866 00ca 02       		.uleb128 0x2
 1867 00cb 18       		.uleb128 0x18
 1868 00cc 9142     		.uleb128 0x2111
 1869 00ce 18       		.uleb128 0x18
 1870 00cf 00       		.byte	0
 1871 00d0 00       		.byte	0
 1872 00d1 10       		.uleb128 0x10
 1873 00d2 1D       		.uleb128 0x1d
 1874 00d3 01       		.byte	0x1
 1875 00d4 31       		.uleb128 0x31
 1876 00d5 13       		.uleb128 0x13
 1877 00d6 11       		.uleb128 0x11
 1878 00d7 01       		.uleb128 0x1
 1879 00d8 12       		.uleb128 0x12
 1880 00d9 06       		.uleb128 0x6
 1881 00da 58       		.uleb128 0x58
 1882 00db 0B       		.uleb128 0xb
 1883 00dc 59       		.uleb128 0x59
 1884 00dd 0B       		.uleb128 0xb
 1885 00de 00       		.byte	0
 1886 00df 00       		.byte	0
 1887 00e0 11       		.uleb128 0x11
 1888 00e1 2E       		.uleb128 0x2e
 1889 00e2 00       		.byte	0
 1890 00e3 31       		.uleb128 0x31
ARM GAS  C:\Users\elias\AppData\Local\Temp\ccS867JN.s 			page 73


 1891 00e4 13       		.uleb128 0x13
 1892 00e5 11       		.uleb128 0x11
 1893 00e6 01       		.uleb128 0x1
 1894 00e7 12       		.uleb128 0x12
 1895 00e8 06       		.uleb128 0x6
 1896 00e9 40       		.uleb128 0x40
 1897 00ea 18       		.uleb128 0x18
 1898 00eb 9742     		.uleb128 0x2117
 1899 00ed 19       		.uleb128 0x19
 1900 00ee 00       		.byte	0
 1901 00ef 00       		.byte	0
 1902 00f0 12       		.uleb128 0x12
 1903 00f1 2E       		.uleb128 0x2e
 1904 00f2 01       		.byte	0x1
 1905 00f3 3F       		.uleb128 0x3f
 1906 00f4 19       		.uleb128 0x19
 1907 00f5 03       		.uleb128 0x3
 1908 00f6 0E       		.uleb128 0xe
 1909 00f7 3A       		.uleb128 0x3a
 1910 00f8 0B       		.uleb128 0xb
 1911 00f9 3B       		.uleb128 0x3b
 1912 00fa 0B       		.uleb128 0xb
 1913 00fb 27       		.uleb128 0x27
 1914 00fc 19       		.uleb128 0x19
 1915 00fd 11       		.uleb128 0x11
 1916 00fe 01       		.uleb128 0x1
 1917 00ff 12       		.uleb128 0x12
 1918 0100 06       		.uleb128 0x6
 1919 0101 40       		.uleb128 0x40
 1920 0102 18       		.uleb128 0x18
 1921 0103 9742     		.uleb128 0x2117
 1922 0105 19       		.uleb128 0x19
 1923 0106 01       		.uleb128 0x1
 1924 0107 13       		.uleb128 0x13
 1925 0108 00       		.byte	0
 1926 0109 00       		.byte	0
 1927 010a 13       		.uleb128 0x13
 1928 010b 1D       		.uleb128 0x1d
 1929 010c 00       		.byte	0
 1930 010d 31       		.uleb128 0x31
 1931 010e 13       		.uleb128 0x13
 1932 010f 11       		.uleb128 0x11
 1933 0110 01       		.uleb128 0x1
 1934 0111 12       		.uleb128 0x12
 1935 0112 06       		.uleb128 0x6
 1936 0113 58       		.uleb128 0x58
 1937 0114 0B       		.uleb128 0xb
 1938 0115 59       		.uleb128 0x59
 1939 0116 0B       		.uleb128 0xb
 1940 0117 00       		.byte	0
 1941 0118 00       		.byte	0
 1942 0119 14       		.uleb128 0x14
 1943 011a 1D       		.uleb128 0x1d
 1944 011b 01       		.byte	0x1
 1945 011c 31       		.uleb128 0x31
 1946 011d 13       		.uleb128 0x13
 1947 011e 52       		.uleb128 0x52
ARM GAS  C:\Users\elias\AppData\Local\Temp\ccS867JN.s 			page 74


 1948 011f 01       		.uleb128 0x1
 1949 0120 55       		.uleb128 0x55
 1950 0121 17       		.uleb128 0x17
 1951 0122 58       		.uleb128 0x58
 1952 0123 0B       		.uleb128 0xb
 1953 0124 59       		.uleb128 0x59
 1954 0125 0B       		.uleb128 0xb
 1955 0126 00       		.byte	0
 1956 0127 00       		.byte	0
 1957 0128 15       		.uleb128 0x15
 1958 0129 898201   		.uleb128 0x4109
 1959 012c 00       		.byte	0
 1960 012d 11       		.uleb128 0x11
 1961 012e 01       		.uleb128 0x1
 1962 012f 31       		.uleb128 0x31
 1963 0130 13       		.uleb128 0x13
 1964 0131 00       		.byte	0
 1965 0132 00       		.byte	0
 1966 0133 16       		.uleb128 0x16
 1967 0134 2E       		.uleb128 0x2e
 1968 0135 00       		.byte	0
 1969 0136 3F       		.uleb128 0x3f
 1970 0137 19       		.uleb128 0x19
 1971 0138 03       		.uleb128 0x3
 1972 0139 0E       		.uleb128 0xe
 1973 013a 3A       		.uleb128 0x3a
 1974 013b 0B       		.uleb128 0xb
 1975 013c 3B       		.uleb128 0x3b
 1976 013d 0B       		.uleb128 0xb
 1977 013e 27       		.uleb128 0x27
 1978 013f 19       		.uleb128 0x19
 1979 0140 11       		.uleb128 0x11
 1980 0141 01       		.uleb128 0x1
 1981 0142 12       		.uleb128 0x12
 1982 0143 06       		.uleb128 0x6
 1983 0144 40       		.uleb128 0x40
 1984 0145 18       		.uleb128 0x18
 1985 0146 9742     		.uleb128 0x2117
 1986 0148 19       		.uleb128 0x19
 1987 0149 00       		.byte	0
 1988 014a 00       		.byte	0
 1989 014b 17       		.uleb128 0x17
 1990 014c 05       		.uleb128 0x5
 1991 014d 00       		.byte	0
 1992 014e 31       		.uleb128 0x31
 1993 014f 13       		.uleb128 0x13
 1994 0150 02       		.uleb128 0x2
 1995 0151 18       		.uleb128 0x18
 1996 0152 00       		.byte	0
 1997 0153 00       		.byte	0
 1998 0154 18       		.uleb128 0x18
 1999 0155 2E       		.uleb128 0x2e
 2000 0156 00       		.byte	0
 2001 0157 3F       		.uleb128 0x3f
 2002 0158 19       		.uleb128 0x19
 2003 0159 03       		.uleb128 0x3
 2004 015a 0E       		.uleb128 0xe
ARM GAS  C:\Users\elias\AppData\Local\Temp\ccS867JN.s 			page 75


 2005 015b 3A       		.uleb128 0x3a
 2006 015c 0B       		.uleb128 0xb
 2007 015d 3B       		.uleb128 0x3b
 2008 015e 05       		.uleb128 0x5
 2009 015f 27       		.uleb128 0x27
 2010 0160 19       		.uleb128 0x19
 2011 0161 49       		.uleb128 0x49
 2012 0162 13       		.uleb128 0x13
 2013 0163 11       		.uleb128 0x11
 2014 0164 01       		.uleb128 0x1
 2015 0165 12       		.uleb128 0x12
 2016 0166 06       		.uleb128 0x6
 2017 0167 40       		.uleb128 0x40
 2018 0168 18       		.uleb128 0x18
 2019 0169 9742     		.uleb128 0x2117
 2020 016b 19       		.uleb128 0x19
 2021 016c 00       		.byte	0
 2022 016d 00       		.byte	0
 2023 016e 19       		.uleb128 0x19
 2024 016f 2E       		.uleb128 0x2e
 2025 0170 01       		.byte	0x1
 2026 0171 3F       		.uleb128 0x3f
 2027 0172 19       		.uleb128 0x19
 2028 0173 03       		.uleb128 0x3
 2029 0174 0E       		.uleb128 0xe
 2030 0175 3A       		.uleb128 0x3a
 2031 0176 0B       		.uleb128 0xb
 2032 0177 3B       		.uleb128 0x3b
 2033 0178 05       		.uleb128 0x5
 2034 0179 27       		.uleb128 0x27
 2035 017a 19       		.uleb128 0x19
 2036 017b 11       		.uleb128 0x11
 2037 017c 01       		.uleb128 0x1
 2038 017d 12       		.uleb128 0x12
 2039 017e 06       		.uleb128 0x6
 2040 017f 40       		.uleb128 0x40
 2041 0180 18       		.uleb128 0x18
 2042 0181 9742     		.uleb128 0x2117
 2043 0183 19       		.uleb128 0x19
 2044 0184 01       		.uleb128 0x1
 2045 0185 13       		.uleb128 0x13
 2046 0186 00       		.byte	0
 2047 0187 00       		.byte	0
 2048 0188 1A       		.uleb128 0x1a
 2049 0189 05       		.uleb128 0x5
 2050 018a 00       		.byte	0
 2051 018b 03       		.uleb128 0x3
 2052 018c 0E       		.uleb128 0xe
 2053 018d 3A       		.uleb128 0x3a
 2054 018e 0B       		.uleb128 0xb
 2055 018f 3B       		.uleb128 0x3b
 2056 0190 05       		.uleb128 0x5
 2057 0191 49       		.uleb128 0x49
 2058 0192 13       		.uleb128 0x13
 2059 0193 02       		.uleb128 0x2
 2060 0194 18       		.uleb128 0x18
 2061 0195 00       		.byte	0
ARM GAS  C:\Users\elias\AppData\Local\Temp\ccS867JN.s 			page 76


 2062 0196 00       		.byte	0
 2063 0197 1B       		.uleb128 0x1b
 2064 0198 34       		.uleb128 0x34
 2065 0199 00       		.byte	0
 2066 019a 03       		.uleb128 0x3
 2067 019b 0E       		.uleb128 0xe
 2068 019c 3A       		.uleb128 0x3a
 2069 019d 0B       		.uleb128 0xb
 2070 019e 3B       		.uleb128 0x3b
 2071 019f 0B       		.uleb128 0xb
 2072 01a0 49       		.uleb128 0x49
 2073 01a1 13       		.uleb128 0x13
 2074 01a2 3F       		.uleb128 0x3f
 2075 01a3 19       		.uleb128 0x19
 2076 01a4 02       		.uleb128 0x2
 2077 01a5 18       		.uleb128 0x18
 2078 01a6 00       		.byte	0
 2079 01a7 00       		.byte	0
 2080 01a8 1C       		.uleb128 0x1c
 2081 01a9 2E       		.uleb128 0x2e
 2082 01aa 00       		.byte	0
 2083 01ab 3F       		.uleb128 0x3f
 2084 01ac 19       		.uleb128 0x19
 2085 01ad 3C       		.uleb128 0x3c
 2086 01ae 19       		.uleb128 0x19
 2087 01af 6E       		.uleb128 0x6e
 2088 01b0 0E       		.uleb128 0xe
 2089 01b1 03       		.uleb128 0x3
 2090 01b2 0E       		.uleb128 0xe
 2091 01b3 3A       		.uleb128 0x3a
 2092 01b4 0B       		.uleb128 0xb
 2093 01b5 3B       		.uleb128 0x3b
 2094 01b6 0B       		.uleb128 0xb
 2095 01b7 00       		.byte	0
 2096 01b8 00       		.byte	0
 2097 01b9 00       		.byte	0
 2098              		.section	.debug_loc,"",%progbits
 2099              	.Ldebug_loc0:
 2100              	.LLST0:
 2101 0000 54000000 		.4byte	.LVL0
 2102 0004 56000000 		.4byte	.LVL1
 2103 0008 0300     		.2byte	0x3
 2104 000a 09       		.byte	0x9
 2105 000b FF       		.byte	0xff
 2106 000c 9F       		.byte	0x9f
 2107 000d 00000000 		.4byte	0
 2108 0011 00000000 		.4byte	0
 2109              	.LLST1:
 2110 0015 56000000 		.4byte	.LVL1
 2111 0019 7A000000 		.4byte	.LVL3
 2112 001d 0200     		.2byte	0x2
 2113 001f 30       		.byte	0x30
 2114 0020 9F       		.byte	0x9f
 2115 0021 00000000 		.4byte	0
 2116 0025 00000000 		.4byte	0
 2117              	.LLST2:
 2118 0029 7A000000 		.4byte	.LVL3
ARM GAS  C:\Users\elias\AppData\Local\Temp\ccS867JN.s 			page 77


 2119 002d 7E000000 		.4byte	.LVL4
 2120 0031 0200     		.2byte	0x2
 2121 0033 30       		.byte	0x30
 2122 0034 9F       		.byte	0x9f
 2123 0035 00000000 		.4byte	0
 2124 0039 00000000 		.4byte	0
 2125              	.LLST3:
 2126 003d 7A000000 		.4byte	.LVL5
 2127 0041 7C000000 		.4byte	.LVL6
 2128 0045 0300     		.2byte	0x3
 2129 0047 09       		.byte	0x9
 2130 0048 FF       		.byte	0xff
 2131 0049 9F       		.byte	0x9f
 2132 004a 00000000 		.4byte	0
 2133 004e 00000000 		.4byte	0
 2134              	.LLST4:
 2135 0052 7C000000 		.4byte	.LVL6
 2136 0056 A2000000 		.4byte	.LVL8
 2137 005a 0200     		.2byte	0x2
 2138 005c 30       		.byte	0x30
 2139 005d 9F       		.byte	0x9f
 2140 005e 00000000 		.4byte	0
 2141 0062 00000000 		.4byte	0
 2142              	.LLST5:
 2143 0066 A2000000 		.4byte	.LVL8
 2144 006a A4000000 		.4byte	.LVL9
 2145 006e 0200     		.2byte	0x2
 2146 0070 30       		.byte	0x30
 2147 0071 9F       		.byte	0x9f
 2148 0072 00000000 		.4byte	0
 2149 0076 00000000 		.4byte	0
 2150              	.LLST6:
 2151 007a 00000000 		.4byte	.LVL12
 2152 007e 0E000000 		.4byte	.LVL13
 2153 0082 0100     		.2byte	0x1
 2154 0084 50       		.byte	0x50
 2155 0085 0E000000 		.4byte	.LVL13
 2156 0089 34000000 		.4byte	.LFE8
 2157 008d 0400     		.2byte	0x4
 2158 008f F3       		.byte	0xf3
 2159 0090 01       		.uleb128 0x1
 2160 0091 50       		.byte	0x50
 2161 0092 9F       		.byte	0x9f
 2162 0093 00000000 		.4byte	0
 2163 0097 00000000 		.4byte	0
 2164              		.section	.debug_aranges,"",%progbits
 2165 0000 7C000000 		.4byte	0x7c
 2166 0004 0200     		.2byte	0x2
 2167 0006 00000000 		.4byte	.Ldebug_info0
 2168 000a 04       		.byte	0x4
 2169 000b 00       		.byte	0
 2170 000c 0000     		.2byte	0
 2171 000e 0000     		.2byte	0
 2172 0010 00000000 		.4byte	.LFB0
 2173 0014 9C000000 		.4byte	.LFE0-.LFB0
 2174 0018 00000000 		.4byte	.LFB1
 2175 001c 2C000000 		.4byte	.LFE1-.LFB1
ARM GAS  C:\Users\elias\AppData\Local\Temp\ccS867JN.s 			page 78


 2176 0020 00000000 		.4byte	.LFB2
 2177 0024 D0000000 		.4byte	.LFE2-.LFB2
 2178 0028 00000000 		.4byte	.LFB3
 2179 002c 2C000000 		.4byte	.LFE3-.LFB3
 2180 0030 00000000 		.4byte	.LFB4
 2181 0034 0C000000 		.4byte	.LFE4-.LFB4
 2182 0038 00000000 		.4byte	.LFB5
 2183 003c 0C000000 		.4byte	.LFE5-.LFB5
 2184 0040 00000000 		.4byte	.LFB6
 2185 0044 0C000000 		.4byte	.LFE6-.LFB6
 2186 0048 00000000 		.4byte	.LFB7
 2187 004c 0C000000 		.4byte	.LFE7-.LFB7
 2188 0050 00000000 		.4byte	.LFB8
 2189 0054 34000000 		.4byte	.LFE8-.LFB8
 2190 0058 00000000 		.4byte	.LFB9
 2191 005c 14000000 		.4byte	.LFE9-.LFB9
 2192 0060 00000000 		.4byte	.LFB10
 2193 0064 0C000000 		.4byte	.LFE10-.LFB10
 2194 0068 00000000 		.4byte	.LFB11
 2195 006c 0C000000 		.4byte	.LFE11-.LFB11
 2196 0070 00000000 		.4byte	.LFB12
 2197 0074 0C000000 		.4byte	.LFE12-.LFB12
 2198 0078 00000000 		.4byte	0
 2199 007c 00000000 		.4byte	0
 2200              		.section	.debug_ranges,"",%progbits
 2201              	.Ldebug_ranges0:
 2202 0000 04000000 		.4byte	.LBB18
 2203 0004 08000000 		.4byte	.LBE18
 2204 0008 28000000 		.4byte	.LBB22
 2205 000c 2A000000 		.4byte	.LBE22
 2206 0010 54000000 		.4byte	.LBB26
 2207 0014 56000000 		.4byte	.LBE26
 2208 0018 00000000 		.4byte	0
 2209 001c 00000000 		.4byte	0
 2210 0020 32000000 		.4byte	.LBB23
 2211 0024 36000000 		.4byte	.LBE23
 2212 0028 56000000 		.4byte	.LBB27
 2213 002c 7A000000 		.4byte	.LBE27
 2214 0030 00000000 		.4byte	0
 2215 0034 00000000 		.4byte	0
 2216 0038 28000000 		.4byte	.LBB42
 2217 003c 9E000000 		.4byte	.LBE42
 2218 0040 A0000000 		.4byte	.LBB63
 2219 0044 A4000000 		.4byte	.LBE63
 2220 0048 00000000 		.4byte	0
 2221 004c 00000000 		.4byte	0
 2222 0050 2A000000 		.4byte	.LBB44
 2223 0054 2E000000 		.4byte	.LBE44
 2224 0058 4E000000 		.4byte	.LBB48
 2225 005c 50000000 		.4byte	.LBE48
 2226 0060 7A000000 		.4byte	.LBB54
 2227 0064 7C000000 		.4byte	.LBE54
 2228 0068 00000000 		.4byte	0
 2229 006c 00000000 		.4byte	0
 2230 0070 58000000 		.4byte	.LBB49
 2231 0074 5C000000 		.4byte	.LBE49
 2232 0078 7C000000 		.4byte	.LBB55
ARM GAS  C:\Users\elias\AppData\Local\Temp\ccS867JN.s 			page 79


 2233 007c 98000000 		.4byte	.LBE55
 2234 0080 9A000000 		.4byte	.LBB59
 2235 0084 9E000000 		.4byte	.LBE59
 2236 0088 A0000000 		.4byte	.LBB60
 2237 008c A2000000 		.4byte	.LBE60
 2238 0090 00000000 		.4byte	0
 2239 0094 00000000 		.4byte	0
 2240 0098 98000000 		.4byte	.LBB56
 2241 009c 9A000000 		.4byte	.LBE56
 2242 00a0 A2000000 		.4byte	.LBB61
 2243 00a4 A4000000 		.4byte	.LBE61
 2244 00a8 00000000 		.4byte	0
 2245 00ac 00000000 		.4byte	0
 2246 00b0 00000000 		.4byte	.LFB0
 2247 00b4 9C000000 		.4byte	.LFE0
 2248 00b8 00000000 		.4byte	.LFB1
 2249 00bc 2C000000 		.4byte	.LFE1
 2250 00c0 00000000 		.4byte	.LFB2
 2251 00c4 D0000000 		.4byte	.LFE2
 2252 00c8 00000000 		.4byte	.LFB3
 2253 00cc 2C000000 		.4byte	.LFE3
 2254 00d0 00000000 		.4byte	.LFB4
 2255 00d4 0C000000 		.4byte	.LFE4
 2256 00d8 00000000 		.4byte	.LFB5
 2257 00dc 0C000000 		.4byte	.LFE5
 2258 00e0 00000000 		.4byte	.LFB6
 2259 00e4 0C000000 		.4byte	.LFE6
 2260 00e8 00000000 		.4byte	.LFB7
 2261 00ec 0C000000 		.4byte	.LFE7
 2262 00f0 00000000 		.4byte	.LFB8
 2263 00f4 34000000 		.4byte	.LFE8
 2264 00f8 00000000 		.4byte	.LFB9
 2265 00fc 14000000 		.4byte	.LFE9
 2266 0100 00000000 		.4byte	.LFB10
 2267 0104 0C000000 		.4byte	.LFE10
 2268 0108 00000000 		.4byte	.LFB11
 2269 010c 0C000000 		.4byte	.LFE11
 2270 0110 00000000 		.4byte	.LFB12
 2271 0114 0C000000 		.4byte	.LFE12
 2272 0118 00000000 		.4byte	0
 2273 011c 00000000 		.4byte	0
 2274              		.section	.debug_line,"",%progbits
 2275              	.Ldebug_line0:
 2276 0000 FF010000 		.section	.debug_str,"MS",%progbits,1
 2276      02005100 
 2276      00000201 
 2276      FB0E0D00 
 2276      01010101 
 2277              	.LASF15:
 2278 0000 72656731 		.ascii	"reg16\000"
 2278      3600
 2279              	.LASF31:
 2280 0006 436F756E 		.ascii	"Counter_1_ReadCapture\000"
 2280      7465725F 
 2280      315F5265 
 2280      61644361 
 2280      70747572 
ARM GAS  C:\Users\elias\AppData\Local\Temp\ccS867JN.s 			page 80


 2281              	.LASF21:
 2282 001c 70657269 		.ascii	"period\000"
 2282      6F6400
 2283              	.LASF3:
 2284 0023 73686F72 		.ascii	"short unsigned int\000"
 2284      7420756E 
 2284      7369676E 
 2284      65642069 
 2284      6E7400
 2285              	.LASF29:
 2286 0036 436F756E 		.ascii	"Counter_1_WriteControlRegister\000"
 2286      7465725F 
 2286      315F5772 
 2286      69746543 
 2286      6F6E7472 
 2287              	.LASF18:
 2288 0055 436F756E 		.ascii	"Counter_1_SetInterruptMode\000"
 2288      7465725F 
 2288      315F5365 
 2288      74496E74 
 2288      65727275 
 2289              	.LASF30:
 2290 0070 436F756E 		.ascii	"Counter_1_ReadCounter\000"
 2290      7465725F 
 2290      315F5265 
 2290      6164436F 
 2290      756E7465 
 2291              	.LASF11:
 2292 0086 666C6F61 		.ascii	"float\000"
 2292      7400
 2293              	.LASF25:
 2294 008c 636F756E 		.ascii	"counter\000"
 2294      74657200 
 2295              	.LASF1:
 2296 0094 756E7369 		.ascii	"unsigned char\000"
 2296      676E6564 
 2296      20636861 
 2296      7200
 2297              	.LASF33:
 2298 00a2 474E5520 		.ascii	"GNU C11 5.4.1 20160609 (release) [ARM/embedded-5-br"
 2298      43313120 
 2298      352E342E 
 2298      31203230 
 2298      31363036 
 2299 00d5 616E6368 		.ascii	"anch revision 237715] -mcpu=cortex-m3 -mthumb -g -O"
 2299      20726576 
 2299      6973696F 
 2299      6E203233 
 2299      37373135 
 2300 0108 33202D66 		.ascii	"3 -ffunction-sections -ffat-lto-objects -finline-fu"
 2300      66756E63 
 2300      74696F6E 
 2300      2D736563 
 2300      74696F6E 
 2301 013b 6E637469 		.ascii	"nctions -flto\000"
 2301      6F6E7320 
 2301      2D666C74 
ARM GAS  C:\Users\elias\AppData\Local\Temp\ccS867JN.s 			page 81


 2301      6F00
 2302              	.LASF5:
 2303 0149 6C6F6E67 		.ascii	"long unsigned int\000"
 2303      20756E73 
 2303      69676E65 
 2303      6420696E 
 2303      7400
 2304              	.LASF35:
 2305 015b 433A5C47 		.ascii	"C:\\Github\\Tesis\\src\\psoc\\AcondicionamientoAnal"
 2305      69746875 
 2305      625C5465 
 2305      7369735C 
 2305      7372635C 
 2306 0189 6F676963 		.ascii	"ogico.cydsn\000"
 2306      6F2E6379 
 2306      64736E00 
 2307              	.LASF9:
 2308 0195 75696E74 		.ascii	"uint8\000"
 2308      3800
 2309              	.LASF37:
 2310 019b 636F6E74 		.ascii	"control\000"
 2310      726F6C00 
 2311              	.LASF20:
 2312 01a3 696E7465 		.ascii	"interruptsMask\000"
 2312      72727570 
 2312      74734D61 
 2312      736B00
 2313              	.LASF38:
 2314 01b2 436F756E 		.ascii	"Counter_1_initVar\000"
 2314      7465725F 
 2314      315F696E 
 2314      69745661 
 2314      7200
 2315              	.LASF26:
 2316 01c4 436F756E 		.ascii	"Counter_1_ReadStatusRegister\000"
 2316      7465725F 
 2316      315F5265 
 2316      61645374 
 2316      61747573 
 2317              	.LASF12:
 2318 01e1 646F7562 		.ascii	"double\000"
 2318      6C6500
 2319              	.LASF10:
 2320 01e8 75696E74 		.ascii	"uint16\000"
 2320      313600
 2321              	.LASF19:
 2322 01ef 436F756E 		.ascii	"Counter_1_WritePeriod\000"
 2322      7465725F 
 2322      315F5772 
 2322      69746550 
 2322      6572696F 
 2323              	.LASF32:
 2324 0205 436F756E 		.ascii	"Counter_1_ReadPeriod\000"
 2324      7465725F 
 2324      315F5265 
 2324      61645065 
 2324      72696F64 
ARM GAS  C:\Users\elias\AppData\Local\Temp\ccS867JN.s 			page 82


 2325              	.LASF7:
 2326 021a 6C6F6E67 		.ascii	"long long unsigned int\000"
 2326      206C6F6E 
 2326      6720756E 
 2326      7369676E 
 2326      65642069 
 2327              	.LASF23:
 2328 0231 436F756E 		.ascii	"Counter_1_Init\000"
 2328      7465725F 
 2328      315F496E 
 2328      697400
 2329              	.LASF39:
 2330 0240 43794861 		.ascii	"CyHalt\000"
 2330      6C7400
 2331              	.LASF14:
 2332 0247 72656738 		.ascii	"reg8\000"
 2332      00
 2333              	.LASF17:
 2334 024c 73697A65 		.ascii	"sizetype\000"
 2334      74797065 
 2334      00
 2335              	.LASF24:
 2336 0255 436F756E 		.ascii	"Counter_1_WriteCounter\000"
 2336      7465725F 
 2336      315F5772 
 2336      69746543 
 2336      6F756E74 
 2337              	.LASF6:
 2338 026c 6C6F6E67 		.ascii	"long long int\000"
 2338      206C6F6E 
 2338      6720696E 
 2338      7400
 2339              	.LASF13:
 2340 027a 63686172 		.ascii	"char\000"
 2340      00
 2341              	.LASF8:
 2342 027f 756E7369 		.ascii	"unsigned int\000"
 2342      676E6564 
 2342      20696E74 
 2342      00
 2343              	.LASF2:
 2344 028c 73686F72 		.ascii	"short int\000"
 2344      7420696E 
 2344      7400
 2345              	.LASF34:
 2346 0296 47656E65 		.ascii	"Generated_Source\\PSoC5\\Counter_1.c\000"
 2346      72617465 
 2346      645F536F 
 2346      75726365 
 2346      5C50536F 
 2347              	.LASF4:
 2348 02b9 6C6F6E67 		.ascii	"long int\000"
 2348      20696E74 
 2348      00
 2349              	.LASF28:
 2350 02c2 436F756E 		.ascii	"Counter_1_Start\000"
 2350      7465725F 
ARM GAS  C:\Users\elias\AppData\Local\Temp\ccS867JN.s 			page 83


 2350      315F5374 
 2350      61727400 
 2351              	.LASF22:
 2352 02d2 436F756E 		.ascii	"Counter_1_Enable\000"
 2352      7465725F 
 2352      315F456E 
 2352      61626C65 
 2352      00
 2353              	.LASF16:
 2354 02e3 6C6F6E67 		.ascii	"long double\000"
 2354      20646F75 
 2354      626C6500 
 2355              	.LASF0:
 2356 02ef 7369676E 		.ascii	"signed char\000"
 2356      65642063 
 2356      68617200 
 2357              	.LASF36:
 2358 02fb 436F756E 		.ascii	"Counter_1_Stop\000"
 2358      7465725F 
 2358      315F5374 
 2358      6F7000
 2359              	.LASF27:
 2360 030a 436F756E 		.ascii	"Counter_1_ReadControlRegister\000"
 2360      7465725F 
 2360      315F5265 
 2360      6164436F 
 2360      6E74726F 
 2361              		.comm	__gnu_lto_v1,1,1
 2362              		.ident	"GCC: (GNU Tools for ARM Embedded Processors) 5.4.1 20160609 (release) [ARM/embedded-5-bran
