ARM GAS  C:\Users\elias\AppData\Local\Temp\cciYT9qe.s 			page 1


   1              		.syntax unified
   2              		.cpu cortex-m3
   3              		.fpu softvfp
   4              		.eabi_attribute 20, 1
   5              		.eabi_attribute 21, 1
   6              		.eabi_attribute 23, 3
   7              		.eabi_attribute 24, 1
   8              		.eabi_attribute 25, 1
   9              		.eabi_attribute 26, 1
  10              		.eabi_attribute 30, 2
  11              		.eabi_attribute 34, 1
  12              		.eabi_attribute 18, 4
  13              		.thumb
  14              		.syntax unified
  15              		.file	"CyDmac.c"
  16              		.text
  17              	.Ltext0:
  18              		.section	.gnu.lto_.profile.cd5e811f,"",%progbits
  19 0000 789C6361 		.ascii	"x\234ca`d`c`\000\222\023Y\0163\001\000\004l\001g"
  19      60646063 
  19      60009213 
  19      590E3301 
  19      00046C01 
  20              		.text
  21              		.section	.gnu.lto_.icf.cd5e811f,"",%progbits
  22 0000 789C6361 		.ascii	"x\234ca`d\000\201g\014\010\240\3060\361y\3437\036\306"
  22      60640081 
  22      670C08A0 
  22      C630F179 
  22      E3371EC6 
  23 0014 ED5F2F37 		.ascii	"\355_/7\3633\035Z\366\367\020?\363\236\003\317\376s"
  23      F3331D5A 
  23      F6F7103F 
  23      F39E03CF 
  23      FE73
  24 0026 B16C69B9 		.ascii	"\261li\271\372\221\225\365\367\234\327g\331\330\016"
  24      FA9195F5 
  24      F79CD767 
  24      D9D80E
  25 0035 CD597C93 		.ascii	"\315Y|\223\227\375\306\304\211wy8\326\356;\260\211\223"
  25      97FDC6C4 
  25      89777938 
  25      D6EE3BB0 
  25      8993
  26 0047 73C5F997 		.ascii	"s\305\371\227\277\271\270.\334\\\272\224\223{\376\264"
  26      BFB9B82E 
  26      DC5CBA94 
  26      937BFEB4 
  27 0057 15371979 		.ascii	"\0257\031y\356N;w\204\213\367\313\312\315\215L|\263"
  27      EE4E3B77 
  27      848BF7CB 
  27      CACD8D4C 
  27      7CB3
  28 0069 EEB7ED65 		.ascii	"\356\267\355e\345\277\277p\352+n\201\271\263\017\256"
  28      E5BFBF70 
  28      EA2B6E81 
  28      B9B30FAE 
ARM GAS  C:\Users\elias\AppData\Local\Temp\cciYT9qe.s 			page 2


  29 0079 66116CFA 		.ascii	"f\021l\372\374i\001\277\320\276-O\373y\204't\337\333"
  29      FC6901BF 
  29      D0BE2D4F 
  29      FB798427 
  29      74DFDB
  30 008c CB2772F7 		.ascii	"\313'r\367\360\267\373\334\242`\266\030\230\024\007"
  30      F0B7FBDC 
  30      A260B618 
  30      981407
  31 009b 8B48ECDC 		.ascii	"\213H\354\334\275}\027\253\344\303\305=\013\230\244"
  31      BD7D17AB 
  31      E4C3C53D 
  31      0B98A4
  32 00aa C022D260 		.ascii	"\300\"\322`Y\231\231\233wO\344\221\235\362\362v/\213"
  32      5999999B 
  32      774FE491 
  32      9DF2F276 
  32      2F8B
  33 00bc DC8AD37B 		.ascii	"\334\212\323{\016\360\310\237\357Z\361\222C\341\300"
  33      0EF0C89F 
  33      EF5AF192 
  33      43E1C0
  34 00cb 838E1E46 		.ascii	"\203\216\036F\305\213}_\246\362(-\273\325;\227_\371"
  34      C58B7D5F 
  34      A6F2282D 
  34      BBD53B97 
  34      5FF9
  35 00dd EDF5B615 		.ascii	"\355\365\266\025\214*S\217.9\317\246z\344\357\264s\034"
  35      8C2A538F 
  35      2E39CFA6 
  35      7AE4EFB4 
  35      731C
  36 00ef 0C007AAF 		.ascii	"\014\000z\257t\366"
  36      74F6
  37              		.text
  38              		.section	.gnu.lto_.jmpfuncs.cd5e811f,"",%progbits
  39 0000 789C6D50 		.ascii	"x\234mP\311\026\2030\010\0340j\333\327}\3377\333\357"
  39      C9168330 
  39      081C306A 
  39      DBD77DDF 
  39      37DBEF
  40 0013 E87779E2 		.ascii	"\350wy\342\326\357n\000\2659\310a\030`B&\011 h|=YT "
  40      D6EF6E00 
  40      B539C861 
  40      18604226 
  40      0920687C 
  41 002b 220147CA 		.ascii	"\"\001G\312L\224\211d\332\010\012\2717\012O\245\266"
  41      4C948964 
  41      DA080AB9 
  41      370A4FA5 
  41      B6
  42 003c 063A2D45 		.ascii	"\006:-EdX\220\305G,F\335\226\211\262)0\003\346J\027"
  42      645890C5 
  42      472C46DD 
  42      9689B229 
  42      3003E64A 
  43 0051 C01236C1 		.ascii	"\300\0226\301Jk\346Z\371\332\226R\360\212k\265\264I"
ARM GAS  C:\Users\elias\AppData\Local\Temp\cciYT9qe.s 			page 3


  43      4A6BE65A 
  43      F9DA9652 
  43      F08A6BB5 
  43      B449
  44 0063 E6DB84EF 		.ascii	"\346\333\204\357z\264\373\326\310\301\335\035{4\247"
  44      7AB4FBD6 
  44      C8C1DD1D 
  44      7B34A7
  45 0072 64C7D9F5 		.ascii	"d\307\331\365DE\247 E\216x\351\336bi\234\356\210\012"
  45      4445A720 
  45      458E78E9 
  45      DE62699C 
  45      EE880A
  46 0085 C3CC3018 		.ascii	"\303\3140\030\346\021\257\315\233n\311\035w\340\241"
  46      E611AFCD 
  46      9B6EC91D 
  46      77E0A1
  47 0094 1F4733FD 		.ascii	"\037G3\375\222\347\237V\255\331WK\336\356\2729\210\037"
  47      92E79F56 
  47      ADD9574B 
  47      DEEEBA39 
  47      881F
  48 00a6 4C80296D 		.ascii	"L\200)m"
  49              		.text
  50              		.section	.gnu.lto_.inline.cd5e811f,"",%progbits
  51 0000 789C9D55 		.ascii	"x\234\235U\277o\323P\020\276{~\266\237\3558y\351\257"
  51      BF6FD350 
  51      10BE7B7E 
  51      B69FED38 
  51      79E9AF
  52 0013 A4A5A52E 		.ascii	"\244\245\245.\320\2653\023xe\311\300\216\304\006J\376"
  52      D0B53313 
  52      7865C9C0 
  52      8EC4064A 
  52      FE
  53 0024 09AB5251 		.ascii	"\011\253RQ\027 \023R;u\243\020\251]\0011T\250\003\033"
  53      17201352 
  53      3B75A310 
  53      A95D0131 
  53      54A8031B 
  54 0038 11420889 		.ascii	"\021B\010\211\005\0111\301\320\001\011!\201\340\356"
  54      050931C1 
  54      D0010921 
  54      81E0EE
  55 0047 F939B5D3 		.ascii	"\3719\265\323\026\205\276H\367\354\273ww\337]\276w\226"
  55      1685BE48 
  55      F7ECBB77 
  55      77DF5DBE 
  55      7796
  56 0059 80C0EBA1 		.ascii	"\200\300\353\241\017\243u\031\240\266\204\010\212L\216"
  56      0FA37519 
  56      A0B68408 
  56      8A4C8E
  57 0068 77B406DE 		.ascii	"w\264\006\336\316\262\000\271\263,\331*\"+\260\337\021"
  57      CEB200B9 
  57      B32CD92A 
  57      222BB0DF 
ARM GAS  C:\Users\elias\AppData\Local\Temp\cciYT9qe.s 			page 4


  57      11
  58 0079 30534789 		.ascii	"0SG\211\252\367[\340\376\267\347?\343\357b\303\241\210"
  58      AAF75BE0 
  58      FEB7E73F 
  58      E3EF62C3 
  58      A188
  59 008b F8181701 		.ascii	"\370\030\027\001U\327\356\234\202\205*\007\323 \207"
  59      55D7EE9C 
  59      82852A07 
  59      D32087
  60 009a 8D4481F7 		.ascii	"\215D\201\367\254\245\314\243\344G\311\246\204\3638"
  60      ACA5CCA3 
  60      E447C9A6 
  60      84F338
  61 00a9 10850588 		.ascii	"\020\205\005\210\332\247[U\020\362_F\227\215\302\030"
  61      DAA75B55 
  61      10F25F46 
  61      978DC218 
  62 00b9 4D6EA90E 		.ascii	"Mn\251\016\256\225N\220P|\314\203@U\216UK\025\303\206"
  62      AE954E90 
  62      507CCC83 
  62      40558E55 
  62      4B15C386 
  63 00cd 39E683EF 		.ascii	"9\346\203\357\025\251\310PM\245@\327\321\307\204\033"
  63      15A9C850 
  63      4DA540D7 
  63      D1C7841B 
  64 00dd F068E3D5 		.ascii	"\360h\343\325\033\237\033@\247q\227\013O\272f\027I\317"
  64      1B9F1B40 
  64      A771970B 
  64      4FBA6617 
  64      49CF
  65 00ef EE5DAB2F 		.ascii	"\356]\253/\032\"\370)d,6h\012\362\365B\206\022\334\355"
  65      1A22F829 
  65      642C3668 
  65      0AF2F542 
  65      8612DCED 
  66 0103 1509F8D6 		.ascii	"\025\011\370\326\223F\235\221\334\\\314P\203soV\003"
  66      93469D91 
  66      DC5CCC50 
  66      83736F56 
  66      03
  67 0114 AEFB5A70 		.ascii	"\256\373Zp\372\000t\003\275\343\022D^.Ce\341\262\010"
  67      FA007403 
  67      BDE31244 
  67      5E2E4365 
  67      E1B208
  68 0127 ABD59BB2 		.ascii	"\253\325\233\262Hh\026m\026\011\213\224\305m\026\231"
  68      4868166D 
  68      16098B94 
  68      C56D1699 
  69 0137 2144088D 		.ascii	"!D\010\215\344\314\006\227)\020\203\362\317\344J\035"
  69      E4CC0697 
  69      291083F2 
  69      CFE44A1D 
  70 0147 EA1F2582 		.ascii	"\352\037%\202\230\033\356\335\310-\264\032\340\262n"
  70      981BEEDD 
ARM GAS  C:\Users\elias\AppData\Local\Temp\cciYT9qe.s 			page 5


  70      C82DB41A 
  70      E0B26E
  71 0156 D44B5A9A 		.ascii	"\324KZ\232U6\010A\310\365\364`\2024A:t~\244\2475\005"
  71      55360841 
  71      C8F5F460 
  71      8234413A 
  71      747EA4A7 
  72 016c D33F8866 		.ascii	"\323?\210f\242}8\214F\312\202\223\014n\032T\200\016"
  72      A27D388C 
  72      46CA8293 
  72      0C6E1A54 
  72      800E
  73 017e A83BF4BF 		.ascii	"\250;\364\277|\336\372\362\"\342\377E`\013\237P\377"
  73      7CDEFAF2 
  73      22E2FF45 
  73      600B9F50 
  73      FF
  74 018f 41DDB53B 		.ascii	"A\335\265;\347+u_\033\336\325\210]\024g\006\202\232"
  74      E72B755F 
  74      1BDED588 
  74      5D146706 
  74      829A
  75 01a1 0931818F 		.ascii	"\0111\201\217\214\311G\364;\375\316,\250hR\257\"\323"
  75      8CC947F4 
  75      3BFDCE2C 
  75      A86852AF 
  75      22D3
  76 01b3 DC397C5A 		.ascii	"\3349|Z\347B\327\2068\304\000u\227\332\262\325\337\333"
  76      E742D786 
  76      38C40075 
  76      97DAB2D5 
  76      DFDB
  77 01c5 95DC1607 		.ascii	"\225\334\026\007\377\\\307\247\314K\3353\273\320]\273"
  77      FF5CC7A7 
  77      CC4BDD33 
  77      BBD05DBB 
  78 01d5 E7EFE359 		.ascii	"\347\357\343YP3\325tAb\277\224/\313\245\271d\031]\353"
  78      5033D574 
  78      4162BF94 
  78      2FCBA5B9 
  78      64195DEB 
  79 01e9 CDE94CA5 		.ascii	"\315\351L\245\274\245\014d\236&\300\031\240\335\012"
  79      BCA50C64 
  79      9E26C019 
  79      A0DD0A
  80 01f8 6872D004 		.ascii	"hr\320\004\37100\004X8W\255\027@\251\377\355\352\"\204"
  80      F9303004 
  80      583857AD 
  80      1740A9FF 
  80      EDEA2284 
  81 020c F1A43E6E 		.ascii	"\361\244>n\235|\034\316\324\357,A\\\237\324O\021\237"
  81      9D7C1CCE 
  81      D4EF2C41 
  81      5C9FD44F 
  81      119F
  82 021e C1CBFDF2 		.ascii	"\301\313\375\362\337Eh.\021\231g~\335<\225\313\313\340"
  82      DF45682E 
ARM GAS  C:\Users\elias\AppData\Local\Temp\cciYT9qe.s 			page 6


  82      1199677E 
  82      DD3C95CB 
  82      CBE0
  83 0230 47C5E528 		.ascii	"G\305\345(\005\223\245s\311\311+\265\002qPL7m\246\333"
  83      0593A573 
  83      C9C92BB5 
  83      0271504C 
  83      376DA6DB 
  84 0244 83566E54 		.ascii	"\203VnT\357\326\010\300\321\252\231n\227\240=\205\341"
  84      EFD608C0 
  84      D1AA996E 
  84      97A03D85 
  84      E1
  85 0255 D800A358 		.ascii	"\330\000\243X8\260\003lp\312\000s\354\273c\337\363,"
  85      38B0036C 
  85      70CA0073 
  85      ECBB63DF 
  85      F32C
  86 0267 4931D01C 		.ascii	"I1\320\034\026\215qV\3143+^\316f\202\206\333\327\005"
  86      168D7156 
  86      CC332B5E 
  86      CE668286 
  86      DBD705
  87 027a 6AF7BE2B 		.ascii	"j\367\276+s\275\312\3654\334\356k\315z\235\353\211\007"
  87      73BDCAF5 
  87      34DCEE6B 
  87      CD7A9DEB 
  87      8907
  88 028c 1FE63291 		.ascii	"\037\3462\221\202\263\336L\001\337\273\251\310?O\201"
  88      82B3DE4C 
  88      01DFBBA9 
  88      C83F4F81 
  89 029c 7F3C90E7 		.ascii	"\177<\220\347mQ\007WMC\256@36\003\371D\001\003[\300"
  89      6D510757 
  89      4D43AE40 
  89      333603F9 
  89      4401035B 
  90 02b1 E024E0A8 		.ascii	"\340$\340\250:\201)52\244T2\2422R\301\210R\315\2004"
  90      3A812935 
  90      32A45432 
  90      A23252C1 
  90      8852CD80 
  91 02c6 03CAA7F0 		.ascii	"\003\312\247\360*4B\236\302c\267D\365*\237\301\343)"
  91      2A34429E 
  91      C263B744 
  91      F52A9FC1 
  91      E329
  92 02d8 ED55D3D1 		.ascii	"\355U\323\321\035\241\201/\207Qj>\201\315DZJj\303I\370"
  92      1DA1812F 
  92      87516A3E 
  92      81CD445A 
  92      4A6AC349 
  93 02ed 0BAFE6F7 		.ascii	"\013\257\346\367V"
  93      56
  94              		.text
  95              		.section	.gnu.lto_.pureconst.cd5e811f,"",%progbits
  96 0000 789C05C1 		.ascii	"x\234\005\301\205\021\200@\020\004\301\003\036\255\302"
ARM GAS  C:\Users\elias\AppData\Local\Temp\cciYT9qe.s 			page 7


  96      85118040 
  96      1004C103 
  96      1EADC2
  97 000f 6D19DC62 		.ascii	"m\031\334b!\377\214\350v\346\331gf\267\311'\300\021"
  97      21FF8CE8 
  97      76E6D967 
  97      66B7C927 
  97      C011
  98 0021 12119390 		.ascii	"\022\021\223\220\222\221SPRQ\323\250U\247^\203F\211"
  98      92915350 
  98      5251D3A8 
  98      55A75E83 
  98      4689
  99 0033 09346BD1 		.ascii	"\0114k\321\252\215]\207;\271\270yx\371\001\332x\006"
  99      AA8D5D87 
  99      3BB9B879 
  99      78F901DA 
  99      7806
 100 0045 77       		.ascii	"w"
 101              		.text
 102              		.section	.gnu.lto_CyDmaChFree.part.0.cd5e811f,"",%progbits
 103 0000 789C9552 		.ascii	"x\234\225RMHTQ\024\276\337\275o\336<\2551\027A\233!"
 103      4D485451 
 103      14BEDFBD 
 103      6FDE3CAD 
 103      3117419B 
 104 0015 064244A8 		.ascii	"\006BD\250\010\242\225\2530\310e\345V\010\031\007\012"
 104      08A295AB 
 104      30C865E5 
 104      56081907 
 104      0A
 105 0026 4A631C17 		.ascii	"Jc\034\027\255\346\216o\236\345\306\014\323(\013\203"
 105      ADE68E6F 
 105      9EE5C60C 
 105      D3280B83 
 106 0036 28FBF1B7 		.ascii	"(\373\361\267\254\024\027\015&\270)\245\310Mb\224\221"
 106      AC14170D 
 106      26B829A5 
 106      C84D6294 
 106      91
 107 0047 0CD2621C 		.ascii	"\014\322b\034\322\020\322\351\234\373\244\214V]\230"
 107      D210D2E9 
 107      9CFBA48C 
 107      565D98
 108 0056 73EE3DF3 		.ascii	"s\356=\363}\347\347;\317\022\020|*\225\020G\311\037"
 108      7DE7E73B 
 108      CF12107C 
 108      2A951047 
 108      C91F
 109 0068 A01F0202 		.ascii	"\240\037\002\002V\307\014],H\343%\024\373\224\243\000"
 109      56C70C5D 
 109      2C48E325 
 109      14FB94A3 
 109      00
 110 0079 BE680722 		.ascii	"\276h\007\"iI\205$V\345\206\304\333\364\360-\365]z\212"
 110      69498524 
 110      56E586C4 
ARM GAS  C:\Users\elias\AppData\Local\Temp\cciYT9qe.s 			page 8


 110      DBF4F02D 
 110      F55D7A8A 
 111 008d 28F45C79 		.ascii	"(\364\\ys\363K\011?\201\010={\364\273\266`E\237\326"
 111      73F34B09 
 111      3F81083D 
 111      7BF4BBB6 
 111      60459FD6 
 112 00a1 2DFAD3D7 		.ascii	"-\372\323\327\345\223W]\257\332SR\024\244\300\003\204"
 112      E593575D 
 112      AFDA5352 
 112      14A4C003 
 112      84
 113 00b2 D1873017 		.ascii	"\321\2070\027}\210\012\302~|5\367\262H\355\203\240\373"
 113      7D880AC2 
 113      7E7C35F7 
 113      B248ED83 
 113      A0FB
 114 00c4 FDBEB5E9 		.ascii	"\375\276\265\351\222\362{\314\323\353\265ZyJ\341\021"
 114      92F27BCC 
 114      D3EBB55A 
 114      794AE111 
 115 00d4 14F30E87 		.ascii	"\024\363\016\207q(,( \360\030\345\014\356\314/\214\331"
 115      71282C28 
 115      20F018E5 
 115      0CEECC2F 
 115      8CD9
 116 00e6 6ABF217E 		.ascii	"j\277!~\030\354H\027\227\335ebfa&t]gR\021&\367o'\363"
 116      18EC4817 
 116      97DD6562 
 116      66612674 
 116      5D675211 
 117 00ff 216CD6D3 		.ascii	"!l\326\323\003E\252\322\360:\257\255N\006\266x\363\355"
 117      0345AAD2 
 117      F03AAFAD 
 117      4E06B678 
 117      F3ED
 118 0111 BB6EE84C 		.ascii	"\273n\350L\232x\022\203>\357O\263\206\2718\262\331\025"
 118      9A781283 
 118      3EEF4FB3 
 118      86B938B2 
 118      D915
 119 0123 B2D39A4E 		.ascii	"\262\323\232N\004C(\303\000\312x(\232e\0306\311*9\302"
 119      044328C3 
 119      00CA7828 
 119      9A651836 
 119      C92A39C2 
 120 0137 FF0C9DD2 		.ascii	"\377\014\235\322\272Ppu\307\304^\204 8,\301\215+\032"
 120      BA507075 
 120      C7C45E84 
 120      20382CC1 
 120      8D2B1A
 121 014a C1B2C804 		.ascii	"\301\262\310\004\002ll6A6\216`\236\0209J\307\202\347"
 121      026C6C36 
 121      41368E60 
 121      9E10394A 
 121      C782E7
 122 015d A4C55EAD 		.ascii	"\244\305^\255Hi|\026n\346G{\230\013\271\012\324\314"
ARM GAS  C:\Users\elias\AppData\Local\Temp\cciYT9qe.s 			page 9


 122      48697C16 
 122      6EE6477B 
 122      980BB90A 
 122      D4CC
 123 016f F8F8B7F9 		.ascii	"\370\370\267\371`rC_\326\272\324SvAR}\214 I\311\202"
 123      6072435F 
 123      D6BAD453 
 123      7641527D 
 123      8C2049C9 
 124 0184 629116C8 		.ascii	"b\221\026\310-Q]B\213%\264\344/\255M\214\302\247+\227"
 124      2D515D42 
 124      8B25B4E4 
 124      2FAD4D8C 
 124      C2A72B97 
 125 0198 96B10437 		.ascii	"\226\261\0047g\373o\336\340\350\324t\253\303\033\014"
 125      67FB6FDE 
 125      E0E8D474 
 125      ABC31B0C 
 126 01a8 00788230 		.ascii	"\000x\2020\241\230\266\331\372^\371\240\000\3418\322"
 126      A198B6D9 
 126      FA5EF9A0 
 126      00E138D2 
 127 01b8 FD798F1F 		.ascii	"\375y\217\037\260\211\325\355M\316\006\231\345\0309"
 127      B089D5ED 
 127      4DCE0699 
 127      E51839
 128 01c7 FFEEC969 		.ascii	"\377\356\311iS\276n\313\257\347\246\212{q;\245M\274"
 128      53BE6ECB 
 128      AFE7A68A 
 128      7B713BA5 
 128      4DBC
 129 01d9 08A3F419 		.ascii	"\010\243\364\031=e]\361\014\275\334\236\373s\253\225"
 129      3D655DF1 
 129      0CBDDC9E 
 129      FB73AB95 
 130 01e9 A029649B 		.ascii	"\240)d\233B\246\333\377\310\372\374w\326\027\224\225"
 130      42A6DBFF 
 130      C8FAFC77 
 130      D6179495 
 131 01f9 72892CD2 		.ascii	"r\211,\322\231\316\331\235\234\347\337\366\212\013$"
 131      99CED99D 
 131      9CE7DFF6 
 131      8A0B24
 132 0208 ADC01849 		.ascii	"\255\300\030IF\032yj\007\251\326\222\351\272\262\333"
 132      461A796A 
 132      07A9D692 
 132      E9BAB2DB 
 133 0218 2847CBD8 		.ascii	"(G\313\330>\037\251\213q\363%\254He\026B\340R\2633W"
 133      3E1FA98B 
 133      71F325AC 
 133      48651642 
 133      E052B333 
 134 022d 39629998 		.ascii	"9b\231\230=\263!\177\006\207Py8\214\227\375\353w@\273"
 134      3DB3217F 
 134      06875079 
 134      388C97FD 
 134      EB7740BB 
ARM GAS  C:\Users\elias\AppData\Local\Temp\cciYT9qe.s 			page 10


 135 0241 0453A85A 		.ascii	"\004S\250Z\344x\254!\026\257K\304\352O\32746\307\243"
 135      E478AC21 
 135      16AF4BC4 
 135      EA4FD734 
 135      36C7A3
 136 0254 B1DA1335 		.ascii	"\261\332\0235\215UGj\253.\036;_\027=\030\025N\364Lu"
 136      8D55476A 
 136      AB2E1E3B 
 136      5F173D18 
 136      154EF44C 
 137 0269 5D43FDB9 		.ascii	"]C\375\271X\311\331\206D,\036o\276\220\250I\020\336"
 137      58C9D986 
 137      442C1E6F 
 137      BE90A849 
 137      10DE
 138 027b 6E22DBDC 		.ascii	"n\"\333\334\364\013\346s!G"
 138      F40BE673 
 138      2147
 139              		.text
 140              		.section	.gnu.lto_CyDmaChEnable.part.1.cd5e811f,"",%progbits
 141 0000 789C9594 		.ascii	"x\234\225\224]hTG\024\307\347?s?v7\273\233M\350\203"
 141      5D685447 
 141      14C7E73F 
 141      733F7637 
 141      BB9B4DE8 
 142 0015 0FFBB050 		.ascii	"\017\373\260P\322E(\325 B\237\372\022\241B_D}L)!Y\350"
 142      D24528D5 
 142      20429FFA 
 142      12A1425F 
 142      447D4C29 
 143 002c 83D5928F 		.ascii	"\203\325\222\217\202O\271\311\356\326\010}\210Mk\211"
 143      824FB9C9 
 143      EED6087D 
 143      884D6B89 
 144 003c 4D109134 		.ascii	"M\020\2214\375JW\333TM\253f\273I\263Vc\244)~\200\242"
 144      FD4A57DB 
 144      544DAB66 
 144      BB49B356 
 144      63A4297E 
 145 0052 312941AC 		.ascii	"1)A\254B\022b\233\322j<g\356\255^\243Y\351\205=3s\346"
 145      4212629B 
 145      D26A3C67 
 145      EEAD5EA3 
 145      59E9853D 
 146 0069 9C39BFF9 		.ascii	"\2349\277\371\317\354\030\002\202\277\250%\304k\324"
 146      CFEC1802 
 146      82BFA825 
 146      C46BD4
 147 0078 6EA11F02 		.ascii	"n\241\037\002\002v\347\004ulH\335J\251:\222\302\011"
 147      0276E704 
 147      756C48DD 
 147      4AA93A92 
 147      C209
 148 008a 196CC30A 		.ascii	"\031l\303\012&{\333\002\306\177\035\023\226\333\261"
 148      267BDB02 
 148      C67F1D13 
 148      96DBB1
ARM GAS  C:\Users\elias\AppData\Local\Temp\cciYT9qe.s 			page 11


 149 0099 00EE3801 		.ascii	"\000\3568\001\210V[*\303\264\320\212{\362\276\304\257"
 149      88565B2A 
 149      C3B4D08A 
 149      7BF2BEC4 
 149      AF
 150 00aa 99233D6A 		.ascii	"\231#=jQf\225\200A\303\371\363\007f\242<\004\0224\374"
 150      51669580 
 150      41C3F9F3 
 150      0766A23C 
 150      041234FC 
 151 00be D499DC6B 		.ascii	"\324\231\334k\257\355w\234vg\252\257\177\353\276tvs"
 151      AFED779C 
 151      7667AAAF 
 151      7FEBBE74 
 151      7673
 152 00d0 5649B12C 		.ascii	"VI\261,\005>G\034\375\2103\327\027XK\261\327G.\016\007"
 152      053E471C 
 152      FD8833D7 
 152      17584BB1 
 152      D7472E0E 
 153 00e5 D58B10D4 		.ascii	"\325\213\020\324\377\254\377\317b4\331\307y\316\375"
 153      FFACFFCF 
 153      6234D9C7 
 153      79CEFD
 154 00f4 5A476595 		.ascii	"ZGe\225\302\227P\234\267!\216\365qA\016\201\257\220"
 154      C297509C 
 154      B7218EF5 
 154      71410E81 
 154      AF90
 155 0106 A4D84C31 		.ascii	"\244\330L1\377\201R/\353\274K3\243w-/\357\324\233n\336"
 155      FF81522F 
 155      EBBC4B33 
 155      A3772D2F 
 155      EFD49B6E 
 156 011b D74FE50D 		.ascii	"\327O\345\015 \311\301\267\262\316@P\275\252\023\273"
 156      20C9C1B7 
 156      B2CE4050 
 156      BDAA13BB 
 157 012b 3EBA5730 		.ascii	">\272W0\253\016sb~\370\303\362n'\237I\020)\276q\223"
 157      AB0E7362 
 157      7EF8C3F2 
 157      6E279F49 
 157      1029BE71 
 158 0140 1FC30A8E 		.ascii	"\037\303\012\216\236>\372\340\343\210\225q\350K \207"
 158      9E3EFAE0 
 158      E3889571 
 158      E84B2087 
 159 0150 2ADE10ED 		.ascii	"*\336\020\355\343\010,R\035\354\311mu\234\345\345\264"
 159      E3082C52 
 159      1DECC96D 
 159      759CE5E5 
 159      B4
 160 0161 D339FC12 		.ascii	"\3239\374\022\326\000\\R\202\201\025!\030\006\033\223"
 160      D6005C52 
 160      82811521 
 160      18061B93 
 161 0171 8C6991B1 		.ascii	"\214i\221\261l6\001\366\005\331\204x\242\214}a6\021"
ARM GAS  C:\Users\elias\AppData\Local\Temp\cciYT9qe.s 			page 12


 161      6C3601F6 
 161      05D98478 
 161      A28C7D61 
 161      3611
 162 0183 F645D994 		.ascii	"\366E\331\224\363D\214}\025l*\205\256-\346\2508\237"
 162      F3448C7D 
 162      156C2A85 
 162      AE2DE6A8 
 162      389F
 163 0195 CE9CB4B9 		.ascii	"\316\234\264\271U\363R\352\366&2W\323\271\2768s\245"
 163      55F352EA 
 163      F6263257 
 163      D3B9BE38 
 163      73A5
 164 01a7 15883B77 		.ascii	"\025\210;wg\350\357\010\237\016q\342\250\267\237y\251"
 164      67E8EF08 
 164      9F0E71E2 
 164      A8B79F79 
 164      A9
 165 01b8 444752CD 		.ascii	"DGR\315\242}a\317\330\271E\270\341*M\3474\213\364\001"
 165      A27D61CF 
 165      D8B945B8 
 165      E12A4DE7 
 165      348BF401 
 166 01cc CB1D1BE4 		.ascii	"\313\035\033\344\242\025&\347\306{\313x\005\0031|K+"
 166      A21526E7 
 166      C67BCB78 
 166      0503317C 
 166      4B2B
 167 01de 50488F17 		.ascii	"PH\217\027b\322\374\322?\355\351\020\317\233\350\234"
 167      62D2FCD2 
 167      3FEDE910 
 167      CF9BE89C 
 168 01ee 6A730C7C 		.ascii	"js\014|\2078%SX\341\264\267\262\345\0071\264\372\373"
 168      87382553 
 168      58E1B4B7 
 168      B2E50731 
 168      B4FAFB
 169 0201 B3850BB6 		.ascii	"\263\205\013\266\233\305\303\277\212g;\302\007\321\333"
 169      9BC5C3BF 
 169      8A673BC2 
 169      07D1DB
 170 0210 46FAC6B2 		.ascii	"F\372\306\262\312\246\245\361=\323\322\334\345\205\205"
 170      CAA6A5F1 
 170      3DD3D2DC 
 170      E58585
 171 021f 91F0BA01 		.ascii	"\221\360\272\001'\323\306S\001\034\303A<\220\336\271"
 171      27D3C653 
 171      011CC341 
 171      3C90DEB9 
 172 022f 74FE7E65 		.ascii	"t\376~e\311\256\316y\223A\034\307:\014\272\333\304\011"
 172      C9AECE79 
 172      93411CC7 
 172      3A0CBADB 
 172      C409
 173 0241 5433EC92 		.ascii	"T3\354\222\007k\273 \217\356\253\205\004\206\364~\012"
 173      076BBB20 
ARM GAS  C:\Users\elias\AppData\Local\Temp\cciYT9qe.s 			page 13


 173      8FEEAB85 
 173      0486F47E 
 173      0A
 174 0252 FB35E8FF 		.ascii	"\3735\350\377\344\370\241\024\307\217>\216\223\250\246"
 174      E4F8A114 
 174      C78F3E8E 
 174      93A8A6
 175 0261 EA5A77E3 		.ascii	"\352Zw\343\221\356\267\337p\251\002+T\017\222k\245\314"
 175      91EEB7DF 
 175      70A9022B 
 175      540F926B 
 175      A5CC
 176 0273 2157D3A0 		.ascii	"!W\323\240_\323\262g\322\206V\245=U\212\366\264\217"
 176      5FD3B267 
 176      D28656A5 
 176      3D558AF6 
 176      B48F
 177 0285 76D855ED 		.ascii	"v\330U\355_\257v\330-\365\307\344t^\337\202 n\000\371"
 177      5FAF76D8 
 177      2DF5C7E4 
 177      745EDF82 
 177      206E00F9 
 178 0299 E7CAB63A 		.ascii	"\347\312\266:\310O\245@\012>\220\021\226-\254e3\365"
 178      C84FA540 
 178      0A3E9011 
 178      962DAC65 
 178      33F5
 179 02ab EDD6BA4D 		.ascii	"\355\326\272M\214_\363\024\210\254P.J\256\225\312\225"
 179      8C5FF314 
 179      88AC502E 
 179      4AAE95CA 
 179      95
 180 02bc BBCA45FD 		.ascii	"\273\312E\375\312\305\236\011\\\276*\360h)\340\237}"
 180      CAC59E09 
 180      5CBE2AF0 
 180      6829E09F 
 180      7D
 181 02cd C0634FDE 		.ascii	"\300cO\336\267\012\267\324\340h\361\375\200{\337\200"
 181      B70AB7D4 
 181      E068F1FD 
 181      807BDF80 
 182 02dd E273855B 		.ascii	"\342s\205[\235\343L)\216_|\034gY\270\0121\215\366\374"
 182      9DE34C29 
 182      8E5F7C1C 
 182      6759B80A 
 182      318DF6FC 
 183 02f1 275D2FE8 		.ascii	"']/\3507\212^\015\377\237N\322cpNG\317KKkK\3011\375"
 183      378A5E0D 
 183      FF9F4ED2 
 183      63704E47 
 183      CF4B4B6B 
 184 0309 B8A455A5 		.ascii	"\270\244U\245\270M\231\275\277E\334mTR\324\002*9\336"
 184      B84D99BD 
 184      BF45DC6D 
 184      5452D402 
 184      2A39DE
 185 031c 3CD97D08 		.ascii	"<\331}\010\364\350\200S\210$\361zjg\252\261\2569\325"
ARM GAS  C:\Users\elias\AppData\Local\Temp\cciYT9qe.s 			page 14


 185      F4E88053 
 185      8824F17A 
 185      6A67AAB1 
 185      AE39D5
 186 032f F0D6B65D 		.ascii	"\360\326\266]-\215\365\251\332-\333v\325l\254\255\331"
 186      2D8DF5A9 
 186      DA2DDB76 
 186      D56CACAD 
 186      D9
 187 0340 BDE99DBA 		.ascii	"\275\351\235\272\372W\352E\240\376\355\315u;\033v\244"
 187      FA57EA45 
 187      A0FEEDCD 
 187      753B1B76 
 187      A4
 188 0351 CADE6D4C 		.ascii	"\312\336mL5\245\032\337Kmoh\262\232\232\353\232[\232"
 188      35A51ADF 
 188      4B6D6F68 
 188      B29A9AEB 
 188      9A5B9A
 189 0364 1E02CEE6 		.ascii	"\036\002\316\346\374\211"
 189      FC89
 190              		.text
 191              		.section	.gnu.lto_CyDmaChDisable.part.2.cd5e811f,"",%progbits
 192 0000 789CA552 		.ascii	"x\234\245RMKTa\024~\237\367\275w\346\336t\314E\313Y"
 192      4D4B5461 
 192      147E9FF7 
 192      BD77E6DE 
 192      74CC45CB 
 193 0015 0C848891 		.ascii	"\014\204\210\221\231E\277\300 \227\241\233\026B\014"
 193      9945BFC0 
 193      2097A19B 
 193      16420C
 194 0024 E3408B52 		.ascii	"\343@\213R\360c\321\312;s\347R\321\306\320\204L\221"
 194      F063D1CA 
 194      3B73E752 
 194      D1C6D084 
 194      4C91
 195 0036 901AFB30 		.ascii	"\220\032\37305\373\262\017g\030!!\264P\310(\241\304"
 195      35FBB20F 
 195      67182121 
 195      B450C828 
 195      A1C4
 196 0048 40C236E3 		.ascii	"@\3026\343\220}Pj\347\334;0\265\021\244\013s\316\373"
 196      907D506A 
 196      E7DC3B30 
 196      B511A40B 
 196      73CEFB
 197 005b F13CEFF3 		.ascii	"\361<\357\363\2343G\023\020\374\255*!\016Q\256\244\037"
 197      9C334713 
 197      10FCAD2A 
 197      210E51AE 
 197      A41F
 198 006d 7401ADF3 		.ascii	"t\001\255\363\025-4H7K(\3161C\001\274\260\014\210\016"
 198      152D3448 
 198      374B28CE 
 198      314301BC 
 198      B00C880E 
ARM GAS  C:\Users\elias\AppData\Local\Temp\cciYT9qe.s 			page 15


 199 0081 4D2A7460 		.ascii	"M*t`]nH\314%F\373\324W\351(\242\320vm\266\367S\011o"
 199      5D6E48CC 
 199      2546FBD4 
 199      57E928A2 
 199      D0766DB6 
 200 0099 81106DAF 		.ascii	"\201\020m\257Z\363\027\374\025I\313\212[KN\252\356\222"
 200      5AF317FC 
 200      1549CB8A 
 200      5B4B4EAA 
 200      EE92
 201 00ab EDD43A4A 		.ascii	"\355\324:J\212-)0\204 \222\010\262\350MT\020\366\303"
 201      8A2D2930 
 201      84209208 
 201      B2E84D54 
 201      10F6C3
 202 00be D49B94A9 		.ascii	"\324\233\224\251\366B\320\372F\362\333tI\371u\346Y["
 202      F642D0FA 
 202      46F2DB74 
 202      49F975E6 
 202      595B
 203 00d0 0D967294 		.ascii	"\015\226r\224\302-(\346\035\016\342`P\320\201\300m\224"
 203      C22D28E6 
 203      1D0EE260 
 203      50D081C0 
 203      6D94
 204 00e2 33F8B363 		.ascii	"3\370\263c\015\233j\277K\354\352^\317\350e\203LLot\355"
 204      0D9B6ABF 
 204      4BECEA5E 
 204      CFE86583 
 204      4C4C6F74 
 205 00f7 BE62A513 		.ascii	"\276b\245\023!R\304\035\217\\\020\025\214^\036\333\274"
 205      2152C41D 
 205      8F5C1015 
 205      8C5E1EDB 
 205      BC
 206 0108 1CF0252C 		.ascii	"\034\360%,\372B\030F\031\033#?w\341\243\326\200OF\352"
 206      FA421846 
 206      191B233F 
 206      77E1A3D6 
 206      804F46EA 
 207 011c C8C0966D 		.ascii	"\310\300\226mu\016V\"\000\260\244$qMq\320(\350:\005"
 207      750E5622 
 207      00B0A424 
 207      714D71D0 
 207      28E83A05 
 208 0130 9F8F839F 		.ascii	"\237\217\203\237\203\301\301\024\356k\"K\317q\323\262"
 208      83C1C114 
 208      EE6B224B 
 208      CF71D3B2 
 209 0140 52E3ACD6 		.ascii	"R\343\254\326\244t\363\012\342\271s/\336\275\007K\331"
 209      A474F30A 
 209      E2B9732F 
 209      DEBD074B 
 209      D9
 210 0151 4ADA0A62 		.ascii	"J\332\012b\005v\257\317\333+:\"w\363\331\231\376\"\356"
 210      0576AFCF 
 210      DB2B3A22 
ARM GAS  C:\Users\elias\AppData\Local\Temp\cciYT9qe.s 			page 16


 210      77F3D999 
 210      FE22EE
 211 0164 A586528C 		.ascii	"\245\206R\214\220k\202\364\345!\334\353\037\277\342"
 211      906B82F4 
 211      E521DCEB 
 211      1FBFE2
 212 0173 F62EBED7 		.ascii	"\366.\276\327\321\271\024\2634\214\"Hd\202e&\363/\353"
 212      D1B914B3 
 212      348C2248 
 212      64826526 
 212      F32FEB
 213 0186 04EB7132 		.ascii	"\004\353q2\257\375\036\214k\376>\375\362|\361\000\372"
 213      AFFD1E8C 
 213      6BFE3EFD 
 213      F27CF100 
 213      FA
 214 0197 635474A9 		.ascii	"cTt\251\243\374\364\026\306\270%t\3676\227\233*\256"
 214      A3FCF416 
 214      C6B82574 
 214      F736979B 
 214      2AAE
 215 01a9 1AB61231 		.ascii	"\032\266\0221\2762p\017\003\330\224\371f\015\255\374"
 215      BE32700F 
 215      03D894F9 
 215      660DADFC 
 216 01b9 3C513D92 		.ascii	"<Q=\222\27731\216*\354s;\211\373\250fo\277\363\336\362"
 216      BF33318E 
 216      2AEC733B 
 216      89FBA866 
 216      6FBFF3DE 
 217 01ce BA8B1717 		.ascii	"\272\213\027\027\272\003\254kb\023x\340\372\317\364"
 217      BA03AC6B 
 217      621378E0 
 217      FACFF4
 218 01dd B8C67668 		.ascii	"\270\306vh\343\34166\036\025l<F5\211\273\345\317\315"
 218      E3E13636 
 218      1E156C3C 
 218      463589BB 
 218      E5CFCD
 219 01f0 EA9E17FF 		.ascii	"\352\236\027\377\016\245&\266\221zR\220z\372o\305\206"
 219      0EA526B6 
 219      917A5290 
 219      7AFA6FC5 
 219      86
 220 0201 27F4657E 		.ascii	"'\364e~9]\344U\374\021x\366\037\025?\337\306\306d\301"
 220      395DE455 
 220      FC1178F6 
 220      1F153FDF 
 220      C6C664C1 
 221 0215 468A2B36 		.ascii	"F\212+6\3042\342\351\211\236=\356\334\322\334\375\375"
 221      C432E2E9 
 221      899E3DEE 
 221      DCD2DCFD 
 221      FD
 222 0226 9F4B08A4 		.ascii	"\237K\010\244\335\201_\223\312\235=\002\227\272\343"
 222      DD815F93 
 222      CA9D3D02 
ARM GAS  C:\Users\elias\AppData\Local\Temp\cciYT9qe.s 			page 17


 222      97BAE3
 223 0235 692B53AC 		.ascii	"i+S\254\0223\265\020\360\2520\011\225\203\311x93~\015"
 223      1233B510 
 223      F0AA3009 
 223      9583C978 
 223      39337E0D 
 224 0249 34B6600A 		.ascii	"4\266`\012\371\010\035\2136E[\302m\321\306\223\365\315"
 224      F9081D8B 
 224      36455BC2 
 224      6DD1C693 
 224      F5CD
 225 025b ED2D9168 		.ascii	"\355-\221h\303\361\372\346\232#\0155g\217\236\011G\016"
 225      C3F1FAE6 
 225      9A230D35 
 225      678F9E09 
 225      470E
 226 026d 44841139 		.ascii	"D\204\0219U\033nj<\035\365\265\266\205\333\332[\377"
 226      551B6E6A 
 226      3C1DF5B5 
 226      B685DBDA 
 226      5BFF
 227 027f 009FFC52 		.ascii	"\000\237\374R\242"
 227      A2
 228              		.text
 229              		.section	.gnu.lto_CyDmaClearPendingDrq.part.3.cd5e811f,"",%progbits
 230 0000 789CA552 		.ascii	"x\234\245R\313KTa\024\377~\337w\347\316\235Rs\321r\026"
 230      CB4B5461 
 230      14FF7EDF 
 230      77E7CE9D 
 230      5273D172 
 231 0015 03216294 		.ascii	"\003!b\224f\321_`\220\313\320M\013#\206q\240E)\370X"
 231      66D15F60 
 231      90CBD04D 
 231      0B238671 
 231      A04529F8 
 232 002a B4F29BB9 		.ascii	"\264\362\233\271s{\354&,%\037HDi\017SK+{\3500\006B\364"
 232      737BEC26 
 232      2C251F48 
 232      44690F53 
 232      4B2B7BE8 
 233 0042 2049DC44 		.ascii	" I\334D\210\221=\026\251C\226Qi\347\334\2714\005!H\037"
 233      88913D16 
 233      A9439651 
 233      69E7DCB9 
 233      34052148 
 234 0057 DC73BEC7 		.ascii	"\334s\276\307\357\234\337\357\234{\014\001\301\353\203"
 234      EF9CDFEF 
 234      9C7B0C01 
 234      C1EB83
 235 0066 126237F9 		.ascii	"\022b7\371\235\364\301'`$\237\321\306\200t\275\204b"
 235      9DF4C127 
 235      60249FD1 
 235      C68074BD 
 235      8462
 236 0078 1FB314C0 		.ascii	"\037\263\024\300\033mA\264\030R\241\005\313\362\247"
 236      1B6D41B4 
 236      1852A105 
ARM GAS  C:\Users\elias\AppData\Local\Temp\cciYT9qe.s 			page 18


 236      CBF2A7
 237 0087 C48BC460 		.ascii	"\304\213\304`\227\372,\035E!t\\z\332\361\246\200\217"
 237      97FA2C1D 
 237      4521745C 
 237      7ADAF1A6 
 237      808F
 238 0099 40888E9D 		.ascii	"@\210\216\235z\352\264\277\244W\353\270\236}\273Pu\306"
 238      7AEAB4BF 
 238      A457EBB8 
 238      9E7DBB50 
 238      75C6
 239 00ab 762A1D25 		.ascii	"v*\035%\305\232\024\350C\020\275\0102\351\025\224\020"
 239      C59A14E8 
 239      4310BD08 
 239      32E91594 
 239      10
 240 00bc F6F5C4F4 		.ascii	"\366\365\304\364x@m\203\240\375\345\336/\223\005\305"
 240      78406D83 
 240      A0FDE5DE 
 240      2F9305C5 
 241 00cc 97384E77 		.ascii	"\2278Nw\036\322\312Q\012W\2418nO\020\273\202\202.\004"
 241      1ED2CA51 
 241      0A57A138 
 241      6E4F10BB 
 241      82822E04 
 242 00e0 AEA198C1 		.ascii	"\256\241\230\301\357\035\335\037P;\334\300\326\263\313"
 242      EF1DDD1F 
 242      503BDCC0 
 242      D6B3CB
 243 00ef 695FD145 		.ascii	"i_\321E\016L\265\266o9\257S\211\0201\342z68G*\030=7"
 243      0E4CB5B6 
 243      6F39AF53 
 243      891031E2 
 243      7A363847 
 244 0107 B47A2EDF 		.ascii	"\264z.\337LhZ!\364\243\210\205\221\236\0330\2515\340"
 244      4C685A21 
 244      F4A38885 
 244      919E1B30 
 244      A935E0
 245 011a 9B812AAD 		.ascii	"\233\201*\255\327\326l\235\\(E>\300\224\222\310\015"
 245      D7D66C9D 
 245      5C28453E 
 245      C09492C8 
 245      0D
 246 012b C5C620E3 		.ascii	"\305\306 \343\363\2211M6~6\026\233\200p\263\211EJ\307"
 246      F391314D 
 246      367E3616 
 246      9B8070B3 
 246      89454AC7 
 247 013f 4D5B9406 		.ascii	"M[\224\006{\265$\245\353\347\021\317\234\374\364\352"
 247      7BB524A5 
 247      EBE711CF 
 247      9CFCF4EA 
 248 014f 2598CA56 		.ascii	"%\230\312V\322V\020\363\260;\314\354Y\321\025\251\233"
 248      D25610F3 
 248      B03BCCEC 
 248      59D115A9 
ARM GAS  C:\Users\elias\AppData\Local\Temp\cciYT9qe.s 			page 19


 248      9B
 249 0160 5A7CD2BD 		.ascii	"Z|\322\275\231{i\240\020\003\244\232 ]\036\204{\275"
 249      997B69A0 
 249      1003A49A 
 249      205D1E84 
 249      7BBD
 250 0172 F23D6E6F 		.ascii	"\362=no\342w\037\222\2631m`\020A\012&Xz\314\313\354"
 250      E2771F92 
 250      B3316D60 
 250      10410A26 
 250      587ACCCB 
 251 0187 23589B93 		.ascii	"#X\233\223~\356\317\302\270\346\257\223\217O\345\365"
 251      7EEECFC2 
 251      B8E6AF93 
 251      8F4FE5F5 
 252 0197 A03B4645 		.ascii	"\240;FE\027:\312O\2710\304-\241\267\231Lf\"\257\254"
 252      173ACA4F 
 252      B930C42D 
 252      A1B7994C 
 252      6622AFAC 
 253 01ab 5F2762FC 		.ascii	"_'b\374d\341&z\260*\275f\365\315\177;X>\340\275\005"
 253      64E1267A 
 253      B02ABD66 
 253      F5CD7F3B 
 253      583EE0BD 
 254 01c0 700B65D8 		.ascii	"p\013e\330\356v\022\303(gm+\2366\217\367\367d\2304L"
 254      EE7612C3 
 254      28676D2B 
 254      9E368FF7 
 254      F7649834 
 255 01d5 23AEFC74 		.ascii	"#\256\374t\233\253k\203*n\257\243\342NN\305]\224\023"
 255      9BAB6B83 
 255      2A6EAFA3 
 255      E24E4EC5 
 255      5D9413
 256 01e8 B75BFDD0 		.ascii	"\267[\375\320\273\351\374\254\026\377\006\271F].\374"
 256      BBE9FCAC 
 256      16FF06B9 
 256      465D2EFC 
 257 01f8 93EB5E8E 		.ascii	"\223\353^\216\353\376\337\025[Y\242\341G\223'\254l\305"
 257      EBFEDF15 
 257      5B59A2E1 
 257      479327AC 
 257      6CC5
 258 020a C083FFA8 		.ascii	"\300\203\377\250\370\341:*\306r*\306\271bK\314!\236"
 258      F8E13A2A 
 258      C6722AC6 
 258      B9624BCC 
 258      219E
 259 021c EA69DFEA 		.ascii	"\352i\337\352\216-\215\335\237\277\234r \345\316\373"
 259      8E2D8DDD 
 259      9FBF9C72 
 259      20E5CEFB 
 260 022c 9254EEE8 		.ascii	"\222T\356\350\021\270\320\235N[\005\304G\212\034\231"
 260      11B8D09D 
 260      4E5B05C4 
 260      478A1C99 
ARM GAS  C:\Users\elias\AppData\Local\Temp\cciYT9qe.s 			page 20


 261 023c F15A1520 		.ascii	"\361Z\025 T\006\001\306\313\037\243\027@S\013\016\241"
 261      540601C6 
 261      CB1FA317 
 261      40530B0E 
 261      A1
 262 024d CE87F647 		.ascii	"\316\207\366G\353\242\015\341\246h\355\341\352\372\346"
 262      EBA20DE1 
 262      A668EDE1 
 262      EAFAE6
 263 025c 8648B4E6 		.ascii	"\206H\264\346@u}\305\336\232\212\343\373\216\205#\245"
 263      40757DC5 
 263      DE9A8AE3 
 263      FB8E8523 
 263      A5
 264 026d 1161458E 		.ascii	"\021aE\216T\206\353j\217F\315\306\246pSs\343/\320\377"
 264      5486EB6A 
 264      8F46CDC6 
 264      A6705373 
 264      E32FD0FF 
 265 0281 5109     		.ascii	"Q\011"
 266              		.text
 267              		.section	.gnu.lto_CyDmaChPriority.part.4.cd5e811f,"",%progbits
 268 0000 789C9553 		.ascii	"x\234\225S[HTQ\024=\353\234;/u&\203>\347c D\204\312"
 268      5B485451 
 268      143DEB9C 
 268      3B2F7526 
 268      833EE763 
 269 0018 A4FCF327 		.ascii	"\244\374\363'\014\3623\352/\212\030t\240\3004l\014\374"
 269      0CF233EA 
 269      2F8A1874 
 269      A0C0346C 
 269      0CFC
 270 002a EACE8CA3 		.ascii	"\352\316\214\243\325\227b\026M\211D\017{h\323\313\312"
 270      D5976216 
 270      4D89440F 
 270      7B68D3CB 
 270      CA
 271 003b 1E3A5824 		.ascii	"\036:X$D\017\322^H\204Y\231E\201N\276zN{\237{!#\372"
 271      440FD25E 
 271      48845999 
 271      45814EBE 
 271      7A4E7B9F 
 272 0053 E8C2DDE7 		.ascii	"\350\302\335\347\234\275\327\272{\357\265\3175\004\004"
 272      9CBDD7BA 
 272      7BEFB5CF 
 272      350404
 273 0062 3FA58610 		.ascii	"?\245\206\020\253h]J/\034\002F\323\003\332\030\220z"
 273      AB685D4A 
 273      2F1C0246 
 273      D303DA18 
 273      907A
 274 0074 9550BC46 		.ascii	"\225P\274F\334\012\340\215\351\206\330eH\205]\230\226"
 274      DC0AE08D 
 274      E986D865 
 274      48855D98 
 274      96
 275 0085 3F241ED5 		.ascii	"?$\036\325\237;\254\246d\\\021\205\216\223\367\023\257"
ARM GAS  C:\Users\elias\AppData\Local\Temp\cciYT9qe.s 			page 21


 275      9F3BACA6 
 275      645C1185 
 275      8E93F713 
 275      AF
 276 0096 7D7C0402 		.ascii	"}|\004\002t<d\016\356q\025t\230f\324\034y\233Y\327\034"
 276      743C640E 
 276      EE711574 
 276      9866D41C 
 276      799B59D7 
 277 00ab 8B97C595 		.ascii	"\213\227\305\225\024\031)p\022~t\300\317IO\241\200\260"
 277      14192970 
 277      127E74C0 
 277      CF494FA1 
 277      80B0
 278 00bd 2F6F3DE9 		.ascii	"/o=\351\363\250\305\020\264?\32113\340\313?\316<\263"
 278      F3A8C510 
 278      B43FD131 
 278      33E0CB3F 
 278      CE3CB3
 279 00d0 7993A9E2 		.ascii	"y\223\251\342J\3414\024\363V\370\261\334/\310!p\006"
 279      4AE13414 
 279      F356F8B1 
 279      DC2FC821 
 279      7006
 280 00e2 F9849DBD 		.ascii	"\371\204\235\275\223lp\250%\232\327v\374\3301\217\315"
 280      936C70A8 
 280      259AD776 
 280      FCD8318F 
 280      CD
 281 00f3 7B64F33A 		.ascii	"{d\363:\377\342u!\237\301\343q\263\313\243\2125\261"
 281      FFE27521 
 281      9FC1E371 
 281      B3CBA38A 
 281      35B1
 282 0105 65DF74BF 		.ascii	"e\337t\277#\357(\023S\255\211\005\007\315T}\200*\305"
 282      23EF2813 
 282      53AD8905 
 282      07CD547D 
 282      802AC5
 283 0118 598BFCBB 		.ascii	"Y\213\374\273X\301\350w7\032\037C\225hfdot\203Ml\031"
 283      58C1E877 
 283      371A1F43 
 283      95686664 
 283      6F74834D 
 284 012e F61E3053 		.ascii	"\366\0360S\221\000g=7?\253M\033=\377\263\325\353\254"
 284      9100673D 
 284      373FAB4D 
 284      1B3DFFB3 
 284      D5EBAC
 285 0141 37E909E0 		.ascii	"7\351\011\340<\362\220D\036kA\022\\\200\223\246!\331"
 285      3CF29044 
 285      1E6B4112 
 285      5C8093A6 
 285      21D9
 286 0153 C391E43A 		.ascii	"\303\221\344:\323\314dbf\323\267\225X\010p\247\222j"
 286      D3CC6462 
 286      66D3B795 
ARM GAS  C:\Users\elias\AppData\Local\Temp\cciYT9qe.s 			page 22


 286      580870A7 
 286      926A
 287 0165 37141B83 		.ascii	"7\024\033\203\214\303A\306\351\024\014v\201;r\263\303"
 287      8CC341C6 
 287      E9140C76 
 287      813B72B3 
 287      C3
 288 0176 43C695C5 		.ascii	"C\306\225\305&\233M\016\033/\007|B'\023\023\224\215"
 288      269B4D0E 
 288      1B2F077C 
 288      42271313 
 288      948D
 289 0188 C738210D 		.ascii	"\3078!\015^\325\244\224z\035C4\33583\236\000W\022S2"
 289      5ED5A494 
 289      7A1D4334 
 289      DD38339E 
 289      00571253 
 290 019d A620C610 		.ascii	"\246 \306\020K8\255\263\"\027508q\257-\233\247k \027"
 290      4B38ADB3 
 290      22173530 
 290      3871AF2D 
 290      9BA76B20 
 291 01b2 17490F82 		.ascii	"\027I\017\202\034\266!<\375\271o\321X\026\307\035h\032"
 291      1CB6213C 
 291      FDB96FD1 
 291      5816C71D 
 291      681A
 292 01c4 8998062E 		.ascii	"\211\230\006.\301Od\202\365\367\276*\261p\016\302%?"
 292      C14F6482 
 292      F5F7BE2A 
 292      B1700EC2 
 292      253F
 293 01d6 F67CF15A 		.ascii	"\366|\361Z\337a]\366\307\373\037\272,\032\037g\007\356"
 293      DF615DF6 
 293      C7FB1FBA 
 293      2C1A1F67 
 293      07EE
 294 01e8 EECE6947 		.ascii	"\356\316iG[\204t\312\215+7}\033\227Y|\212=K\247o\345"
 294      5B8474CA 
 294      8D2B377D 
 294      1B97597C 
 294      8A3D4BA7 
 295 01fe 147699F5 		.ascii	"\024v\231\365\024\354C\\yp\005\355\370)m\205\233\336"
 295      14EC435C 
 295      797005ED 
 295      F8296D85 
 295      9BDE
 296 0210 3C9F7315 		.ascii	"<\237s\025%u\3703\205\263p\025\205\350\266&\207\036"
 296      2575F833 
 296      85B37015 
 296      85E8B626 
 296      871E
 297 0222 1471C5DF 		.ascii	"\024q\305\337\033\276\333m\332\345d\246\276\2069\275"
 297      1BBEDB6D 
 297      DAE564A6 
 297      BE8639BD 
 298 0232 C224708D 		.ascii	"\302$p\215\300\243t\355y\"$.\201\2303\321p\347\375\013"
ARM GAS  C:\Users\elias\AppData\Local\Temp\cciYT9qe.s 			page 23


 298      C0A374ED 
 298      7922242E 
 298      819833D1 
 298      70E7FD0B 
 299 0246 9B4505B9 		.ascii	"\233E\005\271\210u\351\366@\203\333j\002\270\256\305"
 299      8875E9F6 
 299      4083DB6A 
 299      02B8AEC5 
 300 0256 88A65D16 		.ascii	"\210\246]\026\304C(\235\312\026'\213\\D\371\364\364"
 300      C443289D 
 300      CA16278B 
 300      5C44F9F4 
 300      F4
 301 0267 4CA7FE59 		.ascii	"L\247\376Y\\\360\341\306\237\224l;\323\234M\311\321"
 301      5CF0E1C6 
 301      9F946C3B 
 301      D39C4DC9 
 301      D1
 302 0278 ACECF910 		.ascii	"\254\354\371\020/yY\313\375\272\220\377P\252]+u\363"
 302      2F7959CB 
 302      FDBA90FF 
 302      50AA5D2B 
 302      75F3
 303 028a 5F4A0D69 		.ascii	"_J\015i\245z\347)\325\207\"JG:DS\335\211EZ\013\272>"
 303      A57AE729 
 303      D587224A 
 303      473A4453 
 303      DD89455A 
 304 02a1 F3472521 		.ascii	"\363G%!\220\322\350I\251\364\025\"p\256\276e1\345\023"
 304      90D2E849 
 304      A9F41522 
 304      70AEBE65 
 304      31E513
 305 02b4 1F88797D 		.ascii	"\037\210y}\330k\325\355#T\232:&\274\354\034:\002\272"
 305      D86BD5ED 
 305      23549A3A 
 305      26BCEC1C 
 305      3A02BA
 306 02c7 7D600AD5 		.ascii	"}`\012\325\022X\023\252\012\325\004\303\241\212\315"
 306      125813AA 
 306      0AD504C3 
 306      A18ACD
 307 02d6 EBAB6B6B 		.ascii	"\353\253kk\312C\033\327\256\257.-\336XZ\267z[\260|Y"
 307      CA431BD7 
 307      AEAF2E2D 
 307      DE585AB7 
 307      7A5BB07C 
 308 02eb B970976F 		.ascii	"\271p\227o)\013VUT\206\334\333k\266V\327l\015\3279w"
 308      290B5655 
 308      5486DCDB 
 308      6BB656D7 
 308      6C0DD739 
 309 0300 8483E1DA 		.ascii	"\204\203\341\332\035\216\235\301\312\332\320/\360Qm"
 309      1D8E9DC1 
 309      CADAD02F 
 309      F0516D
 310 030f 7E       		.ascii	"~"
ARM GAS  C:\Users\elias\AppData\Local\Temp\cciYT9qe.s 			page 24


 311              		.text
 312              		.section	.gnu.lto_CyDmaChSetRequest.part.5.cd5e811f,"",%progbits
 313 0000 789C9552 		.ascii	"x\234\225RMHTQ\024\276\337\275o\346\315\237?A\253\230"
 313      4D485451 
 313      14BEDFBD 
 313      6FE6CD9F 
 313      3F41AB98 
 314 0014 C5408808 		.ascii	"\305@\210\010\225I\265i\253\220\313\310\255\021\303"
 314      9549B569 
 314      AB90CBC8 
 314      AD11C3
 315 0023 38D0A294 		.ascii	"8\320\242\224t\\\264\362\315\317+[\004#\245\222)\263"
 315      745CB4F2 
 315      CDCF2B5B 
 315      0423A592 
 315      29B3
 316 0035 88D27E6C 		.ascii	"\210\322~l\264\177Kr\320\205$\375\220`\031A\310\030"
 316      B47F4B72 
 316      D08524FD 
 316      90601941 
 316      C818
 317 0047 12D14287 		.ascii	"\022\321B\207,\243t:\347\275\007\015\004A\017\336\271"
 317      2CA3743A 
 317      E7BD070D 
 317      04410FDE 
 317      B9
 318 0058 F7DCFB7D 		.ascii	"\367\334\373}\347\234\357\234\253\011\010\376\372\225"
 318      E79CEF9C 
 318      AB0908FE 
 318      FA95
 319 0066 100769DD 		.ascii	"\020\007i\335M?\\\002Z\372%m4Hk\225P\274\306=\012\340"
 319      4D3F5C02 
 319      5AFA256D 
 319      34486B95 
 319      50BCC63D 
 320 007c 8DE181E8 		.ascii	"\215\341\201\350\322\244B\027\326\345\246\304\353\324"
 320      D2A44217 
 320      D6E5A6C4 
 320      EBD4
 321 008a D8A0FA2A 		.ascii	"\330\240\372*ME\024r\327^\014,\227\263\013\204\310\275"
 321      4D451472 
 321      D75E0C2C 
 321      97B30B84 
 321      C8BD
 322 009c 6CCC9FD3 		.ascii	"l\314\237\323k\206\015#a,\231\305\246\236\244\331h*"
 322      6B860D23 
 322      612C99C5 
 322      A69EA4D9 
 322      682A
 323 00ae 298A5260 		.ascii	")\212R`\004A\014#\310I\257\243\206\260\037f\026\246"
 323      04410C23 
 323      C849AFA3 
 323      86B01F66 
 323      16A6
 324 00c0 BC6A2704 		.ascii	"\274j'\004\355\257\015\177\233-\257\276\312<\243\367"
 324      EDAF0D7F 
 324      9B2DAFBE 
ARM GAS  C:\Users\elias\AppData\Local\Temp\cciYT9qe.s 			page 25


 324      CA3CA3F7 
 325 00d0 A8A14CA5 		.ascii	"\250\241L\245p\003\212y\373\202\330\033\024t p\023\325"
 325      70038A79 
 325      FB82D81B 
 325      14742070 
 325      13D5
 326 00e2 847DDF13 		.ascii	"\204}\337\023\177\247\251]\016/s\336\357\360\026\034"
 326      7FA7A95D 
 326      0E2F73DE 
 326      EFF0161C 
 327 00f2 DEADBF78 		.ascii	"\336\255\277x\243\250f\360'\323\030\365\252\375\026"
 327      A3A866F0 
 327      27D318F5 
 327      AAFD16
 328 0101 F1C2C5F5 		.ascii	"\361\302\305\365iW\325\025&\34663\025\227\214\\*D\225"
 328      6957D515 
 328      26E63633 
 328      15978C5C 
 328      2A4495
 329 0114 E2B64DFE 		.ascii	"\342\266M\376S\254`t~|\253\267\314\2352\350\013!\213"
 329      53AC6074 
 329      7E7CABB7 
 329      CC9D32E8 
 329      0B218B
 330 0127 2A16443A 		.ascii	"*\026D:\306\340\246\226\202O\262G\014\243XL\032\351"
 330      C6E0A696 
 330      824FB247 
 330      0CA3584C 
 330      1AE9
 331 0139 A9866D15 		.ascii	"\251\206m\025\000\227*)\271\246\330hd\\.2n7\031]\007"
 331      00972A29 
 331      B9A6D868 
 331      645C2E32 
 331      6E37195D 
 332 014e 57E4E1AD 		.ascii	"W\344\341\255\227\215\217\215\237\257\003\302\212.V"
 332      978D8F8D 
 332      9FAF03C2 
 332      8A2E56
 333 015d 293C377F 		.ascii	")<7\177Uj\274\2525)\255u\005\211\302\3317\335\313;8"
 333      556ABCAA 
 333      3529AD75 
 333      0589C2D9 
 333      37DDCB3B 
 334 0172 7552C9A4 		.ascii	"uR\311\244\202XAr\300m\373\212\216\250\332\371\325\347"
 334      82584172 
 334      C06DFB8A 
 334      8EA8DAF9 
 334      D5E7
 335 0184 437E9E89 		.ascii	"C~\236\211\206J\214\223\012\202\014:\020\236\331\306"
 335      864A8C93 
 335      0A820C3A 
 335      109ED9C6 
 336 0194 CF44D2C7 		.ascii	"\317D\322\307\367.\244\227\342\206\206;\010\022\231"
 336      F72EA497 
 336      E286863B 
 336      081299
 337 01a3 60D34F61 		.ascii	"`\323Oa\303\\\004\313~\231\370Qf\207\341\036\364\231"
ARM GAS  C:\Users\elias\AppData\Local\Temp\cciYT9qe.s 			page 26


 337      C35C04CB 
 337      7E99F851 
 337      6687E11E 
 337      F499
 338 01b5 D3AF749B 		.ascii	"\323\257t\233\305\356\367\331\271\356@\006Cq\352I\245"
 338      C5EEF7D9 
 338      B9EE4006 
 338      4371EA49 
 338      A5
 339 01c6 A93C141A 		.ascii	"\251<\024\032\367\270ct\367\266P\230\011\324\216\032"
 339      F7B86374 
 339      F7B65098 
 339      09D48E1A 
 340 01d6 A9385F79 		.ascii	"\2518_yq\037\031lI\247\227\351\217\213\033z]\326\271"
 340      711F196C 
 340      49A797E9 
 340      8F8B1B7A 
 340      5DD6B9
 341 01e9 F4E1016A 		.ascii	"\364\341\001jq\327n5\036\242N\260F\335\256\202\013)"
 341      71D76E35 
 341      1EA24EB0 
 341      46DDAE82 
 341      0B29
 342 01fb F52989CE 		.ascii	"\365)\211\316b~9b\274tD\021\237\315\365\217\004\270"
 342      627E3962 
 342      BC744411 
 342      9FCDF58F 
 342      04B8
 343 020d 321D3A1E 		.ascii	"2\035:\036\331z7\034\210\317\212\342-\215\342\247S\326"
 343      D97A371C 
 343      88CF8AE2 
 343      2D8DE2A7 
 343      53D6
 344 021f DA6769FD 		.ascii	"\332gi\375O)\023\377\222\362\270D\312\023\324Q*\221"
 344      4F2913FF 
 344      92F2B844 
 344      CA13D451 
 344      2A91
 345 0231 4722D79F 		.ascii	"G\"\327\237\317I\353\255\320lK\033)!0i\301\327\244\262"
 345      CF49EBAD 
 345      D06C4B1B 
 345      29213069 
 345      C1D7A4B2 
 346 0245 E64BE84A 		.ascii	"\346K\350J\353\011$U@|&\352P~\321\231H\200`\005\004"
 346      EB092455 
 346      407C26EA 
 346      507ED199 
 346      48806005 
 347 025a 9820277B 		.ascii	"\230 '{\316l\247\267\001\346P-\241C\321\326h{8\026m"
 347      CE6CA7B7 
 347      01E6502D 
 347      A143D1D6 
 347      687B3816 
 348 026f 39D6D4D6 		.ascii	"9\326\324\326\331\036\2116\037nj\253?\320\\\177\272"
 348      D91E8936 
 348      1F6E6AAB 
 348      3FD05C7F 
ARM GAS  C:\Users\elias\AppData\Local\Temp\cciYT9qe.s 			page 27


 348      BA
 349 0280 E16438B2 		.ascii	"\341d8\262'\"<\221\343\215\341\326\226\023Q\275=z\252"
 349      27223C91 
 349      E38DE1D6 
 349      961351BD 
 349      3D7AAA
 350 0293 33DA1173 		.ascii	"3\332\021sw\304\302\261\316\216\337)\3622\354"
 350      77C4C2B1 
 350      CE8EDF29 
 350      F232EC
 351              		.text
 352              		.section	.gnu.lto_CyDmaChGetRequest.part.6.cd5e811f,"",%progbits
 353 0000 789C4552 		.ascii	"x\234ER[KTQ\024\336\337\336\34766\212A\217C\014\204"
 353      5B4B5451 
 353      14DEDFDE 
 353      E736368A 
 353      418F430C 
 354 0015 88509945 		.ascii	"\210P\231E\277\300\260\036#_\215\030\306\201\036J\303"
 354      BFC0B01E 
 354      235F8D18 
 354      C6811E4A 
 354      C3
 355 0026 CB434FEE 		.ascii	"\313CO\356\231\343\351\206\017\023e\240)\022Qv\033G"
 355      99E3E986 
 355      0F1365A0 
 355      29125176 
 355      1B47
 356 0038 ED22BD94 		.ascii	"\355\"\275\2248\225\021\331E\210|\012\033C\"z\230\031"
 356      389511D9 
 356      45887C0A 
 356      1B43227A 
 356      9819
 357 004a 34954A5B 		.ascii	"4\225J[\353\234\2016\234\265\366Z\353\373\326Z\373\343"
 357      EB9C8136 
 357      9CB5F65A 
 357      EBFBD65A 
 357      FBE3
 358 005c 180282CF 		.ascii	"\030\002\202\317\015)\304~\362{\350\203)`\244\337\321"
 358      0D29C47E 
 358      F27BE883 
 358      2960A4DF 
 358      D1
 359 006d C580F4BD 		.ascii	"\305\200\364\275\204b\237t\024\300\027\355@\364\030"
 359      84629F74 
 359      14C017ED 
 359      40F418
 360 007c 52A107AB 		.ascii	"R\241\007\253\362\257\304\307\336\361!\265\"=E\024\012"
 360      F2AFC4C7 
 360      DEF121B5 
 360      223D4514 
 360      0A
 361 008d 8B73834B 		.ascii	"\213s\203KU\034\002Q\012\257\353\371\213v\335\250\326"
 361      551C0251 
 361      0AAFEBF9 
 361      8B76DDA8 
 361      D6
 362 009e 29BDF872 		.ascii	")\275\370r,<8\371A\207<%\305\226\024\270\203\010F\021"
ARM GAS  C:\Users\elias\AppData\Local\Temp\cciYT9qe.s 			page 28


 362      2C3C38F9 
 362      41873C25 
 362      C59614B8 
 362      83084611 
 363 00b2 E1A97751 		.ascii	"\341\251wQG\340/\271O\317Cj\027\004\335o\217\376\232"
 363      47E02FB9 
 363      4FCF436A 
 363      1704DD6F 
 363      8FFE9A
 364 00c5 ADAABDC5 		.ascii	"\255\252\275\305D\335\177\\+O)\334\203b\336\201\010"
 364      44DD7F5C 
 364      2B4F29DC 
 364      8362DE81 
 364      08
 365 00d6 F6450425 		.ascii	"\366E\004%\004\356\243\226\301\337=\235\011\251\335"
 365      04EEA396 
 365      C1DF3D9D 
 365      09A9DD
 366 00e5 3EF1CAD5 		.ascii	">\361\312\325\325\031\263\346&\023\2477\362g.\273\372"
 366      D519B3E6 
 366      2613A737 
 366      F2672EBB 
 366      FA
 367 00f6 B5366824 		.ascii	"\2656h$\036\004\354\377S\005\303\363\023\233\375\225"
 367      1E04ECFF 
 367      5305C3F3 
 367      139BFD95 
 368 0106 56AFA613 		.ascii	"V\257\246\023E\0065\274\031-4\006\213\304\001g\262\307"
 368      450635BC 
 368      192D3406 
 368      8BC40167 
 368      B2C7
 369 0118 B4DEDA72 		.ascii	"\264\336\332ruz\252i{\005\3003%M7\024\033\203\214i\222"
 369      757AAA69 
 369      7B05C033 
 369      254D3714 
 369      1B838C69 
 370 012d B12C36B6 		.ascii	"\261,6\266`\206\343[!\012\324\212%+H\203\275*J\351\373"
 370      6086E35B 
 370      210AD48A 
 370      252B4883 
 370      BD2A4AE9 
 371 0142 65A44AE7 		.ascii	"e\244J\347_\365\345v\362\030WIWA,\303\035\264\202XQ"
 371      5FF5E576 
 371      F2185749 
 371      57412CC3 
 371      1DB48258 
 372 0157 8A369B2F 		.ascii	"\2126\233/\274\035\336\306J\032\250F\2266&\310P\031"
 372      BC1DDEC6 
 372      4A1AA846 
 372      963626C8 
 372      5019
 373 0169 C24AAFFF 		.ascii	"\302J\257\377N\271\025\\7\221^Lj\003\343\210\020\231"
 373      4EB9155C 
 373      37915E4C 
 373      6A03E388 
 373      1099
ARM GAS  C:\Users\elias\AppData\Local\Temp\cciYT9qe.s 			page 29


 374 017b 6033CFBE 		.ascii	"`3\317\276\316!\000\232\004\314\376|\272Q\0314\342\027"
 374      CE21009A 
 374      04CCFE7C 
 374      BA511934 
 374      E217
 375 018d 5FF366DE 		.ascii	"_\363f\336\333\001\217\303\265\3317\027\302#\030N\222"
 375      DB018FC3 
 375      B5D93717 
 375      C223184E 
 375      92
 376 019e 02D59EB2 		.ascii	"\002\325\236\262\2519&Y\037\252}.\225r\341\372\214\356"
 376      A9392659 
 376      1FAA7D2E 
 376      9572E1FA 
 376      8CEE
 377 01b0 A5E280E5 		.ascii	"\245\342\200\345)\007\0171\202MY\326.\375ma\335n\310"
 377      29070F31 
 377      824D59D6 
 377      2EFD6D61 
 377      DD6EC8
 378 01c3 FAE5292A 		.ascii	"\372\345)*\207\360\010\365\230\010\304\305c4\360\312"
 378      87F008F5 
 378      9808C4C5 
 378      6334F0CA 
 379 01d3 7F9A84AB 		.ascii	"\177\232\204\253\312\233\254\\\362\326\374\177\305\202"
 379      CA9BAC5C 
 379      F2D6FC7F 
 379      C582
 380 01e1 8D27FE93 		.ascii	"\215'\376\223H\211\0272\330\225F[\"\017?b\001)C}\212"
 380      48891732 
 380      D895465B 
 380      220F3F62 
 380      0129437D 
 381 01f6 52F9A2E5 		.ascii	"R\371\242\345\221\252\026A\332\021?\220\232\036XZ(?"
 381      91AA1641 
 381      DA113F90 
 381      9A1E585A 
 381      283F
 382 0208 D2215809 		.ascii	"\322!X\011\016\341e\337\300\271\035\2447\230BkF\017"
 382      0EE165DF 
 382      C0B91DA4 
 382      3798426B 
 382      460F
 383 021a 27DA121D 		.ascii	"'\332\022\035\261\256D\353\211\346\366\356\216x\242"
 383      B1AE44EB 
 383      89E6F6EE 
 383      8E78A2
 384 0229 E568737B 		.ascii	"\345hs{\343\301\226\306\263\207N\307\342{\343\302\211"
 384      E3C196C6 
 384      B3874EC7 
 384      E27BE3C2 
 384      89
 385 023a 9F3C126B 		.ascii	"\237<\022kk=\225\260:\273b]\335\235\377\000\356\233"
 385      6B3D95B0 
 385      3ABB625D 
 385      DD9DFF00 
 385      EE9B
ARM GAS  C:\Users\elias\AppData\Local\Temp\cciYT9qe.s 			page 30


 386 024c EA03     		.ascii	"\352\003"
 387              		.text
 388              		.section	.gnu.lto_CyDmaChStatus.part.7.cd5e811f,"",%progbits
 389 0000 789C7593 		.ascii	"x\234u\223YH\224Q\024\307\357\377\336o\231\265\214\266"
 389      59489451 
 389      14C7EFFF 
 389      DE6F99B5 
 389      8CB6
 390 0012 97791022 		.ascii	"\227y\020\"\244\205\026\242\236z\252\240\010\202\250"
 390      A48516A2 
 390      9E7AAAA0 
 390      0882A8
 391 0021 A01E8490 		.ascii	"\240\036\204\220q\240\207\2620}\250\227\2563\216\325"
 391      71A087B2 
 391      307DA897 
 391      AE338ED5 
 392 0031 43609446 		.ascii	"C`\224FS\022\021e\233\231\355\273\242a\021\355\020="
 392      53121165 
 392      9B99EDBB 
 392      A26111ED 
 392      103D
 393 0043 B4A04553 		.ascii	"\264\240ES\370\242ci\213\245\235s\277/\262\262\017\346"
 393      F8A26369 
 393      8BA59D73 
 393      BF2FB2B2 
 393      0FE6
 394 0055 2EE79CFF 		.ascii	".\347\234\377\275\377\373\273w,\001\301\337VK\210\005"
 394      BDFFFBBB 
 394      772C01C1 
 394      DF564B88 
 394      05
 395 0066 D4AFA61F 		.ascii	"\324\257\246\037\002\002n\365C\032\270\220\246\227R"
 395      02026EF5 
 395      431AB890 
 395      A69752
 396 0075 5D681542 		.ascii	"]h\025B\207\254\227a\241#\012\026\207+\002\226\2643"
 396      87AC9761 
 396      A1230A16 
 396      872B0296 
 396      B433
 397 0087 ED1C77FA 		.ascii	"\355\034w\372]\212\333p\274\270\003\360@\007 \266\271"
 397      5D8ADB70 
 397      BCB803F0 
 397      400720B6 
 397      B9
 398 0098 5259B683 		.ascii	"RY\266\203m\350\223?$\236T\236=\250>\311\264\022\260"
 398      6DE8933F 
 398      249E549E 
 398      3DA83EC9 
 398      B412B0
 399 00ab 689A7B90 		.ascii	"h\232{\220y;\212\247@>M\017\350\247;\335)\365Z'u\307"
 399      793B8AA7 
 399      403E4D0F 
 399      E8A73BDD 
 399      29F55A27 
 400 00c1 BBB791CC 		.ascii	"\273\267\221\314\271\307:\230VR\014I\201\343\210\241"
 400      B9C73A98 
ARM GAS  C:\Users\elias\AppData\Local\Temp\cciYT9qe.s 			page 31


 400      56520C49 
 400      81E388A1 
 401 00d1 1E31F677 		.ascii	"\0361\366w\002S\250\370u\333\263\346\240\232\004A\343"
 401      0253A8F8 
 401      75DBB3E6 
 401      A09A0441 
 401      E3
 402 00e2 63F5FD77 		.ascii	"c\365\375wF\025\034e\241\376Q\250UZ)\234\204b\335\234"
 402      46151C65 
 402      A1FE51A8 
 402      555A299C 
 402      8462DD9C 
 403 00f6 1866C504 		.ascii	"\030f\305\004\005\004N\241\200j\007jr]\0015\335\350"
 403      05044EA1 
 403      806A076A 
 403      725D0135 
 403      DDE8
 404 0108 76BD7F76 		.ascii	"v\275\177vI\371\272'\011\336\314\302iO\367k?\012\011"
 404      49F9BA27 
 404      09DECCC2 
 404      694FF76B 
 404      3F0A09
 405 011b 3418E5AB 		.ascii	"4\030\345\253\272\356\217\226\232g\224\257\276\325,"
 405      BAEE8F96 
 405      9A6794AF 
 405      BED52C
 406 012a F585FBDA 		.ascii	"\365\205\373\332#\272\032,=3\202\264\021\005\\\377!"
 406      23BA1A2C 
 406      3D3382B4 
 406      11055CFF 
 406      21
 407 013b AD1B826A 		.ascii	"\255\033\202j\276\321\356\331\333\327jO>\302\342\226"
 407      BED1EED9 
 407      DBD76A4F 
 407      3EC2E296 
 408 014b F3D94DBB 		.ascii	"\363\331M\273S\372\256\266\350\2348\373\247\236?*\177"
 408      53FAAEB6 
 408      E89C38FB 
 408      A79E3F2A 
 408      7F
 409 015c D3345813 		.ascii	"\3234X\023u*5}\371h\302d\306A\024\316\301\241\273\003"
 409      752A357D 
 409      F968C264 
 409      C64114CE 
 409      C1A1BB03 
 410 0170 471A5768 		.ascii	"G\032Wh=4\224\322\325\335\313\306\214\005\330\256\004"
 410      3D3494D2 
 410      D5DDCBC6 
 410      8C05D8AE 
 410      04
 411 0181 1F579107 		.ascii	"\037W\221\007\333\342\306\246\306q\250q]n\002`cA\316"
 411      DBE2C6A6 
 411      C671A871 
 411      5D6E0260 
 411      6341CE
 412 0194 84B80973 		.ascii	"\204\270\011s:\302\231\2500{\210\036\332\204/\261G\272"
 412      3AC299A8 
ARM GAS  C:\Users\elias\AppData\Local\Temp\cciYT9qe.s 			page 32


 412      307B881E 
 412      DA842FB1 
 412      47BA
 413 01a6 DCAB9C94 		.ascii	"\334\253\234\224\246\357D\345\213\324\347\373M\212\015"
 413      A6EF44E5 
 413      8BD4E7FB 
 413      4D8A0D
 414 01b5 A414C860 		.ascii	"\244\024\310`m\272\365\221\313\267hA\340\274o<'\225"
 414      6DBAF591 
 414      CBB76841 
 414      E0BC6F3C 
 414      2795
 415 01c7 A047A3B2 		.ascii	"\240G\243\262H\366n\037\334\3376\321\253W)\272\317,"
 415      48F66E1F 
 415      DCDF36D1 
 415      AB5729BA 
 415      CF2C
 416 01d9 5219C79B 		.ascii	"R\031\307\233[\024\242%\236\366\334\257\013\363\022"
 416      5B14A225 
 416      9EF6DCAF 
 416      0BF312
 417 01e8 36F27081 		.ascii	"6\362p\201\226\240\222\203~\211M\371/\003\311T\210\363"
 417      96A09283 
 417      7E894DF9 
 417      2F03C954 
 417      88F3
 418 01fa 0EAA3B2A 		.ascii	"\016\252;*\264\205\213\210\221\230\312Zou\266\303+t"
 418      B4858B88 
 418      9198CA5A 
 418      6F75B6C3 
 418      2B74
 419 020c 867B710C 		.ascii	"\206{q\014\352\317w\356\355\210\034B]\005\301\313K\253"
 419      EACF77EE 
 419      ED881C42 
 419      5D05C1CB 
 419      4BAB
 420 021e 00AD864B 		.ascii	"\000\255\206K\354\220r\317{{\333\"3\033t%%st\177A\\"
 420      EC9072CF 
 420      7B7BDB22 
 420      331B7425 
 420      2573747F 
 421 0234 C6210C4A 		.ascii	"\306!\014J\037\373\361\354\3275\263\033M\366\200\223"
 421      1FFBF1EC 
 421      D735B31B 
 421      4DF68093 
 422 0244 56215CC1 		.ascii	"V!\\\301LL3\207\303U\314f\207\337\253n\373\030\\o\367"
 422      4C4C3387 
 422      C355CC66 
 422      87DFAB6E 
 422      FB185C6F 
 423 0259 81BBD9E6 		.ascii	"\201\273\331\346\321\274\273\302\220\3005s\216d\255"
 423      D1BCBBC2 
 423      90C03573 
 423      8E64AD
 424 0268 B1F7AF19 		.ascii	"\261\367\257\031B\001\017\027\256\323\306\264\210\301"
 424      42010F17 
 424      AED3C6B4 
ARM GAS  C:\Users\elias\AppData\Local\Temp\cciYT9qe.s 			page 33


 424      88C1
 425 0276 66FDC67C 		.ascii	"f\375\306|\352\301/\314\201a\\mA\177:\217k6sd\202W\020"
 425      EAC12FCC 
 425      81615C6D 
 425      417F3A8F 
 425      6B367364 
 426 028d FC8B6B88 		.ascii	"\374\213k\210B\177\203\014{\324B\206\332\341\333>\265"
 426      427F830C 
 426      7BD44286 
 426      DAE1DB3E 
 426      B5
 427 029e C88898C2 		.ascii	"\310\210\230\302#bzn0\335\370\017\246\335\006\323M\302"
 427      23627A6E 
 427      30DDF80F 
 427      A6DD06D3 
 427      4DC2
 428 02b0 34D5C374 		.ascii	"4\325\303t\313`J\326v\216\377/\001\377`h6\004\"\346"
 428      CB604AD6 
 428      768EFF2F 
 428      01FF6068 
 428      360422E6 
 429 02c4 808E21F0 		.ascii	"\200\216!\360\006\311<\363\026S**\272\220l\351\313v"
 429      06C93CF3 
 429      16532A2A 
 429      BA906CE9 
 429      CB76
 430 02d6 F896A354 		.ascii	"\370\226\243T\326\213\350\360\353\226\364\364Z\020\263"
 430      D68BE8F0 
 430      EB96F4F4 
 430      5A10B3
 431 02e5 BE5FAC1A 		.ascii	"\276_\254\032\307\003\233_.x!2\232\2778Q\222(-*K\024"
 431      C7039B5F 
 431      2E782132 
 431      9ABF3851 
 431      92282D2A 
 432 02fb AF5DB9B1 		.ascii	"\257]\271\261\2744\236(\\\276r\343\302\271\205\013\267"
 432      BC349E28 
 432      5CBE72E3 
 432      C2B9850B 
 432      B7
 433 030c 2CDA5014 		.ascii	",\332P\024\237\021\027\201\370\272%E%\305\353\023\301"
 433      9F111781 
 433      F8BA2545 
 433      25C5EB13 
 433      C1
 434 031d 78796969 		.ascii	"xyii\242\244lU\261\275\271\214\004\016\267\345\233\177"
 434      A2A46C55 
 434      B1BDB98C 
 434      040EB7E5 
 434      9B7F
 435 032f 021A798C 		.ascii	"\002\032y\214?"
 435      3F
 436              		.text
 437              		.section	.gnu.lto_CyDmaChSetConfiguration.part.8.cd5e811f,"",%progbits
 438 0000 789C9D53 		.ascii	"x\234\235S]lTE\024\2363sw\357n\267\273\335%&j\334\207"
 438      5D6C5445 
 438      149E3373 
ARM GAS  C:\Users\elias\AppData\Local\Temp\cciYT9qe.s 			page 34


 438      77EF6EB7 
 438      BBDD2526 
 439 0017 26863428 		.ascii	"&\2064(J\033C|5\226\004\337$6F\037PS\2737\341A\272\270"
 439      4A1B437C 
 439      359604DF 
 439      2436461F 
 439      5053BB37 
 440 002f BDFBE013 		.ascii	"\275\373\340\023\323\275\335\372\027\023H\0131+\004"
 440      D3BDDDFA 
 440      1713480B 
 440      312B04
 441 003e 6323FDA1 		.ascii	"c#\375\241\245\177\256\210\200]\267\364\207\012\305"
 441      A57FAE88 
 441      805DB7F4 
 441      870AC5
 442 004d 1A0918A3 		.ascii	"\032\011\030\243\226\277\006W\037\272uKm\220\256\347"
 442      96BF0657 
 442      1FBA754B 
 442      6D90AEE7 
 443 005d CCBDB525 		.ascii	"\314\275\265%\233\220\340\315\356\314\231\231\357\233"
 443      9B90E0CD 
 443      EECC9999 
 443      EF9B
 444 006b F39D73E6 		.ascii	"\363\235s\346h\014\030}\313.\306\"8?\205\177p1\320\366"
 444      680C187D 
 444      CB2EC622 
 444      383F857F 
 444      7031D0F6 
 445 007f 4DA3A101 		.ascii	"M\243\241\001W3\007As\263G\000\220!=\300\366j\\\300"
 445      57330741 
 445      73B34700 
 445      90213DC0 
 445      F66A5CC0 
 446 0093 5E58E477 		.ascii	"^X\344w9\314\264\014\034\022\005\236\024H\301e\376B"
 446      39CCB40C 
 446      1C12059E 
 446      1448C165 
 446      FE42
 447 00a5 EA7A8096 		.ascii	"\352z\200\226\000\225\270\374D\376\360\276\276\251S"
 447      0095B8FC 
 447      44FEF0BE 
 447      BEA953
 448 00b4 CA849CBD 		.ascii	"\312\204\234\275\331\341O\015}/\275I\301Y\2213\350\202"
 448      D9E14F0D 
 448      7D2FBD49 
 448      C1599133 
 448      E882
 449 00c6 30744298 		.ascii	"0tB\230\274v\303&\004\377:zi\304+\036\007\206\366\321"
 449      BC76C326 
 449      04FF3A7A 
 449      69C42B1E 
 449      0786F6D1 
 450 00da CEDB1381 		.ascii	"\316\333\023\201\252\317\211(\007_\223\")\004\364\200"
 450      AACF8928 
 450      075F9322 
 450      2904F480 
 451 00ea 20DE3361 		.ascii	" \3363a\250\0163\334`p\014\252\020{e&q7 6+^\367\247"
ARM GAS  C:\Users\elias\AppData\Local\Temp\cciYT9qe.s 			page 35


 451      A80E33DC 
 451      60700CAA 
 451      107B6526 
 451      71372036 
 452 0102 5D777C0E 		.ascii	"]w|\016/\357\360zKx}\212\367\327g'\373A<\253x\263\275"
 452      2FEFF07A 
 452      4B787D8A 
 452      F7D76727 
 452      FB413CAB 
 453 0119 3F5DF538 		.ascii	"?]\3658\274\364\270OV\023\361x\011\261_\021o\245\177"
 453      BCF4B84F 
 453      5613F178 
 453      09B15F11 
 453      6FA57F
 454 012c 6EF789ED 		.ascii	"n\367\211\355\212x\354\303s\273l^f0\367\334bB>B\314"
 454      8A78ECC3 
 454      73BB6C5E 
 454      6630F7DC 
 454      62423E42 
 455 0141 8112E6A0 		.ascii	"\201\022\346\240b\266g\227\333|\342E\305\274\372\307"
 455      62B66797 
 455      DB7CE245 
 455      C5BCFAC7 
 456 0151 FEB4EEB8 		.ascii	"\376\264\356\270\374\315\221:T\302\033V\2743\303=\007"
 456      FCCD913A 
 456      54C21B56 
 456      BC33C33D 
 456      07
 457 0162 B87845F1 		.ascii	"\270xE\361\306>\356\230^\345\035^\225\372E\0111\015"
 457      C63EEE98 
 457      5EE51D5E 
 457      95FA4509 
 457      310D
 458 0174 5584BE95 		.ascii	"U\204\276\225\224}^\361\272b\266\265/f]\033;\224\330"
 458      947D5EF1 
 458      BA62B6B5 
 458      2F665D1B 
 458      3B94D8
 459 0187 746ECF7E 		.ascii	"tn\317~KNJ\015\313\001_\332\354\265\2120\202_\033\\"
 459      4B4E4A0D 
 459      CB015FDA 
 459      ECB58A30 
 459      825F1B5C 
 460 019b 39E077B7 		.ascii	"9\340w\267H\374*\341\004l\244\252a\261\276\0027>\034"
 460      48FC2AE1 
 460      046CA4AA 
 460      61B1BE02 
 460      373E1C
 461 01ae A09DFE97 		.ascii	"\240\235\376\227\244,\026-\271o\344\345\320\303\000"
 461      A42C162D 
 461      B96FE4E5 
 461      D0C300
 462 01bd 540F8EDE 		.ascii	"T\017\216\3365A\203\206\203\313\005\224l7\232n\035("
 462      35418386 
 462      83CB0594 
 462      6C379A6E 
 462      1D28
ARM GAS  C:\Users\elias\AppData\Local\Temp\cciYT9qe.s 			page 36


 463 01cf 7D1E32BD 		.ascii	"}\0362\2754\224\001\005\347#\263\034(?~2\0034T\000\311"
 463      34940105 
 463      E723B31C 
 463      283F7E32 
 463      03345400 
 464 01e4 0F921962 		.ascii	"\017\222\031b\3125\233G\337\364\376\346\271F\263\310"
 464      CA359B47 
 464      DFF4FEE6 
 464      B946B3C8 
 465 01f4 73AEE639 		.ascii	"s\256\3469H,\274{\273\273c\003\351\262\004\267\004\260"
 465      482CBC7B 
 465      BBBB6303 
 465      E9B204B7 
 465      04B0
 466 0206 39B0526E 		.ascii	"9\260Rn{-p\013CI\235*L\271\350Yj\340\201\223\030\"B"
 466      7B2D700B 
 466      43499D2A 
 466      4CB9E859 
 466      6AE08193 
 467 021d 0E39107A 		.ascii	"\0169\020z\266\277\017\037\037\322\350\334\005\362\317"
 467      B6BF0F1F 
 467      1FD2E8DC 
 467      05F2CF
 468 022c 66A9C1D7 		.ascii	"f\251\301\327\020F2\301\376i\275\341\000\361\347B\354"
 468      104632C1 
 468      FE69BDE1 
 468      00F1E742 
 468      EC
 469 023d 9DC9B991 		.ascii	"\235\311\271\221\012\302\352Pdp\312\276l\276\265\360"
 469      0AC2EA50 
 469      6470CABE 
 469      6CBEB5F0 
 470 024d A88DF258 		.ascii	"\250\215\362XBGT\341\203\344\222\260=\352p\332\006\375"
 470      424754E1 
 470      83E492B0 
 470      3DEA70DA 
 470      06FD
 471 025f FDDF555E 		.ascii	"\375\337U^u\233\0077\263\007\201\266\220q0\231\275\250"
 471      759B0737 
 471      B30781B6 
 471      90713099 
 471      BDA8
 472 0271 DB1A28FB 		.ascii	"\333\032(\373K\023S\357\225\037\201\303\315\230\376"
 472      4B1353EF 
 472      951F81C3 
 472      CD98FE
 473 0280 6092AED5 		.ascii	"`\222\256\325\340\014\025\007\317./,\214\226o\351\223"
 473      E00C1507 
 473      CF2E2F2C 
 473      8C966FE9 
 473      93
 474 0291 2D787802 		.ascii	"-xx\002\222\302\013\337\300\021X\341N\341\272\346\226"
 474      92C20BDF 
 474      C01158E1 
 474      4EE1BAE6 
 474      96
 475 02a2 5FADE957 		.ascii	"_\255\351W\2473@:G`\013<\241\352\012\031\250A\367\266"
ARM GAS  C:\Users\elias\AppData\Local\Temp\cciYT9qe.s 			page 37


 475      A733403A 
 475      47600B3C 
 475      A1EA0A19 
 475      A841F7B6 
 476 02b6 E495EEEB 		.ascii	"\344\225\356\353\217\331z|\226([\337\314\032\366\377"
 476      8FD97A7C 
 476      96285BDF 
 476      CC1AF6FF 
 477 02c6 B7B6E8B5 		.ascii	"\267\266\350\265\370\375\226(GP\357\321|\306\211\277"
 477      F8FD9628 
 477      4750EFD1 
 477      7CC689BF 
 478 02d6 02B24E64 		.ascii	"\002\262Nd\016$\240\256\362\337\023\327\203\0052z\337"
 478      0E24A0AE 
 478      F2DF13D7 
 478      8305327A 
 478      DF
 479 02e7 40CE6220 		.ascii	"@\316b O\332\201\214Q \001[\341x\217\345\004\022\264"
 479      4FDA818C 
 479      5120015B 
 479      E1788FE5 
 479      0412B4
 480 02fa C4AAA835 		.ascii	"\304\252\2505\005c\305%[q\031\360\007\0264\261^\320"
 480      0563C525 
 480      5B7119F0 
 480      071634B1 
 480      5ED0
 481 030c 4733036D 		.ascii	"G3\003m\332=\212&Q\321\270\3353p\216$\005\311ua\376"
 481      DA3D8A26 
 481      51D1B8DD 
 481      33708E24 
 481      05C97561 
 482 0321 C7D495FF 		.ascii	"\307\324\225\377\227\200\251\373&\340;t\267\331\366"
 482      9780A9FB 
 482      26E03B74 
 482      B7D9F6
 483 0330 761E6AD6 		.ascii	"v\036j\326\277\032\035\030\\\300[\257A\"s9\227\341\252"
 483      BF1A1D18 
 483      5CC05BAF 
 483      41227339 
 483      97E1AA
 484 0343 4FB175D6 		.ascii	"O\261u\326c8b\246\225\330<\027\252}\020\035T\035f\211"
 484      633862A6 
 484      95D83C17 
 484      AA7D101D 
 484      541D6689 
 485 0357 10CB21F5 		.ascii	"\020\313!\365\227\334,\330\251\014!l\001BD\340\247/"
 485      97DC2CD8 
 485      A90C216C 
 485      014244E0 
 485      A72F
 486 0369 B53E84AD 		.ascii	"\265>\204\255\007\304Am\225\333\215F#Vo\032\2217\352"
 486      07C4416D 
 486      95DB8D46 
 486      23566F1A 
 486      9137EA
 487 037c A2F15883 		.ascii	"\242\361X\203\261sG]\264v\353\316\332w\266\355\256o"
ARM GAS  C:\Users\elias\AppData\Local\Temp\cciYT9qe.s 			page 38


 487      B173475D 
 487      B476EBCE 
 487      DA77B6ED 
 487      AE6F
 488 038e 78BA8179 		.ascii	"x\272\201y\032v\275P\337\030y\313({3\036k2k\243\361"
 488      1A76BD50 
 488      DF1879CB 
 488      287B331E 
 488      6B326BA3 
 489 03a3 46B32266 		.ascii	"F\263\"f\274\0357\232\314\035F\354y\332\324\315\310"
 489      BC1D379A 
 489      CC1D46EC 
 489      79DAD4CD 
 489      C8
 490 03b4 B668A351 		.ascii	"\266h\243Q\355\3145n3RgF\367\270\233\314z3\336\364/"
 490      EDCC356E 
 490      33526746 
 490      F7B89BCC 
 490      7A33DEF4 
 491 03c9 6E42121B 		.ascii	"nB\022\033"
 492              		.text
 493              		.section	.gnu.lto_CyDmaTdFree.part.9.cd5e811f,"",%progbits
 494 0000 789C8D54 		.ascii	"x\234\215TMHTQ\024\276\337\275o\336{M\332\337\252\305"
 494      4D485451 
 494      14BEDFBD 
 494      6FDE7B4D 
 494      DADFAAC5 
 495 0014 2C841011 		.ascii	",\204\020\021*\223p\323\326\240\226\221[#Dg\021\224"
 495      2A9370D3 
 495      D6A09691 
 495      5B234467 
 495      1194
 496 0026 C63042B5 		.ascii	"\3060B\265\231\353\314\274\306v\003\321\020Z\270\210"
 496      99EBCCBC 
 496      C67603D1 
 496      105AB888 
 497 0036 B0F2671A 		.ascii	"\260\362g\032\315r4k\260\240\022)\350\317(\204\2220"
 497      CD72346B 
 497      B0A01229 
 497      E8CF2884 
 497      9230
 498 0048 11116730 		.ascii	"\021\021g0\322B\247s\357\223\311\312\205\027\346\236"
 498      D242A773 
 498      EF93C9CA 
 498      8517E69E 
 499 0058 FBCEF9EE 		.ascii	"\373\316\371\356w\276{\316a\014\006\246\326\202`\354"
 499      77BE7BCE 
 499      610C06A6 
 499      D68260EC 
 500 0068 10D97DF4 		.ascii	"\020\331}\364\203\207\301\210\277\244\203\001\256-\207"
 500      8387C188 
 500      BFA48301 
 500      AE2D87
 501 0077 50B6C516 		.ascii	"P\266\305\026\200:H\033,dp\201\020\276\363\025\216\321"
 501      803A481B 
 501      2C647081 
 501      10BEF315 
ARM GAS  C:\Users\elias\AppData\Local\Temp\cciYT9qe.s 			page 39


 501      8ED1
 502 0089 D8749A97 		.ascii	"\330t\232\227wJZ\237\235o\305\027\245\263\333!\302<"
 502      774A5A9F 
 502      9D6FC517 
 502      A5B3DB21 
 502      C23C
 503 009b D7DC0C9D 		.ascii	"\327\334\014\235('\324\333\367\3139.\366\200\321\371"
 503      2827D4DB 
 503      F7CB392E 
 503      F680D1F9 
 504 00ab 45FFEB2E 		.ascii	"E\377\353.^vS\312\260\224\331Z)\034b\276\005A7p\320"
 504      5E7653CA 
 504      B094D95A 
 504      291C62BE 
 504      05413770 
 505 00c0 87033E46 		.ascii	"\207\003>F\016\206\333(S\340\251\324\352\225b3\252\350"
 505      0E86DB28 
 505      53E0A9D4 
 505      EA956233 
 505      AAE8
 506 00d2 4B5C52DC 		.ascii	"K\\R\334\201I\302A\301\313\271\311AS\354\325\254\037"
 506      8149C241 
 506      C1CBB9C9 
 506      4153ECD5 
 506      AC1F
 507 00e4 7BE3516F 		.ascii	"{\343Qo\351\015\305\232y3\177.\033\226W\245\241\250"
 507      E90DC59A 
 507      79337F2E 
 507      1B9657A5 
 507      A1A8
 508 00f6 BBD6536B 		.ascii	"\273\326SkI\335(M\036\2272\237\217\310x\376\304\316"
 508      49DD284D 
 508      1E97329F 
 508      8FC878FE 
 508      C4CE
 509 0108 EDD02E0E 		.ascii	"\355\320.\016\225SPvn\250\315C\2330i3,\265\331j\243"
 509      95535076 
 509      6EA8CD43 
 509      9B306933 
 509      2CB5D96A 
 510 011d 62910455 		.ascii	"b\221\004U\206\005\002\221\025Y\316\265\235A\204\322"
 510      86050291 
 510      1559CEB5 
 510      9D4184D2 
 511 012d 2EE11FC9 		.ascii	".\341\037\311\212X+\246\264=0#B\001\322\351\271OVhE"
 511      8A582BA6 
 511      B43D3023 
 511      4201D2E9 
 511      B94F5668 
 512 0142 B64AB9C3 		.ascii	"\266J\271\303\021\236<W\317\351E\2102\230l\212*NHu\221"
 512      119E3C57 
 512      CFE94588 
 512      32986C8A 
 512      2A4E4875 
 513 0157 D06C1AE1 		.ascii	"\320l\032\341\\lz(\262\313\275.\"\202\223/\322f\272"
 513      5C6C7A28 
 513      B2CBBD2E 
ARM GAS  C:\Users\elias\AppData\Local\Temp\cciYT9qe.s 			page 40


 513      2282932F 
 513      D266BA
 514 016a DF06B988 		.ascii	"\337\006\271\210\261mxq\314\263\310I5l$\341S\220kk\020"
 514      B16D7871 
 514      CCB3C849 
 514      356C24E1 
 514      53906B6B 
 515 017f 0FC57FC6 		.ascii	"\017\305\177\306\373\272\241\342\002r\241E\032\270\013"
 515      FBBAA1E2 
 515      0272A145 
 515      1AB80B
 516 018e 1F5D56EC 		.ascii	"\037]V\354\211/U.\316$\\\302\031}e)\234\245k\372\267"
 516      892F552E 
 516      CE245CC2 
 516      197D6529 
 516      9CA56BFA 
 517 01a3 50EB12F5 		.ascii	"P\353\022\365U\271g\307\337=\365v\340z\213\324~\240"
 517      55B967C7 
 517      DF3DF576 
 517      E07A8BD4 
 517      7EA0
 518 01b5 8F862145 		.ascii	"\217\206!EY\031\372\321\2414\217&\240H\011\233\234K"
 518      5919FAD1 
 518      A1348F26 
 518      A048099B 
 518      9C4B
 519 01c7 2F17BBCA 		.ascii	"/\027\273\312\330\372\004B\177\376x6\326Z\364\207\311"
 519      D8FA0442 
 519      7FFE7836 
 519      D65AF487 
 519      C9
 520 01d8 26B51850 		.ascii	"&\265\030PD\024\233\310\345\236\024U\364\310(\005\007"
 520      44149BC8 
 520      E59E1455 
 520      F4C82805 
 520      07
 521 01e9 E0882DB8 		.ascii	"\340\210-\270O\344\253z\256(\034\377\372a\311\252L\352"
 521      4FE4AB7A 
 521      AE281CFF 
 521      FA61C9AA 
 521      4CEA
 522 01fb F00885BD 		.ascii	"\360\010\205\275x\200\012\334\203\3561\006QI/R\357k"
 522      78800ADC 
 522      83EE3106 
 522      51492F52 
 522      EF6B
 523 020d CB4EB407 		.ascii	"\313N\264\007\327\304l\366=\351\302{\206(\245[\362p"
 523      D7C46CF6 
 523      3DE9C27B 
 523      8628A55B 
 523      F270
 524 021f 2235D97E 		.ascii	"\"5\331~\301-\225\265\021\0276\346\032.p=tk\023I\254"
 524      C12D95B5 
 524      111736E6 
 524      1A2E703D 
 524      746B1349 
 525 0234 35C67689 		.ascii	"5\306v\211\006b\343)\257*\011h\215\350\336\205\013\345"
ARM GAS  C:\Users\elias\AppData\Local\Temp\cciYT9qe.s 			page 41


 525      0662E329 
 525      AF2A0968 
 525      8DE8DE85 
 525      0BE5
 526 0246 DB6C9647 		.ascii	"\333l\226G\205,\217\265b\233\315 \232\3715\377\\\023"
 526      852C8FB5 
 526      629BCD20 
 526      9AF935FF 
 526      5C13
 527 0258 FDDFCBAD 		.ascii	"\375\337\313\255y\232[\206\014\015\035M\231#\212\250"
 527      799A5B86 
 527      0C0D1D4D 
 527      99238AA8 
 528 0268 12592EF4 		.ascii	"\022Y.\364(\317\"\234\311\317\333\356\324\252\377\007"
 528      28CF229C 
 528      C9CFDBEE 
 528      D4AAFF07 
 529 0278 6A1DF909 		.ascii	"j\035\371\011_r\304\337\350\017\324\005\375\015'k\232"
 529      5F72C4DF 
 529      E80FD405 
 529      FD0D276B 
 529      9A
 530 0289 9A03F5FE 		.ascii	"\232\003\365\376\332c5M\325U\265\325\347\017\237\251"
 530      DA63354D 
 530      D555B5D5 
 530      E70F9FA9 
 531 0299 ABDF5FCF 		.ascii	"\253\337_\317\354`\303\321\272\306\206\323\376m\247"
 531      EC60C3D1 
 531      BAC686D3 
 531      FE6DA7
 532 02a8 1A83FE40 		.ascii	"\032\203\376@\240\371l\260&H\370\337\034\363f\363"
 532      A0F96CB0 
 532      2648F8DF 
 532      1CF366F3 
 533              		.text
 534              		.section	.gnu.lto_CyDmaChRoundRobin.part.10.cd5e811f,"",%progbits
 535 0000 789C9552 		.ascii	"x\234\225RMHTQ\024\276\337\273o~S\233\242E\213!\204"
 535      4D485451 
 535      14BEDFBB 
 535      6F7E539B 
 535      A2458B21 
 536 0015 10512A93 		.ascii	"\020Q*\223p\325&P\250\245\350\326\210i\034ha\032\376"
 536      70D52650 
 536      A8A5E8D6 
 536      88691C68 
 536      611AFE
 537 0028 2C5A7967 		.ascii	",Zyg\306!\373Y\214\230.L\021\012\323~t\324R\263\037"
 537      C621FB59 
 537      8C982E4C 
 537      110AD37E 
 537      74D452B3 
 538 003d 9B46C288 		.ascii	"\233F\302\210\262\024\244\202(\261\220\010\027:6jTN"
 538      B214A482 
 538      28B19008 
 538      173A366A 
 538      544E
 539 004f E7BC37D9 		.ascii	"\347\2747\331\254\202.\274{\357y\347|\347|\347;W\027"
ARM GAS  C:\Users\elias\AppData\Local\Temp\cciYT9qe.s 			page 42


 539      AC822EBC 
 539      7BEF79E7 
 539      7CE77CE7 
 539      3B5717
 540 0062 10BC5AA4 		.ascii	"\020\274Z\244\020\207\351\334O\037,\002zx\232.:4\343"
 540      1087E9DC 
 540      4F1F2C02 
 540      7A789A2E 
 540      3A34E3
 541 0075 D420F9F4 		.ascii	"\324 \371\364\333%\300\027e\207h\3245\211F$\264_\032"
 541      DB25C017 
 541      658768D4 
 541      35894624 
 541      B45F1A
 542 0088 669A063B 		.ascii	"f\232\006;\3457-$\011B\346\312\313\216OYl\002\331d^"
 542      E5372D24 
 542      0942E6CA 
 542      CB8E4F59 
 542      6C02D964 
 543 009d 51B3E76D 		.ascii	"Q\263\347my\275J\005\324|\317\346\366\216\341\327\312"
 543      79BD4A05 
 543      D47CCFE6 
 543      F68EE1D7 
 543      CA
 544 00ae 11929A48 		.ascii	"\021\222\232Hj\002}p\243\027n\256z\003y\024\374ar\356"
 544      6A027D70 
 544      A3176EAE 
 544      7A037914 
 544      FC6172EE 
 545 00c2 B143EE85 		.ascii	"\261C\356\205\240\373\365\336\265\251\254\334\036\006"
 545      A0FBF5DE 
 545      B5A9ACDC 
 545      1E06
 546 00d0 AAB6E34A 		.ascii	"\252\266\343J\206\244\304MH\306\035r\343\240[\320\017"
 546      86A4C44D 
 546      48C61D72 
 546      E3A05BD0 
 546      0F
 547 00e1 815BC8E5 		.ascii	"\201[\310\345\340/\027G\337[\344>\003\230\230I$e\316"
 547      E02F1747 
 547      DF5BE43E 
 547      03989849 
 547      2465CE
 548 00f4 35033852 		.ascii	"5\0038R\241\202G\030y;\035\311\213A!\325\357\220E\006"
 548      A1824718 
 548      793B1DC9 
 548      8B4121D5 
 548      EF904506 
 549 0108 A8F57222 		.ascii	"\250\365r\"f1A\321\365\344\231\226\240z\246t\342\211"
 549      663141D1 
 549      F5E49996 
 549      A07AA674 
 549      E289
 550 011a 0113F897 		.ascii	"\001\023\370\227\252\001]\030\332l\313\2646)Z\331\210"
 550      AA015D18 
 550      DA6CCBB4 
 550      36295AD9 
ARM GAS  C:\Users\elias\AppData\Local\Temp\cciYT9qe.s 			page 43


 550      88
 551 012b 2007FDC8 		.ascii	" \007\375\310\341\226\250\223AXIU\215\377\260'R\246"
 551      E196A893 
 551      41584955 
 551      8DFFB027 
 551      52A6
 552 013d 54321954 		.ascii	"T2\031T\341\325\222\235N\200\011kD]\227\274\351\264"
 552      E1D5929D 
 552      4E80096B 
 552      445D97BC 
 552      E9B4
 553 014f 592CB459 		.ascii	"Y,\264Y\255\274\331\004#\204X\246D\254\364\212\246\363"
 553      ADBCD904 
 553      238458A6 
 553      44ACF48A 
 553      A6F3
 554 0161 291710D8 		.ascii	")\027\020\330\301U\237\314E\226\234\371}\\U\015D]\206"
 554      C1559FCC 
 554      45969CF9 
 554      7D5C550D 
 554      445D86
 555 0174 02E6C210 		.ascii	"\002\346\302\020\362)\340\343\317e\247)Yt5Y\272\026"
 555      F229E0E3 
 555      CF65A729 
 555      59743559 
 555      BA16
 556 0186 50BBB77A 		.ascii	"P\273\267zG\272j\303\244\032%u\011\203%a\005\027\323"
 556      47BA6AC3 
 556      A41A2575 
 556      09832561 
 556      0517D3
 557 0199 8C628B08 		.ascii	"\214b\213\010\304\317M7?\335\303\235\004\245\026\224"
 557      C4CF4D37 
 557      3FDDC39D 
 557      04A51694 
 558 01a9 108B0876 		.ascii	"\020\213\010vXM[\322/\2524\273\374\242k\033OY\207\013"
 558      584D5BD2 
 558      2FAA34BB 
 558      FCA26B1B 
 558      4F59870B 
 559 01bd 7748180A 		.ascii	"wH\030\012\351L\205\360+\330\370\021\010:\331oAx\336"
 559      E94C85F0 
 559      2BD8F811 
 559      083AD96F 
 559      4178DE
 560 01d0 AF74DC85 		.ascii	"\257t\334\205\233\300\024\026\233\200\031f\241\260\310"
 560      9BC01416 
 560      9B801966 
 560      A1B0C8
 561 01df D2F8F74C 		.ascii	"\322\370\367L3\0157\330\036\212\275\262\231(6\327\247"
 561      330D37D8 
 561      1E8ABDB2 
 561      992836D7 
 561      A7
 562 01f0 9E376774 		.ascii	"\2367gt\243\313O\375\272B\322F\2511\312C \337\233x|"
 562      A3CB4FFD 
 562      BA42D246 
ARM GAS  C:\Users\elias\AppData\Local\Temp\cciYT9qe.s 			page 44


 562      A931CA43 
 562      20DF9B78 
 563 0205 32A3A05F 		.ascii	"2\243\240_5\371\331e\307\030\272\261\251\245\306\023"
 563      35F9D965 
 563      C718BAB1 
 563      A9A5C613 
 564 0215 FEFC76C3 		.ascii	"\376\374v\303V\030I9\035\270\207\002\214\230\323\303"
 564      56184939 
 564      1DB88702 
 564      8C98D3C3 
 565 0225 380A99EC 		.ascii	"8\012\231\354F\212l\212\310V?V\352\347\276\321O\254"
 565      468A6C8A 
 565      C8563F56 
 565      EAE7BED1 
 565      4FAC
 566 0237 DD20FA9F 		.ascii	"\335 \372\237<\036\374\213\307\3034\036\217PH\325\015"
 566      3C1EFC8B 
 566      C7C3341E 
 566      8F5048D5 
 566      0D
 567 0248 E1E59F29 		.ascii	"\341\345\237)\273\214\007\020\2246\361\025\201\350\330"
 567      BB8C0710 
 567      9436F115 
 567      81E8D8
 568 0257 D57729A9 		.ascii	"\325w)\251l\024\026\207-]!\015\002\023pk\227Z/\354\242"
 568      6C141687 
 568      2D5D210D 
 568      0213706B 
 568      975A2FEC 
 569 026c 07034E41 		.ascii	"\007\003NAe\263\217\372\252}\265\236z_\345\211\362\232"
 569      65B38FFA 
 569      AA7DB59E 
 569      7A5FE589 
 569      F29A
 570 027e 865AAFAF 		.ascii	"\206Z\257\257\242\264\274\246\270\250\242\370l\311i"
 570      A2B4BCA6 
 570      B8A8A2F8 
 570      6CC969
 571 028d 8FF78057 		.ascii	"\217\367\200W\330\275\247\216y\252+\253|v_\265\347d"
 571      D8BDA78E 
 571      79AA2BAB 
 571      7C765FB5 
 571      E764
 572 029f 95AFACCC 		.ascii	"\225\257\254\314ZW\357\251o\250\373\0158\036:\250"
 572      5A57EFA9 
 572      6FA8FB0D 
 572      381E3AA8 
 573              		.text
 574              		.section	.gnu.lto_CyDmacConfigure.cd5e811f,"",%progbits
 575 0000 789C7593 		.ascii	"x\234u\223MHTQ\024\307\357\377\336\367f\236\372\206"
 575      4D485451 
 575      14C7EFFF 
 575      DEF7669E 
 575      FA86
 576 0012 5CB57221 		.ascii	"\\\265r!\204\013\0112\0217A+\243hW\271\025Bt\226*H\201"
 576      840B0932 
 576      1137412B 
ARM GAS  C:\Users\elias\AppData\Local\Temp\cciYT9qe.s 			page 45


 576      A36857B9 
 576      15427496 
 577 0029 AEE68EE3 		.ascii	"\256\346\216\343\244\356&\"\025?r!\342G\332\2505\331"
 577      A4EE2622 
 577      153F7221 
 577      E247DAA8 
 577      35D9
 578 003b 64C6CBA4 		.ascii	"d\306\313\244@\372\332D\201Dj\203\013qa\343D\026\214"
 578      40FADA44 
 578      81446A83 
 578      0B7161E3 
 578      44168C
 579 004e D3B9F7BD 		.ascii	"\323\271\367\275b2{\314\334w\3579\347\376\3179\277{"
 579      62327BCC 
 579      DC77EF39 
 579      E7FECF39 
 579      BF7B
 580 0060 9FC1C0D4 		.ascii	"\237\301\300\324\263'\030;I\357\313\364\207\217\201"
 580      B327183B 
 580      49EFCBF4 
 580      878F81
 581 006f C7DE3016 		.ascii	"\307\3360\026\2668\014w\"\334\3113\313\340b\3725c\262"
 581      B6380C77 
 581      22DCC933 
 581      CBE062FA 
 581      3563B2
 582 0082 D04CD168 		.ascii	"\320L\321h\233\200\262K\013,\304\205a\"\304\015\006"
 582      9B80B24B 
 582      0B2CC485 
 582      6122C40D 
 582      06
 583 0093 C740CE1B 		.ascii	"\307@\316\033\325\363\215g9\226\273\266\222\274|\\\322"
 583      D5F38D67 
 583      3996BBB6 
 583      92BC7C5C 
 583      D2
 584 00a4 B33E3628 		.ascii	"\263>6(\344\204\203(%\315q\035\3020\216rFa\013\267\026"
 584      E4848328 
 584      25CD711D 
 584      C2308E72 
 584      46610BB7 
 585 00b9 570C7102 		.ascii	"W\014q\002j~0\025\376b\225\215J\331!\235\317M}\322\011"
 585      6A7E3015 
 585      FE62958D 
 585      4AD9219D 
 585      CF4D7DD2 
 586 00ce 97460530 		.ascii	"\227F\0050\001A\273PU\202\323%z/\205n\316\035\334\016"
 586      0141BB50 
 586      5582D325 
 586      7A2F856E 
 586      CE1DDC0E 
 587 00e2 F83A957A 		.ascii	"\370:\225z)&Q\346\352b\012>\352\017\312\022\277\342"
 587      292651E6 
 587      EA620A3E 
 587      EA0FCA12 
 587      BFE2
 588 00f4 C85C2E22 		.ascii	"\310\\.\"\235Of\302>\006\246l>\026\025\334\257\006\213"
ARM GAS  C:\Users\elias\AppData\Local\Temp\cciYT9qe.s 			page 46


 588      9D4F66C2 
 588      3E06A66C 
 588      3E1615DC 
 588      AF068B
 589 0107 06514083 		.ascii	"\006Q@\203Q\244\226\266\032\002\312\306\330.)Q\257_"
 589      51A496B6 
 589      1A02CAC6 
 589      D82E2951 
 589      AF5F
 590 0119 39A797D8 		.ascii	"9\247\227\330BGfv\351\214R\246\264\275\321\345\267\376"
 590      42476676 
 590      E98C52A6 
 590      B4BDD1E5 
 590      B7FE
 591 012b 0C8F0A53 		.ascii	"\014\217\012S\027\234L\356\254\371CY\331-e1\331z\204"
 591      179C4CEE 
 591      ACF94359 
 591      D92D6531 
 591      D97A84
 592 013e 5BDCF6AB 		.ascii	"[\334\366\253\367+\205#\030\016Km\007\246\021\302]P"
 592      F72B8523 
 592      180E4B6D 
 592      07A611C2 
 592      5D50
 593 0150 F198C108 		.ascii	"\361\230\301\010(bjt\375N\201\322\321\340\356\221K\345"
 593      28626A74 
 593      FD4E81D2 
 593      D1E0EE91 
 593      4BE5
 594 0162 7977D64B 		.ascii	"yw\326K\363\217.\216\326\215\377\321\235uu\367\306\206"
 594      F38F2E8E 
 594      D68DFFD1 
 594      9D7575F7 
 594      C686
 595 0174 FA2CA50B 		.ascii	"\372,\245\013H`\216\\\233\350p\262\223\320d\210\200"
 595      48608E5C 
 595      9BE870B2 
 595      93D06488 
 595      80
 596 0185 CEA59A13 		.ascii	"\316\245\232\023\214\216Uu\227\356z\321\037\323\376"
 596      8C8E5575 
 596      97EE7AD1 
 596      1FD3FE
 597 0194 88A01FA8 		.ascii	"\210\240\037\250\222\310\200\317]\373\311D\252\003\213"
 597      92C880CF 
 597      5DFBC944 
 597      AA038B
 598 01a3 995553A9 		.ascii	"\231US\251rX\230\327\305F\206\274\020\213\374?c\363"
 598      725898D7 
 598      C54686BC 
 598      108BFC3F 
 598      63F3
 599 01b5 D3507E01 		.ascii	"\323P~\001\271\033\226\006\356\243\2046\253\260\336"
 599      B91B9606 
 599      EEA38436 
 599      ABB0DE
 600 01c4 1B3B5E60 		.ascii	"\033;^`\001iSl<\232\232\264\274\316\201\007Zl\271w\243"
ARM GAS  C:\Users\elias\AppData\Local\Temp\cciYT9qe.s 			page 47


 600      0169536C 
 600      3C9A9AB4 
 600      BCCE8107 
 600      5A6CB977 
 601 01d9 DAEB3CBE 		.ascii	"\332\353<\276\223\374\021pS\261|\336B/\277\277\\\355"
 601      93FC1170 
 601      53B17CDE 
 601      422FBFBF 
 601      5CED
 602 01eb B63D00F2 		.ascii	"\266=\000\362&\350\274T\005x\250z\"\367\207t\372\271"
 602      26E8BC54 
 602      0578A87A 
 602      22F78774 
 602      FAB9
 603 01fd 5D31233B 		.ascii	"]1#;\311\237\240\333\346\307\002a9\340\336\235\211\245"
 603      C99FA0DB 
 603      E6C70261 
 603      39E0DE9D 
 603      89A5
 604 020f 3EEEFB2B 		.ascii	">\356\373+\343\332\275Dn\013\217P\201\204\006\302\220"
 604      E3DABD44 
 604      6E0B8F50 
 604      818406C2 
 604      90
 605 0220 442515E9 		.ascii	"D%\025\351\362\312\332\277y)\223\302e0\272\366\202\234"
 605      F2CADABF 
 605      792993C2 
 605      6530BAF6 
 605      829C
 606 0232 C5CC3583 		.ascii	"\305\3145\203m\240s-r\334m\016\371\245\033t\331\036"
 606      6DA0732D 
 606      72DC6D0E 
 606      F9A51B74 
 606      D91E
 607 0244 BBAA6940 		.ascii	"\273\252i@\021\347\023&\011\211\375*R2\275[\225\356"
 607      11E71326 
 607      0989FD2A 
 607      5232BD5B 
 607      95EE
 608 0256 DAEA6F73 		.ascii	"\332\352osw\027\035\302n\223\3510\347\200\013\325V\270"
 608      77171DC2 
 608      6E93E930 
 608      E7800BD5 
 608      56B8
 609 0268 32EB151E 		.ascii	"2\353\025\036\256\277\200\264\273<\002G\362\030\326"
 609      AEBF80B4 
 609      BB3C0247 
 609      F218D6
 610 0277 3C16FFC7 		.ascii	"<\026\377\307#\241y<\311\343\261\204\312\374\003\240"
 610      23A1793C 
 610      C9E3B184 
 610      CAFC03A0 
 611 0287 0F1E4FC9 		.ascii	"\017\036O\311\265M|\006\317\253\364\372S\334\245sJ1"
 611      B54D7C06 
 611      CFABF4FA 
 611      53DCA573 
 611      4A31
ARM GAS  C:\Users\elias\AppData\Local\Temp\cciYT9qe.s 			page 48


 612 0299 522CBD10 		.ascii	"R,\275\020l\016\266\326_\0136^\255m\271\336\332\020"
 612      6C0EB6D6 
 612      5F0B365E 
 612      AD6DB9DE 
 612      DA10
 613 02ab ACBB54DB 		.ascii	"\254\273T\333RS]W\323~\256\251\276\341T\003\263\032"
 613      52535D57 
 613      D37EAEA9 
 613      BEE15403 
 613      B31A
 614 02bd 9BEA2F36 		.ascii	"\233\352/67\006\333~\001\011c`\317"
 614      3706DB7E 
 614      01096360 
 614      CF
 615              		.text
 616              		.section	.gnu.lto_CyDmacError.cd5e811f,"",%progbits
 617 0000 789C2D8E 		.ascii	"x\234-\216\261KBQ\030\305\277s\357M%\250\177 \007is"
 617      B14B4251 
 617      18C5BF73 
 617      EF4D25A8 
 617      7F200769 
 618 0015 89208276 		.ascii	"\211 \202v\203\326\310U\010y\275\261\004\251\241\311"
 618      83D6C855 
 618      0879BDB1 
 618      04A9A1C9 
 619 0025 FBD45710 		.ascii	"\373\324W\020\015AdK\346\250\245\020m\021\004\346\024"
 619      0D41644B 
 619      E6A8A510 
 619      6D1104E6 
 619      14
 620 0036 04D5E4D4 		.ascii	"\004\325\344\324 \021\016A\340\223\"\210\312\276\257"
 620      20110E41 
 620      E0932288 
 620      CABEAF
 621 0045 BC70F9EE 		.ascii	"\274p\371\356=\367\334\3379\206@\262&xL\312\344\015"
 621      3DF7DCDF 
 621      398640B2 
 621      26784CCA 
 621      E40D
 622 0057 4D507B77 		.ascii	"MP{wD^D\001r\260\021PN!\207w\365\255p\373q\263;\032"
 622      445E4401 
 622      72B01150 
 622      4E218777 
 622      F5AD70FB 
 623 006f AF5A9BB7 		.ascii	"\257Z\233\267\035\277?wXk\302\327D\003E\230\211b:*\210"
 623      1DBF3F77 
 623      586BC2D7 
 623      44034598 
 623      89623A2A 
 624 0084 2AE2C4D6 		.ascii	"*\342\304\326\247\363\237\203\261P\321\362\212\211\201"
 624      A7F39F83 
 624      B150D1F2 
 624      8A8981
 625 0093 5F6A0849 		.ascii	"_j\010I\344\331R\323\016\006\005\333\334\017_\227\302"
 625      E4D952D3 
 625      0E0605DB 
 625      DC0F5F97 
ARM GAS  C:\Users\elias\AppData\Local\Temp\cciYT9qe.s 			page 49


 625      C2
 626 00a4 238A7CCD 		.ascii	"#\212|\315\271\276V\206\004F=6Kt\240\224L\335E\353s"
 626      B9BE5686 
 626      04463D36 
 626      4B74A094 
 626      4CDD45EB 
 627 00b9 A77D740C 		.ascii	"\247}t\014\001\024\264\364(\371\255\373\360\233\362"
 627      0114B4F4 
 627      28F9ADFB 
 627      F09BF2
 628 00c8 B586645D 		.ascii	"\265\206d]\365\202K\363\177-v<kX*\007\027\017\246\202"
 628      F5824BF3 
 628      7F2D763C 
 628      6B582A07 
 628      170FA682 
 629 00dc B257E486 		.ascii	"\262W\344\206\006\247\210\342\004\334\017uT@]\344\373"
 629      06A788E2 
 629      04DC0F75 
 629      54405DE4 
 629      FB
 630 00ed DBCF43A0 		.ascii	"\333\317C\240f&+\205\257\255\307\241bXd\306k\273\336"
 630      66262B85 
 630      AFADC7A1 
 630      625864C6 
 630      6BBBDE
 631 0100 D082258C 		.ascii	"\320\202%\214\243\301\277_\240\206\006\372\353\011\351"
 631      A3C1BF5F 
 631      A08606FA 
 631      EB09E9
 632 010f C76D630B 		.ascii	"\307mc\013\356\232\233M\257\273+\313\311\314F\326qS"
 632      EE9A9B4D 
 632      AFBB2BCB 
 632      C9CC46D6 
 632      7153
 633 0121 8BC94C62 		.ascii	"\213\311Lb6\225\330\234_M;S\016\375\002g\204j\276"
 633      3695D89C 
 633      5F4D3B53 
 633      0EFD0267 
 633      846ABE
 634              		.text
 635              		.section	.gnu.lto_CyDmacClearError.cd5e811f,"",%progbits
 636 0000 789C2550 		.ascii	"x\234%P\277KBQ\030\375\316\275/\023C\334Zr\020\032\314"
 636      BF4B4251 
 636      18FDCEBD 
 636      2F1343DC 
 636      5A72101A 
 637 0015 2584E82F 		.ascii	"%\204\350/0\012\032\"r\025B\354\215%<jh\362\352S\\\013"
 637      300A1A22 
 637      721542EC 
 637      8D253C6A 
 637      68F2EA53 
 638 002b 526810A7 		.ascii	"Rh\020\247\322\312~\015A\005\301\313?\300\332Z-\310"
 638      D2CA7E0D 
 638      4105C1CB 
 638      3FC0DA5A 
 638      2DC8
 639 003d A1165F14 		.ascii	"\241\026_\024\015\375x}\327.||\337=\234s\276s\257A "
ARM GAS  C:\Users\elias\AppData\Local\Temp\cciYT9qe.s 			page 50


 639      0DFD787D 
 639      D72E7C7C 
 639      DF3D9C73 
 639      BE73AF41 
 640 0052 7D16B84D 		.ascii	"}\026\270Mp\037\343\202$\210\255\016Q\336/\000=(?('"
 640      701FE382 
 640      2488AD0E 
 640      51DE2F00 
 640      3D283F28 
 641 0067 90C387F8 		.ascii	"\220\303\207\370\021h\227{W\"\326P|\272\317^\\5\035"
 641      1168977B 
 641      5722D650 
 641      7CBACF5E 
 641      5C351D
 642 007a 94249127 		.ascii	"\224$\221'\006N\204\006b\314\272p\2535\237\034\007\361"
 642      064E8406 
 642      62CCBA70 
 642      AB359F1C 
 642      07F1
 643 008c BCFBF0FA 		.ascii	"\274\373\360\372\031\214\356)UP\352+\245dI\002MHV`*"
 643      198CEE29 
 643      5550EA2B 
 643      A5644902 
 643      4D485660 
 644 00a1 8C789818 		.ascii	"\214x\230\030 \034 \252\311O\347\277\225\240\257\250"
 644      201C20AA 
 644      C94FE7BF 
 644      95A0AFA8 
 645 00b1 ED23FFA6 		.ascii	"\355#\377\2468\204O\307<]r\224\347\331\312\331\016\334"
 645      38844FC7 
 645      3C5D7294 
 645      E7D9CAD9 
 645      0EDC
 646 00c3 EE041862 		.ascii	"\356\004\030b\031'd\235\344\221\231}.\235\327\025Bw"
 646      1927649D 
 646      E491997D 
 646      2E9DD715 
 646      4277
 647 00d5 D983FD3D 		.ascii	"\331\203\375=K\266\204-u\360\326\276\353\204\336\205"
 647      4BB6842D 
 647      75F0D6BE 
 647      EB84DE85 
 648 00e5 DE1EC211 		.ascii	"\336\036\302\021\302\324C\341\255\334i\236Ao\260\245"
 648      C2D443E1 
 648      ADDC699E 
 648      416FB0A5 
 649 00f5 642663ED 		.ascii	"d&c\355\352\343\250\006XQ-\265\357\206\265B\016\336"
 649      EAE3A806 
 649      58512DB5 
 649      EF86B542 
 649      0EDE
 650 0107 71D377AF 		.ascii	"q\323w\257\215\377k\261\233W\006C5\367\362\336\250\243"
 650      8DFF6BB1 
 650      9B570643 
 650      35F7F2DE 
 650      A8A3
 651 0119 962FE695 		.ascii	"\226/\346\225\032)I\003\307\010\243\305\346\204\023"
ARM GAS  C:\Users\elias\AppData\Local\Temp\cciYT9qe.s 			page 51


 651      1A294903 
 651      C708A3C5 
 651      E68413
 652 0128 D479B3A4 		.ascii	"\324y\263\244\027\024\234\312\274\266\034|P_@\247\343"
 652      17149CCA 
 652      BCB61C7C 
 652      505F40A7 
 652      E3
 653 0139 AC913973 		.ascii	"\254\2219s\315\264\322\353\346\312r2\273ae\314\324b"
 653      CDB4D2EB 
 653      E6CA7232 
 653      BB6165CC 
 653      D462
 654 014b 329B984E 		.ascii	"2\233\230N%6gV\323\231\311\014\015\231\226\225\265\376"
 654      25366756 
 654      D399C90C 
 654      0D999695 
 654      B5FE
 655 015d 00A7517F 		.ascii	"\000\247Q\1776"
 655      36
 656              		.text
 657              		.section	.gnu.lto_CyDmacErrorAddress.cd5e811f,"",%progbits
 658 0000 789C6361 		.ascii	"x\234ca`d\000\201\377@\254\004\304\322@\314\310\314"
 658      60640081 
 658      FF40AC04 
 658      C4D240CC 
 658      C8CC
 659 0012 C0C834E1 		.ascii	"\300\3104\341\034\003C#\007\023##\210\321\300\301\310"
 659      1C034323 
 659      07132323 
 659      88D1C0C1 
 659      C8
 660 0023 50CFC458 		.ascii	"P\317\304X\317\370\225\351/\023\343\305\226\015s\230"
 660      CFF895E9 
 660      2F13E3C5 
 660      960D7398 
 661 0033 BF30B502 		.ascii	"\2770\265\002\225\261\000\271\037\317\316z\314\007\342"
 661      95B100B9 
 661      1FCFCE7A 
 661      CC07E2
 662 0042 32322A00 		.ascii	"22*\000\271\263\033.u\262k.ohhjxpt\225\343\304\346V"
 662      B9B31B2E 
 662      75B26B2E 
 662      6F68686A 
 662      78707495 
 663 005a 8F566626 		.ascii	"\217Vf&\206\377L\014\214+\030e\030\2273\312\200\254"
 663      86FF4C0C 
 663      8C2B1865 
 663      189733CA 
 663      80AC
 664 006c 58C9A8C9 		.ascii	"X\311\250\311\000T\374h\343\277\251\274l-\015@\240\000"
 664      0054FC68 
 664      E3BFA9BC 
 664      6C2D0D40 
 664      A000
 665 007e 52029459 		.ascii	"R\002\224Y\305\310\006r\322\372\240\003\015\377\377"
 665      C5C80672 
ARM GAS  C:\Users\elias\AppData\Local\Temp\cciYT9qe.s 			page 52


 665      D2FAA003 
 665      0DFFFF
 666 008d 37371CB8 		.ascii	"77\034\270\316u\360\026\027\320\000\220!\014\037\200"
 666      CE75F016 
 666      17D00090 
 666      210C1F80 
 667 009d 18E4A08F 		.ascii	"\030\344\240\217LL \232\371\031\343\241_]\317V\231\201"
 667      4C4C209A 
 667      F919E3A1 
 667      5F5DCF56 
 667      9981
 668 00af 74353383 		.ascii	"t53\203\0347\255\365\320yv\220k\230\031A\026\274xu\370"
 668      1C37ADF5 
 668      D0797690 
 668      6B981941 
 668      16BC7875 
 669 00c4 261F84DB 		.ascii	"&\037\204\333\361\240\261\001\344\336\256\306\2333X"
 669      F1A0B101 
 669      E4DEAEC6 
 669      9B3358
 670 00d3 E733CE6D 		.ascii	"\3473\316mlilh\260\004\232\313\302\270\006\350\260\325"
 670      6C696C68 
 670      B0049ACB 
 670      C2B806E8 
 670      B0D5
 671 00e5 208731AE 		.ascii	" \2071\256e\234\317\310\360\212\261\251\301\034j$(p"
 671      659CCFC8 
 671      F08AB1A9 
 671      C11C6A24 
 671      2870
 672 00f7 3E303182 		.ascii	">01\202l\003\262\025\334S\363R\213\022KRS\342\203\363"
 672      6C03B215 
 672      DC53F352 
 672      8B124B52 
 672      53E283F3 
 673 010b 4B8B9253 		.ascii	"K\213\222Sc\002\202\363\235Mc\234+]r\023\223\365\222"
 673      630282F3 
 673      9D4D639C 
 673      2B5D7213 
 673      93F592
 674 011e 1900C8E2 		.ascii	"\031\000\310\342g\010"
 674      6708
 675              		.text
 676              		.section	.gnu.lto_CyDmaChAlloc.cd5e811f,"",%progbits
 677 0000 789C9553 		.ascii	"x\234\225S]H\024Q\024>\347\336\331\231\331Y\377^\372"
 677      5D481451 
 677      143EE7DE 
 677      D999D959 
 677      FF5EFA
 678 0013 031F84F0 		.ascii	"\003\037\204\360A\202(\262\207^+\210\336\"_\203\020"
 678      418228B2 
 678      875E2B88 
 678      DE225F83 
 678      10
 679 0024 5D28A855 		.ascii	"](\250UD\243^\332\253\263k\205=\030\322\212R\010\025"
 679      44A35EDA 
 679      ABB36B85 
ARM GAS  C:\Users\elias\AppData\Local\Temp\cciYT9qe.s 			page 53


 679      3D18D28A 
 679      520815
 680 0037 64E9FA97 		.ascii	"d\351\372\227\345_\306h\202\321\232\026\021\230\245"
 680      E55FC668 
 680      82D19A16 
 680      1198A5
 681 0046 955684F5 		.ascii	"\225V\204\365\240f\245`n\347\336\031\303\250\227\006"
 681      A066A560 
 681      6EE7DE19 
 681      C3A89706 
 682 0056 E6E79EFB 		.ascii	"\346\347\236\373\235\357|\347\334o4@\220WL\003\330K"
 682      9DEF7CE7 
 682      DC6F3440 
 682      90574C03 
 682      D84B
 683 0068 EFB374A3 		.ascii	"\357\263t\243\005\310\252G\001\312M\206\272\373\301"
 683      05C8AA47 
 683      01CA4D86 
 683      BAFBC1
 684 0077 9936C841 		.ascii	"\2316\310AX\276\321\307\000\"EC\303\215\373\\\300\200"
 684      58BED1C7 
 684      00224543 
 684      C38DFB5C 
 684      C080
 685 0089 A9332E12 		.ascii	"\2513.\022\264e\031\325\204K1\230\331\234K+\377\373"
 685      B46519D5 
 685      844B3198 
 685      D99C4B2B 
 685      FFFB
 686 009b 2DB432D1 		.ascii	"-\2642\321\357\302\375\210\362C\230\010a\3065\237nP"
 686      EFC2FD88 
 686      F2439808 
 686      61C6359F 
 686      6E50
 687 00ad 28CC7440 		.ascii	"(\314t@G\303\315J\3117\366\223a\342\307\243\213V\316"
 687      47C3CD4A 
 687      C937F693 
 687      61E2C7A3 
 687      8B56CE
 688 00c0 4D212AC4 		.ascii	"M!*\304\333\017\035{j\033\035\214r\200$\003\334\225"
 688      DB0F1D7B 
 688      6A1B1D8C 
 688      72802403 
 688      DC95
 689 00d2 893B32A5 		.ascii	"\211;2\245\312\233\230\003\004}\026i\273\302\027Y\224"
 689      CA9B9803 
 689      047D1669 
 689      BBC21759 
 689      94
 690 00e3 236AB49C 		.ascii	"#j\264\234\177R?\223&\227\014\263h\331\374\372\341\224"
 690      7F523F93 
 690      26970CB3 
 690      68D9FCFA 
 690      E194
 691 00f5 CEB7A244 		.ascii	"\316\267\242D~\355\350[J\317\276.I\235\206\252\264:"
 691      7EEDE85B 
 691      4ACFBE2E 
ARM GAS  C:\Users\elias\AppData\Local\Temp\cciYT9qe.s 			page 54


 691      499D86AA 
 691      B43A
 692 0107 E144B2A2 		.ascii	"\341D\262\242\234\343m\344\222\370\026fb#f*\021\204"
 692      9CE36DE4 
 692      92F81666 
 692      6223662A 
 692      1184
 693 0119 EEAAE91B 		.ascii	"\356\252\351\033\322\3706\225\271z\273|\306\3642\257"
 693      D2F83695 
 693      B97ABB7C 
 693      C6F432AF 
 694 0129 26526B85 		.ascii	"&Rk\205SN\231\200\315n\346\232$\225W\2630\331\255\363"
 694      534E9980 
 694      CD6EE69A 
 694      249557B3 
 694      30D9ADF3 
 695 013d 5C9537D1 		.ascii	"\\\2257\321R\035\261\274\274\372D@\264\011S\246\265"
 695      521DB1BC 
 695      BCFA4440 
 695      B40953A6 
 695      B5
 696 014e FC236DBA 		.ascii	"\374#m\272}\365r\252\036\021tea+fc\234\356&\314\226"
 696      7DF572AA 
 696      1E117465 
 696      612B6663 
 696      9CEE26CC 
 697 0163 3D53B36D 		.ascii	"=S\263m\250\323A\361\365;\255\207\035\221L\332\302\251"
 697      A8D341F1 
 697      F53BAD87 
 697      1D914CDA 
 697      C2A9
 698 0175 0B0CC4D2 		.ascii	"\013\014\304\322\322\021\344\006SO\252A\000\003$\334"
 698      D211E406 
 698      534FAA41 
 698      000324DC 
 699 0185 8428D7FC 		.ascii	"\204(\327\374\362a\251h@!Rd\000`\216\310\035\035\346"
 699      F261A968 
 699      40215264 
 699      00608EC8 
 699      1D1DE6
 700 0198 19A3179F 		.ascii	"\031\243\027\237\306\0129\030U\214\220\244\352\356\271"
 700      C60A3918 
 700      558C90A4 
 700      EAEEB9
 701 01a7 91764B4E 		.ascii	"\221vKN\223\246\213\3554\234Oh;]U\033%\304\346\006!"
 701      93A68BED 
 701      349C4F68 
 701      3B5D551B 
 701      25C4E606 
 702 01bc 7A7ABEBC 		.ascii	"zz\276\2742\302?\305y!2\242\334\227d$\023;0L\374:L#"
 702      32C23FC5 
 702      792132A2 
 702      DC976424 
 702      133B304C 
 703 01d4 53642483 		.ascii	"Sd$\203\320 \371\373\2536\250P\\\361\307\242\203c\206"
 703      D020F9FB 
 703      AB36A850 
ARM GAS  C:\Users\elias\AppData\Local\Temp\cciYT9qe.s 			page 55


 703      5CF1C7A2 
 703      836386
 704 01e7 E4271BE2 		.ascii	"\344'\033\342\0355\374yF\376I\000\377\210\025\261\366"
 704      1D35FC79 
 704      46FE4900 
 704      FF8815B1 
 704      F6
 705 01f8 C56B7EB7 		.ascii	"\305k~\267\224\271\036l\250\341\376Y\331\270\300\335"
 705      94B91E6C 
 705      A8E1FE59 
 705      D9B8C0DD 
 706 0208 41CE8EBC 		.ascii	"A\316\216\274\030\262\032\360j\271Pq\216w1\214\235\222"
 706      18B21AF0 
 706      6AB95071 
 706      8E77318C 
 706      9D92
 707 021a 1AEF6103 		.ascii	"\032\357a\003\302G\264Wt\227\324osN\324\360\016#\023"
 707      C247B457 
 707      7497D46F 
 707      734ED4F0 
 707      0E2313
 708 022d 76C88B11 		.ascii	"v\310\213\021E\353\227\236\345TYH#U]\236%\346\231\006"
 708      45EB979E 
 708      E5545948 
 708      23555D9E 
 708      25E69906 
 709 0241 6D9C64D9 		.ascii	"m\234d\331K\225S-\247\\t\212\307 \305\242\014\375\207"
 709      4B95532D 
 709      A75C748A 
 709      C720C5A2 
 709      0CFD87
 710 0254 AEEEDFBA 		.ascii	"\256\356\337\272zH\027q\251\">x:,\233\267\347*W[\016"
 710      7A481771 
 710      A9223E78 
 710      3A2C9BB7 
 710      E72A575B 
 711 0269 BB552CAA 		.ascii	"\273U,\252B\014\235C\303\225\246\224e\322a\364R\346"
 711      420C9D43 
 711      C395A694 
 711      65D261F4 
 711      52E6
 712 027b DA789BE4 		.ascii	"\332x\233\344x-\331Y\254\362{\274\336\353.`s\\\177\204"
 712      782DD959 
 712      ACF27BBC 
 712      DEEB2E60 
 712      735C7F84 
 713 028f 40597DEB 		.ascii	"@Y}\353\262\3422+\240\212\352@\177\245<\376\014p\311"
 713      B2E2322B 
 713      A08AEA40 
 713      7FA53CFE 
 713      0C70C9
 714 02a2 38B80B85 		.ascii	"8\270\013\205A9\2401\333;t\3119S\367\2417\340rn\302"
 714      4139A031 
 714      DB3B74C9 
 714      3953F7A1 
 714      37E0726E 
 715 02b7 FBEE8016 		.ascii	"\373\356\200\026\210\236N\2205\372\210\3257\276s\001"
ARM GAS  C:\Users\elias\AppData\Local\Temp\cciYT9qe.s 			page 56


 715      889E4E90 
 715      35FA88D5 
 715      37BE7301 
 716 02c7 B9740C5B 		.ascii	"\271t\014[yYL\342|+\2237\220*\031\322gD7n\177\2565<"
 716      79594CE2 
 716      7C2B9337 
 716      902A19D2 
 716      6744376E 
 717 02df C23506DA 		.ascii	"\3025\006\3326!\256)\033.\377a\223\347\366\320\030w"
 717      3621AE29 
 717      1B2EFF61 
 717      93E7F6D0 
 717      1877
 718 02f1 EB2511FB 		.ascii	"\353%\021\373=\237\370=\317\256\351d\344\316\210siT"
 718      3D9FF83D 
 718      CFAEE964 
 718      E4CE8873 
 718      6954
 719 0303 B5F7B743 		.ascii	"\265\367\267C\374Ir9\340\003\362&\2311J\003\233\245"
 719      FC497239 
 719      E003F226 
 719      99314A03 
 719      9BA5
 720 0315 42974753 		.ascii	"B\227GS]\031L\365\300H\217\241J\230#o\032\221~\020\244"
 720      5D194CF5 
 720      C0488FA1 
 720      4A98236F 
 720      1A917E10 
 721 032a 2AB49775 		.ascii	"*\264\227u \030\012\226\344\227\006\013\217\346\025"
 721      20180A96 
 721      E497060B 
 721      8FE615
 722 0339 95951404 		.ascii	"\225\225\024\004\217\034\312+\332\267\373\310\2763\373"
 722      8F1CCA2B 
 722      DAB7FBC8 
 722      BE33FB
 723 0348 4FE6176C 		.ascii	"O\346\027l/\000\243\340X~(\024<a\026\236\314?\030*\014"
 723      2F00A3E0 
 723      587E2814 
 723      3C61169E 
 723      CC3F182A 
 724 035d 9E4E3B1E 		.ascii	"\236N;\036*\015\226\224\224\025\227\346\225R\336/\345"
 724      2A0D9694 
 724      941597E6 
 724      9552DE2F 
 724      E5
 725 036e 9D947B   		.ascii	"\235\224{"
 726              		.text
 727              		.section	.gnu.lto_CyDmaChFree.cd5e811f,"",%progbits
 728 0000 789C4D92 		.ascii	"x\234M\222Mh\023Q\020\307\337\377\315\346\243\321\244"
 728      4D681351 
 728      10C7DFFF 
 728      CDE6A3D1 
 728      A4
 729 0011 39085E42 		.ascii	"9\010^B\011H(\005Q\241x\362$\025\354Q\3155 !]P\320T"
 729      09482805 
 729      51A178F2 
ARM GAS  C:\Users\elias\AppData\Local\Temp\cciYT9qe.s 			page 57


 729      2415EC51 
 729      CD352021 
 730 0029 D204F494 		.ascii	"\322\004\364\224\327f\027\365\"\225*R[O\242\361\253"
 730      D76617F5 
 730      22952A52 
 730      5B4FA2F1 
 730      AB
 731 003a 1F51049B 		.ascii	"\037Q\004\233\213Q\017^\264EAAkE\033\012\245\364\320"
 731      8B510F5E 
 731      B4454141 
 731      6B451B0A 
 731      A5F4D0
 732 004d 142378A8 		.ascii	"\024#x\250qfS\321\201}og\370\377\346\375\337\354Z\012"
 732      716653D1 
 732      817D6F67 
 732      F8FFE6FD 
 732      DFEC5A0A 
 733 0061 4A629756 		.ascii	"Jb\227V\3520\357\275\374\300\247\240G\347\225\032\016"
 733      EA30EFBD 
 733      FCC0A7A0 
 733      47E7951A 
 733      0E
 734 0072 6A4DD52E 		.ascii	"jM\325.eB\326\307\375\312\354$XR\206\005\310n\202PE"
 734      6542D6C7 
 734      FDCAEC24 
 734      58528605 
 734      C86E8250 
 735 0087 4D168A68 		.ascii	"M\026\212h\352-\215w\316\354$\375\320.\261\202\323\306"
 735      EA2D8D77 
 735      CEEC24FD 
 735      D02EB182 
 735      D3C6
 736 0099 DB9BF588 		.ascii	"\333\233\365\210\244@\234\323\011\363\376r\240\247l"
 736      A4409CD3 
 736      09F3FE72 
 736      A0A76C
 737 00a8 CC88F9B6 		.ascii	"\314\210\371\266\262v\374j\311\355wI\253\226V\270\207"
 737      B276FC6A 
 737      C9ED7749 
 737      AB9656B8 
 737      87
 738 00b9 18CA88C9 		.ascii	"\030\312\210\311\321\367\321\303\332\257\257><\357\240"
 738      D1F7D1C3 
 738      DAAFAF3E 
 738      3CEFA0
 739 00c8 3D50FC7E 		.ascii	"=P\374~\267\374\363u\244\373\216p\346W\312\220K\204"
 739      B7FCF375 
 739      A4FB8E70 
 739      E657CA90 
 739      4B84
 740 00da 0720E17A 		.ascii	"\007 \341zc8\020S\\Px\210n\021\217m.=\363\323^\017\374"
 740      63381053 
 740      5C507888 
 740      6E118F6D 
 740      2E3DF3D3 
 741 00f1 3C3DEA84 		.ascii	"<=\352\204\022\267\005\254-\315\207o\230\332p\\\340"
 741      12B705AC 
ARM GAS  C:\Users\elias\AppData\Local\Temp\cciYT9qe.s 			page 58


 741      2DCD876F 
 741      98DA705C 
 741      E0
 742 0102 47FFC312 		.ascii	"G\377\303\022\254]u\315T\007\035\362\270\261k\315\227"
 742      AC5D75CD 
 742      54071DF2 
 742      B8B16BCD 
 742      97
 743 0113 BE6D6EF1 		.ascii	"\276mn\361J\347\270\2519\314iL\267\271\177f=r\271\362"
 743      4AE7B8A9 
 743      39CC694C 
 743      B7B97F66 
 743      3D72B9F2 
 744 0127 FB7AD8EF 		.ascii	"\373z\330\357\030\2168f\220\300\024\022r)\276\313,\374"
 744      188E3866 
 744      90C01412 
 744      7229BECB 
 744      2CFC
 745 0139 3C5C4875 		.ascii	"<\\Hu\346D\315\264Z%S\373\024y1\331\031\200\222\242"
 745      E644CDB4 
 745      5A2553FB 
 745      147931D9 
 745      198092A2 
 746 014d F6561E8F 		.ascii	"\366V\036\217\230W\033\314\310T\033Z\313N\313\030\221"
 746      98571BCC 
 746      C8541B5A 
 746      CB4ECB18 
 746      91
 747 015e E3BD2E2C 		.ascii	"\343\275.,\343\243\236^|S\011\311@5\200\012[\370\016"
 747      E3A39E5E 
 747      7C5309C9 
 747      4035800A 
 747      5BF80E
 748 0171 67A154BF 		.ascii	"g\241T\277\025\020M\211\210%\365\361\225\352\016\221"
 748      15104D89 
 748      8825F5F1 
 748      95EA0E91 
 749 0181 1076E3F1 		.ascii	"\020v\343\361\266\313\206&U\355\242U8\321\266R>\326"
 749      B6CB8626 
 749      55EDA255 
 749      38D1B652 
 749      3ED6
 750 0193 DCDCFA62 		.ascii	"\334\334\372b\240\270e.\031\023u\311ji\261\372\004E"
 750      A0B8652E 
 750      191375C9 
 750      6A69B1FA 
 750      0445
 751 01a5 C58D5CF2 		.ascii	"\305\215\\\362y\230\365\327H\324sZ\"\2505v5\261\020"
 751      7998F5D7 
 751      48D4735A 
 751      22A83576 
 751      35B110
 752 01b8 6EF7915F 		.ascii	"n\367\221_g\263\355E\177i\236\347\306\\\332\340N\214"
 752      67B3ED45 
 752      7F699EE7 
 752      C65CDAE0 
 752      4E8C
ARM GAS  C:\Users\elias\AppData\Local\Temp\cciYT9qe.s 			page 59


 753 01ca F16DE247 		.ascii	"\361m\342G\355\254\235K\347\355\201\223\311\301B.c\247"
 753      EDAC9D4B 
 753      E7ED8193 
 753      C9C1422E 
 753      63A7
 754 01dc 8E2507FB 		.ascii	"\216%\007\373\016\246\372.\0349\233\316\354\313\250"
 754      0EA6FA2E 
 754      1C399BCE 
 754      ECCBA8
 755 01eb 60E6547F 		.ascii	"`\346T\177:;p\306\216\234\316\346\355\\\256p.\237\314"
 755      3A3B70C6 
 755      8E9CCEE6 
 755      ED5CAE70 
 755      2E9FCC
 756 01fe B3DE3FC4 		.ascii	"\263\336?\304ka\350\017\312\236\306\330"
 756      6B61E80F 
 756      CA9EC6D8 
 757              		.text
 758              		.section	.gnu.lto_CyDmaChEnable.cd5e811f,"",%progbits
 759 0000 789C6592 		.ascii	"x\234e\222Kh\023Q\024\206\357\177\317L\222\266\266\006"
 759      4B681351 
 759      1486EF7F 
 759      CF4C92B6 
 759      B606
 760 0012 5D881024 		.ascii	"]\210\020$ %\024\304\012\245\340\312M\005\273\224\326"
 760      202514C4 
 760      0AA5E0CA 
 760      4D05BB94 
 760      D6
 761 0023 65444232 		.ascii	"eDB2\340B[IR\241\253\\;3\250\340B\255.\352k#1\276j\033"
 761      E0425B49 
 761      52A1AB5C 
 761      3B33A8E0 
 761      42AD2EEA 
 762 003d C545C5D2 		.ascii	"\305E\305\322\370\200n|\240V7\202\330\006\241\210B#"
 762      F8806E7C 
 762      A0563782 
 762      D806A188 
 762      4223
 763 004f AD2B633C 		.ascii	"\255+c<gRq\341\205\2313\367\360\177\347\376\347\314"
 763      675271E1 
 763      859933F7 
 763      F07FE7FE 
 763      E7CC
 764 0061 B51494AC 		.ascii	"\265\024\224\254\255Z\251=\034{\370\201\255\240\317"
 764      AD5AA93D 
 764      1C7BF881 
 764      ADA0CF
 765 0070 BE52EA44 		.ascii	"\276R\352DDkZ\350V\246\325z\274M\231\015\004K\322\260"
 765      446B5AE8 
 765      56A6D57A 
 765      BC4D990D 
 765      044BD2B0 
 766 0084 00892602 		.ascii	"\000\211&\002U\320d\241\2005]\327x\343M_\241U\355\023"
 766      55D064A1 
 766      80355DD7 
 766      78E34D5F 
ARM GAS  C:\Users\elias\AppData\Local\Temp\cciYT9qe.s 			page 60


 766      A155ED13 
 767 0098 2B785B7B 		.ascii	"+x[{y\251\332![ \316\333\313\346\355\351pW\311\2301"
 767      79A9DA21 
 767      5B20CEDB 
 767      CBE6EDE9 
 767      7057C998 
 768 00ad F3B9581A 		.ascii	"\363\271X\0328\347\372\375>i\325\320\0127\021C\0111"
 768      38E7FAFD 
 768      3E69D5D0 
 768      0A371143 
 768      0931
 769 00bf 39FA16BA 		.ascii	"9\372\026\272X\373\351\331\373\271\026\332\016\305\337"
 769      58FBE9D9 
 769      FBB916DA 
 769      0EC5DF
 770 00ce 374A3FE7 		.ascii	"7J?\347;\022E\341L=i\310'\302m\220p=1\354\212)N(\334"
 770      3B1245E1 
 770      4C3D69C8 
 770      27C26D90 
 770      703D31EC 
 771 00e7 4182B5DE 		.ascii	"A\202\265\336|\345\014\321\216\200\373P}\376=\264\316"
 771      7CE50CD1 
 771      8E80FB50 
 771      7DFE3DB4 
 771      CE
 772 00f8 CD1E6C72 		.ascii	"\315\036lrw\377\343&\221\020\361\262o&[hw\000\216_X"
 772      77FFE326 
 772      9110F1B2 
 772      6F265B68 
 772      77008E5F 
 773 010d 7B6A775E 		.ascii	"{jw^\027\2602w~\343\204\251xqv\212{M\370\237Y%\352\245"
 773      17B03277 
 773      7EE384A9 
 773      7871768A 
 773      7B4DF89F 
 774 0125 F2EF8BED 		.ascii	"\362\357\213\355!\317\360\212c\012\235\322\020\3671"
 774      21CFF08A 
 774      630A9DD2 
 774      10F731
 775 0134 8D100F16 		.ascii	"\215\020\017\026\222\231\032\250\230F\3035\225\331M"
 775      92991AA8 
 775      9846C335 
 775      95D94D
 776 0143 4FAE6DE6 		.ascii	"O\256m\346\231IR\007o\036\015\033\267\021\330P+L\312"
 776      99495207 
 776      6F1E0D1B 
 776      B711D850 
 776      2B4CCA
 777 0156 5C6B5A4B 		.ascii	"\\kZK\244%\214\211\201\240\026\213\371\260\207'_\224"
 777      A4258C89 
 777      81A0168B 
 777      F9B08727 
 777      5F94
 778 0168 5B65A41A 		.ascii	"[e\244\032@\231M,\302{\355\226\212a\321\270D,\251N|"
 778      40994D2C 
 778      C27BED96 
 778      8A61D1B8 
ARM GAS  C:\Users\elias\AppData\Local\Temp\cciYT9qe.s 			page 61


 778      442CA94E 
 779 017d 79D42612 		.ascii	"y\324&\022\302\026\334_\367Y\323\244\026\272i\031~\264"
 779      C216DC5F 
 779      F759D3A4 
 779      16BA6919 
 779      7EB4
 780 018f A994DF35 		.ascii	"\251\224\33753\363\355c\270P7\247\214\211\372d5\264"
 780      33F3ED63 
 780      B85037A7 
 780      8C89FA64 
 780      35B4
 781 01a1 187E8082 		.ascii	"\030~\200\202\342B.\331>\331\001i\375\365\022\015,\273"
 781      E2422ED9 
 781      3ED90169 
 781      FDF5120D 
 781      2CBB
 782 01b3 04F5958D 		.ascii	"\004\365\225\215]}\327\336,%\367\347G\323\216\3765>"
 782      5D7DD7DE 
 782      2C25F7E7 
 782      47D38EFE 
 782      353E
 783 01c5 CAB539B5 		.ascii	"\312\2659\265\302\305\030\343\206\342\373\234!'\233"
 783      C2C518E3 
 783      86E2FB9C 
 783      21279B
 784 01d4 CA3B9943 		.ascii	"\312;\231C\203\303#\331\264\223\334?8\334\327\233\354"
 784      83C323D9 
 784      B493DC3F 
 784      38DCD79B 
 784      EC
 785 01e5 1BDD7B34 		.ascii	"\033\335{4\225\336\231V\221\364\341\376\324P\346\210"
 785      95DE9956 
 785      91F4E1FE 
 785      D450E688 
 786 01f5 D3762CEB 		.ascii	"\323v,\353\344\234\354q\347@&\027\312\345S\371\221\334"
 786      E49CEC71 
 786      E7402617 
 786      CAE553F9 
 786      91DC
 787 0207 1F1532C3 		.ascii	"\037\0252\303\344"
 787      E4
 788              		.text
 789              		.section	.gnu.lto_CyDmaChDisable.cd5e811f,"",%progbits
 790 0000 789C4551 		.ascii	"x\234EQ\313KTa\024?\277\357\334yhi\003Am\006\031\010"
 790      CB4B5461 
 790      143FBFEF 
 790      DC796869 
 790      03416D06 
 791 0016 11213292 		.ascii	"\021!2\222\376\002\205\\\212n\007b\030/\264(\005\035"
 791      FE02855C 
 791      8A6E0762 
 791      182FB428 
 791      051D
 792 0028 17AEE6D3 		.ascii	"\027\256\346\323{/\325\2560\027j\320Bl\264|\315\242"
 792      7B2FD5AE 
 792      30176AD0 
 792      426CB47C 
ARM GAS  C:\Users\elias\AppData\Local\Temp\cciYT9qe.s 			page 62


 792      CDA2
 793 003a 8511CC54 		.ascii	"\205\021\314T\2136\275\261\010\202(%\220p\341D\266\221"
 793      8B36BDB1 
 793      08822825 
 793      9070E144 
 793      B691
 794 004c E976CE1D 		.ascii	"\351v\316\035\243\017\356=\367\034~\257\357\\\207@z"
 794      A30FEE3D 
 794      F71C7EAF 
 794      EF5C8740 
 794      7A
 795 005d 3E49B920 		.ascii	">I\271 \265[\036\304\010\346\326k\242\311\2441\274\325"
 795      B55B1EC4 
 795      08E6D66B 
 795      A2C9A431 
 795      BCD5
 796 006f 45B6D979 		.ascii	"E\266\331y\322F\3668\303\3211\034@\253M\202\212\206"
 796      D246F638 
 796      C3D1311C 
 796      40AB4D82 
 796      8A86
 797 0081 1D147160 		.ascii	"\035\024q`\352\006\357\374\215\273\374\313\004,\010"
 797      EA06EFFC 
 797      8DBBFCCB 
 797      042C08
 798 0090 696BAFE6 		.ascii	"ik\257\346vZ\265\0052\322\316\333\3677\023\235%k\247"
 798      765AB505 
 798      32D2CEDB 
 798      F737139D 
 798      256BA7
 799 00a3 ECD7A032 		.ascii	"\354\327\2402p\333\013\372\0026\024\032\302\022\322"
 799      70DB0BFA 
 799      0236141A 
 799      C212D2
 800 00b2 2821ADD6 		.ascii	"(!\255\326\313\350\024\354\227\347\037*M|\006$\337\367"
 800      CBE814EC 
 800      97E71F2A 
 800      4D7C0624 
 800      DFF7
 801 00c4 4BBF5FB4 		.ascii	"K\277_\264v,*\317\206Y\313\0013\036\200\225\327\235"
 801      762C2ACF 
 801      8659CB01 
 801      331E8095 
 801      D79D
 802 00d6 C6F934C9 		.ascii	"\306\3714\311\200\360\020\035\012\336\015\354j\023\237"
 802      80F0101D 
 802      0ADE0DEC 
 802      6A139F
 803 00e5 8D88D377 		.ascii	"\215\210\323w\016\236\305\332\027\224X\255O\237\230"
 803      0E9EC5DA 
 803      179458AD 
 803      4F9F98
 804 00f4 B5553F23 		.ascii	"\265U?#\216Xi\220\377\233\222\242\267\313\177fZ\342"
 804      8E586990 
 804      FF9B92A2 
 804      B7CB7F66 
 804      5AE2
ARM GAS  C:\Users\elias\AppData\Local\Temp\cciYT9qe.s 			page 63


 805 0106 BE9593C1 		.ascii	"\276\225\223\301*\3325\230\344YC\\6\003\235\254\017"
 805      2ADA3598 
 805      E459435C 
 805      36039DAC 
 805      0F
 806 0117 546D187A 		.ascii	"Tm\030z\266zx\362\351\333S\011\220\016M\364\226+j\000"
 806      B67A78F2 
 806      E9DB5309 
 806      900E4DF4 
 806      962B6A00 
 807 012b DA178E6E 		.ascii	"\332\027\216n\246f\214V\336\306\224ZG*\002\023\233G"
 807      A6668C56 
 807      DEC6945A 
 807      472A0213 
 807      9B47
 808 013d D75F969B 		.ascii	"\327_\226\233u)\006\300\272\330\177\203\377\306[XI("
 808      752906C0 
 808      BAD87F83 
 808      FFC65B58 
 808      4928
 809 014f C66316C8 		.ascii	"\306c\026\310\316\354\367\307\307\024\3028\215\215\243"
 809      CEECF7C7 
 809      C714C238 
 809      8D8DA3
 810 015e 8435C3B4 		.ascii	"\2045\303\264\325\305\273\360S\015\244.|ss\357s\242"
 810      D5C5BBF0 
 810      530DA42E 
 810      7C7373EF 
 810      73A2
 811 0170 58B737AC 		.ascii	"X\2677\254M\005\354\204F\243\226Q$\021\0128\026\321"
 811      4D05EC84 
 811      46A39651 
 811      24110A38 
 811      16D1
 812 0182 9C7F4152 		.ascii	"\234\177ARQR\217A?$U\345cKCG\177\377\317F\026\263wo"
 812      51528F41 
 812      3F2455E5 
 812      634B4347 
 812      7FFFCF46 
 813 019a 428465B4 		.ascii	"B\204e\264/JB\223\333d.\271\303\356h\256\340\016]\036"
 813      2F4A4293 
 813      DB642EB9 
 813      C3EE68AE 
 813      E00E5D1E 
 814 01ae 1C191FCD 		.ascii	"\034\031\037\315\273\331\376\301\221\236\213\331\236"
 814      BBD9FEC1 
 814      919E8BD9 
 814      9E
 815 01bb 89DE6BB9 		.ascii	"\211\336k\271\374\271<%\363W\372r\303CW\335\370X!W\030"
 815      FCB93C25 
 815      F357FA72 
 815      C34357DD 
 815      F8582157 
 816 01d0 1FFB0B39 		.ascii	"\037\373\0139]\256\017"
 816      5DAE0F
 817              		.text
 818              		.section	.gnu.lto_CyDmaClearPendingDrq.cd5e811f,"",%progbits
ARM GAS  C:\Users\elias\AppData\Local\Temp\cciYT9qe.s 			page 64


 819 0000 789C4551 		.ascii	"x\234EQ\315KTQ\024?\277{\336|hi\263\233\315\020\003"
 819      CD4B5451 
 819      143FBF7B 
 819      DE7C6869 
 819      B39BCD10 
 820 0015 21228446 		.ascii	"!\"\204F\322_\240\220\313\320\255\021\303\370\240E)"
 820      D25FA090 
 820      CBD0AD11 
 820      C3F8A045 
 820      29
 821 0026 E8B87035 		.ascii	"\350\270p57\337{X\273\304\"Lw\242\243\226\216\2630\230"
 821      37DF7B58 
 821      BBC4224C 
 821      77A2A396 
 821      8EB33098 
 822 003a 089A6AD1 		.ascii	"\010\232j\321\246\017\012\243 \020S\004\211 G\264\235"
 822      A60F0AA3 
 822      20105304 
 822      892047B4 
 822      9D
 823 004b 8DE7BC29 		.ascii	"\215\347\274)\274\360\336y\347\360\373\272\3479\004"
 823      BCF0DE79 
 823      E7F0FBBA 
 823      E73904
 824 005a D2F34DCA 		.ascii	"\322\363M\312e\251\235\362 B0\367?\020\335\211\033\303"
 824      65A99DF2 
 824      204230F7 
 824      3F10DD89 
 824      1BC3
 825 006c 1B1D641B 		.ascii	"\033\035d\033\235\027\347\311\236e8:\206\003h\265qP"
 825      9D17E7C9 
 825      9E65383A 
 825      860368B5 
 825      7150
 826 007e DEB0833C 		.ascii	"\336\260\203<\216\314\261\301'\177m\226\017M\300\202"
 826      8ECCB1C1 
 826      277F6D96 
 826      0F4DC082 
 827 008e 90B6FAFE 		.ascii	"\220\266\372\376\361N\263\266@Z\332\031\373\371^\254"
 827      F14EB3B6 
 827      405ADA19 
 827      FBF95EAC 
 828 009e AD60EDB8 		.ascii	"\255`\355\270\335\332\375\335;\351\005=\001\033\252"
 828      DDDAFDDD 
 828      3BE9053D 
 828      011BAA
 829 00ad 19C22252 		.ascii	"\031\302\"R( \245\326Kh\023\354\346\233//\033\370\002"
 829      2820A5D6 
 829      4B6813EC 
 829      E69B2F2F 
 829      1BF802
 830 00c0 48BE170A 		.ascii	"H\276\027\012\177\3366\267\316+\317\316\\\267\0340c"
 830      7FDE36B7 
 830      CE2BCFCE 
 830      5CB71C30 
 830      63
 831 00d1 19ACBCCE 		.ascii	"\031\254\274\316\024.\245H\006\204'hU\360^`W\032\370"
ARM GAS  C:\Users\elias\AppData\Local\Temp\cciYT9qe.s 			page 65


 831      142EA548 
 831      06842768 
 831      55F05E60 
 831      571AF8
 832 00e4 62489C7A 		.ascii	"bH\234zp\364:\3222\247\304\312\324\243s\323\266\342"
 832      70F43AD2 
 832      32A7C4CA 
 832      D4A373D3 
 832      B6E2
 833 00f6 A7C5114F 		.ascii	"\247\305\021O\353\344SSR\364v\351\357\303\246\250o\345"
 833      EBE45353 
 833      52F476E9 
 833      EFC3A6A8 
 833      6FE5
 834 0108 A4B18216 		.ascii	"\244\261\202\026\015&yV\021\225\315@'\305\336\212\255"
 834      0D267956 
 834      1195CD40 
 834      27C5DE8A 
 834      AD
 835 0119 D53C5B99 		.ascii	"\325<[\231L\276z\226\214\201th\302\267\\Q\003\320\276"
 835      4CBE7A96 
 835      8C817468 
 835      C2B75C51 
 835      03D0BE
 836 012c 70743355 		.ascii	"pt3Uc\264\3626\306\325:T\021\230\330\254O\274+5\352"
 836      63B4F236 
 836      C6D53A54 
 836      1198D8AC 
 836      4FBC2B35 
 837 0141 520C80A2 		.ascii	"R\014\200\242\330\377\200\377\321+\256\306\024\3431"
 837      D8FF80FF 
 837      D12BAEC6 
 837      14E331
 838 0150 0B64677A 		.ascii	"\013dgz\367\371\031\2050\222X\373\227\260j\2306:x\017"
 838      F7F91985 
 838      309258FB 
 838      97B06A98 
 838      363A780F 
 839 0164 7EA28ED4 		.ascii	"~\242\216\324\205\227\313\277\276\307\362\307\366\256"
 839      8597CBBF 
 839      BEC7F2C7 
 839      F6AE
 840 0172 B589809D 		.ascii	"\265\211\200\235\232\321\250%\344I\204\002\216\2044"
 840      9AD1A825 
 840      E4498402 
 840      8E8434
 841 0181 E77F9044 		.ascii	"\347\177\220D\230\324c\320OI\265\376\265\251\256\243"
 841      98D463D0 
 841      4F49B5FE 
 841      B5A9AEA3 
 842 0191 BFFFA09E 		.ascii	"\277\377\240\236\305\314\226\307DXF\373\242$4\271M\372"
 842      C5CC96C7 
 842      445846FB 
 842      A22434B9 
 842      4DFA
 843 01a3 AA3BE80E 		.ascii	"\252;\350\016gr\356\300\215\276\241\321\341\254\333"
 843      6772EEC0 
ARM GAS  C:\Users\elias\AppData\Local\Temp\cciYT9qe.s 			page 66


 843      8DBEA1D1 
 843      E1ACDB
 844 01b2 7FAD6FA8 		.ascii	"\177\255o\250\353J\177\327X\367\355L\266=K\361\354\315"
 844      EB4A7FD7 
 844      58F7ED4C 
 844      B63D4BF1 
 844      ECCD
 845 01c4 9ECCE0C0 		.ascii	"\236\314\340\300-7:\222\313\344FGN\000\037-\254\300"
 845      2D373A92 
 845      CBE44647 
 845      4E001F2D 
 845      ACC0
 846              		.text
 847              		.section	.gnu.lto_CyDmaChPriority.cd5e811f,"",%progbits
 848 0000 789C6592 		.ascii	"x\234e\222Mh\023Q\020\307\337\274\331\315G5mnB\011\262"
 848      4D681351 
 848      10C7DFBC 
 848      D9CD4735 
 848      6D6E4209 
 849 0015 202114C4 		.ascii	" !\024\304\012\2457/R\301\036\245\365$\025\011\351\202"
 849      0AA5372F 
 849      52C11EA5 
 849      F5241509 
 849      E982
 850 0027 85DA489A 		.ascii	"\205\332H\232\0109\345%\233\265\352\311P\213\264\352"
 850      0839E525 
 850      9BB5EAC9 
 850      508BB4EA 
 851 0037 C9D6F8D1 		.ascii	"\311\326\370\321\232\306\266\207j\300\250\240\027?\210"
 851      9AC6B687 
 851      6AC0A8A0 
 851      173F88
 852 0046 C44B05A9 		.ascii	"\304K\005\251-\305\"=4b\365T\343\314&\242\340\203\335"
 852      2DC5223D 
 852      3462F554 
 852      E3CC26A2 
 852      E083DD
 853 0059 B76FF8FF 		.ascii	"\267o\370\377f\376of5\001\202\327I)\304Q\332\273\350"
 853      66FE6F66 
 853      350182D7 
 853      4929C451 
 853      DABBE8
 854 006c 015D80BC 		.ascii	"\001]\200\274\372V\210\264GJ\254v\012\325\242\225\366"
 854      FA5688B4 
 854      474AAC76 
 854      0AD5A295 
 854      F6
 855 007d 0BB51741 		.ascii	"\013\265\027A\3430h\000\274+\017\210\224D\015R\260#"
 855      E3306800 
 855      BC2B0F88 
 855      94440D52 
 855      B023
 856 008f 772554B2 		.ascii	"w%T\262\3637\361\273\264\221\024t\254\275\231Zo\345"
 856      F337F1BB 
 856      B4911474 
 856      ACBD995A 
 856      6FE5
ARM GAS  C:\Users\elias\AppData\Local\Temp\cciYT9qe.s 			page 67


 857 00a1 238041C7 		.ascii	"#\200A\307\033\352\375ewG^\251\214Z\335\250\367\345"
 857      1BEAFD65 
 857      77475EA9 
 857      8C5ADDA8 
 857      F7E5
 858 00b3 2CBBD746 		.ascii	",\273\327F)\352R\300]\010@\036\002\\\372\036t\220\366"
 858      29EA52C0 
 858      5D08401E 
 858      025CFA1E 
 858      7490F6
 859 00c6 D38B0F4F 		.ascii	"\323\213\017O\275x\000\004}\337\311\377x\325\032\232"
 859      BD780004 
 859      7DDFC9FF 
 859      78D51A9A 
 860 00d6 614EE54E 		.ascii	"aN\345N+\264\021\341> s]\0018\034\020\024\020\360\000"
 860      2BB411E1 
 860      3E20735D 
 860      01381C10 
 860      1410F000 
 861 00ea 42A4FDF9 		.ascii	"B\244\375\371\262pQ\307\203\016wkfz\332\333\344*Mn\366"
 861      B27051C7 
 861      830E776B 
 861      667ADADB 
 861      E42A4D6E 
 862 00ff 3F6E0E42 		.ascii	"?n\016B,\336\264\325\234\027\273\035p\374\332\316s="
 862      2CDEB4D5 
 862      9C17BB1D 
 862      70FCDACE 
 862      733D
 863 0111 789BC1F2 		.ascii	"x\233\301\362\304T\333\244*g\015r\012\017\033\360_\263"
 863      C454DBA4 
 863      2A670D72 
 863      0A0F1BF0 
 863      5FB3
 864 0123 82D55F4A 		.ascii	"\202\325_JcU\300#\016\231\276\2229\325\004\307W|\327"
 864      6355C023 
 864      0E99BE92 
 864      39D504C7 
 864      577CD7
 865 0136 55396D70 		.ascii	"U9mp\325\371\177\2536\261\265\342\257\011\237+\253h"
 865      D5F97FAB 
 865      36B1B5E2 
 865      AF099F2B 
 865      AB68
 866 0148 19508420 		.ascii	"\031P\204 \024 \310\275\240\026<\002\027\315\0048R\350"
 866      1420C8BD 
 866      A0163C02 
 866      17CD0438 
 866      52E8
 867 015a 2BAB7ADD 		.ascii	"+\253z\335R\345\\\373\263R;\265\233\203\322ySW\351\316"
 867      52E55CFB 
 867      B3523BB5 
 867      9B83D279 
 867      5357E9CE 
 868 016e 6E706E20 		.ascii	"npn \266\211\344\221\324\244\344\035\327 \303\336\235"
 868      B689E491 
 868      D4A4E41D 
ARM GAS  C:\Users\elias\AppData\Local\Temp\cciYT9qe.s 			page 68


 868      D720C3DE 
 868      9D
 869 017f 5C24A682 		.ascii	"\\$\246\202Kc\257\213-<\015\011\000\013\344\3773d\337"
 869      4B63AF8B 
 869      2D3C0D09 
 869      000BE4FF 
 869      3364DF
 870 0192 590B8B6E 		.ascii	"Y\013\213n\326X\210$Y\237\334x\274\207%\010\373`\261"
 870      D6588824 
 870      599FDC78 
 870      BC872508 
 870      FB60B1
 871 01a5 79C59A44 		.ascii	"y\305\232DQ\355\304M\260\375\015%Ozyy\353\243;\265\253"
 871      51EDC44D 
 871      B0FD0D25 
 871      4F7A7979 
 871      EBA33BB5 
 872 01ba 2E29E5B7 		.ascii	".)\345\267Q\253K6\274\004)A\211,t\333\250;\244\366\307"
 872      51AB4B36 
 872      BC042941 
 872      892C74DB 
 872      A83BA4F6 
 873 01cf 8BDFB16C 		.ascii	"\213\337\261l!\210\257d\354\311\212\257\221\212\177"
 873      2188AF64 
 873      ECC98AAF 
 873      918A7F
 874 01de BD6F0D3B 		.ascii	"\275o\015;r\266\222\244\334\024\332\246d\204\321\205"
 874      72B692A4 
 874      DC14DAA6 
 874      6484D185 
 875 01ee 8CE3E688 		.ascii	"\214\343\346\210\031\013\307\315\3013\375\321D,b\016"
 875      190BC7CD 
 875      C133FDD1 
 875      442C620E 
 876 01fe 9CE88FF6 		.ascii	"\234\350\217\366t\017\364$\217\235\013G\016E\204'r\266"
 876      740FF424 
 876      8F9D0B47 
 876      0E458427 
 876      72B6
 877 0210 373C3238 		.ascii	"7<28lz\316\307\206\242\261\241x\3225\032\017\307\023"
 877      6C7ACEC7 
 877      86A2B1A1 
 877      78D2351A 
 877      0FC713
 878 0223 A3FA85F0 		.ascii	"\243\372\205\360p\302\374\015\221\266\327C"
 878      70C2FC0D 
 878      91B6D743 
 879              		.text
 880              		.section	.gnu.lto_CyDmaChSetExtendedAddress.cd5e811f,"",%progbits
 881 0000 789C8D54 		.ascii	"x\234\215T[LTW\024=\373\234\373\232\007\243\037\332"
 881      5B4C5457 
 881      143DFB9C 
 881      FB9A07A3 
 881      1FDA
 882 0012 7E383124 		.ascii	"~81$\015!\222\246\324\230\246\375\363\303&\372\323\304"
 882      0D2192A6 
 882      D498A6FD 
ARM GAS  C:\Users\elias\AppData\Local\Temp\cciYT9qe.s 			page 69


 882      F3C326FA 
 882      D3C4
 883 0024 747EFA61 		.ascii	"t~\372a\323L`\232\232\264C\002c\023\27780s\253M\323"
 883      D34C609A 
 883      9AB44302 
 883      6313BF38 
 883      3073AB4D 
 884 0039 4442B581 		.ascii	"DB\265\201\001\261\"el\345)HE\320\341U*E\214\326\206"
 884      01B12265 
 884      6CE52948 
 884      45D0E155 
 884      2A458CD6 
 885 004e 502AB192 		.ascii	"P*\261\222\241\255!\225\241N\211m\204\356}\356\014\205"
 885      A1AD2195 
 885      A14E896D 
 885      84EE7DEE 
 885      0C85
 886 0060 C60F6F32 		.ascii	"\306\017o2\217\263\317^k\257\275\316\276Gc\300\350q"
 886      8FB3CF5E 
 886      6BAFBDCE 
 886      BE4763C0 
 886      E871
 887 0072 1B8CBD81 		.ascii	"\033\214\275\201\277\357\342\007\\\014\370\211)\306"
 887      BFEFE207 
 887      5C0CF889 
 887      29C6
 888 0080 AA2CCEC5 		.ascii	"\252,\316\305\322v&\335\332\231\327\230\364\012\320"
 888      D27626DD 
 888      DA99D798 
 888      F40AD0
 889 008f 9CB0C675 		.ascii	"\234\260\306u\0256TX\007\303\011\033\334\274S\214ak"
 889      15365458 
 889      07C3091B 
 889      DCBC538C 
 889      616B
 890 00a1 6027864D 		.ascii	"`'\206M\260\234\260\005@\177\244\005\254\222\013M7L"
 890      B09CB005 
 890      407FA405 
 890      AC920B4D 
 890      374C
 891 00b3 0B2A21C3 		.ascii	"\013*!\303\237p\270\025\353l\020\217\270-\030h\270L"
 891      9F70B815 
 891      EB6C108F 
 891      B82D1868 
 891      B84C
 892 00c5 DFA89FF7 		.ascii	"\337\250\237\367\321\022 \037\227qy\373csW\253\224\325"
 892      D112201F 
 892      977179FB 
 892      637357AB 
 892      94D5
 893 00d7 F25EAA3B 		.ascii	"\362^\252;P\023\265\017\330\202\2635\316 \001~h\005"
 893      5013B50F 
 893      D882B335 
 893      CE20017E 
 893      6805
 894 00e9 3FA93D0F 		.ascii	"?\251=\017\2730wn\344\307k.\361\0020\374\377e\353_\343"
 894      BB30776E 
ARM GAS  C:\Users\elias\AppData\Local\Temp\cciYT9qe.s 			page 70


 894      E4C76B2E 
 894      F10230FC 
 894      FF65EB5F 
 895 00fe BEC216C2 		.ascii	"\276\302\026\302\311\336\267\245\260\205\200\257@\020"
 895      C9DEB7A5 
 895      B08580AF 
 895      4010
 896 010c 6E8F1F5E 		.ascii	"n\217\037^\3663\0140\370\032\0121wlm%\271\305Q@\202"
 896      F6330C30 
 896      F81A0A31 
 896      776C6D25 
 896      B9C55140 
 897 0121 6E2F4D36 		.ascii	"n/M6z\034\005[qy\356\207\376YC\274\250X\377\231l\236"
 897      7A1C055B 
 897      7179EE87 
 897      FE5943BC 
 897      A858FF99 
 898 0137 B2B2AC2B 		.ascii	"\262\262\254+A\251\333B\203v\207\265\015\325\\\000\342"
 898      41A9DB42 
 898      837687B5 
 898      0DD55C00 
 898      E2
 899 0148 D5187428 		.ascii	"\325\030t(\336\277?y\030s\211=\012\231\031L\264\270"
 899      DEBF3F79 
 899      1873893D 
 899      0A99194C 
 899      B4B8
 900 015a 737A3EF2 		.ascii	"sz>\362\312\203\004\355|\012\264\013\012)\2779\325\333"
 900      CA8304ED 
 900      7C0AB40B 
 900      0A29BF39 
 900      D5DB
 901 016c 638ABD0A 		.ascii	"c\212\275\012\273\262r\267\305(h&l\262)\356\253\223"
 901      BBB272B7 
 901      C5286826 
 901      6CB229EE 
 901      AB93
 902 017e C958BE2D 		.ascii	"\311X\276-t\350v\340\377\371\300(\3737[\266\271\304"
 902      74E876E0 
 902      FFF9C028 
 902      FB375BB6 
 902      B9C4
 903 0190 7E85ACFD 		.ascii	"~\205\254\375,3\254g\221\215\361-Y$\207\236\247\"\357"
 903      2C33AC67 
 903      918DF12D 
 903      5924879E 
 903      A722EF
 904 01a3 77AD9ECC 		.ascii	"w\255\236\3143b\022\237|\350\205\002\270\010\005\344"
 904      3362129F 
 904      7CE88502 
 904      B80805E4 
 905 01b3 341A7C09 		.ascii	"4\032|\011\014\034\022\240h\307\233I\271\266\026\225"
 905      0C1C12A0 
 905      68C79B49 
 905      B9B61695 
 906 01c3 C9F88EA1 		.ascii	"\311\370\216\241\206\235>P\335r%\034\015\304\004\035"
 906      869D3E50 
ARM GAS  C:\Users\elias\AppData\Local\Temp\cciYT9qe.s 			page 71


 906      DD72251C 
 906      0DC4041D 
 907 01d3 28620045 		.ascii	"(b\000EL \217]\330\232\341\246/\017~\231\214-!)\315"
 907      4C208F5D 
 907      D89AE1A6 
 907      2F0F7E99 
 907      8C2D2129 
 908 01e8 439A73FA 		.ascii	"C\232s\372\025\367\241\232\364\2512\310\200Zz\217Mv"
 908      15F7A19A 
 908      F4A932C8 
 908      805A7A8F 
 908      4D76
 909 01fa B9E91038 		.ascii	"\271\351\0208\000\364\241\306_ \366S\364\317K;('*tL"
 909      00F4A1C6 
 909      5F20F653 
 909      F4CF4B3B 
 909      28272A74 
 910 020f A93BD19E 		.ascii	"\251;\321\236\320(\305\202\265\275\360M\266\2174\027"
 910      D028C582 
 910      B5BDF04D 
 910      B68F3417 
 911 021f 6C69BB62 		.ascii	"li\273b\034\214?\247\030\235\323x03q]\015\226\0062\311"
 911      1C8C3FA7 
 911      189DD378 
 911      3033715D 
 911      0D960632 
 912 0234 E0B2CA4F 		.ascii	"\340\262\312Os-'`\253j$*\300)\325\332\227-e\344\250"
 912      732D2760 
 912      AB6A242A 
 912      C029D5DA 
 912      972D65E4 
 913 0249 9701B030 		.ascii	"\227\001\2600\352A\250X\234\355\002D\353\271Z\323\263"
 913      EA41A858 
 913      9CED0244 
 913      EBB95AD3 
 913      B3
 914 025a 7E550B7B 		.ascii	"~U\013{^\24766Pw\0215'\352\233\321_\373L\207\332DY\363"
 914      5EA73636 
 914      50771135 
 914      27EA9BD1 
 914      5FFB4C87 
 915 0272 75A97E35 		.ascii	"u\251~5m\002\236\207\376\\%\216u5UI\037\270\233\242"
 915      6D029E87 
 915      FE5C258E 
 915      75355549 
 915      1FB89BA2 
 916 0286 4A26BB53 		.ascii	"J&\273S,\026\240z\371\330\302\303\237\301\301\273\220"
 916      2C16A07A 
 916      F9D8C2C3 
 916      9FC1C1BB 
 916      90
 917 0297 822D40B4 		.ascii	"\202-@\264\336p\326n\014!e\375\225G\023:Q\032`\301\025"
 917      DE70D66E 
 917      0C2165FD 
 917      9547133A 
 917      511A60C1 
 918 02ac A4C49486 		.ascii	"\244\304\224\206l\212\007\367\177\277\330\336\255\214"
ARM GAS  C:\Users\elias\AppData\Local\Temp\cciYT9qe.s 			page 72


 918      6C8A07F7 
 918      7FBFD8DE 
 918      AD8C
 919 02ba 33412E56 		.ascii	"3A.VI\015\006\300\217`\206Je\200\3220g\372\354\325Z"
 919      490D06C0 
 919      8F60864A 
 919      6580D230 
 919      67FAECD5 
 920 02cf 5F518266 		.ascii	"_Q\202f!y\371\254\253\356\214e\013\027s\036\030\204"
 920      2179F9AC 
 920      ABEE8C65 
 920      0B17731E 
 920      1884
 921 02e1 224C3965 		.ascii	"\"L9e\017\3374\035\0325\245\343\023\307\275M\320XE\220"
 921      0FDF341D 
 921      1A35A5E3 
 921      13C7BD4D 
 921      D0584590 
 922 02f5 C7F157F1 		.ascii	"\307\361W\361\244Q\217\007\256RO\304\270\274<\342-n"
 922      A4518F07 
 922      AE524FC4 
 922      B8BC3CE2 
 922      2D6E
 923 0307 93314CA8 		.ascii	"\2231L\2501l\334\271\006M\260\312\263\303\227Xx\374"
 923      316CDCB9 
 923      064DB0CA 
 923      B3C39758 
 923      78FC
 924 0319 D6EE0EB5 		.ascii	"\326\356\016\265\033\307]/$\241\030\212\374\331\335"
 924      1BC75D2F 
 924      24A1188A 
 924      FCD9DD
 925 0328 E9E39931 		.ascii	"\351\343\2311^\371\204\344\310\000*\201!\330MJ\031\014"
 925      5EF984E4 
 925      C8002A81 
 925      21D84D4A 
 925      190C
 926 033a 43250AE7 		.ascii	"C%\012\347\312|\234W\322\206\375\016\327\247WO\211l"
 926      CA7C9C57 
 926      D286FD0E 
 926      D7A7574F 
 926      896C
 927 034c 2F43F7BA 		.ascii	"/C\367\272\323\312b]\3350\311\321hF#\2411\260E\036I"
 927      D3CA625D 
 927      DD30C9D1 
 927      684623A1 
 927      31B0451E 
 928 0361 1C218930 		.ascii	"\034!\2110\212r\350\370\3518k\346\266=\213\021c\312"
 928      8A72E8F8 
 928      E9386BE6 
 928      B63D8B11 
 928      63CA
 929 0373 88F5FBC3 		.ascii	"\210\365\373\303P\367\307&#jN?\203\021\343\033\215\370"
 929      50F7C726 
 929      236A4E3F 
 929      8311E31B 
 929      8DF8
ARM GAS  C:\Users\elias\AppData\Local\Temp\cciYT9qe.s 			page 73


 930 0385 F45667AD 		.ascii	"\364Vg\255\266\311\211\357\320\211o!g\305TC\347\037"
 930      B6C989EF 
 930      D0896F21 
 930      67C55443 
 930      E71F
 931 0397 D6462BAE 		.ascii	"\326F+\256\347\254\230\370\237\025c9+F?\317Y\221J\214"
 931      E7AC98F8 
 931      9F156339 
 931      2B463FCF 
 931      59914A8C 
 932 03ab CCBB1D2B 		.ascii	"\314\273\035+h9\323s\356\274g\223\025\337++&\225\025"
 932      6839D373 
 932      EEBC6793 
 932      15DF2B2B 
 932      269515
 933 03be 5C5971F2 		.ascii	"\\Yq\362\364\266\015\357\345\372\241s|\361od\007\335"
 933      F4B60DEF 
 933      E5FAA173 
 933      7CF16F64 
 933      07DD
 934 03d0 DA30E898 		.ascii	"\3320\350\230\026\305\253\365\001\"\343sy\316\320\011"
 934      16C5ABF5 
 934      0122E373 
 934      79CED009 
 935 03e0 35D382DE 		.ascii	"5\323\202\336ccq\346(\341\314\013\351/\000\357\001 "
 935      636371E6 
 935      28E1CC0B 
 935      E92F00EF 
 935      0120
 936 03f2 28B69EBF 		.ascii	"(\266\236\277?\024\016\225\007#\241\322w\002eG\312K"
 936      3F140E95 
 936      0723A1D2 
 936      77026547 
 936      CA4B
 937 0404 42870E06 		.ascii	"B\207\016\006\312\366\275rh\337\321\327?\010\226\274"
 937      CAF6BD72 
 937      68DFD1D7 
 937      3F0896BC 
 938 0414 54C2AC92 		.ascii	"T\302\254\222\367\016\004\303\245\357\207\214\012\265"
 938      F70E04C3 
 938      A5EF878C 
 938      0AB5
 939 0422 EF290D55 		.ascii	"\357)\015UD\016\207\203\221\303ea\263\244,\374a\250"
 939      440E8783 
 939      91C36561 
 939      B3A42CFC 
 939      61A8
 940 0434 3C625444 		.ascii	"<bTD\202\221#\025\377\002\012z\037\207"
 940      82912315 
 940      FF020A7A 
 940      1F87
 941              		.text
 942              		.section	.gnu.lto_CyDmaChSetInitialTd.cd5e811f,"",%progbits
 943 0000 789C6553 		.ascii	"x\234eSKHTQ\030>\3379wf\256\223\232\213\240\315`\003"
 943      4B485451 
 943      183EDF39 
 943      7766AE93 
ARM GAS  C:\Users\elias\AppData\Local\Temp\cciYT9qe.s 			page 74


 943      9A8BA0CD 
 944 0016 21224493 		.ascii	"!\"D\223d\233hg\220\313\310\226F\014\343@\213R\320q"
 944      649B6867 
 944      90CBC896 
 944      460CE340 
 944      8B52D071 
 945 002a 612E3CCE 		.ascii	"a.<\316\235\233\2653\354\301LcC\205\331\303I-\355!V"
 945      9D9BB533 
 945      ECC14C63 
 945      4385D9C3 
 945      492DED21 
 946 003f 93564268 		.ascii	"\223VBh\222\030\341&_$\321\"\234A3\261\264\377\334;"
 946      9218E126 
 946      5F24D122 
 946      9C4133B1 
 946      B4FFDC3B 
 947 0053 3DA003F7 		.ascii	"=\240\003\367\234\363\377\377\367\375\347;\337\341j"
 947      9CF3FFFF 
 947      F7FDE73B 
 947      DFE16A
 948 0062 0C4C0D2E 		.ascii	"\014L\015.\030\333Ok\031}p0\360\266\267\214\265\350"
 948      18DB4F6B 
 948      197D7030 
 948      F0B6B78C 
 948      B5E8
 949 0074 9C8B291F 		.ascii	"\234\213)\037\223nm\250\220\311\\\001\315Nk\200\332"
 949      936E6DA8 
 949      90C95C01 
 949      CD4E6B80 
 949      DA
 950 0085 481DAC99 		.ascii	"H\035\254\231\013\015\315X\341?9\336Ez\343b\231\233"
 950      0B0DCD58 
 950      E13F39DE 
 950      457AE362 
 950      999B
 951 0097 8241A330 		.ascii	"\202A\2430=\036[\310W!\340\245\360\212\234<\347*\351"
 951      3D1E5BC8 
 951      5721E0A5 
 951      F08A9C3C 
 951      E72AE9
 952 00aa 92322C67 		.ascii	"\2222,g_}\255<o\230\025\246\340l\2233\334\202\007]\360"
 952      5F7DAD3C 
 952      6F9815A6 
 952      E06C9333 
 952      DC82075D 
 953 00bf A8B36FA3 		.ascii	"\250\263o\243\204\260\037G\336?\317\021;\301h\177\263"
 953      84B01F47 
 953      DE3FCF11 
 953      3BC1687F 
 953      B3
 954 00d0 EBDB687E 		.ascii	"\353\333h~q\247\342\311\3501)L!p\007B\361\366z\260\307"
 954      71A7E2C9 
 954      E831294C 
 954      21700742 
 954      F1F67AB0 
 955 00e5 C328C170 		.ascii	"\303(\301p\027\305\204\215_\277\274\224#vY<\263\373"
 955      17C5848D 
ARM GAS  C:\Users\elias\AppData\Local\Temp\cciYT9qe.s 			page 75


 955      5FBFBC94 
 955      2376593C 
 955      B3FB
 956 00f7 59A73BCB 		.ascii	"Y\247;\313\233\316\362\272\377\343%Q\254\300\237M\231"
 956      9BCEF2BA 
 956      FFE32551 
 956      ACC09F4D 
 956      99
 957 0108 CC116516 		.ascii	"\314\021e\026\261\375\302\312\260\243\350\206\"\246"
 957      B1FDC2CA 
 957      B0A3E886 
 957      22A6
 958 0116 D6AE6E8D 		.ascii	"\326\256n\215\312T\304KJq\317&\377\025\313\024z\276"
 958      CA54C44B 
 958      4A71CF26 
 958      FF15CB14 
 958      7ABE
 959 0128 6FE3629E 		.ascii	"o\343b\2363\"ix\321\203\"u!\272G/\234\344,T\246\347"
 959      33226978 
 959      D1832275 
 959      21BA472F 
 959      9CE42C54 
 960 013e 484A6E6E 		.ascii	"HJnn\0322\265Z\370\"\266\303\015\246\222d\012Iv\220"
 960      1A32B55A 
 960      F822B6C3 
 960      0DA69264 
 960      0A497690 
 961 0152 08CDA926 		.ascii	"\010\315\251&\027M\016\035\226\036\266D-\224\301i\316"
 961      174D0E1D 
 961      961EB644 
 961      2D94C169 
 961      CE
 962 0163 D52AE611 		.ascii	"\325*\346\021VJ\254\246\304\245S\007Z\307\372\334\312"
 962      564AACA6 
 962      C4A55307 
 962      5AC7FADC 
 962      CA
 963 0174 5B0EA08F 		.ascii	"[\016\240\217\324\314!2a\254?u)\214!\004A\026\242\237"
 963      D4CC2132 
 963      61AC3F75 
 963      298C2104 
 963      4116A29F 
 964 0188 06B72888 		.ascii	"\006\267(\210\300v\334\317\012N\323CO\371\304\"\302"
 964      C076DCCF 
 964      0A4ED343 
 964      4FF9C422 
 964      C2
 965 0199 99D6D73F 		.ascii	"\231\326\327?N\333h\007\021\330\"\214\230\323\216U\212"
 965      4EDB6807 
 965      11D8228C 
 965      98D38E55 
 965      8A
 966 01aa 1A4C2E8D 		.ascii	"\032L.\215uX\0154\024\340\0015 H<\013qQ\375\373z\330"
 966      75580D34 
 966      14E00135 
 966      20483C0B 
 966      7151FDFB 
ARM GAS  C:\Users\elias\AppData\Local\Temp\cciYT9qe.s 			page 76


 967 01c0 B03438D0 		.ascii	"\26048\3206\333\"5\364\303Cd\202\015\307\346\016(\034"
 967      36DB2235 
 967      F4C34364 
 967      820DC7E6 
 967      0E281C
 968 01d3 81FA5F8E 		.ascii	"\201\372_\216\236\321\355&\240\360\2229<\341\2629\312"
 968      9ED1ED26 
 968      A0F09239 
 968      3CE1B239 
 968      CA
 969 01e4 BCD5D137 		.ascii	"\274\325\3217gs\023\350hQ\3665\221\005\2525\036*\261"
 969      677313E8 
 969      6851F635 
 969      9105AA35 
 969      1E2AB1
 970 01f7 54FD90C9 		.ascii	"T\375\220\311\214\344\372\2222B\345\004L\252<B\002\033"
 970      8CE4FA92 
 970      3242E504 
 970      4CAA3C42 
 970      021B
 971 0209 3CEBFCD0 		.ascii	"<\353\374\320\370\314r~i\217U\236\246\262\216\307\360"
 971      F8CC727E 
 971      698F559E 
 971      A6B28EC7 
 971      F0
 972 021a 61C0BE29 		.ascii	"a\300\276)\236\240\324\020:S\326\265'\266\375c\335\037"
 972      9EA0D410 
 972      3A53D6B5 
 972      27B6FD63 
 972      DD1F
 973 022c 099C5E62 		.ascii	"\011\234^b\320B\247\271\366\333\347\002\353u\014\001"
 973      D042A7B9 
 973      F6DBE702 
 973      EB750C01 
 974 023c F68598D1 		.ascii	"\366\205\230\321\231<\373\276\352/\311\330V\363\261"
 974      993CFBBE 
 974      EA2FC9D8 
 974      56F3B1
 975 024b D546C513 		.ascii	"\325F\305\023\361\265k\240\247\202\242\222&\357\241"
 975      F1B56BA0 
 975      A782A292 
 975      26EFA1
 976 025a 604DB0CE 		.ascii	"`M\260\316\037\012V\037\257\254m\250\013\004\253\016"
 976      1F0A561F 
 976      AFAC6DA8 
 976      0B04AB0E 
 977 026a 57D696EF 		.ascii	"W\326\226\357\253*o<x\312\037\330\035`z\340D\205\277"
 977      AB2A6F3C 
 977      78CA1FD8 
 977      1D607AE0 
 977      4485BF
 978 027d A6FA64D0 		.ascii	"\246\372d\320U\037\362\327\205\216V;i\0155\324\377\002"
 978      551FF2D7 
 978      858E563B 
 978      690D35D4 
 978      FF02
 979 028f AD2211F5 		.ascii	"\255\"\021\365"
ARM GAS  C:\Users\elias\AppData\Local\Temp\cciYT9qe.s 			page 77


 980              		.text
 981              		.section	.gnu.lto_CyDmaChSetRequest.cd5e811f,"",%progbits
 982 0000 789C6592 		.ascii	"x\234e\222Kh\023Q\024\206\357\177\317$\223\266Z\263"
 982      4B681351 
 982      1486EF7F 
 982      CF2493B6 
 982      5AB3
 983 0012 13246840 		.ascii	"\023$h@J(\210\025\252\033\267\025\354R\314\266\"1\035"
 983      4A288815 
 983      AA1BB715 
 983      EC52CCB6 
 983      22311D
 984 0025 70A12DCD 		.ascii	"p\241-\315c\321Un;\031\324\205\320\242]\324W\027E\343"
 984      63D1556E 
 984      3B19D485 
 984      D0A25DD4 
 984      571745E3 
 985 0039 ABB6515C 		.ascii	"\253\266Q\\T\004\343\003\334\370@i\241\245 \232R(\322"
 985      5404E303 
 985      DCF84069 
 985      A1A5209A 
 985      5228D2
 986 004c 4523D68D 		.ascii	"E#\326\215\304\361\234I\244\013/\314\234\271\207\377"
 986      C4F19C49 
 986      A40B2FCC 
 986      9CB987FF 
 987 005c 3BF73F67 		.ascii	";\367?g\256\245\240d\355\321J\035\345\330\315\017B\012"
 987      AEA5A064 
 987      EDD14A1D 
 987      E5D8CD0F 
 987      420A
 988 006e 7AEC8352 		.ascii	"z\354\203R#\021\255i\241K\231V\353\371^ev\020,I\303"
 988      2311AD69 
 988      A14B9956 
 988      EBF95E65 
 988      76102C49 
 989 0083 02249A08 		.ascii	"\002$\232\010TA\223\205\002\266t]\343Sq\356\006\375"
 989      54419385 
 989      02B6745D 
 989      E35371EE 
 989      06FD
 990 0095 D41EB182 		.ascii	"\324\036\261\202\267\265\367\327V\333e\013\304y{\335"
 990      B7B5F7D7 
 990      56DB650B 
 990      C4797BDD 
 991 00a5 7CBE6477 		.ascii	"|\276dw\226\214\0315_=?9\356z\275\036i\345k\205\273"
 991      968C1935 
 991      5F3D3F39 
 991      EE7ABD1E 
 991      69E56B85 
 992 00ba 88A18498 		.ascii	"\210\241\204\230\034}\017\235\254\375\362z\361E\013"
 992      1C7D0F9D 
 992      ACFDF27A 
 992      F1450B
 993 00c9 ED87E2EF 		.ascii	"\355\207\342\357;\245_o\333\023\267\2053\023\247\014"
 993      3BA55F6F 
 993      DB13B785 
ARM GAS  C:\Users\elias\AppData\Local\Temp\cciYT9qe.s 			page 78


 993      3313A70C 
 994 00d9 7944B80F 		.ascii	"yD\270\017\022\256;\206C1\305\011\205\007H\260ve|d\331"
 994      12AE3B86 
 994      4331C509 
 994      850748B0 
 994      76657C64 
 995 00ee A2034D6E 		.ascii	"\242\003Mn\352r[\223[lr\017\377\343f\220\020\361\272"
 995      EA725B93 
 995      5B6C720F 
 995      FFE36690 
 995      10F1BA
 996 0101 67665AE8 		.ascii	"gfZ\350p\000^\271\272\365*\3241-`\245>\265k\322T\212"
 996      70005EB9 
 996      BAF52AD4 
 996      312D60A5 
 996      3EB56BD2 
 997 0117 71768A47 		.ascii	"qv\212G\015x\333\254\022u\265\374gbg\270hx\3051\213"
 997      0D78DBAC 
 997      1275B5FC 
 997      676267B8 
 997      6878C531 
 998 012c 0E6988FB 		.ascii	"\016i\210\373\230C\230\007\013\311\314\236\254\030\337"
 998      98439807 
 998      0BC9CC9E 
 998      AC18DF
 999 013b 774DE5F7 		.ascii	"wM\345\367\276\227\267\316\360\314$\251\2037\217\206"
 999      BE97B7CE 
 999      F0CC24A9 
 999      83378F86 
 1000 014b 8DDB086C 		.ascii	"\215\333\010l\250M&e\2565\255%R\025\243b \250\305b>"
 1000      A84D2665 
 1000      AE35AD25 
 1000      5215A362 
 1000      20A8C562 
 1001 0160 ECE98577 		.ascii	"\354\351\205w\345V\031\251\006Pf\023\337P\374\350N\277"
 1001      E55619A9 
 1001      06506613 
 1001      DF50FCE8 
 1001      4EBF
 1002 0172 19128D4B 		.ascii	"\031\022\215K\304\222\325\311\265gm\"!\354\306\343\246"
 1002      C492D5C9 
 1002      B5676D22 
 1002      21ECC6E3 
 1002      A6
 1003 0183 CF9A26B5 		.ascii	"\317\232&\265\320E\353\360\242\015\245\374\256\371\371"
 1003      D045EBF0 
 1003      A20DA5FC 
 1003      AEF9F9
 1004 0192 8D15BB50 		.ascii	"\215\025\273P7\027\215\211zd\371Z\014?AAq!\227l\217"
 1004      37178D89 
 1004      7A64F95A 
 1004      0C3F4141 
 1004      7121976C 
 1005 01a7 420169FD 		.ascii	"B\001i\375\363\022\015,\273\004\365\235\215\335\254"
 1005      F3120D2C 
 1005      BB04F59D 
 1005      8DDDAC
ARM GAS  C:\Users\elias\AppData\Local\Temp\cciYT9qe.s 			page 79


 1006 01b6 2EA1514B 		.ascii	".\241QK.\320\217\206\037\275\341\017sqNmr5\346\270\243"
 1006      2ED08F86 
 1006      1FBDE10F 
 1006      73714E6D 
 1006      7235E6B8 
 1007 01cb F87167C0 		.ascii	"\370qg\300\311\244rN\377\351\344`>\223v\372N$\007{\216"
 1007      C9A4724E 
 1007      FFE9E460 
 1007      3E9376FA 
 1007      4E24077B 
 1008 01e0 F4F50C1F 		.ascii	"\364\365\014\037;\237J\037L\253H\372loj\240\377\234"
 1008      3B9F4A1F 
 1008      4CAB48FA 
 1008      6C6F6AA0 
 1008      FF9C
 1009 01f2 63679CA1 		.ascii	"cg\234\241\274\223\315\205\263\271T.\237\375\013\202"
 1009      BC93CD85 
 1009      B3B9542E 
 1009      9FFD0B82 
 1010 0202 D3C469   		.ascii	"\323\304i"
 1011              		.text
 1012              		.section	.gnu.lto_CyDmaChGetRequest.cd5e811f,"",%progbits
 1013 0000 789C4552 		.ascii	"x\234ERKk\023Q\024>\337=\223I\242\261fW\012Y\004\245"
 1013      4B6B1351 
 1013      143EDF3D 
 1013      9349A2B1 
 1013      66570A59 
 1014 0016 94828858 		.ascii	"\224\202\210X\375\005\025tY\354\266\"!\035p\241\255"
 1014      FD051574 
 1014      59ECB622 
 1014      211D70A1 
 1014      AD
 1015 0027 B6E9C255 		.ascii	"\266\351\302U\256\235\214\350\316\242E\372\330\211\246"
 1015      AE9D8CE8 
 1015      CEA245FA 
 1015      D889A6
 1016 0036 6A9FBAAA 		.ascii	"j\237\272\252\033\203Zt\241\326\007\202 \370H*\024q"
 1016      1B835A74 
 1016      A1D60782 
 1016      20F8482A 
 1016      1471
 1017 0048 9148AB88 		.ascii	"\221H\253\210\324\361\234\211\342\205\313\271\347\360"
 1017      D4F19C89 
 1017      E285CBB9 
 1017      E7F0
 1018 0056 BDE6300E 		.ascii	"\275\3460\016\201\364|\220\262_j\227\\\304\010\346\322"
 1018      81F47C90 
 1018      B25F6A97 
 1018      5CC408E6 
 1018      D2
 1019 0067 73A27309 		.ascii	"s\242s\011cx\255\215\3546g\366\000\331\024\303\3211"
 1019      6378AD8D 
 1019      EC3667F6 
 1019      00D914C3 
 1019      D131
 1020 0079 1C40AB4D 		.ascii	"\034@\253M\200\212\206\035\024\261i\266\014^\226\026"
 1020      808A861D 
ARM GAS  C:\Users\elias\AppData\Local\Temp\cciYT9qe.s 			page 80


 1020      14B169B6 
 1020      0C5E9616 
 1021 0089 A779C304 		.ascii	"\247y\303\004,\010i\033\317&k-\332\002Yi\247\354\253"
 1021      2C08691B 
 1021      CF266B2D 
 1021      DA025969 
 1021      A7ECAB
 1022 009c 8BF1CEB2 		.ascii	"\213\361\316\262\265\243\366\343\312|j\362\316\013\233"
 1022      B5A3F6E3 
 1022      CA7C6AF2 
 1022      CE0B9B
 1023 00ab 0CD85068 		.ascii	"\014\330Ph\0103\310\240\214\214z\337D\247\200\337?|"
 1023      0833C8A0 
 1023      8C8C7ADF 
 1023      44A780DF 
 1023      3F7C
 1024 00bd 733FC9BB 		.ascii	"s?\311\273A\362\276Q\376\376\270\245\343\272\022\355"
 1024      41F2BE51 
 1024      FEFEB8A5 
 1024      E3BA12ED 
 1025 00cd F831CB01 		.ascii	"\3701\313\0013n\201\225\327\225\301\276\014\311\200"
 1025      336E8195 
 1025      D795C1BE 
 1025      0CC980
 1026 00dc 701B1D0A 		.ascii	"p\033\035\012^\017\354\\\222\367D\304\313W6\037\304"
 1026      5E0FEC5C 
 1026      92F744C4 
 1026      CB57361F 
 1026      C4
 1027 00ed DAAF29B1 		.ascii	"\332\257)\261\362\263zz\314\267O\254#\226\230m\262\377"
 1027      F2B37A7A 
 1027      CCB74FAC 
 1027      2396986D 
 1027      B2FF
 1028 00ff BB92C2AB 		.ascii	"\273\222\302\253K\277\307w\270%+'\2139\264k2\0114\017"
 1028      4BBFC777 
 1028      B8252B27 
 1028      8B39B46B 
 1028      3209340F 
 1029 0113 5776039D 		.ascii	"Wv\003\235,\034\255\3300\364m\345\307\256\261\231\273"
 1029      2C1CADD8 
 1029      30F46DE5 
 1029      C7AEB199 
 1029      BB
 1030 0124 A93848A7 		.ascii	"\2518H\247\006j\356Fo\242\272\220t9\015c\264r\025\243"
 1030      066AEE46 
 1030      6FA2BA90 
 1030      74390D63 
 1030      B47215A3 
 1031 0138 625E47A4 		.ascii	"b^G\244#\0101z\355?Z\215\366d\020\002\013\222\340\023"
 1031      2308317A 
 1031      ED3F5A8D 
 1031      F6641002 
 1031      0B92E013 
 1032 014c 4AABFEAF 		.ascii	"J\253\376\257\2253\012\362YwY\233\370|o\273b\030\255"
 1032      95330AF2 
 1032      5977599B 
ARM GAS  C:\Users\elias\AppData\Local\Temp\cciYT9qe.s 			page 81


 1032      F87C6FBB 
 1032      6218AD
 1033 015f 58FC1BB2 		.ascii	"X\374\033\262a\230\326\332x\035\245t\023\351\012ry\371"
 1033      6198D6DA 
 1033      781DA574 
 1033      13E90A72 
 1033      79F9
 1034 0171 EBBB7871 		.ascii	"\353\273xq\313^\2606\035\260\023\032M\273\204\"\211"
 1034      CB5EB036 
 1034      1DB0131A 
 1034      4DBB8422 
 1034      89
 1035 0182 50C0B188 		.ascii	"P\300\261\210\346\374\213\222\216R\372\014\372\"\271"
 1035      E6FC8B92 
 1035      8E52FA0C 
 1035      FA22B9
 1036 0191 266A6FD1 		.ascii	"&jo\321\024\322\237\340\033\2420\346\351\325\363;EZ"
 1036      14D29FE0 
 1036      1BA230E6 
 1036      E9D5F33B 
 1036      455A
 1037 01a3 6675D112 		.ascii	"fu\321\022\242|Q\366\2607\340\015\345\012^\377\361\336"
 1037      A27C51F6 
 1037      B037E00D 
 1037      E50A5EFF 
 1037      F1DE
 1038 01b5 C191A1BC 		.ascii	"\301\221\241\274\327\327\323;\330}\260\257\373\354\241"
 1038      D7D7D33B 
 1038      D87DB0AF 
 1038      FBECA1
 1039 01c4 53B9FCDE 		.ascii	"S\271\374\336<%\362'\216\344\006\372Oz\356p!W\030\031"
 1039      3C25F227 
 1039      8EE406FA 
 1039      4F7AEE70 
 1039      21571819 
 1040 01d8 FE0392D9 		.ascii	"\376\003\222\331\263\237"
 1040      B39F
 1041              		.text
 1042              		.section	.gnu.lto_CyDmaChStatus.cd5e811f,"",%progbits
 1043 0000 789C6D92 		.ascii	"x\234m\222MHTQ\024\307\357\377\236\367\306\031\233l"
 1043      4D485451 
 1043      14C7EFFF 
 1043      9EF7C619 
 1043      9B6C
 1044 0012 766D8618 		.ascii	"vm\206\030\010\023!2\220Z\265\312\240h\025\331r \206"
 1044      08132132 
 1044      905AB5CA 
 1044      A06815D9 
 1044      722086
 1045 0025 99072D6A 		.ascii	"\231\007-j\254\321Y\264\232\233\317\261Z\004JId\266"
 1045      ACD159B4 
 1045      9A9BCFB1 
 1045      5A044A49 
 1045      64B6
 1046 0037 8A9ABE4C 		.ascii	"\212\232\276LG30\202\244\240Z\330\207\241\2530\374@"
 1046      47333082 
 1046      A4A05AD8 
ARM GAS  C:\Users\elias\AppData\Local\Temp\cciYT9qe.s 			page 82


 1046      87A1AB30 
 1046      FC40
 1047 0049 1B2472A6 		.ascii	"\033$r\246\262Ea\3239o\306E\320\205\367\356\273\207"
 1047      B24561D3 
 1047      396FC645 
 1047      D085F7EE 
 1047      BB87
 1048 005b FFEF9CFF 		.ascii	"\377\357\234\377\271\347Y\012J\226\243\225\332\317{"
 1048      B9E7590A 
 1048      4A96A395 
 1048      DACF7B
 1049 006a 333FB015 		.ascii	"3?\260\025t\317[\245\316\371\265\246\351&ej\255\247"
 1049      74CF5BA5 
 1049      CEF9B5A6 
 1049      E926656A 
 1049      ADA7
 1050 007c DB940912 		.ascii	"\333\224\011\022,\011\303\002d7~\250\214&\013\031\254"
 1050      2C09C302 
 1050      64377EA8 
 1050      8C260B19 
 1050      AC
 1051 008d E9758DA9 		.ascii	"\351u\215\251\256\341\001\372\241\263\304\012>\226\336"
 1051      AEE101FA 
 1051      A1B3C40A 
 1051      3E96DE
 1052 009c F42FD6C9 		.ascii	"\364/\326\311\021\210\360\361\272\371p\261\2461gL\247"
 1052      1188F0F1 
 1052      BAF970B1 
 1052      A631674C 
 1052      A7
 1053 00ad 995B5A0C 		.ascii	"\231[Z\014\366\217\2747\201,iU\326\012w\020F\016a\251"
 1053      F68FBC37 
 1053      812C6955 
 1053      D60A7710 
 1053      460E61A9 
 1054 00c1 7D178D2C 		.ascii	"}\027\215,\376\364b\346Y\200\266C\361\367\355\334\317"
 1054      FEF462E6 
 1054      5980B643 
 1054      F1F7EDDC 
 1054      CF
 1055 00d2 57750DB7 		.ascii	"Wu\015\267\0044\353QCY\"\334\003\011\327\034\306\356"
 1055      0434EB51 
 1055      435922DC 
 1055      0309D71C 
 1055      C6EE
 1056 00e4 B0E280C2 		.ascii	"\260\342\200\302}4\260\366w_i\305O;=\356\322\347\231"
 1056      7D34B0F6 
 1056      775F69C5 
 1056      4F3B3DEE 
 1056      D2E799
 1057 00f7 C754E5A6 		.ascii	"\307T\345\246\034)f\341A\205\333\250\307!\205A\217\234"
 1057      1C2966E1 
 1057      4185DBA8 
 1057      C7218541 
 1057      8F9C
 1058 0109 BDB1FADD 		.ascii	"\275\261\372\335\242\275\0369\373\253\357p\025\274\372"
 1058      A2BD1E39 
ARM GAS  C:\Users\elias\AppData\Local\Temp\cciYT9qe.s 			page 83


 1058      FBABEF70 
 1058      15BCFA
 1059 0118 32687A20 		.ascii	"2hz \350\303\377\240Ch\020}!k\006\003\264\317c/_Y{n"
 1059      E8C3FFA0 
 1059      4368107D 
 1059      216B0603 
 1059      B4CF632F 
 1060 0130 D7DF1478 		.ascii	"\327\337\024xbt\371t\257k^\033\213\373\304\360\277\274"
 1060      6274F974 
 1060      AF6B5E1B 
 1060      8BFBC4F0 
 1060      BFBC
 1061 0142 2C962FE4 		.ascii	",\226/\344\377\364m\366u\031^\021\344Q/\327\301\267"
 1061      FFF46DF6 
 1061      75195E11 
 1061      E4512FD7 
 1061      C1B7
 1062 0154 30021FCF 		.ascii	"0\002\037\317\005\022\031::a\312e\327L\344w\364\026"
 1062      0512193A 
 1062      3A61CA65 
 1062      D74CE477 
 1062      F416
 1063 0166 BE060350 		.ascii	"\276\006\003P\022\325\336\233\257\226\373\266!=\370"
 1063      12D5DE9B 
 1063      AF96FBB6 
 1063      213DF8
 1064 0175 E1D95145 		.ascii	"\341\331QEN \323)i-;-\240\223\215\024\341\345d\206\213"
 1064      4E20D329 
 1064      692D3B2D 
 1064      A0938D14 
 1064      E1E56486 
 1065 018a 8E9D9FCC 		.ascii	"\216\235\237\314\327\312d4\200Q63\217\256w\356\352\344"
 1065      D7CA6434 
 1065      80513633 
 1065      8FAE77EE 
 1065      EAE4
 1066 019c 19D1B844 		.ascii	"\031\321\270D,Y\274\266\364d\223H\010[\361\250\352\267"
 1066      2C59BCB6 
 1066      F4649348 
 1066      085BF1A8 
 1066      EAB7
 1067 01ae A4494D37 		.ascii	"\244IM7Q\001\335\241\212R\246>>\376\345cMf\335\\0&\224"
 1067      5101DDA1 
 1067      8A52A63E 
 1067      3EFEE563 
 1067      4D66DD5C 
 1068 01c5 25BBACC5 		.ascii	"%\273\254\305\370\0302\212\023\271d\273\344\317\222"
 1068      F818328A 
 1068      13B964BB 
 1068      E4CF92
 1069 01d4 CF83AD0D 		.ascii	"\317\203\255\015?!\317\274KP+lnmy\016\225t\362+~\253"
 1069      3F21CFBC 
 1069      4B502B6C 
 1069      6E6D790E 
 1069      9574F22B 
 1070 01ea 58D203A3 		.ascii	"X\322\003\243\335[\270\000\307\212\234\221An+r\320I"
 1070      DD5BB800 
ARM GAS  C:\Users\elias\AppData\Local\Temp\cciYT9qe.s 			page 84


 1070      C78A9C91 
 1070      416E2B72 
 1070      D049
 1071 01fc 3AA95887 		.ascii	":\251X\207\2238\336\332\226N\305\235\350\221\326\266"
 1071      9338DEDA 
 1071      964EC59D 
 1071      E891D6B6 
 1072 020c 963DD196 		.ascii	"\226=\321\226\263\007N\305\342\273\342\312\037?q(\226"
 1072      B3074EC5 
 1072      E2BBE2CA 
 1072      1F3F7128 
 1072      96
 1073 021d 4C9C7402 		.ascii	"L\234t\002\361t*\345$;\216%\354\366\016\006|\362N\267"
 1073      F1742AE5 
 1073      243B8E25 
 1073      ECF60E06 
 1073      7CF24EB7 
 1074 0231 FF057F4A 		.ascii	"\377\005\177J\342\004"
 1074      E204
 1075              		.text
 1076              		.section	.gnu.lto_CyDmaChSetConfiguration.cd5e811f,"",%progbits
 1077 0000 789C6593 		.ascii	"x\234e\223MHTQ\024\307\357\271\3479\237~\355j1\204\020"
 1077      4D485451 
 1077      14C7EFB9 
 1077      E7399F7E 
 1077      ED6A3184 
 1078 0015 6246A421 		.ascii	"bF\244!\3216R\260]\222\2136VL3\017\\\324\214\316\274"
 1078      D13652B0 
 1078      5D928B36 
 1078      564C330F 
 1078      5CD48CCE 
 1079 002a 59B49ADB 		.ascii	"Y\264\232\333<\247\017\332$*\244\025DR~\247\243M5V$"
 1079      3CA70FDA 
 1079      242AA415 
 1079      44527EA7 
 1079      A34D3556 
 1080 003f 465F5096 		.ascii	"F_P\226ePH\345\007\3020\265p2\203\010\233\316\2753\322"
 1080      655048E5 
 1080      07C230B5 
 1080      70328308 
 1080      9BCEBD33 
 1081 0054 621EBC77 		.ascii	"b\036\274w\347\036\376\277s\377\347\2363\032\003&\237"
 1081      E71EFEBF 
 1081      73FFE79E 
 1081      331A0326 
 1081      9F
 1082 0065 1DC89897 		.ascii	"\035\310\230\227\326\032z\241\200\001\2774\303\330\031"
 1082      D61A7AA1 
 1082      8001BF34 
 1082      C3D819
 1083 0074 1BE73857 		.ascii	"\033\3478W\305\204C{\270\215\211B\004M\206A\003\220"
 1083      C584437B 
 1083      B88D8942 
 1083      044D8641 
 1083      0390
 1084 0086 ABB0010B 		.ascii	"\253\260\001\013s\324 \014\353|\203\303l\333\330U\374"
 1084      73D4200C 
ARM GAS  C:\Users\elias\AppData\Local\Temp\cciYT9qe.s 			page 85


 1084      EB7C83C3 
 1084      6CDBD855 
 1084      FC
 1085 0097 C9A3480A 		.ascii	"\311\243H\012\332\246_\367,\027\313-@\031m\257\210w"
 1085      DAA65FF7 
 1085      2C17CB2D 
 1085      40196DAF 
 1085      8877
 1086 00a9 17AC957D 		.ascii	"\027\254\225}BD\304\302JoQ\317\370[a\217\"g\031\316"
 1086      4244C4C2 
 1086      4A6F51CF 
 1086      F85B618F 
 1086      226719CE 
 1087 00bd A01F5CD0 		.ascii	"\240\037\\\320\007.y\366\000T\222\370\313\223\017\217"
 1087      072E79F6 
 1087      005492F8 
 1087      CB930F8F 
 1088 00cd EDB81D18 		.ascii	"\355\270\035\030\375\276\325\367\353yq\305M\011\212"
 1088      FDBED5F7 
 1088      EB7971C5 
 1088      4D098A
 1089 00dc D8518151 		.ascii	"\330Q\201QD\030\004\224\\\215\013\252]\214\002\014\206"
 1089      44180494 
 1089      5C8D0BAA 
 1089      5D8C020C 
 1089      86
 1090 00ed A082B41F 		.ascii	"\240\202\264\037g#\033\305\270Kq\003\327\373\3778s\\"
 1090      67231BC5 
 1090      B84B7103 
 1090      D7FBFF38 
 1090      735C
 1091 00ff 3AC70DE7 		.ascii	":\307\015\347q#\212[\273\221\030\005\334\247\270\205"
 1091      71238A5B 
 1091      BB911805 
 1091      DCA7B885 
 1092 010f E14F8BB6 		.ascii	"\341O\213\266\034\027\177\346\024\325\022\274\235\007"
 1092      1C177FE6 
 1092      14D512BC 
 1092      9D07
 1093 011d 8E2A3019 		.ascii	"\216*0\031\237\357tb\275\002\207.\276l\316rS\261\324"
 1093      9FEF7462 
 1093      BD02872E 
 1093      BE6CCE72 
 1093      53B1D4
 1094 0130 FEF588D8 		.ascii	"\376\365\210\330*\311\261<2\246\310\316\351\337\035"
 1094      2AC9B13C 
 1094      32A6C8CE 
 1094      E9DF1D
 1095 013f 4E3CA4C8 		.ascii	"N<\244\310\305o\355qk\356\310\2579\253\343y\334\204"
 1095      C56FED71 
 1095      6BEEC8AF 
 1095      39ABE379 
 1095      DC84
 1096 0151 E21E4D0C 		.ascii	"\342\036M\014vq<\242\270\247\227{g6\271k\233V\357\344"
 1096      76713CA2 
 1096      B8A7977B 
 1096      6736B96B 
ARM GAS  C:\Users\elias\AppData\Local\Temp\cciYT9qe.s 			page 86


 1096      9B56EFE4 
 1097 0165 8171A890 		.ascii	"\201q\250\220\352dT\214\330\361\230\";:\327\247\013"
 1097      EA64548C 
 1097      D8F19822 
 1097      3B3AD7A7 
 1097      0B
 1098 0176 CA7B95D9 		.ascii	"\312{\225\331x\252\245\335\024/\204F\355\200\273Y\372"
 1098      78AAA5DD 
 1098      142F8446 
 1098      ED80BB59 
 1098      FA
 1099 0187 7F479894 		.ascii	"\177G\230\224/\305\376v\025Y\332\004=ep\017\312e\327"
 1099      2FC5FE76 
 1099      1559DA04 
 1099      3D65700F 
 1099      CA65D7
 1100 019a A859F7C1 		.ascii	"\250Y\367\301B\343\00322zxJd2\246\230\232\330\331\236"
 1100      42E30332 
 1100      327A784A 
 1100      6432A698 
 1100      9AD8D99E 
 1101 01ae 1C2A2A04 		.ascii	"\034**\004&\243\\}i\002\250=V\220\227m\003ysv\220\325"
 1101      26A35C7D 
 1101      6902A83D 
 1101      5690976D 
 1101      03797376 
 1102 01c4 3840DE85 		.ascii	"8@\336\205\023\224A\266J)\345X\2459\227+.A\204\254\255"
 1102      139441B6 
 1102      4A29E558 
 1102      A539972B 
 1102      2E4184AC 
 1103 01d9 823A85B2 		.ascii	"\202:\205\262\220\215\370\271W1\207\034)\016\000\011"
 1103      908DF8B9 
 1103      5731871C 
 1103      290E0009 
 1104 01e9 B2B7086D 		.ascii	"\262\267\010mo\314\265\271V\2511\021I\262\334\2752\351"
 1104      6FCCB5B9 
 1104      56A93111 
 1104      49B2DCBD 
 1104      32E9
 1105 01fb 9412842D 		.ascii	"\224\022\204-0\231\253 \315\221\315Ua\022\272\005\317"
 1105      3099AB20 
 1105      CD91CD55 
 1105      6112BA05 
 1105      CF
 1106 020c 4AE5BC26 		.ascii	"J\345\274&\022\337\347\255\341\015q^\210\322(j\031."
 1106      12DFE7AD 
 1106      E10D715E 
 1106      88D2286A 
 1106      192E
 1107 021e 6B790061 		.ascii	"ky\000aF\231L\264\232h3\321a\242\335Dg\024\013T\032"
 1107      46994CB4 
 1107      9A6833D1 
 1107      61A2DD44 
 1107      67140B54 
 1108 0233 6DD359A9 		.ascii	"m\323Y\251*\314D`)\262\3719\265\000\331\274\362\337"
 1108      2ACC4460 
ARM GAS  C:\Users\elias\AppData\Local\Temp\cciYT9qe.s 			page 87


 1108      29B2F939 
 1108      B500D9BC 
 1108      F2DF
 1109 0245 F4236B8E 		.ascii	"\364#k\216\017\277?[B'Ql\225R\023H\005\226\325\353>"
 1109      0FBF3F5B 
 1109      4227516C 
 1109      95521348 
 1109      0596D5EB 
 1110 025a 3DE03674 		.ascii	"=\3406t\357\361F\177(\340\321\233\032\032\375\265{\233"
 1110      EFF1467F 
 1110      28E0D19B 
 1110      1A1AFDB5 
 1110      7B9B
 1111 026c 6A4FD79D 		.ascii	"jO\327\235r{v{\230\315\323|\320\355\363\236\324\035"
 1111      727B767B 
 1111      98CDD37C 
 1111      D0EDF39E 
 1111      D41D
 1112 027e 274281A0 		.ascii	"'B\201\240Q\353\017\371\214\222\200\336\032\322\203"
 1112      51EB0FF9 
 1112      8C9280DE 
 1112      1AD283
 1113 028d 46831E38 		.ascii	"F\203\0368 \203V\303[\347\367\351\325\271u\217\305\360"
 1113      208356C3 
 1113      5BE7F7E9 
 1113      D5B9758F 
 1113      C5F0
 1114 029f 361AFE16 		.ascii	"6\032\376\026K\320p\033\241\340?O\376'\325"
 1114      4BD0701B 
 1114      A1E03F4F 
 1114      FE27D5
 1115              		.text
 1116              		.section	.gnu.lto_CyDmaTdAllocate.cd5e811f,"",%progbits
 1117 0000 789C9553 		.ascii	"x\234\225SMHTQ\024\276\347\3367o\306q\246\\\264\320"
 1117      4D485451 
 1117      14BEE7DE 
 1117      376FC671 
 1117      A65CB4D0 
 1118 0014 98420821 		.ascii	"\230B\010!\0232\311\026\255\015\332\226n\\\010!\366"
 1118      1332C916 
 1118      AD0DDA96 
 1118      6E5C0821 
 1118      F6
 1119 0025 16516A0C 		.ascii	"\026Qj\014\343\2426s\347\347\225A\013%\262\030\012\021"
 1119      E3A23673 
 1119      E7E79541 
 1119      0B25B218 
 1119      0A11
 1120 0037 03B5466D 		.ascii	"\003\265Fm4K\263t0\261\260\310E\204\222\010f*\242a\316"
 1120      344BB374 
 1120      30B1B0C8 
 1120      45849208 
 1120      662AA261 
 1121 004c A488954E 		.ascii	"\244\210\225N\347\2747\232\221.z0\357\3359?\337w\316"
 1121      E7BC379A 
 1121      912E7A30 
 1121      EFDD393F 
ARM GAS  C:\Users\elias\AppData\Local\Temp\cciYT9qe.s 			page 88


 1121      DF77CE
 1122 005f 77CE5518 		.ascii	"w\316U\0300z\316*\214\235\304o>\376\300\302\200\327"
 1122      307ACE2A 
 1122      8C9DC46F 
 1122      3EFEC0C2 
 1122      80D7
 1123 0071 BC67CC67 		.ascii	"\274g\314g\343\\Lg0iW\302\371L:\004(\246Y\001\240\203"
 1123      E35C4C67 
 1123      306957C2 
 1123      F94C3A04 
 1123      28A65901 
 1124 0087 B401F372 		.ascii	"\264\001\363r\241\200\027V\370:\207\267\253on\332\263"
 1124      A1801756 
 1124      F83A87B7 
 1124      AB6F6EDA 
 1124      B3
 1125 0098 9BA4F4CB 		.ascii	"\233\244\364\313\311\231N\347\252_O\327\005c\011\316"
 1125      C9994EE7 
 1125      AA5F4FD7 
 1125      056309CE 
 1126 00a8 E0B80B8E 		.ascii	"\340\270\013\216\271\010\273\011\262\031\206.\313\357"
 1126      B908BB09 
 1126      B219862E 
 1126      CBEF
 1127 00b6 319B3804 		.ascii	"1\2338\004t\256\233\370\371+%\253\221\322\242]\013\305"
 1127      74AE9BF8 
 1127      F92B25AB 
 1127      91D2A25D 
 1127      0BC5
 1128 00c8 31BFBC2B 		.ascii	"1\277\274+\025L\204f\020\333s\031\005\337\212Ot\253"
 1128      154C8466 
 1128      10DB7319 
 1128      05DF8A4F 
 1128      74AB
 1129 00da 22C748FC 		.ascii	"\"\307H\374\324V\023\264'\023;.\336\221Q_&\245=\334"
 1129      D45613B4 
 1129      27133B2E 
 1129      DE91515F 
 1129      26A53DDC 
 1130 00ee 216D2AB2 		.ascii	"!m*\262q\333\251\006%>\231\360\010\262\240\005\262\250"
 1130      71DBA906 
 1130      253E99F0 
 1130      08B2A005 
 1130      B2A8
 1131 0100 30AC280C 		.ascii	"0\254(\014*j\3007\255\355\205Q\231H\004d4\222S;\327"
 1131      2A6AC037 
 1131      ADED8551 
 1131      99480464 
 1131      3492533B 
 1132 0115 EF4C0346 		.ascii	"\357L\003FV\224\004\375*\323\005X\015\203\215\216v|"
 1132      569404FD 
 1132      2AD30558 
 1132      0D838D8E 
 1132      767C
 1133 0127 F1547A39 		.ascii	"\361Tz9\360%\234dcl\011aI\236\030\347\364\025S\340\307"
 1133      F0259C64 
 1133      636C0961 
ARM GAS  C:\Users\elias\AppData\Local\Temp\cciYT9qe.s 			page 89


 1133      499E18E7 
 1133      F41553E0 
 1134 013c BEC6C060 		.ascii	"\276\306\300`\302T,\347C`pD,s\2526\001\320\012.6\007"
 1134      C2542CE7 
 1134      43607044 
 1134      2C73AA36 
 1134      01D00A2E 
 1135 0152 8168EFC2 		.ascii	"\201h\357\302$\247\240\200\260`LO\317\327q\253w]VK\231"
 1135      24A7A080 
 1135      B0604C4F 
 1135      CFD771AB 
 1135      775D564B 
 1136 0167 A60B25C1 		.ascii	"\246\013%\301\021\032\332\300\213$\0266\005F$\025\205"
 1136      111ADAC0 
 1136      8B241636 
 1136      05462415 
 1136      85
 1137 0178 D16C16FC 		.ascii	"\321l\026\374u\261o\241\253f\266J\242\352\003#VbP\015"
 1137      75B16FA1 
 1137      AB66B64A 
 1137      A2EA0323 
 1137      5662500D 
 1138 018c A9FE0653 		.ascii	"\251\376\006So\010S\226\371w\037\007\355\365p\337'\015"
 1138      6F085396 
 1138      F9771F07 
 1138      EDF570DF 
 1138      270D
 1139 019e 3B83C738 		.ascii	";\203\3078\313v,\207A\004\352\201}\206\340X\340\340"
 1139      CB762C87 
 1139      4104EA81 
 1139      7D86E058 
 1139      E0E0
 1140 01b0 1FD4C5E0 		.ascii	"\037\324\305\340\314d*\241\002\244C\007\230\362\306"
 1140      CC642AA1 
 1140      02A44307 
 1140      98F2C6
 1141 01bf B860D319 		.ascii	"\270`\323\031\202j\210\254\204\012\315h\353N\244\260"
 1141      826A88AC 
 1141      840ACD68 
 1141      EB4EA4B0 
 1142 01cf 3369E716 		.ascii	"3i\347\026\351\023\"\335\354\255\205z\263bo\201\272"
 1142      E91322DD 
 1142      ECAD857A 
 1142      B3626F81 
 1142      BA
 1143 01e0 6B8B6D8D 		.ascii	"k\213m\215{M`\033Vb(F|\206\246\377\321^\327\026\323"
 1143      7B4D601B 
 1143      56622846 
 1143      7C86A6FF 
 1143      D15ED716 
 1144 01f5 53644230 		.ascii	"SdB0B\211_\037j\377\262\337D\267'\031C\252\371?\025"
 1144      42895F1F 
 1144      6AFFB2DF 
 1144      44B72719 
 1144      43AAF93F 
 1145 020a 4D0814EA 		.ascii	"M\010\024\352]\036\266P\337\034l\360\314 \017\334K\206"
 1145      5D1EB650 
ARM GAS  C:\Users\elias\AppData\Local\Temp\cciYT9qe.s 			page 90


 1145      DF1C6CF0 
 1145      CC200FDC 
 1145      4B86
 1146 021c 38D0FFA3 		.ascii	"8\320\377\243\246#\014\344\027 \227|R\201npa2\206\015"
 1146      A6230CE4 
 1146      1720977C 
 1146      52816E70 
 1146      6132860D 
 1147 0230 F4350C82 		.ascii	"\3645\014\202\031\350\334>\026a\214e\365\365p\265#Y"
 1147      19E8DC3E 
 1147      16618C65 
 1147      F5F570B5 
 1147      2359
 1148 0242 A01C051C 		.ascii	"\240\034\005\034\255\025\001\241\207JD\367h<\376\312"
 1148      AD1501A1 
 1148      874A44F7 
 1148      683CFECA 
 1149 0252 91DB2A83 		.ascii	"\221\333*\203\350_\003]\330\3409\226\275\301\223K\335"
 1149      E85F035D 
 1149      D8E03996 
 1149      BDC1934B 
 1149      DD
 1150 0263 3CBB569C 		.ascii	"<\273V\234\327nxkU]\244@/\344\302\021c(\360\002\362"
 1150      D76E786B 
 1150      555DA440 
 1150      2FE4C211 
 1150      6328F002 
 1151 0278 0C851A0E 		.ascii	"\014\205\032\016\354&\321.\303x\271%Q\237!\221\323\230"
 1151      EC26D12E 
 1151      C378B925 
 1151      519F2191 
 1151      D398
 1152 028a B0B2B9C9 		.ascii	"\260\262\271\311i\314\234\013\340\306\006\243k\013\207"
 1152      69CC9C0B 
 1152      E0C606A3 
 1152      6B0B87
 1153 0299 09FEDF0D 		.ascii	"\011\376\337\015\263'p\371\031\364\343\272\342~\352"
 1153      B32770F9 
 1153      19F4E3BA 
 1153      E27EEA
 1154 02a8 28C53CDE 		.ascii	"(\305<\336\202\365\344-\240t\306\342`\254>\1770N\373"
 1154      82F5E42D 
 1154      A074C6E2 
 1154      60AC3E7F 
 1154      304EFB
 1155 02bb 22C21343 		.ascii	"\"\302\023C\373\360\356\0001an\346i\255Bs\227z\264\363"
 1155      FBF0EE00 
 1155      31616EE6 
 1155      69AD4273 
 1155      977AB4F3 
 1156 02cf E78A2AAB 		.ascii	"\347\212*\253\334eZ\311\231\242\312\202\023%\005WN\225"
 1156      DC655AC9 
 1156      99A2CA82 
 1156      13250557 
 1156      4E95
 1157 02e1 97961D2D 		.ascii	"\227\226\035-cV\355\222V\256Ux\366\\\250\360hnw\325"
 1157      6356ED92 
ARM GAS  C:\Users\elias\AppData\Local\Temp\cciYT9qe.s 			page 91


 1157      56AE5578 
 1157      F65CA8F0 
 1157      686E77D5 
 1158 02f5 654F9107 		.ascii	"eO\221\007\303\177\003\271\004\205^"
 1158      C37F03B9 
 1158      04855E
 1159              		.text
 1160              		.section	.gnu.lto_CyDmaTdFree.cd5e811f,"",%progbits
 1161 0000 789C2D4E 		.ascii	"x\234-N1KBa\024\275\367~/}H\202c\203\204\320 \022H\""
 1161      314B4261 
 1161      14BDF77E 
 1161      2F7D4882 
 1161      638384D0 
 1162 0018 2DAD0535 		.ascii	"-\255\0055F\256B\210\276\255\024\304\206\246\367\345"
 1162      46AE4288 
 1162      BEAD14C4 
 1162      86A6F7E5 
 1163 0028 F365630D 		.ascii	"\363ec\015\365\007\"\254\014\"\232\036\201\210[K\201"
 1163      F50722AC 
 1163      0C229A1E 
 1163      81885B4B 
 1163      81
 1164 0039 44102DD5 		.ascii	"D\020-\325`\022Q*\0254\330\353~\257.\\\316\345p\316"
 1164      6012512A 
 1164      1534D8EB 
 1164      7EAF2E5C 
 1164      CEE570CE 
 1165 004d 3D470304 		.ascii	"=G\003\00453\014\223\214I^\034\001\244\355+\200\015"
 1165      35330C93 
 1165      8C495E1C 
 1165      01A4ED2B 
 1165      800D
 1166 005f 9D483412 		.ascii	"\235H4\022 \003Z;\014rT\240\246h\324\020\025J\035\301"
 1166      20035A3B 
 1166      0C7254A0 
 1166      A668D410 
 1166      154A1DC1 
 1167 0073 24A1A189 		.ascii	"$\241\241\211\2374$lU;\016\305j\222\347\301~\016nJ{"
 1167      9F34246C 
 1167      553B0EC5 
 1167      6A92E7C1 
 1167      7E0E6E4A 
 1168 0088 CC16002E 		.ascii	"\314\026\000.y\011\2005\214\261\352\346\366{@b\002\201"
 1168      79098035 
 1168      8CB1EAE6 
 1168      F67B4062 
 1168      0281
 1169 009a EFCBF376 		.ascii	"\357\313\363v\235\242\007R\226\245\354\247\245\260\005"
 1169      9DA20752 
 1169      96A5ECA7 
 1169      A5B005
 1170 00a9 E2210A76 		.ascii	"\342!\012v`2\214Sa`\002\360\010\243J\374t\366\263\033"
 1170      60328C53 
 1170      616002F0 
 1170      08A34AFC 
 1170      74F6B31B 
 1171 00bd F455D4FB 		.ascii	"\364U\324\373\310\337S<F\237\252\177\272\324\224\256"
ARM GAS  C:\Users\elias\AppData\Local\Temp\cciYT9qe.s 			page 92


 1171      C8DF533C 
 1171      469FAA7F 
 1171      BAD494AE 
 1172 00cd 6BC9E645 		.ascii	"k\311\346E|\247\373\036\364!*\017\261\233U=^\325\266"
 1172      7CA7FB1E 
 1172      F4212A0F 
 1172      B19B553D 
 1172      5ED5B6
 1173 00e0 4FA45074 		.ascii	"O\244Pt\260<\250~9\373\001\345\266\004Y\034\361\210"
 1173      B03CA87E 
 1173      39FB01E5 
 1173      B604591C 
 1173      F188
 1174 00f2 953B6BFC 		.ascii	"\225;k\374\237\340\250=\273u\355\377 \366s|\035\303"
 1174      9FE0A83D 
 1174      BB75EDFF 
 1174      20F6737C 
 1174      1DC3
 1175 0104 5EFF3E09 		.ascii	"^\377>\011h$D\027+!\245T\225\034\347\365\336o\016\345"
 1175      68244417 
 1175      2B21A554 
 1175      951CE7F5 
 1175      DE6F0EE5 
 1176 0118 9694215B 		.ascii	"\226\224![pon\203'h\002?\265\205\346\2314/\365\005\313"
 1176      706F6E83 
 1176      2768023F 
 1176      B585E699 
 1176      342FF505 
 1177 012d 4DF74DF7 		.ascii	"M\367M\367\214jz,e\236\273E\346\215\274Q\314\224\214"
 1177      8C6A7A2C 
 1177      659EBB45 
 1177      E68DBC51 
 1177      CC948C
 1178 0140 DC72AAB0 		.ascii	"\334r\252\260V\314\032\351\305Tav:=\273>\267\232\311"
 1178      56CC1AE9 
 1178      C5546176 
 1178      3A3DBB3E 
 1178      B79AC9
 1179 0153 C6B3A097 		.ascii	"\306\263\240\227r\013\231|n\305\370\005\365\017z\361"
 1179      720B997C 
 1179      6EC5F805 
 1179      F50F7AF1 
 1180              		.text
 1181              		.section	.gnu.lto_CyDmaTdFreeCount.cd5e811f,"",%progbits
 1182 0000 789C6361 		.ascii	"x\234ca`d\000\001N \245\004\244\245\201\230\221\231"
 1182      60640001 
 1182      4E20A504 
 1182      A4A58198 
 1182      9199
 1183 0012 819169C2 		.ascii	"\201\221i\3029\006\206F\016&FF\020\243\201\203\221\241"
 1183      39068646 
 1183      0E264646 
 1183      10A38183 
 1183      91A1
 1184 0024 9E89B19E 		.ascii	"\236\211\261\236\361+\323_&\306\323\337O\364pi.ohhj"
 1184      F12BD35F 
 1184      26C6D3DF 
ARM GAS  C:\Users\elias\AppData\Local\Temp\cciYT9qe.s 			page 93


 1184      4FF47069 
 1184      2E6F6868 
 1185 0039 78D0FA9D 		.ascii	"x\320\372\235\367{S\253D+3\003\303\177&\006Fc\031F\003"
 1185      F77B53AB 
 1185      442B3303 
 1185      C37F2606 
 1185      46631946 
 1186 004e 199011CB 		.ascii	"\031\220\021\313\0315\031\200J\037m\3747\225\227\255"
 1186      19351980 
 1186      4A1F6DFC 
 1186      379597AD 
 1187 005e A5010814 		.ascii	"\245\001\010\024@\012\2002+\030\331@V\256\017:\320\360"
 1187      400A8032 
 1187      2B18D940 
 1187      56AE0F3A 
 1187      D0F0
 1188 0070 FF7F73C3 		.ascii	"\377\177s\303\201\335\372\023_|\347eabhe\006Z\0142\210"
 1188      81DDFA13 
 1188      5F7CE765 
 1188      61626865 
 1188      065A0C32 
 1189 0085 E1035021 		.ascii	"\341\003P!\310\332\217LL \232\371\031c\323\264\215\357"
 1189      C8DA8F4C 
 1189      4C209AF9 
 1189      1963D3B4 
 1189      8DEF
 1190 0097 679B81F4 		.ascii	"g\233\201\36463\203\2340\255\365\320y\366/L\255\314"
 1190      3633839C 
 1190      30ADF5D0 
 1190      79F62F4C 
 1190      ADCC
 1191 00a9 4C8C206B 		.ascii	"L\214 kv\356|s\233\275\376oCGC\203\000P\254\023d\010"
 1191      76EE7C73 
 1191      9BBDFE6F 
 1191      43474383 
 1191      0050AC13 
 1192 00bf 50F8D599 		.ascii	"P\370\325\231\253G\270\3463\316ml\000\21330\256\002"
 1192      AB47B8E6 
 1192      33CE6D6C 
 1192      008B3330 
 1192      AE02
 1193 00d1 7A612523 		.ascii	"za%#\320\201\214\253\031\34732<cl\236\306\0061\224\031"
 1193      D0818CAB 
 1193      19E73332 
 1193      3C636C9E 
 1193      C6063194 
 1194 00e6 62EED1A5 		.ascii	"b\356\321\245\023\256\360\201\314e`|\301\310\270\006"
 1194      13AEF081 
 1194      CC65607C 
 1194      C1C8B806 
 1195 00f6 A8F41523 		.ascii	"\250\364\025#\023T\005\003\330e\214 \027\001\335\247"
 1195      13540503 
 1195      D8658C20 
 1195      1701DDA7 
 1196 0106 E09E9A97 		.ascii	"\340\236\232\227Z\224X\222\232\022\037\234_Z\224\234"
 1196      5A945892 
 1196      9A121F9C 
ARM GAS  C:\Users\elias\AppData\Local\Temp\cciYT9qe.s 			page 94


 1196      5F5A949C 
 1197 0116 1A13109C 		.ascii	"\032\023\020\234\357l\032\343\\\351\222\233\230\254"
 1197      EF6C1AE3 
 1197      5CE9929B 
 1197      98AC
 1198 0124 97CC0000 		.ascii	"\227\314\000\000\023QfE"
 1198      13516645 
 1199              		.text
 1200              		.section	.gnu.lto_CyDmaTdSetConfiguration.cd5e811f,"",%progbits
 1201 0000 789C9D95 		.ascii	"x\234\235\225_L[U\034\307\317\357\234\373\247-m\307"
 1201      5F4C5B55 
 1201      1CC7CFEF 
 1201      9CFBA72D 
 1201      6DC7
 1202 0012 838F6492 		.ascii	"\203\217d\222\230I\266\030\031.\276\3702\015&\372\246"
 1202      9849B618 
 1202      192EBEF8 
 1202      320D26FA 
 1202      A6
 1203 0023 73C6A72D 		.ascii	"s\306\247-\332@g\226\270b\240\030}\342\300\355\035,"
 1203      DA406796 
 1203      B862A018 
 1203      7DE2C0ED 
 1203      1D2C
 1204 0035 D108619A 		.ascii	"\321\010a\232\255\203\240C\302t \177\253\262\215\321"
 1204      AD83A043 
 1204      C274207F 
 1204      ABB28DD1 
 1205 0045 15061BC2 		.ascii	"\025\006\033\302\006d\231l\306d\342F\026\365\201\026"
 1205      0664996C 
 1205      C664E246 
 1205      16F58116 
 1206 0055 48C10CF0 		.ascii	"H\301\014\360\367;\367\216a\226hb\223\336\336s\356\357"
 1206      F73BF78E 
 1206      61966862 
 1206      93DEDE73 
 1206      EEEF
 1207 0067 FB3B9FEF 		.ascii	"\373;\237\357\267\347\264\032\003\246^\006c\007\361"
 1207      B7E7B41A 
 1207      03A65E06 
 1207      6307F1
 1208 0076 A318DF60 		.ascii	"\243\030\337`0\340\365\327\030\253\366p.N\354e\322\247"
 1208      30E0F5D7 
 1208      18ABF670 
 1208      2E4EEC65 
 1208      D2A7
 1209 0088 AF0499F4 		.ascii	"\257\004\231\364\013\256\335(\244\321\205\3558\322@"
 1209      0BAEDD28 
 1209      A4D185ED 
 1209      38D240
 1210 0097 778A7400 		.ascii	"w\212t\000\272\221\036`U\\h:T\3012_\3430\035\353n\022"
 1210      BA911E60 
 1210      555C683A 
 1210      54C1325F 
 1210      E3301DEB 
 1211 00ad 4BDC160C 		.ascii	"K\334\026\0144\034\246'\343\277\005i\010\220\217\303"
 1211      341CA627 
ARM GAS  C:\Users\elias\AppData\Local\Temp\cciYT9qe.s 			page 95


 1211      E3BF0569 
 1211      08908FC3 
 1212 00bd 5372E698 		.ascii	"Sr\346\230\271\263]\312\032y\347^_0\336;%\275\266\340"
 1212      B9B35DCA 
 1212      1A79E75E 
 1212      5F30DE3B 
 1212      25BDB6E0 
 1213 00d1 6C833338 		.ascii	"l\20338\003y\320\016y\304\3625\354\304\342\0337W3\\"
 1213      0379D00E 
 1213      79C4F235 
 1213      ECC4E21B 
 1213      3757335C 
 1214 00e5 3C050CEF 		.ascii	"<\005\014\357\257\366\315\234\345\005m$\224=\007\245"
 1214      AFF6CD9C 
 1214      E5056D24 
 1214      943D07A5 
 1215 00f5 B085806F 		.ascii	"\260\205\200o@\220nO\036\354\316c8\301\340,\024`\355"
 1215      40906E4F 
 1215      1EECCE63 
 1215      38C1E02C 
 1215      1460ED
 1216 0108 E58D6C72 		.ascii	"\345\215lr\233\203@D3\013\023\3159\016B.\016c\017\032"
 1216      9B834044 
 1216      330B13CD 
 1216      390E422E 
 1216      0E630F1A 
 1217 011c 539A7846 		.ascii	"S\232xFu=7\372GK\216\333u1$u[h\360\255\323\265\023i"
 1217      753D37FA 
 1217      474B8EDB 
 1217      75312475 
 1217      5B68F0AD 
 1218 0134 3A80FA6A 		.ascii	":\200\372j\014\272T\337\346\352\354\212\020/(e\375\317"
 1218      0CBA54DF 
 1218      E6EAEC8A 
 1218      102F2865 
 1218      FDCF
 1219 0146 6D97C055 		.ascii	"m\227\300U\016\216\346\310\335\004\324\375\030P\217"
 1219      0E8EE6C8 
 1219      DD04D4FD 
 1219      18508F
 1220 0155 128E7CB5 		.ascii	"\022\216|\265\266\254\213\227\224\260\177.9\034p\205"
 1220      B6AC8B97 
 1220      94B07F2E 
 1220      391C7085 
 1221 0165 AB0F85BD 		.ascii	"\253\017\205\275\217\011\373\240\200\252\357\333\262"
 1221      8F09FBA0 
 1221      80AAEFDB 
 1221      B2
 1222 0172 D32B5E53 		.ascii	"\323+^S\312\306\343\313)}G+)\223\211\305\367\033,yE"
 1222      CAC6E3CB 
 1222      297D472B 
 1222      299389C5 
 1222      F71B2C79 
 1223 0187 6A181EF4 		.ascii	"j\030\036\364;\352G\3711*\237\353Y\377,`\304$\276\362"
 1223      3BEA47F9 
 1223      312A9FEB 
 1223      59FF2C60 
ARM GAS  C:\Users\elias\AppData\Local\Temp\cciYT9qe.s 			page 96


 1223      C424BEF2 
 1224 019b 21013B28 		.ascii	"!\001;(c\214\366;0\360\313\007\232\351z#)76,\231\354"
 1224      638CF63B 
 1224      30F0CB07 
 1224      9AE97A23 
 1224      2937362C 
 1225 01b1 DBD35037 		.ascii	"\333\323P7\024\314\005F\263\030\023\306\250!\206n\000"
 1225      14CC0546 
 1225      B31813C6 
 1225      A821866E 
 1225      00
 1226 01c2 3937F1D6 		.ascii	"97\361\326\360\340\305\364\322\305\207\027\217\037\310"
 1226      F0E0C5F4 
 1226      D2C58717 
 1226      8F1FC8
 1227 01d1 5A101427 		.ascii	"Z\020\024'[\300\316\264\031\322\234\323\247\230\203"
 1227      5BC0CEB4 
 1227      19D29CD3 
 1227      A79883
 1228 01e0 1A245C00 		.ascii	"\032$\\\000\265\030\266D\232D\355D\217\217\276\004\016"
 1228      B518B644 
 1228      9A44ED44 
 1228      8F8FBE04 
 1228      0E
 1229 01f1 00DF23E5 		.ascii	"\000\337#\345<\324dj\347'\207}Td\011\315B\327\277B\354"
 1229      3CD4646A 
 1229      E727877D 
 1229      546409CD 
 1229      42D7BF42 
 1230 0206 96B5DD9D 		.ascii	"\226\265\335\235@\321\347v\352\272I\"\035\321~p\255"
 1230      40D1E776 
 1230      EABA4922 
 1230      1DD17E70 
 1230      AD
 1231 0217 A5B96027 		.ascii	"\245\271`'\366\212y\260\036\034\0351\234b\323\022\006"
 1231      F68A79B0 
 1231      1E1C1D31 
 1231      9C62D312 
 1231      06
 1232 0228 D62FDDBE 		.ascii	"\326/\335\276\177\\-b\200\274#`\000\025\330\362\266"
 1232      7F5C2D62 
 1232      80BC2360 
 1232      0015D8F2 
 1232      B6
 1233 0239 35CFDD32 		.ascii	"5\317\3352\254\351\372s`5\340\32408\267\331Sc\243O\013"
 1233      ACE9FA73 
 1233      6035E0D4 
 1233      3038B7D9 
 1233      5363A34F 
 1234 024e C5B43E69 		.ascii	"\305\264>i=\211u\255\367\022\375\246xK%\237\315\376"
 1234      3D8975AD 
 1234      F712FDA6 
 1234      784B259F 
 1234      CDFE
 1235 0260 D26638C9 		.ascii	"\322f8\311\313\351Ry\354E[x\341\374\177\247~\001S\247"
 1235      CBE95279 
 1235      EC455B78 
ARM GAS  C:\Users\elias\AppData\Local\Temp\cciYT9qe.s 			page 97


 1235      E1FC7FA7 
 1235      7E0153A7 
 1236 0274 9531EF41 		.ascii	"\2251\357AZ\337C&\021<~\364\256\351\314xq\022U\361\363"
 1236      5ADF4326 
 1236      113C7EF4 
 1236      AEE9CC78 
 1236      711255F1 
 1237 0289 4BE33A41 		.ascii	"K\343:A\231\340\201\213*\035\253\311pJ|\370\374\257"
 1237      99E0818B 
 1237      2A1DABC9 
 1237      704A7CF8 
 1237      FCAF
 1238 029b FADE0EA0 		.ascii	"\372\336\016\240\347\036\220\013\325R\203!\310C1\303"
 1238      E71E900B 
 1238      D5528321 
 1238      C84331C3 
 1239 02ab A0E53E2A 		.ascii	"\240\345>*\303\232\237N_l\014\356:C+'\007N{O~\341\261"
 1239      C39A9F4E 
 1239      5F6C0CEE 
 1239      3A432B27 
 1239      074E7B4F 
 1240 02c2 85CF39E6 		.ascii	"\205\3179\346\014\222\260k\253wS\331\332\214\327\343"
 1240      0C92B06B 
 1240      AB7753D9 
 1240      DA8CD7E3 
 1241 02d2 B81C1BAF 		.ascii	"\270\034\033\257\363\267\340.\247\016C\213\357\230\266"
 1241      F3B7E02E 
 1241      A70E438B 
 1241      EF98B6
 1242 02e1 C8C1E521 		.ascii	"\310\301\345!E\356h\201Lf\330_\330)cX\320l\330\302\017"
 1242      45EE6881 
 1242      4C66D85F 
 1242      D8296358 
 1242      D06CD8C2 
 1243 02f6 C3D002EB 		.ascii	"\303\320\002\353\334u^\177wv\305,\352R\217\023\3708"
 1243      DC755E7F 
 1243      7776C52C 
 1243      EA528F13 
 1243      F838
 1244 0308 00235008 		.ascii	"\000#P\010\227\234h\360\371\255\272\261\326`\325\032"
 1244      979C68F0 
 1244      F9ADBAB1 
 1244      D660D51A 
 1245 0318 F1C97D88 		.ascii	"\361\311}\210\006\227\241\210\320\031\214B\025:\341"
 1245      0697A188 
 1245      D0198C42 
 1245      153AE1
 1246 0327 34A0C808 		.ascii	"4\240\310\010\026\003H\305{\226\232\236s\315m\242z\025"
 1246      160348C5 
 1246      7B969A9E 
 1246      73CD6DA2 
 1246      7A15
 1247 0339 EA97E993 		.ascii	"\352\227\351\223\237\012B\215\201-\202\0049F\353\300"
 1247      9F0A428D 
 1247      812D8204 
 1247      3946EBC0 
 1248 0349 1504C2AD 		.ascii	"\025\004\302\255\240\324\351\345\246\233\340\3127\177"
ARM GAS  C:\Users\elias\AppData\Local\Temp\cciYT9qe.s 			page 98


 1248      A0D4E9E5 
 1248      A69BE0CA 
 1248      377F
 1249 0357 114CF58B 		.ascii	"\021L\365\213\260\325\251l\000\366/F\023@F\307\267\032"
 1249      B0D5A96C 
 1249      00F62F46 
 1249      134046C7 
 1249      B71A
 1250 0369 FD64BABB 		.ascii	"\375d\272\273Qs\215\016\002\031\375\021\215^u\214\302"
 1250      51738D0E 
 1250      0219FD11 
 1250      8D5E758C 
 1250      C2
 1251 037a 041459C2 		.ascii	"\004\024Y\302\357\360g\037\021\2442\335\355~\207@\374"
 1251      EFF0671F 
 1251      11A432DD 
 1251      ED7E8740 
 1251      FC
 1252 038b 1F826B5B 		.ascii	"\037\202k[\011\306\343S\263\336\177\020\\G\202I\227"
 1252      09C6E353 
 1252      B3DE7F10 
 1252      5C478249 
 1252      97
 1253 039c 608A0882 		.ascii	"`\212\010\202\2647\222\351\305\244\023\253s\0107S\344"
 1253      B43792E9 
 1253      C5A413AB 
 1253      73083753 
 1253      E4
 1254 03ad B8F7A755 		.ascii	"\270\367\247Uy\232\353\017\217l\256:\376\226\000\366"
 1254      799AEB0F 
 1254      8F6CAE3A 
 1254      FE9600F6 
 1255 03bd 3B4AB38B 		.ascii	";J\263\213\263\340\234\032\372\257\3108\247\226w\234"
 1255      B3E09C1A 
 1255      FAAFC838 
 1255      A796779C 
 1256 03cd AADD4637 		.ascii	"\252\335F7B\351\265\217[j\237\300\323\017\324\002\341"
 1256      42E9B58F 
 1256      5B6A9FC0 
 1256      D30FD402 
 1256      E1
 1257 03de F25F0947 		.ascii	"\362_\011G\302\345\241h\270\364\355\375e\225\345%\341"
 1257      C2E5A168 
 1257      B8F4EDFD 
 1257      6595E525 
 1257      E1
 1258 03ef 03AFEF2F 		.ascii	"\003\257\357/+~\376@\361G/\037\011\225<[\302<\321\322"
 1258      2B7EFE40 
 1258      F1472F1F 
 1258      09953C5B 
 1258      C23CD1D2 
 1259 0403 574391D2 		.ascii	"WC\221\322\367\302\201hy(Rq(\\^\\V\031\211\032\221\360"
 1259      F7C28168 
 1259      79285271 
 1259      285C5E5C 
 1259      5619891A 
 1260 0419 87D1374B 		.ascii	"\207\3217K\003%e\221C\207\337\255\304\016\207\313\""
ARM GAS  C:\Users\elias\AppData\Local\Temp\cciYT9qe.s 			page 99


 1260      03256591 
 1260      4387DFAD 
 1260      C40E87CB 
 1260      22
 1261 042a 46453414 		.ascii	"FE4\024\255\2540q\362\203py\364o\206a&\310"
 1261      ADAC3071 
 1261      F2837079 
 1261      F46F8661 
 1261      26C8
 1262              		.text
 1263              		.section	.gnu.lto_CyDmaTdGetConfiguration.cd5e811f,"",%progbits
 1264 0000 789C8555 		.ascii	"x\234\205U}L\225U\030?\317{\356\373q/\367\362e\3621"
 1264      7D4C9555 
 1264      183FCF7B 
 1264      EEFB712F 
 1264      F7F265F2 
 1265 0015 EFCCAD39 		.ascii	"\357\314\2559&k\031k\256V[\332h\253\377j\331*7]#\270"
 1265      266B196B 
 1265      AE565BDA 
 1265      68ABFF6A 
 1265      D92A375D 
 1266 002b 36B7BA34 		.ascii	"6\267\2724\2744\373\213\003\227+\332\326\302\241(d3"
 1266      BC34FB8B 
 1266      03972BDA 
 1266      D6C2A128 
 1266      6433
 1267 003d 200686C8 		.ascii	" \006\206\310\207P\241\201t\025P\362\223U\352\020\023"
 1267      8750A181 
 1267      741550F2 
 1267      9355EA10 
 1267      13
 1268 004e 356AAD0C 		.ascii	"5j\255\014\356\304+L\244\3479\347\205\256\214\325\273"
 1268      EEC42B4C 
 1268      A4E739E7 
 1268      85AE8CD5 
 1268      BB
 1269 005f 7BCF7DCF 		.ascii	"{\317}\317s\236\3379\277\337\357y88\0300z\3364\031\333"
 1269      739EDF39 
 1269      BFDFEF79 
 1269      38381830 
 1269      7ADE3419 
 1270 0074 84BFDBF0 		.ascii	"\204\277\333\360\013q\014\264\362s\214\025[\232\306"
 1270      0B710CB4 
 1270      F2738C15 
 1270      5B9AC6
 1271 0083 F7AD65C2 		.ascii	"\367\255e\302\345\272\027\317\204\233k\216\2160\303"
 1271      E5BA17CF 
 1271      849B6B8E 
 1271      8E30C3
 1272 0092 A97E350E 		.ascii	"\251~5\016\247\016\320U\226\256\031*n\312\270\001\246"
 1272      A70ED055 
 1272      96AE192A 
 1272      6ECAB801 
 1272      A6
 1273 00a3 8A9B9A55 		.ascii	"\212\233\232U\335Oq\327]\023\343\026\270T\334\005@/"
 1273      DD4F71D7 
 1273      5D13E316 
ARM GAS  C:\Users\elias\AppData\Local\Temp\cciYT9qe.s 			page 100


 1273      B854DC05 
 1273      402F
 1274 00b5 C20256A4 		.ascii	"\302\002V\244q\207n\230\030*\202ImF\203\213\245\255"
 1274      71876E98 
 1274      182A8249 
 1274      6D46838B 
 1274      A5AD
 1275 00c7 FBF91D2D 		.ascii	"\373\371\035-\304\0318p:q\266\372f<M\001V\340\36431"
 1275      C4193870 
 1275      3A71B6FA 
 1275      663C4D01 
 1275      56E0F433 
 1276 00dc B4D35CD5 		.ascii	"\264\323\\\325 D\211\270^\037\211\257n\277 \234!\256"
 1276      204489B8 
 1276      5E1F89AF 
 1276      6EBF209C 
 1276      21AE
 1277 00ee B1598D41 		.ascii	"\261Y\215A#x\241\001\274$\340 \254\302\344\037\177\236"
 1277      2378A101 
 1277      BC24E020 
 1277      ACC2E41F 
 1277      7F9E
 1278 0100 8A68FC31 		.ascii	"\212h\3741`\370~\372\310P\223\226QO@\321\266I\360\020"
 1278      60F87EFA 
 1278      C8509396 
 1278      514F40D1 
 1278      B649F010 
 1279 0114 E7F01570 		.ascii	"\347\360\025p\302=\345\205'\275\014\003\014\232 \003"
 1279      C23DE585 
 1279      27BD0C03 
 1279      0C9A2003 
 1280 0124 734BEF57 		.ascii	"sK\357W\204\035\374q\211\273>\325\361\227i\343\242>"
 1280      841DFC71 
 1280      89BB3ED5 
 1280      F19769E3 
 1280      A23E
 1281 0136 3ACC0187 		.ascii	":\314\001\207\024n\356<\0141h\226\310\317\213\243\367"
 1281      146EEE3C 
 1281      0C316896 
 1281      C8CF8BA3 
 1281      F7
 1282 0147 387F5622 		.ascii	"8\177V\"wWtv%\330\310\237\372\335\242\034B\\\207\303"
 1282      77577476 
 1282      25D8C89F 
 1282      FADDA21C 
 1282      425C87C3 
 1283 015b 0BB13A83 		.ascii	"\013\261:\203\026\211=\371\345\314\244\316_\220\330"
 1283      16893DF9 
 1283      E5CCA4CE 
 1283      5F90D8
 1284 016a A38D9525 		.ascii	"\243\215\225%sl\367\014\314a[\027\301\266A\006\001~"
 1284      736CF70C 
 1284      CC615B17 
 1284      C1B64106 
 1284      017E
 1285 017c 0F896627 		.ascii	"\017\211f'\177E\202+vO\206\365\225u\004\356\255\212"
 1285      7F45822B 
ARM GAS  C:\Users\elias\AppData\Local\Temp\cciYT9qe.s 			page 101


 1285      764F86F5 
 1285      957504EE 
 1285      AD8A
 1286 018e 7EB02B28 		.ascii	"~\260+(N\011\007\232\004\355\017\343\351\301\364\033"
 1286      4E09079A 
 1286      04ED0FE3 
 1286      E9C1F41B 
 1287 019e 6D0FF678 		.ascii	"m\017\366x\214R\201\317\0128\002+\311K\264\260\003\014"
 1287      8C5281CF 
 1287      0A38022B 
 1287      C94BB4B0 
 1287      030C
 1288 01b0 EC0CA048 		.ascii	"\354\014\240H\313k\275bv6(z\367>\275\353Tm\3022`\024"
 1288      CB6BBD62 
 1288      7636287A 
 1288      F73EBDEB 
 1288      546DC232 
 1289 01c6 D581EC32 		.ascii	"\325\201\3542\220\206a\001\351w\342\253\351\242!\016"
 1289      90866101 
 1289      E977E2AB 
 1289      E9A2210E 
 1290 01d6 07CB8D83 		.ascii	"\007\313\215\203\323CC\002\220\304DZI\242!\231\226\227"
 1290      D3434302 
 1290      90C4445A 
 1290      49A22199 
 1290      9697
 1291 01e8 E0E05A0A 		.ascii	"\340\340Z\012$ \205\202\2514\244\321J:\25506\2164\250"
 1291      24208582 
 1291      A934A4D1 
 1291      4A3AAD30 
 1291      368E34A8 
 1292 01fc 4B26348D 		.ascii	"K&4\215~\371\015(A9\343 \231\341\371H\275\263\354L\233"
 1292      7EF90D28 
 1292      4139E320 
 1292      99E1F948 
 1292      BDB3EC4C 
 1293 0211 8B9A4303 		.ascii	"\213\232C\003\200N\2244\006%\221\262\273W\353\\\224"
 1293      804E9434 
 1293      062591B2 
 1293      BB57EB5C 
 1293      94
 1294 0222 14E4F8D1 		.ascii	"\024\344\370\321\331(\224^\011.\267\003\010\252\014"
 1294      D928945E 
 1294      092EB703 
 1294      08AA0C
 1295 0231 85CF9B04 		.ascii	"\205\317\233\004B}\360\265\355\303\204\306\331\276\265"
 1295      427DF0B5 
 1295      EDC384C6 
 1295      D9BEB5
 1296 0240 1C738783 		.ascii	"\034s\207\203\277\335n\343*\335\212Mw`\3727\363\351"
 1296      BFDD6EE3 
 1296      2ADD8A4D 
 1296      7760FA37 
 1296      F3E9
 1297 0252 0E36BC86 		.ascii	"\0166\274\206\313\343\306F\202\357`^\335\257\235\035"
 1297      CBE3C646 
 1297      82EF605E 
ARM GAS  C:\Users\elias\AppData\Local\Temp\cciYT9qe.s 			page 102


 1297      DDAF9D1D 
 1298 0262 267F4356 		.ascii	"&\177CV \032\035\2517T\005\304\225<\261s]\210\307\301"
 1298      201A1DA9 
 1298      375405C4 
 1298      953CB173 
 1298      5D88C7C1 
 1299 0276 B7FFEF7E 		.ascii	"\267\377\357~\027\272O'\243\357G\351|'\361\037\203`"
 1299      17BA4F27 
 1299      A3EF47E9 
 1299      7C27F11F 
 1299      8360
 1300 0288 F5F69369 		.ascii	"\365\366\223i*\342\302 \242\252\217\335\031\324\211"
 1300      2AE2C220 
 1300      A2AA8FDD 
 1300      19D489
 1301 0297 9409161C 		.ascii	"\224\011\026\034\223\302\203\373\015\225\022\207\353"
 1301      93C283FB 
 1301      0D951287 
 1301      EB
 1302 02a4 D3E5ED87 		.ascii	"\323\345\355\207\200\326-\020\343\305\302\001\337\201"
 1302      80D62D10 
 1302      E3C5C201 
 1302      DF81
 1303 02b2 17C10C3D 		.ascii	"\027\301\014=\024\033(\015s.\325\366T\304g6\322\311"
 1303      141B280D 
 1303      732ED5F6 
 1303      54C46736 
 1303      D2C9
 1304 02c4 BD5DB5CE 		.ascii	"\275]\265\316\252/\254\020w3\365@7d\306j\267\224\254"
 1304      AA2FAC10 
 1304      7733F540 
 1304      3764C66A 
 1304      B794AC
 1305 02d7 81C11DEE 		.ascii	"\201\301\035\356\003\330\344\022\022]\227\026\342\036"
 1305      03D8E412 
 1305      125D9716 
 1305      E21E
 1306 02e5 3C0F7A48 		.ascii	"<\017zH\016\355\030\211\234p\257n\026\245\230\320i\204"
 1306      0EED1889 
 1306      9C70AF6E 
 1306      16A598D0 
 1306      6984
 1307 02f7 783C1C87 		.ascii	"x<\034\207\003\360@\263\2456\216M\275\225\325\"W\273"
 1307      03F040B3 
 1307      A5368E4D 
 1307      BD95D522 
 1307      57BB
 1308 0309 7135017A 		.ascii	"q5\001za5dz\355\325K;&\373\264\242\031\242#6 \023\370"
 1308      6135647A 
 1308      EDD54B3B 
 1308      26FBB4A2 
 1308      19A22336 
 1309 0320 1EB28829 		.ascii	"\036\262\210)\2030\024!q\215&\344\020qC\275\341\351"
 1309      83301421 
 1309      718D26E4 
 1309      107143BD 
 1309      E1E9
ARM GAS  C:\Users\elias\AppData\Local\Temp\cciYT9qe.s 			page 103


 1310 0332 8F6F8F04 		.ascii	"\217o\217\004S\224fw,\331DI\266f\242\352SNdK\361o'\211"
 1310      53946677 
 1310      2CD94449 
 1310      B666A2EA 
 1310      534E644B 
 1311 034a 689E209A 		.ascii	"h\236 \232p\022)\221]\367\267\337\342\012\354Q\370\203"
 1311      70122991 
 1311      5DF7B7DF 
 1311      E20AEC51 
 1311      F883
 1312 035c 4DC3110F 		.ascii	"M\303\021\017\341\223a\366Q\350S\335T\011\266[\261\332"
 1312      E19361F6 
 1312      51E853DD 
 1312      5409B65B 
 1312      B1DA
 1313 036e C573D8A1 		.ascii	"\305s\330\241\311\330\036\252\037\240\037\267\304md"
 1313      C9D81EAA 
 1313      1FA01FB7 
 1313      C46D64
 1314 037d 5FE8F36D 		.ascii	"_\350\363m\324\360\367\\\033%\304\262\323\261\215\006"
 1314      D4F0F75C 
 1314      1B25C4B2 
 1314      D3B18D06 
 1315 038d E6DBC8F8 		.ascii	"\346\333\310\370\267\215\256\235HU\351\211sU7\324\034"
 1315      B78DAE9D 
 1315      4855E989 
 1315      735537D4 
 1315      1C
 1316 039e C927C614 		.ascii	"\311'\306\024Y\306\222UE\223\310\210\236\232\347Up\011"
 1316      59C69255 
 1316      4593C888 
 1316      9E9AE755 
 1316      7009
 1317 03b0 9ED3371B 		.ascii	"\236\3237\033\355MP\235\241-\244\335\015LV,y\321\212"
 1317      ED4D509D 
 1317      A12DA4DD 
 1317      0D4C562C 
 1317      79D18A
 1318 03c3 4D0055EC 		.ascii	"M\000U\354tl\305>\271\330Z\341\260K6\005T\262A,\331"
 1318      746CC53E 
 1318      B9D85AE1 
 1318      B04B3605 
 1318      54B2412C 
 1319 03d8 29C51E7E 		.ascii	")\305\036~\200,i\321h\012\035\277\230G\034\265+\261"
 1319      802C69D1 
 1319      680A1DBF 
 1319      98471CB5 
 1319      2BB1
 1320 03ea 70467AB4 		.ascii	"pFz\264D\2126\347=\2729\357\321\322\030S,v\353\031e"
 1320      448A36E7 
 1320      3DBA39EF 
 1320      D1D21853 
 1320      2C76EB19 
 1321 03ff CAB55FEA 		.ascii	"\312\265_\352\226\251\365\224\005\246\244bh\241)i\312"
 1321      96A9F594 
 1321      05A6A462 
 1321      68A12969 
ARM GAS  C:\Users\elias\AppData\Local\Temp\cciYT9qe.s 			page 104


 1321      CA
 1322 0410 945469CA 		.ascii	"\224Ti\312h\037\250h:2\013GZ\033\334\312\025\276\220"
 1322      681FA868 
 1322      3A320B47 
 1322      5A1BDCCA 
 1322      15BE90
 1323 0423 E8B0ED4A 		.ascii	"\350\260\355J\332\242\256\314JW\316\305\2722X}\341\262"
 1323      DAA2AECC 
 1323      4A57CEC5 
 1323      BA32587D 
 1323      E1B2
 1324 0435 D37665AF 		.ascii	"\323ve\257l\344\363\350\312Y\333\225\013\266+5\313\377"
 1324      6CE4F3E8 
 1324      CA59DB95 
 1324      0BB62B35 
 1324      CBFF
 1325 0447 C3155B2D 		.ascii	"\303\025[-\\\224\256\244K\325\256\271[.Q^\257A\016\354"
 1325      5C94AEA4 
 1325      4BD5AEB9 
 1325      5B2E515E 
 1325      AF410EEC 
 1326 045b 0FBCF22A 		.ascii	"\017\274\362*\246/\333B\350\037uD]t\332\231\256\262"
 1326      A62FDB42 
 1326      E81F7544 
 1326      5D74DA99 
 1326      AEB2
 1327 046d 87BA4AC3 		.ascii	"\207\272J\303\256\032\002\257\365\347\361\262G\350\305"
 1327      AE1A02AF 
 1327      F5E7F1B2 
 1327      47E8C5
 1328 047c A4FB1368 		.ascii	"\244\373\023hGd\275\342%\237\337W\220\023\360\345\275"
 1328      4764BDE2 
 1328      259FDF57 
 1328      9013F0E5 
 1328      BD
 1329 048d BD3EBFB0 		.ascii	"\275>\277\260 \327\267\361\325\365\371\331k6f\177\364"
 1329      20D7B7F1 
 1329      D5F5F9D9 
 1329      6B36667F 
 1329      F4
 1330 049e E2FB39B9 		.ascii	"\342\3739\271O\3442+\220\367r\216?\357=\237'P\220\343"
 1330      4FE4322B 
 1330      90F7728E 
 1330      3FEF3D9F 
 1330      275090E3 
 1331 04b2 DFBAD957 		.ascii	"\337\272\331W\220\235_\350\017\030~\337\266\300\353"
 1331      909D5FE8 
 1331      0F187EDF 
 1331      B6C0EB
 1332 04c1 799EDC7C 		.ascii	"y\236\334|\377\346-\357\026\342\016[\362\375\306\326"
 1332      FFE62DEF 
 1332      16E20E5B 
 1332      F2FDC6D6 
 1333 04d1 404EA070 		.ascii	"@N\240p\253\211\301\017}\005\201\177\000iU\214\341"
 1333      AB89C10F 
 1333      7D05817F 
 1333      0069558C 
ARM GAS  C:\Users\elias\AppData\Local\Temp\cciYT9qe.s 			page 105


 1333      E1
 1334              		.text
 1335              		.section	.gnu.lto_CyDmaTdSetAddress.cd5e811f,"",%progbits
 1336 0000 789C8D54 		.ascii	"x\234\215TMLTW\024\276\347\3367\357\275\371\001\\t\327"
 1336      4D4C5457 
 1336      14BEE7DE 
 1336      37EFBDF9 
 1336      015C74D7 
 1337 0014 4943D210 		.ascii	"IC\322\020\242ij\375\333t\303\302&v\323\304\310\306"
 1337      A2696AFD 
 1337      DB74C3C2 
 1337      2676D3C4 
 1337      C8C6
 1338 0026 854D3B81 		.ascii	"\205M;\201Ij\322\016\015\214M\\q\341\315\023\033\323"
 1338      496AD20E 
 1338      0D8C4D5C 
 1338      71E1CD13 
 1338      1BD3
 1339 0038 0443A93A 		.ascii	"\004C\251:\2026\216\304\261\212\374\327\242\325\216"
 1339      82368EC4 
 1339      B18AFCD7 
 1339      A2D58E
 1340 0047 FC14A453 		.ascii	"\374\024\244SZ\321\210\304\230\370\207\0325\226\231"
 1340      5AD188C4 
 1340      98F8871A 
 1340      359699
 1341 0056 48102632 		.ascii	"H\020&2\236s\337\014B\343\302\233\314{\357\334{\276"
 1341      9E73DF0C 
 1341      42E3C29B 
 1341      CC7BEFDC 
 1341      7BBE
 1342 0068 73BEF39D 		.ascii	"s\276\363\235{Fc\300hmw1\366\031\2767\342\017\\\014"
 1342      7B4663C0 
 1342      686D7731 
 1342      F619BE37 
 1342      E20F5C0C 
 1343 007c 78E33863 		.ascii	"x\3438cu&\347\342`\031\223\036\355E!\223>\001\232\263"
 1343      7526E7E2 
 1343      6019931E 
 1343      ED452193 
 1343      3E019AB3 
 1344 0090 AD01D087 		.ascii	"\255\001\320\2074\201\325r\241A-\314\362\227\034\256"
 1344      3481D572 
 1344      A1412DCC 
 1344      F2971CAE 
 1345 00a0 443A5BC4 		.ascii	"D:[\304sn\013\006\032\232\251\277\243\367\012\311\004"
 1345      736E0B06 
 1345      1A9AA9BF 
 1345      A3F70AC9 
 1345      04
 1346 00b1 2846F3B0 		.ascii	"(F\363\260\234\370\336X}B\312zy{\370LQ\264\373_\351"
 1346      9CF8DE58 
 1346      7D42CA7A 
 1346      797BF84C 
 1346      51B4FB5F 
 1347 00c6 B6056759 		.ascii	"\266\005gY\316 \016~8\001~J~\022V\243\363\265\353\363"
 1347      CE200E7E 
ARM GAS  C:\Users\elias\AppData\Local\Temp\cciYT9qe.s 			page 106


 1347      38017E4A 
 1347      7E1256A3 
 1347      F3B5EBF3 
 1348 00da 692EDE07 		.ascii	"i.\336\007\206\337\227{&N\361\3226\002\312\346\317\245"
 1348      86DF977B 
 1348      264EF1D2 
 1348      3602CAE6 
 1348      CFA5
 1349 00ec B085805F 		.ascii	"\260\205\200_@\020n\203\037>\3623\334`p\012J\321w8;"
 1349      40106E83 
 1349      1F3EF233 
 1349      DC60700A 
 1349      4AD17738 
 1350 0101 97287228 		.ascii	"\227(r(\020\243\211\231d\253\327\241\260\012\315\343"
 1350      10A38999 
 1350      64ABD7A1 
 1350      B00ACDE3 
 1351 0111 57CFDDD4 		.ascii	"W\317\335\324\305\007*j&\031\0337sQ'\003\322ec\035g"
 1351      C5072A6A 
 1351      26191B37 
 1351      73512703 
 1351      D265631D 
 1352 0126 9CA8EDC8 		.ascii	"\234\250\355\310\3464P\\\215A\207\212\273\260\357\277"
 1352      E634505C 
 1352      8D41878A 
 1352      BBB0EFBF 
 1353 0136 885B6C50 		.ascii	"\210[lP\310\331\013\3616O\236\317\036\237\334J\320\316"
 1353      C8D90BF1 
 1353      364F9ECF 
 1353      1E9FDC4A 
 1353      D0CE
 1354 0148 3740BBA0 		.ascii	"7@\273\240\224\374c\323}\275\206(S\330\271\271[mzI\214"
 1354      94FC63D3 
 1354      7DBD8628 
 1354      53D8B9B9 
 1354      5B6D7A49 
 1355 015d B089CCC2 		.ascii	"\260\211\314\302\227\373-9*5[\270\240\333\301\277\026"
 1355      97FB2D39 
 1355      2A355BB8 
 1355      A0DBC1BF 
 1355      16
 1356 016e 8291FB23 		.ascii	"\202\221\373#[\266\273\305\026\005m\372qv\300\225\203"
 1356      5BB6BBC5 
 1356      16056DFA 
 1356      7176C095 
 1356      83
 1357 017f CE2F7C9B 		.ascii	"\316/|\233\207r\350}#\364n\327bs\201\036\221\270\212"
 1357      8772E87D 
 1357      23F46ED7 
 1357      6273811E 
 1357      91B88A
 1358 0192 A10F4AA0 		.ascii	"\241\017J\240\007JHk\224\370W\320\261\353@\273\035\333"
 1358      074A486B 
 1358      94F857D0 
 1358      B1EB40BB 
 1358      1DDB
 1359 01a4 12329BB5 		.ascii	"\0222\233\265db\356\343\375\361\263E\005\300h\027\345"
ARM GAS  C:\Users\elias\AppData\Local\Temp\cciYT9qe.s 			page 107


 1359      6462EEE3 
 1359      FDF1B345 
 1359      05C06817 
 1359      E5
 1360 01b5 423935AC 		.ascii	"B95\254B\327\361a\030\3640\361a\272\201\004\361\202"
 1360      42D7F161 
 1360      18F430F1 
 1360      61BA8104 
 1360      F182
 1361 01c7 AA8DCD60 		.ascii	"\252\215\315`8\272\010)\316\351-\356B=R\233\001\225"
 1361      38BA0829 
 1361      CEE92DEE 
 1361      423D529B 
 1361      0195
 1362 01d9 01E3208D 		.ascii	"\001\343 \215\276\206d\227\207:\300\001\340,\322{\000"
 1362      BE866497 
 1362      873AC001 
 1362      E02CD27B 
 1362      00
 1363 01ea F5E986C5 		.ascii	"\365\351\206\305'1\0179YB\263\260yw 2e\275\227\333@"
 1363      27310F39 
 1363      5942B3B0 
 1363      79772032 
 1363      65BD97DB 
 1364 01ff D04FF6C0 		.ascii	"\320O\366\300?\006\201\220'\374\226\253)\305\005;X&"
 1364      3F068190 
 1364      27FC96AB 
 1364      29C5053B 
 1364      5826
 1365 0211 14FEFAD3 		.ascii	"\024\376\372\323\330\273\216\273N\370\007`Eu\3076p\013"
 1365      D8BB8EBB 
 1365      4EF80760 
 1365      4575C736 
 1365      700B
 1366 0223 2344CF3F 		.ascii	"#D\317?\037sQ\004\003L\350Wi\255\226\234\213I\375l\354"
 1366      1F735104 
 1366      034CE857 
 1366      69AD969C 
 1366      8B49FD6C 
 1367 0238 3E0D746E 		.ascii	">\015tn\202\234\251\223\032\234\003?\202\031V \313\311"
 1367      829CA993 
 1367      1A9C033F 
 1367      82195620 
 1367      CBC9
 1368 024a 0D7D268F 		.ascii	"\015}&\217]l*\\\023'\005\023\375\307\334\207~6m\341"
 1368      5D6C2A5C 
 1368      13270513 
 1368      FDC7DC87 
 1368      7E366DE1 
 1369 025e 66CE82F3 		.ascii	"f\316\202\363\260\006]:\236\366\317\0278i\330r\336\246"
 1369      B0065D3A 
 1369      9EF6CF17 
 1369      3869D872 
 1369      DEA6
 1370 0270 D3EC91B1 		.ascii	"\323\354\221\261\275\276\243\320ZG\021\2323_\351\266"
 1370      BDBEA3D0 
 1370      5A47119A 
ARM GAS  C:\Users\elias\AppData\Local\Temp\cciYT9qe.s 			page 108


 1370      335FE9B6 
 1371 0280 F0607AB8 		.ascii	"\360`z\270@\025Q\202tz\320\267\266]F\320!\013\266\360"
 1371      40155182 
 1371      747AD0B7 
 1371      B65D46D0 
 1371      210BB6F0 
 1372 0294 C245380A 		.ascii	"\302E8\012\213<\327\301\306\3737^\030\353:\324\361\001"
 1372      8B3CD7C1 
 1372      C6FB375E 
 1372      18EB3AD4 
 1372      F101
 1373 02a6 C4FAE00F 		.ascii	"\304\372\340\017X\013\277;r\340\371\324\336\221Xa\355"
 1373      580BBF3B 
 1373      72E0F9D4 
 1373      DE915861 
 1373      ED
 1374 02b7 4BE227CB 		.ascii	"K\342'\313\221\032$`\035Qgp\011j\261\022\256\332\200"
 1374      911A2460 
 1374      1D516770 
 1374      096AB112 
 1374      AEDA80
 1375 02ca 6D27B228 		.ascii	"m'\262(\300@45}d}\256\270K\267\273Sj2\\jV\023C\326\254"
 1375      C0403435 
 1375      7D647DAE 
 1375      B84BB7BB 
 1375      536A325C 
 1376 02e4 465423C8 		.ascii	"FT#\310\243\200H\016P\036\030DB\026VM\235m\315\214\362"
 1376      A380480E 
 1376      501E1844 
 1376      4216564D 
 1376      9D6DCD8C 
 1377 02f9 B7916648 		.ascii	"\267\221fHI\2634\211\206\232\304\025Z\264\276\215\026"
 1377      49B33489 
 1377      869AC415 
 1377      5AB4BE8D 
 1377      16
 1378 030a 7F2ED7E2 		.ascii	"\177.\327\342\207+\235M\332\012-FP\213\341%-\306[:\237"
 1378      872B9D4D 
 1378      DA0A2D46 
 1378      508BE125 
 1378      2DC65B3A 
 1379 031f 99CBB518 		.ascii	"\231\313\265\030\315kq\371\177Z\014\345\265x\270\244"
 1379      CD6B71F9 
 1379      7F5A0CE5 
 1379      B578B8A4 
 1380 032f C5747CF0 		.ascii	"\305t|\360\236\307\321\202\314\251\336\343'\275+\264"
 1380      9EC7D182 
 1380      CCA9DEE3 
 1380      27BD2BB4 
 1381 033f 18535AFC 		.ascii	"\030SZ\374\245\264\360*-z2\011\276\354\226/5\236\343"
 1381      A5B4F02A 
 1381      2D7A3209 
 1381      BEEC962F 
 1381      359EE3
 1382 0352 854D2A56 		.ascii	"\205M*V)\256\345gb\225\032*K\000{\214\320\376\314\015"
 1382      29AEE567 
 1382      62951A2A 
ARM GAS  C:\Users\elias\AppData\Local\Temp\cciYT9qe.s 			page 109


 1382      4B007B8C 
 1382      D0FECC0D 
 1383 0366 702E22FD 		.ascii	"p.\"\375\365\246\235\261\340\311\311\206\"B\212\226"
 1383      F5A69DB1 
 1383      E0C9C986 
 1383      22428A96 
 1384 0376 9B0DEFE0 		.ascii	"\233\015\357\340`\001\201\261\372\342-\301P\260:\020"
 1384      600181B1 
 1384      FAE22DC1 
 1384      50B03A10 
 1385 0386 0E567E51 		.ascii	"\016V~Q^\265\253\272\"\270cky\325\346M;6\357\376\344"
 1385      5EB5ABBA 
 1385      22B8636B 
 1385      79D5E64D 
 1385      3B36EFFE 
 1386 039b 9B40C587 		.ascii	"\233@\305\207\025\314\014W~\032\010U~\035\324k\324\271"
 1386      15CC0C57 
 1386      7E1A0855 
 1386      7E1DD46B 
 1386      D4B9
 1387 03ad B7325813 		.ascii	"\2672X\023\336\031\012\204wV\205\214\212\252\320w\301"
 1387      DE190A84 
 1387      7756858C 
 1387      8AAAD077 
 1387      C1
 1388 03be EAB05E13 		.ascii	"\352\260^\023\016\204w\325\274\002\312\300\353`"
 1388      0E8477D5 
 1388      BC02CAC0 
 1388      EB60
 1389              		.text
 1390              		.section	.gnu.lto_CyDmaTdGetAddress.cd5e811f,"",%progbits
 1391 0000 789C8D55 		.ascii	"x\234\215U]lTE\024\2363s\377\366\177\033\215O\253ib"
 1391      5D6C5445 
 1391      149E3373 
 1391      FFF67F1B 
 1391      8D4FAB69 
 1392 0015 9A066244 		.ascii	"\232\006bDBH\214&\366\001\023x11\362\010\376l\332} "
 1392      42488C26 
 1392      F6011378 
 1392      3131F208 
 1392      FE6CDA7D 
 1393 002a D1AD6917 		.ascii	"\321\255i\027\022\236:\355\335MQcRR\213XK\252,\015E"
 1393      129E3AED 
 1393      DD4D5163 
 1393      52528B58 
 1393      4BAA2C0D 
 1394 003f 5ADBED0F 		.ascii	"Z\333\355\017X\020\\\266\245\205RP\300\010M\325\000"
 1394      58105CB6 
 1394      A5855250 
 1394      C0084DD5 
 1394      00
 1395 0050 85861883 		.ascii	"\205\206\030\203\355J]Zl\3539\367\336\335,\015!N\262"
 1395      ED4A5D5A 
 1395      6CEB39F7 
 1395      DEDD2C0D 
 1395      214EB2
 1396 0063 F7CE9CF9 		.ascii	"\367\316\234\371\2769?\337\231\273\012\003F\343\025"
ARM GAS  C:\Users\elias\AppData\Local\Temp\cciYT9qe.s 			page 110


 1396      BE393FDF 
 1396      99BB0A03 
 1396      46E315
 1397 0072 8DB137F0 		.ascii	"\215\2617\360\375\016\376\300\305\2007]b\254\336\340"
 1397      FD0EFEC0 
 1397      C580375D 
 1397      62ACDEE0 
 1398 0082 5CECAF60 		.ascii	"\\\354\257`\322m<\3603\351\025\\\031\3100\\\252\277"
 1398      D26D3CF0 
 1398      33E9155C 
 1398      19C8305C 
 1398      AABF
 1399 0094 7A70A980 		.ascii	"zp\251\200j\243T\256\265\216\222\335\370GG\273\006\206"
 1399      6AA354AE 
 1399      B58E92DD 
 1399      F84747BB 
 1399      0686
 1400 00a6 6D370068 		.ascii	"m7\000h\"\015`u\\(\252f@\035\314\363%\016\227\343\275"
 1400      220D6075 
 1400      5C28AA66 
 1400      401DCCF3 
 1400      250E97E3 
 1401 00bb 6DE23E4F 		.ascii	"m\342>O\010\006\012.\347.\266N\373i\011P\212\313/\345"
 1401      08060A2E 
 1401      E72EB64E 
 1401      FB690950 
 1401      8ACB2FE5 
 1402 00cf 958FF435 		.ascii	"\225\217\3645\207\245l\2207\0223\201\326\276\237\244"
 1402      87A56C90 
 1402      37123381 
 1402      D6BE9FA4 
 1403 00df 2B21385B 		.ascii	"+!8[\341\014:!\004\207!Da\036\2015\010\376\371\227\205"
 1403      E10C3A21 
 1403      04872144 
 1403      611E8135 
 1403      08FEF997 
 1404 00f4 2C17CF03 		.ascii	",\027\317\003\303\371\371\376+Gyy\007\021e\313\333R"
 1404      C3F9F9FE 
 1404      2B477979 
 1404      071165CB 
 1404      DB52
 1405 0106 2484806F 		.ascii	"$\204\200o@\020oC\010^\0121408\012\345\210=t\365\304"
 1405      40106F43 
 1405      085E0A31 
 1405      3430380A 
 1405      E5883D74 
 1406 011c 94265EB0 		.ascii	"\224&^\260x\035W'\216\251\016o*B\316\024\350\262yy\177"
 1406      781D5727 
 1406      8EA90E6F 
 1406      2A42CE14 
 1406      E8B27979 
 1407 0131 6862D06D 		.ascii	"hb\320m1\027?\371+\356\022\033,\346\205\341\351\224"
 1407      31173FF9 
 1407      2BEE121B 
 1407      2CE685E1 
 1407      E994
 1408 0143 70980746 		.ascii	"p\230\007F\275\262\011\210\373\355c\270=PN\204\344\235"
ARM GAS  C:\Users\elias\AppData\Local\Temp\cciYT9qe.s 			page 111


 1408      BDB20988 
 1408      FBED63B8 
 1408      3D504E84 
 1408      E49D
 1409 0155 C1015D54 		.ascii	"\301\001]TX\344\\\356\267\016\255,I\344\364\361\345"
 1409      58E45CEE 
 1409      B70EAD2C 
 1409      49E4F4F1 
 1409      E5
 1410 0166 F7F69AF2 		.ascii	"\367\366\232\362\234T\022B\205\336G\3714\020~7!\273"
 1410      9C541242 
 1410      85DE47F9 
 1410      34107E37 
 1410      21BB
 1411 0178 5D62B345 		.ascii	"]b\263Em\376l>\243:\324\301\345\017\363T\016}\217\245"
 1411      6DFE6C3E 
 1411      A33AD4C1 
 1411      E50FF354 
 1411      0E7D8FA5 
 1412 018c DE4A2DB7 		.ascii	"\336J-\267\370\264\270\304Q\012\375P\006)(\243rb\025"
 1412      F8B4B8C4 
 1412      510AFD50 
 1412      062928A3 
 1412      726215
 1413 019f 0740C316 		.ascii	"\007@\303\026\000\262\366\274\225\226++\246L\367\277"
 1413      00B2F6BC 
 1413      95962B2B 
 1413      A64CF7BF 
 1414 01af B6F76E36 		.ascii	"\266\367n6\360\0240\262*@\025S1\013M\007*\201\201S\335"
 1414      F01430B2 
 1414      2A401553 
 1414      310B4D07 
 1414      2A818153 
 1415 01c4 450F373E 		.ascii	"E\0177>\014\017>\\>\240\004\375d\014\320#H;%\264\303"
 1415      0C0F3E5C 
 1415      3EA004FD 
 1415      640CD023 
 1415      483B25B4 
 1416 01d9 D82CFAA1 		.ascii	"\330,\372\241>\230\343\234\336\342\0264`\314\263`\271"
 1416      3E98E39C 
 1416      DEE21634 
 1416      60CCB360 
 1416      B9
 1417 01ea 460718DF 		.ascii	"F\007\030\337`\343D\312M\015\300\001`\020\343\236\201"
 1417      60E344CA 
 1417      4D0DC001 
 1417      6010E39E 
 1417      81
 1418 01fb 866CE3BD 		.ascii	"\206l\343\275\205\244\233@\246PM,\341M\210O\232\317"
 1418      85A49B40 
 1418      A6504D2C 
 1418      E14D884F 
 1418      9ACF
 1419 020d 390624ED 		.ascii	"9\006$\355Kd~\324\211\204\011\3001'\3319.\330\376\012"
 1419      4B647ED4 
 1419      898409C0 
 1419      3127D939 
ARM GAS  C:\Users\elias\AppData\Local\Temp\cciYT9qe.s 			page 112


 1419      2ED8FE0A 
 1420 0221 81D82933 		.ascii	"\201\330)3\271\224\0226\\/\206+\010?^\200+lj\243\260"
 1420      B9941236 
 1420      5C2F862B 
 1420      083F5E80 
 1420      2B6C6AA3 
 1421 0236 DCFDBE98 		.ascii	"\334\375\276\230tN7\310\335\014\230\255\232\275v\241"
 1421      744E37C8 
 1421      DD0C98AD 
 1421      9ABD76A1 
 1422 0246 094F683D 		.ascii	"\011Oh=y\177\\\245\023t0\340;+J\263\315\201\270\251"
 1422      797F5CA5 
 1422      137430E0 
 1422      3B2B4AB3 
 1422      CD81B8A9 
 1423 025a 319AFABA 		.ascii	"1\232\372\272\200\366\015\220\263\365R\201!\010!\231"
 1423      80F60D90 
 1423      B3F55281 
 1423      21082199 
 1424 026a 61C2721B 		.ascii	"a\302r\033\301\020s\355\340\351f\377\332NR\"=t\320\365"
 1424      C11073ED 
 1424      E0E966FF 
 1424      DA4E5222 
 1424      3D74D0F5 
 1425 027e C5574642 		.ascii	"\305WFB\270\231=\340\004\254EH\317\237C\013>\333\015"
 1425      B8993DE0 
 1425      04AC4548 
 1425      CF9F430B 
 1425      3EDB0D
 1426 0291 2B8EDBB0 		.ascii	"+\216\333\260\233fl|\217\267\035\016\324\323\011\327"
 1426      9B666C7C 
 1426      8FB71D0E 
 1426      D4D309D7 
 1427 02a1 96B7E809 		.ascii	"\226\267\350\011\341A\367\360=eD\016\262\331a\357\272"
 1427      E141F7F0 
 1427      3D65440E 
 1427      B2D961EF 
 1427      BA
 1428 02b2 6E1947C0 		.ascii	"n\031G\300\347ZBx\341\024\264\3032w:\241\351\366\365"
 1428      E75A4278 
 1428      E114B4C3 
 1428      32773AA1 
 1428      E9F6F5
 1429 02c5 07FAFA1E 		.ascii	"\007\372\372\036k\273\035\267}p\032\326\301I\273\034"
 1429      6BBB1DB7 
 1429      7D701AD6 
 1429      C149BB1C 
 1430 02d5 B83FB967 		.ascii	"\270?\271g,\351\257[\242\370\3446\014\015~\200\365\024"
 1430      2CE9AF5B 
 1430      A2F8E436 
 1430      0C0D7E80 
 1430      F514
 1431 02e7 3A8334D4 		.ascii	":\2034\324a&\334R\015\333\207\202\305\002d\026?\236"
 1431      6126DC52 
 1431      0DDB8782 
 1431      C5026416 
 1431      3F9E
ARM GAS  C:\Users\elias\AppData\Local\Temp\cciYT9qe.s 			page 113


 1432 02f9 599CF6D8 		.ascii	"Y\234\366\330E\360\340\001gn\364\315y(\\\277u\265\323"
 1432      45F0E001 
 1432      676EF4CD 
 1432      79285CBF 
 1432      75B5D3
 1433 030c 23E6BC42 		.ascii	"#\346\274B\341\306\361f\004(\3203\344\0132\030\024\251"
 1433      E1C6F166 
 1433      0428D033 
 1433      E40B3218 
 1433      14A9
 1434 031e BCEFE633 		.ascii	"\274\357\3463Ne\212\023\223\257b\353\004Q7[(\030F4\036"
 1434      4E658A13 
 1434      93AF62EB 
 1434      0451375B 
 1434      28184634 
 1435 0333 6F09A616 		.ascii	"o\011\246\026\364\235.\350\353+\022Tc\267_v\004}\230"
 1435      F49D2EE8 
 1435      EB2B1254 
 1435      63B75F76 
 1435      047D98
 1436 0346 17D4BF4A 		.ascii	"\027\324\277JP\014\304\277Z\301\240-W\340\377\3135b"
 1436      500CC4BF 
 1436      5AC1A02D 
 1436      57E0FFCB 
 1436      3562
 1437 0358 C9757625 		.ascii	"\311uv%\227\016\330r\361\325\372\344\362\372\004\237"
 1437      970ED872 
 1437      F1D5FAE4 
 1437      F2FA049F 
 1438 0368 A0CF68B1 		.ascii	"\240\317h\261>\237^\356mV\036\321g\014\3659[\320\347"
 1438      3E9F5EEE 
 1438      6D561ED1 
 1438      670CF539 
 1438      5BD0E7
 1439 037b 525BEF3D 		.ascii	"R[\357=\243X\237sy}\316\257\322g\244\240\317C3`\247"
 1439      A3589F73 
 1439      797DCEAF 
 1439      D267A4A0 
 1439      CF433360 
 1440 0390 588207DC 		.ascii	"X\202\007\334\351\034\236v\333\372P\202\223\003\207"
 1440      E91C9E76 
 1440      DBFA5082 
 1440      930387
 1441 039f 8E788AF4 		.ascii	"\216x\212\364\011\302\270U\361\013y}\276~\366\011\372"
 1441      09C2B855 
 1441      F10B797D 
 1441      BE7EF609 
 1441      FA
 1442 03b0 38758709 		.ascii	"8u\207\011K\237\022\253\376F\376\222\007\255\317\207"
 1442      4B9F12AB 
 1442      FE46FE92 
 1442      07ADCF87 
 1443 03c0 2980FD81 		.ascii	")\200\375\2017\276e\345:\330Q\320?N\326\276\347\274"
 1443      37BE65E5 
 1443      3AD851D0 
 1443      3F4ED6BE 
 1443      E7BC
ARM GAS  C:\Users\elias\AppData\Local\Temp\cciYT9qe.s 			page 114


 1444 03d2 EBEFC640 		.ascii	"\353\357\306@q\217s\274\233\027!\244\375\233k|\232&"
 1444      718F73BC 
 1444      9B1721A4 
 1444      FD9B6B7C 
 1444      9A26
 1445 03e4 2A7D3E80 		.ascii	"*}>\200N\304\002\225n\216D#5\341X\244\352\335\255\325"
 1445      4EC40295 
 1445      6E8E4423 
 1445      35E158A4 
 1445      EADDADD5 
 1446 03f8 3B6B2A23 		.ascii	";k*#\333\337\334Z\275i\343\366M\273_\377 \\\371b%3b"
 1446      DBDFDC5A 
 1446      BD69E3F6 
 1446      4DBB5FFF 
 1446      205CF962 
 1447 040f 555BC2D1 		.ascii	"U[\302\321\252\367#Z\255\265\357\251\212\324\306vD\303"
 1447      AAF7235A 
 1447      ADB5EFA9 
 1447      8AD4C676 
 1447      44C3
 1448 0421 B11DD551 		.ascii	"\261\035\325Q\275\262:\272+R\023\323jc\341\330\316\332"
 1448      BDB23ABA 
 1448      2B5213D3 
 1448      6A63E1D8 
 1448      CEDA
 1449 0433 FF00F15B 		.ascii	"\377\000\361[/W"
 1449      2F57
 1450              		.text
 1451              		.section	.gnu.lto_CyDmaChRoundRobin.cd5e811f,"",%progbits
 1452 0000 789C8D54 		.ascii	"x\234\215T]L\024W\024\276\337\2753\263\263\263\013n"
 1452      5D4C1457 
 1452      14BEDFBD 
 1452      33B3B3B3 
 1452      0B6E
 1453 0012 0C491FBA 		.ascii	"\014I\037\2725$\215!\030#%\215O>\370`\023\373\320\207"
 1453      35248D21 
 1453      1823258D 
 1453      4F3EF860 
 1453      13FBD087 
 1454 0026 065E31CD 		.ascii	"\006^1\315\0267\351\003\005\025|\350\023\027v7\240\365"
 1454      1637E903 
 1454      05157CE8 
 1454      13177637 
 1454      A0F5
 1455 0038 0163A129 		.ascii	"\001c\241)\225\320`\020\255\322\025\177\273\024qY\323"
 1455      95D06010 
 1455      ADD2157F 
 1455      BB147159 
 1455      D3
 1456 0049 D8A8ADAD 		.ascii	"\330\250\255\255\221hcS\377\0111\244.D\212M\201\361"
 1456      91686353 
 1456      FF0931A4 
 1456      2E448A4D 
 1456      81F1
 1457 005b 9C99A992 		.ascii	"\234\231\251\22241\336d\356\235{\356\367\235\373\235"
 1457      3431DE64 
 1457      EE9D7BEE 
ARM GAS  C:\Users\elias\AppData\Local\Temp\cciYT9qe.s 			page 115


 1457      F79DFB9D 
 1458 006b 6F4EC610 		.ascii	"oN\306\020\020<\3364\204\330D\353\007\364 $ \273~\021"
 1458      103CDE34 
 1458      84D844EB 
 1458      07F42024 
 1458      20BB7E11 
 1459 007f A2CD9652 		.ascii	"\242\315\226R\335\250\022\332\261\306\326\010\035U\322"
 1459      DDA812DA 
 1459      B1C6D608 
 1459      1D55D2
 1460 008e E0D53139 		.ascii	"\340\32519\0265`1\010\246\277\266\331\026\300/\332\206"
 1460      16356031 
 1460      08A6BFB6 
 1460      D916C02F 
 1460      DA86
 1461 00a0 6895CA30 		.ascii	"h\225\3120-\264b^.I\374\226>qP=\225\031%`\320v\366\347"
 1461      2DB4625E 
 1461      2E49FC96 
 1461      3E71503D 
 1461      95192560 
 1462 00b8 DE07A5BC 		.ascii	"\336\007\245\274\005\312i\373\265\276\276'T9\244u\273"
 1462      05CA69FB 
 1462      B5BEBE27 
 1462      5439A475 
 1462      BB
 1463 00c9 BE3BB8BC 		.ascii	"\276;\270\274\252\367\344\257:\234QR\270R\340\010\342"
 1463      AAF7E4AF 
 1463      3A9C5152 
 1463      B852E008 
 1463      E2
 1464 00da 18429C45 		.ascii	"\030B\234E\035E%\201\377\2748y!\254\336\206\240\367"
 1464      1D452581 
 1464      FFBC3879 
 1464      21ACDE86 
 1464      A0F7
 1465 00ec C3437F5F 		.ascii	"\303C\177_*\255\030d\242\356\336\246UF)|\013\305\274"
 1465      2AAD1864 
 1465      A2EEDEA6 
 1465      5546297C 
 1465      0BC5BC
 1466 00ff 77E37827 		.ascii	"w\343x'.( p\014\025\204\235\376\374\354\037\246Z\357"
 1466      2E282070 
 1466      0C15849D 
 1466      FEFCEC1F 
 1466      A65AEF
 1467 0112 F1EE2C16 		.ascii	"\361\356,\026\235\2006\031\320\216\377\2176\214\012"
 1467      9D803619 
 1467      D08EFF8F 
 1467      368C0A
 1468 0121 C64E67F4 		.ascii	"\306Ng\364pXm\364x\007\276\230/\230k\01711\277\340\356"
 1468      70586DF4 
 1468      7807BE98 
 1468      2F986B0F 
 1468      3131BFE0 
 1469 0136 D89FD23F 		.ascii	"\330\237\322?i\203\224\342;\237\375R\254`\370\375\221"
 1469      698394E2 
 1469      3B9FFD52 
ARM GAS  C:\Users\elias\AppData\Local\Temp\cciYT9qe.s 			page 116


 1469      AC60F8FD 
 1469      91
 1470 0147 E5EE122B 		.ascii	"\345\356\022+\255i\224#\213\265\\\020\325q\002\026Y"
 1470      AD699423 
 1470      8BB55C10 
 1470      D5710216 
 1470      59
 1471 0158 0E8E646B 		.ascii	"\016\216dk\362\332uS:?\277y\177\347PY)\004G\2457\223"
 1471      F2DA7553 
 1471      3A3FBF79 
 1471      7FE75059 
 1471      290447A5 
 1472 016e 39A4DC04 		.ascii	"9\244\334\004\013\261I\222\021\346\311\241\311\214\320"
 1472      0BB14992 
 1472      11E6C9A1 
 1472      C98CD0
 1473 017d 64457912 		.ascii	"dEy\022\242H9\331\364Y)yU\367\321N\332\212\360\256\241"
 1473      A24839D9 
 1473      F4592979 
 1473      55F7D14E 
 1473      DA8AF0AE 
 1474 0192 34A4E34C 		.ascii	"4\244\343L\307\325\021\207\355\226\000FH\337=\244\257"
 1474      C7D51187 
 1474      ED960046 
 1474      48DF3DA4 
 1474      AF
 1475 01a3 A516DC9D 		.ascii	"\245\026\334\235\214I)E\220\007_=\032\2150D\341\015"
 1475      8C492945 
 1475      90075F3D 
 1475      1A8D3044 
 1475      E10D
 1476 01b5 9C0C4A98 		.ascii	"\234\014J\230\225J\334\250R\204\276\235r\335\011\345"
 1476      954ADCA8 
 1476      5284BE9D 
 1476      72DD09E5 
 1477 01c5 C34D8267 		.ascii	"\303M\202ggr\377\2240\234*\301\251\027pC\\Y\315\002"
 1477      6772FF94 
 1477      309C2AC1 
 1477      A9177043 
 1477      5C59CD02 
 1478 01d9 628C24D8 		.ascii	"b\214$\330\304dv\306Yw\204\015\310\347\006\302_~c\263"
 1478      C46476C6 
 1478      5977840D 
 1478      C8E706C2 
 1478      5F7E63B3 
 1479 01ed B3FEC069 		.ascii	"\263\376\300i\254\243db\032\351\230\237\230\033%\227"
 1479      ACA36462 
 1479      1AE9989F 
 1479      981B2597 
 1480 01fd 9BB91D6A 		.ascii	"\233\271\035j]\322\235Z\3072*\344Jv\352\014Z\005\311"
 1480      5DD29D5A 
 1480      C7322AE4 
 1480      4A76EA0C 
 1480      5A05C9
 1481 0210 CC28DBBB 		.ascii	"\314(\333\273\305\024{\336RSh\237\353\370\253\363\307"
 1481      C5147BDE 
 1481      5253689F 
ARM GAS  C:\Users\elias\AppData\Local\Temp\cciYT9qe.s 			page 117


 1481      EBF8ABF3 
 1481      C7
 1482 0221 353ED7A6 		.ascii	"5>\327\246s1\205T\257\345\357\303\024\242t\327\213W"
 1482      73318554 
 1482      AFE5EFC3 
 1482      14A274D7 
 1482      8B57
 1483 0233 FBBCB20C 		.ascii	"\373\274\262\014\304p\226t\022\344`\000q\350\374\331"
 1483      C4709674 
 1483      12E46000 
 1483      71E8FCD9 
 1484 0243 BFED29CF 		.ascii	"\277\355)\317\031\023]w\333\264\201s\210\023\231`\205"
 1484      19135D77 
 1484      DBB48173 
 1484      88139960 
 1484      85
 1485 0254 71F8B0C8 		.ascii	"q\370\260\310\312r\015\257\015z2\205k!\237\305\333\205"
 1485      CA720DAF 
 1485      0D7A3285 
 1485      6B219FC5 
 1485      DB85
 1486 0266 4B973BA3 		.ascii	"K\227;\243\375\350C\206\257u\220c?(~sn\356b\264jX\247"
 1486      FDE84386 
 1486      AF759063 
 1486      3F287E73 
 1486      6EEE62B4 
 1487 027d DBB81607 		.ascii	"\333\270\026\007\243\350\307\262\014z\243\353\341\255"
 1487      A3E8C7B2 
 1487      0C7AA3EB 
 1487      E1AD
 1488 028b 67A1EA6C 		.ascii	"g\241\352lp\030\301\017\250\302\367\276\221\030C5\013"
 1488      7018C10F 
 1488      A8C2F7BE 
 1488      91184335 
 1488      0B
 1489 029c 5D0C8446 		.ascii	"]\014\204F}\021\003\227\373\012\236\326\010\236\000"
 1489      7D110397 
 1489      FB0A9ED6 
 1489      089E00
 1490 02ab E7BD620A 		.ascii	"\347\275b\012=\010\254~]\021\343\257\022qa\205\210<"
 1490      3D08AC7E 
 1490      5D11E3AF 
 1490      12716185 
 1490      883C
 1491 02bd AAE96ACF 		.ascii	"\252\351j\317p\353\277\306\212y\215\231R\020\217\251"
 1491      70EBBFC6 
 1491      8A798D99 
 1491      52108FA9 
 1492 02cd CBCE0DFC 		.ascii	"\313\316\015\374\036x\304\177\2209\277\267\344\230\333"
 1492      1E78C47F 
 1492      9039BFB7 
 1492      E498DB
 1493 02dc B16AA547 		.ascii	"\261j\245G\364\0051\201\270\271\357\300\3362\372\306"
 1493      F4053181 
 1493      B8B9EFC0 
 1493      DE32FAC6 
 1494 02ec E4609142 		.ascii	"\344`\221B\224\220D\224oM6&w%Z\222\333?\252m\332\275"
ARM GAS  C:\Users\elias\AppData\Local\Temp\cciYT9qe.s 			page 118


 1494      94904494 
 1494      6F4D3626 
 1494      77255A92 
 1494      DB3FAA6D 
 1495 0302 AB3E59F7 		.ascii	"\253>Y\367am\323\226\215u[>{\357\323D\375\206za\327"
 1495      616DD396 
 1495      8D755B3E 
 1495      7BEFD344 
 1495      FD867A61 
 1496 0317 7FF27EA2 		.ascii	"\177\362~\242q{C\322N6&>nH\326\324X\315-\211\226\335"
 1496      717B43D2 
 1496      4E36263E 
 1496      6E48D6D4 
 1496      58CD2D89 
 1497 032d CDCF0107 		.ascii	"\315\317\001\007\362k\377"
 1497      F26BFF
 1498              		.text
 1499              		.section	.gnu.lto_.symbol_nodes.cd5e811f,"",%progbits
 1500 0000 789C5DD1 		.ascii	"x\234]\321\273N\3030\030\005\340c;I\333\364\236\336"
 1500      BB4EC330 
 1500      1805E063 
 1500      3B49DBF4 
 1500      9EDE
 1501 0012 6F49EF59 		.ascii	"oI\357Y\030\031x\273\223\241\002\011\026^\001\324\201"
 1501      181978BB 
 1501      93A10209 
 1501      165E01D4 
 1501      81
 1502 0023 07608199 		.ascii	"\007`\201\231\271\274\002\212:0\260\262\"B\335\201\337"
 1502      B9BC028A 
 1502      3A30B0B2 
 1502      2242DD81 
 1502      DF
 1503 0034 D3D1F92C 		.ascii	"\323\321\371,\377\376%{P\2702\000\364\214\300\375\001"
 1503      FFFE257B 
 1503      50B83200 
 1503      F48CC0FD 
 1503      01
 1504 0045 20D4CBEE 		.ascii	" \324\313\356!\233\003\276F\026\001F\307T\316\221N\250"
 1504      219B03BE 
 1504      46160146 
 1504      C754CE91 
 1504      4EA8
 1505 0057 5D9AD3B8 		.ascii	"]\232\323\270\264\240\347\322\222\276K+\006.\255Yri"
 1505      B4A0E7D2 
 1505      92BE4B2B 
 1505      062EAD59 
 1505      7269
 1506 0069 C3B24B5B 		.ascii	"\303\262K[V\334\225\225:\255\354C\333\325S\206\356-"
 1506      56DC9595 
 1506      3AADEC43 
 1506      DBD55386 
 1506      EE2D
 1507 007b C3EA99F0 		.ascii	"\303\352\231\360\232-\012\360X\223\340\263.!`CB\211"
 1507      9A2D0AF0 
 1507      5893E0B3 
 1507      2E216043 
ARM GAS  C:\Users\elias\AppData\Local\Temp\cciYT9qe.s 			page 119


 1507      4289
 1508 008d 4D0965B6 		.ascii	"M\011e\266$T\330\226\0202\222PeGB\215]\011u\366$4\330"
 1508      2454D896 
 1508      10329250 
 1508      6547428D 
 1508      5D0975F6 
 1509 00a4 97D0E440 		.ascii	"\227\320\344@B\213C\011m\216$D\034K\350p\"\241\313\251"
 1509      428B4309 
 1509      6D8E2444 
 1509      1C4BE870 
 1509      22A1CBA9 
 1510 00b8 841E6712 		.ascii	"\204\036g\022\372\214%\014\230H\030r.a\304\205\2041"
 1510      FA8C250C 
 1510      98481872 
 1510      2E61C485 
 1510      8431
 1511 00ca 9702D484 		.ascii	"\227\002\324\204\253\023\000\331\337?\251)\327\377\273"
 1511      AB1300D9 
 1511      DF3FA929 
 1511      D7FFBB
 1512 00d9 418AFDF5 		.ascii	"A\212\375\365Wb\260\305\376\343G\2310\305\356\246\350"
 1512      5762B0C5 
 1512      FEE34799 
 1512      30C5EEA6 
 1512      E8
 1513 00ea E1B9475B 		.ascii	"\341\271G[\274\2352\305\361\256\360\016\220?_\232\256"
 1513      BC9D32C5 
 1513      F1AEF00E 
 1513      903F5F9A 
 1513      AE
 1514 00fb 46FE7450 		.ascii	"F\376tP\246gl\366=\233\003\337\3468\2609)!\377\2740"
 1514      A6676CF6 
 1514      3D9B03DF 
 1514      E638B039 
 1514      2921FFBC 
 1515 0110 D3B2ADB3 		.ascii	"\323\262\255\263\212\315\370<5.^\277-\246&!\362\343"
 1515      8ACDF83C 
 1515      352E5EBF 
 1515      2DA62621 
 1515      F2E3
 1516 0122 BB329B3A 		.ascii	"\2732\233:\036\277c\374\002,\263\313\216"
 1516      1EBF63FC 
 1516      022CB3CB 
 1516      8E
 1517              		.text
 1518              		.section	.gnu.lto_.refs.cd5e811f,"",%progbits
 1519 0000 789C15CA 		.ascii	"x\234\025\312\301\015\2000\014\000\261\273(T\224D}0"
 1519      C10D8030 
 1519      0C00B1BB 
 1519      28549444 
 1519      7D30
 1520 0012 00620EF6 		.ascii	"\000b\016\366\037\014x\333\211<@\200C\367<\250a\355"
 1520      1F0C78DB 
 1520      893C4080 
 1520      43F73CA8 
 1520      61ED
 1521 0024 F4B42B96 		.ascii	"\364\264+\226\245\035q\342\2463/:\377\360i-oZ^3\304"
ARM GAS  C:\Users\elias\AppData\Local\Temp\cciYT9qe.s 			page 120


 1521      A51D71E2 
 1521      A6332F3A 
 1521      FFF0692D 
 1521      6F5A5E33 
 1522 0039 01A5     		.ascii	"\001\245"
 1523              		.text
 1524              		.section	.gnu.lto_.decls.cd5e811f,"",%progbits
 1525 0000 789CA559 		.ascii	"x\234\245Y{P\025W\232\277\247\317\005\257\367\362Pt"
 1525      7B501557 
 1525      9ABFA7CF 
 1525      05AFF7F2 
 1525      5074
 1526 0012 3399592A 		.ascii	"3\231Y*\343\314\032\365\217-#q\223\315nM\355L\212\030"
 1526      E3CC1AF5 
 1526      8F2D2371 
 1526      93CD6E4D 
 1526      ED4C8A18 
 1527 0026 6B6AD68C 		.ascii	"kj\326\214\033\223\314\326n\2462\0107\312\214b\202\270"
 1527      1B93CCD6 
 1527      6EA63208 
 1527      37CA8C62 
 1527      82B8
 1528 0038 8953B5B3 		.ascii	"\211S\265\263\315C\004\004\003\"\"(\3624 \242\200 \017"
 1528      CD430404 
 1528      03222228 
 1528      F23420A2 
 1528      80200F
 1529 004b 9F88F256 		.ascii	"\237\210\362VT\336\010\010\212\370\002\345i@\001\331"
 1529      54DE0808 
 1529      8AF802E5 
 1529      694001D9 
 1530 005b EF3CFA76 		.ascii	"\357<\372v7t+\343t\371\321\267\277\376\235\337\371}"
 1530      37742BE3 
 1530      74F9D1B7 
 1530      BFFE9DDF 
 1530      F97D
 1531 006d DF77CEE9 		.ascii	"\337w\316\351\323\255\321\200\014\344\250\370\231\301"
 1531      D3ADD180 
 1531      0CE4A8F8 
 1531      99C1
 1532 007b F091D160 		.ascii	"\360\221\321`\310\262\030\014Sp,\006\337g`v`\256`\331"
 1532      C8B2180C 
 1532      53702C06 
 1532      DF676076 
 1532      60AE60D9 
 1533 008f 60C7C196 		.ascii	"`\307\301\226\200\025\032\330\361&\330\005\260r\260"
 1533      80151AD8 
 1533      F126D805 
 1533      B072B0
 1534 009e 6AB05AB0 		.ascii	"j\260Z\260z\260\026\260v\260\333`\275`\375`\303`?\200"
 1534      7AB016B0 
 1534      76B0DB60 
 1534      BD60FD60 
 1534      C3603F80 
 1535 00b2 3D059B04 		.ascii	"=\005\233\004\303\320\255\035\330\\0'\260y`.`\013\301"
 1535      C3D0AD1D 
 1535      D85C3027 
ARM GAS  C:\Users\elias\AppData\Local\Temp\cciYT9qe.s 			page 121


 1535      B079602E 
 1535      600BC1
 1536 00c5 7E02E60A 		.ascii	"~\002\346\012\366\006\330\"\260%`o\201\271\201\255\004"
 1536      F606D822 
 1536      B025606F 
 1536      81B981AD 
 1536      04
 1537 00d6 7B07EC17 		.ascii	"{\007\354\027`\356`\253\300~\003\266\006\354\267`\377"
 1537      60EE60AB 
 1537      C07E03B6 
 1537      06ECB760 
 1537      FF
 1538 00e7 018681FF 		.ascii	"\001\206\201\377\0238\377\016\354\277\220Au\020\275"
 1538      1338FF0E 
 1538      ECBF9041 
 1538      7510BD
 1539 00f6 0E602E60 		.ascii	"\016`.`\013\301\316\361\270\326\202-\005\373o\300\217"
 1539      0BC1CEF1 
 1539      B8D6822D 
 1539      05FB6FC0 
 1539      8F
 1540 0107 C1F973D2 		.ascii	"\301\371s\322\016\354\367`\023\274-\346\355\245~\020"
 1540      0EECF760 
 1540      13BC2DE6 
 1540      EDA57E10 
 1541 0117 EF477990 		.ascii	"\357Gy\220\\\2305\370\177\013\346\207X.\267\302\331"
 1541      5C9835F8 
 1541      7F0BE687 
 1541      582EB7C2 
 1541      D9
 1542 0128 0BCC9373 		.ascii	"\013\314\223s\370\360s\271a\346Q\3757\360Uk\360\325"
 1542      F8F073B9 
 1542      61E651FD 
 1542      37F0556B 
 1542      F0D5
 1543 013a FE957C02 		.ascii	"\376\225|\002\\\377\011\311\234\265\032\234\244\346"
 1543      5CFF09C9 
 1543      9CB51A9C 
 1543      A4E6
 1544 0148 9697707E 		.ascii	"\226\227p~\203\364u\326kp\266\274\"\347\237\370\271"
 1544      83F475D6 
 1544      6B70B6BC 
 1544      22E79FF8 
 1544      B9
 1545 0159 4583B3FD 		.ascii	"E\203\263\375\025r)\361\265k\360\335\326\321\230\375"
 1545      157229F1 
 1545      B56BF0DD 
 1545      D6D198FD 
 1546 0169 12CECDFC 		.ascii	"\022\316\315\374|[\203\263\367\005q\007r>\302\343\317"
 1546      7C5B83B3 
 1546      F7057107 
 1546      723EC2E3 
 1546      CF
 1547 017a 39C9B825 		.ascii	"9\311\270%\\\377\3139{58\311\374s4\260\371,q\355\346"
 1547      5CFFCB39 
 1547      7B3538C9 
 1547      FC7334B0 
ARM GAS  C:\Users\elias\AppData\Local\Temp\cciYT9qe.s 			page 122


 1547      F92C71ED 
 1548 018f 5CD27827 		.ascii	"\\\322x'\232\303\025:\245qO8C\370\234\"<\322\330'\343"
 1548      9AC3153A 
 1548      A5714F38 
 1548      43F89C22 
 1548      3CD2D827 
 1549 01a4 426B7E0D 		.ascii	"Bk~\015\277B\216}8\037i\273f\032\0379\310\2721WG\377"
 1549      BF428E7D 
 1549      381F69BB 
 1549      661A1F39 
 1549      C8BA3157 
 1550 01ba 74DD925E 		.ascii	"t\335\222^\304\333\351\351$\353\220\035\347#\363\236"
 1550      C4DBE9E9 
 1550      24EB901D 
 1550      E723F39E 
 1551 01ca 70450326 		.ascii	"pE\003&\212\343\020\307L?&y\273\317\024m\247\267\233"
 1551      8AE310C7 
 1551      4C3F2679 
 1551      BBCF146D 
 1551      A7B79B
 1552 01dd D46847D7 		.ascii	"\324hG\327;E^\0100\006l\257\242\035\326\210\235\254"
 1552      3B455E08 
 1552      30066CAF 
 1552      A21DD688 
 1552      9DAC
 1553 01ef 9116DE97 		.ascii	"\221\026\336\227\262\355\364\265\212\344d\372Ze\207"
 1553      B2EDF4B5 
 1553      8AE464FA 
 1553      5A6587
 1554 01fe 5EBC5691 		.ascii	"^\274V\221\265\327\3360\263V\373\300_\3021\002\307]"
 1554      B5D7DE30 
 1554      B356FBC0 
 1554      5FC23102 
 1554      C75D
 1555 0210 D088C949 		.ascii	"\320\210\311I\247},\370\313\024\355\011Nkm\233\247\323"
 1555      A77D2CF8 
 1555      CB14ED09 
 1555      4E6B6D9B 
 1555      A7D3
 1556 0222 7E3FF8AB 		.ascii	"~?\370\253\024\355\011Nk-s\321i\037\007\376+\212\366"
 1556      14ED094E 
 1556      6B2D73D1 
 1556      691F07FE 
 1556      2B8AF6
 1557 0235 04A7B56E 		.ascii	"\004\247\265n-\324i\037\017\376:E{\202\323Z\243\310"
 1557      2DD4691F 
 1557      0FFE3A45 
 1557      7B82D35A 
 1557      A3C8
 1558 0247 73CA49A3 		.ascii	"s\312I\243\375I\260D$\317Y\362\314LR\314Y2N\023xM\376"
 1558      FD49B044 
 1558      24CF59F2 
 1558      CC4C52CC 
 1558      59324E13 
 1559 025e C2CF3FD1 		.ascii	"\302\317?\321\250=y\006\316\325\340\227\346\222\336"
 1559      A83D7906 
 1559      CED5E097 
ARM GAS  C:\Users\elias\AppData\Local\Temp\cciYT9qe.s 			page 123


 1559      E692DE
 1560 026d BAE2AAC1 		.ascii	"\272\342\252\301\365\206N\254\311\340oV\304JpZk\347"
 1560      F5864EAC 
 1560      C9E06F56 
 1560      C44A705A 
 1560      6BE7
 1561 027f 229DF629 		.ascii	"\"\235\366)\340oS\264'8\255\265\222<\303\347h\264'\363"
 1561      E06F53B4 
 1561      2738ADB5 
 1561      923CC3E7 
 1561      68B427F3 
 1562 0293 3715EEDD 		.ascii	"7\025\356\335Rp\020\254\326\332\370\226\216\2064\360"
 1562      527010AC 
 1562      D6DAF896 
 1562      8E8634F0 
 1563 02a3 3F54B427 		.ascii	"?T\264'8\255u\220\354\037\034x\0332\337\245u\344\257"
 1563      38AD7590 
 1563      EC1F1C78 
 1563      1B32DFA5 
 1563      75E4AF
 1564 02b6 5903DD90 		.ascii	"Y\003\335\220z\015$\353\312\357\246\345{%R\257\021\344"
 1564      7A0D24EB 
 1564      CAEFA6E5 
 1564      7B2552AF 
 1564      11E4
 1565 02c8 397518EC 		.ascii	"9u\030\354\261B#\301\364kh|\207\367#i\314\346~\304\357"
 1565      B14223C1 
 1565      F46B687C 
 1565      87F72369 
 1565      CCE67EC4 
 1566 02dd 21C3CCB5 		.ascii	"!\303\314\265\214\354\205\2345\362r\222\367\275D\021"
 1566      8CEC859C 
 1566      35F27292 
 1566      F7BD4411 
 1567 02ed 2B199764 		.ascii	"+\031\227d,*\343\224\306\242\264n\376Bc\374\220\275"
 1567      2C2AE394 
 1567      C6A2B46E 
 1567      FE4263FC 
 1567      90BD
 1568 02ff D6028D3E 		.ascii	"\326\002\215>\012\271\306o\220\334\307\022\256]\253"
 1568      0AB9C66F 
 1568      90DCC712 
 1568      AE5DAB
 1569 030e AF74B0EF 		.ascii	"\257t\260\357\021\323\246\354\323]\243\317U/\231_\312"
 1569      11D3A6EC 
 1569      D35DA3CF 
 1569      552F995F 
 1569      CA
 1570 031f 3EF5620A 		.ascii	">\365b\012\343\347U\032\374d\3378_'\246\351\374\322"
 1570      E3E7551A 
 1570      FC64DF38 
 1570      5F27A6E9 
 1570      FCD2
 1571 0331 1C7E512C 		.ascii	"\034~Q,R_\277\321\350k\015\322\336w*\237\213\031p\036"
 1571      525FBFD1 
 1571      E86B0DD2 
 1571      DE772A9F 
ARM GAS  C:\Users\elias\AppData\Local\Temp\cciYT9qe.s 			page 124


 1571      8B19701E 
 1572 0345 32E83F1F 		.ascii	"2\350?\037\011\307\360Lj\303\244\200\256\007\345\034"
 1572      09C7F04C 
 1572      6AC3A480 
 1572      AE07E51C 
 1573 0355 C4230272 		.ascii	"\304#\002r1##\\\016^\211\357v\202\313\205f\264\010."
 1573      3123235C 
 1573      0E5E89EF 
 1573      7682CB85 
 1573      66B4082E 
 1574 0369 B377DC39 		.ascii	"\263w\3349b\202KW3\232B\344\272\257\370\251#\273&\215"
 1574      62824B57 
 1574      339A42E4 
 1574      BAAFF8A9 
 1574      23BB268D 
 1575 037d 3B9F667C 		.ascii	";\237f|\270<K\204#R\024\005Af\215\213\352~n\301\026"
 1575      B83C4B84 
 1575      23521405 
 1575      41668D8B 
 1575      EA7E6EC1 
 1576 0392 0212EABB 		.ascii	"\002\022\352\273\217>0\242e\346\357\011\256\253\376"
 1576      8F3E30A2 
 1576      65E6EF09 
 1576      AEABFE
 1577 03a1 CEBF158B 		.ascii	"\316\277\025\213\342<t\034\231Q\026\302\350(ZN\222\340"
 1577      E23C741C 
 1577      995116C2 
 1577      E8285A4E 
 1577      92E0
 1578 03b3 4A1EFD21 		.ascii	"J\036\375!\242\030 \016\244\210\366\257\033\320JW\264"
 1578      A218200E 
 1578      A488F6AF 
 1578      1BD04A57 
 1578      B4
 1579 03c4 C2D5808E 		.ascii	"\302\325\200\216\241e\2443\202B\231\310\025\035A\256"
 1579      A165A433 
 1579      824299C8 
 1579      151D41AE 
 1580 03d4 847F57C3 		.ascii	"\204\177W\303\304\373\016a\004\036\031(\272T:Q\272\014"
 1580      C4FB0E61 
 1580      041E1928 
 1580      BA543A51 
 1580      BA0C
 1581 03e6 B89F0EF7 		.ascii	"\270\237\016\367\015(\033\221\214\3213\200\017?\033"
 1581      0D281B91 
 1581      8CD13380 
 1581      0F3F1B
 1582 03f5 1F20212E 		.ascii	"\037 !.\201 \246\260\"\212%,\212\214\344\362<3^I\177"
 1582      8120A6B0 
 1582      228A252C 
 1582      8A8CE4F2 
 1582      3C335E49 
 1583 040a 974D8D96 		.ascii	"\227M\215\2268\263t\010pY7p9\301\302\3221\017B9\270"
 1583      38B37408 
 1583      70593770 
 1583      39C1C2D2 
 1583      310F4239 
ARM GAS  C:\Users\elias\AppData\Local\Temp\cciYT9qe.s 			page 125


 1584 041f F7C2317B 		.ascii	"\367\3021{d^F\205\212\201\2429\303\311\200\362\241\333"
 1584      645E4685 
 1584      8A81A239 
 1584      C3C980F2 
 1584      A1DB
 1585 0431 3CE81615 		.ascii	"<\350\026\025\200\326%\\k.8s\300I\203.\311\377\251("
 1585      80D6255C 
 1585      6B2E3873 
 1585      C049832E 
 1585      C9FFA928 
 1586 0445 A09320F1 		.ascii	"\240\223 \361\204\034\361\0223KUEy\311C\263*\226\223"
 1586      841CF112 
 1586      334B5545 
 1586      79C943B3 
 1586      2A9693
 1587 0458 AA580A79 		.ascii	"\252X\012y,\2054\226\251\304\374\357Lm\250\025a\003"
 1587      2C853496 
 1587      A9C4FCEF 
 1587      4C6DA815 
 1587      6103
 1588 046a 7FFF3220 		.ascii	"\177\3772 \304\376\"j\006f\364\022~\010\006\366Cr\331"
 1588      C4FE226A 
 1588      0666F412 
 1588      7E0806F6 
 1588      4372D9
 1589 047d 0E038708 		.ascii	"\016\003\207\010\322O\231\214\376\343\355\321\224tP"
 1589      D24F998C 
 1589      FEE3EDD1 
 1589      947450
 1590 048c 12991DF1 		.ascii	"\022\231\035\361F\354\23276\360FH\220;@\354Rj\241\340"
 1590      46EC9A37 
 1590      36F04648 
 1590      903B40EC 
 1590      526AA1E0 
 1591 04a0 9BA648D2 		.ascii	"\233\246H\322,uc\020\244\321TX\272'\332\021\377+-PO"
 1591      2C756310 
 1591      A4D15458 
 1591      BA27DA11 
 1591      FF2B2D50 
 1592 04b5 6C62AFBD 		.ascii	"lb\257\275\021n\321\222\2577\022_G\345\221\243\244\300"
 1592      116ED192 
 1592      AF37125F 
 1592      47E591A3 
 1592      A4C0
 1593 04c7 4BCD54AE 		.ascii	"K\315T\256\263\242\304KY\211\033\013v\364Y\360\032:"
 1593      B3A2C44B 
 1593      59891B0B 
 1593      76F459F0 
 1593      1A3A
 1594 04d9 1E8F2587 		.ascii	"\036\217%\207g\333\212\310Rn\260\345\033\235\207\"."
 1594      67DB8AC8 
 1594      526EB0E5 
 1594      1B9D8722 
 1594      2E
 1595 04ea E5453C03 		.ascii	"\345E<\003\316\323\266\"\026>\374\317@QD\350\034\364"
 1595      CED3B622 
 1595      163EFCCF 
ARM GAS  C:\Users\elias\AppData\Local\Temp\cciYT9qe.s 			page 126


 1595      405144E8 
 1595      1CF4
 1596 04fc 7B56AEE3 		.ascii	"{V\256\343R^\307\361\332\234\343\302\353\373\350d\010"
 1596      525EC7F1 
 1596      DA9CE3C2 
 1596      EBFBE864 
 1596      08
 1597 050d 14171929 		.ascii	"\024\027\031)N.c\011z\035\376\236BF\206~Z1\036d\376"
 1597      4E2E6309 
 1597      7A1DFE9E 
 1597      4246867E 
 1597      5A311E64 
 1598 0522 79925892 		.ascii	"y\222X\222#vu\224\177\232\232\032\034\022\351/\212\177"
 1598      23767594 
 1598      7F9A9A1A 
 1598      1C12E92F 
 1598      8A7F
 1599 0534 A040542C 		.ascii	"\240@T,\323\027\223J\033P\021j\203\254\\@?'\261=xv\327"
 1599      D317934A 
 1599      1B50116A 
 1599      83AC5C40 
 1599      3F27B13D 
 1600 054b 84BFD14D 		.ascii	"\204\277\321M\307\330\231\204\033\202\315w\021Qg_\303"
 1600      C7D89984 
 1600      1B82CD77 
 1600      1151675F 
 1600      C3
 1601 055c 4DD1A42F 		.ascii	"M\321\244/\257\214\312\273$\311;Wt\376\200\003\223W"
 1601      AF8CCABB 
 1601      24C93B57 
 1601      74FE8003 
 1601      9357
 1602 056e 72AACE81 		.ascii	"r\252\316\201i# T*K+UJ+\247\322\032\017\357\2121\342"
 1602      69232054 
 1602      2A4B2B55 
 1602      4A2BA7D2 
 1602      1A0FEF8A 
 1603 0584 70A4ABED 		.ascii	"p\244\253\355%Y\252\2422*%\031\371\235\011\017\020\227"
 1603      2559AAA2 
 1603      322A2519 
 1603      F99D090F 
 1603      1097
 1604 0596 31562FC9 		.ascii	"1V/\311\000\020\252\220eT(eTS\031\231\273Jc\020Nye\031"
 1604      0010AA90 
 1604      65542865 
 1604      54531999 
 1604      BB4A6310 
 1605 05ae 57A88CCB 		.ascii	"W\250\214\313\222\214\300\212\330b^\254\222\347M\222"
 1605      928CC08A 
 1605      D8625EAC 
 1605      92E74D92 
 1606 05be 0C00A11A 		.ascii	"\014\000\241\032YF\215RF-\225\261oW_\223\011\237\323"
 1606      59468D52 
 1606      462D95B1 
 1606      6F575F93 
 1606      099FD3
 1607 05d1 97A1AED4 		.ascii	"\227\241\256\324\265YU\252\216j\273n\323V~#\317^\322"
ARM GAS  C:\Users\elias\AppData\Local\Temp\cciYT9qe.s 			page 127


 1607      B55955AA 
 1607      8E6ABB6E 
 1607      D3567E23 
 1607      CF5ED2
 1608 05e4 D62C6903 		.ascii	"\326,i\003\020\272*k\273\252\324VO\265%\345\345$\315"
 1608      10BA2A6B 
 1608      BBAAD456 
 1608      4FB525E5 
 1608      E524CD
 1609 05f7 C18DB3D5 		.ascii	"\301\215\263\325\3268+m\315T[\223\244-\246/ \302N*_"
 1609      D6382B6D 
 1609      CD545B93 
 1609      A42DA62F 
 1609      20C24E2A 
 1610 060c A7A40D40 		.ascii	"\247\244\015@\250A\326\326\240\324\326B\265\335:q\260"
 1610      A841D6D6 
 1610      A0D4D642 
 1610      B5DD3A71 
 1610      B0
 1611 061d D3113F7E 		.ascii	"\323\021?~\345\362\265Q\0317$\031qu-\347\005.cd}\\R"
 1611      E5F2B551 
 1611      19372419 
 1611      71752DE7 
 1611      052E6364 
 1612 0634 4910B4C3 		.ascii	"I\020\264\303\004E\326QIG\253RG;\325\021\373,\375\212"
 1612      0445D651 
 1612      4947AB52 
 1612      473BD511 
 1612      FB2CFD8A 
 1613 0648 80770A54 		.ascii	"\200w\012TG^\333\305\022;\252\003\236*\\\307D\322\221"
 1613      475EDBC5 
 1613      123BAA03 
 1613      9E2A5CC7 
 1613      44D291
 1614 065b 7FB0B96E 		.ascii	"\177\260\271n\262\024\265\216'\372\233mz;\231\363\354"
 1614      B214B58E 
 1614      27FA9B6D 
 1614      7A3B99F3 
 1614      EC
 1615 066c ED80BD73 		.ascii	"\355\200\275s\364\005\337\242\202\273$\301\351\225q"
 1615      F405DFA2 
 1615      82BB24C1 
 1615      E99571
 1616 067b 85524D0F 		.ascii	"\205RM\017}i\023\014(\324!\013\356P\012\276M\005\027"
 1616      7D69130C 
 1616      28D4210B 
 1616      EE500ABE 
 1616      4D0517
 1617 068e EDCC3B60 		.ascii	"\355\314;`\302\007\205Y\026\365\016\023\027\0328\234"
 1617      C2078559 
 1617      16F50E13 
 1617      171A389C 
 1618 069e 242BEE61 		.ascii	"$+\356a\316\312\033Y\3432\362.s^9\266w\215\315w\217"
 1618      CECA1B59 
 1618      E332F22E 
 1618      735E39B6 
 1618      778DCD77 
ARM GAS  C:\Users\elias\AppData\Local\Temp\cciYT9qe.s 			page 128


 1619 06b3 F9DA2B43 		.ascii	"\371\332+CO\313\255\3573gvz|\021\326\217\367!\215\367"
 1619      4FCBADEF 
 1619      3367767A 
 1619      7C11D68F 
 1619      F7218DF7 
 1620 06c7 816D9A17 		.ascii	"\201m\232\027\014gJ\343\344\320\037m\361\002\012u\313"
 1620      0C674AE3 
 1620      E4D01F6D 
 1620      F1020A75 
 1620      CB
 1621 06d8 F1762BE3 		.ascii	"\361v+\343\355e\023\254?\264\020\343\323\372\361f\235"
 1621      ED6513AC 
 1621      3FB410E3 
 1621      D3FAF166 
 1621      9D
 1622 06e9 6AEFB357 		.ascii	"j\357\263W\352\370\3545\205\214\307T\306#IF\301\371"
 1622      EAF8EC35 
 1622      858CC754 
 1622      C6234946 
 1622      C1F9
 1623 06fb 8841672E 		.ascii	"\210Ag.\243\370\361\012\233\016\200\241>YG\237RG?\325"
 1623      A3F8F10A 
 1623      9B0E80A1 
 1623      3E59479F 
 1623      52473FD5 
 1624 070f 11567320 		.ascii	"\021Vs \316\021\327\352\353x\311\200\035\242B\006%!"
 1624      CE11D7EA 
 1624      EB78C980 
 1624      1DA24206 
 1624      2521
 1625 0721 3DA3A9C7 		.ascii	"=\243\251\307\214\\\310\360\324\332\250\300\240Jh\270"
 1625      8C5CC8F0 
 1625      D4DAA8C0 
 1625      A04A68B8 
 1626 0731 82C0D080 		.ascii	"\202\300\320\200,d@)d\230\0129\271{\327N#\276\317\204"
 1626      2C644029 
 1626      64980A39 
 1626      B97BD74E 
 1626      23BECF84 
 1627 0745 4C561D88 		.ascii	"LV\035\210\027t\203\177B\373\\\317\273l>{\3614\3512"
 1627      1774837F 
 1627      42FB5CCF 
 1627      BB6C3E7B 
 1627      F134E932 
 1628 0759 09BA6C6B 		.ascii	"\011\272lku\020\311T\375\025\301\240\021\271\303\021"
 1628      7510C954 
 1628      FD15C1A0 
 1628      11B9C311 
 1629 0769 65873FD0 		.ascii	"e\207?\320\016{\002\232\013\347\3421\326\341\265]e\201"
 1629      0E7B029A 
 1629      0BE7E231 
 1629      D6E1B55D 
 1629      6581
 1630 077b CECA0ED5 		.ascii	"\316\312\016\325\273\2621U\217\211;\332NH=FU\3408\221"
 1630      BBB23155 
 1630      8F893BDA 
 1630      4E483D46 
ARM GAS  C:\Users\elias\AppData\Local\Temp\cciYT9qe.s 			page 129


 1630      55E03891 
 1631 078f 665B2028 		.ascii	"f[ (4*\3679\252\354\363)\3553*$/\313\036\007\341W\254"
 1631      342AF739 
 1631      AAECF329 
 1631      ED332A24 
 1631      2FCB1E07 
 1632 07a6 FA049531 		.ascii	"\372\004\2251.%;\355p\3662.cj\247,\003P\350\231,\343"
 1632      2E253BED 
 1632      70F6322E 
 1632      636AA72C 
 1632      0350E899 
 1633 07bc 9952C624 		.ascii	"\231R\306$\225q\261\266\321\337\210c\230\214\352\316"
 1633      9571B1B6 
 1633      D1DF8863 
 1633      988CEACE 
 1634 07cc 9EA1B938 		.ascii	"\236\241\2718"
 1635 07d0 835E0805 		.ascii	"\203^\010\005\251\211\303v\272;\014\177Ag\207\321U\337"
 1635      A989C376 
 1635      BA3B0C7F 
 1635      416787D1 
 1635      55DF
 1636 07e2 C7F6C6A2 		.ascii	"\307\366\306\242@\266\3333v\030}\327[\273-\312\260\010"
 1636      40B6DB33 
 1636      76187DD7 
 1636      5BBB2DCA 
 1636      B008
 1637 07f4 4E8E2B40 		.ascii	"N\216+@P\246\367tx\316\025\013\213\253\253#\370\323"
 1637      50A6F774 
 1637      78CE150B 
 1637      8BABAB23 
 1637      F8D3
 1638 0806 80D46056 		.ascii	"\200\324`VS\212C\317e\366\347\312\310\002\005\022Y_"
 1638      538A43CF 
 1638      65F6E7CA 
 1638      C8020512 
 1638      595F
 1639 0818 465F14C2 		.ascii	"F_\024\302\331,\262\260\313e=\002OPl\215\272NA\202\215"
 1639      D92CB2B0 
 1639      CB653D02 
 1639      4F506C8D 
 1639      BA4E4182 
 1640 082d 067ECA34 		.ascii	"\006~\3124;(\215\030s/\024\3413\372uz\311\254\010\241"
 1640      3B288D18 
 1640      732F14E1 
 1640      33FA757A 
 1640      C9AC08A1 
 1641 0841 01ED1478 		.ascii	"\001\355\024xD\203\307\252\007\234\270\220\346\335\216"
 1641      4483C7AA 
 1641      079CB890 
 1641      E6DD8E
 1642 0850 4C88BF40 		.ascii	"L\210\277@`(X\026\022\254\024\022J\205\334\316\276>"
 1642      60285816 
 1642      12AC1412 
 1642      4A85DCCE 
 1642      BE3E
 1643 0862 60C695FA 		.ascii	"`\306\225\372B\324\313\342.a6\317\272\010\252.\\R\327"
 1643      42D4CBE2 
ARM GAS  C:\Users\elias\AppData\Local\Temp\cciYT9qe.s 			page 130


 1643      2E6136CF 
 1643      BA08AA2E 
 1643      5C52D7
 1644 0875 5397B480 		.ascii	"S\227\264\200\213\203\015\023\311u\322\257\010\006\205"
 1644      8B830D13 
 1644      C975D2AF 
 1644      080685
 1645 0884 C9D2C294 		.ascii	"\311\322\302\224\322vSi\025\271\327\036Yp\023\223v+"
 1645      D2765369 
 1645      15B9D71E 
 1645      59701393 
 1645      762B
 1646 0896 B7EABC14 		.ascii	"\267\352\274\024!lw8\011\211\357;\231\344;%I$%)\036"
 1646      216C7738 
 1646      0989EF3B 
 1646      99E43B25 
 1646      49242529 
 1647 08ab 8EAF75C2 		.ascii	"\216\257u\302=\234\344\374h\260D\002\233\025\005I\224"
 1647      3D9CE4FC 
 1647      68B04402 
 1647      9B150549 
 1647      94
 1648 08bc 4C12A524 		.ascii	"L\022\245$\331CI*\3432\363\214\370\031#\251;Syi\216"
 1648      D943492A 
 1648      E332F38C 
 1648      F81923A9 
 1648      3B537969 
 1649 08d1 44D2AC0C 		.ascii	"D\322\254\014'Z&\211V\222\354\245$w{\236\264\316\301"
 1649      275A2689 
 1649      5692ECA5 
 1649      24777B9E 
 1649      B4CEC1
 1650 08e4 61464AB2 		.ascii	"aFJ\262\257~\344)\242Y=i\313tJ\377p\224\311\346\333"
 1650      AF7EE429 
 1650      A2593D69 
 1650      CB744AFF 
 1650      7094C9E6 
 1651 08f9 C732DDDD 		.ascii	"\3072\335\335\0325l\261\245?\2269k*\332\217\275\340"
 1651      1A356CB1 
 1651      A53F9639 
 1651      6B2ADA8F 
 1651      BDE0
 1652 090b 111247D3 		.ascii	"\021\022G\323\277_J\377\304\376\254F)\352}m\322\372"
 1652      BF5F4AFF 
 1652      C4FEAC46 
 1652      29EA7D6D 
 1652      D2FA
 1653 091d 05201423 		.ascii	"\005 \024#\013\216Q\012\216\247\202k\307\316\3550\341"
 1653      0B8E510A 
 1653      8EA7826B 
 1653      C7CEED30 
 1653      E1
 1654 092e 3426F849 		.ascii	"4&\370I`l\213\003'\031\271)\221\220\250\017\310$\007"
 1654      606C8B03 
 1654      2719B929 
 1654      9190A80F 
 1654      C82407
ARM GAS  C:\Users\elias\AppData\Local\Temp\cciYT9qe.s 			page 131


 1655 0941 94240729 		.ascii	"\224$\007)I\356\340\223=\030\0271\222\350\334\232S\322"
 1655      49EEE093 
 1655      3D181731 
 1655      92E8DC9A 
 1655      53D2
 1656 0953 7C814D8F 		.ascii	"|\201M\217\"u\0112I\202\222\344\020%\311\033z|\323\036"
 1656      22750932 
 1656      498292E4 
 1656      1025C91B 
 1656      7A7CD31E 
 1657 0967 57339233 		.ascii	"W3\2223\341\231\033$!\353U#=Q&IT\222$Q\222\347\325]"
 1657      E1991B24 
 1657      21EB5523 
 1657      3D512649 
 1657      54922451 
 1658 097f F50EB8DD 		.ascii	"\365\016\270\3358\273\035K\212\240\261cI\025f\263c9"
 1658      38BB1D4B 
 1658      8AA0B163 
 1658      491566B3 
 1658      6339
 1659 0991 4CD39F26 		.ascii	"L\323\237&\245\277\243\260cRZ\314a\307\"\011\006\024"
 1659      A5BFA3B0 
 1659      63525ACC 
 1659      61C72209 
 1659      0614
 1660 09a3 4A960527 		.ascii	"J\226\005'+\005\177O\005\037\271\367\340\221#~h\234"
 1660      2B057F4F 
 1660      051FB9F7 
 1660      E091237E 
 1660      689C
 1661 09b5 E5D4CC10 		.ascii	"\345\324\314\0204v,G\004\215\035K\2460s\307rT\320\330"
 1661      34762C47 
 1661      048D1D4B 
 1661      A63073C7 
 1661      7254D0D8 
 1662 09c9 B16409B3 		.ascii	"\261d\011\263\331\261\034\247\361\036\223\342\255>("
 1662      D9B11CA7 
 1662      F11E93E2 
 1662      AD3E28
 1663 09d8 4D76D8AF 		.ascii	"Mv\330\257H\321\002\006\245\313\321\246+\243\315f\023"
 1663      48D10206 
 1663      A5CBD1A6 
 1663      2BA3CD66 
 1663      13
 1664 09e9 75E06297 		.ascii	"u\340b\227\011\007\330\321h#\242\202oKC6\261\367=\325"
 1664      0907D8D1 
 1664      6823A282 
 1664      6F4B4336 
 1664      B1F73DD5 
 1665 09fd C29A23D3 		.ascii	"\302\232#\323\344(ir\331z\326\222~\316\001\357a4c\327"
 1665      E4286972 
 1665      D97AD692 
 1665      7ECE01EF 
 1665      613463D7 
 1666 0a11 86BA9D39 		.ascii	"\206\272\2359\015\331\265Hj\310\003\354\204LsBI\223"
 1666      0DD9B548 
 1666      6AC803EC 
ARM GAS  C:\Users\elias\AppData\Local\Temp\cciYT9qe.s 			page 132


 1666      844C7342 
 1666      4993
 1667 0a23 476926B3 		.ascii	"Gi&\263\013\212,\370\020\243\011\337\231\326$\315\370"
 1667      0B8A2CF8 
 1667      10A309DF 
 1667      99D624CD 
 1667      F8
 1668 0a34 E27E498D 		.ascii	"\342~I\215\013U\223/\323\344+iNR\232\266\341SE\2168"
 1668      0B55932F 
 1668      D3E42B69 
 1668      4E529AB6 
 1668      E153458E 
 1669 0a49 DB6E9625 		.ascii	"\333n\226%,\344\371n}\330d\266-\004E\274Z\205\005_\331"
 1669      2CE4F96E 
 1669      7DD864B6 
 1669      2D0445BC 
 1669      5A85055F 
 1670 0a5e 80C5CCD7 		.ascii	"\200\305\314\327x3b\314\242_\230\323\2640\247\244\302"
 1670      783362CC 
 1670      A25F98D3 
 1670      B430A7A4 
 1670      C2
 1671 0a6f 945E2A1C 		.ascii	"\224^*\034\223f_\3420l\235D\262uZD`\250@\016\243@\031"
 1671      93665FE2 
 1671      306C9D44 
 1671      B2755A44 
 1671      60A8400E 
 1672 0a86 C6191A46 		.ascii	"\306\031\032F\331\371\320\032g\\a7\273\251s\216\211"
 1672      D9F9D01A 
 1672      675C6137 
 1672      BBA9738E 
 1672      89
 1673 0a97 CB0D8D79 		.ascii	"\313\015\215yn\244\316Bp\236g\316\344\301\244\202\271"
 1673      6EA4CE42 
 1673      709E67CE 
 1673      E4C1A482 
 1673      B9
 1674 0aa8 B6304A98 		.ascii	"\2660J\230\363\301\300\235p{\3750Ji\030\027\2440z\033"
 1674      F3C1C09D 
 1674      707BFD30 
 1674      4A691817 
 1674      A4307A1B 
 1675 0abc 92331D79 		.ascii	"\2223\035y\030{\276\261\015\015@\241\263r\024g\225Q"
 1675      187BBEB1 
 1675      0D0D40A1 
 1675      B3721467 
 1675      9551
 1676 0ace 5CA451B4 		.ascii	"\\\244Q\264\237\314\333\201q'\213\".\340\344\2444\302"
 1676      9FCCDB81 
 1676      71278B22 
 1676      2EE0E4A4 
 1676      34C2
 1677 0ae0 46FE6C63 		.ascii	"F\376lc!\253\342%\231\345\222\222\245\214\262$WW\215"
 1677      21ABE225 
 1677      99E59292 
 1677      A58CB224 
 1677      57578D
ARM GAS  C:\Users\elias\AppData\Local\Temp\cciYT9qe.s 			page 133


 1678 0af3 98F02063 		.ascii	"\230\360 c\021\253\033\"\035l1\262\\D7\304\336\022l"
 1678      11AB1B22 
 1678      1D6C31B2 
 1678      5C4437C4 
 1678      DE126C
 1679 0b06 BE0A1662 		.ascii	"\276\012\026bJ_\332\237maW2\337\304\275\342Q\243~\330"
 1679      4A5FDA9F 
 1679      6D615732 
 1679      DFC4BDE2 
 1679      51A37ED8 
 1680 0b1a D534EC2A 		.ascii	"\3254\354*)\354\207A\255e\222\340\234\277\330\004\003"
 1680      29EC8741 
 1680      AD6592E0 
 1680      9CBFD804 
 1680      03
 1681 0b2b 0A95CB82 		.ascii	"\012\225\313\202\313\225\202k\330\303\353p\330\021'"
 1681      CB95826B 
 1681      D8C3EB70 
 1681      D81127
 1682 0b3a 1C684F05 		.ascii	"\034hO\005\337M84)\315\210\241\377\263M\010\262\004"
 1682      DF4D3834 
 1682      29CD88A1 
 1682      FFB34D08 
 1682      B204
 1683 0b4c 5F96592E 		.ascii	"_\226Y.+Y\256P\226\254\323\011\343&\034\303X2\322\242"
 1683      2B59AE50 
 1683      96ACD309 
 1683      E3261CC3 
 1683      5832D2A2 
 1684 0b60 53C84B58 		.ascii	"S\310KX\027l\314\212\2077&\036\017.\211Dt\023\213je"
 1684      176CCC8A 
 1684      8737261E 
 1684      0F2E8944 
 1684      74138B6A 
 1685 0b75 965ACA02 		.ascii	"\226Z\312\002?\256R\206\363\017\252\3231\276\314\030"
 1685      3FAE5286 
 1685      F30FAAD3 
 1685      31BECC18 
 1686 0b85 BA530F84 		.ascii	"\272S\017\204[\030C\311$\331Z\226\032\351\254\274&7"
 1686      5B1843C9 
 1686      24D95A96 
 1686      1AE9ACBC 
 1686      2637
 1687 0b97 BF2635BF 		.ascii	"\277&5\277N\2337\005\346U\220\257VdcG\030\016\354)\253"
 1687      4E9B3705 
 1687      E65590AF 
 1687      56646347 
 1687      180EEC29 
 1688 0bac B4E0DB8C 		.ascii	"\264\340\333\214\256\263\353\332\244\371\315TQL!\237"
 1688      AEB3EBDA 
 1688      A4F9CD54 
 1688      514C219F 
 1689 0bbc 8CFE31F1 		.ascii	"\214\3761\361\204(\316\245\310z\306\247H+\361\324\011"
 1689      8428CEA5 
 1689      C87AC6A7 
 1689      482BF1D4 
 1689      09
ARM GAS  C:\Users\elias\AppData\Local\Temp\cciYT9qe.s 			page 134


 1690 0bcd B0D76C10 		.ascii	"\260\327l\020\336\204\226\231\251]\207\346\362\257\270"
 1690      DE849699 
 1690      A95D87E6 
 1690      F2AFB8
 1691 0bdc 842961BC 		.ascii	"\204)a\274\270\316\021\0170\332\270\202\252|\201\321"
 1691      B8CE110F 
 1691      30DAB882 
 1691      AA7C81D1 
 1692 0bec 96E4FC1E 		.ascii	"\226\344\374\036^wH\365\2328%\373\012k\240\327\215\204"
 1692      5E7748F5 
 1692      9A3825FB 
 1692      0A6BA0D7 
 1692      8D84
 1693 0bfe B09912FE 		.ascii	"\260\231\022\376 \356\211\260\003B\002\025\311w\341"
 1693      20EE89B0 
 1693      03420215 
 1693      C977E1
 1694 0c0d EBFDBB77 		.ascii	"\353\375\273w8`\3779\224\261\242)\267\035s\306C\022"
 1694      3860FF39 
 1694      94B1A229 
 1694      B71D73C6 
 1694      4312
 1695 0c1f 63EB3446 		.ascii	"c\3534Fr\335B\030oP\306\343\227B3\005\325WP\222h\305"
 1695      72DD4218 
 1695      6F50C6E3 
 1695      97423305 
 1695      D5575092 
 1696 0c35 2BBDC0BE 		.ascii	"+\275\300\276\202\302\231,\277q\367\233\034Uh\365V\270"
 1696      82C2992C 
 1696      BF71F79B 
 1696      1C5568F5 
 1696      56B8
 1697 0c47 9DA3DB29 		.ascii	"\235\243\333)\272\263=\264\333\242BO\250\270;8\272\203"
 1697      BAB33DB4 
 1697      DBA2424F 
 1697      A8B83B38 
 1697      BA83
 1698 0c59 A2E34F8F 		.ascii	"\242\343O\217T\333\261/\300&\362nz\365\354\240\005\357"
 1698      54DBB12F 
 1698      C026F26E 
 1698      7AF5ECA0 
 1698      05EF
 1699 0c6b 6391950E 		.ascii	"c\221\225\016\345\244;\260{\344;r\377hJ\250\311\034"
 1699      E5A43BB0 
 1699      7BE43B72 
 1699      FF684AA8 
 1699      C91C
 1700 0c7d C2073721 		.ascii	"\302\0077!vQ\275\325\013\260qGo\271\242.\201~\264\256"
 1700      7651BDD5 
 1700      0BB07147 
 1700      6FB9A22E 
 1700      817EB4AE 
 1701 0c91 C9A8AC33 		.ascii	"\311\250\2543\271DRx\011l,\246\275\036\335\026\\\244"
 1701      B9445278 
 1701      096C2CA6 
 1701      BD1EDD16 
 1701      5CA4
ARM GAS  C:\Users\elias\AppData\Local\Temp\cciYT9qe.s 			page 135


 1702 0ca3 46043D12 		.ascii	"F\004=\0224\334dO\310\003g\367I<\267\367\314/\225\344"
 1702      34DC644F 
 1702      C80367F7 
 1702      493CB7F7 
 1702      CC2F95E4 
 1703 0cb7 DDC20BC8 		.ascii	"\335\302\013\310\303\212\243\253\020NeQ\265$\204E9\341"
 1703      C38AA3AB 
 1703      104E6551 
 1703      B5248445 
 1703      39E1
 1704 0cc9 4C76911F 		.ascii	"Lv\221\037\027\033o\301\371\354B\372\374\355B?\177\243"
 1704      171B6FC1 
 1704      F9EC42FA 
 1704      FCED423F 
 1704      7FA3
 1705 0cdb 82BB55E5 		.ascii	"\202\273U\345f\3665\234V=2>8\331\001_\244X\373\353\021"
 1705      66F6359C 
 1705      563D323E 
 1705      38D9015F 
 1705      A458FBEB 
 1706 0cf0 FDE7E6A0 		.ascii	"\375\347\346\240\305p,X\226\"\006\371\303\254y\2766"
 1706      C5702C58 
 1706      962206F9 
 1706      C3AC79BE 
 1706      36
 1707 0d01 AE05E65E 		.ascii	"\256\005\346^\260\003\272#\270\240\036\250x\277\260"
 1707      B003BA23 
 1707      B8A01EA8 
 1707      78BFB0
 1708 0d10 407E117A 		.ascii	"@~\021z\213\010\313 \362\014\264AI\321\207b\316\037"
 1708      8B08CB20 
 1708      F20CB441 
 1708      49D18762 
 1708      CE1F
 1709 0d22 28F6E174 		.ascii	"(\366\341t\354Ma:\270\300\006\356\324\006\273\311\330"
 1709      EC4D613A 
 1709      B8C006EE 
 1709      D406BBC9 
 1709      D8
 1710 0d33 1336EC5D 		.ascii	"\0236\354]M\021\024\032\305\377\037CD_\033\320\003\301"
 1710      4D11141A 
 1710      C5FF1F43 
 1710      445F1BD0 
 1710      03C1
 1711 0d45 15DD27C3 		.ascii	"\025\335'\303\363\036o@\306\356\000\274\271=\026\026"
 1711      F31E6F40 
 1711      C6EE00BC 
 1711      B93D1616 
 1712 0d55 A35EB047 		.ascii	"\243^\260G`}\302b:{\331\367\341\304\340\205\242h\"`"
 1712      607DC262 
 1712      3A7BD9F7 
 1712      E1C4E085 
 1712      A2682260 
 1713 0d69 039FDEFC 		.ascii	"\003\237\336\374\363u\300\276\306\\g\374\210\246I\030"
 1713      F375C0BE 
 1713      C65C67FC 
 1713      88A64918 
ARM GAS  C:\Users\elias\AppData\Local\Temp\cciYT9qe.s 			page 136


 1714 0d79 4E3A93E3 		.ascii	"N:\223\343\214\226-`m\316\226#\322f\030:\030\224W\005"
 1714      8C962D60 
 1714      6DCE9623 
 1714      D266183A 
 1714      18945705 
 1715 0d8d 42A1A767 		.ascii	"B\241\247g\0104\274L\017\364y5\356q\214\372\177\025"
 1715      0834BC4C 
 1715      0FF47935 
 1715      EE718CFA 
 1715      7F15
 1716 0d9f 861551C3 		.ascii	"\206\025Q\303\253<\037\363#d\314\3433M\007\016b\270"
 1716      AB3C1FF3 
 1716      2364CCE3 
 1716      334D070E 
 1716      62B8
 1717 0db1 47FE99E3 		.ascii	"G\376\231\343E2\242\257#4\012\243\205^\014\374\222\376"
 1717      4532A2AF 
 1717      23340AA3 
 1717      855E0CFC 
 1717      92FE
 1718 0dc3 A6037D20 		.ascii	"\246\003} @\264\337\357d\260\315\343Q:\310\237\200\274"
 1718      40B4DFEF 
 1718      64B0CDE3 
 1718      513AC89F 
 1718      80BC
 1719 0dd5 1F883CB8 		.ascii	"\037\210<\270\204\336\2472\243\240(O\330 J\033\015\313"
 1719      84DEA732 
 1719      A3A0284F 
 1719      D8204A1B 
 1719      0DCB
 1720 0de7 B3C3CFD8 		.ascii	"\263\303\317\330E\341\343\243\205\216l\010\225\320\215"
 1720      45E1E3A3 
 1720      858E6C08 
 1720      95D08D
 1721 0df6 E3CDB17A 		.ascii	"\343\315\261z\214#L\344\246\2618D\314wD\013\026/^\026"
 1721      8C234CE4 
 1721      A6B13844 
 1721      CC77440B 
 1721      162F5E16 
 1722 0e0a C5C7318D 		.ascii	"\305\3071\215\375\031\220\223\222\242\247\220\242\011"
 1722      FD199093 
 1722      92A2A790 
 1722      A209
 1723 0e18 1EFB14C4 		.ascii	"\036\373\024\304>\0111?\3471\263B7\007\277\006\177\375"
 1723      3E09313F 
 1723      E731B342 
 1723      3707BF06 
 1723      7FFD
 1724 0e2a 31ADF518 		.ascii	"1\255\365\030\207k\324\232\241[l\303b\\\023\312\206"
 1724      876BD49A 
 1724      A15B6CC3 
 1724      625C13CA 
 1724      86
 1725 0e3b 1BAB543D 		.ascii	"\033\253T=\253\356\304\214\352\236\336\037}\314\021"
 1725      ABEEC48C 
 1725      EA9EDE1F 
 1725      7DCC11
ARM GAS  C:\Users\elias\AppData\Local\Temp\cciYT9qe.s 			page 137


 1726 0e4a EFA11108 		.ascii	"\357\241\021\010I\275\245S\366h\201\216\376\000\274"
 1726      49BDA553 
 1726      F668818E 
 1726      FE00BC
 1727 0e59 4C573FEB 		.ascii	"LW?\353\245\203\215\007\177\274\000\211\3306\036&\350"
 1727      A5838D07 
 1727      7FBC0089 
 1727      D8361E26 
 1727      E8
 1728 0e6a 7820DB82 		.ascii	"x \333\202\220\316.\254\252*A\312U\015\304\254\252p"
 1728      90CE2EAC 
 1728      AA2A41CA 
 1728      550DC4AC 
 1728      AA70
 1729 0e7c 06746C51 		.ascii	"\006tlQC\270\023>D\225\241\250\275\271\311f\234\302"
 1729      43B8133E 
 1729      4495A1A8 
 1729      BDB9C966 
 1729      9CC2
 1730 0e8e 2E1A7302 		.ascii	".\032s\002'\234q>\313\372\315\364\361\265\220\364e\213"
 1730      279C713E 
 1730      CBFACDF4 
 1730      F1B590F4 
 1730      658B
 1731 0ea0 B545C376 		.ascii	"\265E\303v\002\355\304Lt(\004\020\202\027\2430\254L"
 1731      02EDC44C 
 1731      74280410 
 1731      8217A330 
 1731      AC4C
 1732 0eb2 FA68B922 		.ascii	"\372h\271\"\351A\034\256\221t\026\3420K$`\224\211dL"
 1732      E9411CAE 
 1732      917416E2 
 1732      304B2460 
 1732      9489644C 
 1733 0ec6 4F954CC1 		.ascii	"O\225L\301\232L\254&\020\303\376G\005y\010\027\261\274"
 1733      9A4CAC26 
 1733      10C3FE47 
 1733      05790817 
 1733      B1BC
 1734 0ed8 975E1BAA 		.ascii	"\227^\033\252\260\350\346=\002d\353\205\300DM\262\274"
 1734      B0E8E63D 
 1734      0264EB85 
 1734      C0444DB2 
 1734      BC
 1735 0ee9 87036897 		.ascii	"\207\003h\227\234w\242\221\366u\244(\254\323\244\312"
 1735      9C77A291 
 1735      F675A428 
 1735      ACD3A4CA 
 1736 0ef9 7BB82AEF 		.ascii	"{\270*\357\273y\336w\323\274\237\312\312\336\217\331"
 1736      BB79DE77 
 1736      D3BC9FCA 
 1736      CADE8FD9 
 1737 0f09 CA3DAB8F 		.ascii	"\312=\253\217?\244\311M\361\240\035\276\310\202).\352"
 1737      3FA4C94D 
 1737      F1A01DBE 
 1737      C882292E 
 1737      EA
ARM GAS  C:\Users\elias\AppData\Local\Temp\cciYT9qe.s 			page 138


 1738 0f1a CD72629F 		.ascii	"\315rb\237\2174\030\366`\335\317G\371\237F\205\222\375"
 1738      8F3418F6 
 1738      60DDCF47 
 1738      F99F4685 
 1738      92FD
 1739 0f2c 521436A3 		.ascii	"R\0246\243H9\214\3570_\365\013*\257\237\234\243\012"
 1739      48398CEF 
 1739      305FF50B 
 1739      2AAF9F9C 
 1739      A30A
 1740 0f3e 8320E530 		.ascii	"\203 \3450\242y\030\3214\214\350\376\301\010[\030\221"
 1740      A27918D1 
 1740      348CE8FE 
 1740      C1085B18 
 1740      91
 1741 0f4f 2F17413E 		.ascii	"/\027A>\211\035JkV?\227\367\252:\210\341\035\304\320"
 1741      891D4A6B 
 1741      563F97F7 
 1741      AA3A88E1 
 1741      1DC4D0
 1742 0f62 0EEE56D5 		.ascii	"\016\356V\325M\252\263Z\242z.\357\343\350}\024\3754"
 1742      4DAAB35A 
 1742      A27A2EEF 
 1742      E3E87D14 
 1742      FD34
 1743 0f74 28EC81BD 		.ascii	"(\354\201\275\012]\246B\307rt\254\016w\225\012\275\237"
 1743      0A5DA642 
 1743      C77274AC 
 1743      0E77950A 
 1743      BD9F
 1744 0f86 A3F7EBA0 		.ascii	"\243\367\353\240\257\250\320q\034\035\247\243\244N\205"
 1744      AFA8D071 
 1744      1C1DA7A3 
 1744      A44E85
 1745 0f95 8EE7E878 		.ascii	"\216\347\350x\212\336\337=xo\016"
 1745      8ADEDF3D 
 1745      786F0E
 1746 0fa0 4BE3ACFE 		.ascii	"K\343\254\376\307\230l\232Kj\027\340*6\030n\005\035"
 1746      C7986C9A 
 1746      4B6A17E0 
 1746      2A36186E 
 1746      051D
 1747 0fb2 8481C907 		.ascii	"\204\201\311\007\303\014\202CX\357\277\234[\376H\006"
 1747      C30C8243 
 1747      58EFBF9C 
 1747      5BFE4806 
 1748 0fc2 7402A4FF 		.ascii	"t\002\244\377\240<\022\016H#!\343\352T\250\223*\204"
 1748      A03C120E 
 1748      482321E3 
 1748      EA54A893 
 1748      2A84
 1749 0fd4 0455A112 		.ascii	"\004U\241\022y\010\2114\204\313\0155\347\324\343F\275"
 1749      79088934 
 1749      84CB0D35 
 1749      E7D4E346 
 1749      BD
 1750 0fe5 B948E2E8 		.ascii	"\271H\342\350$\235\3644\253\322\223\314\321\311:\251"
ARM GAS  C:\Users\elias\AppData\Local\Temp\cciYT9qe.s 			page 139


 1750      249DF434 
 1750      ABD293CC 
 1750      D1C93AA9 
 1751 0ff5 6F53A153 		.ascii	"oS\241S8:\205\242\247\332\356"
 1751      383A85A2 
 1751      A7DAEE
 1752 1000 85D9A9D0 		.ascii	"\205\331\251\320\267T\350T\216N\245\350\220\224\266"
 1752      B754E854 
 1752      8E4EA5E8 
 1752      9094B6
 1753 100f 2BEAE1F8 		.ascii	"+\352\341\370P\205N\343\3504\254\275M|\254B\037\346"
 1753      50854EE3 
 1753      E834ACBD 
 1753      4D7CAC42 
 1753      1FE6
 1754 1021 E8C314DD 		.ascii	"\350\303\024\335\363\340~\212\223T\326\310\227W\205"
 1754      F3E07E8A 
 1754      9354D6C8 
 1754      975785
 1755 1030 BCDD64DC 		.ascii	"\274\335d\334nV\247\361{U\322\323y\007\351:\211\031"
 1755      6E56A7F1 
 1755      7B55D2D3 
 1755      7907E93A 
 1755      8919
 1756 1042 52C9C9E0 		.ascii	"R\311\311\340hr6\255\376\350\323E\356nn\006\273m\336"
 1756      687236AD 
 1756      FEE8D345 
 1756      EE6E6E06 
 1756      BB6DDE
 1757 1055 3E7EEFFD 		.ascii	">~\357\375l\265\325\307\352\353\341g\365\372b\335\226"
 1757      6CB5D5C7 
 1757      EAEBE167 
 1757      F5FA62DD 
 1757      96
 1758 1066 6DBE9ED6 		.ascii	"m\276\236\326\317\327\256\333\342\376\316\347\236\333"
 1758      CFD7AEDB 
 1758      E2FECEE7 
 1758      9EDB
 1759 1074 FDB67F65 		.ascii	"\375\266\177e\335\272|\243\301\236\340\334\336uq\337"
 1759      DDBA7CA3 
 1759      C19EE0DC 
 1759      DE7571DF 
 1760 1084 FEC1660F 		.ascii	"\376\301f\017\367\215\037\372Z\255\313\277\362\360\365"
 1760      F78D1FFA 
 1760      5AADCBBF 
 1760      F2F0F5
 1761 1093 5BBEC2E4 		.ascii	"[\276\302\344\271}\253\237\207\337\266\255\213tHh\023"
 1761      B97DAB9F 
 1761      87DFB6AD 
 1761      8B744868 
 1761      13
 1762 10a4 CFE59E86 		.ascii	"\317\345\236\206\205\274\361*\037\217\365\233xs\267"
 1762      85BCF12A 
 1762      1F8FF59B 
 1762      7873B7
 1763 10b3 BFE3CE0F 		.ascii	"\277\343\316\017\274\267\312\336\267\377\236y7Y=|\327"
 1763      BCB7CADE 
ARM GAS  C:\Users\elias\AppData\Local\Temp\cciYT9qe.s 			page 140


 1763      B7FF9E79 
 1763      37593D7C 
 1763      D7
 1764 10c4 5A7DBCBC 		.ascii	"Z}\274\274}6|\340\3735\273\267\3625\336b\255\257\367"
 1764      7D367CE0 
 1764      FB35BBB7 
 1764      F235DE62 
 1764      ADAFF7
 1765 10d7 165F6FBF 		.ascii	"\026_o\277\355\314\375O\257s\367:\253\337\307\326\257"
 1765      EDCCFD4F 
 1765      AF73F73A 
 1765      ABDFC7D6 
 1765      AF
 1766 10e8 B759B7FA 		.ascii	"\267Y\267\372\261\033\357H7VO\273\361\256\244g\035\225"
 1766      B11BEF48 
 1766      37564FBB 
 1766      F1AEA467 
 1766      1D95
 1767 10fa CF9CFFFC 		.ascii	"\317\234\377\374\206L\343\276\305\347K\357\015\333 "
 1767      864CE3BE 
 1767      C5E74BEF 
 1767      0DDB20
 1768 1109 24EF2D3E 		.ascii	"$\357->\354\366{,\001\237x\311\011\370\227\037\363\026"
 1768      ECF67B2C 
 1768      019F78C9 
 1768      09F8971F 
 1768      F316
 1769 111b 1F6FD9E6 		.ascii	"\037o\331\346\343\365\361\226\365\336\034\353\266\302"
 1769      E3F5F196 
 1769      F5DE1CEB 
 1769      B6C2
 1770 1129 99852EF1 		.ascii	"\231\205.\361X-\354z\225\257\357\026\337y\374\036\011"
 1770      582DEC7A 
 1770      95AFEF16 
 1770      DF79FC1E 
 1770      09
 1771 113a 913A5C14 		.ascii	"\221:\\\0247\337\367\362\362\265n\335J\223\276\362m"
 1771      37DFF7F2 
 1771      F2B56EDD 
 1771      4A93BEF2 
 1771      6D
 1772 114b 07DEC1FB 		.ascii	"\007\336\301\373\2336m\361\264(*\340\250J\250\223:\223"
 1772      9B366DF1 
 1772      B4282AE0 
 1772      A84AA893 
 1772      3A93
 1773 115d 0BB552E8 		.ascii	"\013\265R\350<-w?\226\243]\365\255\037\300\254^\274"
 1773      3C2D773F 
 1773      96A35DF5 
 1773      AD1FC0AC 
 1773      5EBC
 1774 116f EF05F29D 		.ascii	"\357\005\362\235_\373x\373y{l\372\304k\376\214\024\317"
 1774      5FFB78FB 
 1774      797B6CFA 
 1774      C46BFE8C 
 1774      14CF
 1775 1181 9F915B47 		.ascii	"\237\221[GUR\177\244\223Mg\236F\032\022\014\031\213"
ARM GAS  C:\Users\elias\AppData\Local\Temp\cciYT9qe.s 			page 141


 1775      55527FA4 
 1775      934D679E 
 1775      461A120C 
 1775      198B
 1776 1193 22ADF314 		.ascii	"\"\255\363\024\277\335!\247~?\342\216\351$\222\177\365"
 1776      BFDD21A7 
 1776      7E3FE28E 
 1776      E924927F 
 1776      F5
 1777 11a4 34FF7C19 		.ascii	"4\377|\031\317\203\231/#U\036e\321`X\255\362\361\263"
 1777      CF83992F 
 1777      23551E65 
 1777      D16058AD 
 1777      F2F1B3
 1778 11b7 FABA435E 		.ascii	"\372\272C^\274==6\255\263z\022\262\237\352\216\352\177"
 1778      BC3D3D36 
 1778      ADB37A12 
 1778      B29FEA8E 
 1778      EA7F
 1779 11c9 F75E0F13 		.ascii	"\367^\017\023\003\306\357\252o\275\375\246\265\222\262"
 1779      03C6EFAA 
 1779      6FBDFDA6 
 1779      B592B2
 1780 11d8 E0E1E363 		.ascii	"\340\341\343c\335\264U\031\321\257!\307\337.\344\016"
 1780      DDB45519 
 1780      D1AF21C7 
 1780      DF2EE40E 
 1781 11e8 F76DBEBE 		.ascii	"\367m\276\276V\037\277\217\266m^o\365uX\357\261\325"
 1781      561FBF8F 
 1781      B66D5E6F 
 1781      F57558EF 
 1781      B1D5
 1782 11fa DBF30B36 		.ascii	"\333\363\0136\231\354=(\317\\\346\363\374r\203\223\027"
 1782      99EC3D28 
 1782      CF5CE6F3 
 1782      FC728393 
 1782      17
 1783 120b 0C8E2F3C 		.ascii	"\014\216/<7\302}\337m\236~&\010\302\352\373?V\257\227"
 1783      37C27DDF 
 1783      6D9E7E26 
 1783      08C2EAFB 
 1783      3F56AF97 
 1784 121f CCBA8D86 		.ascii	"\314\272\215\2069\274\241\321\375\303\325+\\\330\305"
 1784      39BCA1D1 
 1784      FDC3D52B 
 1784      5CD8C5
 1785 122e 971B365B 		.ascii	"\227\0336[7s&\342w\263(\374\370\223\017V\314\247\327"
 1785      377326E2 
 1785      77B328FC 
 1785      F8930F56 
 1785      CCA7D7
 1786 1241 7E5E320C 		.ascii	"~^2\014\274nf\331k\347k\335\260\362m\362\327\355\335"
 1786      BC6E66D9 
 1786      6BE76BDD 
 1786      B0F26DF2 
 1786      D7EDDD
 1787 1254 FF079407 		.ascii	"\377\007\224\007T\232"
ARM GAS  C:\Users\elias\AppData\Local\Temp\cciYT9qe.s 			page 142


 1787      549A
 1788              		.text
 1789              		.section	.gnu.lto_.symtab.cd5e811f,"",%progbits
 1790 0000 4379446D 		.ascii	"CyDmacConfigure\000"
 1790      6163436F 
 1790      6E666967 
 1790      75726500 
 1791 0010 00       		.ascii	"\000"
 1792 0011 00       		.ascii	"\000"
 1793 0012 00       		.ascii	"\000"
 1794 0013 00000000 		.ascii	"\000\000\000\000\000\000\000\000"
 1794      00000000 
 1795 001b F6000000 		.ascii	"\366\000\000\000"
 1796 001f 4379446D 		.ascii	"CyDmacError\000"
 1796      61634572 
 1796      726F7200 
 1797 002b 00       		.ascii	"\000"
 1798 002c 00       		.ascii	"\000"
 1799 002d 00       		.ascii	"\000"
 1800 002e 00000000 		.ascii	"\000\000\000\000\000\000\000\000"
 1800      00000000 
 1801 0036 F9000000 		.ascii	"\371\000\000\000"
 1802 003a 4379446D 		.ascii	"CyDmacClearError\000"
 1802      6163436C 
 1802      65617245 
 1802      72726F72 
 1802      00
 1803 004b 00       		.ascii	"\000"
 1804 004c 00       		.ascii	"\000"
 1805 004d 00       		.ascii	"\000"
 1806 004e 00000000 		.ascii	"\000\000\000\000\000\000\000\000"
 1806      00000000 
 1807 0056 FD000000 		.ascii	"\375\000\000\000"
 1808 005a 4379446D 		.ascii	"CyDmacErrorAddress\000"
 1808      61634572 
 1808      726F7241 
 1808      64647265 
 1808      737300
 1809 006d 00       		.ascii	"\000"
 1810 006e 00       		.ascii	"\000"
 1811 006f 00       		.ascii	"\000"
 1812 0070 00000000 		.ascii	"\000\000\000\000\000\000\000\000"
 1812      00000000 
 1813 0078 03010000 		.ascii	"\003\001\000\000"
 1814 007c 4379446D 		.ascii	"CyDmaChAlloc\000"
 1814      61436841 
 1814      6C6C6F63 
 1814      00
 1815 0089 00       		.ascii	"\000"
 1816 008a 00       		.ascii	"\000"
 1817 008b 00       		.ascii	"\000"
 1818 008c 00000000 		.ascii	"\000\000\000\000\000\000\000\000"
 1818      00000000 
 1819 0094 05010000 		.ascii	"\005\001\000\000"
 1820 0098 4379446D 		.ascii	"CyDmaChFree\000"
 1820      61436846 
 1820      72656500 
ARM GAS  C:\Users\elias\AppData\Local\Temp\cciYT9qe.s 			page 143


 1821 00a4 00       		.ascii	"\000"
 1822 00a5 00       		.ascii	"\000"
 1823 00a6 00       		.ascii	"\000"
 1824 00a7 00000000 		.ascii	"\000\000\000\000\000\000\000\000"
 1824      00000000 
 1825 00af 09010000 		.ascii	"\011\001\000\000"
 1826 00b3 4379446D 		.ascii	"CyDmaChEnable\000"
 1826      61436845 
 1826      6E61626C 
 1826      6500
 1827 00c1 00       		.ascii	"\000"
 1828 00c2 00       		.ascii	"\000"
 1829 00c3 00       		.ascii	"\000"
 1830 00c4 00000000 		.ascii	"\000\000\000\000\000\000\000\000"
 1830      00000000 
 1831 00cc 0E010000 		.ascii	"\016\001\000\000"
 1832 00d0 4379446D 		.ascii	"CyDmaChDisable\000"
 1832      61436844 
 1832      69736162 
 1832      6C6500
 1833 00df 00       		.ascii	"\000"
 1834 00e0 00       		.ascii	"\000"
 1835 00e1 00       		.ascii	"\000"
 1836 00e2 00000000 		.ascii	"\000\000\000\000\000\000\000\000"
 1836      00000000 
 1837 00ea 10010000 		.ascii	"\020\001\000\000"
 1838 00ee 4379446D 		.ascii	"CyDmaClearPendingDrq\000"
 1838      61436C65 
 1838      61725065 
 1838      6E64696E 
 1838      67447271 
 1839 0103 00       		.ascii	"\000"
 1840 0104 00       		.ascii	"\000"
 1841 0105 00       		.ascii	"\000"
 1842 0106 00000000 		.ascii	"\000\000\000\000\000\000\000\000"
 1842      00000000 
 1843 010e 12010000 		.ascii	"\022\001\000\000"
 1844 0112 4379446D 		.ascii	"CyDmaChPriority\000"
 1844      61436850 
 1844      72696F72 
 1844      69747900 
 1845 0122 00       		.ascii	"\000"
 1846 0123 00       		.ascii	"\000"
 1847 0124 00       		.ascii	"\000"
 1848 0125 00000000 		.ascii	"\000\000\000\000\000\000\000\000"
 1848      00000000 
 1849 012d 14010000 		.ascii	"\024\001\000\000"
 1850 0131 4379446D 		.ascii	"CyDmaChSetExtendedAddress\000"
 1850      61436853 
 1850      65744578 
 1850      74656E64 
 1850      65644164 
 1851 014b 00       		.ascii	"\000"
 1852 014c 00       		.ascii	"\000"
 1853 014d 00       		.ascii	"\000"
 1854 014e 00000000 		.ascii	"\000\000\000\000\000\000\000\000"
 1854      00000000 
ARM GAS  C:\Users\elias\AppData\Local\Temp\cciYT9qe.s 			page 144


 1855 0156 1A010000 		.ascii	"\032\001\000\000"
 1856 015a 4379446D 		.ascii	"CyDmaChSetInitialTd\000"
 1856      61436853 
 1856      6574496E 
 1856      69746961 
 1856      6C546400 
 1857 016e 00       		.ascii	"\000"
 1858 016f 00       		.ascii	"\000"
 1859 0170 00       		.ascii	"\000"
 1860 0171 00000000 		.ascii	"\000\000\000\000\000\000\000\000"
 1860      00000000 
 1861 0179 1C010000 		.ascii	"\034\001\000\000"
 1862 017d 4379446D 		.ascii	"CyDmaChSetRequest\000"
 1862      61436853 
 1862      65745265 
 1862      71756573 
 1862      7400
 1863 018f 00       		.ascii	"\000"
 1864 0190 00       		.ascii	"\000"
 1865 0191 00       		.ascii	"\000"
 1866 0192 00000000 		.ascii	"\000\000\000\000\000\000\000\000"
 1866      00000000 
 1867 019a 1E010000 		.ascii	"\036\001\000\000"
 1868 019e 4379446D 		.ascii	"CyDmaChGetRequest\000"
 1868      61436847 
 1868      65745265 
 1868      71756573 
 1868      7400
 1869 01b0 00       		.ascii	"\000"
 1870 01b1 00       		.ascii	"\000"
 1871 01b2 00       		.ascii	"\000"
 1872 01b3 00000000 		.ascii	"\000\000\000\000\000\000\000\000"
 1872      00000000 
 1873 01bb 20010000 		.ascii	" \001\000\000"
 1874 01bf 4379446D 		.ascii	"CyDmaChStatus\000"
 1874      61436853 
 1874      74617475 
 1874      7300
 1875 01cd 00       		.ascii	"\000"
 1876 01ce 00       		.ascii	"\000"
 1877 01cf 00       		.ascii	"\000"
 1878 01d0 00000000 		.ascii	"\000\000\000\000\000\000\000\000"
 1878      00000000 
 1879 01d8 26010000 		.ascii	"&\001\000\000"
 1880 01dc 4379446D 		.ascii	"CyDmaChSetConfiguration\000"
 1880      61436853 
 1880      6574436F 
 1880      6E666967 
 1880      75726174 
 1881 01f4 00       		.ascii	"\000"
 1882 01f5 00       		.ascii	"\000"
 1883 01f6 00       		.ascii	"\000"
 1884 01f7 00000000 		.ascii	"\000\000\000\000\000\000\000\000"
 1884      00000000 
 1885 01ff 2F010000 		.ascii	"/\001\000\000"
 1886 0203 4379446D 		.ascii	"CyDmaTdAllocate\000"
 1886      61546441 
ARM GAS  C:\Users\elias\AppData\Local\Temp\cciYT9qe.s 			page 145


 1886      6C6C6F63 
 1886      61746500 
 1887 0213 00       		.ascii	"\000"
 1888 0214 00       		.ascii	"\000"
 1889 0215 00       		.ascii	"\000"
 1890 0216 00000000 		.ascii	"\000\000\000\000\000\000\000\000"
 1890      00000000 
 1891 021e 31010000 		.ascii	"1\001\000\000"
 1892 0222 4379446D 		.ascii	"CyDmaTdFree\000"
 1892      61546446 
 1892      72656500 
 1893 022e 00       		.ascii	"\000"
 1894 022f 00       		.ascii	"\000"
 1895 0230 00       		.ascii	"\000"
 1896 0231 00000000 		.ascii	"\000\000\000\000\000\000\000\000"
 1896      00000000 
 1897 0239 33010000 		.ascii	"3\001\000\000"
 1898 023d 4379446D 		.ascii	"CyDmaTdFreeCount\000"
 1898      61546446 
 1898      72656543 
 1898      6F756E74 
 1898      00
 1899 024e 00       		.ascii	"\000"
 1900 024f 00       		.ascii	"\000"
 1901 0250 00       		.ascii	"\000"
 1902 0251 00000000 		.ascii	"\000\000\000\000\000\000\000\000"
 1902      00000000 
 1903 0259 35010000 		.ascii	"5\001\000\000"
 1904 025d 4379446D 		.ascii	"CyDmaTdSetConfiguration\000"
 1904      61546453 
 1904      6574436F 
 1904      6E666967 
 1904      75726174 
 1905 0275 00       		.ascii	"\000"
 1906 0276 00       		.ascii	"\000"
 1907 0277 00       		.ascii	"\000"
 1908 0278 00000000 		.ascii	"\000\000\000\000\000\000\000\000"
 1908      00000000 
 1909 0280 3C010000 		.ascii	"<\001\000\000"
 1910 0284 4379446D 		.ascii	"CyDmaTdGetConfiguration\000"
 1910      61546447 
 1910      6574436F 
 1910      6E666967 
 1910      75726174 
 1911 029c 00       		.ascii	"\000"
 1912 029d 00       		.ascii	"\000"
 1913 029e 00       		.ascii	"\000"
 1914 029f 00000000 		.ascii	"\000\000\000\000\000\000\000\000"
 1914      00000000 
 1915 02a7 43010000 		.ascii	"C\001\000\000"
 1916 02ab 4379446D 		.ascii	"CyDmaTdSetAddress\000"
 1916      61546453 
 1916      65744164 
 1916      64726573 
 1916      7300
 1917 02bd 00       		.ascii	"\000"
 1918 02be 00       		.ascii	"\000"
ARM GAS  C:\Users\elias\AppData\Local\Temp\cciYT9qe.s 			page 146


 1919 02bf 00       		.ascii	"\000"
 1920 02c0 00000000 		.ascii	"\000\000\000\000\000\000\000\000"
 1920      00000000 
 1921 02c8 45010000 		.ascii	"E\001\000\000"
 1922 02cc 4379446D 		.ascii	"CyDmaTdGetAddress\000"
 1922      61546447 
 1922      65744164 
 1922      64726573 
 1922      7300
 1923 02de 00       		.ascii	"\000"
 1924 02df 00       		.ascii	"\000"
 1925 02e0 00       		.ascii	"\000"
 1926 02e1 00000000 		.ascii	"\000\000\000\000\000\000\000\000"
 1926      00000000 
 1927 02e9 4B010000 		.ascii	"K\001\000\000"
 1928 02ed 4379446D 		.ascii	"CyDmaChRoundRobin\000"
 1928      61436852 
 1928      6F756E64 
 1928      526F6269 
 1928      6E00
 1929 02ff 00       		.ascii	"\000"
 1930 0300 00       		.ascii	"\000"
 1931 0301 00       		.ascii	"\000"
 1932 0302 00000000 		.ascii	"\000\000\000\000\000\000\000\000"
 1932      00000000 
 1933 030a 4D010000 		.ascii	"M\001\000\000"
 1934 030e 4379456E 		.ascii	"CyEnterCriticalSection\000"
 1934      74657243 
 1934      72697469 
 1934      63616C53 
 1934      65637469 
 1935 0325 00       		.ascii	"\000"
 1936 0326 02       		.ascii	"\002"
 1937 0327 00       		.ascii	"\000"
 1938 0328 00000000 		.ascii	"\000\000\000\000\000\000\000\000"
 1938      00000000 
 1939 0330 4F010000 		.ascii	"O\001\000\000"
 1940 0334 43794578 		.ascii	"CyExitCriticalSection\000"
 1940      69744372 
 1940      69746963 
 1940      616C5365 
 1940      6374696F 
 1941 034a 00       		.ascii	"\000"
 1942 034b 02       		.ascii	"\002"
 1943 034c 00       		.ascii	"\000"
 1944 034d 00000000 		.ascii	"\000\000\000\000\000\000\000\000"
 1944      00000000 
 1945 0355 51010000 		.ascii	"Q\001\000\000"
 1946              		.text
 1947              		.section	.gnu.lto_.opts,"",%progbits
 1948 0000 272D666D 		.ascii	"'-fmath-errno' '-fsigned-zeros' '-ftrapping-math' '"
 1948      6174682D 
 1948      6572726E 
 1948      6F272027 
 1948      2D667369 
 1949 0033 2D666E6F 		.ascii	"-fno-trapv' '-fno-openmp' '-fno-openacc' '-mcpu=cor"
 1949      2D747261 
ARM GAS  C:\Users\elias\AppData\Local\Temp\cciYT9qe.s 			page 147


 1949      70762720 
 1949      272D666E 
 1949      6F2D6F70 
 1950 0066 7465782D 		.ascii	"tex-m3' '-mthumb' '-g' '-O3' '-ffunction-sections' "
 1950      6D332720 
 1950      272D6D74 
 1950      68756D62 
 1950      2720272D 
 1951 0099 272D6666 		.ascii	"'-ffat-lto-objects' '-finline-functions' '-flto'\000"
 1951      61742D6C 
 1951      746F2D6F 
 1951      626A6563 
 1951      74732720 
 1952              		.text
 1953              		.cfi_sections	.debug_frame
 1954              		.section	.text.CyDmacConfigure,"ax",%progbits
 1955              		.align	2
 1956              		.global	CyDmacConfigure
 1957              		.thumb
 1958              		.thumb_func
 1959              		.type	CyDmacConfigure, %function
 1960              	CyDmacConfigure:
 1961              	.LFB0:
 1962              		.file 1 "Generated_Source\\PSoC5\\CyDmac.c"
   1:Generated_Source\PSoC5/CyDmac.c **** /***************************************************************************//**
   2:Generated_Source\PSoC5/CyDmac.c **** * \file CyDmac.c
   3:Generated_Source\PSoC5/CyDmac.c **** * \version 6.10
   4:Generated_Source\PSoC5/CyDmac.c **** *
   5:Generated_Source\PSoC5/CyDmac.c **** * \brief
   6:Generated_Source\PSoC5/CyDmac.c **** * Provides an API for the DMAC component. The API includes functions for the
   7:Generated_Source\PSoC5/CyDmac.c **** * DMA controller, DMA channels and Transfer Descriptors. This API is the library
   8:Generated_Source\PSoC5/CyDmac.c **** * version not the auto generated code that gets generated when the user places a
   9:Generated_Source\PSoC5/CyDmac.c **** * DMA component on the schematic.
  10:Generated_Source\PSoC5/CyDmac.c **** *
  11:Generated_Source\PSoC5/CyDmac.c **** * The auto generated code would use the APi's in this module.
  12:Generated_Source\PSoC5/CyDmac.c **** *
  13:Generated_Source\PSoC5/CyDmac.c **** * \note This code is endian agnostic.
  14:Generated_Source\PSoC5/CyDmac.c **** *
  15:Generated_Source\PSoC5/CyDmac.c **** * \note The Transfer Descriptor memory can be used as regular memory if the
  16:Generated_Source\PSoC5/CyDmac.c **** * TD's are not being used.
  17:Generated_Source\PSoC5/CyDmac.c **** *
  18:Generated_Source\PSoC5/CyDmac.c **** * \note This code uses the first byte of each TD to manage the free list of
  19:Generated_Source\PSoC5/CyDmac.c **** * TD's. The user can overwrite this once the TD is allocated.
  20:Generated_Source\PSoC5/CyDmac.c **** *
  21:Generated_Source\PSoC5/CyDmac.c **** ********************************************************************************
  22:Generated_Source\PSoC5/CyDmac.c **** * \copyright
  23:Generated_Source\PSoC5/CyDmac.c **** * Copyright 2008-2021, Cypress Semiconductor Corporation.  All rights reserved.
  24:Generated_Source\PSoC5/CyDmac.c **** * You may use this file only in accordance with the license, terms, conditions,
  25:Generated_Source\PSoC5/CyDmac.c **** * disclaimers, and limitations in the end user license agreement accompanying
  26:Generated_Source\PSoC5/CyDmac.c **** * the software package with which this file was provided.
  27:Generated_Source\PSoC5/CyDmac.c **** *******************************************************************************/
  28:Generated_Source\PSoC5/CyDmac.c **** 
  29:Generated_Source\PSoC5/CyDmac.c **** #include "CyDmac.h"
  30:Generated_Source\PSoC5/CyDmac.c **** 
  31:Generated_Source\PSoC5/CyDmac.c **** 
  32:Generated_Source\PSoC5/CyDmac.c **** /*******************************************************************************
  33:Generated_Source\PSoC5/CyDmac.c **** * The following variables are initialized from CyDmacConfigure() function that
ARM GAS  C:\Users\elias\AppData\Local\Temp\cciYT9qe.s 			page 148


  34:Generated_Source\PSoC5/CyDmac.c **** * is executed from initialize_psoc() at the early initialization stage.
  35:Generated_Source\PSoC5/CyDmac.c **** * In case of IAR EW IDE, initialize_psoc() is executed before the data sections
  36:Generated_Source\PSoC5/CyDmac.c **** * are initialized. To avoid zeroing, these variables should be initialized
  37:Generated_Source\PSoC5/CyDmac.c **** * properly during segments initialization as well.
  38:Generated_Source\PSoC5/CyDmac.c **** *******************************************************************************/
  39:Generated_Source\PSoC5/CyDmac.c **** static uint8  CyDmaTdCurrentNumber = CY_DMA_NUMBEROF_TDS;           /* Current Number of free eleme
  40:Generated_Source\PSoC5/CyDmac.c **** static uint8  CyDmaTdFreeIndex = (uint8)(CY_DMA_NUMBEROF_TDS - 1u); /* Index of first available TD 
  41:Generated_Source\PSoC5/CyDmac.c **** static uint32 CyDmaChannels = DMA_CHANNELS_USED__MASK0;              /* Bit map of DMA channel owne
  42:Generated_Source\PSoC5/CyDmac.c **** 
  43:Generated_Source\PSoC5/CyDmac.c **** 
  44:Generated_Source\PSoC5/CyDmac.c **** /*******************************************************************************
  45:Generated_Source\PSoC5/CyDmac.c **** * Function Name: CyDmacConfigure
  46:Generated_Source\PSoC5/CyDmac.c **** ****************************************************************************//**
  47:Generated_Source\PSoC5/CyDmac.c **** *
  48:Generated_Source\PSoC5/CyDmac.c **** * Creates a linked list of all the TDs to be allocated. This function is called
  49:Generated_Source\PSoC5/CyDmac.c **** * by the startup code; you do not normally need to call it. You can call this
  50:Generated_Source\PSoC5/CyDmac.c **** * function if all of the DMA channels are inactive.
  51:Generated_Source\PSoC5/CyDmac.c **** *
  52:Generated_Source\PSoC5/CyDmac.c **** *******************************************************************************/
  53:Generated_Source\PSoC5/CyDmac.c **** void CyDmacConfigure(void) 
  54:Generated_Source\PSoC5/CyDmac.c **** {
 1963              		.loc 1 54 0
 1964              		.cfi_startproc
 1965              		@ args = 0, pretend = 0, frame = 0
 1966              		@ frame_needed = 0, uses_anonymous_args = 0
 1967              		@ link register save eliminated.
  55:Generated_Source\PSoC5/CyDmac.c ****     uint8 dmaIndex;
  56:Generated_Source\PSoC5/CyDmac.c **** 
  57:Generated_Source\PSoC5/CyDmac.c ****     /* Set TD list variables. */
  58:Generated_Source\PSoC5/CyDmac.c ****     CyDmaTdFreeIndex     = (uint8)(CY_DMA_NUMBEROF_TDS - 1u);
 1968              		.loc 1 58 0
 1969 0000 7F20     		movs	r0, #127
  59:Generated_Source\PSoC5/CyDmac.c ****     CyDmaTdCurrentNumber = CY_DMA_NUMBEROF_TDS;
  60:Generated_Source\PSoC5/CyDmac.c **** 
  61:Generated_Source\PSoC5/CyDmac.c ****     /* Make TD free list. */
  62:Generated_Source\PSoC5/CyDmac.c ****     for(dmaIndex = (uint8)(CY_DMA_NUMBEROF_TDS - 1u); dmaIndex != 0u; dmaIndex--)
 1970              		.loc 1 62 0
 1971 0002 0346     		mov	r3, r0
  58:Generated_Source\PSoC5/CyDmac.c ****     CyDmaTdCurrentNumber = CY_DMA_NUMBEROF_TDS;
 1972              		.loc 1 58 0
 1973 0004 0749     		ldr	r1, .L6
  54:Generated_Source\PSoC5/CyDmac.c ****     uint8 dmaIndex;
 1974              		.loc 1 54 0
 1975 0006 10B4     		push	{r4}
 1976              		.cfi_def_cfa_offset 4
 1977              		.cfi_offset 4, -4
  59:Generated_Source\PSoC5/CyDmac.c ****     CyDmaTdCurrentNumber = CY_DMA_NUMBEROF_TDS;
 1978              		.loc 1 59 0
 1979 0008 074A     		ldr	r2, .L6+4
 1980 000a 8024     		movs	r4, #128
  58:Generated_Source\PSoC5/CyDmac.c ****     CyDmaTdCurrentNumber = CY_DMA_NUMBEROF_TDS;
 1981              		.loc 1 58 0
 1982 000c 0870     		strb	r0, [r1]
  59:Generated_Source\PSoC5/CyDmac.c ****     CyDmaTdCurrentNumber = CY_DMA_NUMBEROF_TDS;
 1983              		.loc 1 59 0
 1984 000e 4C70     		strb	r4, [r1, #1]
 1985              	.LVL0:
ARM GAS  C:\Users\elias\AppData\Local\Temp\cciYT9qe.s 			page 149


 1986              	.L2:
  63:Generated_Source\PSoC5/CyDmac.c ****     {
  64:Generated_Source\PSoC5/CyDmac.c ****         CY_DMA_TDMEM_STRUCT_PTR[dmaIndex].TD0[0u] = (uint8)(dmaIndex - 1u);
 1987              		.loc 1 64 0 discriminator 3
 1988 0010 013B     		subs	r3, r3, #1
 1989              	.LVL1:
 1990 0012 DBB2     		uxtb	r3, r3
 1991 0014 02F80839 		strb	r3, [r2], #-8
 1992              	.LVL2:
  62:Generated_Source\PSoC5/CyDmac.c ****     {
 1993              		.loc 1 62 0 discriminator 3
 1994 0018 002B     		cmp	r3, #0
 1995 001a F9D1     		bne	.L2
  65:Generated_Source\PSoC5/CyDmac.c ****     }
  66:Generated_Source\PSoC5/CyDmac.c **** 
  67:Generated_Source\PSoC5/CyDmac.c ****     /* Make last one point to zero. */
  68:Generated_Source\PSoC5/CyDmac.c ****     CY_DMA_TDMEM_STRUCT_PTR[dmaIndex].TD0[0u] = 0u;
 1996              		.loc 1 68 0
 1997 001c 034A     		ldr	r2, .L6+8
 1998 001e 1370     		strb	r3, [r2]
  69:Generated_Source\PSoC5/CyDmac.c **** }
 1999              		.loc 1 69 0
 2000 0020 10BC     		pop	{r4}
 2001              		.cfi_restore 4
 2002              		.cfi_def_cfa_offset 0
 2003 0022 7047     		bx	lr
 2004              	.L7:
 2005              		.align	2
 2006              	.L6:
 2007 0024 00000000 		.word	.LANCHOR0
 2008 0028 F87B0040 		.word	1073773560
 2009 002c 00780040 		.word	1073772544
 2010              		.cfi_endproc
 2011              	.LFE0:
 2012              		.size	CyDmacConfigure, .-CyDmacConfigure
 2013              		.section	.text.CyDmacError,"ax",%progbits
 2014              		.align	2
 2015              		.global	CyDmacError
 2016              		.thumb
 2017              		.thumb_func
 2018              		.type	CyDmacError, %function
 2019              	CyDmacError:
 2020              	.LFB1:
  70:Generated_Source\PSoC5/CyDmac.c **** 
  71:Generated_Source\PSoC5/CyDmac.c **** 
  72:Generated_Source\PSoC5/CyDmac.c **** /*******************************************************************************
  73:Generated_Source\PSoC5/CyDmac.c **** * Function Name: CyDmacError
  74:Generated_Source\PSoC5/CyDmac.c **** ****************************************************************************//**
  75:Generated_Source\PSoC5/CyDmac.c **** *
  76:Generated_Source\PSoC5/CyDmac.c **** *  Returns errors of the last failed DMA transaction.
  77:Generated_Source\PSoC5/CyDmac.c **** *
  78:Generated_Source\PSoC5/CyDmac.c **** * \return Errors of the last failed DMA transaction.
  79:Generated_Source\PSoC5/CyDmac.c **** *
  80:Generated_Source\PSoC5/CyDmac.c **** *  DMAC_PERIPH_ERR:
  81:Generated_Source\PSoC5/CyDmac.c **** *   Set to 1 when a peripheral responds to a bus transaction with an error
  82:Generated_Source\PSoC5/CyDmac.c **** *   response.
  83:Generated_Source\PSoC5/CyDmac.c **** *
ARM GAS  C:\Users\elias\AppData\Local\Temp\cciYT9qe.s 			page 150


  84:Generated_Source\PSoC5/CyDmac.c **** *  DMAC_UNPOP_ACC:
  85:Generated_Source\PSoC5/CyDmac.c **** *   Set to 1 when an access is attempted to an invalid address.
  86:Generated_Source\PSoC5/CyDmac.c **** *
  87:Generated_Source\PSoC5/CyDmac.c **** *  DMAC_BUS_TIMEOUT:
  88:Generated_Source\PSoC5/CyDmac.c **** *   Set to 1 when a bus timeout occurs. Cleared by writing a 1. Timeout values
  89:Generated_Source\PSoC5/CyDmac.c **** *   are determined by the BUS_TIMEOUT field in the PHUBCFG register.
  90:Generated_Source\PSoC5/CyDmac.c **** *
  91:Generated_Source\PSoC5/CyDmac.c **** * Theory:
  92:Generated_Source\PSoC5/CyDmac.c **** *  Once an error occurs the error bits are sticky and are only cleared by
  93:Generated_Source\PSoC5/CyDmac.c **** *  writing 1 to the error register.
  94:Generated_Source\PSoC5/CyDmac.c **** *
  95:Generated_Source\PSoC5/CyDmac.c **** *******************************************************************************/
  96:Generated_Source\PSoC5/CyDmac.c **** uint8 CyDmacError(void) 
  97:Generated_Source\PSoC5/CyDmac.c **** {
 2021              		.loc 1 97 0
 2022              		.cfi_startproc
 2023              		@ args = 0, pretend = 0, frame = 0
 2024              		@ frame_needed = 0, uses_anonymous_args = 0
 2025              		@ link register save eliminated.
  98:Generated_Source\PSoC5/CyDmac.c ****     return((uint8)(((uint32) 0x0Eu) & *CY_DMA_ERR_PTR));
 2026              		.loc 1 98 0
 2027 0000 024B     		ldr	r3, .L9
 2028 0002 1868     		ldr	r0, [r3]
  99:Generated_Source\PSoC5/CyDmac.c **** }
 2029              		.loc 1 99 0
 2030 0004 00F00E00 		and	r0, r0, #14
 2031 0008 7047     		bx	lr
 2032              	.L10:
 2033 000a 00BF     		.align	2
 2034              	.L9:
 2035 000c 04700040 		.word	1073770500
 2036              		.cfi_endproc
 2037              	.LFE1:
 2038              		.size	CyDmacError, .-CyDmacError
 2039              		.section	.text.CyDmacClearError,"ax",%progbits
 2040              		.align	2
 2041              		.global	CyDmacClearError
 2042              		.thumb
 2043              		.thumb_func
 2044              		.type	CyDmacClearError, %function
 2045              	CyDmacClearError:
 2046              	.LFB2:
 100:Generated_Source\PSoC5/CyDmac.c **** 
 101:Generated_Source\PSoC5/CyDmac.c **** 
 102:Generated_Source\PSoC5/CyDmac.c **** /*******************************************************************************
 103:Generated_Source\PSoC5/CyDmac.c **** * Function Name: CyDmacClearError
 104:Generated_Source\PSoC5/CyDmac.c **** ****************************************************************************//**
 105:Generated_Source\PSoC5/CyDmac.c **** *
 106:Generated_Source\PSoC5/CyDmac.c **** *  Clears the error bits in the error register of the DMAC.
 107:Generated_Source\PSoC5/CyDmac.c **** *
 108:Generated_Source\PSoC5/CyDmac.c **** * \param error:
 109:Generated_Source\PSoC5/CyDmac.c **** *   Clears the error bits in the DMAC error register.
 110:Generated_Source\PSoC5/CyDmac.c **** *
 111:Generated_Source\PSoC5/CyDmac.c **** *  \param DMAC_PERIPH_ERR:
 112:Generated_Source\PSoC5/CyDmac.c **** *   Set to 1 when a peripheral responds to a bus transaction with an error
 113:Generated_Source\PSoC5/CyDmac.c **** *   response.
 114:Generated_Source\PSoC5/CyDmac.c **** *
ARM GAS  C:\Users\elias\AppData\Local\Temp\cciYT9qe.s 			page 151


 115:Generated_Source\PSoC5/CyDmac.c **** *  \param DMAC_UNPOP_ACC:
 116:Generated_Source\PSoC5/CyDmac.c **** *   Set to 1 when an access is attempted to an invalid address.
 117:Generated_Source\PSoC5/CyDmac.c **** *
 118:Generated_Source\PSoC5/CyDmac.c **** *  \param DMAC_BUS_TIMEOUT:
 119:Generated_Source\PSoC5/CyDmac.c **** *   Set to 1 when a bus timeout occurs. Cleared by writing 1. Timeout values
 120:Generated_Source\PSoC5/CyDmac.c **** *   are determined by the BUS_TIMEOUT field in the PHUBCFG register.
 121:Generated_Source\PSoC5/CyDmac.c **** *
 122:Generated_Source\PSoC5/CyDmac.c **** * Theory:
 123:Generated_Source\PSoC5/CyDmac.c **** *  Once an error occurs the error bits are sticky and are only cleared by
 124:Generated_Source\PSoC5/CyDmac.c **** *  writing 1 to the error register.
 125:Generated_Source\PSoC5/CyDmac.c **** *
 126:Generated_Source\PSoC5/CyDmac.c **** *******************************************************************************/
 127:Generated_Source\PSoC5/CyDmac.c **** void CyDmacClearError(uint8 error) 
 128:Generated_Source\PSoC5/CyDmac.c **** {
 2047              		.loc 1 128 0
 2048              		.cfi_startproc
 2049              		@ args = 0, pretend = 0, frame = 0
 2050              		@ frame_needed = 0, uses_anonymous_args = 0
 2051              		@ link register save eliminated.
 2052              	.LVL3:
 129:Generated_Source\PSoC5/CyDmac.c ****     *CY_DMA_ERR_PTR = (((uint32)0x0Fu) & ((uint32)error));
 2053              		.loc 1 129 0
 2054 0000 024B     		ldr	r3, .L12
 2055 0002 00F00F00 		and	r0, r0, #15
 2056              	.LVL4:
 2057 0006 1860     		str	r0, [r3]
 2058 0008 7047     		bx	lr
 2059              	.L13:
 2060 000a 00BF     		.align	2
 2061              	.L12:
 2062 000c 04700040 		.word	1073770500
 2063              		.cfi_endproc
 2064              	.LFE2:
 2065              		.size	CyDmacClearError, .-CyDmacClearError
 2066              		.section	.text.CyDmacErrorAddress,"ax",%progbits
 2067              		.align	2
 2068              		.global	CyDmacErrorAddress
 2069              		.thumb
 2070              		.thumb_func
 2071              		.type	CyDmacErrorAddress, %function
 2072              	CyDmacErrorAddress:
 2073              	.LFB3:
 130:Generated_Source\PSoC5/CyDmac.c **** }
 131:Generated_Source\PSoC5/CyDmac.c **** 
 132:Generated_Source\PSoC5/CyDmac.c **** 
 133:Generated_Source\PSoC5/CyDmac.c **** /*******************************************************************************
 134:Generated_Source\PSoC5/CyDmac.c **** * Function Name: CyDmacErrorAddress
 135:Generated_Source\PSoC5/CyDmac.c **** ****************************************************************************//**
 136:Generated_Source\PSoC5/CyDmac.c **** *
 137:Generated_Source\PSoC5/CyDmac.c **** *  When DMAC_BUS_TIMEOUT, DMAC_UNPOP_ACC, and DMAC_PERIPH_ERR occur the
 138:Generated_Source\PSoC5/CyDmac.c **** *  address of the error is written to the error address register and can be read
 139:Generated_Source\PSoC5/CyDmac.c **** *  with this function.
 140:Generated_Source\PSoC5/CyDmac.c **** *
 141:Generated_Source\PSoC5/CyDmac.c **** *  If there are multiple errors, only the address of the first is saved.
 142:Generated_Source\PSoC5/CyDmac.c **** *
 143:Generated_Source\PSoC5/CyDmac.c **** * \return The address that caused the error.
 144:Generated_Source\PSoC5/CyDmac.c **** *
ARM GAS  C:\Users\elias\AppData\Local\Temp\cciYT9qe.s 			page 152


 145:Generated_Source\PSoC5/CyDmac.c **** *******************************************************************************/
 146:Generated_Source\PSoC5/CyDmac.c **** uint32 CyDmacErrorAddress(void) 
 147:Generated_Source\PSoC5/CyDmac.c **** {
 2074              		.loc 1 147 0
 2075              		.cfi_startproc
 2076              		@ args = 0, pretend = 0, frame = 0
 2077              		@ frame_needed = 0, uses_anonymous_args = 0
 2078              		@ link register save eliminated.
 148:Generated_Source\PSoC5/CyDmac.c ****     return(CY_GET_REG32(CY_DMA_ERR_ADR_PTR));
 2079              		.loc 1 148 0
 2080 0000 014B     		ldr	r3, .L15
 2081 0002 1868     		ldr	r0, [r3]
 149:Generated_Source\PSoC5/CyDmac.c **** }
 2082              		.loc 1 149 0
 2083 0004 7047     		bx	lr
 2084              	.L16:
 2085 0006 00BF     		.align	2
 2086              	.L15:
 2087 0008 08700040 		.word	1073770504
 2088              		.cfi_endproc
 2089              	.LFE3:
 2090              		.size	CyDmacErrorAddress, .-CyDmacErrorAddress
 2091              		.section	.text.CyDmaChAlloc,"ax",%progbits
 2092              		.align	2
 2093              		.global	CyDmaChAlloc
 2094              		.thumb
 2095              		.thumb_func
 2096              		.type	CyDmaChAlloc, %function
 2097              	CyDmaChAlloc:
 2098              	.LFB4:
 150:Generated_Source\PSoC5/CyDmac.c **** 
 151:Generated_Source\PSoC5/CyDmac.c **** 
 152:Generated_Source\PSoC5/CyDmac.c **** /*******************************************************************************
 153:Generated_Source\PSoC5/CyDmac.c **** * Function Name: CyDmaChAlloc
 154:Generated_Source\PSoC5/CyDmac.c **** ****************************************************************************//**
 155:Generated_Source\PSoC5/CyDmac.c **** *
 156:Generated_Source\PSoC5/CyDmac.c **** *  Allocates a channel from the DMAC to be used in all functions that require a
 157:Generated_Source\PSoC5/CyDmac.c **** *  channel handle.
 158:Generated_Source\PSoC5/CyDmac.c **** *
 159:Generated_Source\PSoC5/CyDmac.c **** * \return The allocated channel number. Zero is a valid channel number.
 160:Generated_Source\PSoC5/CyDmac.c **** *  DMA_INVALID_CHANNEL is returned if there are no channels available.
 161:Generated_Source\PSoC5/CyDmac.c **** *
 162:Generated_Source\PSoC5/CyDmac.c **** *******************************************************************************/
 163:Generated_Source\PSoC5/CyDmac.c **** uint8 CyDmaChAlloc(void) 
 164:Generated_Source\PSoC5/CyDmac.c **** {
 2099              		.loc 1 164 0
 2100              		.cfi_startproc
 2101              		@ args = 0, pretend = 0, frame = 0
 2102              		@ frame_needed = 0, uses_anonymous_args = 0
 2103              	.LVL5:
 2104 0000 38B5     		push	{r3, r4, r5, lr}
 2105              		.cfi_def_cfa_offset 16
 2106              		.cfi_offset 3, -16
 2107              		.cfi_offset 4, -12
 2108              		.cfi_offset 5, -8
 2109              		.cfi_offset 14, -4
 2110 0002 0D4D     		ldr	r5, .L24
ARM GAS  C:\Users\elias\AppData\Local\Temp\cciYT9qe.s 			page 153


 165:Generated_Source\PSoC5/CyDmac.c ****     uint8 interruptState;
 166:Generated_Source\PSoC5/CyDmac.c ****     uint8 dmaIndex;
 167:Generated_Source\PSoC5/CyDmac.c ****     uint32 channel = 1u;
 168:Generated_Source\PSoC5/CyDmac.c **** 
 169:Generated_Source\PSoC5/CyDmac.c **** 
 170:Generated_Source\PSoC5/CyDmac.c ****     /* Enter critical section! */
 171:Generated_Source\PSoC5/CyDmac.c ****     interruptState = CyEnterCriticalSection();
 2111              		.loc 1 171 0
 2112 0004 FFF7FEFF 		bl	CyEnterCriticalSection
 2113              	.LVL6:
 2114 0008 0023     		movs	r3, #0
 2115 000a 2968     		ldr	r1, [r5]
 167:Generated_Source\PSoC5/CyDmac.c **** 
 2116              		.loc 1 167 0
 2117 000c 0122     		movs	r2, #1
 2118 000e 03E0     		b	.L20
 2119              	.LVL7:
 2120              	.L18:
 172:Generated_Source\PSoC5/CyDmac.c **** 
 173:Generated_Source\PSoC5/CyDmac.c ****     /* Look for free channel. */
 174:Generated_Source\PSoC5/CyDmac.c ****     for(dmaIndex = 0u; dmaIndex < CY_DMA_NUMBEROF_CHANNELS; dmaIndex++)
 2121              		.loc 1 174 0 discriminator 2
 2122 0010 182B     		cmp	r3, #24
 175:Generated_Source\PSoC5/CyDmac.c ****     {
 176:Generated_Source\PSoC5/CyDmac.c ****         if(0uL == (CyDmaChannels & channel))
 177:Generated_Source\PSoC5/CyDmac.c ****         {
 178:Generated_Source\PSoC5/CyDmac.c ****             /* Mark channel as used. */
 179:Generated_Source\PSoC5/CyDmac.c ****             CyDmaChannels |= channel;
 180:Generated_Source\PSoC5/CyDmac.c ****             break;
 181:Generated_Source\PSoC5/CyDmac.c ****         }
 182:Generated_Source\PSoC5/CyDmac.c **** 
 183:Generated_Source\PSoC5/CyDmac.c ****         channel <<= 1u;
 2123              		.loc 1 183 0 discriminator 2
 2124 0012 4FEA4202 		lsl	r2, r2, #1
 2125              	.LVL8:
 174:Generated_Source\PSoC5/CyDmac.c ****     {
 2126              		.loc 1 174 0 discriminator 2
 2127 0016 0AD0     		beq	.L23
 2128              	.LVL9:
 2129              	.L20:
 176:Generated_Source\PSoC5/CyDmac.c ****         {
 2130              		.loc 1 176 0
 2131 0018 1142     		tst	r1, r2
 2132 001a DCB2     		uxtb	r4, r3
 2133              	.LVL10:
 2134 001c 03F10103 		add	r3, r3, #1
 2135 0020 F6D1     		bne	.L18
 179:Generated_Source\PSoC5/CyDmac.c ****             break;
 2136              		.loc 1 179 0
 2137 0022 0A43     		orrs	r2, r2, r1
 2138              	.LVL11:
 2139 0024 2A60     		str	r2, [r5]
 184:Generated_Source\PSoC5/CyDmac.c ****     }
 185:Generated_Source\PSoC5/CyDmac.c **** 
 186:Generated_Source\PSoC5/CyDmac.c ****     if(dmaIndex >= CY_DMA_NUMBEROF_CHANNELS)
 187:Generated_Source\PSoC5/CyDmac.c ****     {
 188:Generated_Source\PSoC5/CyDmac.c ****         dmaIndex = CY_DMA_INVALID_CHANNEL;
ARM GAS  C:\Users\elias\AppData\Local\Temp\cciYT9qe.s 			page 154


 189:Generated_Source\PSoC5/CyDmac.c ****     }
 190:Generated_Source\PSoC5/CyDmac.c **** 
 191:Generated_Source\PSoC5/CyDmac.c ****     /* Exit critical section! */
 192:Generated_Source\PSoC5/CyDmac.c ****     CyExitCriticalSection(interruptState);
 2140              		.loc 1 192 0
 2141 0026 FFF7FEFF 		bl	CyExitCriticalSection
 2142              	.LVL12:
 193:Generated_Source\PSoC5/CyDmac.c **** 
 194:Generated_Source\PSoC5/CyDmac.c ****     return(dmaIndex);
 195:Generated_Source\PSoC5/CyDmac.c **** }
 2143              		.loc 1 195 0
 2144 002a 2046     		mov	r0, r4
 2145 002c 38BD     		pop	{r3, r4, r5, pc}
 2146              	.LVL13:
 2147              	.L23:
 188:Generated_Source\PSoC5/CyDmac.c ****     }
 2148              		.loc 1 188 0
 2149 002e FF24     		movs	r4, #255
 2150              	.LVL14:
 192:Generated_Source\PSoC5/CyDmac.c **** 
 2151              		.loc 1 192 0
 2152 0030 FFF7FEFF 		bl	CyExitCriticalSection
 2153              	.LVL15:
 2154              		.loc 1 195 0
 2155 0034 2046     		mov	r0, r4
 2156 0036 38BD     		pop	{r3, r4, r5, pc}
 2157              	.LVL16:
 2158              	.L25:
 2159              		.align	2
 2160              	.L24:
 2161 0038 00000000 		.word	.LANCHOR1
 2162              		.cfi_endproc
 2163              	.LFE4:
 2164              		.size	CyDmaChAlloc, .-CyDmaChAlloc
 2165              		.section	.text.CyDmaChFree,"ax",%progbits
 2166              		.align	2
 2167              		.global	CyDmaChFree
 2168              		.thumb
 2169              		.thumb_func
 2170              		.type	CyDmaChFree, %function
 2171              	CyDmaChFree:
 2172              	.LFB5:
 196:Generated_Source\PSoC5/CyDmac.c **** 
 197:Generated_Source\PSoC5/CyDmac.c **** 
 198:Generated_Source\PSoC5/CyDmac.c **** /*******************************************************************************
 199:Generated_Source\PSoC5/CyDmac.c **** * Function Name: CyDmaChFree
 200:Generated_Source\PSoC5/CyDmac.c **** ****************************************************************************//**
 201:Generated_Source\PSoC5/CyDmac.c **** *
 202:Generated_Source\PSoC5/CyDmac.c **** * Frees a channel allocated by \ref DmaChAlloc().
 203:Generated_Source\PSoC5/CyDmac.c **** *
 204:Generated_Source\PSoC5/CyDmac.c **** * \param chHandle The handle previously returned by \ref CyDmaChAlloc() or \ref
 205:Generated_Source\PSoC5/CyDmac.c **** * DMA_DmaInitalize().
 206:Generated_Source\PSoC5/CyDmac.c **** *
 207:Generated_Source\PSoC5/CyDmac.c **** * \return CYRET_SUCCESS if successful.
 208:Generated_Source\PSoC5/CyDmac.c **** * \return CYRET_BAD_PARAM if chHandle is invalid.
 209:Generated_Source\PSoC5/CyDmac.c **** *
 210:Generated_Source\PSoC5/CyDmac.c **** *******************************************************************************/
ARM GAS  C:\Users\elias\AppData\Local\Temp\cciYT9qe.s 			page 155


 211:Generated_Source\PSoC5/CyDmac.c **** cystatus CyDmaChFree(uint8 chHandle) 
 212:Generated_Source\PSoC5/CyDmac.c **** {
 2173              		.loc 1 212 0
 2174              		.cfi_startproc
 2175              		@ args = 0, pretend = 0, frame = 0
 2176              		@ frame_needed = 0, uses_anonymous_args = 0
 2177              	.LVL17:
 213:Generated_Source\PSoC5/CyDmac.c ****     cystatus status = CYRET_BAD_PARAM;
 214:Generated_Source\PSoC5/CyDmac.c ****     uint8 interruptState;
 215:Generated_Source\PSoC5/CyDmac.c **** 
 216:Generated_Source\PSoC5/CyDmac.c ****     if(chHandle < CY_DMA_NUMBEROF_CHANNELS)
 2178              		.loc 1 216 0
 2179 0000 1728     		cmp	r0, #23
 2180 0002 01D9     		bls	.L31
 213:Generated_Source\PSoC5/CyDmac.c ****     cystatus status = CYRET_BAD_PARAM;
 2181              		.loc 1 213 0
 2182 0004 0120     		movs	r0, #1
 2183              	.LVL18:
 2184 0006 7047     		bx	lr
 2185              	.LVL19:
 2186              	.L31:
 212:Generated_Source\PSoC5/CyDmac.c ****     cystatus status = CYRET_BAD_PARAM;
 2187              		.loc 1 212 0
 2188 0008 10B5     		push	{r4, lr}
 2189              		.cfi_def_cfa_offset 8
 2190              		.cfi_offset 4, -8
 2191              		.cfi_offset 14, -4
 2192 000a 0446     		mov	r4, r0
 2193              	.LVL20:
 2194              	.LBB5:
 2195              	.LBB6:
 217:Generated_Source\PSoC5/CyDmac.c ****     {
 218:Generated_Source\PSoC5/CyDmac.c ****         /* Enter critical section */
 219:Generated_Source\PSoC5/CyDmac.c ****         interruptState = CyEnterCriticalSection();
 2196              		.loc 1 219 0
 2197 000c FFF7FEFF 		bl	CyEnterCriticalSection
 2198              	.LVL21:
 220:Generated_Source\PSoC5/CyDmac.c **** 
 221:Generated_Source\PSoC5/CyDmac.c ****         /* Clear bit mask that keeps track of ownership. */
 222:Generated_Source\PSoC5/CyDmac.c ****         CyDmaChannels &= ~(((uint32) 1u) << chHandle);
 2199              		.loc 1 222 0
 2200 0010 0549     		ldr	r1, .L32
 2201 0012 0122     		movs	r2, #1
 2202 0014 0B68     		ldr	r3, [r1]
 2203 0016 02FA04F4 		lsl	r4, r2, r4
 2204              	.LVL22:
 2205 001a 23EA0403 		bic	r3, r3, r4
 2206 001e 0B60     		str	r3, [r1]
 223:Generated_Source\PSoC5/CyDmac.c **** 
 224:Generated_Source\PSoC5/CyDmac.c ****         /* Exit critical section */
 225:Generated_Source\PSoC5/CyDmac.c ****         CyExitCriticalSection(interruptState);
 2207              		.loc 1 225 0
 2208 0020 FFF7FEFF 		bl	CyExitCriticalSection
 2209              	.LVL23:
 2210 0024 0020     		movs	r0, #0
 2211 0026 10BD     		pop	{r4, pc}
 2212              	.L33:
ARM GAS  C:\Users\elias\AppData\Local\Temp\cciYT9qe.s 			page 156


 2213              		.align	2
 2214              	.L32:
 2215 0028 00000000 		.word	.LANCHOR1
 2216              	.LBE6:
 2217              	.LBE5:
 2218              		.cfi_endproc
 2219              	.LFE5:
 2220              		.size	CyDmaChFree, .-CyDmaChFree
 2221              		.section	.text.CyDmaChEnable,"ax",%progbits
 2222              		.align	2
 2223              		.global	CyDmaChEnable
 2224              		.thumb
 2225              		.thumb_func
 2226              		.type	CyDmaChEnable, %function
 2227              	CyDmaChEnable:
 2228              	.LFB6:
 226:Generated_Source\PSoC5/CyDmac.c ****         status = CYRET_SUCCESS;
 227:Generated_Source\PSoC5/CyDmac.c ****     }
 228:Generated_Source\PSoC5/CyDmac.c **** 
 229:Generated_Source\PSoC5/CyDmac.c ****     return(status);
 230:Generated_Source\PSoC5/CyDmac.c **** }
 231:Generated_Source\PSoC5/CyDmac.c **** 
 232:Generated_Source\PSoC5/CyDmac.c **** 
 233:Generated_Source\PSoC5/CyDmac.c **** /*******************************************************************************
 234:Generated_Source\PSoC5/CyDmac.c **** * Function Name: CyDmaChEnable
 235:Generated_Source\PSoC5/CyDmac.c **** ****************************************************************************//**
 236:Generated_Source\PSoC5/CyDmac.c **** *
 237:Generated_Source\PSoC5/CyDmac.c **** *  Enables the DMA channel. A software or hardware request still must happen
 238:Generated_Source\PSoC5/CyDmac.c **** *  before the channel is executed.
 239:Generated_Source\PSoC5/CyDmac.c **** *
 240:Generated_Source\PSoC5/CyDmac.c **** *  \param chHandle A handle previously returned by \ref CyDmaChAlloc() or \ref
 241:Generated_Source\PSoC5/CyDmac.c **** *  DMA_DmaInitalize().
 242:Generated_Source\PSoC5/CyDmac.c **** *
 243:Generated_Source\PSoC5/CyDmac.c **** *  \param preserveTds Preserves the original TD state when the TD has completed.
 244:Generated_Source\PSoC5/CyDmac.c **** *  This parameter applies to all TDs in the channel.
 245:Generated_Source\PSoC5/CyDmac.c **** *
 246:Generated_Source\PSoC5/CyDmac.c **** *   0 - When TD is completed, the DMAC leaves the TD configuration values in
 247:Generated_Source\PSoC5/CyDmac.c **** *   their current state, and does not restore them to their original state.
 248:Generated_Source\PSoC5/CyDmac.c **** *
 249:Generated_Source\PSoC5/CyDmac.c **** *   1 - When TD is completed, the DMAC restores the original configuration
 250:Generated_Source\PSoC5/CyDmac.c **** *   values of the TD.
 251:Generated_Source\PSoC5/CyDmac.c **** *
 252:Generated_Source\PSoC5/CyDmac.c **** *  When preserveTds is set, the TD slot that equals the channel number becomes
 253:Generated_Source\PSoC5/CyDmac.c **** *  RESERVED and that becomes where the working registers exist. So, for example,
 254:Generated_Source\PSoC5/CyDmac.c **** *  if you are using CH06 and preserveTds is set, you are not allowed to use TD
 255:Generated_Source\PSoC5/CyDmac.c **** *  slot 6. That is reclaimed by the DMA engine for its private use.
 256:Generated_Source\PSoC5/CyDmac.c **** *
 257:Generated_Source\PSoC5/CyDmac.c **** *  \note Do not chain back to a completed TD if the preserveTds for the channel
 258:Generated_Source\PSoC5/CyDmac.c **** *  is set to 0. When a TD has completed preserveTds for the channel set to 0,
 259:Generated_Source\PSoC5/CyDmac.c **** *  the transfer count will be at 0. If a TD with a transfer count of 0 is
 260:Generated_Source\PSoC5/CyDmac.c **** *  started, the TD will transfer an indefinite amount of data.
 261:Generated_Source\PSoC5/CyDmac.c **** *
 262:Generated_Source\PSoC5/CyDmac.c **** *  Take extra precautions when using the hardware request (DRQ) option when the
 263:Generated_Source\PSoC5/CyDmac.c **** *  preserveTds is set to 0, as you might be requesting the wrong data.
 264:Generated_Source\PSoC5/CyDmac.c **** *
 265:Generated_Source\PSoC5/CyDmac.c **** * \return CYRET_SUCCESS if successful.
 266:Generated_Source\PSoC5/CyDmac.c **** * \return CYRET_BAD_PARAM if chHandle is invalid.
ARM GAS  C:\Users\elias\AppData\Local\Temp\cciYT9qe.s 			page 157


 267:Generated_Source\PSoC5/CyDmac.c **** *
 268:Generated_Source\PSoC5/CyDmac.c **** *******************************************************************************/
 269:Generated_Source\PSoC5/CyDmac.c **** cystatus CyDmaChEnable(uint8 chHandle, uint8 preserveTds) 
 270:Generated_Source\PSoC5/CyDmac.c **** {
 2229              		.loc 1 270 0
 2230              		.cfi_startproc
 2231              		@ args = 0, pretend = 0, frame = 0
 2232              		@ frame_needed = 0, uses_anonymous_args = 0
 2233              		@ link register save eliminated.
 2234              	.LVL24:
 271:Generated_Source\PSoC5/CyDmac.c ****     cystatus status = CYRET_BAD_PARAM;
 272:Generated_Source\PSoC5/CyDmac.c **** 
 273:Generated_Source\PSoC5/CyDmac.c ****     if(chHandle < CY_DMA_NUMBEROF_CHANNELS)
 2235              		.loc 1 273 0
 2236 0000 1728     		cmp	r0, #23
 2237 0002 17D8     		bhi	.L38
 2238              	.LVL25:
 2239              	.LBB9:
 2240              	.LBB10:
 274:Generated_Source\PSoC5/CyDmac.c ****     {
 275:Generated_Source\PSoC5/CyDmac.c ****         if (0u != preserveTds)
 2241              		.loc 1 275 0
 2242 0004 69B9     		cbnz	r1, .L39
 276:Generated_Source\PSoC5/CyDmac.c ****         {
 277:Generated_Source\PSoC5/CyDmac.c ****             /* Store intermediate TD states separately in CHn_SEP_TD0/1 to
 278:Generated_Source\PSoC5/CyDmac.c ****             *  preserve original TD chain
 279:Generated_Source\PSoC5/CyDmac.c ****             */
 280:Generated_Source\PSoC5/CyDmac.c ****             CY_DMA_CH_STRUCT_PTR[chHandle].basic_cfg[0u] |= CY_DMA_CH_BASIC_CFG_WORK_SEP;
 281:Generated_Source\PSoC5/CyDmac.c ****         }
 282:Generated_Source\PSoC5/CyDmac.c ****         else
 283:Generated_Source\PSoC5/CyDmac.c ****         {
 284:Generated_Source\PSoC5/CyDmac.c ****             /* Store intermediate and final TD states on top of original TD chain */
 285:Generated_Source\PSoC5/CyDmac.c ****             CY_DMA_CH_STRUCT_PTR[chHandle].basic_cfg[0u] &= (uint8)(~CY_DMA_CH_BASIC_CFG_WORK_SEP);
 2243              		.loc 1 285 0
 2244 0006 0C49     		ldr	r1, .L40
 2245              	.LVL26:
 2246 0008 0001     		lsls	r0, r0, #4
 2247              	.LVL27:
 2248 000a 0B46     		mov	r3, r1
 2249 000c 425C     		ldrb	r2, [r0, r1]	@ zero_extendqisi2
 2250 000e 0344     		add	r3, r3, r0
 2251 0010 02F0DF02 		and	r2, r2, #223
 2252 0014 4254     		strb	r2, [r0, r1]
 2253              	.L37:
 286:Generated_Source\PSoC5/CyDmac.c ****         }
 287:Generated_Source\PSoC5/CyDmac.c **** 
 288:Generated_Source\PSoC5/CyDmac.c ****         /* Enable channel */
 289:Generated_Source\PSoC5/CyDmac.c ****         CY_DMA_CH_STRUCT_PTR[chHandle].basic_cfg[0u] |= CY_DMA_CH_BASIC_CFG_EN;
 2254              		.loc 1 289 0
 2255 0016 1A78     		ldrb	r2, [r3]	@ zero_extendqisi2
 2256 0018 0020     		movs	r0, #0
 2257 001a 42F00102 		orr	r2, r2, #1
 2258 001e 1A70     		strb	r2, [r3]
 2259              	.LVL28:
 2260 0020 7047     		bx	lr
 2261              	.LVL29:
 2262              	.L39:
ARM GAS  C:\Users\elias\AppData\Local\Temp\cciYT9qe.s 			page 158


 280:Generated_Source\PSoC5/CyDmac.c ****         }
 2263              		.loc 1 280 0
 2264 0022 0549     		ldr	r1, .L40
 2265              	.LVL30:
 2266 0024 0001     		lsls	r0, r0, #4
 2267              	.LVL31:
 2268 0026 0B46     		mov	r3, r1
 2269 0028 425C     		ldrb	r2, [r0, r1]	@ zero_extendqisi2
 2270 002a 0344     		add	r3, r3, r0
 2271 002c 42F02002 		orr	r2, r2, #32
 2272 0030 4254     		strb	r2, [r0, r1]
 2273 0032 F0E7     		b	.L37
 2274              	.LVL32:
 2275              	.L38:
 2276              	.LBE10:
 2277              	.LBE9:
 271:Generated_Source\PSoC5/CyDmac.c **** 
 2278              		.loc 1 271 0
 2279 0034 0120     		movs	r0, #1
 2280              	.LVL33:
 290:Generated_Source\PSoC5/CyDmac.c **** 
 291:Generated_Source\PSoC5/CyDmac.c ****         status = CYRET_SUCCESS;
 292:Generated_Source\PSoC5/CyDmac.c ****     }
 293:Generated_Source\PSoC5/CyDmac.c **** 
 294:Generated_Source\PSoC5/CyDmac.c ****     return(status);
 295:Generated_Source\PSoC5/CyDmac.c **** }
 2281              		.loc 1 295 0
 2282 0036 7047     		bx	lr
 2283              	.L41:
 2284              		.align	2
 2285              	.L40:
 2286 0038 10700040 		.word	1073770512
 2287              		.cfi_endproc
 2288              	.LFE6:
 2289              		.size	CyDmaChEnable, .-CyDmaChEnable
 2290              		.section	.text.CyDmaChDisable,"ax",%progbits
 2291              		.align	2
 2292              		.global	CyDmaChDisable
 2293              		.thumb
 2294              		.thumb_func
 2295              		.type	CyDmaChDisable, %function
 2296              	CyDmaChDisable:
 2297              	.LFB7:
 296:Generated_Source\PSoC5/CyDmac.c **** 
 297:Generated_Source\PSoC5/CyDmac.c **** 
 298:Generated_Source\PSoC5/CyDmac.c **** /*******************************************************************************
 299:Generated_Source\PSoC5/CyDmac.c **** * Function Name: CyDmaChDisable
 300:Generated_Source\PSoC5/CyDmac.c **** ****************************************************************************//**
 301:Generated_Source\PSoC5/CyDmac.c **** *
 302:Generated_Source\PSoC5/CyDmac.c **** * Disables the DMA channel. Once this function is called, CyDmaChStatus() may
 303:Generated_Source\PSoC5/CyDmac.c **** * be called to determine when the channel is disabled and which TDs were being
 304:Generated_Source\PSoC5/CyDmac.c **** * executed.
 305:Generated_Source\PSoC5/CyDmac.c **** *
 306:Generated_Source\PSoC5/CyDmac.c **** * If it is currently executing it will allow the current burst to finish
 307:Generated_Source\PSoC5/CyDmac.c **** * naturally.
 308:Generated_Source\PSoC5/CyDmac.c **** *
 309:Generated_Source\PSoC5/CyDmac.c **** * \param chHandle A handle previously returned by \ref CyDmaChAlloc() or \ref
ARM GAS  C:\Users\elias\AppData\Local\Temp\cciYT9qe.s 			page 159


 310:Generated_Source\PSoC5/CyDmac.c **** * DMA_DmaInitalize().
 311:Generated_Source\PSoC5/CyDmac.c **** *
 312:Generated_Source\PSoC5/CyDmac.c **** * \return CYRET_SUCCESS if successful.
 313:Generated_Source\PSoC5/CyDmac.c **** * \return CYRET_BAD_PARAM if chHandle is invalid.
 314:Generated_Source\PSoC5/CyDmac.c **** *
 315:Generated_Source\PSoC5/CyDmac.c **** *******************************************************************************/
 316:Generated_Source\PSoC5/CyDmac.c **** cystatus CyDmaChDisable(uint8 chHandle) 
 317:Generated_Source\PSoC5/CyDmac.c **** {
 2298              		.loc 1 317 0
 2299              		.cfi_startproc
 2300              		@ args = 0, pretend = 0, frame = 0
 2301              		@ frame_needed = 0, uses_anonymous_args = 0
 2302              		@ link register save eliminated.
 2303              	.LVL34:
 318:Generated_Source\PSoC5/CyDmac.c ****     cystatus status = CYRET_BAD_PARAM;
 319:Generated_Source\PSoC5/CyDmac.c **** 
 320:Generated_Source\PSoC5/CyDmac.c ****     if(chHandle < CY_DMA_NUMBEROF_CHANNELS)
 2304              		.loc 1 320 0
 2305 0000 1728     		cmp	r0, #23
 2306 0002 0BD8     		bhi	.L44
 2307              	.LVL35:
 2308              	.LBB13:
 2309              	.LBB14:
 321:Generated_Source\PSoC5/CyDmac.c ****     {
 322:Generated_Source\PSoC5/CyDmac.c ****         /***********************************************************************
 323:Generated_Source\PSoC5/CyDmac.c ****         * Should not change configuration information of a DMA channel when it
 324:Generated_Source\PSoC5/CyDmac.c ****         * is active (or vulnerable to becoming active).
 325:Generated_Source\PSoC5/CyDmac.c ****         ***********************************************************************/
 326:Generated_Source\PSoC5/CyDmac.c **** 
 327:Generated_Source\PSoC5/CyDmac.c ****         /* Disable channel */
 328:Generated_Source\PSoC5/CyDmac.c ****         CY_DMA_CH_STRUCT_PTR[chHandle].basic_cfg[0] &= ((uint8) (~CY_DMA_CH_BASIC_CFG_EN));
 2310              		.loc 1 328 0
 2311 0004 064A     		ldr	r2, .L45
 2312 0006 0301     		lsls	r3, r0, #4
 2313 0008 995C     		ldrb	r1, [r3, r2]	@ zero_extendqisi2
 329:Generated_Source\PSoC5/CyDmac.c **** 
 330:Generated_Source\PSoC5/CyDmac.c ****         /* Store intermediate and final TD states on top of original TD chain */
 331:Generated_Source\PSoC5/CyDmac.c ****         CY_DMA_CH_STRUCT_PTR[chHandle].basic_cfg[0] &= ((uint8) (~CY_DMA_CH_BASIC_CFG_WORK_SEP));
 2314              		.loc 1 331 0
 2315 000a 0020     		movs	r0, #0
 2316              	.LVL36:
 328:Generated_Source\PSoC5/CyDmac.c **** 
 2317              		.loc 1 328 0
 2318 000c 01F0FE01 		and	r1, r1, #254
 2319 0010 9954     		strb	r1, [r3, r2]
 2320              		.loc 1 331 0
 2321 0012 995C     		ldrb	r1, [r3, r2]	@ zero_extendqisi2
 2322 0014 01F0DF01 		and	r1, r1, #223
 2323 0018 9954     		strb	r1, [r3, r2]
 2324              	.LVL37:
 2325 001a 7047     		bx	lr
 2326              	.LVL38:
 2327              	.L44:
 2328              	.LBE14:
 2329              	.LBE13:
 318:Generated_Source\PSoC5/CyDmac.c **** 
 2330              		.loc 1 318 0
ARM GAS  C:\Users\elias\AppData\Local\Temp\cciYT9qe.s 			page 160


 2331 001c 0120     		movs	r0, #1
 2332              	.LVL39:
 332:Generated_Source\PSoC5/CyDmac.c ****         status = CYRET_SUCCESS;
 333:Generated_Source\PSoC5/CyDmac.c ****     }
 334:Generated_Source\PSoC5/CyDmac.c **** 
 335:Generated_Source\PSoC5/CyDmac.c ****     return(status);
 336:Generated_Source\PSoC5/CyDmac.c **** }
 2333              		.loc 1 336 0
 2334 001e 7047     		bx	lr
 2335              	.L46:
 2336              		.align	2
 2337              	.L45:
 2338 0020 10700040 		.word	1073770512
 2339              		.cfi_endproc
 2340              	.LFE7:
 2341              		.size	CyDmaChDisable, .-CyDmaChDisable
 2342              		.section	.text.CyDmaClearPendingDrq,"ax",%progbits
 2343              		.align	2
 2344              		.global	CyDmaClearPendingDrq
 2345              		.thumb
 2346              		.thumb_func
 2347              		.type	CyDmaClearPendingDrq, %function
 2348              	CyDmaClearPendingDrq:
 2349              	.LFB8:
 337:Generated_Source\PSoC5/CyDmac.c **** 
 338:Generated_Source\PSoC5/CyDmac.c **** 
 339:Generated_Source\PSoC5/CyDmac.c **** /*******************************************************************************
 340:Generated_Source\PSoC5/CyDmac.c **** * Function Name: CyDmaClearPendingDrq
 341:Generated_Source\PSoC5/CyDmac.c **** ****************************************************************************//**
 342:Generated_Source\PSoC5/CyDmac.c **** *
 343:Generated_Source\PSoC5/CyDmac.c **** * Clears pending the DMA data request.
 344:Generated_Source\PSoC5/CyDmac.c **** *
 345:Generated_Source\PSoC5/CyDmac.c **** * \param chHandle Handle to the dma channel.
 346:Generated_Source\PSoC5/CyDmac.c **** *
 347:Generated_Source\PSoC5/CyDmac.c **** * \return CYRET_SUCCESS if successful.
 348:Generated_Source\PSoC5/CyDmac.c **** * \return CYRET_BAD_PARAM if chHandle is invalid.
 349:Generated_Source\PSoC5/CyDmac.c **** *
 350:Generated_Source\PSoC5/CyDmac.c **** *******************************************************************************/
 351:Generated_Source\PSoC5/CyDmac.c **** cystatus CyDmaClearPendingDrq(uint8 chHandle) 
 352:Generated_Source\PSoC5/CyDmac.c **** {
 2350              		.loc 1 352 0
 2351              		.cfi_startproc
 2352              		@ args = 0, pretend = 0, frame = 0
 2353              		@ frame_needed = 0, uses_anonymous_args = 0
 2354              		@ link register save eliminated.
 2355              	.LVL40:
 353:Generated_Source\PSoC5/CyDmac.c ****     cystatus status = CYRET_BAD_PARAM;
 354:Generated_Source\PSoC5/CyDmac.c **** 
 355:Generated_Source\PSoC5/CyDmac.c ****     if(chHandle < CY_DMA_NUMBEROF_CHANNELS)
 2356              		.loc 1 355 0
 2357 0000 1728     		cmp	r0, #23
 2358 0002 0FD8     		bhi	.L49
 2359              	.LVL41:
 352:Generated_Source\PSoC5/CyDmac.c ****     cystatus status = CYRET_BAD_PARAM;
 2360              		.loc 1 352 0
 2361 0004 10B4     		push	{r4}
 2362              		.cfi_def_cfa_offset 4
ARM GAS  C:\Users\elias\AppData\Local\Temp\cciYT9qe.s 			page 161


 2363              		.cfi_offset 4, -4
 2364              	.LBB17:
 2365              	.LBB18:
 356:Generated_Source\PSoC5/CyDmac.c ****     {
 357:Generated_Source\PSoC5/CyDmac.c ****         CY_DMA_CH_STRUCT_PTR[chHandle].action[0] |= CY_DMA_CPU_TERM_CHAIN;
 2366              		.loc 1 357 0
 2367 0006 084A     		ldr	r2, .L52
 2368 0008 0301     		lsls	r3, r0, #4
 2369 000a 1A44     		add	r2, r2, r3
 2370 000c 1179     		ldrb	r1, [r2, #4]	@ zero_extendqisi2
 2371 000e 064C     		ldr	r4, .L52
 2372 0010 41F00401 		orr	r1, r1, #4
 2373 0014 1171     		strb	r1, [r2, #4]
 358:Generated_Source\PSoC5/CyDmac.c ****         CY_DMA_CH_STRUCT_PTR[chHandle].basic_cfg[0] |= 0x01u;
 2374              		.loc 1 358 0
 2375 0016 1A5D     		ldrb	r2, [r3, r4]	@ zero_extendqisi2
 2376 0018 0020     		movs	r0, #0
 2377              	.LVL42:
 2378 001a 42F00102 		orr	r2, r2, #1
 2379 001e 1A55     		strb	r2, [r3, r4]
 2380              	.LVL43:
 2381              	.LBE18:
 2382              	.LBE17:
 359:Generated_Source\PSoC5/CyDmac.c ****         status = CYRET_SUCCESS;
 360:Generated_Source\PSoC5/CyDmac.c ****     }
 361:Generated_Source\PSoC5/CyDmac.c **** 
 362:Generated_Source\PSoC5/CyDmac.c ****     return(status);
 363:Generated_Source\PSoC5/CyDmac.c **** }
 2383              		.loc 1 363 0
 2384 0020 10BC     		pop	{r4}
 2385              		.cfi_restore 4
 2386              		.cfi_def_cfa_offset 0
 2387 0022 7047     		bx	lr
 2388              	.LVL44:
 2389              	.L49:
 353:Generated_Source\PSoC5/CyDmac.c **** 
 2390              		.loc 1 353 0
 2391 0024 0120     		movs	r0, #1
 2392              	.LVL45:
 2393 0026 7047     		bx	lr
 2394              	.L53:
 2395              		.align	2
 2396              	.L52:
 2397 0028 10700040 		.word	1073770512
 2398              		.cfi_endproc
 2399              	.LFE8:
 2400              		.size	CyDmaClearPendingDrq, .-CyDmaClearPendingDrq
 2401              		.section	.text.CyDmaChPriority,"ax",%progbits
 2402              		.align	2
 2403              		.global	CyDmaChPriority
 2404              		.thumb
 2405              		.thumb_func
 2406              		.type	CyDmaChPriority, %function
 2407              	CyDmaChPriority:
 2408              	.LFB9:
 364:Generated_Source\PSoC5/CyDmac.c **** 
 365:Generated_Source\PSoC5/CyDmac.c **** 
ARM GAS  C:\Users\elias\AppData\Local\Temp\cciYT9qe.s 			page 162


 366:Generated_Source\PSoC5/CyDmac.c **** /*******************************************************************************
 367:Generated_Source\PSoC5/CyDmac.c **** * Function Name: CyDmaChPriority
 368:Generated_Source\PSoC5/CyDmac.c **** ****************************************************************************//**
 369:Generated_Source\PSoC5/CyDmac.c **** *
 370:Generated_Source\PSoC5/CyDmac.c **** *  Sets the priority of a DMA channel. You can use this function when you want
 371:Generated_Source\PSoC5/CyDmac.c **** *  to change the priority at run time. If the priority remains the same for a
 372:Generated_Source\PSoC5/CyDmac.c **** *  DMA channel, then you can configure the priority in the .cydwr file.
 373:Generated_Source\PSoC5/CyDmac.c **** *
 374:Generated_Source\PSoC5/CyDmac.c **** *  \param chHandle A handle previously returned by \ref CyDmaChAlloc() or \ref
 375:Generated_Source\PSoC5/CyDmac.c **** *  DMA_DmaInitalize().
 376:Generated_Source\PSoC5/CyDmac.c **** *
 377:Generated_Source\PSoC5/CyDmac.c **** *  \param priority Priority to set the channel to, 0 - 7.
 378:Generated_Source\PSoC5/CyDmac.c **** *
 379:Generated_Source\PSoC5/CyDmac.c **** * \return CYRET_SUCCESS if successful.
 380:Generated_Source\PSoC5/CyDmac.c **** *  \return CYRET_BAD_PARAM if chHandle is invalid.
 381:Generated_Source\PSoC5/CyDmac.c **** *
 382:Generated_Source\PSoC5/CyDmac.c **** *******************************************************************************/
 383:Generated_Source\PSoC5/CyDmac.c **** cystatus CyDmaChPriority(uint8 chHandle, uint8 priority) 
 384:Generated_Source\PSoC5/CyDmac.c **** {
 2409              		.loc 1 384 0
 2410              		.cfi_startproc
 2411              		@ args = 0, pretend = 0, frame = 0
 2412              		@ frame_needed = 0, uses_anonymous_args = 0
 2413              		@ link register save eliminated.
 2414              	.LVL46:
 385:Generated_Source\PSoC5/CyDmac.c ****     uint8 value;
 386:Generated_Source\PSoC5/CyDmac.c ****     cystatus status = CYRET_BAD_PARAM;
 387:Generated_Source\PSoC5/CyDmac.c **** 
 388:Generated_Source\PSoC5/CyDmac.c ****     if(chHandle < CY_DMA_NUMBEROF_CHANNELS)
 2415              		.loc 1 388 0
 2416 0000 1728     		cmp	r0, #23
 2417 0002 0BD8     		bhi	.L56
 2418              	.LVL47:
 2419              	.LBB21:
 2420              	.LBB22:
 389:Generated_Source\PSoC5/CyDmac.c ****     {
 390:Generated_Source\PSoC5/CyDmac.c ****         value = CY_DMA_CH_STRUCT_PTR[chHandle].basic_cfg[0u] & ((uint8)(~(0x0Eu)));
 2421              		.loc 1 390 0
 2422 0004 064A     		ldr	r2, .L57
 2423 0006 0001     		lsls	r0, r0, #4
 2424              	.LVL48:
 2425 0008 835C     		ldrb	r3, [r0, r2]	@ zero_extendqisi2
 2426              	.LVL49:
 391:Generated_Source\PSoC5/CyDmac.c **** 
 392:Generated_Source\PSoC5/CyDmac.c ****         CY_DMA_CH_STRUCT_PTR[chHandle].basic_cfg[0u] = value | ((uint8) ((priority & 0x7u) << 0x01u
 2427              		.loc 1 392 0
 2428 000a 4900     		lsls	r1, r1, #1
 2429              	.LVL50:
 2430 000c 03F0F103 		and	r3, r3, #241
 2431              	.LVL51:
 2432 0010 01F00E01 		and	r1, r1, #14
 2433 0014 1943     		orrs	r1, r1, r3
 2434 0016 8154     		strb	r1, [r0, r2]
 2435              	.LVL52:
 2436 0018 0020     		movs	r0, #0
 2437 001a 7047     		bx	lr
 2438              	.LVL53:
ARM GAS  C:\Users\elias\AppData\Local\Temp\cciYT9qe.s 			page 163


 2439              	.L56:
 2440              	.LBE22:
 2441              	.LBE21:
 386:Generated_Source\PSoC5/CyDmac.c **** 
 2442              		.loc 1 386 0
 2443 001c 0120     		movs	r0, #1
 2444              	.LVL54:
 393:Generated_Source\PSoC5/CyDmac.c **** 
 394:Generated_Source\PSoC5/CyDmac.c ****         status = CYRET_SUCCESS;
 395:Generated_Source\PSoC5/CyDmac.c ****     }
 396:Generated_Source\PSoC5/CyDmac.c **** 
 397:Generated_Source\PSoC5/CyDmac.c ****     return(status);
 398:Generated_Source\PSoC5/CyDmac.c **** }
 2445              		.loc 1 398 0
 2446 001e 7047     		bx	lr
 2447              	.L58:
 2448              		.align	2
 2449              	.L57:
 2450 0020 10700040 		.word	1073770512
 2451              		.cfi_endproc
 2452              	.LFE9:
 2453              		.size	CyDmaChPriority, .-CyDmaChPriority
 2454              		.section	.text.CyDmaChSetExtendedAddress,"ax",%progbits
 2455              		.align	2
 2456              		.global	CyDmaChSetExtendedAddress
 2457              		.thumb
 2458              		.thumb_func
 2459              		.type	CyDmaChSetExtendedAddress, %function
 2460              	CyDmaChSetExtendedAddress:
 2461              	.LFB10:
 399:Generated_Source\PSoC5/CyDmac.c **** 
 400:Generated_Source\PSoC5/CyDmac.c **** 
 401:Generated_Source\PSoC5/CyDmac.c **** /*******************************************************************************
 402:Generated_Source\PSoC5/CyDmac.c **** * Function Name: CyDmaChSetExtendedAddress
 403:Generated_Source\PSoC5/CyDmac.c **** ****************************************************************************//**
 404:Generated_Source\PSoC5/CyDmac.c **** *
 405:Generated_Source\PSoC5/CyDmac.c **** *  Sets the high 16 bits of the source and destination addresses for the DMA
 406:Generated_Source\PSoC5/CyDmac.c **** *  channel (valid for all TDs in the chain).
 407:Generated_Source\PSoC5/CyDmac.c **** *
 408:Generated_Source\PSoC5/CyDmac.c **** *  \param chHandle A handle previously returned by \ref CyDmaChAlloc() or \ref
 409:Generated_Source\PSoC5/CyDmac.c **** *  DMA_DmaInitalize().
 410:Generated_Source\PSoC5/CyDmac.c **** *
 411:Generated_Source\PSoC5/CyDmac.c **** *  \param source Upper 16 bit address of the DMA transfer source.
 412:Generated_Source\PSoC5/CyDmac.c **** *
 413:Generated_Source\PSoC5/CyDmac.c **** *  \param destination Upper 16 bit address of the DMA transfer destination.
 414:Generated_Source\PSoC5/CyDmac.c **** *
 415:Generated_Source\PSoC5/CyDmac.c **** * \return CYRET_SUCCESS if successful.
 416:Generated_Source\PSoC5/CyDmac.c **** * \return CYRET_BAD_PARAM if chHandle is invalid.
 417:Generated_Source\PSoC5/CyDmac.c **** *
 418:Generated_Source\PSoC5/CyDmac.c **** *******************************************************************************/
 419:Generated_Source\PSoC5/CyDmac.c **** cystatus CyDmaChSetExtendedAddress(uint8 chHandle, uint16 source, uint16 destination) \
 420:Generated_Source\PSoC5/CyDmac.c ****     
 421:Generated_Source\PSoC5/CyDmac.c **** {
 2462              		.loc 1 421 0
 2463              		.cfi_startproc
 2464              		@ args = 0, pretend = 0, frame = 0
 2465              		@ frame_needed = 0, uses_anonymous_args = 0
ARM GAS  C:\Users\elias\AppData\Local\Temp\cciYT9qe.s 			page 164


 2466              		@ link register save eliminated.
 2467              	.LVL55:
 422:Generated_Source\PSoC5/CyDmac.c ****     cystatus status = CYRET_BAD_PARAM;
 423:Generated_Source\PSoC5/CyDmac.c ****     reg16 *convert;
 424:Generated_Source\PSoC5/CyDmac.c **** 
 425:Generated_Source\PSoC5/CyDmac.c ****     #if(CY_PSOC5)
 426:Generated_Source\PSoC5/CyDmac.c **** 
 427:Generated_Source\PSoC5/CyDmac.c ****         /* 0x1FFF8000-0x1FFFFFFF needs to use alias at 0x20008000-0x2000FFFF */
 428:Generated_Source\PSoC5/CyDmac.c ****         if(source == 0x1FFFu)
 2468              		.loc 1 428 0
 2469 0000 41F6FF73 		movw	r3, #8191
 429:Generated_Source\PSoC5/CyDmac.c ****         {
 430:Generated_Source\PSoC5/CyDmac.c ****             source = 0x2000u;
 2470              		.loc 1 430 0
 2471 0004 9942     		cmp	r1, r3
 2472 0006 08BF     		it	eq
 2473 0008 4FF40051 		moveq	r1, #8192
 2474              	.LVL56:
 431:Generated_Source\PSoC5/CyDmac.c ****         }
 432:Generated_Source\PSoC5/CyDmac.c **** 
 433:Generated_Source\PSoC5/CyDmac.c ****         if(destination == 0x1FFFu)
 434:Generated_Source\PSoC5/CyDmac.c ****         {
 435:Generated_Source\PSoC5/CyDmac.c ****             destination = 0x2000u;
 2475              		.loc 1 435 0
 2476 000c 9A42     		cmp	r2, r3
 2477 000e 08BF     		it	eq
 2478 0010 4FF40052 		moveq	r2, #8192
 2479              	.LVL57:
 436:Generated_Source\PSoC5/CyDmac.c ****         }
 437:Generated_Source\PSoC5/CyDmac.c **** 
 438:Generated_Source\PSoC5/CyDmac.c ****     #endif  /* (CY_PSOC5) */
 439:Generated_Source\PSoC5/CyDmac.c **** 
 440:Generated_Source\PSoC5/CyDmac.c **** 
 441:Generated_Source\PSoC5/CyDmac.c ****     if(chHandle < CY_DMA_NUMBEROF_CHANNELS)
 2480              		.loc 1 441 0
 2481 0014 1728     		cmp	r0, #23
 2482 0016 08D8     		bhi	.L63
 442:Generated_Source\PSoC5/CyDmac.c ****     {
 443:Generated_Source\PSoC5/CyDmac.c ****         /* Set source address */
 444:Generated_Source\PSoC5/CyDmac.c ****         convert = (reg16 *) &CY_DMA_CFGMEM_STRUCT_PTR[chHandle].CFG1[0];
 2483              		.loc 1 444 0
 2484 0018 C000     		lsls	r0, r0, #3
 2485              	.LVL58:
 2486 001a 00F18043 		add	r3, r0, #1073741824
 2487 001e 03F5EC43 		add	r3, r3, #30208
 2488              	.LVL59:
 445:Generated_Source\PSoC5/CyDmac.c ****         CY_SET_REG16(convert, source);
 2489              		.loc 1 445 0
 2490 0022 9980     		strh	r1, [r3, #4]	@ movhi
 2491              	.LVL60:
 446:Generated_Source\PSoC5/CyDmac.c **** 
 447:Generated_Source\PSoC5/CyDmac.c ****         /* Set destination address */
 448:Generated_Source\PSoC5/CyDmac.c ****         convert = (reg16 *) &CY_DMA_CFGMEM_STRUCT_PTR[chHandle].CFG1[2u];
 449:Generated_Source\PSoC5/CyDmac.c ****         CY_SET_REG16(convert, destination);
 450:Generated_Source\PSoC5/CyDmac.c ****         status = CYRET_SUCCESS;
 2492              		.loc 1 450 0
 2493 0024 0020     		movs	r0, #0
ARM GAS  C:\Users\elias\AppData\Local\Temp\cciYT9qe.s 			page 165


 449:Generated_Source\PSoC5/CyDmac.c ****         status = CYRET_SUCCESS;
 2494              		.loc 1 449 0
 2495 0026 DA80     		strh	r2, [r3, #6]	@ movhi
 2496              	.LVL61:
 2497 0028 7047     		bx	lr
 2498              	.LVL62:
 2499              	.L63:
 422:Generated_Source\PSoC5/CyDmac.c ****     reg16 *convert;
 2500              		.loc 1 422 0
 2501 002a 0120     		movs	r0, #1
 2502              	.LVL63:
 451:Generated_Source\PSoC5/CyDmac.c ****     }
 452:Generated_Source\PSoC5/CyDmac.c **** 
 453:Generated_Source\PSoC5/CyDmac.c ****     return(status);
 454:Generated_Source\PSoC5/CyDmac.c **** }
 2503              		.loc 1 454 0
 2504 002c 7047     		bx	lr
 2505              		.cfi_endproc
 2506              	.LFE10:
 2507              		.size	CyDmaChSetExtendedAddress, .-CyDmaChSetExtendedAddress
 2508 002e 00BF     		.section	.text.CyDmaChSetInitialTd,"ax",%progbits
 2509              		.align	2
 2510              		.global	CyDmaChSetInitialTd
 2511              		.thumb
 2512              		.thumb_func
 2513              		.type	CyDmaChSetInitialTd, %function
 2514              	CyDmaChSetInitialTd:
 2515              	.LFB11:
 455:Generated_Source\PSoC5/CyDmac.c **** 
 456:Generated_Source\PSoC5/CyDmac.c **** 
 457:Generated_Source\PSoC5/CyDmac.c **** /*******************************************************************************
 458:Generated_Source\PSoC5/CyDmac.c **** * Function Name: CyDmaChSetInitialTd
 459:Generated_Source\PSoC5/CyDmac.c **** ****************************************************************************//**
 460:Generated_Source\PSoC5/CyDmac.c **** *
 461:Generated_Source\PSoC5/CyDmac.c **** * Sets the initial TD to be executed for the channel when the \ref CyDmaChEnable()
 462:Generated_Source\PSoC5/CyDmac.c **** * function is called.
 463:Generated_Source\PSoC5/CyDmac.c **** *
 464:Generated_Source\PSoC5/CyDmac.c **** * \param chHandle A handle previously returned by \ref CyDmaChAlloc() or
 465:Generated_Source\PSoC5/CyDmac.c **** * \ref DMA_DmaInitialize().
 466:Generated_Source\PSoC5/CyDmac.c **** *
 467:Generated_Source\PSoC5/CyDmac.c **** * \param startTd Set the TD index as the first TD associated with the
 468:Generated_Source\PSoC5/CyDmac.c **** * channel. Zero is a valid TD index.
 469:Generated_Source\PSoC5/CyDmac.c **** *
 470:Generated_Source\PSoC5/CyDmac.c **** * \return CYRET_SUCCESS if successful.
 471:Generated_Source\PSoC5/CyDmac.c **** * \return CYRET_BAD_PARAM if chHandle is invalid.
 472:Generated_Source\PSoC5/CyDmac.c **** *
 473:Generated_Source\PSoC5/CyDmac.c **** *******************************************************************************/
 474:Generated_Source\PSoC5/CyDmac.c **** cystatus CyDmaChSetInitialTd(uint8 chHandle, uint8 startTd) 
 475:Generated_Source\PSoC5/CyDmac.c **** {
 2516              		.loc 1 475 0
 2517              		.cfi_startproc
 2518              		@ args = 0, pretend = 0, frame = 0
 2519              		@ frame_needed = 0, uses_anonymous_args = 0
 2520              		@ link register save eliminated.
 2521              	.LVL64:
 476:Generated_Source\PSoC5/CyDmac.c ****     cystatus status = CYRET_BAD_PARAM;
 477:Generated_Source\PSoC5/CyDmac.c **** 
ARM GAS  C:\Users\elias\AppData\Local\Temp\cciYT9qe.s 			page 166


 478:Generated_Source\PSoC5/CyDmac.c ****     if(chHandle < CY_DMA_NUMBEROF_CHANNELS)
 2522              		.loc 1 478 0
 2523 0000 1728     		cmp	r0, #23
 2524 0002 05D8     		bhi	.L66
 479:Generated_Source\PSoC5/CyDmac.c ****     {
 480:Generated_Source\PSoC5/CyDmac.c ****         CY_DMA_CH_STRUCT_PTR[chHandle].basic_status[1u] = startTd;
 2525              		.loc 1 480 0
 2526 0004 034B     		ldr	r3, .L67
 2527 0006 0001     		lsls	r0, r0, #4
 2528              	.LVL65:
 2529 0008 0344     		add	r3, r3, r0
 2530 000a 5972     		strb	r1, [r3, #9]
 2531              	.LVL66:
 481:Generated_Source\PSoC5/CyDmac.c ****         status = CYRET_SUCCESS;
 2532              		.loc 1 481 0
 2533 000c 0020     		movs	r0, #0
 2534 000e 7047     		bx	lr
 2535              	.LVL67:
 2536              	.L66:
 476:Generated_Source\PSoC5/CyDmac.c ****     cystatus status = CYRET_BAD_PARAM;
 2537              		.loc 1 476 0
 2538 0010 0120     		movs	r0, #1
 2539              	.LVL68:
 482:Generated_Source\PSoC5/CyDmac.c ****     }
 483:Generated_Source\PSoC5/CyDmac.c **** 
 484:Generated_Source\PSoC5/CyDmac.c ****     return(status);
 485:Generated_Source\PSoC5/CyDmac.c **** }
 2540              		.loc 1 485 0
 2541 0012 7047     		bx	lr
 2542              	.L68:
 2543              		.align	2
 2544              	.L67:
 2545 0014 10700040 		.word	1073770512
 2546              		.cfi_endproc
 2547              	.LFE11:
 2548              		.size	CyDmaChSetInitialTd, .-CyDmaChSetInitialTd
 2549              		.section	.text.CyDmaChSetRequest,"ax",%progbits
 2550              		.align	2
 2551              		.global	CyDmaChSetRequest
 2552              		.thumb
 2553              		.thumb_func
 2554              		.type	CyDmaChSetRequest, %function
 2555              	CyDmaChSetRequest:
 2556              	.LFB12:
 486:Generated_Source\PSoC5/CyDmac.c **** 
 487:Generated_Source\PSoC5/CyDmac.c **** 
 488:Generated_Source\PSoC5/CyDmac.c **** /*******************************************************************************
 489:Generated_Source\PSoC5/CyDmac.c **** * Function Name: CyDmaChSetRequest
 490:Generated_Source\PSoC5/CyDmac.c **** ****************************************************************************//**
 491:Generated_Source\PSoC5/CyDmac.c **** *
 492:Generated_Source\PSoC5/CyDmac.c **** *  Allows the caller to terminate a chain of TDs, terminate one TD, or create a
 493:Generated_Source\PSoC5/CyDmac.c **** *  direct request to start the DMA channel.
 494:Generated_Source\PSoC5/CyDmac.c **** *
 495:Generated_Source\PSoC5/CyDmac.c **** *  \param chHandle A handle previously returned by \ref CyDmaChAlloc() or \ref
 496:Generated_Source\PSoC5/CyDmac.c **** *  DMA_DmaInitalize().
 497:Generated_Source\PSoC5/CyDmac.c **** *
 498:Generated_Source\PSoC5/CyDmac.c **** *  \param request One of the following constants. Each of the constants is a
ARM GAS  C:\Users\elias\AppData\Local\Temp\cciYT9qe.s 			page 167


 499:Generated_Source\PSoC5/CyDmac.c **** *  three-bit value.
 500:Generated_Source\PSoC5/CyDmac.c **** *   CPU_REQ         - Create a direct request to start the DMA channel
 501:Generated_Source\PSoC5/CyDmac.c **** *   CPU_TERM_TD     - Terminate one TD
 502:Generated_Source\PSoC5/CyDmac.c **** *   CPU_TERM_CHAIN  - Terminate a chain of TDs
 503:Generated_Source\PSoC5/CyDmac.c **** *
 504:Generated_Source\PSoC5/CyDmac.c **** * \return CYRET_SUCCESS if successful.
 505:Generated_Source\PSoC5/CyDmac.c **** * \return CYRET_BAD_PARAM if chHandle is invalid.
 506:Generated_Source\PSoC5/CyDmac.c **** *
 507:Generated_Source\PSoC5/CyDmac.c **** *******************************************************************************/
 508:Generated_Source\PSoC5/CyDmac.c **** cystatus CyDmaChSetRequest(uint8 chHandle, uint8 request) 
 509:Generated_Source\PSoC5/CyDmac.c **** {
 2557              		.loc 1 509 0
 2558              		.cfi_startproc
 2559              		@ args = 0, pretend = 0, frame = 0
 2560              		@ frame_needed = 0, uses_anonymous_args = 0
 2561              		@ link register save eliminated.
 2562              	.LVL69:
 510:Generated_Source\PSoC5/CyDmac.c ****     cystatus status = CYRET_BAD_PARAM;
 511:Generated_Source\PSoC5/CyDmac.c **** 
 512:Generated_Source\PSoC5/CyDmac.c ****     if(chHandle < CY_DMA_NUMBEROF_CHANNELS)
 2563              		.loc 1 512 0
 2564 0000 1728     		cmp	r0, #23
 2565 0002 09D8     		bhi	.L71
 2566              	.LVL70:
 2567              	.LBB25:
 2568              	.LBB26:
 513:Generated_Source\PSoC5/CyDmac.c ****     {
 514:Generated_Source\PSoC5/CyDmac.c ****         CY_DMA_CH_STRUCT_PTR[chHandle].action[0u] |= (request & (CPU_REQ | CPU_TERM_TD | CPU_TERM_C
 2569              		.loc 1 514 0
 2570 0004 054B     		ldr	r3, .L72
 2571 0006 0001     		lsls	r0, r0, #4
 2572              	.LVL71:
 2573 0008 0344     		add	r3, r3, r0
 2574 000a 1A79     		ldrb	r2, [r3, #4]	@ zero_extendqisi2
 2575 000c 01F00701 		and	r1, r1, #7
 2576              	.LVL72:
 2577 0010 1143     		orrs	r1, r1, r2
 2578 0012 1971     		strb	r1, [r3, #4]
 2579              	.LVL73:
 2580 0014 0020     		movs	r0, #0
 2581 0016 7047     		bx	lr
 2582              	.LVL74:
 2583              	.L71:
 2584              	.LBE26:
 2585              	.LBE25:
 510:Generated_Source\PSoC5/CyDmac.c ****     cystatus status = CYRET_BAD_PARAM;
 2586              		.loc 1 510 0
 2587 0018 0120     		movs	r0, #1
 2588              	.LVL75:
 515:Generated_Source\PSoC5/CyDmac.c ****         status = CYRET_SUCCESS;
 516:Generated_Source\PSoC5/CyDmac.c ****     }
 517:Generated_Source\PSoC5/CyDmac.c **** 
 518:Generated_Source\PSoC5/CyDmac.c ****     return(status);
 519:Generated_Source\PSoC5/CyDmac.c **** }
 2589              		.loc 1 519 0
 2590 001a 7047     		bx	lr
 2591              	.L73:
ARM GAS  C:\Users\elias\AppData\Local\Temp\cciYT9qe.s 			page 168


 2592              		.align	2
 2593              	.L72:
 2594 001c 10700040 		.word	1073770512
 2595              		.cfi_endproc
 2596              	.LFE12:
 2597              		.size	CyDmaChSetRequest, .-CyDmaChSetRequest
 2598              		.section	.text.CyDmaChGetRequest,"ax",%progbits
 2599              		.align	2
 2600              		.global	CyDmaChGetRequest
 2601              		.thumb
 2602              		.thumb_func
 2603              		.type	CyDmaChGetRequest, %function
 2604              	CyDmaChGetRequest:
 2605              	.LFB13:
 520:Generated_Source\PSoC5/CyDmac.c **** 
 521:Generated_Source\PSoC5/CyDmac.c **** 
 522:Generated_Source\PSoC5/CyDmac.c **** /*******************************************************************************
 523:Generated_Source\PSoC5/CyDmac.c **** * Function Name: CyDmaChGetRequest
 524:Generated_Source\PSoC5/CyDmac.c **** ****************************************************************************//**
 525:Generated_Source\PSoC5/CyDmac.c **** *
 526:Generated_Source\PSoC5/CyDmac.c **** * This function allows the caller of \ref CyDmaChSetRequest() to determine if the
 527:Generated_Source\PSoC5/CyDmac.c **** * request was completed.
 528:Generated_Source\PSoC5/CyDmac.c **** *
 529:Generated_Source\PSoC5/CyDmac.c **** * \param chHandle A handle previously returned by \ref CyDmaChAlloc() or \ref
 530:Generated_Source\PSoC5/CyDmac.c **** * DMA_DmaInitalize().
 531:Generated_Source\PSoC5/CyDmac.c **** *
 532:Generated_Source\PSoC5/CyDmac.c **** * \return Returns a three-bit field, corresponding to the three bits of the
 533:Generated_Source\PSoC5/CyDmac.c **** * request, which describes the state of the previously posted request. If the
 534:Generated_Source\PSoC5/CyDmac.c **** * value is zero, the request was completed. CY_DMA_INVALID_CHANNEL if the handle
 535:Generated_Source\PSoC5/CyDmac.c **** * is invalid.
 536:Generated_Source\PSoC5/CyDmac.c **** *
 537:Generated_Source\PSoC5/CyDmac.c **** *******************************************************************************/
 538:Generated_Source\PSoC5/CyDmac.c **** cystatus CyDmaChGetRequest(uint8 chHandle) 
 539:Generated_Source\PSoC5/CyDmac.c **** {
 2606              		.loc 1 539 0
 2607              		.cfi_startproc
 2608              		@ args = 0, pretend = 0, frame = 0
 2609              		@ frame_needed = 0, uses_anonymous_args = 0
 2610              		@ link register save eliminated.
 2611              	.LVL76:
 540:Generated_Source\PSoC5/CyDmac.c ****     cystatus status = CY_DMA_INVALID_CHANNEL;
 541:Generated_Source\PSoC5/CyDmac.c **** 
 542:Generated_Source\PSoC5/CyDmac.c ****     if(chHandle < CY_DMA_NUMBEROF_CHANNELS)
 2612              		.loc 1 542 0
 2613 0000 1728     		cmp	r0, #23
 2614 0002 01D9     		bls	.L77
 540:Generated_Source\PSoC5/CyDmac.c ****     cystatus status = CY_DMA_INVALID_CHANNEL;
 2615              		.loc 1 540 0
 2616 0004 FF20     		movs	r0, #255
 2617              	.LVL77:
 543:Generated_Source\PSoC5/CyDmac.c ****     {
 544:Generated_Source\PSoC5/CyDmac.c ****         status = (cystatus) ((uint32)CY_DMA_CH_STRUCT_PTR[chHandle].action[0u] &
 545:Generated_Source\PSoC5/CyDmac.c ****                             (uint32)(CY_DMA_CPU_REQ | CY_DMA_CPU_TERM_TD | CY_DMA_CPU_TERM_CHAIN));
 546:Generated_Source\PSoC5/CyDmac.c ****     }
 547:Generated_Source\PSoC5/CyDmac.c **** 
 548:Generated_Source\PSoC5/CyDmac.c ****     return(status);
 549:Generated_Source\PSoC5/CyDmac.c **** }
ARM GAS  C:\Users\elias\AppData\Local\Temp\cciYT9qe.s 			page 169


 2618              		.loc 1 549 0
 2619 0006 7047     		bx	lr
 2620              	.LVL78:
 2621              	.L77:
 2622              	.LBB29:
 2623              	.LBB30:
 544:Generated_Source\PSoC5/CyDmac.c ****                             (uint32)(CY_DMA_CPU_REQ | CY_DMA_CPU_TERM_TD | CY_DMA_CPU_TERM_CHAIN));
 2624              		.loc 1 544 0
 2625 0008 034B     		ldr	r3, .L78
 2626 000a 0001     		lsls	r0, r0, #4
 2627              	.LVL79:
 2628 000c 0344     		add	r3, r3, r0
 2629 000e 1879     		ldrb	r0, [r3, #4]	@ zero_extendqisi2
 2630 0010 00F00700 		and	r0, r0, #7
 2631              	.LVL80:
 2632 0014 7047     		bx	lr
 2633              	.L79:
 2634 0016 00BF     		.align	2
 2635              	.L78:
 2636 0018 10700040 		.word	1073770512
 2637              	.LBE30:
 2638              	.LBE29:
 2639              		.cfi_endproc
 2640              	.LFE13:
 2641              		.size	CyDmaChGetRequest, .-CyDmaChGetRequest
 2642              		.section	.text.CyDmaChStatus,"ax",%progbits
 2643              		.align	2
 2644              		.global	CyDmaChStatus
 2645              		.thumb
 2646              		.thumb_func
 2647              		.type	CyDmaChStatus, %function
 2648              	CyDmaChStatus:
 2649              	.LFB14:
 550:Generated_Source\PSoC5/CyDmac.c **** 
 551:Generated_Source\PSoC5/CyDmac.c **** 
 552:Generated_Source\PSoC5/CyDmac.c **** /*******************************************************************************
 553:Generated_Source\PSoC5/CyDmac.c **** * Function Name: CyDmaChStatus
 554:Generated_Source\PSoC5/CyDmac.c **** ****************************************************************************//**
 555:Generated_Source\PSoC5/CyDmac.c **** *
 556:Generated_Source\PSoC5/CyDmac.c **** *  Determines the status of the DMA channel.
 557:Generated_Source\PSoC5/CyDmac.c **** *
 558:Generated_Source\PSoC5/CyDmac.c **** *  \param chHandle A handle previously returned by \ref CyDmaChAlloc() or \ref
 559:Generated_Source\PSoC5/CyDmac.c **** *  DMA_DmaInitalize().
 560:Generated_Source\PSoC5/CyDmac.c **** *
 561:Generated_Source\PSoC5/CyDmac.c **** *  \param currentTd The address to store the index of the current TD. Can be NULL
 562:Generated_Source\PSoC5/CyDmac.c **** *  if the value is not needed.
 563:Generated_Source\PSoC5/CyDmac.c **** *
 564:Generated_Source\PSoC5/CyDmac.c **** *  \param state The address to store the state of the channel. Can be NULL if the
 565:Generated_Source\PSoC5/CyDmac.c **** *  value is not needed.
 566:Generated_Source\PSoC5/CyDmac.c **** *
 567:Generated_Source\PSoC5/CyDmac.c **** *   STATUS_TD_ACTIVE
 568:Generated_Source\PSoC5/CyDmac.c **** *    \param 0: Channel is not currently being serviced by DMAC
 569:Generated_Source\PSoC5/CyDmac.c **** *    \param 1: Channel is currently being serviced by DMAC
 570:Generated_Source\PSoC5/CyDmac.c **** *
 571:Generated_Source\PSoC5/CyDmac.c **** *   STATUS_CHAIN_ACTIVE
 572:Generated_Source\PSoC5/CyDmac.c **** *    \param 0: TD chain is inactive; either no DMA requests have triggered a new chain
 573:Generated_Source\PSoC5/CyDmac.c **** *       or the previous chain has completed.
ARM GAS  C:\Users\elias\AppData\Local\Temp\cciYT9qe.s 			page 170


 574:Generated_Source\PSoC5/CyDmac.c **** *    \param 1: TD chain has been triggered by a DMA request
 575:Generated_Source\PSoC5/CyDmac.c **** *
 576:Generated_Source\PSoC5/CyDmac.c **** * \return CYRET_SUCCESS if successful.
 577:Generated_Source\PSoC5/CyDmac.c **** * \return CYRET_BAD_PARAM if chHandle is invalid.
 578:Generated_Source\PSoC5/CyDmac.c **** *
 579:Generated_Source\PSoC5/CyDmac.c **** * Theory:
 580:Generated_Source\PSoC5/CyDmac.c **** *   The caller can check on the activity of the Current TD and the Chain.
 581:Generated_Source\PSoC5/CyDmac.c **** *
 582:Generated_Source\PSoC5/CyDmac.c **** *******************************************************************************/
 583:Generated_Source\PSoC5/CyDmac.c **** cystatus CyDmaChStatus(uint8 chHandle, uint8 * currentTd, uint8 * state) 
 584:Generated_Source\PSoC5/CyDmac.c **** {
 2650              		.loc 1 584 0
 2651              		.cfi_startproc
 2652              		@ args = 0, pretend = 0, frame = 0
 2653              		@ frame_needed = 0, uses_anonymous_args = 0
 2654              		@ link register save eliminated.
 2655              	.LVL81:
 585:Generated_Source\PSoC5/CyDmac.c ****     cystatus status = CYRET_BAD_PARAM;
 586:Generated_Source\PSoC5/CyDmac.c **** 
 587:Generated_Source\PSoC5/CyDmac.c ****     if(chHandle < CY_DMA_NUMBEROF_CHANNELS)
 2656              		.loc 1 587 0
 2657 0000 1728     		cmp	r0, #23
 2658 0002 11D8     		bhi	.L83
 2659              	.LVL82:
 584:Generated_Source\PSoC5/CyDmac.c ****     cystatus status = CYRET_BAD_PARAM;
 2660              		.loc 1 584 0
 2661 0004 10B4     		push	{r4}
 2662              		.cfi_def_cfa_offset 4
 2663              		.cfi_offset 4, -4
 2664              	.LBB33:
 2665              	.LBB34:
 588:Generated_Source\PSoC5/CyDmac.c ****     {
 589:Generated_Source\PSoC5/CyDmac.c ****         if(NULL != currentTd)
 2666              		.loc 1 589 0
 2667 0006 31B1     		cbz	r1, .L82
 590:Generated_Source\PSoC5/CyDmac.c ****         {
 591:Generated_Source\PSoC5/CyDmac.c ****             *currentTd = CY_DMA_CH_STRUCT_PTR[chHandle].basic_status[1] & 0x7Fu;
 2668              		.loc 1 591 0
 2669 0008 094B     		ldr	r3, .L89
 2670 000a 0401     		lsls	r4, r0, #4
 2671 000c 2344     		add	r3, r3, r4
 2672 000e 5B7A     		ldrb	r3, [r3, #9]	@ zero_extendqisi2
 2673 0010 03F07F03 		and	r3, r3, #127
 2674 0014 0B70     		strb	r3, [r1]
 2675              	.L82:
 592:Generated_Source\PSoC5/CyDmac.c ****         }
 593:Generated_Source\PSoC5/CyDmac.c **** 
 594:Generated_Source\PSoC5/CyDmac.c ****         if(NULL != state)
 2676              		.loc 1 594 0
 2677 0016 4AB1     		cbz	r2, .L84
 595:Generated_Source\PSoC5/CyDmac.c ****         {
 596:Generated_Source\PSoC5/CyDmac.c ****             *state= CY_DMA_CH_STRUCT_PTR[chHandle].basic_status[0];
 2678              		.loc 1 596 0
 2679 0018 054B     		ldr	r3, .L89
 2680 001a 0001     		lsls	r0, r0, #4
 2681              	.LVL83:
 2682 001c 0344     		add	r3, r3, r0
ARM GAS  C:\Users\elias\AppData\Local\Temp\cciYT9qe.s 			page 171


 2683 001e 1B7A     		ldrb	r3, [r3, #8]	@ zero_extendqisi2
 2684 0020 0020     		movs	r0, #0
 2685 0022 1370     		strb	r3, [r2]
 2686              	.L81:
 2687              	.LVL84:
 2688              	.LBE34:
 2689              	.LBE33:
 597:Generated_Source\PSoC5/CyDmac.c ****         }
 598:Generated_Source\PSoC5/CyDmac.c **** 
 599:Generated_Source\PSoC5/CyDmac.c ****         status = CYRET_SUCCESS;
 600:Generated_Source\PSoC5/CyDmac.c ****     }
 601:Generated_Source\PSoC5/CyDmac.c **** 
 602:Generated_Source\PSoC5/CyDmac.c ****     return (status);
 603:Generated_Source\PSoC5/CyDmac.c **** }
 2690              		.loc 1 603 0
 2691 0024 10BC     		pop	{r4}
 2692              		.cfi_restore 4
 2693              		.cfi_def_cfa_offset 0
 2694 0026 7047     		bx	lr
 2695              	.LVL85:
 2696              	.L83:
 585:Generated_Source\PSoC5/CyDmac.c **** 
 2697              		.loc 1 585 0
 2698 0028 0120     		movs	r0, #1
 2699              	.LVL86:
 2700              		.loc 1 603 0
 2701 002a 7047     		bx	lr
 2702              	.LVL87:
 2703              	.L84:
 2704              		.cfi_def_cfa_offset 4
 2705              		.cfi_offset 4, -4
 2706              	.LBB36:
 2707              	.LBB35:
 594:Generated_Source\PSoC5/CyDmac.c ****         {
 2708              		.loc 1 594 0
 2709 002c 1046     		mov	r0, r2
 2710              	.LVL88:
 2711 002e F9E7     		b	.L81
 2712              	.L90:
 2713              		.align	2
 2714              	.L89:
 2715 0030 10700040 		.word	1073770512
 2716              	.LBE35:
 2717              	.LBE36:
 2718              		.cfi_endproc
 2719              	.LFE14:
 2720              		.size	CyDmaChStatus, .-CyDmaChStatus
 2721              		.section	.text.CyDmaChSetConfiguration,"ax",%progbits
 2722              		.align	2
 2723              		.global	CyDmaChSetConfiguration
 2724              		.thumb
 2725              		.thumb_func
 2726              		.type	CyDmaChSetConfiguration, %function
 2727              	CyDmaChSetConfiguration:
 2728              	.LFB15:
 604:Generated_Source\PSoC5/CyDmac.c **** 
 605:Generated_Source\PSoC5/CyDmac.c **** 
ARM GAS  C:\Users\elias\AppData\Local\Temp\cciYT9qe.s 			page 172


 606:Generated_Source\PSoC5/CyDmac.c **** /*******************************************************************************
 607:Generated_Source\PSoC5/CyDmac.c **** * Function Name: CyDmaChSetConfiguration
 608:Generated_Source\PSoC5/CyDmac.c **** ****************************************************************************//**
 609:Generated_Source\PSoC5/CyDmac.c **** *
 610:Generated_Source\PSoC5/CyDmac.c **** * Sets configuration information of the channel.
 611:Generated_Source\PSoC5/CyDmac.c **** *
 612:Generated_Source\PSoC5/CyDmac.c **** *  \param uint8 chHandle:
 613:Generated_Source\PSoC5/CyDmac.c **** *   A handle previously returned by CyDmaChAlloc() or DMA_DmaInitialize().
 614:Generated_Source\PSoC5/CyDmac.c **** *
 615:Generated_Source\PSoC5/CyDmac.c **** *  \param uint8 burstCount:
 616:Generated_Source\PSoC5/CyDmac.c **** *   Specifies the size of bursts (1 to 127) the data transfer should be divided
 617:Generated_Source\PSoC5/CyDmac.c **** *   into. If this value is zero then the whole transfer is done in one burst.
 618:Generated_Source\PSoC5/CyDmac.c **** *
 619:Generated_Source\PSoC5/CyDmac.c **** *  \param uint8 requestPerBurst:
 620:Generated_Source\PSoC5/CyDmac.c **** *   The whole of the data can be split into multiple bursts, if this is
 621:Generated_Source\PSoC5/CyDmac.c **** *   \param required to complete the transaction:
 622:Generated_Source\PSoC5/CyDmac.c **** *    \param 0: All subsequent bursts after the first burst will be automatically
 623:Generated_Source\PSoC5/CyDmac.c **** *       requested and carried out
 624:Generated_Source\PSoC5/CyDmac.c **** *    \param 1: All subsequent bursts after the first burst must also be individually
 625:Generated_Source\PSoC5/CyDmac.c **** *       requested.
 626:Generated_Source\PSoC5/CyDmac.c **** *
 627:Generated_Source\PSoC5/CyDmac.c **** *  \param uint8 tdDone0:
 628:Generated_Source\PSoC5/CyDmac.c **** *   Selects one of the TERMOUT0 interrupt lines to signal completion. The line
 629:Generated_Source\PSoC5/CyDmac.c **** *   connected to the nrq terminal will determine the TERMOUT0_SEL definition and
 630:Generated_Source\PSoC5/CyDmac.c **** *   should be used as supplied by cyfitter.h
 631:Generated_Source\PSoC5/CyDmac.c **** *
 632:Generated_Source\PSoC5/CyDmac.c **** *  \param uint8 tdDone1:
 633:Generated_Source\PSoC5/CyDmac.c **** *   Selects one of the TERMOUT1 interrupt lines to signal completion. The line
 634:Generated_Source\PSoC5/CyDmac.c **** *   connected to the nrq terminal will determine the TERMOUT1_SEL definition and
 635:Generated_Source\PSoC5/CyDmac.c **** *   should be used as supplied by cyfitter.h
 636:Generated_Source\PSoC5/CyDmac.c **** *
 637:Generated_Source\PSoC5/CyDmac.c **** *  \param uint8 tdStop:
 638:Generated_Source\PSoC5/CyDmac.c **** *   Selects one of the TERMIN interrupt lines to signal to the DMAC that the TD
 639:Generated_Source\PSoC5/CyDmac.c **** *   should terminate. The signal connected to the trq terminal will determine
 640:Generated_Source\PSoC5/CyDmac.c **** *   which TERMIN (termination request) is used.
 641:Generated_Source\PSoC5/CyDmac.c **** *
 642:Generated_Source\PSoC5/CyDmac.c **** * \return
 643:Generated_Source\PSoC5/CyDmac.c **** *  CYRET_SUCCESS if successful.
 644:Generated_Source\PSoC5/CyDmac.c **** *  CYRET_BAD_PARAM if chHandle is invalid.
 645:Generated_Source\PSoC5/CyDmac.c **** *
 646:Generated_Source\PSoC5/CyDmac.c **** *******************************************************************************/
 647:Generated_Source\PSoC5/CyDmac.c **** cystatus CyDmaChSetConfiguration(uint8 chHandle, uint8 burstCount, uint8 requestPerBurst,
 648:Generated_Source\PSoC5/CyDmac.c ****                                  uint8 tdDone0, uint8 tdDone1, uint8 tdStop) 
 649:Generated_Source\PSoC5/CyDmac.c **** {
 2729              		.loc 1 649 0
 2730              		.cfi_startproc
 2731              		@ args = 8, pretend = 0, frame = 0
 2732              		@ frame_needed = 0, uses_anonymous_args = 0
 2733              		@ link register save eliminated.
 2734              	.LVL89:
 2735 0000 70B4     		push	{r4, r5, r6}
 2736              		.cfi_def_cfa_offset 12
 2737              		.cfi_offset 4, -12
 2738              		.cfi_offset 5, -8
 2739              		.cfi_offset 6, -4
 650:Generated_Source\PSoC5/CyDmac.c ****     cystatus status = CYRET_BAD_PARAM;
 651:Generated_Source\PSoC5/CyDmac.c **** 
ARM GAS  C:\Users\elias\AppData\Local\Temp\cciYT9qe.s 			page 173


 652:Generated_Source\PSoC5/CyDmac.c ****     if(chHandle < CY_DMA_NUMBEROF_CHANNELS)
 2740              		.loc 1 652 0
 2741 0002 1728     		cmp	r0, #23
 649:Generated_Source\PSoC5/CyDmac.c ****     cystatus status = CYRET_BAD_PARAM;
 2742              		.loc 1 649 0
 2743 0004 9DF80C60 		ldrb	r6, [sp, #12]	@ zero_extendqisi2
 2744 0008 9DF81050 		ldrb	r5, [sp, #16]	@ zero_extendqisi2
 2745              		.loc 1 652 0
 2746 000c 18D8     		bhi	.L93
 2747              	.LVL90:
 2748              	.LBB39:
 2749              	.LBB40:
 653:Generated_Source\PSoC5/CyDmac.c ****     {
 654:Generated_Source\PSoC5/CyDmac.c ****         CY_DMA_CFGMEM_STRUCT_PTR[chHandle].CFG0[0] = (burstCount & 0x7Fu) | ((uint8)((requestPerBur
 2750              		.loc 1 654 0
 2751 000e C000     		lsls	r0, r0, #3
 2752              	.LVL91:
 2753 0010 01F07F01 		and	r1, r1, #127
 2754              	.LVL92:
 655:Generated_Source\PSoC5/CyDmac.c ****         CY_DMA_CFGMEM_STRUCT_PTR[chHandle].CFG0[1] = ((uint8)((tdDone1 & 0xFu) << 4u)) | (tdDone0 &
 2755              		.loc 1 655 0
 2756 0014 03F00F03 		and	r3, r3, #15
 2757              	.LVL93:
 654:Generated_Source\PSoC5/CyDmac.c ****         CY_DMA_CFGMEM_STRUCT_PTR[chHandle].CFG0[1] = ((uint8)((tdDone1 & 0xFu) << 4u)) | (tdDone0 &
 2758              		.loc 1 654 0
 2759 0018 00F18044 		add	r4, r0, #1073741824
 2760 001c 41EAC211 		orr	r1, r1, r2, lsl #7
 2761              		.loc 1 655 0
 2762 0020 43EA0613 		orr	r3, r3, r6, lsl #4
 654:Generated_Source\PSoC5/CyDmac.c ****         CY_DMA_CFGMEM_STRUCT_PTR[chHandle].CFG0[1] = ((uint8)((tdDone1 & 0xFu) << 4u)) | (tdDone0 &
 2763              		.loc 1 654 0
 2764 0024 04F5EC44 		add	r4, r4, #30208
 656:Generated_Source\PSoC5/CyDmac.c ****         CY_DMA_CFGMEM_STRUCT_PTR[chHandle].CFG0[2] = 0x0Fu & tdStop;
 2765              		.loc 1 656 0
 2766 0028 05F00F05 		and	r5, r5, #15
 2767              	.LVL94:
 657:Generated_Source\PSoC5/CyDmac.c ****         CY_DMA_CFGMEM_STRUCT_PTR[chHandle].CFG0[3] = 0u; /* burstcount_remain. */
 2768              		.loc 1 657 0
 2769 002c 0022     		movs	r2, #0
 2770              	.LVL95:
 654:Generated_Source\PSoC5/CyDmac.c ****         CY_DMA_CFGMEM_STRUCT_PTR[chHandle].CFG0[1] = ((uint8)((tdDone1 & 0xFu) << 4u)) | (tdDone0 &
 2771              		.loc 1 654 0
 2772 002e C9B2     		uxtb	r1, r1
 655:Generated_Source\PSoC5/CyDmac.c ****         CY_DMA_CFGMEM_STRUCT_PTR[chHandle].CFG0[2] = 0x0Fu & tdStop;
 2773              		.loc 1 655 0
 2774 0030 DBB2     		uxtb	r3, r3
 654:Generated_Source\PSoC5/CyDmac.c ****         CY_DMA_CFGMEM_STRUCT_PTR[chHandle].CFG0[1] = ((uint8)((tdDone1 & 0xFu) << 4u)) | (tdDone0 &
 2775              		.loc 1 654 0
 2776 0032 2170     		strb	r1, [r4]
 655:Generated_Source\PSoC5/CyDmac.c ****         CY_DMA_CFGMEM_STRUCT_PTR[chHandle].CFG0[2] = 0x0Fu & tdStop;
 2777              		.loc 1 655 0
 2778 0034 6370     		strb	r3, [r4, #1]
 656:Generated_Source\PSoC5/CyDmac.c ****         CY_DMA_CFGMEM_STRUCT_PTR[chHandle].CFG0[3] = 0u; /* burstcount_remain. */
 2779              		.loc 1 656 0
 2780 0036 A570     		strb	r5, [r4, #2]
 2781              		.loc 1 657 0
 2782 0038 E270     		strb	r2, [r4, #3]
ARM GAS  C:\Users\elias\AppData\Local\Temp\cciYT9qe.s 			page 174


 2783              	.LVL96:
 2784 003a 1046     		mov	r0, r2
 2785              	.LVL97:
 2786              	.LBE40:
 2787              	.LBE39:
 658:Generated_Source\PSoC5/CyDmac.c **** 
 659:Generated_Source\PSoC5/CyDmac.c ****         status = CYRET_SUCCESS;
 660:Generated_Source\PSoC5/CyDmac.c ****     }
 661:Generated_Source\PSoC5/CyDmac.c **** 
 662:Generated_Source\PSoC5/CyDmac.c ****     return (status);
 663:Generated_Source\PSoC5/CyDmac.c **** }
 2788              		.loc 1 663 0
 2789 003c 70BC     		pop	{r4, r5, r6}
 2790              		.cfi_remember_state
 2791              		.cfi_restore 6
 2792              		.cfi_restore 5
 2793              		.cfi_restore 4
 2794              		.cfi_def_cfa_offset 0
 2795              	.LVL98:
 2796 003e 7047     		bx	lr
 2797              	.LVL99:
 2798              	.L93:
 2799              		.cfi_restore_state
 650:Generated_Source\PSoC5/CyDmac.c **** 
 2800              		.loc 1 650 0
 2801 0040 0120     		movs	r0, #1
 2802              	.LVL100:
 2803              		.loc 1 663 0
 2804 0042 70BC     		pop	{r4, r5, r6}
 2805              		.cfi_restore 4
 2806              		.cfi_restore 5
 2807              		.cfi_restore 6
 2808              		.cfi_def_cfa_offset 0
 2809              	.LVL101:
 2810 0044 7047     		bx	lr
 2811              		.cfi_endproc
 2812              	.LFE15:
 2813              		.size	CyDmaChSetConfiguration, .-CyDmaChSetConfiguration
 2814 0046 00BF     		.section	.text.CyDmaTdAllocate,"ax",%progbits
 2815              		.align	2
 2816              		.global	CyDmaTdAllocate
 2817              		.thumb
 2818              		.thumb_func
 2819              		.type	CyDmaTdAllocate, %function
 2820              	CyDmaTdAllocate:
 2821              	.LFB16:
 664:Generated_Source\PSoC5/CyDmac.c **** 
 665:Generated_Source\PSoC5/CyDmac.c **** 
 666:Generated_Source\PSoC5/CyDmac.c **** /*******************************************************************************
 667:Generated_Source\PSoC5/CyDmac.c **** * Function Name: CyDmaTdAllocate
 668:Generated_Source\PSoC5/CyDmac.c **** ****************************************************************************//**
 669:Generated_Source\PSoC5/CyDmac.c **** *
 670:Generated_Source\PSoC5/CyDmac.c **** *  Allocates a TD for use with an allocated DMA channel.
 671:Generated_Source\PSoC5/CyDmac.c **** *
 672:Generated_Source\PSoC5/CyDmac.c **** * \return
 673:Generated_Source\PSoC5/CyDmac.c **** *  Zero-based index of the TD to be used by the caller. Since there are 128 TDs
 674:Generated_Source\PSoC5/CyDmac.c **** *  minus the reserved TDs (0 to 23), the value returned would range from 24 to
ARM GAS  C:\Users\elias\AppData\Local\Temp\cciYT9qe.s 			page 175


 675:Generated_Source\PSoC5/CyDmac.c **** *  127 not 24 to 128. DMA_INVALID_TD is returned if there are no free TDs
 676:Generated_Source\PSoC5/CyDmac.c **** *  available.
 677:Generated_Source\PSoC5/CyDmac.c **** *
 678:Generated_Source\PSoC5/CyDmac.c **** *******************************************************************************/
 679:Generated_Source\PSoC5/CyDmac.c **** uint8 CyDmaTdAllocate(void) 
 680:Generated_Source\PSoC5/CyDmac.c **** {
 2822              		.loc 1 680 0
 2823              		.cfi_startproc
 2824              		@ args = 0, pretend = 0, frame = 0
 2825              		@ frame_needed = 0, uses_anonymous_args = 0
 2826              	.LVL102:
 2827 0000 10B5     		push	{r4, lr}
 2828              		.cfi_def_cfa_offset 8
 2829              		.cfi_offset 4, -8
 2830              		.cfi_offset 14, -4
 681:Generated_Source\PSoC5/CyDmac.c ****     uint8 interruptState;
 682:Generated_Source\PSoC5/CyDmac.c ****     uint8 element = CY_DMA_INVALID_TD;
 683:Generated_Source\PSoC5/CyDmac.c **** 
 684:Generated_Source\PSoC5/CyDmac.c ****     /* Enter critical section! */
 685:Generated_Source\PSoC5/CyDmac.c ****     interruptState = CyEnterCriticalSection();
 2831              		.loc 1 685 0
 2832 0002 FFF7FEFF 		bl	CyEnterCriticalSection
 2833              	.LVL103:
 686:Generated_Source\PSoC5/CyDmac.c **** 
 687:Generated_Source\PSoC5/CyDmac.c ****     if(CyDmaTdCurrentNumber > NUMBEROF_CHANNELS)
 2834              		.loc 1 687 0
 2835 0006 0B4B     		ldr	r3, .L100
 2836 0008 5A78     		ldrb	r2, [r3, #1]	@ zero_extendqisi2
 2837 000a 182A     		cmp	r2, #24
 2838 000c 04D8     		bhi	.L99
 682:Generated_Source\PSoC5/CyDmac.c **** 
 2839              		.loc 1 682 0
 2840 000e FF24     		movs	r4, #255
 2841              	.LVL104:
 688:Generated_Source\PSoC5/CyDmac.c ****     {
 689:Generated_Source\PSoC5/CyDmac.c ****         /* Get pointer to Next available. */
 690:Generated_Source\PSoC5/CyDmac.c ****         element = CyDmaTdFreeIndex;
 691:Generated_Source\PSoC5/CyDmac.c **** 
 692:Generated_Source\PSoC5/CyDmac.c ****         /* Decrement the count. */
 693:Generated_Source\PSoC5/CyDmac.c ****         CyDmaTdCurrentNumber--;
 694:Generated_Source\PSoC5/CyDmac.c **** 
 695:Generated_Source\PSoC5/CyDmac.c ****         /* Update next available pointer. */
 696:Generated_Source\PSoC5/CyDmac.c ****         CyDmaTdFreeIndex = CY_DMA_TDMEM_STRUCT_PTR[element].TD0[0];
 697:Generated_Source\PSoC5/CyDmac.c ****     }
 698:Generated_Source\PSoC5/CyDmac.c **** 
 699:Generated_Source\PSoC5/CyDmac.c ****     /* Exit critical section! */
 700:Generated_Source\PSoC5/CyDmac.c ****     CyExitCriticalSection(interruptState);
 2842              		.loc 1 700 0
 2843 0010 FFF7FEFF 		bl	CyExitCriticalSection
 2844              	.LVL105:
 701:Generated_Source\PSoC5/CyDmac.c **** 
 702:Generated_Source\PSoC5/CyDmac.c ****     return(element);
 703:Generated_Source\PSoC5/CyDmac.c **** }
 2845              		.loc 1 703 0
 2846 0014 2046     		mov	r0, r4
 2847 0016 10BD     		pop	{r4, pc}
 2848              	.LVL106:
ARM GAS  C:\Users\elias\AppData\Local\Temp\cciYT9qe.s 			page 176


 2849              	.L99:
 690:Generated_Source\PSoC5/CyDmac.c **** 
 2850              		.loc 1 690 0
 2851 0018 1C78     		ldrb	r4, [r3]	@ zero_extendqisi2
 2852              	.LVL107:
 693:Generated_Source\PSoC5/CyDmac.c **** 
 2853              		.loc 1 693 0
 2854 001a 013A     		subs	r2, r2, #1
 696:Generated_Source\PSoC5/CyDmac.c ****     }
 2855              		.loc 1 696 0
 2856 001c E100     		lsls	r1, r4, #3
 2857 001e 01F18041 		add	r1, r1, #1073741824
 2858 0022 01F5F041 		add	r1, r1, #30720
 2859 0026 0978     		ldrb	r1, [r1]	@ zero_extendqisi2
 693:Generated_Source\PSoC5/CyDmac.c **** 
 2860              		.loc 1 693 0
 2861 0028 5A70     		strb	r2, [r3, #1]
 696:Generated_Source\PSoC5/CyDmac.c ****     }
 2862              		.loc 1 696 0
 2863 002a 1970     		strb	r1, [r3]
 700:Generated_Source\PSoC5/CyDmac.c **** 
 2864              		.loc 1 700 0
 2865 002c FFF7FEFF 		bl	CyExitCriticalSection
 2866              	.LVL108:
 2867              		.loc 1 703 0
 2868 0030 2046     		mov	r0, r4
 2869 0032 10BD     		pop	{r4, pc}
 2870              	.LVL109:
 2871              	.L101:
 2872              		.align	2
 2873              	.L100:
 2874 0034 00000000 		.word	.LANCHOR0
 2875              		.cfi_endproc
 2876              	.LFE16:
 2877              		.size	CyDmaTdAllocate, .-CyDmaTdAllocate
 2878              		.section	.text.CyDmaTdFree,"ax",%progbits
 2879              		.align	2
 2880              		.global	CyDmaTdFree
 2881              		.thumb
 2882              		.thumb_func
 2883              		.type	CyDmaTdFree, %function
 2884              	CyDmaTdFree:
 2885              	.LFB17:
 704:Generated_Source\PSoC5/CyDmac.c **** 
 705:Generated_Source\PSoC5/CyDmac.c **** 
 706:Generated_Source\PSoC5/CyDmac.c **** /*******************************************************************************
 707:Generated_Source\PSoC5/CyDmac.c **** * Function Name: CyDmaTdFree
 708:Generated_Source\PSoC5/CyDmac.c **** ****************************************************************************//**
 709:Generated_Source\PSoC5/CyDmac.c **** *
 710:Generated_Source\PSoC5/CyDmac.c **** *  Returns a TD to the free list.
 711:Generated_Source\PSoC5/CyDmac.c **** *
 712:Generated_Source\PSoC5/CyDmac.c **** *  \param uint8 tdHandle:
 713:Generated_Source\PSoC5/CyDmac.c **** *   The TD handle returned by the CyDmaTdAllocate().
 714:Generated_Source\PSoC5/CyDmac.c **** *
 715:Generated_Source\PSoC5/CyDmac.c **** *******************************************************************************/
 716:Generated_Source\PSoC5/CyDmac.c **** void CyDmaTdFree(uint8 tdHandle) 
 717:Generated_Source\PSoC5/CyDmac.c **** {
ARM GAS  C:\Users\elias\AppData\Local\Temp\cciYT9qe.s 			page 177


 2886              		.loc 1 717 0
 2887              		.cfi_startproc
 2888              		@ args = 0, pretend = 0, frame = 0
 2889              		@ frame_needed = 0, uses_anonymous_args = 0
 2890              	.LVL110:
 718:Generated_Source\PSoC5/CyDmac.c ****     if(tdHandle < CY_DMA_NUMBEROF_TDS)
 2891              		.loc 1 718 0
 2892 0000 0206     		lsls	r2, r0, #24
 2893 0002 13D4     		bmi	.L105
 717:Generated_Source\PSoC5/CyDmac.c ****     if(tdHandle < CY_DMA_NUMBEROF_TDS)
 2894              		.loc 1 717 0
 2895 0004 38B5     		push	{r3, r4, r5, lr}
 2896              		.cfi_def_cfa_offset 16
 2897              		.cfi_offset 3, -16
 2898              		.cfi_offset 4, -12
 2899              		.cfi_offset 5, -8
 2900              		.cfi_offset 14, -4
 2901 0006 0446     		mov	r4, r0
 2902              	.LVL111:
 2903              	.LBB44:
 2904              	.LBB45:
 719:Generated_Source\PSoC5/CyDmac.c ****     {
 720:Generated_Source\PSoC5/CyDmac.c ****         /* Enter critical section! */
 721:Generated_Source\PSoC5/CyDmac.c ****         uint8 interruptState = CyEnterCriticalSection();
 2905              		.loc 1 721 0
 2906 0008 FFF7FEFF 		bl	CyEnterCriticalSection
 2907              	.LVL112:
 722:Generated_Source\PSoC5/CyDmac.c **** 
 723:Generated_Source\PSoC5/CyDmac.c ****         /* Get pointer to Next available. */
 724:Generated_Source\PSoC5/CyDmac.c ****         CY_DMA_TDMEM_STRUCT_PTR[tdHandle].TD0[0u] = CyDmaTdFreeIndex;
 2908              		.loc 1 724 0
 2909 000c 084A     		ldr	r2, .L106
 2910 000e E300     		lsls	r3, r4, #3
 725:Generated_Source\PSoC5/CyDmac.c **** 
 726:Generated_Source\PSoC5/CyDmac.c ****         /* Set new Next Available. */
 727:Generated_Source\PSoC5/CyDmac.c ****         CyDmaTdFreeIndex = tdHandle;
 728:Generated_Source\PSoC5/CyDmac.c **** 
 729:Generated_Source\PSoC5/CyDmac.c ****         /* Keep track of how many left. */
 730:Generated_Source\PSoC5/CyDmac.c ****         CyDmaTdCurrentNumber++;
 2911              		.loc 1 730 0
 2912 0010 5178     		ldrb	r1, [r2, #1]	@ zero_extendqisi2
 724:Generated_Source\PSoC5/CyDmac.c **** 
 2913              		.loc 1 724 0
 2914 0012 1578     		ldrb	r5, [r2]	@ zero_extendqisi2
 2915 0014 03F18043 		add	r3, r3, #1073741824
 2916 0018 03F5F043 		add	r3, r3, #30720
 2917              		.loc 1 730 0
 2918 001c 0131     		adds	r1, r1, #1
 724:Generated_Source\PSoC5/CyDmac.c **** 
 2919              		.loc 1 724 0
 2920 001e 1D70     		strb	r5, [r3]
 2921              		.loc 1 730 0
 2922 0020 5170     		strb	r1, [r2, #1]
 727:Generated_Source\PSoC5/CyDmac.c **** 
 2923              		.loc 1 727 0
 2924 0022 1470     		strb	r4, [r2]
 2925              	.LBE45:
ARM GAS  C:\Users\elias\AppData\Local\Temp\cciYT9qe.s 			page 178


 2926              	.LBE44:
 731:Generated_Source\PSoC5/CyDmac.c **** 
 732:Generated_Source\PSoC5/CyDmac.c ****         /* Exit critical section! */
 733:Generated_Source\PSoC5/CyDmac.c ****         CyExitCriticalSection(interruptState);
 734:Generated_Source\PSoC5/CyDmac.c ****     }
 735:Generated_Source\PSoC5/CyDmac.c **** }
 2927              		.loc 1 735 0
 2928 0024 BDE83840 		pop	{r3, r4, r5, lr}
 2929              		.cfi_restore 14
 2930              		.cfi_restore 5
 2931              		.cfi_restore 4
 2932              		.cfi_restore 3
 2933              		.cfi_def_cfa_offset 0
 2934              	.LVL113:
 2935              	.LBB47:
 2936              	.LBB46:
 733:Generated_Source\PSoC5/CyDmac.c ****     }
 2937              		.loc 1 733 0
 2938 0028 FFF7FEBF 		b	CyExitCriticalSection
 2939              	.LVL114:
 2940              	.L105:
 2941 002c 7047     		bx	lr
 2942              	.L107:
 2943 002e 00BF     		.align	2
 2944              	.L106:
 2945 0030 00000000 		.word	.LANCHOR0
 2946              	.LBE46:
 2947              	.LBE47:
 2948              		.cfi_endproc
 2949              	.LFE17:
 2950              		.size	CyDmaTdFree, .-CyDmaTdFree
 2951              		.section	.text.CyDmaTdFreeCount,"ax",%progbits
 2952              		.align	2
 2953              		.global	CyDmaTdFreeCount
 2954              		.thumb
 2955              		.thumb_func
 2956              		.type	CyDmaTdFreeCount, %function
 2957              	CyDmaTdFreeCount:
 2958              	.LFB18:
 736:Generated_Source\PSoC5/CyDmac.c **** 
 737:Generated_Source\PSoC5/CyDmac.c **** 
 738:Generated_Source\PSoC5/CyDmac.c **** /*******************************************************************************
 739:Generated_Source\PSoC5/CyDmac.c **** * Function Name: CyDmaTdFreeCount
 740:Generated_Source\PSoC5/CyDmac.c **** ****************************************************************************//**
 741:Generated_Source\PSoC5/CyDmac.c **** *
 742:Generated_Source\PSoC5/CyDmac.c **** *  Returns the number of free TDs available to be allocated.
 743:Generated_Source\PSoC5/CyDmac.c **** *
 744:Generated_Source\PSoC5/CyDmac.c **** * \return
 745:Generated_Source\PSoC5/CyDmac.c **** *  The number of free TDs.
 746:Generated_Source\PSoC5/CyDmac.c **** *
 747:Generated_Source\PSoC5/CyDmac.c **** *******************************************************************************/
 748:Generated_Source\PSoC5/CyDmac.c **** uint8 CyDmaTdFreeCount(void) 
 749:Generated_Source\PSoC5/CyDmac.c **** {
 2959              		.loc 1 749 0
 2960              		.cfi_startproc
 2961              		@ args = 0, pretend = 0, frame = 0
 2962              		@ frame_needed = 0, uses_anonymous_args = 0
ARM GAS  C:\Users\elias\AppData\Local\Temp\cciYT9qe.s 			page 179


 2963              		@ link register save eliminated.
 750:Generated_Source\PSoC5/CyDmac.c ****     return(CyDmaTdCurrentNumber - CY_DMA_NUMBEROF_CHANNELS);
 2964              		.loc 1 750 0
 2965 0000 024B     		ldr	r3, .L109
 2966 0002 5878     		ldrb	r0, [r3, #1]	@ zero_extendqisi2
 2967 0004 1838     		subs	r0, r0, #24
 751:Generated_Source\PSoC5/CyDmac.c **** }
 2968              		.loc 1 751 0
 2969 0006 C0B2     		uxtb	r0, r0
 2970 0008 7047     		bx	lr
 2971              	.L110:
 2972 000a 00BF     		.align	2
 2973              	.L109:
 2974 000c 00000000 		.word	.LANCHOR0
 2975              		.cfi_endproc
 2976              	.LFE18:
 2977              		.size	CyDmaTdFreeCount, .-CyDmaTdFreeCount
 2978              		.section	.text.CyDmaTdSetConfiguration,"ax",%progbits
 2979              		.align	2
 2980              		.global	CyDmaTdSetConfiguration
 2981              		.thumb
 2982              		.thumb_func
 2983              		.type	CyDmaTdSetConfiguration, %function
 2984              	CyDmaTdSetConfiguration:
 2985              	.LFB19:
 752:Generated_Source\PSoC5/CyDmac.c **** 
 753:Generated_Source\PSoC5/CyDmac.c **** 
 754:Generated_Source\PSoC5/CyDmac.c **** /*******************************************************************************
 755:Generated_Source\PSoC5/CyDmac.c **** * Function Name: CyDmaTdSetConfiguration
 756:Generated_Source\PSoC5/CyDmac.c **** ****************************************************************************//**
 757:Generated_Source\PSoC5/CyDmac.c **** *
 758:Generated_Source\PSoC5/CyDmac.c **** *  Configures the TD.
 759:Generated_Source\PSoC5/CyDmac.c **** *
 760:Generated_Source\PSoC5/CyDmac.c **** *  \param uint8 tdHandle:
 761:Generated_Source\PSoC5/CyDmac.c **** *   A handle previously returned by CyDmaTdAlloc().
 762:Generated_Source\PSoC5/CyDmac.c **** *
 763:Generated_Source\PSoC5/CyDmac.c **** *  \param uint16 transferCount:
 764:Generated_Source\PSoC5/CyDmac.c **** *   The size of the data transfer (in bytes) for this TD. A size of zero will
 765:Generated_Source\PSoC5/CyDmac.c **** *   cause the transfer to continue indefinitely. This parameter is limited to
 766:Generated_Source\PSoC5/CyDmac.c **** *   4095 bytes; the TD is not initialized at all when a higher value is passed.
 767:Generated_Source\PSoC5/CyDmac.c **** *
 768:Generated_Source\PSoC5/CyDmac.c **** *  \param uint8 nextTd:
 769:Generated_Source\PSoC5/CyDmac.c **** *   Zero based index of the next Transfer Descriptor in the TD chain. Zero is a
 770:Generated_Source\PSoC5/CyDmac.c **** *   valid pointer to the next TD; DMA_END_CHAIN_TD is the end of the chain.
 771:Generated_Source\PSoC5/CyDmac.c **** *   DMA_DISABLE_TD indicates an end to the chain and the DMA is disabled. No
 772:Generated_Source\PSoC5/CyDmac.c **** *   further TDs are fetched. DMA_DISABLE_TD is only supported on PSoC3 and
 773:Generated_Source\PSoC5/CyDmac.c **** *   PSoC 5LP silicons.
 774:Generated_Source\PSoC5/CyDmac.c **** *
 775:Generated_Source\PSoC5/CyDmac.c **** *  \param uint8 configuration:
 776:Generated_Source\PSoC5/CyDmac.c **** *   Stores the Bit field of configuration bits.
 777:Generated_Source\PSoC5/CyDmac.c **** *
 778:Generated_Source\PSoC5/CyDmac.c **** *   CY_DMA_TD_SWAP_EN        - Perform endian swap
 779:Generated_Source\PSoC5/CyDmac.c **** *
 780:Generated_Source\PSoC5/CyDmac.c **** *   CY_DMA_TD_SWAP_SIZE4     - Swap size = 4 bytes
 781:Generated_Source\PSoC5/CyDmac.c **** *
 782:Generated_Source\PSoC5/CyDmac.c **** *   CY_DMA_TD_AUTO_EXEC_NEXT - The next TD in the chain will trigger
 783:Generated_Source\PSoC5/CyDmac.c **** *                              automatically when the current TD completes.
ARM GAS  C:\Users\elias\AppData\Local\Temp\cciYT9qe.s 			page 180


 784:Generated_Source\PSoC5/CyDmac.c **** *
 785:Generated_Source\PSoC5/CyDmac.c **** *   CY_DMA_TD_TERMIN_EN      - Terminate this TD if a positive edge on the trq
 786:Generated_Source\PSoC5/CyDmac.c **** *                              input line occurs. The positive edge must occur
 787:Generated_Source\PSoC5/CyDmac.c **** *                              during a burst. That is the only time the DMAC
 788:Generated_Source\PSoC5/CyDmac.c **** *                              will listen for it.
 789:Generated_Source\PSoC5/CyDmac.c **** *
 790:Generated_Source\PSoC5/CyDmac.c **** *   DMA__TD_TERMOUT_EN       - When this TD completes, the TERMOUT signal will
 791:Generated_Source\PSoC5/CyDmac.c **** *                              generate a pulse. Note that this option is
 792:Generated_Source\PSoC5/CyDmac.c **** *                              instance specific with the instance name followed
 793:Generated_Source\PSoC5/CyDmac.c **** *                              by two underscores. In this example, the instance
 794:Generated_Source\PSoC5/CyDmac.c **** *                              name is DMA.
 795:Generated_Source\PSoC5/CyDmac.c **** *
 796:Generated_Source\PSoC5/CyDmac.c **** *   CY_DMA_TD_INC_DST_ADR    - Increment DST_ADR according to the size of each
 797:Generated_Source\PSoC5/CyDmac.c **** *                              data transaction in the burst.
 798:Generated_Source\PSoC5/CyDmac.c **** *
 799:Generated_Source\PSoC5/CyDmac.c **** *   CY_DMA_TD_INC_SRC_ADR    - Increment SRC_ADR according to the size of each
 800:Generated_Source\PSoC5/CyDmac.c **** *                              data transaction in the burst.
 801:Generated_Source\PSoC5/CyDmac.c **** *
 802:Generated_Source\PSoC5/CyDmac.c **** * \return
 803:Generated_Source\PSoC5/CyDmac.c **** *  CYRET_SUCCESS if successful.
 804:Generated_Source\PSoC5/CyDmac.c **** *  CYRET_BAD_PARAM if tdHandle or transferCount is invalid.
 805:Generated_Source\PSoC5/CyDmac.c **** *
 806:Generated_Source\PSoC5/CyDmac.c **** *******************************************************************************/
 807:Generated_Source\PSoC5/CyDmac.c **** cystatus CyDmaTdSetConfiguration(uint8 tdHandle, uint16 transferCount, uint8 nextTd, uint8 configur
 808:Generated_Source\PSoC5/CyDmac.c ****     
 809:Generated_Source\PSoC5/CyDmac.c **** {
 2986              		.loc 1 809 0
 2987              		.cfi_startproc
 2988              		@ args = 0, pretend = 0, frame = 0
 2989              		@ frame_needed = 0, uses_anonymous_args = 0
 2990              		@ link register save eliminated.
 2991              	.LVL115:
 810:Generated_Source\PSoC5/CyDmac.c ****     cystatus status = CYRET_BAD_PARAM;
 811:Generated_Source\PSoC5/CyDmac.c **** 
 812:Generated_Source\PSoC5/CyDmac.c ****     if((tdHandle < CY_DMA_NUMBEROF_TDS) && (0u == (0xF000u & transferCount)))
 2992              		.loc 1 812 0
 2993 0000 10F0800F 		tst	r0, #128
 2994 0004 11D1     		bne	.L113
 809:Generated_Source\PSoC5/CyDmac.c ****     cystatus status = CYRET_BAD_PARAM;
 2995              		.loc 1 809 0 discriminator 1
 2996 0006 30B4     		push	{r4, r5}
 2997              		.cfi_def_cfa_offset 8
 2998              		.cfi_offset 4, -8
 2999              		.cfi_offset 5, -4
 3000              		.loc 1 812 0 discriminator 1
 3001 0008 11F47045 		ands	r5, r1, #61440
 3002 000c 0AD1     		bne	.L114
 3003              	.LBB48:
 813:Generated_Source\PSoC5/CyDmac.c ****     {
 814:Generated_Source\PSoC5/CyDmac.c ****         /* Set 12 bits transfer count. */
 815:Generated_Source\PSoC5/CyDmac.c ****         reg16 *convert = (reg16 *) &CY_DMA_TDMEM_STRUCT_PTR[tdHandle].TD0[0u];
 3004              		.loc 1 815 0
 3005 000e C400     		lsls	r4, r0, #3
 3006 0010 04F18044 		add	r4, r4, #1073741824
 3007 0014 04F5F044 		add	r4, r4, #30720
 3008              	.LVL116:
 816:Generated_Source\PSoC5/CyDmac.c ****         CY_SET_REG16(convert, transferCount);
ARM GAS  C:\Users\elias\AppData\Local\Temp\cciYT9qe.s 			page 181


 3009              		.loc 1 816 0
 3010 0018 2180     		strh	r1, [r4]	@ movhi
 817:Generated_Source\PSoC5/CyDmac.c **** 
 818:Generated_Source\PSoC5/CyDmac.c ****         /* Set Next TD pointer. */
 819:Generated_Source\PSoC5/CyDmac.c ****         CY_DMA_TDMEM_STRUCT_PTR[tdHandle].TD0[2u] = nextTd;
 3011              		.loc 1 819 0
 3012 001a A270     		strb	r2, [r4, #2]
 820:Generated_Source\PSoC5/CyDmac.c **** 
 821:Generated_Source\PSoC5/CyDmac.c ****         /* Configure the TD */
 822:Generated_Source\PSoC5/CyDmac.c ****         CY_DMA_TDMEM_STRUCT_PTR[tdHandle].TD0[3u] = configuration;
 3013              		.loc 1 822 0
 3014 001c E370     		strb	r3, [r4, #3]
 3015              	.LVL117:
 823:Generated_Source\PSoC5/CyDmac.c **** 
 824:Generated_Source\PSoC5/CyDmac.c ****         status = CYRET_SUCCESS;
 3016              		.loc 1 824 0
 3017 001e 2846     		mov	r0, r5
 3018              	.LVL118:
 3019              	.LBE48:
 825:Generated_Source\PSoC5/CyDmac.c ****     }
 826:Generated_Source\PSoC5/CyDmac.c **** 
 827:Generated_Source\PSoC5/CyDmac.c ****     return(status);
 828:Generated_Source\PSoC5/CyDmac.c **** }
 3020              		.loc 1 828 0
 3021 0020 30BC     		pop	{r4, r5}
 3022              		.cfi_remember_state
 3023              		.cfi_restore 5
 3024              		.cfi_restore 4
 3025              		.cfi_def_cfa_offset 0
 3026              	.LVL119:
 3027 0022 7047     		bx	lr
 3028              	.LVL120:
 3029              	.L114:
 3030              		.cfi_restore_state
 810:Generated_Source\PSoC5/CyDmac.c **** 
 3031              		.loc 1 810 0
 3032 0024 0120     		movs	r0, #1
 3033              	.LVL121:
 3034              		.loc 1 828 0
 3035 0026 30BC     		pop	{r4, r5}
 3036              		.cfi_restore 4
 3037              		.cfi_restore 5
 3038              		.cfi_def_cfa_offset 0
 3039 0028 7047     		bx	lr
 3040              	.LVL122:
 3041              	.L113:
 810:Generated_Source\PSoC5/CyDmac.c **** 
 3042              		.loc 1 810 0
 3043 002a 0120     		movs	r0, #1
 3044              	.LVL123:
 3045              		.loc 1 828 0
 3046 002c 7047     		bx	lr
 3047              		.cfi_endproc
 3048              	.LFE19:
 3049              		.size	CyDmaTdSetConfiguration, .-CyDmaTdSetConfiguration
 3050 002e 00BF     		.section	.text.CyDmaTdGetConfiguration,"ax",%progbits
 3051              		.align	2
ARM GAS  C:\Users\elias\AppData\Local\Temp\cciYT9qe.s 			page 182


 3052              		.global	CyDmaTdGetConfiguration
 3053              		.thumb
 3054              		.thumb_func
 3055              		.type	CyDmaTdGetConfiguration, %function
 3056              	CyDmaTdGetConfiguration:
 3057              	.LFB20:
 829:Generated_Source\PSoC5/CyDmac.c **** 
 830:Generated_Source\PSoC5/CyDmac.c **** 
 831:Generated_Source\PSoC5/CyDmac.c **** /*******************************************************************************
 832:Generated_Source\PSoC5/CyDmac.c **** * Function Name: CyDmaTdGetConfiguration
 833:Generated_Source\PSoC5/CyDmac.c **** ****************************************************************************//**
 834:Generated_Source\PSoC5/CyDmac.c **** *
 835:Generated_Source\PSoC5/CyDmac.c **** *  Retrieves the configuration of the TD. If a NULL pointer is passed as a
 836:Generated_Source\PSoC5/CyDmac.c **** *  parameter, that parameter is skipped. You may request only the values you are
 837:Generated_Source\PSoC5/CyDmac.c **** *  interested in.
 838:Generated_Source\PSoC5/CyDmac.c **** *
 839:Generated_Source\PSoC5/CyDmac.c **** *  \param uint8 tdHandle:
 840:Generated_Source\PSoC5/CyDmac.c **** *   A handle previously returned by CyDmaTdAlloc().
 841:Generated_Source\PSoC5/CyDmac.c **** *
 842:Generated_Source\PSoC5/CyDmac.c **** *  \param uint16 * transferCount:
 843:Generated_Source\PSoC5/CyDmac.c **** *   The address to store the size of the data transfer (in bytes) for this TD.
 844:Generated_Source\PSoC5/CyDmac.c **** *   A size of zero could indicate that the TD has completed its transfer, or
 845:Generated_Source\PSoC5/CyDmac.c **** *   that the TD is doing an indefinite transfer.
 846:Generated_Source\PSoC5/CyDmac.c **** *
 847:Generated_Source\PSoC5/CyDmac.c **** *  \param uint8 * nextTd:
 848:Generated_Source\PSoC5/CyDmac.c **** *   The address to store the index of the next TD in the TD chain.
 849:Generated_Source\PSoC5/CyDmac.c **** *
 850:Generated_Source\PSoC5/CyDmac.c **** *  \param uint8 * configuration:
 851:Generated_Source\PSoC5/CyDmac.c **** *   The address to store the Bit field of configuration bits.
 852:Generated_Source\PSoC5/CyDmac.c **** *   See CyDmaTdSetConfiguration() function description.
 853:Generated_Source\PSoC5/CyDmac.c **** *
 854:Generated_Source\PSoC5/CyDmac.c **** * \return
 855:Generated_Source\PSoC5/CyDmac.c **** *  CYRET_SUCCESS if successful.
 856:Generated_Source\PSoC5/CyDmac.c **** *  CYRET_BAD_PARAM if tdHandle is invalid.
 857:Generated_Source\PSoC5/CyDmac.c **** *
 858:Generated_Source\PSoC5/CyDmac.c **** * \sideeffect
 859:Generated_Source\PSoC5/CyDmac.c **** *  If TD has a transfer count of N and is executed, the transfer count becomes
 860:Generated_Source\PSoC5/CyDmac.c **** *  0. If it is reexecuted, the Transfer count of zero will be interpreted as a
 861:Generated_Source\PSoC5/CyDmac.c **** *  request for indefinite transfer. Be careful when requesting TD with a
 862:Generated_Source\PSoC5/CyDmac.c **** *  transfer count of zero.
 863:Generated_Source\PSoC5/CyDmac.c **** *
 864:Generated_Source\PSoC5/CyDmac.c **** *******************************************************************************/
 865:Generated_Source\PSoC5/CyDmac.c **** cystatus CyDmaTdGetConfiguration(uint8 tdHandle, uint16 * transferCount, uint8 * nextTd, uint8 * co
 866:Generated_Source\PSoC5/CyDmac.c ****     
 867:Generated_Source\PSoC5/CyDmac.c **** {
 3058              		.loc 1 867 0
 3059              		.cfi_startproc
 3060              		@ args = 0, pretend = 0, frame = 0
 3061              		@ frame_needed = 0, uses_anonymous_args = 0
 3062              		@ link register save eliminated.
 3063              	.LVL124:
 868:Generated_Source\PSoC5/CyDmac.c ****     cystatus status = CYRET_BAD_PARAM;
 869:Generated_Source\PSoC5/CyDmac.c **** 
 870:Generated_Source\PSoC5/CyDmac.c ****     if(tdHandle < CY_DMA_NUMBEROF_TDS)
 3064              		.loc 1 870 0
 3065 0000 10F0800F 		tst	r0, #128
 3066 0004 1DD1     		bne	.L120
ARM GAS  C:\Users\elias\AppData\Local\Temp\cciYT9qe.s 			page 183


 867:Generated_Source\PSoC5/CyDmac.c ****     cystatus status = CYRET_BAD_PARAM;
 3067              		.loc 1 867 0
 3068 0006 10B4     		push	{r4}
 3069              		.cfi_def_cfa_offset 4
 3070              		.cfi_offset 4, -4
 871:Generated_Source\PSoC5/CyDmac.c ****     {
 872:Generated_Source\PSoC5/CyDmac.c ****         /* If we have pointer */
 873:Generated_Source\PSoC5/CyDmac.c ****         if(NULL != transferCount)
 3071              		.loc 1 873 0
 3072 0008 41B1     		cbz	r1, .L118
 3073              	.LBB49:
 874:Generated_Source\PSoC5/CyDmac.c ****         {
 875:Generated_Source\PSoC5/CyDmac.c ****             /* Get 12 bits of transfer count */
 876:Generated_Source\PSoC5/CyDmac.c ****             reg16 *convert = (reg16 *) &CY_DMA_TDMEM_STRUCT_PTR[tdHandle].TD0[0];
 3074              		.loc 1 876 0
 3075 000a C400     		lsls	r4, r0, #3
 3076 000c 04F18044 		add	r4, r4, #1073741824
 3077 0010 04F5F044 		add	r4, r4, #30720
 3078              	.LVL125:
 877:Generated_Source\PSoC5/CyDmac.c ****             *transferCount = 0x0FFFu & CY_GET_REG16(convert);
 3079              		.loc 1 877 0
 3080 0014 2488     		ldrh	r4, [r4]
 3081              	.LVL126:
 3082 0016 C4F30B04 		ubfx	r4, r4, #0, #12
 3083 001a 0C80     		strh	r4, [r1]	@ movhi
 3084              	.LVL127:
 3085              	.L118:
 3086              	.LBE49:
 878:Generated_Source\PSoC5/CyDmac.c ****         }
 879:Generated_Source\PSoC5/CyDmac.c **** 
 880:Generated_Source\PSoC5/CyDmac.c ****         /* If we have pointer */
 881:Generated_Source\PSoC5/CyDmac.c ****         if(NULL != nextTd)
 3087              		.loc 1 881 0
 3088 001c 32B1     		cbz	r2, .L119
 882:Generated_Source\PSoC5/CyDmac.c ****         {
 883:Generated_Source\PSoC5/CyDmac.c ****             /* Get Next TD pointer */
 884:Generated_Source\PSoC5/CyDmac.c ****             *nextTd = CY_DMA_TDMEM_STRUCT_PTR[tdHandle].TD0[2u];
 3089              		.loc 1 884 0
 3090 001e C100     		lsls	r1, r0, #3
 3091              	.LVL128:
 3092 0020 01F18041 		add	r1, r1, #1073741824
 3093 0024 01F5F041 		add	r1, r1, #30720
 3094 0028 8978     		ldrb	r1, [r1, #2]	@ zero_extendqisi2
 3095 002a 1170     		strb	r1, [r2]
 3096              	.L119:
 885:Generated_Source\PSoC5/CyDmac.c ****         }
 886:Generated_Source\PSoC5/CyDmac.c **** 
 887:Generated_Source\PSoC5/CyDmac.c ****         /* If we have pointer */
 888:Generated_Source\PSoC5/CyDmac.c ****         if(NULL != configuration)
 3097              		.loc 1 888 0
 3098 002c 5BB1     		cbz	r3, .L121
 889:Generated_Source\PSoC5/CyDmac.c ****         {
 890:Generated_Source\PSoC5/CyDmac.c ****             /* Get configuration TD */
 891:Generated_Source\PSoC5/CyDmac.c ****             *configuration = CY_DMA_TDMEM_STRUCT_PTR[tdHandle].TD0[3u];
 3099              		.loc 1 891 0
 3100 002e C000     		lsls	r0, r0, #3
 3101              	.LVL129:
ARM GAS  C:\Users\elias\AppData\Local\Temp\cciYT9qe.s 			page 184


 3102 0030 00F18040 		add	r0, r0, #1073741824
 3103 0034 00F5F040 		add	r0, r0, #30720
 3104 0038 C278     		ldrb	r2, [r0, #3]	@ zero_extendqisi2
 3105              	.LVL130:
 892:Generated_Source\PSoC5/CyDmac.c ****         }
 893:Generated_Source\PSoC5/CyDmac.c **** 
 894:Generated_Source\PSoC5/CyDmac.c ****         status = CYRET_SUCCESS;
 3106              		.loc 1 894 0
 3107 003a 0020     		movs	r0, #0
 891:Generated_Source\PSoC5/CyDmac.c ****         }
 3108              		.loc 1 891 0
 3109 003c 1A70     		strb	r2, [r3]
 3110              	.L117:
 3111              	.LVL131:
 895:Generated_Source\PSoC5/CyDmac.c ****     }
 896:Generated_Source\PSoC5/CyDmac.c **** 
 897:Generated_Source\PSoC5/CyDmac.c ****     return(status);
 898:Generated_Source\PSoC5/CyDmac.c **** }
 3112              		.loc 1 898 0
 3113 003e 10BC     		pop	{r4}
 3114              		.cfi_restore 4
 3115              		.cfi_def_cfa_offset 0
 3116 0040 7047     		bx	lr
 3117              	.LVL132:
 3118              	.L120:
 868:Generated_Source\PSoC5/CyDmac.c **** 
 3119              		.loc 1 868 0
 3120 0042 0120     		movs	r0, #1
 3121              	.LVL133:
 3122              		.loc 1 898 0
 3123 0044 7047     		bx	lr
 3124              	.LVL134:
 3125              	.L121:
 3126              		.cfi_def_cfa_offset 4
 3127              		.cfi_offset 4, -4
 894:Generated_Source\PSoC5/CyDmac.c ****     }
 3128              		.loc 1 894 0
 3129 0046 1846     		mov	r0, r3
 3130              	.LVL135:
 3131 0048 F9E7     		b	.L117
 3132              		.cfi_endproc
 3133              	.LFE20:
 3134              		.size	CyDmaTdGetConfiguration, .-CyDmaTdGetConfiguration
 3135 004a 00BF     		.section	.text.CyDmaTdSetAddress,"ax",%progbits
 3136              		.align	2
 3137              		.global	CyDmaTdSetAddress
 3138              		.thumb
 3139              		.thumb_func
 3140              		.type	CyDmaTdSetAddress, %function
 3141              	CyDmaTdSetAddress:
 3142              	.LFB21:
 899:Generated_Source\PSoC5/CyDmac.c **** 
 900:Generated_Source\PSoC5/CyDmac.c **** 
 901:Generated_Source\PSoC5/CyDmac.c **** /*******************************************************************************
 902:Generated_Source\PSoC5/CyDmac.c **** * Function Name: CyDmaTdSetAddress
 903:Generated_Source\PSoC5/CyDmac.c **** ****************************************************************************//**
 904:Generated_Source\PSoC5/CyDmac.c **** *
ARM GAS  C:\Users\elias\AppData\Local\Temp\cciYT9qe.s 			page 185


 905:Generated_Source\PSoC5/CyDmac.c **** *  Sets the lower 16 bits of the source and destination addresses for this TD
 906:Generated_Source\PSoC5/CyDmac.c **** *  only.
 907:Generated_Source\PSoC5/CyDmac.c **** *
 908:Generated_Source\PSoC5/CyDmac.c **** *  \param uint8 tdHandle:
 909:Generated_Source\PSoC5/CyDmac.c **** *   A handle previously returned by CyDmaTdAlloc().
 910:Generated_Source\PSoC5/CyDmac.c **** *
 911:Generated_Source\PSoC5/CyDmac.c **** *  \param uint16 source:
 912:Generated_Source\PSoC5/CyDmac.c **** *   The lower 16 address bits of the source of the data transfer.
 913:Generated_Source\PSoC5/CyDmac.c **** *
 914:Generated_Source\PSoC5/CyDmac.c **** *  \param uint16 destination:
 915:Generated_Source\PSoC5/CyDmac.c **** *   The lower 16 address bits of the destination of the data transfer.
 916:Generated_Source\PSoC5/CyDmac.c **** *
 917:Generated_Source\PSoC5/CyDmac.c **** * \return
 918:Generated_Source\PSoC5/CyDmac.c **** *  CYRET_SUCCESS if successful.
 919:Generated_Source\PSoC5/CyDmac.c **** *  CYRET_BAD_PARAM if tdHandle is invalid.
 920:Generated_Source\PSoC5/CyDmac.c **** *
 921:Generated_Source\PSoC5/CyDmac.c **** *******************************************************************************/
 922:Generated_Source\PSoC5/CyDmac.c **** cystatus CyDmaTdSetAddress(uint8 tdHandle, uint16 source, uint16 destination) 
 923:Generated_Source\PSoC5/CyDmac.c **** {
 3143              		.loc 1 923 0
 3144              		.cfi_startproc
 3145              		@ args = 0, pretend = 0, frame = 0
 3146              		@ frame_needed = 0, uses_anonymous_args = 0
 3147              		@ link register save eliminated.
 3148              	.LVL136:
 924:Generated_Source\PSoC5/CyDmac.c ****     cystatus status = CYRET_BAD_PARAM;
 925:Generated_Source\PSoC5/CyDmac.c ****     reg16 *convert;
 926:Generated_Source\PSoC5/CyDmac.c **** 
 927:Generated_Source\PSoC5/CyDmac.c ****     if(tdHandle < CY_DMA_NUMBEROF_TDS)
 3149              		.loc 1 927 0
 3150 0000 0306     		lsls	r3, r0, #24
 3151 0002 08D4     		bmi	.L131
 928:Generated_Source\PSoC5/CyDmac.c ****     {
 929:Generated_Source\PSoC5/CyDmac.c ****         /* Set source address */
 930:Generated_Source\PSoC5/CyDmac.c ****         convert = (reg16 *) &CY_DMA_TDMEM_STRUCT_PTR[tdHandle].TD1[0u];
 3152              		.loc 1 930 0
 3153 0004 C000     		lsls	r0, r0, #3
 3154              	.LVL137:
 3155 0006 00F18043 		add	r3, r0, #1073741824
 3156 000a 03F5F043 		add	r3, r3, #30720
 3157              	.LVL138:
 931:Generated_Source\PSoC5/CyDmac.c ****         CY_SET_REG16(convert, source);
 3158              		.loc 1 931 0
 3159 000e 9980     		strh	r1, [r3, #4]	@ movhi
 3160              	.LVL139:
 932:Generated_Source\PSoC5/CyDmac.c **** 
 933:Generated_Source\PSoC5/CyDmac.c ****         /* Set destination address */
 934:Generated_Source\PSoC5/CyDmac.c ****         convert = (reg16 *) &CY_DMA_TDMEM_STRUCT_PTR[tdHandle].TD1[2u];
 935:Generated_Source\PSoC5/CyDmac.c ****         CY_SET_REG16(convert, destination);
 936:Generated_Source\PSoC5/CyDmac.c **** 
 937:Generated_Source\PSoC5/CyDmac.c ****         status = CYRET_SUCCESS;
 3161              		.loc 1 937 0
 3162 0010 0020     		movs	r0, #0
 935:Generated_Source\PSoC5/CyDmac.c **** 
 3163              		.loc 1 935 0
 3164 0012 DA80     		strh	r2, [r3, #6]	@ movhi
 3165              	.LVL140:
ARM GAS  C:\Users\elias\AppData\Local\Temp\cciYT9qe.s 			page 186


 3166 0014 7047     		bx	lr
 3167              	.LVL141:
 3168              	.L131:
 924:Generated_Source\PSoC5/CyDmac.c ****     reg16 *convert;
 3169              		.loc 1 924 0
 3170 0016 0120     		movs	r0, #1
 3171              	.LVL142:
 938:Generated_Source\PSoC5/CyDmac.c ****     }
 939:Generated_Source\PSoC5/CyDmac.c **** 
 940:Generated_Source\PSoC5/CyDmac.c ****     return(status);
 941:Generated_Source\PSoC5/CyDmac.c **** }
 3172              		.loc 1 941 0
 3173 0018 7047     		bx	lr
 3174              		.cfi_endproc
 3175              	.LFE21:
 3176              		.size	CyDmaTdSetAddress, .-CyDmaTdSetAddress
 3177 001a 00BF     		.section	.text.CyDmaTdGetAddress,"ax",%progbits
 3178              		.align	2
 3179              		.global	CyDmaTdGetAddress
 3180              		.thumb
 3181              		.thumb_func
 3182              		.type	CyDmaTdGetAddress, %function
 3183              	CyDmaTdGetAddress:
 3184              	.LFB22:
 942:Generated_Source\PSoC5/CyDmac.c **** 
 943:Generated_Source\PSoC5/CyDmac.c **** 
 944:Generated_Source\PSoC5/CyDmac.c **** /*******************************************************************************
 945:Generated_Source\PSoC5/CyDmac.c **** * Function Name: CyDmaTdGetAddress
 946:Generated_Source\PSoC5/CyDmac.c **** ****************************************************************************//**
 947:Generated_Source\PSoC5/CyDmac.c **** *
 948:Generated_Source\PSoC5/CyDmac.c **** *  Retrieves the lower 16 bits of the source and/or destination addresses for
 949:Generated_Source\PSoC5/CyDmac.c **** *  this TD only. If NULL is passed for a pointer parameter, that value is
 950:Generated_Source\PSoC5/CyDmac.c **** *  skipped. You may request only the values of interest.
 951:Generated_Source\PSoC5/CyDmac.c **** *
 952:Generated_Source\PSoC5/CyDmac.c **** *  \param uint8 tdHandle:
 953:Generated_Source\PSoC5/CyDmac.c **** *   A handle previously returned by CyDmaTdAlloc().
 954:Generated_Source\PSoC5/CyDmac.c **** *
 955:Generated_Source\PSoC5/CyDmac.c **** *  \param uint16 * source:
 956:Generated_Source\PSoC5/CyDmac.c **** *   The address to store the lower 16 address bits of the source of the data
 957:Generated_Source\PSoC5/CyDmac.c **** *   transfer.
 958:Generated_Source\PSoC5/CyDmac.c **** *
 959:Generated_Source\PSoC5/CyDmac.c **** *  \param uint16 * destination:
 960:Generated_Source\PSoC5/CyDmac.c **** *   The address to store the lower 16 address bits of the destination of the
 961:Generated_Source\PSoC5/CyDmac.c **** *   data transfer.
 962:Generated_Source\PSoC5/CyDmac.c **** *
 963:Generated_Source\PSoC5/CyDmac.c **** * \return
 964:Generated_Source\PSoC5/CyDmac.c **** *  CYRET_SUCCESS if successful.
 965:Generated_Source\PSoC5/CyDmac.c **** *  CYRET_BAD_PARAM if tdHandle is invalid.
 966:Generated_Source\PSoC5/CyDmac.c **** *
 967:Generated_Source\PSoC5/CyDmac.c **** *******************************************************************************/
 968:Generated_Source\PSoC5/CyDmac.c **** cystatus CyDmaTdGetAddress(uint8 tdHandle, uint16 * source, uint16 * destination) 
 969:Generated_Source\PSoC5/CyDmac.c **** {
 3185              		.loc 1 969 0
 3186              		.cfi_startproc
 3187              		@ args = 0, pretend = 0, frame = 0
 3188              		@ frame_needed = 0, uses_anonymous_args = 0
 3189              		@ link register save eliminated.
ARM GAS  C:\Users\elias\AppData\Local\Temp\cciYT9qe.s 			page 187


 3190              	.LVL143:
 970:Generated_Source\PSoC5/CyDmac.c ****     cystatus status = CYRET_BAD_PARAM;
 971:Generated_Source\PSoC5/CyDmac.c ****     reg16 *convert;
 972:Generated_Source\PSoC5/CyDmac.c **** 
 973:Generated_Source\PSoC5/CyDmac.c ****     if(tdHandle < CY_DMA_NUMBEROF_TDS)
 3191              		.loc 1 973 0
 3192 0000 0306     		lsls	r3, r0, #24
 3193 0002 11D4     		bmi	.L135
 974:Generated_Source\PSoC5/CyDmac.c ****     {
 975:Generated_Source\PSoC5/CyDmac.c ****         /* If we have a pointer. */
 976:Generated_Source\PSoC5/CyDmac.c ****         if(NULL != source)
 3194              		.loc 1 976 0
 3195 0004 31B1     		cbz	r1, .L134
 977:Generated_Source\PSoC5/CyDmac.c ****         {
 978:Generated_Source\PSoC5/CyDmac.c ****             /* Get source address */
 979:Generated_Source\PSoC5/CyDmac.c ****             convert = (reg16 *) &CY_DMA_TDMEM_STRUCT_PTR[tdHandle].TD1[0u];
 3196              		.loc 1 979 0
 3197 0006 C300     		lsls	r3, r0, #3
 3198 0008 03F18043 		add	r3, r3, #1073741824
 3199 000c 03F5F043 		add	r3, r3, #30720
 3200              	.LVL144:
 980:Generated_Source\PSoC5/CyDmac.c ****             *source = CY_GET_REG16(convert);
 3201              		.loc 1 980 0
 3202 0010 9B88     		ldrh	r3, [r3, #4]
 3203              	.LVL145:
 3204 0012 0B80     		strh	r3, [r1]	@ movhi
 3205              	.LVL146:
 3206              	.L134:
 981:Generated_Source\PSoC5/CyDmac.c ****         }
 982:Generated_Source\PSoC5/CyDmac.c **** 
 983:Generated_Source\PSoC5/CyDmac.c ****         /* If we have a pointer. */
 984:Generated_Source\PSoC5/CyDmac.c ****         if(NULL != destination)
 3207              		.loc 1 984 0
 3208 0014 52B1     		cbz	r2, .L136
 985:Generated_Source\PSoC5/CyDmac.c ****         {
 986:Generated_Source\PSoC5/CyDmac.c ****             /* Get Destination address. */
 987:Generated_Source\PSoC5/CyDmac.c ****             convert = (reg16 *) &CY_DMA_TDMEM_STRUCT_PTR[tdHandle].TD1[2u];
 3209              		.loc 1 987 0
 3210 0016 C000     		lsls	r0, r0, #3
 3211              	.LVL147:
 3212 0018 00F18040 		add	r0, r0, #1073741824
 3213 001c 00F5F040 		add	r0, r0, #30720
 3214              	.LVL148:
 988:Generated_Source\PSoC5/CyDmac.c ****             *destination = CY_GET_REG16(convert);
 3215              		.loc 1 988 0
 3216 0020 C388     		ldrh	r3, [r0, #6]
 989:Generated_Source\PSoC5/CyDmac.c ****         }
 990:Generated_Source\PSoC5/CyDmac.c **** 
 991:Generated_Source\PSoC5/CyDmac.c ****         status = CYRET_SUCCESS;
 3217              		.loc 1 991 0
 3218 0022 0020     		movs	r0, #0
 3219              	.LVL149:
 988:Generated_Source\PSoC5/CyDmac.c ****             *destination = CY_GET_REG16(convert);
 3220              		.loc 1 988 0
 3221 0024 1380     		strh	r3, [r2]	@ movhi
 3222 0026 7047     		bx	lr
 3223              	.LVL150:
ARM GAS  C:\Users\elias\AppData\Local\Temp\cciYT9qe.s 			page 188


 3224              	.L135:
 970:Generated_Source\PSoC5/CyDmac.c ****     reg16 *convert;
 3225              		.loc 1 970 0
 3226 0028 0120     		movs	r0, #1
 3227              	.LVL151:
 3228 002a 7047     		bx	lr
 3229              	.LVL152:
 3230              	.L136:
 3231              		.loc 1 991 0
 3232 002c 1046     		mov	r0, r2
 3233              	.LVL153:
 992:Generated_Source\PSoC5/CyDmac.c ****     }
 993:Generated_Source\PSoC5/CyDmac.c **** 
 994:Generated_Source\PSoC5/CyDmac.c ****     return(status);
 995:Generated_Source\PSoC5/CyDmac.c **** }
 3234              		.loc 1 995 0
 3235 002e 7047     		bx	lr
 3236              		.cfi_endproc
 3237              	.LFE22:
 3238              		.size	CyDmaTdGetAddress, .-CyDmaTdGetAddress
 3239              		.section	.text.CyDmaChRoundRobin,"ax",%progbits
 3240              		.align	2
 3241              		.global	CyDmaChRoundRobin
 3242              		.thumb
 3243              		.thumb_func
 3244              		.type	CyDmaChRoundRobin, %function
 3245              	CyDmaChRoundRobin:
 3246              	.LFB23:
 996:Generated_Source\PSoC5/CyDmac.c **** 
 997:Generated_Source\PSoC5/CyDmac.c **** 
 998:Generated_Source\PSoC5/CyDmac.c **** /*******************************************************************************
 999:Generated_Source\PSoC5/CyDmac.c **** * Function Name: CyDmaChRoundRobin
1000:Generated_Source\PSoC5/CyDmac.c **** ****************************************************************************//**
1001:Generated_Source\PSoC5/CyDmac.c **** *
1002:Generated_Source\PSoC5/CyDmac.c **** * Either enables or disables the Round-Robin scheduling enforcement algorithm.
1003:Generated_Source\PSoC5/CyDmac.c **** * Within a priority level a Round-Robin fairness algorithm is enforced.
1004:Generated_Source\PSoC5/CyDmac.c **** *
1005:Generated_Source\PSoC5/CyDmac.c **** * \param uint8 chHandle:
1006:Generated_Source\PSoC5/CyDmac.c **** *  A handle previously returned by CyDmaChAlloc() or Dma_DmaInitialize().
1007:Generated_Source\PSoC5/CyDmac.c **** *
1008:Generated_Source\PSoC5/CyDmac.c **** * \param uint8 enableRR:
1009:Generated_Source\PSoC5/CyDmac.c **** *  \param 0: Disable Round-Robin fairness algorithm
1010:Generated_Source\PSoC5/CyDmac.c **** *  \param 1: Enable Round-Robin fairness algorithm
1011:Generated_Source\PSoC5/CyDmac.c **** *
1012:Generated_Source\PSoC5/CyDmac.c **** * \return
1013:Generated_Source\PSoC5/CyDmac.c **** * CYRET_SUCCESS if successful.
1014:Generated_Source\PSoC5/CyDmac.c **** * CYRET_BAD_PARAM if chHandle is invalid.
1015:Generated_Source\PSoC5/CyDmac.c **** *
1016:Generated_Source\PSoC5/CyDmac.c **** *******************************************************************************/
1017:Generated_Source\PSoC5/CyDmac.c **** cystatus CyDmaChRoundRobin(uint8 chHandle, uint8 enableRR) 
1018:Generated_Source\PSoC5/CyDmac.c **** {
 3247              		.loc 1 1018 0
 3248              		.cfi_startproc
 3249              		@ args = 0, pretend = 0, frame = 0
 3250              		@ frame_needed = 0, uses_anonymous_args = 0
 3251              		@ link register save eliminated.
 3252              	.LVL154:
ARM GAS  C:\Users\elias\AppData\Local\Temp\cciYT9qe.s 			page 189


1019:Generated_Source\PSoC5/CyDmac.c ****     cystatus status = CYRET_BAD_PARAM;
1020:Generated_Source\PSoC5/CyDmac.c **** 
1021:Generated_Source\PSoC5/CyDmac.c ****     if(chHandle < CY_DMA_NUMBEROF_CHANNELS)
 3253              		.loc 1 1021 0
 3254 0000 1728     		cmp	r0, #23
 3255 0002 12D8     		bhi	.L143
1022:Generated_Source\PSoC5/CyDmac.c ****     {
1023:Generated_Source\PSoC5/CyDmac.c ****         if (0u != enableRR)
 3256              		.loc 1 1023 0
 3257 0004 49B9     		cbnz	r1, .L146
1018:Generated_Source\PSoC5/CyDmac.c ****     cystatus status = CYRET_BAD_PARAM;
 3258              		.loc 1 1018 0
 3259 0006 10B4     		push	{r4}
 3260              		.cfi_def_cfa_offset 4
 3261              		.cfi_offset 4, -4
1024:Generated_Source\PSoC5/CyDmac.c ****         {
1025:Generated_Source\PSoC5/CyDmac.c ****             CY_DMA_CH_STRUCT_PTR[chHandle].basic_cfg[0u] |= (uint8)CY_DMA_ROUND_ROBIN_ENABLE;
1026:Generated_Source\PSoC5/CyDmac.c ****         }
1027:Generated_Source\PSoC5/CyDmac.c ****         else
1028:Generated_Source\PSoC5/CyDmac.c ****         {
1029:Generated_Source\PSoC5/CyDmac.c ****             CY_DMA_CH_STRUCT_PTR[chHandle].basic_cfg[0u] &= (uint8)(~CY_DMA_ROUND_ROBIN_ENABLE);
 3262              		.loc 1 1029 0
 3263 0008 094C     		ldr	r4, .L147
 3264 000a 0301     		lsls	r3, r0, #4
 3265 000c 1A5D     		ldrb	r2, [r3, r4]	@ zero_extendqisi2
1030:Generated_Source\PSoC5/CyDmac.c ****         }
1031:Generated_Source\PSoC5/CyDmac.c **** 
1032:Generated_Source\PSoC5/CyDmac.c ****         status = CYRET_SUCCESS;
 3266              		.loc 1 1032 0
 3267 000e 0846     		mov	r0, r1
 3268              	.LVL155:
1029:Generated_Source\PSoC5/CyDmac.c ****         }
 3269              		.loc 1 1029 0
 3270 0010 02F0EF02 		and	r2, r2, #239
 3271 0014 1A55     		strb	r2, [r3, r4]
 3272              	.LVL156:
1033:Generated_Source\PSoC5/CyDmac.c ****     }
1034:Generated_Source\PSoC5/CyDmac.c **** 
1035:Generated_Source\PSoC5/CyDmac.c ****     return(status);
1036:Generated_Source\PSoC5/CyDmac.c **** }
 3273              		.loc 1 1036 0
 3274 0016 10BC     		pop	{r4}
 3275              		.cfi_restore 4
 3276              		.cfi_def_cfa_offset 0
 3277 0018 7047     		bx	lr
 3278              	.LVL157:
 3279              	.L146:
 3280              	.LBB52:
 3281              	.LBB53:
1025:Generated_Source\PSoC5/CyDmac.c ****         }
 3282              		.loc 1 1025 0
 3283 001a 0549     		ldr	r1, .L147
 3284              	.LVL158:
 3285 001c 0301     		lsls	r3, r0, #4
 3286 001e 5A5C     		ldrb	r2, [r3, r1]	@ zero_extendqisi2
 3287 0020 0020     		movs	r0, #0
 3288              	.LVL159:
ARM GAS  C:\Users\elias\AppData\Local\Temp\cciYT9qe.s 			page 190


 3289 0022 42F01002 		orr	r2, r2, #16
 3290 0026 5A54     		strb	r2, [r3, r1]
 3291              	.LVL160:
 3292 0028 7047     		bx	lr
 3293              	.LVL161:
 3294              	.L143:
 3295              	.LBE53:
 3296              	.LBE52:
1019:Generated_Source\PSoC5/CyDmac.c **** 
 3297              		.loc 1 1019 0
 3298 002a 0120     		movs	r0, #1
 3299              	.LVL162:
 3300 002c 7047     		bx	lr
 3301              	.L148:
 3302 002e 00BF     		.align	2
 3303              	.L147:
 3304 0030 10700040 		.word	1073770512
 3305              		.cfi_endproc
 3306              	.LFE23:
 3307              		.size	CyDmaChRoundRobin, .-CyDmaChRoundRobin
 3308              		.data
 3309              		.set	.LANCHOR0,. + 0
 3310              		.type	CyDmaTdFreeIndex, %object
 3311              		.size	CyDmaTdFreeIndex, 1
 3312              	CyDmaTdFreeIndex:
 3313 0000 7F       		.byte	127
 3314              		.type	CyDmaTdCurrentNumber, %object
 3315              		.size	CyDmaTdCurrentNumber, 1
 3316              	CyDmaTdCurrentNumber:
 3317 0001 80       		.byte	-128
 3318              		.bss
 3319              		.align	2
 3320              		.set	.LANCHOR1,. + 0
 3321              		.type	CyDmaChannels, %object
 3322              		.size	CyDmaChannels, 4
 3323              	CyDmaChannels:
 3324 0000 00000000 		.space	4
 3325              		.text
 3326              	.Letext0:
 3327              		.file 2 "Generated_Source\\PSoC5\\cytypes.h"
 3328              		.file 3 "Generated_Source\\PSoC5\\CyDmac.h"
 3329              		.file 4 "Generated_Source\\PSoC5\\CyLib.h"
 3330              		.section	.debug_info,"",%progbits
 3331              	.Ldebug_info0:
 3332 0000 490C0000 		.4byte	0xc49
 3333 0004 0400     		.2byte	0x4
 3334 0006 00000000 		.4byte	.Ldebug_abbrev0
 3335 000a 04       		.byte	0x4
 3336 000b 01       		.uleb128 0x1
 3337 000c C4020000 		.4byte	.LASF87
 3338 0010 0C       		.byte	0xc
 3339 0011 3C020000 		.4byte	.LASF88
 3340 0015 7B040000 		.4byte	.LASF89
 3341 0019 30000000 		.4byte	.Ldebug_ranges0+0x30
 3342 001d 00000000 		.4byte	0
 3343 0021 00000000 		.4byte	.Ldebug_line0
 3344 0025 02       		.uleb128 0x2
ARM GAS  C:\Users\elias\AppData\Local\Temp\cciYT9qe.s 			page 191


 3345 0026 01       		.byte	0x1
 3346 0027 06       		.byte	0x6
 3347 0028 CB000000 		.4byte	.LASF0
 3348 002c 02       		.uleb128 0x2
 3349 002d 01       		.byte	0x1
 3350 002e 08       		.byte	0x8
 3351 002f D3030000 		.4byte	.LASF1
 3352 0033 02       		.uleb128 0x2
 3353 0034 02       		.byte	0x2
 3354 0035 05       		.byte	0x5
 3355 0036 F9030000 		.4byte	.LASF2
 3356 003a 02       		.uleb128 0x2
 3357 003b 02       		.byte	0x2
 3358 003c 07       		.byte	0x7
 3359 003d 0F020000 		.4byte	.LASF3
 3360 0041 02       		.uleb128 0x2
 3361 0042 04       		.byte	0x4
 3362 0043 05       		.byte	0x5
 3363 0044 07010000 		.4byte	.LASF4
 3364 0048 02       		.uleb128 0x2
 3365 0049 04       		.byte	0x4
 3366 004a 07       		.byte	0x7
 3367 004b 9A010000 		.4byte	.LASF5
 3368 004f 02       		.uleb128 0x2
 3369 0050 08       		.byte	0x8
 3370 0051 05       		.byte	0x5
 3371 0052 BD000000 		.4byte	.LASF6
 3372 0056 02       		.uleb128 0x2
 3373 0057 08       		.byte	0x8
 3374 0058 07       		.byte	0x7
 3375 0059 8B000000 		.4byte	.LASF7
 3376 005d 03       		.uleb128 0x3
 3377 005e 04       		.byte	0x4
 3378 005f 05       		.byte	0x5
 3379 0060 696E7400 		.ascii	"int\000"
 3380 0064 02       		.uleb128 0x2
 3381 0065 04       		.byte	0x4
 3382 0066 07       		.byte	0x7
 3383 0067 8D010000 		.4byte	.LASF8
 3384 006b 04       		.uleb128 0x4
 3385 006c 26010000 		.4byte	.LASF9
 3386 0070 02       		.byte	0x2
 3387 0071 E901     		.2byte	0x1e9
 3388 0073 2C000000 		.4byte	0x2c
 3389 0077 04       		.uleb128 0x4
 3390 0078 00000000 		.4byte	.LASF10
 3391 007c 02       		.byte	0x2
 3392 007d EA01     		.2byte	0x1ea
 3393 007f 3A000000 		.4byte	0x3a
 3394 0083 04       		.uleb128 0x4
 3395 0084 41010000 		.4byte	.LASF11
 3396 0088 02       		.byte	0x2
 3397 0089 EB01     		.2byte	0x1eb
 3398 008b 48000000 		.4byte	0x48
 3399 008f 02       		.uleb128 0x2
 3400 0090 04       		.byte	0x4
 3401 0091 04       		.byte	0x4
ARM GAS  C:\Users\elias\AppData\Local\Temp\cciYT9qe.s 			page 192


 3402 0092 87030000 		.4byte	.LASF12
 3403 0096 02       		.uleb128 0x2
 3404 0097 08       		.byte	0x8
 3405 0098 04       		.byte	0x4
 3406 0099 2C010000 		.4byte	.LASF13
 3407 009d 02       		.uleb128 0x2
 3408 009e 01       		.byte	0x1
 3409 009f 08       		.byte	0x8
 3410 00a0 40040000 		.4byte	.LASF14
 3411 00a4 04       		.uleb128 0x4
 3412 00a5 26050000 		.4byte	.LASF15
 3413 00a9 02       		.byte	0x2
 3414 00aa 8B02     		.2byte	0x28b
 3415 00ac 48000000 		.4byte	0x48
 3416 00b0 05       		.uleb128 0x5
 3417 00b1 6B000000 		.4byte	0x6b
 3418 00b5 04       		.uleb128 0x4
 3419 00b6 20010000 		.4byte	.LASF16
 3420 00ba 02       		.byte	0x2
 3421 00bb 9402     		.2byte	0x294
 3422 00bd C1000000 		.4byte	0xc1
 3423 00c1 05       		.uleb128 0x5
 3424 00c2 77000000 		.4byte	0x77
 3425 00c6 04       		.uleb128 0x4
 3426 00c7 65020000 		.4byte	.LASF17
 3427 00cb 02       		.byte	0x2
 3428 00cc 9502     		.2byte	0x295
 3429 00ce D2000000 		.4byte	0xd2
 3430 00d2 05       		.uleb128 0x5
 3431 00d3 83000000 		.4byte	0x83
 3432 00d7 02       		.uleb128 0x2
 3433 00d8 08       		.byte	0x8
 3434 00d9 04       		.byte	0x4
 3435 00da 88020000 		.4byte	.LASF18
 3436 00de 02       		.uleb128 0x2
 3437 00df 04       		.byte	0x4
 3438 00e0 07       		.byte	0x7
 3439 00e1 7F020000 		.4byte	.LASF19
 3440 00e5 06       		.uleb128 0x6
 3441 00e6 C4030000 		.4byte	.LASF25
 3442 00ea 10       		.byte	0x10
 3443 00eb 03       		.byte	0x3
 3444 00ec 47       		.byte	0x47
 3445 00ed 22010000 		.4byte	0x122
 3446 00f1 07       		.uleb128 0x7
 3447 00f2 05020000 		.4byte	.LASF20
 3448 00f6 03       		.byte	0x3
 3449 00f7 49       		.byte	0x49
 3450 00f8 32010000 		.4byte	0x132
 3451 00fc 00       		.byte	0
 3452 00fd 07       		.uleb128 0x7
 3453 00fe 5B010000 		.4byte	.LASF21
 3454 0102 03       		.byte	0x3
 3455 0103 4A       		.byte	0x4a
 3456 0104 37010000 		.4byte	0x137
 3457 0108 04       		.byte	0x4
 3458 0109 07       		.uleb128 0x7
ARM GAS  C:\Users\elias\AppData\Local\Temp\cciYT9qe.s 			page 193


 3459 010a 72020000 		.4byte	.LASF22
 3460 010e 03       		.byte	0x3
 3461 010f 4B       		.byte	0x4b
 3462 0110 3C010000 		.4byte	0x13c
 3463 0114 08       		.byte	0x8
 3464 0115 07       		.uleb128 0x7
 3465 0116 62010000 		.4byte	.LASF23
 3466 011a 03       		.byte	0x3
 3467 011b 4C       		.byte	0x4c
 3468 011c 41010000 		.4byte	0x141
 3469 0120 0C       		.byte	0xc
 3470 0121 00       		.byte	0
 3471 0122 08       		.uleb128 0x8
 3472 0123 B0000000 		.4byte	0xb0
 3473 0127 32010000 		.4byte	0x132
 3474 012b 09       		.uleb128 0x9
 3475 012c DE000000 		.4byte	0xde
 3476 0130 03       		.byte	0x3
 3477 0131 00       		.byte	0
 3478 0132 05       		.uleb128 0x5
 3479 0133 22010000 		.4byte	0x122
 3480 0137 05       		.uleb128 0x5
 3481 0138 22010000 		.4byte	0x122
 3482 013c 05       		.uleb128 0x5
 3483 013d 22010000 		.4byte	0x122
 3484 0141 05       		.uleb128 0x5
 3485 0142 22010000 		.4byte	0x122
 3486 0146 0A       		.uleb128 0xa
 3487 0147 57040000 		.4byte	.LASF24
 3488 014b 03       		.byte	0x3
 3489 014c 4E       		.byte	0x4e
 3490 014d E5000000 		.4byte	0xe5
 3491 0151 06       		.uleb128 0x6
 3492 0152 AC010000 		.4byte	.LASF26
 3493 0156 08       		.byte	0x8
 3494 0157 03       		.byte	0x3
 3495 0158 51       		.byte	0x51
 3496 0159 76010000 		.4byte	0x176
 3497 015d 07       		.uleb128 0x7
 3498 015e EF040000 		.4byte	.LASF27
 3499 0162 03       		.byte	0x3
 3500 0163 53       		.byte	0x53
 3501 0164 76010000 		.4byte	0x176
 3502 0168 00       		.byte	0
 3503 0169 07       		.uleb128 0x7
 3504 016a F4040000 		.4byte	.LASF28
 3505 016e 03       		.byte	0x3
 3506 016f 54       		.byte	0x54
 3507 0170 7B010000 		.4byte	0x17b
 3508 0174 04       		.byte	0x4
 3509 0175 00       		.byte	0
 3510 0176 05       		.uleb128 0x5
 3511 0177 22010000 		.4byte	0x122
 3512 017b 05       		.uleb128 0x5
 3513 017c 22010000 		.4byte	0x122
 3514 0180 0A       		.uleb128 0xa
 3515 0181 1D000000 		.4byte	.LASF29
ARM GAS  C:\Users\elias\AppData\Local\Temp\cciYT9qe.s 			page 194


 3516 0185 03       		.byte	0x3
 3517 0186 56       		.byte	0x56
 3518 0187 51010000 		.4byte	0x151
 3519 018b 06       		.uleb128 0x6
 3520 018c EF000000 		.4byte	.LASF30
 3521 0190 08       		.byte	0x8
 3522 0191 03       		.byte	0x3
 3523 0192 59       		.byte	0x59
 3524 0193 B0010000 		.4byte	0x1b0
 3525 0197 0B       		.uleb128 0xb
 3526 0198 54443000 		.ascii	"TD0\000"
 3527 019c 03       		.byte	0x3
 3528 019d 5B       		.byte	0x5b
 3529 019e B0010000 		.4byte	0x1b0
 3530 01a2 00       		.byte	0
 3531 01a3 0B       		.uleb128 0xb
 3532 01a4 54443100 		.ascii	"TD1\000"
 3533 01a8 03       		.byte	0x3
 3534 01a9 5C       		.byte	0x5c
 3535 01aa B5010000 		.4byte	0x1b5
 3536 01ae 04       		.byte	0x4
 3537 01af 00       		.byte	0
 3538 01b0 05       		.uleb128 0x5
 3539 01b1 22010000 		.4byte	0x122
 3540 01b5 05       		.uleb128 0x5
 3541 01b6 22010000 		.4byte	0x122
 3542 01ba 0A       		.uleb128 0xa
 3543 01bb BD040000 		.4byte	.LASF31
 3544 01bf 03       		.byte	0x3
 3545 01c0 5E       		.byte	0x5e
 3546 01c1 8B010000 		.4byte	0x18b
 3547 01c5 0C       		.uleb128 0xc
 3548 01c6 4F050000 		.4byte	.LASF34
 3549 01ca 01       		.byte	0x1
 3550 01cb D3       		.byte	0xd3
 3551 01cc A4000000 		.4byte	0xa4
 3552 01d0 01       		.byte	0x1
 3553 01d1 F7010000 		.4byte	0x1f7
 3554 01d5 0D       		.uleb128 0xd
 3555 01d6 0A040000 		.4byte	.LASF36
 3556 01da 01       		.byte	0x1
 3557 01db D3       		.byte	0xd3
 3558 01dc 6B000000 		.4byte	0x6b
 3559 01e0 0E       		.uleb128 0xe
 3560 01e1 F9040000 		.4byte	.LASF32
 3561 01e5 01       		.byte	0x1
 3562 01e6 D5       		.byte	0xd5
 3563 01e7 A4000000 		.4byte	0xa4
 3564 01eb 0E       		.uleb128 0xe
 3565 01ec D7000000 		.4byte	.LASF33
 3566 01f0 01       		.byte	0x1
 3567 01f1 D6       		.byte	0xd6
 3568 01f2 6B000000 		.4byte	0x6b
 3569 01f6 00       		.byte	0
 3570 01f7 0F       		.uleb128 0xf
 3571 01f8 5C000000 		.4byte	.LASF35
 3572 01fc 01       		.byte	0x1
ARM GAS  C:\Users\elias\AppData\Local\Temp\cciYT9qe.s 			page 195


 3573 01fd 0D01     		.2byte	0x10d
 3574 01ff A4000000 		.4byte	0xa4
 3575 0203 01       		.byte	0x1
 3576 0204 2D020000 		.4byte	0x22d
 3577 0208 10       		.uleb128 0x10
 3578 0209 0A040000 		.4byte	.LASF36
 3579 020d 01       		.byte	0x1
 3580 020e 0D01     		.2byte	0x10d
 3581 0210 6B000000 		.4byte	0x6b
 3582 0214 10       		.uleb128 0x10
 3583 0215 6F040000 		.4byte	.LASF37
 3584 0219 01       		.byte	0x1
 3585 021a 0D01     		.2byte	0x10d
 3586 021c 6B000000 		.4byte	0x6b
 3587 0220 11       		.uleb128 0x11
 3588 0221 F9040000 		.4byte	.LASF32
 3589 0225 01       		.byte	0x1
 3590 0226 0F01     		.2byte	0x10f
 3591 0228 A4000000 		.4byte	0xa4
 3592 022c 00       		.byte	0
 3593 022d 0F       		.uleb128 0xf
 3594 022e 29000000 		.4byte	.LASF38
 3595 0232 01       		.byte	0x1
 3596 0233 3C01     		.2byte	0x13c
 3597 0235 A4000000 		.4byte	0xa4
 3598 0239 01       		.byte	0x1
 3599 023a 57020000 		.4byte	0x257
 3600 023e 10       		.uleb128 0x10
 3601 023f 0A040000 		.4byte	.LASF36
 3602 0243 01       		.byte	0x1
 3603 0244 3C01     		.2byte	0x13c
 3604 0246 6B000000 		.4byte	0x6b
 3605 024a 11       		.uleb128 0x11
 3606 024b F9040000 		.4byte	.LASF32
 3607 024f 01       		.byte	0x1
 3608 0250 3E01     		.2byte	0x13e
 3609 0252 A4000000 		.4byte	0xa4
 3610 0256 00       		.byte	0
 3611 0257 0F       		.uleb128 0xf
 3612 0258 AF020000 		.4byte	.LASF39
 3613 025c 01       		.byte	0x1
 3614 025d 5F01     		.2byte	0x15f
 3615 025f A4000000 		.4byte	0xa4
 3616 0263 01       		.byte	0x1
 3617 0264 81020000 		.4byte	0x281
 3618 0268 10       		.uleb128 0x10
 3619 0269 0A040000 		.4byte	.LASF36
 3620 026d 01       		.byte	0x1
 3621 026e 5F01     		.2byte	0x15f
 3622 0270 6B000000 		.4byte	0x6b
 3623 0274 11       		.uleb128 0x11
 3624 0275 F9040000 		.4byte	.LASF32
 3625 0279 01       		.byte	0x1
 3626 027a 6101     		.2byte	0x161
 3627 027c A4000000 		.4byte	0xa4
 3628 0280 00       		.byte	0
 3629 0281 0F       		.uleb128 0xf
ARM GAS  C:\Users\elias\AppData\Local\Temp\cciYT9qe.s 			page 196


 3630 0282 7D010000 		.4byte	.LASF40
 3631 0286 01       		.byte	0x1
 3632 0287 7F01     		.2byte	0x17f
 3633 0289 A4000000 		.4byte	0xa4
 3634 028d 01       		.byte	0x1
 3635 028e C3020000 		.4byte	0x2c3
 3636 0292 10       		.uleb128 0x10
 3637 0293 0A040000 		.4byte	.LASF36
 3638 0297 01       		.byte	0x1
 3639 0298 7F01     		.2byte	0x17f
 3640 029a 6B000000 		.4byte	0x6b
 3641 029e 10       		.uleb128 0x10
 3642 029f 5C020000 		.4byte	.LASF41
 3643 02a3 01       		.byte	0x1
 3644 02a4 7F01     		.2byte	0x17f
 3645 02a6 6B000000 		.4byte	0x6b
 3646 02aa 11       		.uleb128 0x11
 3647 02ab 6B010000 		.4byte	.LASF42
 3648 02af 01       		.byte	0x1
 3649 02b0 8101     		.2byte	0x181
 3650 02b2 6B000000 		.4byte	0x6b
 3651 02b6 11       		.uleb128 0x11
 3652 02b7 F9040000 		.4byte	.LASF32
 3653 02bb 01       		.byte	0x1
 3654 02bc 8201     		.2byte	0x182
 3655 02be A4000000 		.4byte	0xa4
 3656 02c2 00       		.byte	0
 3657 02c3 0F       		.uleb128 0xf
 3658 02c4 B2030000 		.4byte	.LASF43
 3659 02c8 01       		.byte	0x1
 3660 02c9 FC01     		.2byte	0x1fc
 3661 02cb A4000000 		.4byte	0xa4
 3662 02cf 01       		.byte	0x1
 3663 02d0 F9020000 		.4byte	0x2f9
 3664 02d4 10       		.uleb128 0x10
 3665 02d5 0A040000 		.4byte	.LASF36
 3666 02d9 01       		.byte	0x1
 3667 02da FC01     		.2byte	0x1fc
 3668 02dc 6B000000 		.4byte	0x6b
 3669 02e0 10       		.uleb128 0x10
 3670 02e1 C8040000 		.4byte	.LASF44
 3671 02e5 01       		.byte	0x1
 3672 02e6 FC01     		.2byte	0x1fc
 3673 02e8 6B000000 		.4byte	0x6b
 3674 02ec 11       		.uleb128 0x11
 3675 02ed F9040000 		.4byte	.LASF32
 3676 02f1 01       		.byte	0x1
 3677 02f2 FE01     		.2byte	0x1fe
 3678 02f4 A4000000 		.4byte	0xa4
 3679 02f8 00       		.byte	0
 3680 02f9 0F       		.uleb128 0xf
 3681 02fa 00050000 		.4byte	.LASF45
 3682 02fe 01       		.byte	0x1
 3683 02ff 1A02     		.2byte	0x21a
 3684 0301 A4000000 		.4byte	0xa4
 3685 0305 01       		.byte	0x1
 3686 0306 23030000 		.4byte	0x323
ARM GAS  C:\Users\elias\AppData\Local\Temp\cciYT9qe.s 			page 197


 3687 030a 10       		.uleb128 0x10
 3688 030b 0A040000 		.4byte	.LASF36
 3689 030f 01       		.byte	0x1
 3690 0310 1A02     		.2byte	0x21a
 3691 0312 6B000000 		.4byte	0x6b
 3692 0316 11       		.uleb128 0x11
 3693 0317 F9040000 		.4byte	.LASF32
 3694 031b 01       		.byte	0x1
 3695 031c 1C02     		.2byte	0x21c
 3696 031e A4000000 		.4byte	0xa4
 3697 0322 00       		.byte	0
 3698 0323 0F       		.uleb128 0xf
 3699 0324 1B040000 		.4byte	.LASF46
 3700 0328 01       		.byte	0x1
 3701 0329 4702     		.2byte	0x247
 3702 032b A4000000 		.4byte	0xa4
 3703 032f 01       		.byte	0x1
 3704 0330 65030000 		.4byte	0x365
 3705 0334 10       		.uleb128 0x10
 3706 0335 0A040000 		.4byte	.LASF36
 3707 0339 01       		.byte	0x1
 3708 033a 4702     		.2byte	0x247
 3709 033c 6B000000 		.4byte	0x6b
 3710 0340 10       		.uleb128 0x10
 3711 0341 36040000 		.4byte	.LASF47
 3712 0345 01       		.byte	0x1
 3713 0346 4702     		.2byte	0x247
 3714 0348 65030000 		.4byte	0x365
 3715 034c 10       		.uleb128 0x10
 3716 034d 01010000 		.4byte	.LASF48
 3717 0351 01       		.byte	0x1
 3718 0352 4702     		.2byte	0x247
 3719 0354 65030000 		.4byte	0x365
 3720 0358 11       		.uleb128 0x11
 3721 0359 F9040000 		.4byte	.LASF32
 3722 035d 01       		.byte	0x1
 3723 035e 4902     		.2byte	0x249
 3724 0360 A4000000 		.4byte	0xa4
 3725 0364 00       		.byte	0
 3726 0365 12       		.uleb128 0x12
 3727 0366 04       		.byte	0x4
 3728 0367 6B000000 		.4byte	0x6b
 3729 036b 0F       		.uleb128 0xf
 3730 036c 2F050000 		.4byte	.LASF49
 3731 0370 01       		.byte	0x1
 3732 0371 8702     		.2byte	0x287
 3733 0373 A4000000 		.4byte	0xa4
 3734 0377 01       		.byte	0x1
 3735 0378 D1030000 		.4byte	0x3d1
 3736 037c 10       		.uleb128 0x10
 3737 037d 0A040000 		.4byte	.LASF36
 3738 0381 01       		.byte	0x1
 3739 0382 8702     		.2byte	0x287
 3740 0384 6B000000 		.4byte	0x6b
 3741 0388 10       		.uleb128 0x10
 3742 0389 6B030000 		.4byte	.LASF50
 3743 038d 01       		.byte	0x1
ARM GAS  C:\Users\elias\AppData\Local\Temp\cciYT9qe.s 			page 198


 3744 038e 8702     		.2byte	0x287
 3745 0390 6B000000 		.4byte	0x6b
 3746 0394 10       		.uleb128 0x10
 3747 0395 5F040000 		.4byte	.LASF51
 3748 0399 01       		.byte	0x1
 3749 039a 8702     		.2byte	0x287
 3750 039c 6B000000 		.4byte	0x6b
 3751 03a0 10       		.uleb128 0x10
 3752 03a1 10010000 		.4byte	.LASF52
 3753 03a5 01       		.byte	0x1
 3754 03a6 8802     		.2byte	0x288
 3755 03a8 6B000000 		.4byte	0x6b
 3756 03ac 10       		.uleb128 0x10
 3757 03ad 18010000 		.4byte	.LASF53
 3758 03b1 01       		.byte	0x1
 3759 03b2 8802     		.2byte	0x288
 3760 03b4 6B000000 		.4byte	0x6b
 3761 03b8 10       		.uleb128 0x10
 3762 03b9 03040000 		.4byte	.LASF54
 3763 03bd 01       		.byte	0x1
 3764 03be 8802     		.2byte	0x288
 3765 03c0 6B000000 		.4byte	0x6b
 3766 03c4 11       		.uleb128 0x11
 3767 03c5 F9040000 		.4byte	.LASF32
 3768 03c9 01       		.byte	0x1
 3769 03ca 8A02     		.2byte	0x28a
 3770 03cc A4000000 		.4byte	0xa4
 3771 03d0 00       		.byte	0
 3772 03d1 13       		.uleb128 0x13
 3773 03d2 50000000 		.4byte	.LASF90
 3774 03d6 01       		.byte	0x1
 3775 03d7 CC02     		.2byte	0x2cc
 3776 03d9 01       		.byte	0x1
 3777 03da F9030000 		.4byte	0x3f9
 3778 03de 10       		.uleb128 0x10
 3779 03df B4000000 		.4byte	.LASF55
 3780 03e3 01       		.byte	0x1
 3781 03e4 CC02     		.2byte	0x2cc
 3782 03e6 6B000000 		.4byte	0x6b
 3783 03ea 14       		.uleb128 0x14
 3784 03eb 11       		.uleb128 0x11
 3785 03ec D7000000 		.4byte	.LASF33
 3786 03f0 01       		.byte	0x1
 3787 03f1 D102     		.2byte	0x2d1
 3788 03f3 6B000000 		.4byte	0x6b
 3789 03f7 00       		.byte	0
 3790 03f8 00       		.byte	0
 3791 03f9 0F       		.uleb128 0xf
 3792 03fa A2000000 		.4byte	.LASF56
 3793 03fe 01       		.byte	0x1
 3794 03ff F903     		.2byte	0x3f9
 3795 0401 A4000000 		.4byte	0xa4
 3796 0405 01       		.byte	0x1
 3797 0406 2F040000 		.4byte	0x42f
 3798 040a 10       		.uleb128 0x10
 3799 040b 0A040000 		.4byte	.LASF36
 3800 040f 01       		.byte	0x1
ARM GAS  C:\Users\elias\AppData\Local\Temp\cciYT9qe.s 			page 199


 3801 0410 F903     		.2byte	0x3f9
 3802 0412 6B000000 		.4byte	0x6b
 3803 0416 10       		.uleb128 0x10
 3804 0417 E6000000 		.4byte	.LASF57
 3805 041b 01       		.byte	0x1
 3806 041c F903     		.2byte	0x3f9
 3807 041e 6B000000 		.4byte	0x6b
 3808 0422 11       		.uleb128 0x11
 3809 0423 F9040000 		.4byte	.LASF32
 3810 0427 01       		.byte	0x1
 3811 0428 FB03     		.2byte	0x3fb
 3812 042a A4000000 		.4byte	0xa4
 3813 042e 00       		.byte	0
 3814 042f 15       		.uleb128 0x15
 3815 0430 7B000000 		.4byte	.LASF58
 3816 0434 01       		.byte	0x1
 3817 0435 35       		.byte	0x35
 3818 0436 00000000 		.4byte	.LFB0
 3819 043a 30000000 		.4byte	.LFE0-.LFB0
 3820 043e 01       		.uleb128 0x1
 3821 043f 9C       		.byte	0x9c
 3822 0440 54040000 		.4byte	0x454
 3823 0444 16       		.uleb128 0x16
 3824 0445 A6020000 		.4byte	.LASF62
 3825 0449 01       		.byte	0x1
 3826 044a 37       		.byte	0x37
 3827 044b 6B000000 		.4byte	0x6b
 3828 044f 00000000 		.4byte	.LLST0
 3829 0453 00       		.byte	0
 3830 0454 17       		.uleb128 0x17
 3831 0455 30020000 		.4byte	.LASF60
 3832 0459 01       		.byte	0x1
 3833 045a 60       		.byte	0x60
 3834 045b 6B000000 		.4byte	0x6b
 3835 045f 00000000 		.4byte	.LFB1
 3836 0463 10000000 		.4byte	.LFE1-.LFB1
 3837 0467 01       		.uleb128 0x1
 3838 0468 9C       		.byte	0x9c
 3839 0469 15       		.uleb128 0x15
 3840 046a 76030000 		.4byte	.LASF59
 3841 046e 01       		.byte	0x1
 3842 046f 7F       		.byte	0x7f
 3843 0470 00000000 		.4byte	.LFB2
 3844 0474 10000000 		.4byte	.LFE2-.LFB2
 3845 0478 01       		.uleb128 0x1
 3846 0479 9C       		.byte	0x9c
 3847 047a 8E040000 		.4byte	0x48e
 3848 047e 18       		.uleb128 0x18
 3849 047f 8D030000 		.4byte	.LASF66
 3850 0483 01       		.byte	0x1
 3851 0484 7F       		.byte	0x7f
 3852 0485 6B000000 		.4byte	0x6b
 3853 0489 1E000000 		.4byte	.LLST1
 3854 048d 00       		.byte	0
 3855 048e 17       		.uleb128 0x17
 3856 048f 48010000 		.4byte	.LASF61
 3857 0493 01       		.byte	0x1
ARM GAS  C:\Users\elias\AppData\Local\Temp\cciYT9qe.s 			page 200


 3858 0494 92       		.byte	0x92
 3859 0495 83000000 		.4byte	0x83
 3860 0499 00000000 		.4byte	.LFB3
 3861 049d 0C000000 		.4byte	.LFE3-.LFB3
 3862 04a1 01       		.uleb128 0x1
 3863 04a2 9C       		.byte	0x9c
 3864 04a3 19       		.uleb128 0x19
 3865 04a4 29040000 		.4byte	.LASF64
 3866 04a8 01       		.byte	0x1
 3867 04a9 A3       		.byte	0xa3
 3868 04aa 6B000000 		.4byte	0x6b
 3869 04ae 00000000 		.4byte	.LFB4
 3870 04b2 3C000000 		.4byte	.LFE4-.LFB4
 3871 04b6 01       		.uleb128 0x1
 3872 04b7 9C       		.byte	0x9c
 3873 04b8 05050000 		.4byte	0x505
 3874 04bc 16       		.uleb128 0x16
 3875 04bd D7000000 		.4byte	.LASF33
 3876 04c1 01       		.byte	0x1
 3877 04c2 A5       		.byte	0xa5
 3878 04c3 6B000000 		.4byte	0x6b
 3879 04c7 3F000000 		.4byte	.LLST2
 3880 04cb 16       		.uleb128 0x16
 3881 04cc A6020000 		.4byte	.LASF62
 3882 04d0 01       		.byte	0x1
 3883 04d1 A6       		.byte	0xa6
 3884 04d2 6B000000 		.4byte	0x6b
 3885 04d6 5D000000 		.4byte	.LLST3
 3886 04da 16       		.uleb128 0x16
 3887 04db 13040000 		.4byte	.LASF63
 3888 04df 01       		.byte	0x1
 3889 04e0 A7       		.byte	0xa7
 3890 04e1 83000000 		.4byte	0x83
 3891 04e5 9D000000 		.4byte	.LLST4
 3892 04e9 1A       		.uleb128 0x1a
 3893 04ea 08000000 		.4byte	.LVL6
 3894 04ee 360C0000 		.4byte	0xc36
 3895 04f2 1A       		.uleb128 0x1a
 3896 04f3 2A000000 		.4byte	.LVL12
 3897 04f7 410C0000 		.4byte	0xc41
 3898 04fb 1A       		.uleb128 0x1a
 3899 04fc 34000000 		.4byte	.LVL15
 3900 0500 410C0000 		.4byte	0xc41
 3901 0504 00       		.byte	0
 3902 0505 1B       		.uleb128 0x1b
 3903 0506 C5010000 		.4byte	0x1c5
 3904 050a 00000000 		.4byte	.LFB5
 3905 050e 2C000000 		.4byte	.LFE5-.LFB5
 3906 0512 01       		.uleb128 0x1
 3907 0513 9C       		.byte	0x9c
 3908 0514 6A050000 		.4byte	0x56a
 3909 0518 1C       		.uleb128 0x1c
 3910 0519 D5010000 		.4byte	0x1d5
 3911 051d D2000000 		.4byte	.LLST5
 3912 0521 1D       		.uleb128 0x1d
 3913 0522 E0010000 		.4byte	0x1e0
 3914 0526 01       		.byte	0x1
ARM GAS  C:\Users\elias\AppData\Local\Temp\cciYT9qe.s 			page 201


 3915 0527 1E       		.uleb128 0x1e
 3916 0528 EB010000 		.4byte	0x1eb
 3917 052c 1F       		.uleb128 0x1f
 3918 052d 0C000000 		.4byte	.LBB5
 3919 0531 20000000 		.4byte	.LBE5-.LBB5
 3920 0535 1C       		.uleb128 0x1c
 3921 0536 D5010000 		.4byte	0x1d5
 3922 053a 0C010000 		.4byte	.LLST6
 3923 053e 1F       		.uleb128 0x1f
 3924 053f 0C000000 		.4byte	.LBB6
 3925 0543 20000000 		.4byte	.LBE6-.LBB6
 3926 0547 1E       		.uleb128 0x1e
 3927 0548 E0010000 		.4byte	0x1e0
 3928 054c 20       		.uleb128 0x20
 3929 054d EB010000 		.4byte	0x1eb
 3930 0551 1F010000 		.4byte	.LLST7
 3931 0555 1A       		.uleb128 0x1a
 3932 0556 10000000 		.4byte	.LVL21
 3933 055a 360C0000 		.4byte	0xc36
 3934 055e 1A       		.uleb128 0x1a
 3935 055f 24000000 		.4byte	.LVL23
 3936 0563 410C0000 		.4byte	0xc41
 3937 0567 00       		.byte	0
 3938 0568 00       		.byte	0
 3939 0569 00       		.byte	0
 3940 056a 1B       		.uleb128 0x1b
 3941 056b F7010000 		.4byte	0x1f7
 3942 056f 00000000 		.4byte	.LFB6
 3943 0573 3C000000 		.4byte	.LFE6-.LFB6
 3944 0577 01       		.uleb128 0x1
 3945 0578 9C       		.byte	0x9c
 3946 0579 C4050000 		.4byte	0x5c4
 3947 057d 1C       		.uleb128 0x1c
 3948 057e 08020000 		.4byte	0x208
 3949 0582 32010000 		.4byte	.LLST8
 3950 0586 1C       		.uleb128 0x1c
 3951 0587 14020000 		.4byte	0x214
 3952 058b 85010000 		.4byte	.LLST9
 3953 058f 20       		.uleb128 0x20
 3954 0590 20020000 		.4byte	0x220
 3955 0594 CA010000 		.4byte	.LLST10
 3956 0598 1F       		.uleb128 0x1f
 3957 0599 04000000 		.4byte	.LBB9
 3958 059d 30000000 		.4byte	.LBE9-.LBB9
 3959 05a1 1C       		.uleb128 0x1c
 3960 05a2 14020000 		.4byte	0x214
 3961 05a6 E9010000 		.4byte	.LLST11
 3962 05aa 1C       		.uleb128 0x1c
 3963 05ab 08020000 		.4byte	0x208
 3964 05af 23020000 		.4byte	.LLST12
 3965 05b3 1F       		.uleb128 0x1f
 3966 05b4 04000000 		.4byte	.LBB10
 3967 05b8 30000000 		.4byte	.LBE10-.LBB10
 3968 05bc 1E       		.uleb128 0x1e
 3969 05bd 20020000 		.4byte	0x220
 3970 05c1 00       		.byte	0
 3971 05c2 00       		.byte	0
ARM GAS  C:\Users\elias\AppData\Local\Temp\cciYT9qe.s 			page 202


 3972 05c3 00       		.byte	0
 3973 05c4 1B       		.uleb128 0x1b
 3974 05c5 2D020000 		.4byte	0x22d
 3975 05c9 00000000 		.4byte	.LFB7
 3976 05cd 24000000 		.4byte	.LFE7-.LFB7
 3977 05d1 01       		.uleb128 0x1
 3978 05d2 9C       		.byte	0x9c
 3979 05d3 0C060000 		.4byte	0x60c
 3980 05d7 1C       		.uleb128 0x1c
 3981 05d8 3E020000 		.4byte	0x23e
 3982 05dc 5D020000 		.4byte	.LLST13
 3983 05e0 20       		.uleb128 0x20
 3984 05e1 4A020000 		.4byte	0x24a
 3985 05e5 97020000 		.4byte	.LLST14
 3986 05e9 1F       		.uleb128 0x1f
 3987 05ea 04000000 		.4byte	.LBB13
 3988 05ee 18000000 		.4byte	.LBE13-.LBB13
 3989 05f2 1C       		.uleb128 0x1c
 3990 05f3 3E020000 		.4byte	0x23e
 3991 05f7 B6020000 		.4byte	.LLST15
 3992 05fb 1F       		.uleb128 0x1f
 3993 05fc 04000000 		.4byte	.LBB14
 3994 0600 18000000 		.4byte	.LBE14-.LBB14
 3995 0604 1E       		.uleb128 0x1e
 3996 0605 4A020000 		.4byte	0x24a
 3997 0609 00       		.byte	0
 3998 060a 00       		.byte	0
 3999 060b 00       		.byte	0
 4000 060c 1B       		.uleb128 0x1b
 4001 060d 57020000 		.4byte	0x257
 4002 0611 00000000 		.4byte	.LFB8
 4003 0615 2C000000 		.4byte	.LFE8-.LFB8
 4004 0619 01       		.uleb128 0x1
 4005 061a 9C       		.byte	0x9c
 4006 061b 54060000 		.4byte	0x654
 4007 061f 1C       		.uleb128 0x1c
 4008 0620 68020000 		.4byte	0x268
 4009 0624 D7020000 		.4byte	.LLST16
 4010 0628 20       		.uleb128 0x20
 4011 0629 74020000 		.4byte	0x274
 4012 062d 11030000 		.4byte	.LLST17
 4013 0631 1F       		.uleb128 0x1f
 4014 0632 06000000 		.4byte	.LBB17
 4015 0636 1A000000 		.4byte	.LBE17-.LBB17
 4016 063a 1C       		.uleb128 0x1c
 4017 063b 68020000 		.4byte	0x268
 4018 063f 3C030000 		.4byte	.LLST18
 4019 0643 1F       		.uleb128 0x1f
 4020 0644 06000000 		.4byte	.LBB18
 4021 0648 1A000000 		.4byte	.LBE18-.LBB18
 4022 064c 1E       		.uleb128 0x1e
 4023 064d 74020000 		.4byte	0x274
 4024 0651 00       		.byte	0
 4025 0652 00       		.byte	0
 4026 0653 00       		.byte	0
 4027 0654 1B       		.uleb128 0x1b
 4028 0655 81020000 		.4byte	0x281
ARM GAS  C:\Users\elias\AppData\Local\Temp\cciYT9qe.s 			page 203


 4029 0659 00000000 		.4byte	.LFB9
 4030 065d 24000000 		.4byte	.LFE9-.LFB9
 4031 0661 01       		.uleb128 0x1
 4032 0662 9C       		.byte	0x9c
 4033 0663 BC060000 		.4byte	0x6bc
 4034 0667 1C       		.uleb128 0x1c
 4035 0668 92020000 		.4byte	0x292
 4036 066c 5D030000 		.4byte	.LLST19
 4037 0670 1C       		.uleb128 0x1c
 4038 0671 9E020000 		.4byte	0x29e
 4039 0675 97030000 		.4byte	.LLST20
 4040 0679 1E       		.uleb128 0x1e
 4041 067a AA020000 		.4byte	0x2aa
 4042 067e 20       		.uleb128 0x20
 4043 067f B6020000 		.4byte	0x2b6
 4044 0683 C3030000 		.4byte	.LLST21
 4045 0687 1F       		.uleb128 0x1f
 4046 0688 04000000 		.4byte	.LBB21
 4047 068c 18000000 		.4byte	.LBE21-.LBB21
 4048 0690 1C       		.uleb128 0x1c
 4049 0691 9E020000 		.4byte	0x29e
 4050 0695 E2030000 		.4byte	.LLST22
 4051 0699 1C       		.uleb128 0x1c
 4052 069a 92020000 		.4byte	0x292
 4053 069e 03040000 		.4byte	.LLST23
 4054 06a2 1F       		.uleb128 0x1f
 4055 06a3 04000000 		.4byte	.LBB22
 4056 06a7 18000000 		.4byte	.LBE22-.LBB22
 4057 06ab 20       		.uleb128 0x20
 4058 06ac AA020000 		.4byte	0x2aa
 4059 06b0 24040000 		.4byte	.LLST24
 4060 06b4 1E       		.uleb128 0x1e
 4061 06b5 B6020000 		.4byte	0x2b6
 4062 06b9 00       		.byte	0
 4063 06ba 00       		.byte	0
 4064 06bb 00       		.byte	0
 4065 06bc 21       		.uleb128 0x21
 4066 06bd D6010000 		.4byte	.LASF65
 4067 06c1 01       		.byte	0x1
 4068 06c2 A301     		.2byte	0x1a3
 4069 06c4 A4000000 		.4byte	0xa4
 4070 06c8 00000000 		.4byte	.LFB10
 4071 06cc 2E000000 		.4byte	.LFE10-.LFB10
 4072 06d0 01       		.uleb128 0x1
 4073 06d1 9C       		.byte	0x9c
 4074 06d2 27070000 		.4byte	0x727
 4075 06d6 22       		.uleb128 0x22
 4076 06d7 0A040000 		.4byte	.LASF36
 4077 06db 01       		.byte	0x1
 4078 06dc A301     		.2byte	0x1a3
 4079 06de 6B000000 		.4byte	0x6b
 4080 06e2 3C040000 		.4byte	.LLST25
 4081 06e6 22       		.uleb128 0x22
 4082 06e7 6B020000 		.4byte	.LASF67
 4083 06eb 01       		.byte	0x1
 4084 06ec A301     		.2byte	0x1a3
 4085 06ee 77000000 		.4byte	0x77
ARM GAS  C:\Users\elias\AppData\Local\Temp\cciYT9qe.s 			page 204


 4086 06f2 76040000 		.4byte	.LLST26
 4087 06f6 22       		.uleb128 0x22
 4088 06f7 71010000 		.4byte	.LASF68
 4089 06fb 01       		.byte	0x1
 4090 06fc A301     		.2byte	0x1a3
 4091 06fe 77000000 		.4byte	0x77
 4092 0702 94040000 		.4byte	.LLST27
 4093 0706 23       		.uleb128 0x23
 4094 0707 F9040000 		.4byte	.LASF32
 4095 070b 01       		.byte	0x1
 4096 070c A601     		.2byte	0x1a6
 4097 070e A4000000 		.4byte	0xa4
 4098 0712 B2040000 		.4byte	.LLST28
 4099 0716 23       		.uleb128 0x23
 4100 0717 B5040000 		.4byte	.LASF69
 4101 071b 01       		.byte	0x1
 4102 071c A701     		.2byte	0x1a7
 4103 071e 27070000 		.4byte	0x727
 4104 0722 E9040000 		.4byte	.LLST29
 4105 0726 00       		.byte	0
 4106 0727 12       		.uleb128 0x12
 4107 0728 04       		.byte	0x4
 4108 0729 B5000000 		.4byte	0xb5
 4109 072d 21       		.uleb128 0x21
 4110 072e 12050000 		.4byte	.LASF70
 4111 0732 01       		.byte	0x1
 4112 0733 DA01     		.2byte	0x1da
 4113 0735 A4000000 		.4byte	0xa4
 4114 0739 00000000 		.4byte	.LFB11
 4115 073d 18000000 		.4byte	.LFE11-.LFB11
 4116 0741 01       		.uleb128 0x1
 4117 0742 9C       		.byte	0x9c
 4118 0743 76070000 		.4byte	0x776
 4119 0747 22       		.uleb128 0x22
 4120 0748 0A040000 		.4byte	.LASF36
 4121 074c 01       		.byte	0x1
 4122 074d DA01     		.2byte	0x1da
 4123 074f 6B000000 		.4byte	0x6b
 4124 0753 0B050000 		.4byte	.LLST30
 4125 0757 24       		.uleb128 0x24
 4126 0758 38000000 		.4byte	.LASF71
 4127 075c 01       		.byte	0x1
 4128 075d DA01     		.2byte	0x1da
 4129 075f 6B000000 		.4byte	0x6b
 4130 0763 01       		.uleb128 0x1
 4131 0764 51       		.byte	0x51
 4132 0765 23       		.uleb128 0x23
 4133 0766 F9040000 		.4byte	.LASF32
 4134 076a 01       		.byte	0x1
 4135 076b DC01     		.2byte	0x1dc
 4136 076d A4000000 		.4byte	0xa4
 4137 0771 45050000 		.4byte	.LLST31
 4138 0775 00       		.byte	0
 4139 0776 1B       		.uleb128 0x1b
 4140 0777 C3020000 		.4byte	0x2c3
 4141 077b 00000000 		.4byte	.LFB12
 4142 077f 20000000 		.4byte	.LFE12-.LFB12
ARM GAS  C:\Users\elias\AppData\Local\Temp\cciYT9qe.s 			page 205


 4143 0783 01       		.uleb128 0x1
 4144 0784 9C       		.byte	0x9c
 4145 0785 D0070000 		.4byte	0x7d0
 4146 0789 1C       		.uleb128 0x1c
 4147 078a D4020000 		.4byte	0x2d4
 4148 078e 7C050000 		.4byte	.LLST32
 4149 0792 1C       		.uleb128 0x1c
 4150 0793 E0020000 		.4byte	0x2e0
 4151 0797 B6050000 		.4byte	.LLST33
 4152 079b 20       		.uleb128 0x20
 4153 079c EC020000 		.4byte	0x2ec
 4154 07a0 E2050000 		.4byte	.LLST34
 4155 07a4 1F       		.uleb128 0x1f
 4156 07a5 04000000 		.4byte	.LBB25
 4157 07a9 14000000 		.4byte	.LBE25-.LBB25
 4158 07ad 1C       		.uleb128 0x1c
 4159 07ae E0020000 		.4byte	0x2e0
 4160 07b2 01060000 		.4byte	.LLST35
 4161 07b6 1C       		.uleb128 0x1c
 4162 07b7 D4020000 		.4byte	0x2d4
 4163 07bb 22060000 		.4byte	.LLST36
 4164 07bf 1F       		.uleb128 0x1f
 4165 07c0 04000000 		.4byte	.LBB26
 4166 07c4 14000000 		.4byte	.LBE26-.LBB26
 4167 07c8 1E       		.uleb128 0x1e
 4168 07c9 EC020000 		.4byte	0x2ec
 4169 07cd 00       		.byte	0
 4170 07ce 00       		.byte	0
 4171 07cf 00       		.byte	0
 4172 07d0 1B       		.uleb128 0x1b
 4173 07d1 F9020000 		.4byte	0x2f9
 4174 07d5 00000000 		.4byte	.LFB13
 4175 07d9 1C000000 		.4byte	.LFE13-.LFB13
 4176 07dd 01       		.uleb128 0x1
 4177 07de 9C       		.byte	0x9c
 4178 07df 18080000 		.4byte	0x818
 4179 07e3 1C       		.uleb128 0x1c
 4180 07e4 0A030000 		.4byte	0x30a
 4181 07e8 43060000 		.4byte	.LLST37
 4182 07ec 20       		.uleb128 0x20
 4183 07ed 16030000 		.4byte	0x316
 4184 07f1 7D060000 		.4byte	.LLST38
 4185 07f5 1F       		.uleb128 0x1f
 4186 07f6 08000000 		.4byte	.LBB29
 4187 07fa 14000000 		.4byte	.LBE29-.LBB29
 4188 07fe 1C       		.uleb128 0x1c
 4189 07ff 0A030000 		.4byte	0x30a
 4190 0803 AA060000 		.4byte	.LLST39
 4191 0807 1F       		.uleb128 0x1f
 4192 0808 08000000 		.4byte	.LBB30
 4193 080c 14000000 		.4byte	.LBE30-.LBB30
 4194 0810 1E       		.uleb128 0x1e
 4195 0811 16030000 		.4byte	0x316
 4196 0815 00       		.byte	0
 4197 0816 00       		.byte	0
 4198 0817 00       		.byte	0
 4199 0818 1B       		.uleb128 0x1b
ARM GAS  C:\Users\elias\AppData\Local\Temp\cciYT9qe.s 			page 206


 4200 0819 23030000 		.4byte	0x323
 4201 081d 00000000 		.4byte	.LFB14
 4202 0821 34000000 		.4byte	.LFE14-.LFB14
 4203 0825 01       		.uleb128 0x1
 4204 0826 9C       		.byte	0x9c
 4205 0827 78080000 		.4byte	0x878
 4206 082b 1C       		.uleb128 0x1c
 4207 082c 34030000 		.4byte	0x334
 4208 0830 CB060000 		.4byte	.LLST40
 4209 0834 25       		.uleb128 0x25
 4210 0835 40030000 		.4byte	0x340
 4211 0839 01       		.uleb128 0x1
 4212 083a 51       		.byte	0x51
 4213 083b 25       		.uleb128 0x25
 4214 083c 4C030000 		.4byte	0x34c
 4215 0840 01       		.uleb128 0x1
 4216 0841 52       		.byte	0x52
 4217 0842 20       		.uleb128 0x20
 4218 0843 58030000 		.4byte	0x358
 4219 0847 1E070000 		.4byte	.LLST41
 4220 084b 26       		.uleb128 0x26
 4221 084c 00000000 		.4byte	.Ldebug_ranges0+0
 4222 0850 1C       		.uleb128 0x1c
 4223 0851 4C030000 		.4byte	0x34c
 4224 0855 60070000 		.4byte	.LLST42
 4225 0859 1C       		.uleb128 0x1c
 4226 085a 40030000 		.4byte	0x340
 4227 085e 7E070000 		.4byte	.LLST43
 4228 0862 1C       		.uleb128 0x1c
 4229 0863 34030000 		.4byte	0x334
 4230 0867 9C070000 		.4byte	.LLST44
 4231 086b 26       		.uleb128 0x26
 4232 086c 00000000 		.4byte	.Ldebug_ranges0+0
 4233 0870 1E       		.uleb128 0x1e
 4234 0871 58030000 		.4byte	0x358
 4235 0875 00       		.byte	0
 4236 0876 00       		.byte	0
 4237 0877 00       		.byte	0
 4238 0878 1B       		.uleb128 0x1b
 4239 0879 6B030000 		.4byte	0x36b
 4240 087d 00000000 		.4byte	.LFB15
 4241 0881 46000000 		.4byte	.LFE15-.LFB15
 4242 0885 01       		.uleb128 0x1
 4243 0886 9C       		.byte	0x9c
 4244 0887 1A090000 		.4byte	0x91a
 4245 088b 1C       		.uleb128 0x1c
 4246 088c 7C030000 		.4byte	0x37c
 4247 0890 D6070000 		.4byte	.LLST45
 4248 0894 1C       		.uleb128 0x1c
 4249 0895 88030000 		.4byte	0x388
 4250 0899 10080000 		.4byte	.LLST46
 4251 089d 1C       		.uleb128 0x1c
 4252 089e 94030000 		.4byte	0x394
 4253 08a2 3C080000 		.4byte	.LLST47
 4254 08a6 1C       		.uleb128 0x1c
 4255 08a7 A0030000 		.4byte	0x3a0
 4256 08ab 68080000 		.4byte	.LLST48
ARM GAS  C:\Users\elias\AppData\Local\Temp\cciYT9qe.s 			page 207


 4257 08af 1C       		.uleb128 0x1c
 4258 08b0 AC030000 		.4byte	0x3ac
 4259 08b4 94080000 		.4byte	.LLST49
 4260 08b8 1C       		.uleb128 0x1c
 4261 08b9 B8030000 		.4byte	0x3b8
 4262 08bd CC080000 		.4byte	.LLST50
 4263 08c1 20       		.uleb128 0x20
 4264 08c2 C4030000 		.4byte	0x3c4
 4265 08c6 04090000 		.4byte	.LLST51
 4266 08ca 1F       		.uleb128 0x1f
 4267 08cb 0E000000 		.4byte	.LBB39
 4268 08cf 2E000000 		.4byte	.LBE39-.LBB39
 4269 08d3 1C       		.uleb128 0x1c
 4270 08d4 B8030000 		.4byte	0x3b8
 4271 08d8 3A090000 		.4byte	.LLST52
 4272 08dc 1C       		.uleb128 0x1c
 4273 08dd AC030000 		.4byte	0x3ac
 4274 08e1 59090000 		.4byte	.LLST53
 4275 08e5 1C       		.uleb128 0x1c
 4276 08e6 A0030000 		.4byte	0x3a0
 4277 08ea 6C090000 		.4byte	.LLST54
 4278 08ee 1C       		.uleb128 0x1c
 4279 08ef 94030000 		.4byte	0x394
 4280 08f3 8D090000 		.4byte	.LLST55
 4281 08f7 1C       		.uleb128 0x1c
 4282 08f8 88030000 		.4byte	0x388
 4283 08fc AE090000 		.4byte	.LLST56
 4284 0900 1C       		.uleb128 0x1c
 4285 0901 7C030000 		.4byte	0x37c
 4286 0905 CF090000 		.4byte	.LLST57
 4287 0909 1F       		.uleb128 0x1f
 4288 090a 0E000000 		.4byte	.LBB40
 4289 090e 2E000000 		.4byte	.LBE40-.LBB40
 4290 0912 1E       		.uleb128 0x1e
 4291 0913 C4030000 		.4byte	0x3c4
 4292 0917 00       		.byte	0
 4293 0918 00       		.byte	0
 4294 0919 00       		.byte	0
 4295 091a 21       		.uleb128 0x21
 4296 091b 40000000 		.4byte	.LASF72
 4297 091f 01       		.byte	0x1
 4298 0920 A702     		.2byte	0x2a7
 4299 0922 6B000000 		.4byte	0x6b
 4300 0926 00000000 		.4byte	.LFB16
 4301 092a 38000000 		.4byte	.LFE16-.LFB16
 4302 092e 01       		.uleb128 0x1
 4303 092f 9C       		.byte	0x9c
 4304 0930 70090000 		.4byte	0x970
 4305 0934 23       		.uleb128 0x23
 4306 0935 D7000000 		.4byte	.LASF33
 4307 0939 01       		.byte	0x1
 4308 093a A902     		.2byte	0x2a9
 4309 093c 6B000000 		.4byte	0x6b
 4310 0940 F0090000 		.4byte	.LLST58
 4311 0944 23       		.uleb128 0x23
 4312 0945 47050000 		.4byte	.LASF73
 4313 0949 01       		.byte	0x1
ARM GAS  C:\Users\elias\AppData\Local\Temp\cciYT9qe.s 			page 208


 4314 094a AA02     		.2byte	0x2aa
 4315 094c 6B000000 		.4byte	0x6b
 4316 0950 0E0A0000 		.4byte	.LLST59
 4317 0954 1A       		.uleb128 0x1a
 4318 0955 06000000 		.4byte	.LVL103
 4319 0959 360C0000 		.4byte	0xc36
 4320 095d 1A       		.uleb128 0x1a
 4321 095e 14000000 		.4byte	.LVL105
 4322 0962 410C0000 		.4byte	0xc41
 4323 0966 1A       		.uleb128 0x1a
 4324 0967 30000000 		.4byte	.LVL108
 4325 096b 410C0000 		.4byte	0xc41
 4326 096f 00       		.byte	0
 4327 0970 1B       		.uleb128 0x1b
 4328 0971 D1030000 		.4byte	0x3d1
 4329 0975 00000000 		.4byte	.LFB17
 4330 0979 34000000 		.4byte	.LFE17-.LFB17
 4331 097d 01       		.uleb128 0x1
 4332 097e 9C       		.byte	0x9c
 4333 097f BD090000 		.4byte	0x9bd
 4334 0983 1C       		.uleb128 0x1c
 4335 0984 DE030000 		.4byte	0x3de
 4336 0988 510A0000 		.4byte	.LLST60
 4337 098c 26       		.uleb128 0x26
 4338 098d 18000000 		.4byte	.Ldebug_ranges0+0x18
 4339 0991 1C       		.uleb128 0x1c
 4340 0992 DE030000 		.4byte	0x3de
 4341 0996 7D0A0000 		.4byte	.LLST61
 4342 099a 26       		.uleb128 0x26
 4343 099b 18000000 		.4byte	.Ldebug_ranges0+0x18
 4344 099f 20       		.uleb128 0x20
 4345 09a0 EB030000 		.4byte	0x3eb
 4346 09a4 9F0A0000 		.4byte	.LLST62
 4347 09a8 1A       		.uleb128 0x1a
 4348 09a9 0C000000 		.4byte	.LVL112
 4349 09ad 360C0000 		.4byte	0xc36
 4350 09b1 27       		.uleb128 0x27
 4351 09b2 2C000000 		.4byte	.LVL114
 4352 09b6 410C0000 		.4byte	0xc41
 4353 09ba 00       		.byte	0
 4354 09bb 00       		.byte	0
 4355 09bc 00       		.byte	0
 4356 09bd 28       		.uleb128 0x28
 4357 09be 6A000000 		.4byte	.LASF74
 4358 09c2 01       		.byte	0x1
 4359 09c3 EC02     		.2byte	0x2ec
 4360 09c5 6B000000 		.4byte	0x6b
 4361 09c9 00000000 		.4byte	.LFB18
 4362 09cd 10000000 		.4byte	.LFE18-.LFB18
 4363 09d1 01       		.uleb128 0x1
 4364 09d2 9C       		.byte	0x9c
 4365 09d3 21       		.uleb128 0x21
 4366 09d4 E1030000 		.4byte	.LASF75
 4367 09d8 01       		.byte	0x1
 4368 09d9 2703     		.2byte	0x327
 4369 09db A4000000 		.4byte	0xa4
 4370 09df 00000000 		.4byte	.LFB19
ARM GAS  C:\Users\elias\AppData\Local\Temp\cciYT9qe.s 			page 209


 4371 09e3 2E000000 		.4byte	.LFE19-.LFB19
 4372 09e7 01       		.uleb128 0x1
 4373 09e8 9C       		.byte	0x9c
 4374 09e9 520A0000 		.4byte	0xa52
 4375 09ed 22       		.uleb128 0x22
 4376 09ee B4000000 		.4byte	.LASF55
 4377 09f2 01       		.byte	0x1
 4378 09f3 2703     		.2byte	0x327
 4379 09f5 6B000000 		.4byte	0x6b
 4380 09f9 B20A0000 		.4byte	.LLST63
 4381 09fd 24       		.uleb128 0x24
 4382 09fe E1040000 		.4byte	.LASF76
 4383 0a02 01       		.byte	0x1
 4384 0a03 2703     		.2byte	0x327
 4385 0a05 77000000 		.4byte	0x77
 4386 0a09 01       		.uleb128 0x1
 4387 0a0a 51       		.byte	0x51
 4388 0a0b 24       		.uleb128 0x24
 4389 0a0c AB030000 		.4byte	.LASF77
 4390 0a10 01       		.byte	0x1
 4391 0a11 2703     		.2byte	0x327
 4392 0a13 6B000000 		.4byte	0x6b
 4393 0a17 01       		.uleb128 0x1
 4394 0a18 52       		.byte	0x52
 4395 0a19 24       		.uleb128 0x24
 4396 0a1a 22020000 		.4byte	.LASF78
 4397 0a1e 01       		.byte	0x1
 4398 0a1f 2703     		.2byte	0x327
 4399 0a21 6B000000 		.4byte	0x6b
 4400 0a25 01       		.uleb128 0x1
 4401 0a26 53       		.byte	0x53
 4402 0a27 23       		.uleb128 0x23
 4403 0a28 F9040000 		.4byte	.LASF32
 4404 0a2c 01       		.byte	0x1
 4405 0a2d 2A03     		.2byte	0x32a
 4406 0a2f A4000000 		.4byte	0xa4
 4407 0a33 050B0000 		.4byte	.LLST64
 4408 0a37 1F       		.uleb128 0x1f
 4409 0a38 0E000000 		.4byte	.LBB48
 4410 0a3c 12000000 		.4byte	.LBE48-.LBB48
 4411 0a40 23       		.uleb128 0x23
 4412 0a41 B5040000 		.4byte	.LASF69
 4413 0a45 01       		.byte	0x1
 4414 0a46 2F03     		.2byte	0x32f
 4415 0a48 27070000 		.4byte	0x727
 4416 0a4c 5E0B0000 		.4byte	.LLST65
 4417 0a50 00       		.byte	0
 4418 0a51 00       		.byte	0
 4419 0a52 21       		.uleb128 0x21
 4420 0a53 93030000 		.4byte	.LASF79
 4421 0a57 01       		.byte	0x1
 4422 0a58 6103     		.2byte	0x361
 4423 0a5a A4000000 		.4byte	0xa4
 4424 0a5e 00000000 		.4byte	.LFB20
 4425 0a62 4A000000 		.4byte	.LFE20-.LFB20
 4426 0a66 01       		.uleb128 0x1
 4427 0a67 9C       		.byte	0x9c
ARM GAS  C:\Users\elias\AppData\Local\Temp\cciYT9qe.s 			page 210


 4428 0a68 D50A0000 		.4byte	0xad5
 4429 0a6c 22       		.uleb128 0x22
 4430 0a6d B4000000 		.4byte	.LASF55
 4431 0a71 01       		.byte	0x1
 4432 0a72 6103     		.2byte	0x361
 4433 0a74 6B000000 		.4byte	0x6b
 4434 0a78 710B0000 		.4byte	.LLST66
 4435 0a7c 22       		.uleb128 0x22
 4436 0a7d E1040000 		.4byte	.LASF76
 4437 0a81 01       		.byte	0x1
 4438 0a82 6103     		.2byte	0x361
 4439 0a84 D50A0000 		.4byte	0xad5
 4440 0a88 C40B0000 		.4byte	.LLST67
 4441 0a8c 22       		.uleb128 0x22
 4442 0a8d AB030000 		.4byte	.LASF77
 4443 0a91 01       		.byte	0x1
 4444 0a92 6103     		.2byte	0x361
 4445 0a94 65030000 		.4byte	0x365
 4446 0a98 FE0B0000 		.4byte	.LLST68
 4447 0a9c 24       		.uleb128 0x24
 4448 0a9d 22020000 		.4byte	.LASF78
 4449 0aa1 01       		.byte	0x1
 4450 0aa2 6103     		.2byte	0x361
 4451 0aa4 65030000 		.4byte	0x365
 4452 0aa8 01       		.uleb128 0x1
 4453 0aa9 53       		.byte	0x53
 4454 0aaa 23       		.uleb128 0x23
 4455 0aab F9040000 		.4byte	.LASF32
 4456 0aaf 01       		.byte	0x1
 4457 0ab0 6403     		.2byte	0x364
 4458 0ab2 A4000000 		.4byte	0xa4
 4459 0ab6 2A0C0000 		.4byte	.LLST69
 4460 0aba 1F       		.uleb128 0x1f
 4461 0abb 0A000000 		.4byte	.LBB49
 4462 0abf 12000000 		.4byte	.LBE49-.LBB49
 4463 0ac3 23       		.uleb128 0x23
 4464 0ac4 B5040000 		.4byte	.LASF69
 4465 0ac8 01       		.byte	0x1
 4466 0ac9 6C03     		.2byte	0x36c
 4467 0acb 27070000 		.4byte	0x727
 4468 0acf 6C0C0000 		.4byte	.LLST70
 4469 0ad3 00       		.byte	0
 4470 0ad4 00       		.byte	0
 4471 0ad5 12       		.uleb128 0x12
 4472 0ad6 04       		.byte	0x4
 4473 0ad7 77000000 		.4byte	0x77
 4474 0adb 21       		.uleb128 0x21
 4475 0adc 94020000 		.4byte	.LASF80
 4476 0ae0 01       		.byte	0x1
 4477 0ae1 9A03     		.2byte	0x39a
 4478 0ae3 A4000000 		.4byte	0xa4
 4479 0ae7 00000000 		.4byte	.LFB21
 4480 0aeb 1A000000 		.4byte	.LFE21-.LFB21
 4481 0aef 01       		.uleb128 0x1
 4482 0af0 9C       		.byte	0x9c
 4483 0af1 420B0000 		.4byte	0xb42
 4484 0af5 22       		.uleb128 0x22
ARM GAS  C:\Users\elias\AppData\Local\Temp\cciYT9qe.s 			page 211


 4485 0af6 B4000000 		.4byte	.LASF55
 4486 0afa 01       		.byte	0x1
 4487 0afb 9A03     		.2byte	0x39a
 4488 0afd 6B000000 		.4byte	0x6b
 4489 0b01 940C0000 		.4byte	.LLST71
 4490 0b05 24       		.uleb128 0x24
 4491 0b06 6B020000 		.4byte	.LASF67
 4492 0b0a 01       		.byte	0x1
 4493 0b0b 9A03     		.2byte	0x39a
 4494 0b0d 77000000 		.4byte	0x77
 4495 0b11 01       		.uleb128 0x1
 4496 0b12 51       		.byte	0x51
 4497 0b13 24       		.uleb128 0x24
 4498 0b14 71010000 		.4byte	.LASF68
 4499 0b18 01       		.byte	0x1
 4500 0b19 9A03     		.2byte	0x39a
 4501 0b1b 77000000 		.4byte	0x77
 4502 0b1f 01       		.uleb128 0x1
 4503 0b20 52       		.byte	0x52
 4504 0b21 23       		.uleb128 0x23
 4505 0b22 F9040000 		.4byte	.LASF32
 4506 0b26 01       		.byte	0x1
 4507 0b27 9C03     		.2byte	0x39c
 4508 0b29 A4000000 		.4byte	0xa4
 4509 0b2d CE0C0000 		.4byte	.LLST72
 4510 0b31 23       		.uleb128 0x23
 4511 0b32 B5040000 		.4byte	.LASF69
 4512 0b36 01       		.byte	0x1
 4513 0b37 9D03     		.2byte	0x39d
 4514 0b39 27070000 		.4byte	0x727
 4515 0b3d 050D0000 		.4byte	.LLST73
 4516 0b41 00       		.byte	0
 4517 0b42 21       		.uleb128 0x21
 4518 0b43 45040000 		.4byte	.LASF81
 4519 0b47 01       		.byte	0x1
 4520 0b48 C803     		.2byte	0x3c8
 4521 0b4a A4000000 		.4byte	0xa4
 4522 0b4e 00000000 		.4byte	.LFB22
 4523 0b52 30000000 		.4byte	.LFE22-.LFB22
 4524 0b56 01       		.uleb128 0x1
 4525 0b57 9C       		.byte	0x9c
 4526 0b58 A90B0000 		.4byte	0xba9
 4527 0b5c 22       		.uleb128 0x22
 4528 0b5d B4000000 		.4byte	.LASF55
 4529 0b61 01       		.byte	0x1
 4530 0b62 C803     		.2byte	0x3c8
 4531 0b64 6B000000 		.4byte	0x6b
 4532 0b68 270D0000 		.4byte	.LLST74
 4533 0b6c 24       		.uleb128 0x24
 4534 0b6d 6B020000 		.4byte	.LASF67
 4535 0b71 01       		.byte	0x1
 4536 0b72 C803     		.2byte	0x3c8
 4537 0b74 D50A0000 		.4byte	0xad5
 4538 0b78 01       		.uleb128 0x1
 4539 0b79 51       		.byte	0x51
 4540 0b7a 24       		.uleb128 0x24
 4541 0b7b 71010000 		.4byte	.LASF68
ARM GAS  C:\Users\elias\AppData\Local\Temp\cciYT9qe.s 			page 212


 4542 0b7f 01       		.byte	0x1
 4543 0b80 C803     		.2byte	0x3c8
 4544 0b82 D50A0000 		.4byte	0xad5
 4545 0b86 01       		.uleb128 0x1
 4546 0b87 52       		.byte	0x52
 4547 0b88 23       		.uleb128 0x23
 4548 0b89 F9040000 		.4byte	.LASF32
 4549 0b8d 01       		.byte	0x1
 4550 0b8e CA03     		.2byte	0x3ca
 4551 0b90 A4000000 		.4byte	0xa4
 4552 0b94 7A0D0000 		.4byte	.LLST75
 4553 0b98 23       		.uleb128 0x23
 4554 0b99 B5040000 		.4byte	.LASF69
 4555 0b9d 01       		.byte	0x1
 4556 0b9e CB03     		.2byte	0x3cb
 4557 0ba0 27070000 		.4byte	0x727
 4558 0ba4 990D0000 		.4byte	.LLST76
 4559 0ba8 00       		.byte	0
 4560 0ba9 1B       		.uleb128 0x1b
 4561 0baa F9030000 		.4byte	0x3f9
 4562 0bae 00000000 		.4byte	.LFB23
 4563 0bb2 34000000 		.4byte	.LFE23-.LFB23
 4564 0bb6 01       		.uleb128 0x1
 4565 0bb7 9C       		.byte	0x9c
 4566 0bb8 030C0000 		.4byte	0xc03
 4567 0bbc 1C       		.uleb128 0x1c
 4568 0bbd 0A040000 		.4byte	0x40a
 4569 0bc1 D00D0000 		.4byte	.LLST77
 4570 0bc5 1C       		.uleb128 0x1c
 4571 0bc6 16040000 		.4byte	0x416
 4572 0bca 230E0000 		.4byte	.LLST78
 4573 0bce 20       		.uleb128 0x20
 4574 0bcf 22040000 		.4byte	0x422
 4575 0bd3 4F0E0000 		.4byte	.LLST79
 4576 0bd7 1F       		.uleb128 0x1f
 4577 0bd8 1A000000 		.4byte	.LBB52
 4578 0bdc 10000000 		.4byte	.LBE52-.LBB52
 4579 0be0 1C       		.uleb128 0x1c
 4580 0be1 16040000 		.4byte	0x416
 4581 0be5 7A0E0000 		.4byte	.LLST80
 4582 0be9 1C       		.uleb128 0x1c
 4583 0bea 0A040000 		.4byte	0x40a
 4584 0bee 8D0E0000 		.4byte	.LLST81
 4585 0bf2 1F       		.uleb128 0x1f
 4586 0bf3 1A000000 		.4byte	.LBB53
 4587 0bf7 10000000 		.4byte	.LBE53-.LBB53
 4588 0bfb 1E       		.uleb128 0x1e
 4589 0bfc 22040000 		.4byte	0x422
 4590 0c00 00       		.byte	0
 4591 0c01 00       		.byte	0
 4592 0c02 00       		.byte	0
 4593 0c03 29       		.uleb128 0x29
 4594 0c04 F0010000 		.4byte	.LASF82
 4595 0c08 01       		.byte	0x1
 4596 0c09 27       		.byte	0x27
 4597 0c0a 6B000000 		.4byte	0x6b
 4598 0c0e 05       		.uleb128 0x5
ARM GAS  C:\Users\elias\AppData\Local\Temp\cciYT9qe.s 			page 213


 4599 0c0f 03       		.byte	0x3
 4600 0c10 01000000 		.4byte	CyDmaTdCurrentNumber
 4601 0c14 29       		.uleb128 0x29
 4602 0c15 D0040000 		.4byte	.LASF83
 4603 0c19 01       		.byte	0x1
 4604 0c1a 28       		.byte	0x28
 4605 0c1b 6B000000 		.4byte	0x6b
 4606 0c1f 05       		.uleb128 0x5
 4607 0c20 03       		.byte	0x3
 4608 0c21 00000000 		.4byte	CyDmaTdFreeIndex
 4609 0c25 29       		.uleb128 0x29
 4610 0c26 33010000 		.4byte	.LASF84
 4611 0c2a 01       		.byte	0x1
 4612 0c2b 29       		.byte	0x29
 4613 0c2c 83000000 		.4byte	0x83
 4614 0c30 05       		.uleb128 0x5
 4615 0c31 03       		.byte	0x3
 4616 0c32 00000000 		.4byte	CyDmaChannels
 4617 0c36 2A       		.uleb128 0x2a
 4618 0c37 BF010000 		.4byte	.LASF85
 4619 0c3b BF010000 		.4byte	.LASF85
 4620 0c3f 04       		.byte	0x4
 4621 0c40 7D       		.byte	0x7d
 4622 0c41 2A       		.uleb128 0x2a
 4623 0c42 07000000 		.4byte	.LASF86
 4624 0c46 07000000 		.4byte	.LASF86
 4625 0c4a 04       		.byte	0x4
 4626 0c4b 7E       		.byte	0x7e
 4627 0c4c 00       		.byte	0
 4628              		.section	.debug_abbrev,"",%progbits
 4629              	.Ldebug_abbrev0:
 4630 0000 01       		.uleb128 0x1
 4631 0001 11       		.uleb128 0x11
 4632 0002 01       		.byte	0x1
 4633 0003 25       		.uleb128 0x25
 4634 0004 0E       		.uleb128 0xe
 4635 0005 13       		.uleb128 0x13
 4636 0006 0B       		.uleb128 0xb
 4637 0007 03       		.uleb128 0x3
 4638 0008 0E       		.uleb128 0xe
 4639 0009 1B       		.uleb128 0x1b
 4640 000a 0E       		.uleb128 0xe
 4641 000b 55       		.uleb128 0x55
 4642 000c 17       		.uleb128 0x17
 4643 000d 11       		.uleb128 0x11
 4644 000e 01       		.uleb128 0x1
 4645 000f 10       		.uleb128 0x10
 4646 0010 17       		.uleb128 0x17
 4647 0011 00       		.byte	0
 4648 0012 00       		.byte	0
 4649 0013 02       		.uleb128 0x2
 4650 0014 24       		.uleb128 0x24
 4651 0015 00       		.byte	0
 4652 0016 0B       		.uleb128 0xb
 4653 0017 0B       		.uleb128 0xb
 4654 0018 3E       		.uleb128 0x3e
 4655 0019 0B       		.uleb128 0xb
ARM GAS  C:\Users\elias\AppData\Local\Temp\cciYT9qe.s 			page 214


 4656 001a 03       		.uleb128 0x3
 4657 001b 0E       		.uleb128 0xe
 4658 001c 00       		.byte	0
 4659 001d 00       		.byte	0
 4660 001e 03       		.uleb128 0x3
 4661 001f 24       		.uleb128 0x24
 4662 0020 00       		.byte	0
 4663 0021 0B       		.uleb128 0xb
 4664 0022 0B       		.uleb128 0xb
 4665 0023 3E       		.uleb128 0x3e
 4666 0024 0B       		.uleb128 0xb
 4667 0025 03       		.uleb128 0x3
 4668 0026 08       		.uleb128 0x8
 4669 0027 00       		.byte	0
 4670 0028 00       		.byte	0
 4671 0029 04       		.uleb128 0x4
 4672 002a 16       		.uleb128 0x16
 4673 002b 00       		.byte	0
 4674 002c 03       		.uleb128 0x3
 4675 002d 0E       		.uleb128 0xe
 4676 002e 3A       		.uleb128 0x3a
 4677 002f 0B       		.uleb128 0xb
 4678 0030 3B       		.uleb128 0x3b
 4679 0031 05       		.uleb128 0x5
 4680 0032 49       		.uleb128 0x49
 4681 0033 13       		.uleb128 0x13
 4682 0034 00       		.byte	0
 4683 0035 00       		.byte	0
 4684 0036 05       		.uleb128 0x5
 4685 0037 35       		.uleb128 0x35
 4686 0038 00       		.byte	0
 4687 0039 49       		.uleb128 0x49
 4688 003a 13       		.uleb128 0x13
 4689 003b 00       		.byte	0
 4690 003c 00       		.byte	0
 4691 003d 06       		.uleb128 0x6
 4692 003e 13       		.uleb128 0x13
 4693 003f 01       		.byte	0x1
 4694 0040 03       		.uleb128 0x3
 4695 0041 0E       		.uleb128 0xe
 4696 0042 0B       		.uleb128 0xb
 4697 0043 0B       		.uleb128 0xb
 4698 0044 3A       		.uleb128 0x3a
 4699 0045 0B       		.uleb128 0xb
 4700 0046 3B       		.uleb128 0x3b
 4701 0047 0B       		.uleb128 0xb
 4702 0048 01       		.uleb128 0x1
 4703 0049 13       		.uleb128 0x13
 4704 004a 00       		.byte	0
 4705 004b 00       		.byte	0
 4706 004c 07       		.uleb128 0x7
 4707 004d 0D       		.uleb128 0xd
 4708 004e 00       		.byte	0
 4709 004f 03       		.uleb128 0x3
 4710 0050 0E       		.uleb128 0xe
 4711 0051 3A       		.uleb128 0x3a
 4712 0052 0B       		.uleb128 0xb
ARM GAS  C:\Users\elias\AppData\Local\Temp\cciYT9qe.s 			page 215


 4713 0053 3B       		.uleb128 0x3b
 4714 0054 0B       		.uleb128 0xb
 4715 0055 49       		.uleb128 0x49
 4716 0056 13       		.uleb128 0x13
 4717 0057 38       		.uleb128 0x38
 4718 0058 0B       		.uleb128 0xb
 4719 0059 00       		.byte	0
 4720 005a 00       		.byte	0
 4721 005b 08       		.uleb128 0x8
 4722 005c 01       		.uleb128 0x1
 4723 005d 01       		.byte	0x1
 4724 005e 49       		.uleb128 0x49
 4725 005f 13       		.uleb128 0x13
 4726 0060 01       		.uleb128 0x1
 4727 0061 13       		.uleb128 0x13
 4728 0062 00       		.byte	0
 4729 0063 00       		.byte	0
 4730 0064 09       		.uleb128 0x9
 4731 0065 21       		.uleb128 0x21
 4732 0066 00       		.byte	0
 4733 0067 49       		.uleb128 0x49
 4734 0068 13       		.uleb128 0x13
 4735 0069 2F       		.uleb128 0x2f
 4736 006a 0B       		.uleb128 0xb
 4737 006b 00       		.byte	0
 4738 006c 00       		.byte	0
 4739 006d 0A       		.uleb128 0xa
 4740 006e 16       		.uleb128 0x16
 4741 006f 00       		.byte	0
 4742 0070 03       		.uleb128 0x3
 4743 0071 0E       		.uleb128 0xe
 4744 0072 3A       		.uleb128 0x3a
 4745 0073 0B       		.uleb128 0xb
 4746 0074 3B       		.uleb128 0x3b
 4747 0075 0B       		.uleb128 0xb
 4748 0076 49       		.uleb128 0x49
 4749 0077 13       		.uleb128 0x13
 4750 0078 00       		.byte	0
 4751 0079 00       		.byte	0
 4752 007a 0B       		.uleb128 0xb
 4753 007b 0D       		.uleb128 0xd
 4754 007c 00       		.byte	0
 4755 007d 03       		.uleb128 0x3
 4756 007e 08       		.uleb128 0x8
 4757 007f 3A       		.uleb128 0x3a
 4758 0080 0B       		.uleb128 0xb
 4759 0081 3B       		.uleb128 0x3b
 4760 0082 0B       		.uleb128 0xb
 4761 0083 49       		.uleb128 0x49
 4762 0084 13       		.uleb128 0x13
 4763 0085 38       		.uleb128 0x38
 4764 0086 0B       		.uleb128 0xb
 4765 0087 00       		.byte	0
 4766 0088 00       		.byte	0
 4767 0089 0C       		.uleb128 0xc
 4768 008a 2E       		.uleb128 0x2e
 4769 008b 01       		.byte	0x1
ARM GAS  C:\Users\elias\AppData\Local\Temp\cciYT9qe.s 			page 216


 4770 008c 3F       		.uleb128 0x3f
 4771 008d 19       		.uleb128 0x19
 4772 008e 03       		.uleb128 0x3
 4773 008f 0E       		.uleb128 0xe
 4774 0090 3A       		.uleb128 0x3a
 4775 0091 0B       		.uleb128 0xb
 4776 0092 3B       		.uleb128 0x3b
 4777 0093 0B       		.uleb128 0xb
 4778 0094 27       		.uleb128 0x27
 4779 0095 19       		.uleb128 0x19
 4780 0096 49       		.uleb128 0x49
 4781 0097 13       		.uleb128 0x13
 4782 0098 20       		.uleb128 0x20
 4783 0099 0B       		.uleb128 0xb
 4784 009a 01       		.uleb128 0x1
 4785 009b 13       		.uleb128 0x13
 4786 009c 00       		.byte	0
 4787 009d 00       		.byte	0
 4788 009e 0D       		.uleb128 0xd
 4789 009f 05       		.uleb128 0x5
 4790 00a0 00       		.byte	0
 4791 00a1 03       		.uleb128 0x3
 4792 00a2 0E       		.uleb128 0xe
 4793 00a3 3A       		.uleb128 0x3a
 4794 00a4 0B       		.uleb128 0xb
 4795 00a5 3B       		.uleb128 0x3b
 4796 00a6 0B       		.uleb128 0xb
 4797 00a7 49       		.uleb128 0x49
 4798 00a8 13       		.uleb128 0x13
 4799 00a9 00       		.byte	0
 4800 00aa 00       		.byte	0
 4801 00ab 0E       		.uleb128 0xe
 4802 00ac 34       		.uleb128 0x34
 4803 00ad 00       		.byte	0
 4804 00ae 03       		.uleb128 0x3
 4805 00af 0E       		.uleb128 0xe
 4806 00b0 3A       		.uleb128 0x3a
 4807 00b1 0B       		.uleb128 0xb
 4808 00b2 3B       		.uleb128 0x3b
 4809 00b3 0B       		.uleb128 0xb
 4810 00b4 49       		.uleb128 0x49
 4811 00b5 13       		.uleb128 0x13
 4812 00b6 00       		.byte	0
 4813 00b7 00       		.byte	0
 4814 00b8 0F       		.uleb128 0xf
 4815 00b9 2E       		.uleb128 0x2e
 4816 00ba 01       		.byte	0x1
 4817 00bb 3F       		.uleb128 0x3f
 4818 00bc 19       		.uleb128 0x19
 4819 00bd 03       		.uleb128 0x3
 4820 00be 0E       		.uleb128 0xe
 4821 00bf 3A       		.uleb128 0x3a
 4822 00c0 0B       		.uleb128 0xb
 4823 00c1 3B       		.uleb128 0x3b
 4824 00c2 05       		.uleb128 0x5
 4825 00c3 27       		.uleb128 0x27
 4826 00c4 19       		.uleb128 0x19
ARM GAS  C:\Users\elias\AppData\Local\Temp\cciYT9qe.s 			page 217


 4827 00c5 49       		.uleb128 0x49
 4828 00c6 13       		.uleb128 0x13
 4829 00c7 20       		.uleb128 0x20
 4830 00c8 0B       		.uleb128 0xb
 4831 00c9 01       		.uleb128 0x1
 4832 00ca 13       		.uleb128 0x13
 4833 00cb 00       		.byte	0
 4834 00cc 00       		.byte	0
 4835 00cd 10       		.uleb128 0x10
 4836 00ce 05       		.uleb128 0x5
 4837 00cf 00       		.byte	0
 4838 00d0 03       		.uleb128 0x3
 4839 00d1 0E       		.uleb128 0xe
 4840 00d2 3A       		.uleb128 0x3a
 4841 00d3 0B       		.uleb128 0xb
 4842 00d4 3B       		.uleb128 0x3b
 4843 00d5 05       		.uleb128 0x5
 4844 00d6 49       		.uleb128 0x49
 4845 00d7 13       		.uleb128 0x13
 4846 00d8 00       		.byte	0
 4847 00d9 00       		.byte	0
 4848 00da 11       		.uleb128 0x11
 4849 00db 34       		.uleb128 0x34
 4850 00dc 00       		.byte	0
 4851 00dd 03       		.uleb128 0x3
 4852 00de 0E       		.uleb128 0xe
 4853 00df 3A       		.uleb128 0x3a
 4854 00e0 0B       		.uleb128 0xb
 4855 00e1 3B       		.uleb128 0x3b
 4856 00e2 05       		.uleb128 0x5
 4857 00e3 49       		.uleb128 0x49
 4858 00e4 13       		.uleb128 0x13
 4859 00e5 00       		.byte	0
 4860 00e6 00       		.byte	0
 4861 00e7 12       		.uleb128 0x12
 4862 00e8 0F       		.uleb128 0xf
 4863 00e9 00       		.byte	0
 4864 00ea 0B       		.uleb128 0xb
 4865 00eb 0B       		.uleb128 0xb
 4866 00ec 49       		.uleb128 0x49
 4867 00ed 13       		.uleb128 0x13
 4868 00ee 00       		.byte	0
 4869 00ef 00       		.byte	0
 4870 00f0 13       		.uleb128 0x13
 4871 00f1 2E       		.uleb128 0x2e
 4872 00f2 01       		.byte	0x1
 4873 00f3 3F       		.uleb128 0x3f
 4874 00f4 19       		.uleb128 0x19
 4875 00f5 03       		.uleb128 0x3
 4876 00f6 0E       		.uleb128 0xe
 4877 00f7 3A       		.uleb128 0x3a
 4878 00f8 0B       		.uleb128 0xb
 4879 00f9 3B       		.uleb128 0x3b
 4880 00fa 05       		.uleb128 0x5
 4881 00fb 27       		.uleb128 0x27
 4882 00fc 19       		.uleb128 0x19
 4883 00fd 20       		.uleb128 0x20
ARM GAS  C:\Users\elias\AppData\Local\Temp\cciYT9qe.s 			page 218


 4884 00fe 0B       		.uleb128 0xb
 4885 00ff 01       		.uleb128 0x1
 4886 0100 13       		.uleb128 0x13
 4887 0101 00       		.byte	0
 4888 0102 00       		.byte	0
 4889 0103 14       		.uleb128 0x14
 4890 0104 0B       		.uleb128 0xb
 4891 0105 01       		.byte	0x1
 4892 0106 00       		.byte	0
 4893 0107 00       		.byte	0
 4894 0108 15       		.uleb128 0x15
 4895 0109 2E       		.uleb128 0x2e
 4896 010a 01       		.byte	0x1
 4897 010b 3F       		.uleb128 0x3f
 4898 010c 19       		.uleb128 0x19
 4899 010d 03       		.uleb128 0x3
 4900 010e 0E       		.uleb128 0xe
 4901 010f 3A       		.uleb128 0x3a
 4902 0110 0B       		.uleb128 0xb
 4903 0111 3B       		.uleb128 0x3b
 4904 0112 0B       		.uleb128 0xb
 4905 0113 27       		.uleb128 0x27
 4906 0114 19       		.uleb128 0x19
 4907 0115 11       		.uleb128 0x11
 4908 0116 01       		.uleb128 0x1
 4909 0117 12       		.uleb128 0x12
 4910 0118 06       		.uleb128 0x6
 4911 0119 40       		.uleb128 0x40
 4912 011a 18       		.uleb128 0x18
 4913 011b 9742     		.uleb128 0x2117
 4914 011d 19       		.uleb128 0x19
 4915 011e 01       		.uleb128 0x1
 4916 011f 13       		.uleb128 0x13
 4917 0120 00       		.byte	0
 4918 0121 00       		.byte	0
 4919 0122 16       		.uleb128 0x16
 4920 0123 34       		.uleb128 0x34
 4921 0124 00       		.byte	0
 4922 0125 03       		.uleb128 0x3
 4923 0126 0E       		.uleb128 0xe
 4924 0127 3A       		.uleb128 0x3a
 4925 0128 0B       		.uleb128 0xb
 4926 0129 3B       		.uleb128 0x3b
 4927 012a 0B       		.uleb128 0xb
 4928 012b 49       		.uleb128 0x49
 4929 012c 13       		.uleb128 0x13
 4930 012d 02       		.uleb128 0x2
 4931 012e 17       		.uleb128 0x17
 4932 012f 00       		.byte	0
 4933 0130 00       		.byte	0
 4934 0131 17       		.uleb128 0x17
 4935 0132 2E       		.uleb128 0x2e
 4936 0133 00       		.byte	0
 4937 0134 3F       		.uleb128 0x3f
 4938 0135 19       		.uleb128 0x19
 4939 0136 03       		.uleb128 0x3
 4940 0137 0E       		.uleb128 0xe
ARM GAS  C:\Users\elias\AppData\Local\Temp\cciYT9qe.s 			page 219


 4941 0138 3A       		.uleb128 0x3a
 4942 0139 0B       		.uleb128 0xb
 4943 013a 3B       		.uleb128 0x3b
 4944 013b 0B       		.uleb128 0xb
 4945 013c 27       		.uleb128 0x27
 4946 013d 19       		.uleb128 0x19
 4947 013e 49       		.uleb128 0x49
 4948 013f 13       		.uleb128 0x13
 4949 0140 11       		.uleb128 0x11
 4950 0141 01       		.uleb128 0x1
 4951 0142 12       		.uleb128 0x12
 4952 0143 06       		.uleb128 0x6
 4953 0144 40       		.uleb128 0x40
 4954 0145 18       		.uleb128 0x18
 4955 0146 9742     		.uleb128 0x2117
 4956 0148 19       		.uleb128 0x19
 4957 0149 00       		.byte	0
 4958 014a 00       		.byte	0
 4959 014b 18       		.uleb128 0x18
 4960 014c 05       		.uleb128 0x5
 4961 014d 00       		.byte	0
 4962 014e 03       		.uleb128 0x3
 4963 014f 0E       		.uleb128 0xe
 4964 0150 3A       		.uleb128 0x3a
 4965 0151 0B       		.uleb128 0xb
 4966 0152 3B       		.uleb128 0x3b
 4967 0153 0B       		.uleb128 0xb
 4968 0154 49       		.uleb128 0x49
 4969 0155 13       		.uleb128 0x13
 4970 0156 02       		.uleb128 0x2
 4971 0157 17       		.uleb128 0x17
 4972 0158 00       		.byte	0
 4973 0159 00       		.byte	0
 4974 015a 19       		.uleb128 0x19
 4975 015b 2E       		.uleb128 0x2e
 4976 015c 01       		.byte	0x1
 4977 015d 3F       		.uleb128 0x3f
 4978 015e 19       		.uleb128 0x19
 4979 015f 03       		.uleb128 0x3
 4980 0160 0E       		.uleb128 0xe
 4981 0161 3A       		.uleb128 0x3a
 4982 0162 0B       		.uleb128 0xb
 4983 0163 3B       		.uleb128 0x3b
 4984 0164 0B       		.uleb128 0xb
 4985 0165 27       		.uleb128 0x27
 4986 0166 19       		.uleb128 0x19
 4987 0167 49       		.uleb128 0x49
 4988 0168 13       		.uleb128 0x13
 4989 0169 11       		.uleb128 0x11
 4990 016a 01       		.uleb128 0x1
 4991 016b 12       		.uleb128 0x12
 4992 016c 06       		.uleb128 0x6
 4993 016d 40       		.uleb128 0x40
 4994 016e 18       		.uleb128 0x18
 4995 016f 9742     		.uleb128 0x2117
 4996 0171 19       		.uleb128 0x19
 4997 0172 01       		.uleb128 0x1
ARM GAS  C:\Users\elias\AppData\Local\Temp\cciYT9qe.s 			page 220


 4998 0173 13       		.uleb128 0x13
 4999 0174 00       		.byte	0
 5000 0175 00       		.byte	0
 5001 0176 1A       		.uleb128 0x1a
 5002 0177 898201   		.uleb128 0x4109
 5003 017a 00       		.byte	0
 5004 017b 11       		.uleb128 0x11
 5005 017c 01       		.uleb128 0x1
 5006 017d 31       		.uleb128 0x31
 5007 017e 13       		.uleb128 0x13
 5008 017f 00       		.byte	0
 5009 0180 00       		.byte	0
 5010 0181 1B       		.uleb128 0x1b
 5011 0182 2E       		.uleb128 0x2e
 5012 0183 01       		.byte	0x1
 5013 0184 31       		.uleb128 0x31
 5014 0185 13       		.uleb128 0x13
 5015 0186 11       		.uleb128 0x11
 5016 0187 01       		.uleb128 0x1
 5017 0188 12       		.uleb128 0x12
 5018 0189 06       		.uleb128 0x6
 5019 018a 40       		.uleb128 0x40
 5020 018b 18       		.uleb128 0x18
 5021 018c 9742     		.uleb128 0x2117
 5022 018e 19       		.uleb128 0x19
 5023 018f 01       		.uleb128 0x1
 5024 0190 13       		.uleb128 0x13
 5025 0191 00       		.byte	0
 5026 0192 00       		.byte	0
 5027 0193 1C       		.uleb128 0x1c
 5028 0194 05       		.uleb128 0x5
 5029 0195 00       		.byte	0
 5030 0196 31       		.uleb128 0x31
 5031 0197 13       		.uleb128 0x13
 5032 0198 02       		.uleb128 0x2
 5033 0199 17       		.uleb128 0x17
 5034 019a 00       		.byte	0
 5035 019b 00       		.byte	0
 5036 019c 1D       		.uleb128 0x1d
 5037 019d 34       		.uleb128 0x34
 5038 019e 00       		.byte	0
 5039 019f 31       		.uleb128 0x31
 5040 01a0 13       		.uleb128 0x13
 5041 01a1 1C       		.uleb128 0x1c
 5042 01a2 0B       		.uleb128 0xb
 5043 01a3 00       		.byte	0
 5044 01a4 00       		.byte	0
 5045 01a5 1E       		.uleb128 0x1e
 5046 01a6 34       		.uleb128 0x34
 5047 01a7 00       		.byte	0
 5048 01a8 31       		.uleb128 0x31
 5049 01a9 13       		.uleb128 0x13
 5050 01aa 00       		.byte	0
 5051 01ab 00       		.byte	0
 5052 01ac 1F       		.uleb128 0x1f
 5053 01ad 0B       		.uleb128 0xb
 5054 01ae 01       		.byte	0x1
ARM GAS  C:\Users\elias\AppData\Local\Temp\cciYT9qe.s 			page 221


 5055 01af 11       		.uleb128 0x11
 5056 01b0 01       		.uleb128 0x1
 5057 01b1 12       		.uleb128 0x12
 5058 01b2 06       		.uleb128 0x6
 5059 01b3 00       		.byte	0
 5060 01b4 00       		.byte	0
 5061 01b5 20       		.uleb128 0x20
 5062 01b6 34       		.uleb128 0x34
 5063 01b7 00       		.byte	0
 5064 01b8 31       		.uleb128 0x31
 5065 01b9 13       		.uleb128 0x13
 5066 01ba 02       		.uleb128 0x2
 5067 01bb 17       		.uleb128 0x17
 5068 01bc 00       		.byte	0
 5069 01bd 00       		.byte	0
 5070 01be 21       		.uleb128 0x21
 5071 01bf 2E       		.uleb128 0x2e
 5072 01c0 01       		.byte	0x1
 5073 01c1 3F       		.uleb128 0x3f
 5074 01c2 19       		.uleb128 0x19
 5075 01c3 03       		.uleb128 0x3
 5076 01c4 0E       		.uleb128 0xe
 5077 01c5 3A       		.uleb128 0x3a
 5078 01c6 0B       		.uleb128 0xb
 5079 01c7 3B       		.uleb128 0x3b
 5080 01c8 05       		.uleb128 0x5
 5081 01c9 27       		.uleb128 0x27
 5082 01ca 19       		.uleb128 0x19
 5083 01cb 49       		.uleb128 0x49
 5084 01cc 13       		.uleb128 0x13
 5085 01cd 11       		.uleb128 0x11
 5086 01ce 01       		.uleb128 0x1
 5087 01cf 12       		.uleb128 0x12
 5088 01d0 06       		.uleb128 0x6
 5089 01d1 40       		.uleb128 0x40
 5090 01d2 18       		.uleb128 0x18
 5091 01d3 9742     		.uleb128 0x2117
 5092 01d5 19       		.uleb128 0x19
 5093 01d6 01       		.uleb128 0x1
 5094 01d7 13       		.uleb128 0x13
 5095 01d8 00       		.byte	0
 5096 01d9 00       		.byte	0
 5097 01da 22       		.uleb128 0x22
 5098 01db 05       		.uleb128 0x5
 5099 01dc 00       		.byte	0
 5100 01dd 03       		.uleb128 0x3
 5101 01de 0E       		.uleb128 0xe
 5102 01df 3A       		.uleb128 0x3a
 5103 01e0 0B       		.uleb128 0xb
 5104 01e1 3B       		.uleb128 0x3b
 5105 01e2 05       		.uleb128 0x5
 5106 01e3 49       		.uleb128 0x49
 5107 01e4 13       		.uleb128 0x13
 5108 01e5 02       		.uleb128 0x2
 5109 01e6 17       		.uleb128 0x17
 5110 01e7 00       		.byte	0
 5111 01e8 00       		.byte	0
ARM GAS  C:\Users\elias\AppData\Local\Temp\cciYT9qe.s 			page 222


 5112 01e9 23       		.uleb128 0x23
 5113 01ea 34       		.uleb128 0x34
 5114 01eb 00       		.byte	0
 5115 01ec 03       		.uleb128 0x3
 5116 01ed 0E       		.uleb128 0xe
 5117 01ee 3A       		.uleb128 0x3a
 5118 01ef 0B       		.uleb128 0xb
 5119 01f0 3B       		.uleb128 0x3b
 5120 01f1 05       		.uleb128 0x5
 5121 01f2 49       		.uleb128 0x49
 5122 01f3 13       		.uleb128 0x13
 5123 01f4 02       		.uleb128 0x2
 5124 01f5 17       		.uleb128 0x17
 5125 01f6 00       		.byte	0
 5126 01f7 00       		.byte	0
 5127 01f8 24       		.uleb128 0x24
 5128 01f9 05       		.uleb128 0x5
 5129 01fa 00       		.byte	0
 5130 01fb 03       		.uleb128 0x3
 5131 01fc 0E       		.uleb128 0xe
 5132 01fd 3A       		.uleb128 0x3a
 5133 01fe 0B       		.uleb128 0xb
 5134 01ff 3B       		.uleb128 0x3b
 5135 0200 05       		.uleb128 0x5
 5136 0201 49       		.uleb128 0x49
 5137 0202 13       		.uleb128 0x13
 5138 0203 02       		.uleb128 0x2
 5139 0204 18       		.uleb128 0x18
 5140 0205 00       		.byte	0
 5141 0206 00       		.byte	0
 5142 0207 25       		.uleb128 0x25
 5143 0208 05       		.uleb128 0x5
 5144 0209 00       		.byte	0
 5145 020a 31       		.uleb128 0x31
 5146 020b 13       		.uleb128 0x13
 5147 020c 02       		.uleb128 0x2
 5148 020d 18       		.uleb128 0x18
 5149 020e 00       		.byte	0
 5150 020f 00       		.byte	0
 5151 0210 26       		.uleb128 0x26
 5152 0211 0B       		.uleb128 0xb
 5153 0212 01       		.byte	0x1
 5154 0213 55       		.uleb128 0x55
 5155 0214 17       		.uleb128 0x17
 5156 0215 00       		.byte	0
 5157 0216 00       		.byte	0
 5158 0217 27       		.uleb128 0x27
 5159 0218 898201   		.uleb128 0x4109
 5160 021b 00       		.byte	0
 5161 021c 11       		.uleb128 0x11
 5162 021d 01       		.uleb128 0x1
 5163 021e 9542     		.uleb128 0x2115
 5164 0220 19       		.uleb128 0x19
 5165 0221 31       		.uleb128 0x31
 5166 0222 13       		.uleb128 0x13
 5167 0223 00       		.byte	0
 5168 0224 00       		.byte	0
ARM GAS  C:\Users\elias\AppData\Local\Temp\cciYT9qe.s 			page 223


 5169 0225 28       		.uleb128 0x28
 5170 0226 2E       		.uleb128 0x2e
 5171 0227 00       		.byte	0
 5172 0228 3F       		.uleb128 0x3f
 5173 0229 19       		.uleb128 0x19
 5174 022a 03       		.uleb128 0x3
 5175 022b 0E       		.uleb128 0xe
 5176 022c 3A       		.uleb128 0x3a
 5177 022d 0B       		.uleb128 0xb
 5178 022e 3B       		.uleb128 0x3b
 5179 022f 05       		.uleb128 0x5
 5180 0230 27       		.uleb128 0x27
 5181 0231 19       		.uleb128 0x19
 5182 0232 49       		.uleb128 0x49
 5183 0233 13       		.uleb128 0x13
 5184 0234 11       		.uleb128 0x11
 5185 0235 01       		.uleb128 0x1
 5186 0236 12       		.uleb128 0x12
 5187 0237 06       		.uleb128 0x6
 5188 0238 40       		.uleb128 0x40
 5189 0239 18       		.uleb128 0x18
 5190 023a 9742     		.uleb128 0x2117
 5191 023c 19       		.uleb128 0x19
 5192 023d 00       		.byte	0
 5193 023e 00       		.byte	0
 5194 023f 29       		.uleb128 0x29
 5195 0240 34       		.uleb128 0x34
 5196 0241 00       		.byte	0
 5197 0242 03       		.uleb128 0x3
 5198 0243 0E       		.uleb128 0xe
 5199 0244 3A       		.uleb128 0x3a
 5200 0245 0B       		.uleb128 0xb
 5201 0246 3B       		.uleb128 0x3b
 5202 0247 0B       		.uleb128 0xb
 5203 0248 49       		.uleb128 0x49
 5204 0249 13       		.uleb128 0x13
 5205 024a 02       		.uleb128 0x2
 5206 024b 18       		.uleb128 0x18
 5207 024c 00       		.byte	0
 5208 024d 00       		.byte	0
 5209 024e 2A       		.uleb128 0x2a
 5210 024f 2E       		.uleb128 0x2e
 5211 0250 00       		.byte	0
 5212 0251 3F       		.uleb128 0x3f
 5213 0252 19       		.uleb128 0x19
 5214 0253 3C       		.uleb128 0x3c
 5215 0254 19       		.uleb128 0x19
 5216 0255 6E       		.uleb128 0x6e
 5217 0256 0E       		.uleb128 0xe
 5218 0257 03       		.uleb128 0x3
 5219 0258 0E       		.uleb128 0xe
 5220 0259 3A       		.uleb128 0x3a
 5221 025a 0B       		.uleb128 0xb
 5222 025b 3B       		.uleb128 0x3b
 5223 025c 0B       		.uleb128 0xb
 5224 025d 00       		.byte	0
 5225 025e 00       		.byte	0
ARM GAS  C:\Users\elias\AppData\Local\Temp\cciYT9qe.s 			page 224


 5226 025f 00       		.byte	0
 5227              		.section	.debug_loc,"",%progbits
 5228              	.Ldebug_loc0:
 5229              	.LLST0:
 5230 0000 10000000 		.4byte	.LVL0
 5231 0004 12000000 		.4byte	.LVL1
 5232 0008 0100     		.2byte	0x1
 5233 000a 53       		.byte	0x53
 5234 000b 18000000 		.4byte	.LVL2
 5235 000f 30000000 		.4byte	.LFE0
 5236 0013 0100     		.2byte	0x1
 5237 0015 53       		.byte	0x53
 5238 0016 00000000 		.4byte	0
 5239 001a 00000000 		.4byte	0
 5240              	.LLST1:
 5241 001e 00000000 		.4byte	.LVL3
 5242 0022 06000000 		.4byte	.LVL4
 5243 0026 0100     		.2byte	0x1
 5244 0028 50       		.byte	0x50
 5245 0029 06000000 		.4byte	.LVL4
 5246 002d 10000000 		.4byte	.LFE2
 5247 0031 0400     		.2byte	0x4
 5248 0033 F3       		.byte	0xf3
 5249 0034 01       		.uleb128 0x1
 5250 0035 50       		.byte	0x50
 5251 0036 9F       		.byte	0x9f
 5252 0037 00000000 		.4byte	0
 5253 003b 00000000 		.4byte	0
 5254              	.LLST2:
 5255 003f 08000000 		.4byte	.LVL6
 5256 0043 29000000 		.4byte	.LVL12-1
 5257 0047 0100     		.2byte	0x1
 5258 0049 50       		.byte	0x50
 5259 004a 2E000000 		.4byte	.LVL13
 5260 004e 33000000 		.4byte	.LVL15-1
 5261 0052 0100     		.2byte	0x1
 5262 0054 50       		.byte	0x50
 5263 0055 00000000 		.4byte	0
 5264 0059 00000000 		.4byte	0
 5265              	.LLST3:
 5266 005d 08000000 		.4byte	.LVL6
 5267 0061 10000000 		.4byte	.LVL7
 5268 0065 0200     		.2byte	0x2
 5269 0067 30       		.byte	0x30
 5270 0068 9F       		.byte	0x9f
 5271 0069 10000000 		.4byte	.LVL7
 5272 006d 16000000 		.4byte	.LVL8
 5273 0071 0100     		.2byte	0x1
 5274 0073 54       		.byte	0x54
 5275 0074 1C000000 		.4byte	.LVL10
 5276 0078 2E000000 		.4byte	.LVL13
 5277 007c 0100     		.2byte	0x1
 5278 007e 54       		.byte	0x54
 5279 007f 30000000 		.4byte	.LVL14
 5280 0083 38000000 		.4byte	.LVL16
 5281 0087 0100     		.2byte	0x1
 5282 0089 54       		.byte	0x54
ARM GAS  C:\Users\elias\AppData\Local\Temp\cciYT9qe.s 			page 225


 5283 008a 38000000 		.4byte	.LVL16
 5284 008e 3C000000 		.4byte	.LFE4
 5285 0092 0100     		.2byte	0x1
 5286 0094 50       		.byte	0x50
 5287 0095 00000000 		.4byte	0
 5288 0099 00000000 		.4byte	0
 5289              	.LLST4:
 5290 009d 00000000 		.4byte	.LVL5
 5291 00a1 10000000 		.4byte	.LVL7
 5292 00a5 0200     		.2byte	0x2
 5293 00a7 31       		.byte	0x31
 5294 00a8 9F       		.byte	0x9f
 5295 00a9 10000000 		.4byte	.LVL7
 5296 00ad 18000000 		.4byte	.LVL9
 5297 00b1 0100     		.2byte	0x1
 5298 00b3 52       		.byte	0x52
 5299 00b4 1C000000 		.4byte	.LVL10
 5300 00b8 24000000 		.4byte	.LVL11
 5301 00bc 0100     		.2byte	0x1
 5302 00be 52       		.byte	0x52
 5303 00bf 2E000000 		.4byte	.LVL13
 5304 00c3 33000000 		.4byte	.LVL15-1
 5305 00c7 0100     		.2byte	0x1
 5306 00c9 52       		.byte	0x52
 5307 00ca 00000000 		.4byte	0
 5308 00ce 00000000 		.4byte	0
 5309              	.LLST5:
 5310 00d2 00000000 		.4byte	.LVL17
 5311 00d6 06000000 		.4byte	.LVL18
 5312 00da 0100     		.2byte	0x1
 5313 00dc 50       		.byte	0x50
 5314 00dd 06000000 		.4byte	.LVL18
 5315 00e1 08000000 		.4byte	.LVL19
 5316 00e5 0400     		.2byte	0x4
 5317 00e7 F3       		.byte	0xf3
 5318 00e8 01       		.uleb128 0x1
 5319 00e9 50       		.byte	0x50
 5320 00ea 9F       		.byte	0x9f
 5321 00eb 08000000 		.4byte	.LVL19
 5322 00ef 0F000000 		.4byte	.LVL21-1
 5323 00f3 0100     		.2byte	0x1
 5324 00f5 50       		.byte	0x50
 5325 00f6 0F000000 		.4byte	.LVL21-1
 5326 00fa 2C000000 		.4byte	.LFE5
 5327 00fe 0400     		.2byte	0x4
 5328 0100 F3       		.byte	0xf3
 5329 0101 01       		.uleb128 0x1
 5330 0102 50       		.byte	0x50
 5331 0103 9F       		.byte	0x9f
 5332 0104 00000000 		.4byte	0
 5333 0108 00000000 		.4byte	0
 5334              	.LLST6:
 5335 010c 0C000000 		.4byte	.LVL20
 5336 0110 1A000000 		.4byte	.LVL22
 5337 0114 0100     		.2byte	0x1
 5338 0116 54       		.byte	0x54
 5339 0117 00000000 		.4byte	0
ARM GAS  C:\Users\elias\AppData\Local\Temp\cciYT9qe.s 			page 226


 5340 011b 00000000 		.4byte	0
 5341              	.LLST7:
 5342 011f 10000000 		.4byte	.LVL21
 5343 0123 23000000 		.4byte	.LVL23-1
 5344 0127 0100     		.2byte	0x1
 5345 0129 50       		.byte	0x50
 5346 012a 00000000 		.4byte	0
 5347 012e 00000000 		.4byte	0
 5348              	.LLST8:
 5349 0132 00000000 		.4byte	.LVL24
 5350 0136 0A000000 		.4byte	.LVL27
 5351 013a 0100     		.2byte	0x1
 5352 013c 50       		.byte	0x50
 5353 013d 0A000000 		.4byte	.LVL27
 5354 0141 22000000 		.4byte	.LVL29
 5355 0145 0400     		.2byte	0x4
 5356 0147 F3       		.byte	0xf3
 5357 0148 01       		.uleb128 0x1
 5358 0149 50       		.byte	0x50
 5359 014a 9F       		.byte	0x9f
 5360 014b 22000000 		.4byte	.LVL29
 5361 014f 26000000 		.4byte	.LVL31
 5362 0153 0100     		.2byte	0x1
 5363 0155 50       		.byte	0x50
 5364 0156 26000000 		.4byte	.LVL31
 5365 015a 34000000 		.4byte	.LVL32
 5366 015e 0400     		.2byte	0x4
 5367 0160 F3       		.byte	0xf3
 5368 0161 01       		.uleb128 0x1
 5369 0162 50       		.byte	0x50
 5370 0163 9F       		.byte	0x9f
 5371 0164 34000000 		.4byte	.LVL32
 5372 0168 36000000 		.4byte	.LVL33
 5373 016c 0100     		.2byte	0x1
 5374 016e 50       		.byte	0x50
 5375 016f 36000000 		.4byte	.LVL33
 5376 0173 3C000000 		.4byte	.LFE6
 5377 0177 0400     		.2byte	0x4
 5378 0179 F3       		.byte	0xf3
 5379 017a 01       		.uleb128 0x1
 5380 017b 50       		.byte	0x50
 5381 017c 9F       		.byte	0x9f
 5382 017d 00000000 		.4byte	0
 5383 0181 00000000 		.4byte	0
 5384              	.LLST9:
 5385 0185 00000000 		.4byte	.LVL24
 5386 0189 08000000 		.4byte	.LVL26
 5387 018d 0100     		.2byte	0x1
 5388 018f 51       		.byte	0x51
 5389 0190 08000000 		.4byte	.LVL26
 5390 0194 22000000 		.4byte	.LVL29
 5391 0198 0400     		.2byte	0x4
 5392 019a F3       		.byte	0xf3
 5393 019b 01       		.uleb128 0x1
 5394 019c 51       		.byte	0x51
 5395 019d 9F       		.byte	0x9f
 5396 019e 22000000 		.4byte	.LVL29
ARM GAS  C:\Users\elias\AppData\Local\Temp\cciYT9qe.s 			page 227


 5397 01a2 24000000 		.4byte	.LVL30
 5398 01a6 0100     		.2byte	0x1
 5399 01a8 51       		.byte	0x51
 5400 01a9 24000000 		.4byte	.LVL30
 5401 01ad 34000000 		.4byte	.LVL32
 5402 01b1 0400     		.2byte	0x4
 5403 01b3 F3       		.byte	0xf3
 5404 01b4 01       		.uleb128 0x1
 5405 01b5 51       		.byte	0x51
 5406 01b6 9F       		.byte	0x9f
 5407 01b7 34000000 		.4byte	.LVL32
 5408 01bb 3C000000 		.4byte	.LFE6
 5409 01bf 0100     		.2byte	0x1
 5410 01c1 51       		.byte	0x51
 5411 01c2 00000000 		.4byte	0
 5412 01c6 00000000 		.4byte	0
 5413              	.LLST10:
 5414 01ca 00000000 		.4byte	.LVL24
 5415 01ce 36000000 		.4byte	.LVL33
 5416 01d2 0200     		.2byte	0x2
 5417 01d4 31       		.byte	0x31
 5418 01d5 9F       		.byte	0x9f
 5419 01d6 36000000 		.4byte	.LVL33
 5420 01da 3C000000 		.4byte	.LFE6
 5421 01de 0100     		.2byte	0x1
 5422 01e0 50       		.byte	0x50
 5423 01e1 00000000 		.4byte	0
 5424 01e5 00000000 		.4byte	0
 5425              	.LLST11:
 5426 01e9 04000000 		.4byte	.LVL25
 5427 01ed 08000000 		.4byte	.LVL26
 5428 01f1 0100     		.2byte	0x1
 5429 01f3 51       		.byte	0x51
 5430 01f4 08000000 		.4byte	.LVL26
 5431 01f8 20000000 		.4byte	.LVL28
 5432 01fc 0400     		.2byte	0x4
 5433 01fe F3       		.byte	0xf3
 5434 01ff 01       		.uleb128 0x1
 5435 0200 51       		.byte	0x51
 5436 0201 9F       		.byte	0x9f
 5437 0202 22000000 		.4byte	.LVL29
 5438 0206 24000000 		.4byte	.LVL30
 5439 020a 0100     		.2byte	0x1
 5440 020c 51       		.byte	0x51
 5441 020d 24000000 		.4byte	.LVL30
 5442 0211 34000000 		.4byte	.LVL32
 5443 0215 0400     		.2byte	0x4
 5444 0217 F3       		.byte	0xf3
 5445 0218 01       		.uleb128 0x1
 5446 0219 51       		.byte	0x51
 5447 021a 9F       		.byte	0x9f
 5448 021b 00000000 		.4byte	0
 5449 021f 00000000 		.4byte	0
 5450              	.LLST12:
 5451 0223 04000000 		.4byte	.LVL25
 5452 0227 0A000000 		.4byte	.LVL27
 5453 022b 0100     		.2byte	0x1
ARM GAS  C:\Users\elias\AppData\Local\Temp\cciYT9qe.s 			page 228


 5454 022d 50       		.byte	0x50
 5455 022e 0A000000 		.4byte	.LVL27
 5456 0232 20000000 		.4byte	.LVL28
 5457 0236 0400     		.2byte	0x4
 5458 0238 F3       		.byte	0xf3
 5459 0239 01       		.uleb128 0x1
 5460 023a 50       		.byte	0x50
 5461 023b 9F       		.byte	0x9f
 5462 023c 22000000 		.4byte	.LVL29
 5463 0240 26000000 		.4byte	.LVL31
 5464 0244 0100     		.2byte	0x1
 5465 0246 50       		.byte	0x50
 5466 0247 26000000 		.4byte	.LVL31
 5467 024b 34000000 		.4byte	.LVL32
 5468 024f 0400     		.2byte	0x4
 5469 0251 F3       		.byte	0xf3
 5470 0252 01       		.uleb128 0x1
 5471 0253 50       		.byte	0x50
 5472 0254 9F       		.byte	0x9f
 5473 0255 00000000 		.4byte	0
 5474 0259 00000000 		.4byte	0
 5475              	.LLST13:
 5476 025d 00000000 		.4byte	.LVL34
 5477 0261 0C000000 		.4byte	.LVL36
 5478 0265 0100     		.2byte	0x1
 5479 0267 50       		.byte	0x50
 5480 0268 0C000000 		.4byte	.LVL36
 5481 026c 1C000000 		.4byte	.LVL38
 5482 0270 0400     		.2byte	0x4
 5483 0272 F3       		.byte	0xf3
 5484 0273 01       		.uleb128 0x1
 5485 0274 50       		.byte	0x50
 5486 0275 9F       		.byte	0x9f
 5487 0276 1C000000 		.4byte	.LVL38
 5488 027a 1E000000 		.4byte	.LVL39
 5489 027e 0100     		.2byte	0x1
 5490 0280 50       		.byte	0x50
 5491 0281 1E000000 		.4byte	.LVL39
 5492 0285 24000000 		.4byte	.LFE7
 5493 0289 0400     		.2byte	0x4
 5494 028b F3       		.byte	0xf3
 5495 028c 01       		.uleb128 0x1
 5496 028d 50       		.byte	0x50
 5497 028e 9F       		.byte	0x9f
 5498 028f 00000000 		.4byte	0
 5499 0293 00000000 		.4byte	0
 5500              	.LLST14:
 5501 0297 00000000 		.4byte	.LVL34
 5502 029b 1E000000 		.4byte	.LVL39
 5503 029f 0200     		.2byte	0x2
 5504 02a1 31       		.byte	0x31
 5505 02a2 9F       		.byte	0x9f
 5506 02a3 1E000000 		.4byte	.LVL39
 5507 02a7 24000000 		.4byte	.LFE7
 5508 02ab 0100     		.2byte	0x1
 5509 02ad 50       		.byte	0x50
 5510 02ae 00000000 		.4byte	0
ARM GAS  C:\Users\elias\AppData\Local\Temp\cciYT9qe.s 			page 229


 5511 02b2 00000000 		.4byte	0
 5512              	.LLST15:
 5513 02b6 04000000 		.4byte	.LVL35
 5514 02ba 0C000000 		.4byte	.LVL36
 5515 02be 0100     		.2byte	0x1
 5516 02c0 50       		.byte	0x50
 5517 02c1 0C000000 		.4byte	.LVL36
 5518 02c5 1A000000 		.4byte	.LVL37
 5519 02c9 0400     		.2byte	0x4
 5520 02cb F3       		.byte	0xf3
 5521 02cc 01       		.uleb128 0x1
 5522 02cd 50       		.byte	0x50
 5523 02ce 9F       		.byte	0x9f
 5524 02cf 00000000 		.4byte	0
 5525 02d3 00000000 		.4byte	0
 5526              	.LLST16:
 5527 02d7 00000000 		.4byte	.LVL40
 5528 02db 1A000000 		.4byte	.LVL42
 5529 02df 0100     		.2byte	0x1
 5530 02e1 50       		.byte	0x50
 5531 02e2 1A000000 		.4byte	.LVL42
 5532 02e6 24000000 		.4byte	.LVL44
 5533 02ea 0400     		.2byte	0x4
 5534 02ec F3       		.byte	0xf3
 5535 02ed 01       		.uleb128 0x1
 5536 02ee 50       		.byte	0x50
 5537 02ef 9F       		.byte	0x9f
 5538 02f0 24000000 		.4byte	.LVL44
 5539 02f4 26000000 		.4byte	.LVL45
 5540 02f8 0100     		.2byte	0x1
 5541 02fa 50       		.byte	0x50
 5542 02fb 26000000 		.4byte	.LVL45
 5543 02ff 2C000000 		.4byte	.LFE8
 5544 0303 0400     		.2byte	0x4
 5545 0305 F3       		.byte	0xf3
 5546 0306 01       		.uleb128 0x1
 5547 0307 50       		.byte	0x50
 5548 0308 9F       		.byte	0x9f
 5549 0309 00000000 		.4byte	0
 5550 030d 00000000 		.4byte	0
 5551              	.LLST17:
 5552 0311 00000000 		.4byte	.LVL40
 5553 0315 20000000 		.4byte	.LVL43
 5554 0319 0200     		.2byte	0x2
 5555 031b 31       		.byte	0x31
 5556 031c 9F       		.byte	0x9f
 5557 031d 20000000 		.4byte	.LVL43
 5558 0321 24000000 		.4byte	.LVL44
 5559 0325 0100     		.2byte	0x1
 5560 0327 50       		.byte	0x50
 5561 0328 24000000 		.4byte	.LVL44
 5562 032c 2C000000 		.4byte	.LFE8
 5563 0330 0200     		.2byte	0x2
 5564 0332 31       		.byte	0x31
 5565 0333 9F       		.byte	0x9f
 5566 0334 00000000 		.4byte	0
 5567 0338 00000000 		.4byte	0
ARM GAS  C:\Users\elias\AppData\Local\Temp\cciYT9qe.s 			page 230


 5568              	.LLST18:
 5569 033c 04000000 		.4byte	.LVL41
 5570 0340 1A000000 		.4byte	.LVL42
 5571 0344 0100     		.2byte	0x1
 5572 0346 50       		.byte	0x50
 5573 0347 1A000000 		.4byte	.LVL42
 5574 034b 20000000 		.4byte	.LVL43
 5575 034f 0400     		.2byte	0x4
 5576 0351 F3       		.byte	0xf3
 5577 0352 01       		.uleb128 0x1
 5578 0353 50       		.byte	0x50
 5579 0354 9F       		.byte	0x9f
 5580 0355 00000000 		.4byte	0
 5581 0359 00000000 		.4byte	0
 5582              	.LLST19:
 5583 035d 00000000 		.4byte	.LVL46
 5584 0361 08000000 		.4byte	.LVL48
 5585 0365 0100     		.2byte	0x1
 5586 0367 50       		.byte	0x50
 5587 0368 08000000 		.4byte	.LVL48
 5588 036c 1C000000 		.4byte	.LVL53
 5589 0370 0400     		.2byte	0x4
 5590 0372 F3       		.byte	0xf3
 5591 0373 01       		.uleb128 0x1
 5592 0374 50       		.byte	0x50
 5593 0375 9F       		.byte	0x9f
 5594 0376 1C000000 		.4byte	.LVL53
 5595 037a 1E000000 		.4byte	.LVL54
 5596 037e 0100     		.2byte	0x1
 5597 0380 50       		.byte	0x50
 5598 0381 1E000000 		.4byte	.LVL54
 5599 0385 24000000 		.4byte	.LFE9
 5600 0389 0400     		.2byte	0x4
 5601 038b F3       		.byte	0xf3
 5602 038c 01       		.uleb128 0x1
 5603 038d 50       		.byte	0x50
 5604 038e 9F       		.byte	0x9f
 5605 038f 00000000 		.4byte	0
 5606 0393 00000000 		.4byte	0
 5607              	.LLST20:
 5608 0397 00000000 		.4byte	.LVL46
 5609 039b 0C000000 		.4byte	.LVL50
 5610 039f 0100     		.2byte	0x1
 5611 03a1 51       		.byte	0x51
 5612 03a2 0C000000 		.4byte	.LVL50
 5613 03a6 1C000000 		.4byte	.LVL53
 5614 03aa 0400     		.2byte	0x4
 5615 03ac F3       		.byte	0xf3
 5616 03ad 01       		.uleb128 0x1
 5617 03ae 51       		.byte	0x51
 5618 03af 9F       		.byte	0x9f
 5619 03b0 1C000000 		.4byte	.LVL53
 5620 03b4 24000000 		.4byte	.LFE9
 5621 03b8 0100     		.2byte	0x1
 5622 03ba 51       		.byte	0x51
 5623 03bb 00000000 		.4byte	0
 5624 03bf 00000000 		.4byte	0
ARM GAS  C:\Users\elias\AppData\Local\Temp\cciYT9qe.s 			page 231


 5625              	.LLST21:
 5626 03c3 00000000 		.4byte	.LVL46
 5627 03c7 1E000000 		.4byte	.LVL54
 5628 03cb 0200     		.2byte	0x2
 5629 03cd 31       		.byte	0x31
 5630 03ce 9F       		.byte	0x9f
 5631 03cf 1E000000 		.4byte	.LVL54
 5632 03d3 24000000 		.4byte	.LFE9
 5633 03d7 0100     		.2byte	0x1
 5634 03d9 50       		.byte	0x50
 5635 03da 00000000 		.4byte	0
 5636 03de 00000000 		.4byte	0
 5637              	.LLST22:
 5638 03e2 04000000 		.4byte	.LVL47
 5639 03e6 0C000000 		.4byte	.LVL50
 5640 03ea 0100     		.2byte	0x1
 5641 03ec 51       		.byte	0x51
 5642 03ed 0C000000 		.4byte	.LVL50
 5643 03f1 18000000 		.4byte	.LVL52
 5644 03f5 0400     		.2byte	0x4
 5645 03f7 F3       		.byte	0xf3
 5646 03f8 01       		.uleb128 0x1
 5647 03f9 51       		.byte	0x51
 5648 03fa 9F       		.byte	0x9f
 5649 03fb 00000000 		.4byte	0
 5650 03ff 00000000 		.4byte	0
 5651              	.LLST23:
 5652 0403 04000000 		.4byte	.LVL47
 5653 0407 08000000 		.4byte	.LVL48
 5654 040b 0100     		.2byte	0x1
 5655 040d 50       		.byte	0x50
 5656 040e 08000000 		.4byte	.LVL48
 5657 0412 18000000 		.4byte	.LVL52
 5658 0416 0400     		.2byte	0x4
 5659 0418 F3       		.byte	0xf3
 5660 0419 01       		.uleb128 0x1
 5661 041a 50       		.byte	0x50
 5662 041b 9F       		.byte	0x9f
 5663 041c 00000000 		.4byte	0
 5664 0420 00000000 		.4byte	0
 5665              	.LLST24:
 5666 0424 0A000000 		.4byte	.LVL49
 5667 0428 10000000 		.4byte	.LVL51
 5668 042c 0600     		.2byte	0x6
 5669 042e 73       		.byte	0x73
 5670 042f 00       		.sleb128 0
 5671 0430 09       		.byte	0x9
 5672 0431 F1       		.byte	0xf1
 5673 0432 1A       		.byte	0x1a
 5674 0433 9F       		.byte	0x9f
 5675 0434 00000000 		.4byte	0
 5676 0438 00000000 		.4byte	0
 5677              	.LLST25:
 5678 043c 00000000 		.4byte	.LVL55
 5679 0440 1A000000 		.4byte	.LVL58
 5680 0444 0100     		.2byte	0x1
 5681 0446 50       		.byte	0x50
ARM GAS  C:\Users\elias\AppData\Local\Temp\cciYT9qe.s 			page 232


 5682 0447 1A000000 		.4byte	.LVL58
 5683 044b 2A000000 		.4byte	.LVL62
 5684 044f 0400     		.2byte	0x4
 5685 0451 F3       		.byte	0xf3
 5686 0452 01       		.uleb128 0x1
 5687 0453 50       		.byte	0x50
 5688 0454 9F       		.byte	0x9f
 5689 0455 2A000000 		.4byte	.LVL62
 5690 0459 2C000000 		.4byte	.LVL63
 5691 045d 0100     		.2byte	0x1
 5692 045f 50       		.byte	0x50
 5693 0460 2C000000 		.4byte	.LVL63
 5694 0464 2E000000 		.4byte	.LFE10
 5695 0468 0400     		.2byte	0x4
 5696 046a F3       		.byte	0xf3
 5697 046b 01       		.uleb128 0x1
 5698 046c 50       		.byte	0x50
 5699 046d 9F       		.byte	0x9f
 5700 046e 00000000 		.4byte	0
 5701 0472 00000000 		.4byte	0
 5702              	.LLST26:
 5703 0476 00000000 		.4byte	.LVL55
 5704 047a 0C000000 		.4byte	.LVL56
 5705 047e 0100     		.2byte	0x1
 5706 0480 51       		.byte	0x51
 5707 0481 0C000000 		.4byte	.LVL56
 5708 0485 2E000000 		.4byte	.LFE10
 5709 0489 0100     		.2byte	0x1
 5710 048b 51       		.byte	0x51
 5711 048c 00000000 		.4byte	0
 5712 0490 00000000 		.4byte	0
 5713              	.LLST27:
 5714 0494 00000000 		.4byte	.LVL55
 5715 0498 14000000 		.4byte	.LVL57
 5716 049c 0100     		.2byte	0x1
 5717 049e 52       		.byte	0x52
 5718 049f 14000000 		.4byte	.LVL57
 5719 04a3 2E000000 		.4byte	.LFE10
 5720 04a7 0100     		.2byte	0x1
 5721 04a9 52       		.byte	0x52
 5722 04aa 00000000 		.4byte	0
 5723 04ae 00000000 		.4byte	0
 5724              	.LLST28:
 5725 04b2 00000000 		.4byte	.LVL55
 5726 04b6 28000000 		.4byte	.LVL61
 5727 04ba 0200     		.2byte	0x2
 5728 04bc 31       		.byte	0x31
 5729 04bd 9F       		.byte	0x9f
 5730 04be 28000000 		.4byte	.LVL61
 5731 04c2 2A000000 		.4byte	.LVL62
 5732 04c6 0200     		.2byte	0x2
 5733 04c8 30       		.byte	0x30
 5734 04c9 9F       		.byte	0x9f
 5735 04ca 2A000000 		.4byte	.LVL62
 5736 04ce 2C000000 		.4byte	.LVL63
 5737 04d2 0200     		.2byte	0x2
 5738 04d4 31       		.byte	0x31
ARM GAS  C:\Users\elias\AppData\Local\Temp\cciYT9qe.s 			page 233


 5739 04d5 9F       		.byte	0x9f
 5740 04d6 2C000000 		.4byte	.LVL63
 5741 04da 2E000000 		.4byte	.LFE10
 5742 04de 0100     		.2byte	0x1
 5743 04e0 50       		.byte	0x50
 5744 04e1 00000000 		.4byte	0
 5745 04e5 00000000 		.4byte	0
 5746              	.LLST29:
 5747 04e9 22000000 		.4byte	.LVL59
 5748 04ed 24000000 		.4byte	.LVL60
 5749 04f1 0300     		.2byte	0x3
 5750 04f3 73       		.byte	0x73
 5751 04f4 04       		.sleb128 4
 5752 04f5 9F       		.byte	0x9f
 5753 04f6 24000000 		.4byte	.LVL60
 5754 04fa 2A000000 		.4byte	.LVL62
 5755 04fe 0300     		.2byte	0x3
 5756 0500 73       		.byte	0x73
 5757 0501 06       		.sleb128 6
 5758 0502 9F       		.byte	0x9f
 5759 0503 00000000 		.4byte	0
 5760 0507 00000000 		.4byte	0
 5761              	.LLST30:
 5762 050b 00000000 		.4byte	.LVL64
 5763 050f 08000000 		.4byte	.LVL65
 5764 0513 0100     		.2byte	0x1
 5765 0515 50       		.byte	0x50
 5766 0516 08000000 		.4byte	.LVL65
 5767 051a 10000000 		.4byte	.LVL67
 5768 051e 0400     		.2byte	0x4
 5769 0520 F3       		.byte	0xf3
 5770 0521 01       		.uleb128 0x1
 5771 0522 50       		.byte	0x50
 5772 0523 9F       		.byte	0x9f
 5773 0524 10000000 		.4byte	.LVL67
 5774 0528 12000000 		.4byte	.LVL68
 5775 052c 0100     		.2byte	0x1
 5776 052e 50       		.byte	0x50
 5777 052f 12000000 		.4byte	.LVL68
 5778 0533 18000000 		.4byte	.LFE11
 5779 0537 0400     		.2byte	0x4
 5780 0539 F3       		.byte	0xf3
 5781 053a 01       		.uleb128 0x1
 5782 053b 50       		.byte	0x50
 5783 053c 9F       		.byte	0x9f
 5784 053d 00000000 		.4byte	0
 5785 0541 00000000 		.4byte	0
 5786              	.LLST31:
 5787 0545 00000000 		.4byte	.LVL64
 5788 0549 0C000000 		.4byte	.LVL66
 5789 054d 0200     		.2byte	0x2
 5790 054f 31       		.byte	0x31
 5791 0550 9F       		.byte	0x9f
 5792 0551 0C000000 		.4byte	.LVL66
 5793 0555 10000000 		.4byte	.LVL67
 5794 0559 0200     		.2byte	0x2
 5795 055b 30       		.byte	0x30
ARM GAS  C:\Users\elias\AppData\Local\Temp\cciYT9qe.s 			page 234


 5796 055c 9F       		.byte	0x9f
 5797 055d 10000000 		.4byte	.LVL67
 5798 0561 12000000 		.4byte	.LVL68
 5799 0565 0200     		.2byte	0x2
 5800 0567 31       		.byte	0x31
 5801 0568 9F       		.byte	0x9f
 5802 0569 12000000 		.4byte	.LVL68
 5803 056d 18000000 		.4byte	.LFE11
 5804 0571 0100     		.2byte	0x1
 5805 0573 50       		.byte	0x50
 5806 0574 00000000 		.4byte	0
 5807 0578 00000000 		.4byte	0
 5808              	.LLST32:
 5809 057c 00000000 		.4byte	.LVL69
 5810 0580 08000000 		.4byte	.LVL71
 5811 0584 0100     		.2byte	0x1
 5812 0586 50       		.byte	0x50
 5813 0587 08000000 		.4byte	.LVL71
 5814 058b 18000000 		.4byte	.LVL74
 5815 058f 0400     		.2byte	0x4
 5816 0591 F3       		.byte	0xf3
 5817 0592 01       		.uleb128 0x1
 5818 0593 50       		.byte	0x50
 5819 0594 9F       		.byte	0x9f
 5820 0595 18000000 		.4byte	.LVL74
 5821 0599 1A000000 		.4byte	.LVL75
 5822 059d 0100     		.2byte	0x1
 5823 059f 50       		.byte	0x50
 5824 05a0 1A000000 		.4byte	.LVL75
 5825 05a4 20000000 		.4byte	.LFE12
 5826 05a8 0400     		.2byte	0x4
 5827 05aa F3       		.byte	0xf3
 5828 05ab 01       		.uleb128 0x1
 5829 05ac 50       		.byte	0x50
 5830 05ad 9F       		.byte	0x9f
 5831 05ae 00000000 		.4byte	0
 5832 05b2 00000000 		.4byte	0
 5833              	.LLST33:
 5834 05b6 00000000 		.4byte	.LVL69
 5835 05ba 10000000 		.4byte	.LVL72
 5836 05be 0100     		.2byte	0x1
 5837 05c0 51       		.byte	0x51
 5838 05c1 10000000 		.4byte	.LVL72
 5839 05c5 18000000 		.4byte	.LVL74
 5840 05c9 0400     		.2byte	0x4
 5841 05cb F3       		.byte	0xf3
 5842 05cc 01       		.uleb128 0x1
 5843 05cd 51       		.byte	0x51
 5844 05ce 9F       		.byte	0x9f
 5845 05cf 18000000 		.4byte	.LVL74
 5846 05d3 20000000 		.4byte	.LFE12
 5847 05d7 0100     		.2byte	0x1
 5848 05d9 51       		.byte	0x51
 5849 05da 00000000 		.4byte	0
 5850 05de 00000000 		.4byte	0
 5851              	.LLST34:
 5852 05e2 00000000 		.4byte	.LVL69
ARM GAS  C:\Users\elias\AppData\Local\Temp\cciYT9qe.s 			page 235


 5853 05e6 1A000000 		.4byte	.LVL75
 5854 05ea 0200     		.2byte	0x2
 5855 05ec 31       		.byte	0x31
 5856 05ed 9F       		.byte	0x9f
 5857 05ee 1A000000 		.4byte	.LVL75
 5858 05f2 20000000 		.4byte	.LFE12
 5859 05f6 0100     		.2byte	0x1
 5860 05f8 50       		.byte	0x50
 5861 05f9 00000000 		.4byte	0
 5862 05fd 00000000 		.4byte	0
 5863              	.LLST35:
 5864 0601 04000000 		.4byte	.LVL70
 5865 0605 10000000 		.4byte	.LVL72
 5866 0609 0100     		.2byte	0x1
 5867 060b 51       		.byte	0x51
 5868 060c 10000000 		.4byte	.LVL72
 5869 0610 14000000 		.4byte	.LVL73
 5870 0614 0400     		.2byte	0x4
 5871 0616 F3       		.byte	0xf3
 5872 0617 01       		.uleb128 0x1
 5873 0618 51       		.byte	0x51
 5874 0619 9F       		.byte	0x9f
 5875 061a 00000000 		.4byte	0
 5876 061e 00000000 		.4byte	0
 5877              	.LLST36:
 5878 0622 04000000 		.4byte	.LVL70
 5879 0626 08000000 		.4byte	.LVL71
 5880 062a 0100     		.2byte	0x1
 5881 062c 50       		.byte	0x50
 5882 062d 08000000 		.4byte	.LVL71
 5883 0631 14000000 		.4byte	.LVL73
 5884 0635 0400     		.2byte	0x4
 5885 0637 F3       		.byte	0xf3
 5886 0638 01       		.uleb128 0x1
 5887 0639 50       		.byte	0x50
 5888 063a 9F       		.byte	0x9f
 5889 063b 00000000 		.4byte	0
 5890 063f 00000000 		.4byte	0
 5891              	.LLST37:
 5892 0643 00000000 		.4byte	.LVL76
 5893 0647 06000000 		.4byte	.LVL77
 5894 064b 0100     		.2byte	0x1
 5895 064d 50       		.byte	0x50
 5896 064e 06000000 		.4byte	.LVL77
 5897 0652 08000000 		.4byte	.LVL78
 5898 0656 0400     		.2byte	0x4
 5899 0658 F3       		.byte	0xf3
 5900 0659 01       		.uleb128 0x1
 5901 065a 50       		.byte	0x50
 5902 065b 9F       		.byte	0x9f
 5903 065c 08000000 		.4byte	.LVL78
 5904 0660 0C000000 		.4byte	.LVL79
 5905 0664 0100     		.2byte	0x1
 5906 0666 50       		.byte	0x50
 5907 0667 0C000000 		.4byte	.LVL79
 5908 066b 1C000000 		.4byte	.LFE13
 5909 066f 0400     		.2byte	0x4
ARM GAS  C:\Users\elias\AppData\Local\Temp\cciYT9qe.s 			page 236


 5910 0671 F3       		.byte	0xf3
 5911 0672 01       		.uleb128 0x1
 5912 0673 50       		.byte	0x50
 5913 0674 9F       		.byte	0x9f
 5914 0675 00000000 		.4byte	0
 5915 0679 00000000 		.4byte	0
 5916              	.LLST38:
 5917 067d 00000000 		.4byte	.LVL76
 5918 0681 06000000 		.4byte	.LVL77
 5919 0685 0300     		.2byte	0x3
 5920 0687 08       		.byte	0x8
 5921 0688 FF       		.byte	0xff
 5922 0689 9F       		.byte	0x9f
 5923 068a 06000000 		.4byte	.LVL77
 5924 068e 08000000 		.4byte	.LVL78
 5925 0692 0100     		.2byte	0x1
 5926 0694 50       		.byte	0x50
 5927 0695 08000000 		.4byte	.LVL78
 5928 0699 1C000000 		.4byte	.LFE13
 5929 069d 0300     		.2byte	0x3
 5930 069f 08       		.byte	0x8
 5931 06a0 FF       		.byte	0xff
 5932 06a1 9F       		.byte	0x9f
 5933 06a2 00000000 		.4byte	0
 5934 06a6 00000000 		.4byte	0
 5935              	.LLST39:
 5936 06aa 08000000 		.4byte	.LVL78
 5937 06ae 0C000000 		.4byte	.LVL79
 5938 06b2 0100     		.2byte	0x1
 5939 06b4 50       		.byte	0x50
 5940 06b5 0C000000 		.4byte	.LVL79
 5941 06b9 14000000 		.4byte	.LVL80
 5942 06bd 0400     		.2byte	0x4
 5943 06bf F3       		.byte	0xf3
 5944 06c0 01       		.uleb128 0x1
 5945 06c1 50       		.byte	0x50
 5946 06c2 9F       		.byte	0x9f
 5947 06c3 00000000 		.4byte	0
 5948 06c7 00000000 		.4byte	0
 5949              	.LLST40:
 5950 06cb 00000000 		.4byte	.LVL81
 5951 06cf 1C000000 		.4byte	.LVL83
 5952 06d3 0100     		.2byte	0x1
 5953 06d5 50       		.byte	0x50
 5954 06d6 1C000000 		.4byte	.LVL83
 5955 06da 28000000 		.4byte	.LVL85
 5956 06de 0400     		.2byte	0x4
 5957 06e0 F3       		.byte	0xf3
 5958 06e1 01       		.uleb128 0x1
 5959 06e2 50       		.byte	0x50
 5960 06e3 9F       		.byte	0x9f
 5961 06e4 28000000 		.4byte	.LVL85
 5962 06e8 2A000000 		.4byte	.LVL86
 5963 06ec 0100     		.2byte	0x1
 5964 06ee 50       		.byte	0x50
 5965 06ef 2A000000 		.4byte	.LVL86
 5966 06f3 2C000000 		.4byte	.LVL87
ARM GAS  C:\Users\elias\AppData\Local\Temp\cciYT9qe.s 			page 237


 5967 06f7 0400     		.2byte	0x4
 5968 06f9 F3       		.byte	0xf3
 5969 06fa 01       		.uleb128 0x1
 5970 06fb 50       		.byte	0x50
 5971 06fc 9F       		.byte	0x9f
 5972 06fd 2C000000 		.4byte	.LVL87
 5973 0701 2E000000 		.4byte	.LVL88
 5974 0705 0100     		.2byte	0x1
 5975 0707 50       		.byte	0x50
 5976 0708 2E000000 		.4byte	.LVL88
 5977 070c 34000000 		.4byte	.LFE14
 5978 0710 0400     		.2byte	0x4
 5979 0712 F3       		.byte	0xf3
 5980 0713 01       		.uleb128 0x1
 5981 0714 50       		.byte	0x50
 5982 0715 9F       		.byte	0x9f
 5983 0716 00000000 		.4byte	0
 5984 071a 00000000 		.4byte	0
 5985              	.LLST41:
 5986 071e 00000000 		.4byte	.LVL81
 5987 0722 24000000 		.4byte	.LVL84
 5988 0726 0200     		.2byte	0x2
 5989 0728 31       		.byte	0x31
 5990 0729 9F       		.byte	0x9f
 5991 072a 24000000 		.4byte	.LVL84
 5992 072e 28000000 		.4byte	.LVL85
 5993 0732 0100     		.2byte	0x1
 5994 0734 50       		.byte	0x50
 5995 0735 28000000 		.4byte	.LVL85
 5996 0739 2A000000 		.4byte	.LVL86
 5997 073d 0200     		.2byte	0x2
 5998 073f 31       		.byte	0x31
 5999 0740 9F       		.byte	0x9f
 6000 0741 2A000000 		.4byte	.LVL86
 6001 0745 2C000000 		.4byte	.LVL87
 6002 0749 0100     		.2byte	0x1
 6003 074b 50       		.byte	0x50
 6004 074c 2C000000 		.4byte	.LVL87
 6005 0750 34000000 		.4byte	.LFE14
 6006 0754 0200     		.2byte	0x2
 6007 0756 31       		.byte	0x31
 6008 0757 9F       		.byte	0x9f
 6009 0758 00000000 		.4byte	0
 6010 075c 00000000 		.4byte	0
 6011              	.LLST42:
 6012 0760 04000000 		.4byte	.LVL82
 6013 0764 28000000 		.4byte	.LVL85
 6014 0768 0100     		.2byte	0x1
 6015 076a 52       		.byte	0x52
 6016 076b 2C000000 		.4byte	.LVL87
 6017 076f 34000000 		.4byte	.LFE14
 6018 0773 0100     		.2byte	0x1
 6019 0775 52       		.byte	0x52
 6020 0776 00000000 		.4byte	0
 6021 077a 00000000 		.4byte	0
 6022              	.LLST43:
 6023 077e 04000000 		.4byte	.LVL82
ARM GAS  C:\Users\elias\AppData\Local\Temp\cciYT9qe.s 			page 238


 6024 0782 28000000 		.4byte	.LVL85
 6025 0786 0100     		.2byte	0x1
 6026 0788 51       		.byte	0x51
 6027 0789 2C000000 		.4byte	.LVL87
 6028 078d 34000000 		.4byte	.LFE14
 6029 0791 0100     		.2byte	0x1
 6030 0793 51       		.byte	0x51
 6031 0794 00000000 		.4byte	0
 6032 0798 00000000 		.4byte	0
 6033              	.LLST44:
 6034 079c 04000000 		.4byte	.LVL82
 6035 07a0 1C000000 		.4byte	.LVL83
 6036 07a4 0100     		.2byte	0x1
 6037 07a6 50       		.byte	0x50
 6038 07a7 1C000000 		.4byte	.LVL83
 6039 07ab 28000000 		.4byte	.LVL85
 6040 07af 0400     		.2byte	0x4
 6041 07b1 F3       		.byte	0xf3
 6042 07b2 01       		.uleb128 0x1
 6043 07b3 50       		.byte	0x50
 6044 07b4 9F       		.byte	0x9f
 6045 07b5 2C000000 		.4byte	.LVL87
 6046 07b9 2E000000 		.4byte	.LVL88
 6047 07bd 0100     		.2byte	0x1
 6048 07bf 50       		.byte	0x50
 6049 07c0 2E000000 		.4byte	.LVL88
 6050 07c4 34000000 		.4byte	.LFE14
 6051 07c8 0400     		.2byte	0x4
 6052 07ca F3       		.byte	0xf3
 6053 07cb 01       		.uleb128 0x1
 6054 07cc 50       		.byte	0x50
 6055 07cd 9F       		.byte	0x9f
 6056 07ce 00000000 		.4byte	0
 6057 07d2 00000000 		.4byte	0
 6058              	.LLST45:
 6059 07d6 00000000 		.4byte	.LVL89
 6060 07da 10000000 		.4byte	.LVL91
 6061 07de 0100     		.2byte	0x1
 6062 07e0 50       		.byte	0x50
 6063 07e1 10000000 		.4byte	.LVL91
 6064 07e5 40000000 		.4byte	.LVL99
 6065 07e9 0400     		.2byte	0x4
 6066 07eb F3       		.byte	0xf3
 6067 07ec 01       		.uleb128 0x1
 6068 07ed 50       		.byte	0x50
 6069 07ee 9F       		.byte	0x9f
 6070 07ef 40000000 		.4byte	.LVL99
 6071 07f3 42000000 		.4byte	.LVL100
 6072 07f7 0100     		.2byte	0x1
 6073 07f9 50       		.byte	0x50
 6074 07fa 42000000 		.4byte	.LVL100
 6075 07fe 46000000 		.4byte	.LFE15
 6076 0802 0400     		.2byte	0x4
 6077 0804 F3       		.byte	0xf3
 6078 0805 01       		.uleb128 0x1
 6079 0806 50       		.byte	0x50
 6080 0807 9F       		.byte	0x9f
ARM GAS  C:\Users\elias\AppData\Local\Temp\cciYT9qe.s 			page 239


 6081 0808 00000000 		.4byte	0
 6082 080c 00000000 		.4byte	0
 6083              	.LLST46:
 6084 0810 00000000 		.4byte	.LVL89
 6085 0814 14000000 		.4byte	.LVL92
 6086 0818 0100     		.2byte	0x1
 6087 081a 51       		.byte	0x51
 6088 081b 14000000 		.4byte	.LVL92
 6089 081f 40000000 		.4byte	.LVL99
 6090 0823 0400     		.2byte	0x4
 6091 0825 F3       		.byte	0xf3
 6092 0826 01       		.uleb128 0x1
 6093 0827 51       		.byte	0x51
 6094 0828 9F       		.byte	0x9f
 6095 0829 40000000 		.4byte	.LVL99
 6096 082d 46000000 		.4byte	.LFE15
 6097 0831 0100     		.2byte	0x1
 6098 0833 51       		.byte	0x51
 6099 0834 00000000 		.4byte	0
 6100 0838 00000000 		.4byte	0
 6101              	.LLST47:
 6102 083c 00000000 		.4byte	.LVL89
 6103 0840 2E000000 		.4byte	.LVL95
 6104 0844 0100     		.2byte	0x1
 6105 0846 52       		.byte	0x52
 6106 0847 2E000000 		.4byte	.LVL95
 6107 084b 40000000 		.4byte	.LVL99
 6108 084f 0400     		.2byte	0x4
 6109 0851 F3       		.byte	0xf3
 6110 0852 01       		.uleb128 0x1
 6111 0853 52       		.byte	0x52
 6112 0854 9F       		.byte	0x9f
 6113 0855 40000000 		.4byte	.LVL99
 6114 0859 46000000 		.4byte	.LFE15
 6115 085d 0100     		.2byte	0x1
 6116 085f 52       		.byte	0x52
 6117 0860 00000000 		.4byte	0
 6118 0864 00000000 		.4byte	0
 6119              	.LLST48:
 6120 0868 00000000 		.4byte	.LVL89
 6121 086c 18000000 		.4byte	.LVL93
 6122 0870 0100     		.2byte	0x1
 6123 0872 53       		.byte	0x53
 6124 0873 18000000 		.4byte	.LVL93
 6125 0877 40000000 		.4byte	.LVL99
 6126 087b 0400     		.2byte	0x4
 6127 087d F3       		.byte	0xf3
 6128 087e 01       		.uleb128 0x1
 6129 087f 53       		.byte	0x53
 6130 0880 9F       		.byte	0x9f
 6131 0881 40000000 		.4byte	.LVL99
 6132 0885 46000000 		.4byte	.LFE15
 6133 0889 0100     		.2byte	0x1
 6134 088b 53       		.byte	0x53
 6135 088c 00000000 		.4byte	0
 6136 0890 00000000 		.4byte	0
 6137              	.LLST49:
ARM GAS  C:\Users\elias\AppData\Local\Temp\cciYT9qe.s 			page 240


 6138 0894 00000000 		.4byte	.LVL89
 6139 0898 3E000000 		.4byte	.LVL98
 6140 089c 0200     		.2byte	0x2
 6141 089e 91       		.byte	0x91
 6142 089f 00       		.sleb128 0
 6143 08a0 3E000000 		.4byte	.LVL98
 6144 08a4 40000000 		.4byte	.LVL99
 6145 08a8 0200     		.2byte	0x2
 6146 08aa 7D       		.byte	0x7d
 6147 08ab 00       		.sleb128 0
 6148 08ac 40000000 		.4byte	.LVL99
 6149 08b0 44000000 		.4byte	.LVL101
 6150 08b4 0200     		.2byte	0x2
 6151 08b6 91       		.byte	0x91
 6152 08b7 00       		.sleb128 0
 6153 08b8 44000000 		.4byte	.LVL101
 6154 08bc 46000000 		.4byte	.LFE15
 6155 08c0 0200     		.2byte	0x2
 6156 08c2 7D       		.byte	0x7d
 6157 08c3 00       		.sleb128 0
 6158 08c4 00000000 		.4byte	0
 6159 08c8 00000000 		.4byte	0
 6160              	.LLST50:
 6161 08cc 00000000 		.4byte	.LVL89
 6162 08d0 3E000000 		.4byte	.LVL98
 6163 08d4 0200     		.2byte	0x2
 6164 08d6 91       		.byte	0x91
 6165 08d7 04       		.sleb128 4
 6166 08d8 3E000000 		.4byte	.LVL98
 6167 08dc 40000000 		.4byte	.LVL99
 6168 08e0 0200     		.2byte	0x2
 6169 08e2 7D       		.byte	0x7d
 6170 08e3 04       		.sleb128 4
 6171 08e4 40000000 		.4byte	.LVL99
 6172 08e8 44000000 		.4byte	.LVL101
 6173 08ec 0200     		.2byte	0x2
 6174 08ee 91       		.byte	0x91
 6175 08ef 04       		.sleb128 4
 6176 08f0 44000000 		.4byte	.LVL101
 6177 08f4 46000000 		.4byte	.LFE15
 6178 08f8 0200     		.2byte	0x2
 6179 08fa 7D       		.byte	0x7d
 6180 08fb 04       		.sleb128 4
 6181 08fc 00000000 		.4byte	0
 6182 0900 00000000 		.4byte	0
 6183              	.LLST51:
 6184 0904 00000000 		.4byte	.LVL89
 6185 0908 3C000000 		.4byte	.LVL97
 6186 090c 0200     		.2byte	0x2
 6187 090e 31       		.byte	0x31
 6188 090f 9F       		.byte	0x9f
 6189 0910 3C000000 		.4byte	.LVL97
 6190 0914 40000000 		.4byte	.LVL99
 6191 0918 0100     		.2byte	0x1
 6192 091a 50       		.byte	0x50
 6193 091b 40000000 		.4byte	.LVL99
 6194 091f 42000000 		.4byte	.LVL100
ARM GAS  C:\Users\elias\AppData\Local\Temp\cciYT9qe.s 			page 241


 6195 0923 0200     		.2byte	0x2
 6196 0925 31       		.byte	0x31
 6197 0926 9F       		.byte	0x9f
 6198 0927 42000000 		.4byte	.LVL100
 6199 092b 46000000 		.4byte	.LFE15
 6200 092f 0100     		.2byte	0x1
 6201 0931 50       		.byte	0x50
 6202 0932 00000000 		.4byte	0
 6203 0936 00000000 		.4byte	0
 6204              	.LLST52:
 6205 093a 0E000000 		.4byte	.LVL90
 6206 093e 2C000000 		.4byte	.LVL94
 6207 0942 0100     		.2byte	0x1
 6208 0944 55       		.byte	0x55
 6209 0945 2C000000 		.4byte	.LVL94
 6210 0949 3A000000 		.4byte	.LVL96
 6211 094d 0200     		.2byte	0x2
 6212 094f 91       		.byte	0x91
 6213 0950 04       		.sleb128 4
 6214 0951 00000000 		.4byte	0
 6215 0955 00000000 		.4byte	0
 6216              	.LLST53:
 6217 0959 0E000000 		.4byte	.LVL90
 6218 095d 3A000000 		.4byte	.LVL96
 6219 0961 0100     		.2byte	0x1
 6220 0963 56       		.byte	0x56
 6221 0964 00000000 		.4byte	0
 6222 0968 00000000 		.4byte	0
 6223              	.LLST54:
 6224 096c 0E000000 		.4byte	.LVL90
 6225 0970 18000000 		.4byte	.LVL93
 6226 0974 0100     		.2byte	0x1
 6227 0976 53       		.byte	0x53
 6228 0977 18000000 		.4byte	.LVL93
 6229 097b 3A000000 		.4byte	.LVL96
 6230 097f 0400     		.2byte	0x4
 6231 0981 F3       		.byte	0xf3
 6232 0982 01       		.uleb128 0x1
 6233 0983 53       		.byte	0x53
 6234 0984 9F       		.byte	0x9f
 6235 0985 00000000 		.4byte	0
 6236 0989 00000000 		.4byte	0
 6237              	.LLST55:
 6238 098d 0E000000 		.4byte	.LVL90
 6239 0991 2E000000 		.4byte	.LVL95
 6240 0995 0100     		.2byte	0x1
 6241 0997 52       		.byte	0x52
 6242 0998 2E000000 		.4byte	.LVL95
 6243 099c 3A000000 		.4byte	.LVL96
 6244 09a0 0400     		.2byte	0x4
 6245 09a2 F3       		.byte	0xf3
 6246 09a3 01       		.uleb128 0x1
 6247 09a4 52       		.byte	0x52
 6248 09a5 9F       		.byte	0x9f
 6249 09a6 00000000 		.4byte	0
 6250 09aa 00000000 		.4byte	0
 6251              	.LLST56:
ARM GAS  C:\Users\elias\AppData\Local\Temp\cciYT9qe.s 			page 242


 6252 09ae 0E000000 		.4byte	.LVL90
 6253 09b2 14000000 		.4byte	.LVL92
 6254 09b6 0100     		.2byte	0x1
 6255 09b8 51       		.byte	0x51
 6256 09b9 14000000 		.4byte	.LVL92
 6257 09bd 3A000000 		.4byte	.LVL96
 6258 09c1 0400     		.2byte	0x4
 6259 09c3 F3       		.byte	0xf3
 6260 09c4 01       		.uleb128 0x1
 6261 09c5 51       		.byte	0x51
 6262 09c6 9F       		.byte	0x9f
 6263 09c7 00000000 		.4byte	0
 6264 09cb 00000000 		.4byte	0
 6265              	.LLST57:
 6266 09cf 0E000000 		.4byte	.LVL90
 6267 09d3 10000000 		.4byte	.LVL91
 6268 09d7 0100     		.2byte	0x1
 6269 09d9 50       		.byte	0x50
 6270 09da 10000000 		.4byte	.LVL91
 6271 09de 3A000000 		.4byte	.LVL96
 6272 09e2 0400     		.2byte	0x4
 6273 09e4 F3       		.byte	0xf3
 6274 09e5 01       		.uleb128 0x1
 6275 09e6 50       		.byte	0x50
 6276 09e7 9F       		.byte	0x9f
 6277 09e8 00000000 		.4byte	0
 6278 09ec 00000000 		.4byte	0
 6279              	.LLST58:
 6280 09f0 06000000 		.4byte	.LVL103
 6281 09f4 13000000 		.4byte	.LVL105-1
 6282 09f8 0100     		.2byte	0x1
 6283 09fa 50       		.byte	0x50
 6284 09fb 18000000 		.4byte	.LVL106
 6285 09ff 2F000000 		.4byte	.LVL108-1
 6286 0a03 0100     		.2byte	0x1
 6287 0a05 50       		.byte	0x50
 6288 0a06 00000000 		.4byte	0
 6289 0a0a 00000000 		.4byte	0
 6290              	.LLST59:
 6291 0a0e 00000000 		.4byte	.LVL102
 6292 0a12 10000000 		.4byte	.LVL104
 6293 0a16 0300     		.2byte	0x3
 6294 0a18 09       		.byte	0x9
 6295 0a19 FF       		.byte	0xff
 6296 0a1a 9F       		.byte	0x9f
 6297 0a1b 10000000 		.4byte	.LVL104
 6298 0a1f 18000000 		.4byte	.LVL106
 6299 0a23 0100     		.2byte	0x1
 6300 0a25 54       		.byte	0x54
 6301 0a26 18000000 		.4byte	.LVL106
 6302 0a2a 1A000000 		.4byte	.LVL107
 6303 0a2e 0300     		.2byte	0x3
 6304 0a30 09       		.byte	0x9
 6305 0a31 FF       		.byte	0xff
 6306 0a32 9F       		.byte	0x9f
 6307 0a33 1A000000 		.4byte	.LVL107
 6308 0a37 34000000 		.4byte	.LVL109
ARM GAS  C:\Users\elias\AppData\Local\Temp\cciYT9qe.s 			page 243


 6309 0a3b 0100     		.2byte	0x1
 6310 0a3d 54       		.byte	0x54
 6311 0a3e 34000000 		.4byte	.LVL109
 6312 0a42 38000000 		.4byte	.LFE16
 6313 0a46 0100     		.2byte	0x1
 6314 0a48 50       		.byte	0x50
 6315 0a49 00000000 		.4byte	0
 6316 0a4d 00000000 		.4byte	0
 6317              	.LLST60:
 6318 0a51 00000000 		.4byte	.LVL110
 6319 0a55 0B000000 		.4byte	.LVL112-1
 6320 0a59 0100     		.2byte	0x1
 6321 0a5b 50       		.byte	0x50
 6322 0a5c 0B000000 		.4byte	.LVL112-1
 6323 0a60 2C000000 		.4byte	.LVL114
 6324 0a64 0400     		.2byte	0x4
 6325 0a66 F3       		.byte	0xf3
 6326 0a67 01       		.uleb128 0x1
 6327 0a68 50       		.byte	0x50
 6328 0a69 9F       		.byte	0x9f
 6329 0a6a 2C000000 		.4byte	.LVL114
 6330 0a6e 34000000 		.4byte	.LFE17
 6331 0a72 0100     		.2byte	0x1
 6332 0a74 50       		.byte	0x50
 6333 0a75 00000000 		.4byte	0
 6334 0a79 00000000 		.4byte	0
 6335              	.LLST61:
 6336 0a7d 08000000 		.4byte	.LVL111
 6337 0a81 28000000 		.4byte	.LVL113
 6338 0a85 0100     		.2byte	0x1
 6339 0a87 54       		.byte	0x54
 6340 0a88 28000000 		.4byte	.LVL113
 6341 0a8c 2B000000 		.4byte	.LVL114-1
 6342 0a90 0500     		.2byte	0x5
 6343 0a92 03       		.byte	0x3
 6344 0a93 00000000 		.4byte	CyDmaTdFreeIndex
 6345 0a97 00000000 		.4byte	0
 6346 0a9b 00000000 		.4byte	0
 6347              	.LLST62:
 6348 0a9f 0C000000 		.4byte	.LVL112
 6349 0aa3 2B000000 		.4byte	.LVL114-1
 6350 0aa7 0100     		.2byte	0x1
 6351 0aa9 50       		.byte	0x50
 6352 0aaa 00000000 		.4byte	0
 6353 0aae 00000000 		.4byte	0
 6354              	.LLST63:
 6355 0ab2 00000000 		.4byte	.LVL115
 6356 0ab6 20000000 		.4byte	.LVL118
 6357 0aba 0100     		.2byte	0x1
 6358 0abc 50       		.byte	0x50
 6359 0abd 20000000 		.4byte	.LVL118
 6360 0ac1 24000000 		.4byte	.LVL120
 6361 0ac5 0400     		.2byte	0x4
 6362 0ac7 F3       		.byte	0xf3
 6363 0ac8 01       		.uleb128 0x1
 6364 0ac9 50       		.byte	0x50
 6365 0aca 9F       		.byte	0x9f
ARM GAS  C:\Users\elias\AppData\Local\Temp\cciYT9qe.s 			page 244


 6366 0acb 24000000 		.4byte	.LVL120
 6367 0acf 26000000 		.4byte	.LVL121
 6368 0ad3 0100     		.2byte	0x1
 6369 0ad5 50       		.byte	0x50
 6370 0ad6 26000000 		.4byte	.LVL121
 6371 0ada 2A000000 		.4byte	.LVL122
 6372 0ade 0400     		.2byte	0x4
 6373 0ae0 F3       		.byte	0xf3
 6374 0ae1 01       		.uleb128 0x1
 6375 0ae2 50       		.byte	0x50
 6376 0ae3 9F       		.byte	0x9f
 6377 0ae4 2A000000 		.4byte	.LVL122
 6378 0ae8 2C000000 		.4byte	.LVL123
 6379 0aec 0100     		.2byte	0x1
 6380 0aee 50       		.byte	0x50
 6381 0aef 2C000000 		.4byte	.LVL123
 6382 0af3 2E000000 		.4byte	.LFE19
 6383 0af7 0400     		.2byte	0x4
 6384 0af9 F3       		.byte	0xf3
 6385 0afa 01       		.uleb128 0x1
 6386 0afb 50       		.byte	0x50
 6387 0afc 9F       		.byte	0x9f
 6388 0afd 00000000 		.4byte	0
 6389 0b01 00000000 		.4byte	0
 6390              	.LLST64:
 6391 0b05 00000000 		.4byte	.LVL115
 6392 0b09 1E000000 		.4byte	.LVL117
 6393 0b0d 0200     		.2byte	0x2
 6394 0b0f 31       		.byte	0x31
 6395 0b10 9F       		.byte	0x9f
 6396 0b11 1E000000 		.4byte	.LVL117
 6397 0b15 20000000 		.4byte	.LVL118
 6398 0b19 0200     		.2byte	0x2
 6399 0b1b 30       		.byte	0x30
 6400 0b1c 9F       		.byte	0x9f
 6401 0b1d 20000000 		.4byte	.LVL118
 6402 0b21 24000000 		.4byte	.LVL120
 6403 0b25 0100     		.2byte	0x1
 6404 0b27 50       		.byte	0x50
 6405 0b28 24000000 		.4byte	.LVL120
 6406 0b2c 26000000 		.4byte	.LVL121
 6407 0b30 0200     		.2byte	0x2
 6408 0b32 31       		.byte	0x31
 6409 0b33 9F       		.byte	0x9f
 6410 0b34 26000000 		.4byte	.LVL121
 6411 0b38 2A000000 		.4byte	.LVL122
 6412 0b3c 0100     		.2byte	0x1
 6413 0b3e 50       		.byte	0x50
 6414 0b3f 2A000000 		.4byte	.LVL122
 6415 0b43 2C000000 		.4byte	.LVL123
 6416 0b47 0200     		.2byte	0x2
 6417 0b49 31       		.byte	0x31
 6418 0b4a 9F       		.byte	0x9f
 6419 0b4b 2C000000 		.4byte	.LVL123
 6420 0b4f 2E000000 		.4byte	.LFE19
 6421 0b53 0100     		.2byte	0x1
 6422 0b55 50       		.byte	0x50
ARM GAS  C:\Users\elias\AppData\Local\Temp\cciYT9qe.s 			page 245


 6423 0b56 00000000 		.4byte	0
 6424 0b5a 00000000 		.4byte	0
 6425              	.LLST65:
 6426 0b5e 18000000 		.4byte	.LVL116
 6427 0b62 22000000 		.4byte	.LVL119
 6428 0b66 0100     		.2byte	0x1
 6429 0b68 54       		.byte	0x54
 6430 0b69 00000000 		.4byte	0
 6431 0b6d 00000000 		.4byte	0
 6432              	.LLST66:
 6433 0b71 00000000 		.4byte	.LVL124
 6434 0b75 30000000 		.4byte	.LVL129
 6435 0b79 0100     		.2byte	0x1
 6436 0b7b 50       		.byte	0x50
 6437 0b7c 30000000 		.4byte	.LVL129
 6438 0b80 42000000 		.4byte	.LVL132
 6439 0b84 0400     		.2byte	0x4
 6440 0b86 F3       		.byte	0xf3
 6441 0b87 01       		.uleb128 0x1
 6442 0b88 50       		.byte	0x50
 6443 0b89 9F       		.byte	0x9f
 6444 0b8a 42000000 		.4byte	.LVL132
 6445 0b8e 44000000 		.4byte	.LVL133
 6446 0b92 0100     		.2byte	0x1
 6447 0b94 50       		.byte	0x50
 6448 0b95 44000000 		.4byte	.LVL133
 6449 0b99 46000000 		.4byte	.LVL134
 6450 0b9d 0400     		.2byte	0x4
 6451 0b9f F3       		.byte	0xf3
 6452 0ba0 01       		.uleb128 0x1
 6453 0ba1 50       		.byte	0x50
 6454 0ba2 9F       		.byte	0x9f
 6455 0ba3 46000000 		.4byte	.LVL134
 6456 0ba7 48000000 		.4byte	.LVL135
 6457 0bab 0100     		.2byte	0x1
 6458 0bad 50       		.byte	0x50
 6459 0bae 48000000 		.4byte	.LVL135
 6460 0bb2 4A000000 		.4byte	.LFE20
 6461 0bb6 0400     		.2byte	0x4
 6462 0bb8 F3       		.byte	0xf3
 6463 0bb9 01       		.uleb128 0x1
 6464 0bba 50       		.byte	0x50
 6465 0bbb 9F       		.byte	0x9f
 6466 0bbc 00000000 		.4byte	0
 6467 0bc0 00000000 		.4byte	0
 6468              	.LLST67:
 6469 0bc4 00000000 		.4byte	.LVL124
 6470 0bc8 20000000 		.4byte	.LVL128
 6471 0bcc 0100     		.2byte	0x1
 6472 0bce 51       		.byte	0x51
 6473 0bcf 20000000 		.4byte	.LVL128
 6474 0bd3 42000000 		.4byte	.LVL132
 6475 0bd7 0400     		.2byte	0x4
 6476 0bd9 F3       		.byte	0xf3
 6477 0bda 01       		.uleb128 0x1
 6478 0bdb 51       		.byte	0x51
 6479 0bdc 9F       		.byte	0x9f
ARM GAS  C:\Users\elias\AppData\Local\Temp\cciYT9qe.s 			page 246


 6480 0bdd 42000000 		.4byte	.LVL132
 6481 0be1 46000000 		.4byte	.LVL134
 6482 0be5 0100     		.2byte	0x1
 6483 0be7 51       		.byte	0x51
 6484 0be8 46000000 		.4byte	.LVL134
 6485 0bec 4A000000 		.4byte	.LFE20
 6486 0bf0 0400     		.2byte	0x4
 6487 0bf2 F3       		.byte	0xf3
 6488 0bf3 01       		.uleb128 0x1
 6489 0bf4 51       		.byte	0x51
 6490 0bf5 9F       		.byte	0x9f
 6491 0bf6 00000000 		.4byte	0
 6492 0bfa 00000000 		.4byte	0
 6493              	.LLST68:
 6494 0bfe 00000000 		.4byte	.LVL124
 6495 0c02 3A000000 		.4byte	.LVL130
 6496 0c06 0100     		.2byte	0x1
 6497 0c08 52       		.byte	0x52
 6498 0c09 3A000000 		.4byte	.LVL130
 6499 0c0d 42000000 		.4byte	.LVL132
 6500 0c11 0400     		.2byte	0x4
 6501 0c13 F3       		.byte	0xf3
 6502 0c14 01       		.uleb128 0x1
 6503 0c15 52       		.byte	0x52
 6504 0c16 9F       		.byte	0x9f
 6505 0c17 42000000 		.4byte	.LVL132
 6506 0c1b 4A000000 		.4byte	.LFE20
 6507 0c1f 0100     		.2byte	0x1
 6508 0c21 52       		.byte	0x52
 6509 0c22 00000000 		.4byte	0
 6510 0c26 00000000 		.4byte	0
 6511              	.LLST69:
 6512 0c2a 00000000 		.4byte	.LVL124
 6513 0c2e 3E000000 		.4byte	.LVL131
 6514 0c32 0200     		.2byte	0x2
 6515 0c34 31       		.byte	0x31
 6516 0c35 9F       		.byte	0x9f
 6517 0c36 3E000000 		.4byte	.LVL131
 6518 0c3a 42000000 		.4byte	.LVL132
 6519 0c3e 0100     		.2byte	0x1
 6520 0c40 50       		.byte	0x50
 6521 0c41 42000000 		.4byte	.LVL132
 6522 0c45 44000000 		.4byte	.LVL133
 6523 0c49 0200     		.2byte	0x2
 6524 0c4b 31       		.byte	0x31
 6525 0c4c 9F       		.byte	0x9f
 6526 0c4d 44000000 		.4byte	.LVL133
 6527 0c51 46000000 		.4byte	.LVL134
 6528 0c55 0100     		.2byte	0x1
 6529 0c57 50       		.byte	0x50
 6530 0c58 46000000 		.4byte	.LVL134
 6531 0c5c 4A000000 		.4byte	.LFE20
 6532 0c60 0200     		.2byte	0x2
 6533 0c62 31       		.byte	0x31
 6534 0c63 9F       		.byte	0x9f
 6535 0c64 00000000 		.4byte	0
 6536 0c68 00000000 		.4byte	0
ARM GAS  C:\Users\elias\AppData\Local\Temp\cciYT9qe.s 			page 247


 6537              	.LLST70:
 6538 0c6c 14000000 		.4byte	.LVL125
 6539 0c70 16000000 		.4byte	.LVL126
 6540 0c74 0100     		.2byte	0x1
 6541 0c76 54       		.byte	0x54
 6542 0c77 16000000 		.4byte	.LVL126
 6543 0c7b 1C000000 		.4byte	.LVL127
 6544 0c7f 0B00     		.2byte	0xb
 6545 0c81 70       		.byte	0x70
 6546 0c82 00       		.sleb128 0
 6547 0c83 33       		.byte	0x33
 6548 0c84 24       		.byte	0x24
 6549 0c85 23       		.byte	0x23
 6550 0c86 80F08180 		.uleb128 0x40007800
 6550      04
 6551 0c8b 9F       		.byte	0x9f
 6552 0c8c 00000000 		.4byte	0
 6553 0c90 00000000 		.4byte	0
 6554              	.LLST71:
 6555 0c94 00000000 		.4byte	.LVL136
 6556 0c98 06000000 		.4byte	.LVL137
 6557 0c9c 0100     		.2byte	0x1
 6558 0c9e 50       		.byte	0x50
 6559 0c9f 06000000 		.4byte	.LVL137
 6560 0ca3 16000000 		.4byte	.LVL141
 6561 0ca7 0400     		.2byte	0x4
 6562 0ca9 F3       		.byte	0xf3
 6563 0caa 01       		.uleb128 0x1
 6564 0cab 50       		.byte	0x50
 6565 0cac 9F       		.byte	0x9f
 6566 0cad 16000000 		.4byte	.LVL141
 6567 0cb1 18000000 		.4byte	.LVL142
 6568 0cb5 0100     		.2byte	0x1
 6569 0cb7 50       		.byte	0x50
 6570 0cb8 18000000 		.4byte	.LVL142
 6571 0cbc 1A000000 		.4byte	.LFE21
 6572 0cc0 0400     		.2byte	0x4
 6573 0cc2 F3       		.byte	0xf3
 6574 0cc3 01       		.uleb128 0x1
 6575 0cc4 50       		.byte	0x50
 6576 0cc5 9F       		.byte	0x9f
 6577 0cc6 00000000 		.4byte	0
 6578 0cca 00000000 		.4byte	0
 6579              	.LLST72:
 6580 0cce 00000000 		.4byte	.LVL136
 6581 0cd2 14000000 		.4byte	.LVL140
 6582 0cd6 0200     		.2byte	0x2
 6583 0cd8 31       		.byte	0x31
 6584 0cd9 9F       		.byte	0x9f
 6585 0cda 14000000 		.4byte	.LVL140
 6586 0cde 16000000 		.4byte	.LVL141
 6587 0ce2 0200     		.2byte	0x2
 6588 0ce4 30       		.byte	0x30
 6589 0ce5 9F       		.byte	0x9f
 6590 0ce6 16000000 		.4byte	.LVL141
 6591 0cea 18000000 		.4byte	.LVL142
 6592 0cee 0200     		.2byte	0x2
ARM GAS  C:\Users\elias\AppData\Local\Temp\cciYT9qe.s 			page 248


 6593 0cf0 31       		.byte	0x31
 6594 0cf1 9F       		.byte	0x9f
 6595 0cf2 18000000 		.4byte	.LVL142
 6596 0cf6 1A000000 		.4byte	.LFE21
 6597 0cfa 0100     		.2byte	0x1
 6598 0cfc 50       		.byte	0x50
 6599 0cfd 00000000 		.4byte	0
 6600 0d01 00000000 		.4byte	0
 6601              	.LLST73:
 6602 0d05 0E000000 		.4byte	.LVL138
 6603 0d09 10000000 		.4byte	.LVL139
 6604 0d0d 0300     		.2byte	0x3
 6605 0d0f 73       		.byte	0x73
 6606 0d10 04       		.sleb128 4
 6607 0d11 9F       		.byte	0x9f
 6608 0d12 10000000 		.4byte	.LVL139
 6609 0d16 16000000 		.4byte	.LVL141
 6610 0d1a 0300     		.2byte	0x3
 6611 0d1c 73       		.byte	0x73
 6612 0d1d 06       		.sleb128 6
 6613 0d1e 9F       		.byte	0x9f
 6614 0d1f 00000000 		.4byte	0
 6615 0d23 00000000 		.4byte	0
 6616              	.LLST74:
 6617 0d27 00000000 		.4byte	.LVL143
 6618 0d2b 18000000 		.4byte	.LVL147
 6619 0d2f 0100     		.2byte	0x1
 6620 0d31 50       		.byte	0x50
 6621 0d32 18000000 		.4byte	.LVL147
 6622 0d36 28000000 		.4byte	.LVL150
 6623 0d3a 0400     		.2byte	0x4
 6624 0d3c F3       		.byte	0xf3
 6625 0d3d 01       		.uleb128 0x1
 6626 0d3e 50       		.byte	0x50
 6627 0d3f 9F       		.byte	0x9f
 6628 0d40 28000000 		.4byte	.LVL150
 6629 0d44 2A000000 		.4byte	.LVL151
 6630 0d48 0100     		.2byte	0x1
 6631 0d4a 50       		.byte	0x50
 6632 0d4b 2A000000 		.4byte	.LVL151
 6633 0d4f 2C000000 		.4byte	.LVL152
 6634 0d53 0400     		.2byte	0x4
 6635 0d55 F3       		.byte	0xf3
 6636 0d56 01       		.uleb128 0x1
 6637 0d57 50       		.byte	0x50
 6638 0d58 9F       		.byte	0x9f
 6639 0d59 2C000000 		.4byte	.LVL152
 6640 0d5d 2E000000 		.4byte	.LVL153
 6641 0d61 0100     		.2byte	0x1
 6642 0d63 50       		.byte	0x50
 6643 0d64 2E000000 		.4byte	.LVL153
 6644 0d68 30000000 		.4byte	.LFE22
 6645 0d6c 0400     		.2byte	0x4
 6646 0d6e F3       		.byte	0xf3
 6647 0d6f 01       		.uleb128 0x1
 6648 0d70 50       		.byte	0x50
 6649 0d71 9F       		.byte	0x9f
ARM GAS  C:\Users\elias\AppData\Local\Temp\cciYT9qe.s 			page 249


 6650 0d72 00000000 		.4byte	0
 6651 0d76 00000000 		.4byte	0
 6652              	.LLST75:
 6653 0d7a 00000000 		.4byte	.LVL143
 6654 0d7e 2E000000 		.4byte	.LVL153
 6655 0d82 0200     		.2byte	0x2
 6656 0d84 31       		.byte	0x31
 6657 0d85 9F       		.byte	0x9f
 6658 0d86 2E000000 		.4byte	.LVL153
 6659 0d8a 30000000 		.4byte	.LFE22
 6660 0d8e 0100     		.2byte	0x1
 6661 0d90 50       		.byte	0x50
 6662 0d91 00000000 		.4byte	0
 6663 0d95 00000000 		.4byte	0
 6664              	.LLST76:
 6665 0d99 10000000 		.4byte	.LVL144
 6666 0d9d 12000000 		.4byte	.LVL145
 6667 0da1 0300     		.2byte	0x3
 6668 0da3 73       		.byte	0x73
 6669 0da4 04       		.sleb128 4
 6670 0da5 9F       		.byte	0x9f
 6671 0da6 12000000 		.4byte	.LVL145
 6672 0daa 14000000 		.4byte	.LVL146
 6673 0dae 0B00     		.2byte	0xb
 6674 0db0 70       		.byte	0x70
 6675 0db1 00       		.sleb128 0
 6676 0db2 33       		.byte	0x33
 6677 0db3 24       		.byte	0x24
 6678 0db4 23       		.byte	0x23
 6679 0db5 84F08180 		.uleb128 0x40007804
 6679      04
 6680 0dba 9F       		.byte	0x9f
 6681 0dbb 20000000 		.4byte	.LVL148
 6682 0dbf 24000000 		.4byte	.LVL149
 6683 0dc3 0300     		.2byte	0x3
 6684 0dc5 70       		.byte	0x70
 6685 0dc6 06       		.sleb128 6
 6686 0dc7 9F       		.byte	0x9f
 6687 0dc8 00000000 		.4byte	0
 6688 0dcc 00000000 		.4byte	0
 6689              	.LLST77:
 6690 0dd0 00000000 		.4byte	.LVL154
 6691 0dd4 10000000 		.4byte	.LVL155
 6692 0dd8 0100     		.2byte	0x1
 6693 0dda 50       		.byte	0x50
 6694 0ddb 10000000 		.4byte	.LVL155
 6695 0ddf 1A000000 		.4byte	.LVL157
 6696 0de3 0400     		.2byte	0x4
 6697 0de5 F3       		.byte	0xf3
 6698 0de6 01       		.uleb128 0x1
 6699 0de7 50       		.byte	0x50
 6700 0de8 9F       		.byte	0x9f
 6701 0de9 1A000000 		.4byte	.LVL157
 6702 0ded 22000000 		.4byte	.LVL159
 6703 0df1 0100     		.2byte	0x1
 6704 0df3 50       		.byte	0x50
 6705 0df4 22000000 		.4byte	.LVL159
ARM GAS  C:\Users\elias\AppData\Local\Temp\cciYT9qe.s 			page 250


 6706 0df8 2A000000 		.4byte	.LVL161
 6707 0dfc 0400     		.2byte	0x4
 6708 0dfe F3       		.byte	0xf3
 6709 0dff 01       		.uleb128 0x1
 6710 0e00 50       		.byte	0x50
 6711 0e01 9F       		.byte	0x9f
 6712 0e02 2A000000 		.4byte	.LVL161
 6713 0e06 2C000000 		.4byte	.LVL162
 6714 0e0a 0100     		.2byte	0x1
 6715 0e0c 50       		.byte	0x50
 6716 0e0d 2C000000 		.4byte	.LVL162
 6717 0e11 34000000 		.4byte	.LFE23
 6718 0e15 0400     		.2byte	0x4
 6719 0e17 F3       		.byte	0xf3
 6720 0e18 01       		.uleb128 0x1
 6721 0e19 50       		.byte	0x50
 6722 0e1a 9F       		.byte	0x9f
 6723 0e1b 00000000 		.4byte	0
 6724 0e1f 00000000 		.4byte	0
 6725              	.LLST78:
 6726 0e23 00000000 		.4byte	.LVL154
 6727 0e27 1C000000 		.4byte	.LVL158
 6728 0e2b 0100     		.2byte	0x1
 6729 0e2d 51       		.byte	0x51
 6730 0e2e 1C000000 		.4byte	.LVL158
 6731 0e32 2A000000 		.4byte	.LVL161
 6732 0e36 0400     		.2byte	0x4
 6733 0e38 F3       		.byte	0xf3
 6734 0e39 01       		.uleb128 0x1
 6735 0e3a 51       		.byte	0x51
 6736 0e3b 9F       		.byte	0x9f
 6737 0e3c 2A000000 		.4byte	.LVL161
 6738 0e40 34000000 		.4byte	.LFE23
 6739 0e44 0100     		.2byte	0x1
 6740 0e46 51       		.byte	0x51
 6741 0e47 00000000 		.4byte	0
 6742 0e4b 00000000 		.4byte	0
 6743              	.LLST79:
 6744 0e4f 00000000 		.4byte	.LVL154
 6745 0e53 16000000 		.4byte	.LVL156
 6746 0e57 0200     		.2byte	0x2
 6747 0e59 31       		.byte	0x31
 6748 0e5a 9F       		.byte	0x9f
 6749 0e5b 16000000 		.4byte	.LVL156
 6750 0e5f 1A000000 		.4byte	.LVL157
 6751 0e63 0100     		.2byte	0x1
 6752 0e65 50       		.byte	0x50
 6753 0e66 1A000000 		.4byte	.LVL157
 6754 0e6a 34000000 		.4byte	.LFE23
 6755 0e6e 0200     		.2byte	0x2
 6756 0e70 31       		.byte	0x31
 6757 0e71 9F       		.byte	0x9f
 6758 0e72 00000000 		.4byte	0
 6759 0e76 00000000 		.4byte	0
 6760              	.LLST80:
 6761 0e7a 1A000000 		.4byte	.LVL157
 6762 0e7e 1C000000 		.4byte	.LVL158
ARM GAS  C:\Users\elias\AppData\Local\Temp\cciYT9qe.s 			page 251


 6763 0e82 0100     		.2byte	0x1
 6764 0e84 51       		.byte	0x51
 6765 0e85 00000000 		.4byte	0
 6766 0e89 00000000 		.4byte	0
 6767              	.LLST81:
 6768 0e8d 1A000000 		.4byte	.LVL157
 6769 0e91 22000000 		.4byte	.LVL159
 6770 0e95 0100     		.2byte	0x1
 6771 0e97 50       		.byte	0x50
 6772 0e98 22000000 		.4byte	.LVL159
 6773 0e9c 28000000 		.4byte	.LVL160
 6774 0ea0 0400     		.2byte	0x4
 6775 0ea2 F3       		.byte	0xf3
 6776 0ea3 01       		.uleb128 0x1
 6777 0ea4 50       		.byte	0x50
 6778 0ea5 9F       		.byte	0x9f
 6779 0ea6 00000000 		.4byte	0
 6780 0eaa 00000000 		.4byte	0
 6781              		.section	.debug_aranges,"",%progbits
 6782 0000 D4000000 		.4byte	0xd4
 6783 0004 0200     		.2byte	0x2
 6784 0006 00000000 		.4byte	.Ldebug_info0
 6785 000a 04       		.byte	0x4
 6786 000b 00       		.byte	0
 6787 000c 0000     		.2byte	0
 6788 000e 0000     		.2byte	0
 6789 0010 00000000 		.4byte	.LFB0
 6790 0014 30000000 		.4byte	.LFE0-.LFB0
 6791 0018 00000000 		.4byte	.LFB1
 6792 001c 10000000 		.4byte	.LFE1-.LFB1
 6793 0020 00000000 		.4byte	.LFB2
 6794 0024 10000000 		.4byte	.LFE2-.LFB2
 6795 0028 00000000 		.4byte	.LFB3
 6796 002c 0C000000 		.4byte	.LFE3-.LFB3
 6797 0030 00000000 		.4byte	.LFB4
 6798 0034 3C000000 		.4byte	.LFE4-.LFB4
 6799 0038 00000000 		.4byte	.LFB5
 6800 003c 2C000000 		.4byte	.LFE5-.LFB5
 6801 0040 00000000 		.4byte	.LFB6
 6802 0044 3C000000 		.4byte	.LFE6-.LFB6
 6803 0048 00000000 		.4byte	.LFB7
 6804 004c 24000000 		.4byte	.LFE7-.LFB7
 6805 0050 00000000 		.4byte	.LFB8
 6806 0054 2C000000 		.4byte	.LFE8-.LFB8
 6807 0058 00000000 		.4byte	.LFB9
 6808 005c 24000000 		.4byte	.LFE9-.LFB9
 6809 0060 00000000 		.4byte	.LFB10
 6810 0064 2E000000 		.4byte	.LFE10-.LFB10
 6811 0068 00000000 		.4byte	.LFB11
 6812 006c 18000000 		.4byte	.LFE11-.LFB11
 6813 0070 00000000 		.4byte	.LFB12
 6814 0074 20000000 		.4byte	.LFE12-.LFB12
 6815 0078 00000000 		.4byte	.LFB13
 6816 007c 1C000000 		.4byte	.LFE13-.LFB13
 6817 0080 00000000 		.4byte	.LFB14
 6818 0084 34000000 		.4byte	.LFE14-.LFB14
 6819 0088 00000000 		.4byte	.LFB15
ARM GAS  C:\Users\elias\AppData\Local\Temp\cciYT9qe.s 			page 252


 6820 008c 46000000 		.4byte	.LFE15-.LFB15
 6821 0090 00000000 		.4byte	.LFB16
 6822 0094 38000000 		.4byte	.LFE16-.LFB16
 6823 0098 00000000 		.4byte	.LFB17
 6824 009c 34000000 		.4byte	.LFE17-.LFB17
 6825 00a0 00000000 		.4byte	.LFB18
 6826 00a4 10000000 		.4byte	.LFE18-.LFB18
 6827 00a8 00000000 		.4byte	.LFB19
 6828 00ac 2E000000 		.4byte	.LFE19-.LFB19
 6829 00b0 00000000 		.4byte	.LFB20
 6830 00b4 4A000000 		.4byte	.LFE20-.LFB20
 6831 00b8 00000000 		.4byte	.LFB21
 6832 00bc 1A000000 		.4byte	.LFE21-.LFB21
 6833 00c0 00000000 		.4byte	.LFB22
 6834 00c4 30000000 		.4byte	.LFE22-.LFB22
 6835 00c8 00000000 		.4byte	.LFB23
 6836 00cc 34000000 		.4byte	.LFE23-.LFB23
 6837 00d0 00000000 		.4byte	0
 6838 00d4 00000000 		.4byte	0
 6839              		.section	.debug_ranges,"",%progbits
 6840              	.Ldebug_ranges0:
 6841 0000 06000000 		.4byte	.LBB33
 6842 0004 24000000 		.4byte	.LBE33
 6843 0008 2C000000 		.4byte	.LBB36
 6844 000c 34000000 		.4byte	.LBE36
 6845 0010 00000000 		.4byte	0
 6846 0014 00000000 		.4byte	0
 6847 0018 08000000 		.4byte	.LBB44
 6848 001c 24000000 		.4byte	.LBE44
 6849 0020 28000000 		.4byte	.LBB47
 6850 0024 34000000 		.4byte	.LBE47
 6851 0028 00000000 		.4byte	0
 6852 002c 00000000 		.4byte	0
 6853 0030 00000000 		.4byte	.LFB0
 6854 0034 30000000 		.4byte	.LFE0
 6855 0038 00000000 		.4byte	.LFB1
 6856 003c 10000000 		.4byte	.LFE1
 6857 0040 00000000 		.4byte	.LFB2
 6858 0044 10000000 		.4byte	.LFE2
 6859 0048 00000000 		.4byte	.LFB3
 6860 004c 0C000000 		.4byte	.LFE3
 6861 0050 00000000 		.4byte	.LFB4
 6862 0054 3C000000 		.4byte	.LFE4
 6863 0058 00000000 		.4byte	.LFB5
 6864 005c 2C000000 		.4byte	.LFE5
 6865 0060 00000000 		.4byte	.LFB6
 6866 0064 3C000000 		.4byte	.LFE6
 6867 0068 00000000 		.4byte	.LFB7
 6868 006c 24000000 		.4byte	.LFE7
 6869 0070 00000000 		.4byte	.LFB8
 6870 0074 2C000000 		.4byte	.LFE8
 6871 0078 00000000 		.4byte	.LFB9
 6872 007c 24000000 		.4byte	.LFE9
 6873 0080 00000000 		.4byte	.LFB10
 6874 0084 2E000000 		.4byte	.LFE10
 6875 0088 00000000 		.4byte	.LFB11
 6876 008c 18000000 		.4byte	.LFE11
ARM GAS  C:\Users\elias\AppData\Local\Temp\cciYT9qe.s 			page 253


 6877 0090 00000000 		.4byte	.LFB12
 6878 0094 20000000 		.4byte	.LFE12
 6879 0098 00000000 		.4byte	.LFB13
 6880 009c 1C000000 		.4byte	.LFE13
 6881 00a0 00000000 		.4byte	.LFB14
 6882 00a4 34000000 		.4byte	.LFE14
 6883 00a8 00000000 		.4byte	.LFB15
 6884 00ac 46000000 		.4byte	.LFE15
 6885 00b0 00000000 		.4byte	.LFB16
 6886 00b4 38000000 		.4byte	.LFE16
 6887 00b8 00000000 		.4byte	.LFB17
 6888 00bc 34000000 		.4byte	.LFE17
 6889 00c0 00000000 		.4byte	.LFB18
 6890 00c4 10000000 		.4byte	.LFE18
 6891 00c8 00000000 		.4byte	.LFB19
 6892 00cc 2E000000 		.4byte	.LFE19
 6893 00d0 00000000 		.4byte	.LFB20
 6894 00d4 4A000000 		.4byte	.LFE20
 6895 00d8 00000000 		.4byte	.LFB21
 6896 00dc 1A000000 		.4byte	.LFE21
 6897 00e0 00000000 		.4byte	.LFB22
 6898 00e4 30000000 		.4byte	.LFE22
 6899 00e8 00000000 		.4byte	.LFB23
 6900 00ec 34000000 		.4byte	.LFE23
 6901 00f0 00000000 		.4byte	0
 6902 00f4 00000000 		.4byte	0
 6903              		.section	.debug_line,"",%progbits
 6904              	.Ldebug_line0:
 6905 0000 0C030000 		.section	.debug_str,"MS",%progbits,1
 6905      02005A00 
 6905      00000201 
 6905      FB0E0D00 
 6905      01010101 
 6906              	.LASF10:
 6907 0000 75696E74 		.ascii	"uint16\000"
 6907      313600
 6908              	.LASF86:
 6909 0007 43794578 		.ascii	"CyExitCriticalSection\000"
 6909      69744372 
 6909      69746963 
 6909      616C5365 
 6909      6374696F 
 6910              	.LASF29:
 6911 001d 646D6163 		.ascii	"dmac_cfgmem\000"
 6911      5F636667 
 6911      6D656D00 
 6912              	.LASF38:
 6913 0029 4379446D 		.ascii	"CyDmaChDisable\000"
 6913      61436844 
 6913      69736162 
 6913      6C6500
 6914              	.LASF71:
 6915 0038 73746172 		.ascii	"startTd\000"
 6915      74546400 
 6916              	.LASF72:
 6917 0040 4379446D 		.ascii	"CyDmaTdAllocate\000"
 6917      61546441 
ARM GAS  C:\Users\elias\AppData\Local\Temp\cciYT9qe.s 			page 254


 6917      6C6C6F63 
 6917      61746500 
 6918              	.LASF90:
 6919 0050 4379446D 		.ascii	"CyDmaTdFree\000"
 6919      61546446 
 6919      72656500 
 6920              	.LASF35:
 6921 005c 4379446D 		.ascii	"CyDmaChEnable\000"
 6921      61436845 
 6921      6E61626C 
 6921      6500
 6922              	.LASF74:
 6923 006a 4379446D 		.ascii	"CyDmaTdFreeCount\000"
 6923      61546446 
 6923      72656543 
 6923      6F756E74 
 6923      00
 6924              	.LASF58:
 6925 007b 4379446D 		.ascii	"CyDmacConfigure\000"
 6925      6163436F 
 6925      6E666967 
 6925      75726500 
 6926              	.LASF7:
 6927 008b 6C6F6E67 		.ascii	"long long unsigned int\000"
 6927      206C6F6E 
 6927      6720756E 
 6927      7369676E 
 6927      65642069 
 6928              	.LASF56:
 6929 00a2 4379446D 		.ascii	"CyDmaChRoundRobin\000"
 6929      61436852 
 6929      6F756E64 
 6929      526F6269 
 6929      6E00
 6930              	.LASF55:
 6931 00b4 74644861 		.ascii	"tdHandle\000"
 6931      6E646C65 
 6931      00
 6932              	.LASF6:
 6933 00bd 6C6F6E67 		.ascii	"long long int\000"
 6933      206C6F6E 
 6933      6720696E 
 6933      7400
 6934              	.LASF0:
 6935 00cb 7369676E 		.ascii	"signed char\000"
 6935      65642063 
 6935      68617200 
 6936              	.LASF33:
 6937 00d7 696E7465 		.ascii	"interruptState\000"
 6937      72727570 
 6937      74537461 
 6937      746500
 6938              	.LASF57:
 6939 00e6 656E6162 		.ascii	"enableRR\000"
 6939      6C655252 
 6939      00
 6940              	.LASF30:
ARM GAS  C:\Users\elias\AppData\Local\Temp\cciYT9qe.s 			page 255


 6941 00ef 646D6163 		.ascii	"dmac_tdmem_struct\000"
 6941      5F74646D 
 6941      656D5F73 
 6941      74727563 
 6941      7400
 6942              	.LASF48:
 6943 0101 73746174 		.ascii	"state\000"
 6943      6500
 6944              	.LASF4:
 6945 0107 6C6F6E67 		.ascii	"long int\000"
 6945      20696E74 
 6945      00
 6946              	.LASF52:
 6947 0110 7464446F 		.ascii	"tdDone0\000"
 6947      6E653000 
 6948              	.LASF53:
 6949 0118 7464446F 		.ascii	"tdDone1\000"
 6949      6E653100 
 6950              	.LASF16:
 6951 0120 72656731 		.ascii	"reg16\000"
 6951      3600
 6952              	.LASF9:
 6953 0126 75696E74 		.ascii	"uint8\000"
 6953      3800
 6954              	.LASF13:
 6955 012c 646F7562 		.ascii	"double\000"
 6955      6C6500
 6956              	.LASF84:
 6957 0133 4379446D 		.ascii	"CyDmaChannels\000"
 6957      61436861 
 6957      6E6E656C 
 6957      7300
 6958              	.LASF11:
 6959 0141 75696E74 		.ascii	"uint32\000"
 6959      333200
 6960              	.LASF61:
 6961 0148 4379446D 		.ascii	"CyDmacErrorAddress\000"
 6961      61634572 
 6961      726F7241 
 6961      64647265 
 6961      737300
 6962              	.LASF21:
 6963 015b 61637469 		.ascii	"action\000"
 6963      6F6E00
 6964              	.LASF23:
 6965 0162 72657365 		.ascii	"reserved\000"
 6965      72766564 
 6965      00
 6966              	.LASF42:
 6967 016b 76616C75 		.ascii	"value\000"
 6967      6500
 6968              	.LASF68:
 6969 0171 64657374 		.ascii	"destination\000"
 6969      696E6174 
 6969      696F6E00 
 6970              	.LASF40:
 6971 017d 4379446D 		.ascii	"CyDmaChPriority\000"
ARM GAS  C:\Users\elias\AppData\Local\Temp\cciYT9qe.s 			page 256


 6971      61436850 
 6971      72696F72 
 6971      69747900 
 6972              	.LASF8:
 6973 018d 756E7369 		.ascii	"unsigned int\000"
 6973      676E6564 
 6973      20696E74 
 6973      00
 6974              	.LASF5:
 6975 019a 6C6F6E67 		.ascii	"long unsigned int\000"
 6975      20756E73 
 6975      69676E65 
 6975      6420696E 
 6975      7400
 6976              	.LASF26:
 6977 01ac 646D6163 		.ascii	"dmac_cfgmem_struct\000"
 6977      5F636667 
 6977      6D656D5F 
 6977      73747275 
 6977      637400
 6978              	.LASF85:
 6979 01bf 4379456E 		.ascii	"CyEnterCriticalSection\000"
 6979      74657243 
 6979      72697469 
 6979      63616C53 
 6979      65637469 
 6980              	.LASF65:
 6981 01d6 4379446D 		.ascii	"CyDmaChSetExtendedAddress\000"
 6981      61436853 
 6981      65744578 
 6981      74656E64 
 6981      65644164 
 6982              	.LASF82:
 6983 01f0 4379446D 		.ascii	"CyDmaTdCurrentNumber\000"
 6983      61546443 
 6983      75727265 
 6983      6E744E75 
 6983      6D626572 
 6984              	.LASF20:
 6985 0205 62617369 		.ascii	"basic_cfg\000"
 6985      635F6366 
 6985      6700
 6986              	.LASF3:
 6987 020f 73686F72 		.ascii	"short unsigned int\000"
 6987      7420756E 
 6987      7369676E 
 6987      65642069 
 6987      6E7400
 6988              	.LASF78:
 6989 0222 636F6E66 		.ascii	"configuration\000"
 6989      69677572 
 6989      6174696F 
 6989      6E00
 6990              	.LASF60:
 6991 0230 4379446D 		.ascii	"CyDmacError\000"
 6991      61634572 
 6991      726F7200 
ARM GAS  C:\Users\elias\AppData\Local\Temp\cciYT9qe.s 			page 257


 6992              	.LASF88:
 6993 023c 47656E65 		.ascii	"Generated_Source\\PSoC5\\CyDmac.c\000"
 6993      72617465 
 6993      645F536F 
 6993      75726365 
 6993      5C50536F 
 6994              	.LASF41:
 6995 025c 7072696F 		.ascii	"priority\000"
 6995      72697479 
 6995      00
 6996              	.LASF17:
 6997 0265 72656733 		.ascii	"reg32\000"
 6997      3200
 6998              	.LASF67:
 6999 026b 736F7572 		.ascii	"source\000"
 6999      636500
 7000              	.LASF22:
 7001 0272 62617369 		.ascii	"basic_status\000"
 7001      635F7374 
 7001      61747573 
 7001      00
 7002              	.LASF19:
 7003 027f 73697A65 		.ascii	"sizetype\000"
 7003      74797065 
 7003      00
 7004              	.LASF18:
 7005 0288 6C6F6E67 		.ascii	"long double\000"
 7005      20646F75 
 7005      626C6500 
 7006              	.LASF80:
 7007 0294 4379446D 		.ascii	"CyDmaTdSetAddress\000"
 7007      61546453 
 7007      65744164 
 7007      64726573 
 7007      7300
 7008              	.LASF62:
 7009 02a6 646D6149 		.ascii	"dmaIndex\000"
 7009      6E646578 
 7009      00
 7010              	.LASF39:
 7011 02af 4379446D 		.ascii	"CyDmaClearPendingDrq\000"
 7011      61436C65 
 7011      61725065 
 7011      6E64696E 
 7011      67447271 
 7012              	.LASF87:
 7013 02c4 474E5520 		.ascii	"GNU C11 5.4.1 20160609 (release) [ARM/embedded-5-br"
 7013      43313120 
 7013      352E342E 
 7013      31203230 
 7013      31363036 
 7014 02f7 616E6368 		.ascii	"anch revision 237715] -mcpu=cortex-m3 -mthumb -g -O"
 7014      20726576 
 7014      6973696F 
 7014      6E203233 
 7014      37373135 
 7015 032a 33202D66 		.ascii	"3 -ffunction-sections -ffat-lto-objects -finline-fu"
ARM GAS  C:\Users\elias\AppData\Local\Temp\cciYT9qe.s 			page 258


 7015      66756E63 
 7015      74696F6E 
 7015      2D736563 
 7015      74696F6E 
 7016 035d 6E637469 		.ascii	"nctions -flto\000"
 7016      6F6E7320 
 7016      2D666C74 
 7016      6F00
 7017              	.LASF50:
 7018 036b 62757273 		.ascii	"burstCount\000"
 7018      74436F75 
 7018      6E7400
 7019              	.LASF59:
 7020 0376 4379446D 		.ascii	"CyDmacClearError\000"
 7020      6163436C 
 7020      65617245 
 7020      72726F72 
 7020      00
 7021              	.LASF12:
 7022 0387 666C6F61 		.ascii	"float\000"
 7022      7400
 7023              	.LASF66:
 7024 038d 6572726F 		.ascii	"error\000"
 7024      7200
 7025              	.LASF79:
 7026 0393 4379446D 		.ascii	"CyDmaTdGetConfiguration\000"
 7026      61546447 
 7026      6574436F 
 7026      6E666967 
 7026      75726174 
 7027              	.LASF77:
 7028 03ab 6E657874 		.ascii	"nextTd\000"
 7028      546400
 7029              	.LASF43:
 7030 03b2 4379446D 		.ascii	"CyDmaChSetRequest\000"
 7030      61436853 
 7030      65745265 
 7030      71756573 
 7030      7400
 7031              	.LASF25:
 7032 03c4 646D6163 		.ascii	"dmac_ch_struct\000"
 7032      5F63685F 
 7032      73747275 
 7032      637400
 7033              	.LASF1:
 7034 03d3 756E7369 		.ascii	"unsigned char\000"
 7034      676E6564 
 7034      20636861 
 7034      7200
 7035              	.LASF75:
 7036 03e1 4379446D 		.ascii	"CyDmaTdSetConfiguration\000"
 7036      61546453 
 7036      6574436F 
 7036      6E666967 
 7036      75726174 
 7037              	.LASF2:
 7038 03f9 73686F72 		.ascii	"short int\000"
ARM GAS  C:\Users\elias\AppData\Local\Temp\cciYT9qe.s 			page 259


 7038      7420696E 
 7038      7400
 7039              	.LASF54:
 7040 0403 74645374 		.ascii	"tdStop\000"
 7040      6F7000
 7041              	.LASF36:
 7042 040a 63684861 		.ascii	"chHandle\000"
 7042      6E646C65 
 7042      00
 7043              	.LASF63:
 7044 0413 6368616E 		.ascii	"channel\000"
 7044      6E656C00 
 7045              	.LASF46:
 7046 041b 4379446D 		.ascii	"CyDmaChStatus\000"
 7046      61436853 
 7046      74617475 
 7046      7300
 7047              	.LASF64:
 7048 0429 4379446D 		.ascii	"CyDmaChAlloc\000"
 7048      61436841 
 7048      6C6C6F63 
 7048      00
 7049              	.LASF47:
 7050 0436 63757272 		.ascii	"currentTd\000"
 7050      656E7454 
 7050      6400
 7051              	.LASF14:
 7052 0440 63686172 		.ascii	"char\000"
 7052      00
 7053              	.LASF81:
 7054 0445 4379446D 		.ascii	"CyDmaTdGetAddress\000"
 7054      61546447 
 7054      65744164 
 7054      64726573 
 7054      7300
 7055              	.LASF24:
 7056 0457 646D6163 		.ascii	"dmac_ch\000"
 7056      5F636800 
 7057              	.LASF51:
 7058 045f 72657175 		.ascii	"requestPerBurst\000"
 7058      65737450 
 7058      65724275 
 7058      72737400 
 7059              	.LASF37:
 7060 046f 70726573 		.ascii	"preserveTds\000"
 7060      65727665 
 7060      54647300 
 7061              	.LASF89:
 7062 047b 433A5C47 		.ascii	"C:\\Github\\Tesis\\src\\psoc\\AcondicionamientoAnal"
 7062      69746875 
 7062      625C5465 
 7062      7369735C 
 7062      7372635C 
 7063 04a9 6F676963 		.ascii	"ogico.cydsn\000"
 7063      6F2E6379 
 7063      64736E00 
 7064              	.LASF69:
ARM GAS  C:\Users\elias\AppData\Local\Temp\cciYT9qe.s 			page 260


 7065 04b5 636F6E76 		.ascii	"convert\000"
 7065      65727400 
 7066              	.LASF31:
 7067 04bd 646D6163 		.ascii	"dmac_tdmem\000"
 7067      5F74646D 
 7067      656D00
 7068              	.LASF44:
 7069 04c8 72657175 		.ascii	"request\000"
 7069      65737400 
 7070              	.LASF83:
 7071 04d0 4379446D 		.ascii	"CyDmaTdFreeIndex\000"
 7071      61546446 
 7071      72656549 
 7071      6E646578 
 7071      00
 7072              	.LASF76:
 7073 04e1 7472616E 		.ascii	"transferCount\000"
 7073      73666572 
 7073      436F756E 
 7073      7400
 7074              	.LASF27:
 7075 04ef 43464730 		.ascii	"CFG0\000"
 7075      00
 7076              	.LASF28:
 7077 04f4 43464731 		.ascii	"CFG1\000"
 7077      00
 7078              	.LASF32:
 7079 04f9 73746174 		.ascii	"status\000"
 7079      757300
 7080              	.LASF45:
 7081 0500 4379446D 		.ascii	"CyDmaChGetRequest\000"
 7081      61436847 
 7081      65745265 
 7081      71756573 
 7081      7400
 7082              	.LASF70:
 7083 0512 4379446D 		.ascii	"CyDmaChSetInitialTd\000"
 7083      61436853 
 7083      6574496E 
 7083      69746961 
 7083      6C546400 
 7084              	.LASF15:
 7085 0526 63797374 		.ascii	"cystatus\000"
 7085      61747573 
 7085      00
 7086              	.LASF49:
 7087 052f 4379446D 		.ascii	"CyDmaChSetConfiguration\000"
 7087      61436853 
 7087      6574436F 
 7087      6E666967 
 7087      75726174 
 7088              	.LASF73:
 7089 0547 656C656D 		.ascii	"element\000"
 7089      656E7400 
 7090              	.LASF34:
 7091 054f 4379446D 		.ascii	"CyDmaChFree\000"
 7091      61436846 
ARM GAS  C:\Users\elias\AppData\Local\Temp\cciYT9qe.s 			page 261


 7091      72656500 
 7092              		.comm	__gnu_lto_v1,1,1
 7093              		.ident	"GCC: (GNU Tools for ARM Embedded Processors) 5.4.1 20160609 (release) [ARM/embedded-5-bran
