ARM GAS  C:\Users\elias\AppData\Local\Temp\ccXf2KJY.s 			page 1


   1              		.syntax unified
   2              		.cpu cortex-m3
   3              		.fpu softvfp
   4              		.eabi_attribute 20, 1
   5              		.eabi_attribute 21, 1
   6              		.eabi_attribute 23, 3
   7              		.eabi_attribute 24, 1
   8              		.eabi_attribute 25, 1
   9              		.eabi_attribute 26, 1
  10              		.eabi_attribute 30, 2
  11              		.eabi_attribute 34, 1
  12              		.eabi_attribute 18, 4
  13              		.thumb
  14              		.syntax unified
  15              		.file	"PGAn.c"
  16              		.text
  17              	.Ltext0:
  18              		.section	.gnu.lto_.profile.d74bd69f,"",%progbits
  19 0000 789C6361 		.ascii	"x\234ca`d`a`\000\222\005\021\000\001\242\000\323"
  19      60646061 
  19      60009205 
  19      110001A2 
  19      00D3
  20              		.text
  21              		.section	.gnu.lto_.icf.d74bd69f,"",%progbits
  22 0000 789C6361 		.ascii	"x\234ca`d\000\001\013\006\004\340dXsr\345}.\306\266"
  22      60640001 
  22      0B0604E0 
  22      64587372 
  22      E57D2EC6 
  23 0015 F7EFA770 		.ascii	"\367\357\247p1\235\332\271\376\035/\363\211\326\035"
  23      319DDAB9 
  23      FE1D2FF3 
  23      89D61D
  24 0024 67B858DE 		.ascii	"g\270X\336\317z\361\233\211\365\365\266\205\235\254"
  24      CF7AF19B 
  24      89F5F5B6 
  24      859DAC
  25 0033 6C0FDF74 		.ascii	"l\017\337t\337\346c\357\\\276\341\032;\307\232\2777"
  25      DFE663EF 
  25      5CBEE11A 
  25      3BC79ABF 
  25      37
  26 0044 AEB33100 		.ascii	"\256\2631\000\000$\342\034\026"
  26      0024E21C 
  26      16
  27              		.text
  28              		.section	.gnu.lto_.jmpfuncs.d74bd69f,"",%progbits
  29 0000 789C6361 		.ascii	"x\234ca`d\000\001\003\006\004`\003b\240(\023##c=3\210"
  29      60640001 
  29      03060460 
  29      0362A028 
  29      13232363 
  30 0017 600371FE 		.ascii	"`\003q\37621nm?\263\221\353\013S+3\003Pt9\243\014\003"
  30      32316E6D 
  30      3FB391EB 
  30      0B532B33 
ARM GAS  C:\Users\elias\AppData\Local\Temp\ccXf2KJY.s 			page 2


  30      03507439 
  31 002e 033B483D 		.ascii	"\003;H=\000\251\247\007^"
  31      00A9A707 
  31      5E
  32              		.text
  33              		.section	.gnu.lto_.inline.d74bd69f,"",%progbits
  34 0000 789C6361 		.ascii	"x\234ca`d\000\201\275\014\010\300\306\300\300\303\315"
  34      60640081 
  34      BD0C08C0 
  34      C6C0C0C3 
  34      CD
  35 0011 C8C02474 		.ascii	"\310\300$t\241\207\221\201m\201<\023H\220\221\201\223"
  35      A1879181 
  35      6D813C13 
  35      48909181 
  35      93
  36 0022 0328C6F3 		.ascii	"\003(\306\363 \026.\304\304\300\301\316\310\310\000"
  36      20162EC4 
  36      C4C0C1CE 
  36      C8C800
  37 0031 146660E6 		.ascii	"\024f`\3468`\007\021g\272\300\317\002\222d\026\322P"
  37      38600711 
  37      67BAC0CF 
  37      02926416 
  37      D250
  38 0043 606466E0 		.ascii	"`df\340H\377\313\3048k\367\227S\254_\230Z\231\031\031"
  38      48FFCBC4 
  38      386BF797 
  38      53AC5F98 
  38      5A991919 
  39 0057 39189733 		.ascii	"9\030\2273\31200pd@i\240^\026\205\206_P{X\026\310\013"
  39      CA303070 
  39      644069A0 
  39      5E168586 
  39      5F507B58 
  40 006e 30A8F56C 		.ascii	"0\250\365le\004\031!\000t\010\237\030\272;\230\270A"
  40      65041921 
  40      0074089F 
  40      18BA3B98 
  40      B841
  41 0080 6E616710 		.ascii	"nag\020\024\002\312H\235:\210\344B.\020\011\000=\356"
  41      1402CA48 
  41      9D3A88E4 
  41      422E1009 
  41      003DEE
  42 0093 1A4D     		.ascii	"\032M"
  43              		.text
  44              		.section	.gnu.lto_.pureconst.d74bd69f,"",%progbits
  45 0000 789C6361 		.ascii	"x\234ca`d\340e```c\220b\224b\222b\226b\223b\227\002"
  45      6064E065 
  45      60606063 
  45      90629462 
  45      92629662 
  46 0018 0005A100 		.ascii	"\000\005\241\000\310"
  46      C8
  47              		.text
  48              		.section	.gnu.lto_PGAn_Enable.d74bd69f,"",%progbits
ARM GAS  C:\Users\elias\AppData\Local\Temp\ccXf2KJY.s 			page 3


  49 0000 789C7D92 		.ascii	"x\234}\222KK\002Q\024\200\317\271\243\343\330\343\027"
  49      4B4B0251 
  49      1480CFB9 
  49      A3E3D8E3 
  49      17
  50 0011 24D1B64D 		.ascii	"$\321\266M\264\351\007D\013\267R\2136Q\204\315\326@"
  50      B4E90744 
  50      0BB7528B 
  50      365184CD 
  50      D640
  51 0023 6CED9899 		.ascii	"l\355\230\231\320\252Mn,Z\226\275\324\212\300\225\223"
  51      D0AA4D6E 
  51      2C5A96BD 
  51      D48AC095 
  51      93
  52 0034 F4DCD84E 		.ascii	"\364\334\330N\267\366\032#\"\012zQ\244\23537\022\214"
  52      B7F61A23 
  52      220A7A51 
  52      A49D3337 
  52      128C
  53 0046 BA30E7CE 		.ascii	"\2720\347\316\343\234\357|\314\271\016@\3405,\000\272"
  53      E39CEF7C 
  53      CCB90E40 
  53      E0352C00 
  53      BA
  54 0057 68EFA00B 		.ascii	"h\357\240\013\025@1_\004\210h\002\221o\014\015!,0\214"
  54      1540315F 
  54      04886802 
  54      916F0C0D 
  54      212C308C 
  55 006b CFE25360 		.ascii	"\317\342S`!n\345D\367\212A\253rX\3555VM\214)\000ua\223"
  55      216EE544 
  55      F78A41AB 
  55      7258ED35 
  55      564D8C29 
  56 0083 0057B01B 		.ascii	"\000W\260\033(\355\"[[hWg8\255K~\304UT\271]z\3204\352"
  56      28ED225B 
  56      5B685767 
  56      38AD4B7E 
  56      C45554B9 
  57 009c F5A861E6 		.ascii	"\365\250a\346\325\375\222\253U@L\241\236\024\234\034"
  57      D5FD92AB 
  57      55404CA1 
  57      9E149C1C 
  58 00ac 540E1A07 		.ascii	"T\016\032\0077\007\200\007\252e\213G!xW,,\274\317Y\311"
  58      37078007 
  58      AA658B47 
  58      2178572C 
  58      2CBCCF59 
  59 00c1 20E3A20A 		.ascii	" \343\242\012\033%b\2053\327\223\210)\002\271s\371\352"
  59      1B256285 
  59      33D79388 
  59      2902B973 
  59      F9EA
  60 00d3 B2F4FD98 		.ascii	"\262\364\375\230\212G\014\007\275\312}\234\227\333\226"
  60      8A470C07 
  60      BDCA7D9C 
ARM GAS  C:\Users\elias\AppData\Local\Temp\ccXf2KJY.s 			page 4


  60      97DB96
  61 00e2 71293243 		.ascii	"q)2C\256\012\256\241\007S\350!\245u\\F\2600\372\246"
  61      AE0AAEA1 
  61      0753E821 
  61      A5755C46 
  61      B030FAA6 
  62 00f6 4A9C2289 		.ascii	"J\234\"\211\273\007\307\263\032#\220\326\006eR\323\004"
  62      BB07C7B3 
  62      1A2390D6 
  62      066552D3 
  62      04
  63 0107 72CA7FB0 		.ascii	"r\312\177\260M\202\021\002l\303Z2$\221N*)\275\024nP"
  63      4D821102 
  63      6CC35A32 
  63      24914E2A 
  63      29BD146E 
  64 011c 2AE5BE95 		.ascii	"*\345\276\225N*\357w\216\006e\353\207\222nRb\304/\207"
  64      4E2AEF77 
  64      8E0665EB 
  64      87926E52 
  64      62C42F87 
  65 0130 3FAB33B6 		.ascii	"?\2533\266\203*\035\212\213\243\222\241QI>\262v\357"
  65      832A1D8A 
  65      8BA392A1 
  65      51493EB2 
  65      76EF
  66 0142 940EAF19 		.ascii	"\224\016\257\031\351p\235~\252\212\006%\373C\331nrp"
  66      E9709D7E 
  66      AA8A0625 
  66      FB43D96E 
  66      7270
  67 0154 4BC49E75 		.ascii	"K\304\236uz\324\"\177\213\201\270\323\344\364'm\327"
  67      7AD4227F 
  67      8B81B8D3 
  67      E4F4276D 
  67      D7
  68 0165 7672C32D 		.ascii	"vr\303-N\233e/g\333'\345\201\306E\003\245\361vz\365"
  68      4E9B652F 
  68      67DB27E5 
  68      81C64503 
  68      A5F1767A 
  69 017a 801E1C0F 		.ascii	"\200\036\034\017\351\023cC\223SA\277>\342\033\232\034"
  69      E9136343 
  69      935341BF 
  69      3EE21B9A 
  69      1C
  70 018b E81BF179 		.ascii	"\350\033\361y\373\003=~\370\002\220\034\320\277"
  70      FB033D7E 
  70      F802901C 
  70      D0BF
  71              		.text
  72              		.section	.gnu.lto_PGAn_Stop.d74bd69f,"",%progbits
  73 0000 789C7D91 		.ascii	"x\234}\221\275KBa\024\306\317\363\276z\023\312\376\201"
  73      BD4B4261 
  73      14C6CFF3 
  73      BE7A13CA 
  73      FE81
ARM GAS  C:\Users\elias\AppData\Local\Temp\ccXf2KJY.s 			page 5


  74 0012 245C5D82 		.ascii	"$\\]\202\206\376\200hp\013\311U\210\260\273*\210\315"
  74      86FE8068 
  74      700BC955 
  74      88B0BB2A 
  74      88CD
  75 0024 5ED38B50 		.ascii	"^\323\213PK\364\341\022\341\250\226f\321d\323\315\251"
  75      4BF4E112 
  75      E1A89666 
  75      D164D3CD 
  75      A9
  76 0035 A9361D5A 		.ascii	"\2516\035Z\354\003\211h0\250\006+\355\274\367JAQ/\334"
  76      EC038968 
  76      30A8062B 
  76      EDBCF74A 
  76      41512FDC 
  77 0049 73EEC773 		.ascii	"s\356\307s~\317\303\271.\002\251s\312\315\317}\202/"
  77      7ECFC3B9 
  77      2E02A973 
  77      CACDCF7D 
  77      822F
  78 005b 4882D8B8 		.ascii	"H\202\330\270 J{\004\240n\014\017(%\220\302\213\370"
  78      204A7B04 
  78      A06E0C0F 
  78      282590C2 
  78      8BF8
  79 006d 1068E43A 		.ascii	"\020h\344:u\021(\032|\332\346\311\264Q\262`J\242\201"
  79      7511281A 
  79      7CDAE6C9 
  79      B451B260 
  79      4AA281
  80 0080 B0498422 		.ascii	"\260I\204\"\002\304\262\233\343\376\216W\313*\231\337"
  80      02C4B29B 
  80      E3FE8E57 
  80      CB2A99DF 
  81 0090 F9881234 		.ascii	"\371\210\0224eW[\260\214\301 cX\273\243g\233\343\036"
  81      65575BB0 
  81      8CC12063 
  81      58BBA367 
  81      9BE31E
  82 00a3 41A6644F 		.ascii	"A\246dO.nU4U\210\272<\241\274\237\204P]v\320\350\255"
  82      2E6E5534 
  82      5588BA3C 
  82      A1BC9F84 
  82      505D76D0 
  83 00b9 F52B0905 		.ascii	"\365+\011\005\311H\225#o6.G\236\205)\005\224_\353\356"
  83      C9489523 
  83      6F362E47 
  83      9E852905 
  83      945FEBEE 
  84 00cd B6397C2C 		.ascii	"\2669|,\347\322\206\213_\325\337\256[c\005\354\245\263"
  84      E7D2868B 
  84      5FD5DFAE 
  84      5B6305EC 
  84      A5B3
  85 00df 9C50621F 		.ascii	"\234Pb\037>\224\341\343 \007(\200:\310\274k\016N:\304"
  85      3E94E1E3 
  85      20072880 
ARM GAS  C:\Users\elias\AppData\Local\Temp\ccXf2KJY.s 			page 6


  85      3AC8BC6B 
  85      0E4E3AC4 
  86 00f3 ABF5E6B6 		.ascii	"\253\365\346\266W!$\372@\205\245\354\232\207\322\374"
  86      572124FA 
  86      4085A5EC 
  86      9A87D2FC 
  87 0103 47AB328D 		.ascii	"G\2532\215\031dGlV\223\016\323\315#\315\327\306=\234"
  87      1964476C 
  87      56930ED3 
  87      CD23CDD7 
  87      C63D9C
  88 0116 4CF561A6 		.ascii	"L\365a\246\363v\357\321\365M9\374\242\324~dR\210_\031"
  88      F376EFD1 
  88      F54D39FC 
  88      A2D47E64 
  88      52885F19 
  89 012a FE9C3EB2 		.ascii	"\376\234>\2623h\364\200Ukk^\251\355\237\321\345\335"
  89      3368F480 
  89      556B6B5E 
  89      A9ED9FD1 
  89      E5DD
  90 013c F0F67897 		.ascii	"\360\366x\227\223A=\246'\226\222\372\362b8\276\222\210"
  90      93413DA6 
  90      279692FA 
  90      F26238BE 
  90      9288
  91 014e EA915038 		.ascii	"\352\221P8>7\023\011\005gcSQ\372\0042\313\236\316"
  91      3E371309 
  91      05676353 
  91      51FA0432 
  91      CB9ECE
  92              		.text
  93              		.section	.gnu.lto_PGAn_SetPower.d74bd69f,"",%progbits
  94 0000 789C5550 		.ascii	"x\234UP=H[Q\024>\337\275\357=#\242K\307\246E\007\011"
  94      3D485B51 
  94      143EDFBD 
  94      EF3D23A2 
  94      4BC7A645 
  95 0016 42118B74 		.ascii	"B\021\213t\351V\034\334\212\350\032(\242o\254\221`\351"
  95      E9561CDC 
  95      8AE81A28 
  95      A26FAC91 
  95      60E9
  96 0028 E87D89A9 		.ascii	"\350}\211\251\264K]\252(-Q\242\304\177\223n:\350k\240"
  96      B44B5DAA 
  96      282D51A2 
  96      C47F936E 
  96      3AE86BA0 
  97 003c 636DE952 		.ascii	"cm\351R\004\007Q\010\352\244\325\024\021mz\316{\035"
  97      04075108 
  97      EAA4D514 
  97      116D7ACE 
  97      7B1D
  98 004e CC81C7BD 		.ascii	"\314\201\307\275\367{\337\367\235\357\034\213@R\367"
  98      F77BDFF7 
  98      9DEF1C8B 
  98      4052F7
ARM GAS  C:\Users\elias\AppData\Local\Temp\ccXf2KJY.s 			page 7


  99 005d 14D1233E 		.ascii	"\024\321#>\357\363\007MP\023\273D^D\001r1\021\320\250"
  99      EFF3074D 
  99      5013BB44 
  99      5E440172 
  99      3111D0A8 
 100 0071 C2282AEA 		.ascii	"\302(*\352V\2414^\336Tmy\303u\360\365\364\261Y\364\221"
 100      56A1345E 
 100      DE546D79 
 100      C375F0F5 
 100      F4B159F4 
 101 0086 D1445515 		.ascii	"\321DU\0258\021\362hc\326\374\314\373\274\245[@|\257"
 101      3811F268 
 101      63D6FCCC 
 101      FBBCA55B 
 101      407CAF
 102 0099 14E71FC4 		.ascii	"\024\347\037\304\026\214I\031S\211\033\235\321\300\""
 102      168C4919 
 102      53891B9D 
 102      D1C022
 103 00a8 340BD019 		.ascii	"4\013\320\031EG\224\030 ,!&\334\223\334\361\254\326"
 103      45479418 
 103      202C2126 
 103      DC93DCF1 
 103      ACD6
 104 00ba B140779E 		.ascii	"\261@w\236:\372\326\320\232\023\241\277\267\3338e|\257"
 104      3AFAD6D0 
 104      9A13A1BF 
 104      B7DB3865 
 104      7CAF
 105 00cc 59C4CB77 		.ascii	"Y\304\313w\305R\314=,\376\375\320\350\214I\252f\254"
 105      C552CC3D 
 105      2CFEFDD0 
 105      E88C49AA 
 105      66AC
 106 00de A035CC83 		.ascii	"\2405\314\203U8<!\004\331\350\365M\265\2326\376\257"
 106      55383C21 
 106      04D9E8F5 
 106      4DB59A36 
 106      FEAF
 107 00f0 A62FBF9B 		.ascii	"\246/\277\233\"\212\333*\036\225\377X\220\356\266\000"
 107      228ADB2A 
 107      1E95FF58 
 107      90EEB600 
 108 0100 4E00109D 		.ascii	"N\000\020\235\261ZF?WJN]F\351\372\335\237\255\247b\230"
 108      B15A463F 
 108      574A4E5D 
 108      46E9FADD 
 108      9FADA762 
 109 0115 D6B286C9 		.ascii	"\326\262\206\311L\351{\335\245\312h\035d\335\231\313"
 109      4CE97BDD 
 109      A5CA681D 
 109      64DD99CB 
 110 0125 1E45C2A7 		.ascii	"\036E\302\247W\360\214\305\320\366\302\317\037v\026"
 110      57F08CC5 
 110      D0F6C2CF 
 110      1F7616
 111 0134 9FBC315E 		.ascii	"\237\2741^\220\205uD\261\006\016\214\015dAe\244o\336"
ARM GAS  C:\Users\elias\AppData\Local\Temp\ccXf2KJY.s 			page 8


 111      90857544 
 111      B1060E8C 
 111      0D644165 
 111      A46FDE
 112 0147 EC2334D4 		.ascii	"\354#4\324\241\347\345ja\274^L\200\033\240\300\344C"
 112      A1E7E56A 
 112      61BC5E4C 
 112      801BA0C0 
 112      E443
 113 0159 A860060E 		.ascii	"\250`\006\016\305\254Pt\375?\205\235\326\322\346\355"
 113      C5AC5074 
 113      FD3F859D 
 113      D6D2E6ED 
 114 0169 C7E995BA 		.ascii	"\307\351\225\272P\244Qd\015\223\256\234\220\022Z\333"
 114      50A45164 
 114      0D93AE9C 
 114      90125ADB 
 115 0179 B5360E33 		.ascii	"\2656\0163J\223\305\375\234-XMP\317\230\206\332\254"
 115      4A93C5FD 
 115      9C2D584D 
 115      50CF9886 
 115      DAAC
 116 018b 9F39AB48 		.ascii	"\2379\253HN\221\362/\236\213 \330\370\231\202\354\205"
 116      4E91F22F 
 116      9E8B20D8 
 116      F89982EC 
 116      85
 117 019c B7F4B0DB 		.ascii	"\267\364\260\333\035r\223\375#\356\340\213\276\304\253"
 117      1D7293FD 
 117      23EEE08B 
 117      BEC4AB
 118 01ab E4801BEF 		.ascii	"\344\200\033\357\351Kt=\211\367t?\033j\037 {8\361\332"
 118      E94B743D 
 118      89F7743F 
 118      1B6A1F20 
 118      7B38F1DA 
 119 01bf 4DDA232F 		.ascii	"M\332#/\207\273z\377\001[\336\270\221"
 119      87BB7AFF 
 119      015BDEB8 
 119      91
 120              		.text
 121              		.section	.gnu.lto_PGAn_SetGain.d74bd69f,"",%progbits
 122 0000 789C8D54 		.ascii	"x\234\215T[LTW\024=\373\234{\347\305\014C\300\007\037"
 122      5B4C5457 
 122      143DFB9C 
 122      7BE7C50C 
 122      43C0071F 
 123 0014 13A31F94 		.ascii	"\023\243\037\224\230\030\225T\023\177}$\304\376H\364"
 123      98189554 
 123      137F7D24 
 123      C4FE48F4 
 124 0024 97C4104B 		.ascii	"\227\304\020K\2141\205\206\330\017\2778\3030\370\372"
 124      8C318586 
 124      D80FBF38 
 124      C330F8FA 
 125 0034 213EB0BE 		.ascii	"!>\260\276B\250L\000\021a\264\242(\217\313 \026l\"\266"
 125      42A84C00 
ARM GAS  C:\Users\elias\AppData\Local\Temp\ccXf2KJY.s 			page 9


 125      1161B4A2 
 125      288FCB20 
 125      166C22B6 
 126 0048 2169AC8F 		.ascii	"!i\254\217ZM\211!\032AF\321Qf\272\3679\227G\024\211"
 126      5A4D8921 
 126      1A4146D1 
 126      5166BAF7 
 126      39974714 
 127 005d 37997DCF 		.ascii	"7\231}\317\331w\355u\327\332{\3165\0300\272\336\232"
 127      D977ED75 
 127      D7DA7BCE 
 127      351830BA 
 127      DE9A
 128 006f 8C6DC2FB 		.ascii	"\214m\302\373:\374\201\311\200W\337e,\350\342\\\014"
 128      3AFC81C9 
 128      8057DF65 
 128      2CE8E25C 
 128      0C
 129 0080 AF61D263 		.ascii	"\257a\322ct.c\322+\300\320i\003\200\026\322\005\254"
 129      742E63D2 
 129      2BC0D069 
 129      038016D2 
 129      05AC
 130 0092 9C0B03CA 		.ascii	"\234\013\003\312\341\015\237\342\020;0\322\301W6H\274"
 130      E10D9FE2 
 130      103B30D2 
 130      C1573648 
 130      BC
 131 00a3 9EFCF736 		.ascii	"\236\374\3676O6Z\020\026\214\245\270z\005\203\006X\211"
 131      4F365A10 
 131      168CA5B8 
 131      7A058306 
 131      5889
 132 00b5 A878D5A1 		.ascii	"\250x\325\241N\277X\001\014\327\255\311\221\247\"7\""
 132      4EBF5801 
 132      0CD7ADC9 
 132      91A72237 
 132      22
 133 00c6 65859413 		.ascii	"e\205\224\023\205R\204\005@#\010\254\200o\003\2606\300"
 133      85528405 
 133      402308AC 
 133      806F03B0 
 133      36C0
 134 00d8 30C1A009 		.ascii	"0\301\240\011r\011\334\334\036\271\001q\036\026\034"
 134      7209DCDC 
 134      1EB90171 
 134      1E161C
 135 00e7 DCB83DD2 		.ascii	"\334\270=\322\177\365\266\240\255\200\001z\334\224z"
 135      7FF5B6A0 
 135      AD80017A 
 135      DC947A
 136 00f6 F1C023BE 		.ascii	"\361\300#\276Q\274\357\007\336\2744s\316\313j)\255\311"
 136      51BCEF07 
 136      DEBC3473 
 136      CECB6A29 
 136      ADC9
 137 0108 A1454169 		.ascii	"\241EAiU.\017\243\320\213\232\273\031\002p\001\002J"
ARM GAS  C:\Users\elias\AppData\Local\Temp\ccXf2KJY.s 			page 10


 137      552E0FA3 
 137      D08B9ABB 
 137      19027001 
 137      024A
 138 011a 15A2BBC2 		.ascii	"\025\242\273\302=\257\034b\235\252\274[\327{\320kWv"
 138      3DAF1C62 
 138      9DAABC5B 
 138      D77BD06B 
 138      5776
 139 012c 6E93D541 		.ascii	"n\223\325A\027\325]\232\267\356i4y\302\347\250$\277"
 139      17D55D9A 
 139      B7EE6934 
 139      79C2E7A8 
 139      24BF
 140 013e CBA11572 		.ascii	"\313\241\025r\240\005r\264[h\003\0076\226Og[\267[2\225"
 140      A00572B4 
 140      5B680307 
 140      36964F67 
 140      5BB75B32 
 141 0153 0A49ABC3 		.ascii	"\012I\253\303\337\37383`\002yr\240;\323I\301M\301\203"
 141      DFFB3833 
 141      60027972 
 141      A03BD349 
 141      C14DC183 
 142 0167 C191462B 		.ascii	"\301\221F+/\005\037\205t\012~\012\031\0242)dQXLa\011"
 142      2F051F85 
 142      740A7E0A 
 142      19143229 
 142      6451584C 
 143 017d 85A514B2 		.ascii	"\205\245\024\262)06\206\357\246\301\214sNw1\002\025"
 143      29303686 
 143      EFA6C18C 
 143      734E7731 
 143      0215
 144 018f 35D157C7 		.ascii	"5\321W\307L%\007\245\240\346\232pl\310I]s*\273\241D"
 144      4C2507A5 
 144      A0E69A70 
 144      6CC8495D 
 144      732ABBA1 
 145 01a4 CF447AF9 		.ascii	"\317Dz\371\224\374Y\312\014\314\035\022\332\331\340"
 145      94FC59CA 
 145      0CCC1D12 
 145      DAD9E0
 146 01b3 E9E6BDB5 		.ascii	"\351\346\275\265p.X\255\322\006\\\306\021G\3118\\\201"
 146      702E58AD 
 146      D2065CC6 
 146      1147C938 
 146      5C81
 147 01c5 5A60C4FB 		.ascii	"Z`\304\373\307\224P\264-\212\3663\036\230\227\347\327"
 147      C79450B4 
 147      2D8AF633 
 147      1E9897E7 
 147      D7
 148 01d6 199EABC4 		.ascii	"\031\236\253\304\363/T\016\205\236\325;\211($L,8}3~"
 148      F32F540E 
 148      859ED53B 
 148      8928244C 
ARM GAS  C:\Users\elias\AppData\Local\Temp\ccXf2KJY.s 			page 11


 148      2C387D33 
 149 01eb C7247926 		.ascii	"\307$y&\270\240\335n\3658\027lx\015\272\211%\016?\036"
 149      B8A0DD6E 
 149      F538176C 
 149      780DBA89 
 149      250E3F1E 
 150 01ff 2CD468C7 		.ascii	",\324h\307\\3.e&\361(\331\344\327\333\212\266\24040"
 150      5C332E65 
 150      26F128D9 
 150      E4D7DB8A 
 150      B6A03430 
 151 0213 75E197C9 		.ascii	"u\341\227\311-$\240\022\377\211n\270\216\363\273\246"
 151      2D24A012 
 151      FF896EB8 
 151      8EF3BBA6 
 152 0223 5EDFA16D 		.ascii	"^\337\241m\204>:4\233S\023ND\316\236t\021\203\033$\300"
 152      843E3A34 
 152      9B53134E 
 152      44CE9E74 
 152      11831B24 
 153 0238 0D84E24B 		.ascii	"\015\204\342Kk\2000\013\220\335D2\244`J`b\253ft/P\320"
 153      6B80300B 
 153      90DD4432 
 153      A4604A60 
 153      62AB6674 
 154 024f 6937F1F5 		.ascii	"i7\361\365\201[\246F{\320>e\272A\357\323\260:\\\037"
 154      815BA646 
 154      7BD03E65 
 154      BA41EFD3 
 154      B03A5C1F 
 155 0263 1977E6B5 		.ascii	"\031w\346\265R\347<4=D\251c\324\005y\012\032\035\216"
 155      52E73C34 
 155      3D44A963 
 155      D405790A 
 155      1A1D8E
 156 0276 FB34DA8B 		.ascii	"\3734\332\213\350\277\316\324&\314it\313,\272[\241C"
 156      E8BFCED4 
 156      26CC6974 
 156      CB2CBA5B 
 156      A143
 157 0288 6355C386 		.ascii	"cU\303\206\006\3734\276?5i\251f\245\001\207\036\345"
 157      06FB34BE 
 157      3F3569A9 
 157      66A50187 
 157      1EE5
 158 029a 34F4B12A 		.ascii	"4\364\261*9\335\336t\004\322\\\373\356G\355\206x\301"
 158      39DDDE74 
 158      04D25CFB 
 158      EE47ED86 
 158      78C1
 159 02ac D2A87776 		.ascii	"\322\250wv\317\374(\023\201sS\031\350\033\037|U\327"
 159      CFFC2813 
 159      81735319 
 159      E81B1F7C 
 159      55D7
 160 02be 7A55D732 		.ascii	"zU\3272t\327\376\376N\023dbAO]\3553\227\036c\320\036"
 160      74D7FEFE 
ARM GAS  C:\Users\elias\AppData\Local\Temp\ccXf2KJY.s 			page 12


 160      4E136462 
 160      414F5DED 
 160      33971E63 
 161 02d4 6377E4CF 		.ascii	"cw\344\317{\346,Il\206\244\357\2239f\331\024\311\361"
 161      7BE62C49 
 161      6C86A4EF 
 161      933966D9 
 161      14C9F1
 162 02e7 7B0E2D7B 		.ascii	"{\016-{\002\340\326's\374\"[\277\222\224\245%\215\332"
 162      02E0D627 
 162      73FC225B 
 162      BF9294A5 
 162      258DDA
 163 02fa 92162F54 		.ascii	"\222\026/Tq\333\236dw\335*\215^\262\300(~\323\243xW"
 163      71DB9E64 
 163      77DD2A8D 
 163      5EB2C028 
 163      7ED3A378 
 164 030f 15E71ABC 		.ascii	"\025\347\032\274\024\331\261dn\007\2631\213\024\037"
 164      14D9B164 
 164      6E07B331 
 164      8B141F
 165 031e 9E1FBF0F 		.ascii	"\236\037\277\017\372\034xa\340k\365\017*\375\331\352"
 165      FA1C7861 
 165      E06BF50F 
 165      2AFDD9EA 
 166 032e C818F617 		.ascii	"\310\030\366\027 \366p\356\361?\365\304:jnh\227\007"
 166      20F670EE 
 166      F13FF5C4 
 166      3A6A6E68 
 166      9707
 167 0340 B1D26070 		.ascii	"\261\322`p\0076\260YH\313|\220\337\0212\012\025\326"
 167      0736B059 
 167      48CB7C90 
 167      DF11320A 
 167      15D6
 168 0352 3FDB09A3 		.ascii	"?\333\011\243\316\343\030\007\"\307\217\315\262\374"
 168      CEE31807 
 168      22C78FCD 
 168      B2FC
 169 0360 E292E2B2 		.ascii	"\342\222\342\262\242}\305\337\357\334Q\372S\331\256"
 169      A27DC5DF 
 169      EFDC51FA 
 169      53D9AE
 170 036f E2C2821D 		.ascii	"\342\302\202\035\245\233\327\027\026\344o,Y\275\213"
 170      A59BD717 
 170      16E46F2C 
 170      59BD8B
 171 037e 19BB8BF6 		.ascii	"\031\273\213\366\224\370h\2633\037W\233K\177\3701}f"
 171      94F868B3 
 171      331F579B 
 171      4B7FF831 
 171      7D66
 172 0390 B7B1ACAC 		.ascii	"\267\261\254\254h\377\377\022\326\376G"
 172      68FFFF12 
 172      D6FE47
 173              		.text
ARM GAS  C:\Users\elias\AppData\Local\Temp\ccXf2KJY.s 			page 13


 174              		.section	.gnu.lto_PGAn_Init.d74bd69f,"",%progbits
 175 0000 789C7D53 		.ascii	"x\234}SMHTQ\024\276\347\336\367\306\321\247\325\246"
 175      4D485451 
 175      14BEE7DE 
 175      F7C6D1A7 
 175      D5A6
 176 0012 5543D842 		.ascii	"UC\330B\302\212\010\242\026\322&\014\334\212n\205\010"
 176      C28A08A2 
 176      16D2260C 
 176      DC8A6E85 
 176      08
 177 0023 9B652A62 		.ascii	"\233e*b\264\234\373f|\232\022d\213\224\2440\233\314"
 177      B49CFB66 
 177      7C9A1264 
 177      8B94A430 
 177      9BCC
 178 0035 DF72A6D2 		.ascii	"\337r\246\322\032K}\330\242MZ\024-\206\212JA,Zh\215"
 178      1A4B7DD8 
 178      A24D5A14 
 178      2D868A4A 
 178      412C5A68 
 179 004a 56933A9D 		.ascii	"V\223:\235s\357kh\212\272\360\356{\357\236\357|\347"
 179      73EF6B68 
 179      8ABAF0EE 
 179      7BEF9EEF 
 179      7CE7
 180 005c 3B3FD760 		.ascii	";?\327`\300h=\026\214\355\303\367\016|@0\340\035s\214"
 180      C0683D16 
 180      8CEDC3F7 
 180      0E7C4030 
 180      E01D738C 
 181 0070 D97E0E40 		.ascii	"\331~\016@\037\322\017,\304!\004\253|\203\303L\353b"
 181      1FD20F2C 
 181      C42104AB 
 181      7C83C34C 
 181      EB62
 182 0082 8297F64B 		.ascii	"\202\227\366K\\\357\372\272\205\034p\301A\367\014WL"
 182      5CEFFABA 
 182      851C70C1 
 182      41F70C57 
 182      4C
 183 0093 0CFAA194 		.ascii	"\014\372\241\224!l>\276y\261\310\327L\260bm\204\001"
 183      216C3EBE 
 183      79B1C8D7 
 183      4CB0626D 
 183      8401
 184 00a5 F0613840 		.ascii	"\360a8@\343\207\350\322U!v\001\001W\302\013\263VIT\312"
 184      E387E8D2 
 184      55217601 
 184      0157C20B 
 184      B3564954 
 185 00ba B0749373 		.ascii	"\260t\223sE]\322\265\213\035\0010\010\002\335\340`\000"
 185      455DD2B5 
 185      8B1D0130 
 185      0802DDE0 
 185      6000
 186 00cc 0E0434F3 		.ascii	"\016\0044\363\020\224\214V\2712\223\211H\367\245\271"
ARM GAS  C:\Users\elias\AppData\Local\Temp\ccXf2KJY.s 			page 14


 186      10948C56 
 186      B9329389 
 186      48F7A5B9 
 187 00dc 2A0A0573 		.ascii	"*\012\005s\0047h\313\247\255@A,\2653\266\2141I\375\012"
 187      043768CB 
 187      A7AD4041 
 187      2CB533B6 
 187      8C3149FD 
 188 00f1 E7F4168B 		.ascii	"\347\364\026\2130\223\212\215\357!\025\030\265\323\231"
 188      30938A8D 
 188      EF211518 
 188      B5D399
 189 0100 799A97E2 		.ascii	"y\232\227\342\216\020J\304\344x\362\375\026\375+c\266"
 189      8E104AC4 
 189      E478F2FD 
 189      16FD2B63 
 189      B6
 190 0111 34F0A8BD 		.ascii	"4\360\250\275\253\255\327\327\003W\354f[J\313\021\006"
 190      ABADD7D7 
 190      0357EC66 
 190      5B4ACB11 
 190      06
 191 0122 8C400086 		.ascii	"\214@\000\206\001\305\300M\350\2414\"\217\222q?y\031"
 191      01C5C04D 
 191      E8A13422 
 191      8F92713F 
 191      7919
 192 0134 5008B7D0 		.ascii	"P\010\267\320\2021\322\355k7L\012\022\021\002!\323\275"
 192      8231D2ED 
 192      6B374C0A 
 192      12110221 
 192      D3BD
 193 0146 3D0B7E4D 		.ascii	"=\013~Ml{\304S}\317\237\231\212\030\310s4\313\032CV"
 193      6C7BC453 
 193      7DCF9F99 
 193      8A18C873 
 193      34CB1A43 
 194 015b A4887CF3 		.ascii	"\244\210|\363i\177CS\254\314v/(m\034\212!\256\243t\202"
 194      697F4353 
 194      ACCC762F 
 194      286D1C8A 
 194      21AEA374 
 195 0170 97C73FC9 		.ascii	"\227\307?\311n#\031R\0208\325q\304C\247\337l\016n\325"
 195      6E231952 
 195      1038D571 
 195      C443A7DF 
 195      6C0E6ED5 
 196 0184 6AC29E9A 		.ascii	"j\302\236\232\241k_\217\345dy'KqWg\231-\225\001\014"
 196      A16B5F8F 
 196      E5647927 
 196      4B715767 
 196      992D9501 
 197 0199 C6D0B204 		.ascii	"\306\320\262\004\315nJ\011\240\322%\022\237^\345\205"
 197      CD6E4A09 
 197      A0D22512 
 197      9F5EE585 
 198 01a9 36E45929 		.ascii	"6\344Y)\2679\302\314p\352\3618\204\3106\326\372$^@\256"
ARM GAS  C:\Users\elias\AppData\Local\Temp\ccXf2KJY.s 			page 15


 198      B739C2CC 
 198      70EAF138 
 198      84C836D6 
 198      FA245E40 
 199 01be 80EB1E04 		.ascii	"\200\353\036\004\034\341c\363\300=5\327\273\317\367"
 199      1CE163F3 
 199      C03D35D7 
 199      BBCFF7
 200 01cd 1B62B76A 		.ascii	"\033b\267j\300\205\317o\317qo\012^$-\031\223~\362\272"
 200      C085CF6F 
 200      CF716F0A 
 200      5E242D19 
 200      937EF2BA 
 201 01e1 FFD71024 		.ascii	"\377\327\020$\240\004\341m\227/\015\347ib\001\023\331"
 201      A004E16D 
 201      972F0DE7 
 201      69620113 
 201      D9
 202 01f2 CA4F94E5 		.ascii	"\312O\224\345N\236\374\262\227\034\324\350ep\016\376"
 202      4E9EFCB2 
 202      971CD4E8 
 202      65700EFE 
 203 0202 984B3528 		.ascii	"\230K5(\360\000\363`\360\220*\236\237SQ\233\022\372"
 203      F000F360 
 203      F0902A9E 
 203      9F53519B 
 203      12FA
 204 0214 BDA6935E 		.ascii	"\275\246\223^\203\326[\326&\016k\217\002\355\224\032"
 204      83D65BD6 
 204      260E6B8F 
 204      02ED941A 
 205 0224 89B5E66B 		.ascii	"\211\265\346k=\353\000S\210\2464\021A!\020\245\332\332"
 205      3DEB0053 
 205      88A63411 
 205      412110A5 
 205      DADA
 206 0236 922ED34E 		.ascii	"\222.\323N\026\236(\3259 K56\376:j\322\331\377\225L"
 206      169E28D5 
 206      39204B35 
 206      36FE3A6A 
 206      D2D9FF95 
 207 024b ABEE5A48 		.ascii	"\253\356ZH\020v\277oW7\213\362\374U\\}\003>\242\361"
 207      1076BF6F 
 207      57378BF2 
 207      FC555C7D 
 207      033EA2F1 
 208 025f 879A4555 		.ascii	"\207\232EU\272e\354\014^\004\274\026;+\202u\301\306"
 208      BA65EC0C 
 208      5E04BC16 
 208      3B2B8275 
 208      C1C6
 209 0271 134DC193 		.ascii	"\023M\301\223\307\253\353O7\326\006k*\253\353\313\017"
 209      C7ABEB4F 
 209      37D6066B 
 209      2AABEBCB 
 209      0F
 210 0282 D554561C 		.ascii	"\325TV\034\255\333_\313\314\246S\015\345UfC\375\231"
ARM GAS  C:\Users\elias\AppData\Local\Temp\ccXf2KJY.s 			page 16


 210      ADDB5FCB 
 210      CCA6530D 
 210      E5556643 
 210      FD99
 211 0294 60E34F92 		.ascii	"`\343O\222\251J\334"
 211      A94ADC
 212              		.text
 213              		.section	.gnu.lto_PGAn_Start.d74bd69f,"",%progbits
 214 0000 789C9593 		.ascii	"x\234\225\223\313kSA\024\207\317\231\271y\364\366\026"
 214      CB6B5341 
 214      1487CF99 
 214      B979F4F6 
 214      16
 215 0011 FD034AE8 		.ascii	"\375\003J\350\266\033E\320?@\\\024\\\025\273-\212\324"
 215      B61B45D0 
 215      3F405C14 
 215      5C15BB2D 
 215      8AD4
 216 0023 6C5B0875 		.ascii	"l[\010u\235Io\322\250+7\315\246J\026]\364\245\246\321"
 216      9D496FD2 
 216      A82B37CD 
 216      A64A165D 
 216      F4A5A6D1 
 217 0037 B67AA3D5 		.ascii	"\266z\243\325\030\352\223\222\202`\002\272i\253\306"
 217      18EA9392 
 217      826002BA 
 217      69ABC6
 218 0046 5282A410 		.ascii	"R\202\244\020_\2256\236s'\306\230B\300\201\234\233L"
 218      5F95369E 
 218      7327C698 
 218      42C0819C 
 218      9B4C
 219 0058 CE7CF3CD 		.ascii	"\316|\363\315/\023\003\020x\244$@\017=O\322\013=\200"
 219      2F130310 
 219      78A42440 
 219      0F3D4FD2 
 219      0B3D80
 220 006b E27A1E20 		.ascii	"\342z\036 \342\027Bf\002\240L\243p\034\224%\321\320"
 220      E2174266 
 220      02A04CA3 
 220      701C9425 
 220      D1D0
 221 007d D30622BF 		.ascii	"\323\006\"\277Q~\204\260\220\006\206\361\253\330\027"
 221      517E84B0 
 221      900686F1 
 221      ABD817
 222 008c 988B971C 		.ascii	"\230\213\227\034\321;\255hl<\233:\241f\262\030#nM\270"
 222      D13BAD68 
 222      6C3C9B3A 
 222      A166B218 
 222      236E4DB8 
 223 00a0 5B004E63 		.ascii	"[\000Nc/P\333V\372`\242\313\033\345\266\036\375%\316"
 223      2F50DB56 
 223      FA60A2CB 
 223      1BE5B61E 
 223      FD25CE
 224 00b3 A0973D52 		.ascii	"\240\227=R\347\262\252V\263U6i>-\230G$\304$\372\270"
ARM GAS  C:\Users\elias\AppData\Local\Temp\ccXf2KJY.s 			page 17


 224      E7B2AA56 
 224      B3553669 
 224      3E2D9847 
 224      24C424FA 
 225 00c8 F8B97470 		.ascii	"\370\271tp1\271tr\261\270\000T\010\3002\273B\360S\226"
 225      31B97472 
 225      B1B80054 
 225      08C032BB 
 225      42F05396 
 226 00dc 702C91CE 		.ascii	"p,\221\316\277\3610\323\226\222\366K\304r\353\276\252"
 226      BFF130D3 
 226      9692F64B 
 226      C472EBBE 
 226      AA
 227 00ed 884981BC 		.ascii	"\210I\201\274\275\343\224\337\373\302\373\352\212RG"
 227      BDE394DF 
 227      FBC2FBEA 
 227      8A5247
 228 00fc 69EE2A19 		.ascii	"i\356*\031\362\364\316\332\333U3\2117#\312\235\2278"
 228      F2F4CEDA 
 228      DB553389 
 228      3723CA9D 
 228      9738
 229 010e 47C79AC5 		.ascii	"G\307\232\305n\262\233\307$\302&F\337\331\201\277\324"
 229      6EB29BC7 
 229      24C22646 
 229      DFD981BF 
 229      D4
 230 011f 54D9F9D9 		.ascii	"T\331\371\331\305TD\300[\334\007,!!\023\220\333hgW^"
 230      C55444C0 
 230      5BDC072C 
 230      21211390 
 230      DB686757 
 231 0134 5BDC7C78 		.ascii	"[\334|xG\243F\036\200\2671L\007\360\000\371V+\353[\256"
 231      47A3461E 
 231      80B7314C 
 231      07F000F9 
 231      562BEB5B 
 232 0149 EF7FD8DD 		.ascii	"\357\177\330\335i\330\245\310\216:\226\342ki\223}H\010"
 232      69D8A5C8 
 232      8E3A96E2 
 232      6B69937D 
 232      4808
 233 015b 175C9F5D 		.ascii	"\027\\\237]a\324#\311\355]+M\206\376\315^\315Ox\334"
 233      61D423C9 
 233      ED5D2B4D 
 233      86FECD5E 
 233      CD4F78DC 
 234 016f E46B945C 		.ascii	"\344k\224\\\353\317\202iR\007\274\313\247\3655g\350"
 234      EBCF8269 
 234      5207BCCB 
 234      A7F53567 
 234      E8
 235 0180 75332C7E 		.ascii	"u3,~\374P\250\177\234\215G\224\301\342\2776\213\026"
 235      FC50A87F 
 235      9C8D4794 
 235      C1E2BF36 
ARM GAS  C:\Users\elias\AppData\Local\Temp\ccXf2KJY.s 			page 18


 235      8B16
 236 0192 1B46236C 		.ascii	"\033F#l\350\303E\354\306{\256\341\022\347WB\373\307"
 236      E8C345EC 
 236      C67BAEE1 
 236      12E75742 
 236      FBC7
 237 01a4 384968A6 		.ascii	"8Ih\246_c\027W_\214\373u\210\210\313\324L\252\011\344"
 237      5F631757 
 237      5F8CFB75 
 237      8888CBD4 
 237      4CAA09E4 
 238 01b8 96F6C4FB 		.ascii	"\226\366\304\373D$\010\270';\230\034\325\320\016ZT\370"
 238      442408B8 
 238      273B981C 
 238      D5D00E5A 
 238      54F8
 239 01ca 96DB466D 		.ascii	"\226\333Fm\346\324\315^n\354\225\215f\316\203\006\307"
 239      E6D4CD5E 
 239      6EEC958D 
 239      66CE8306 
 239      C7
 240 01db F963E6D5 		.ascii	"\371c\346\325\004\223 \207<\332\254\317\270\036\246"
 240      04932087 
 240      3CDAACCF 
 240      B81EA6
 241 01ea F6C8DF38 		.ascii	"\366\310\3378\257)\235\264\350Id\356\213G{|_\320\036"
 241      AF299DB4 
 241      E84964EE 
 241      8B477B7C 
 241      5FD01E
 242 01fd 9F52D5CF 		.ascii	"\237R\325\317\242\231\363\260\301y\324\342ai\310r\351"
 242      A299F3B0 
 242      C179D4E2 
 242      6169C872 
 242      E9
 243 020e D57353C7 		.ascii	"\325sS\307\243\020WZ\274\332\360\036\273^\026\354\340"
 243      A310575A 
 243      BCDAF01E 
 243      BB5E16EC 
 243      E0
 244 021f 58B678D6 		.ascii	"X\266x\326\275\207<*t\363\350B\320?&\320\027\034\016"
 244      BD873C2A 
 244      74F3E842 
 244      D03F26D0 
 244      171C0E
 245 0232 862E8E06 		.ascii	"\206.\216\006/]\030\030\271\034\032\012\016\366\017"
 245      2F5D1818 
 245      B91C1A0A 
 245      0EF60F
 246 0241 8C9C3935 		.ascii	"\214\23495\330\337wz\370\330\020\374\006r\016Pc"
 246      D8DF777A 
 246      F8D810FC 
 246      06720E50 
 246      63
 247              		.text
 248              		.section	.gnu.lto_.symbol_nodes.d74bd69f,"",%progbits
 249 0000 789C558B 		.ascii	"x\234U\213\273\015\200@\014\305\234\344>\324l\300\016"
ARM GAS  C:\Users\elias\AppData\Local\Temp\ccXf2KJY.s 			page 19


 249      BB0D8040 
 249      0CC59CE4 
 249      3ED46CC0 
 249      0E
 250 0011 EC976302 		.ascii	"\354\227c\002\030\206\212\222\001\330\001\006A\234\350"
 250      18868A92 
 250      01D80106 
 250      419CE8
 251 0020 F21A4BD6 		.ascii	"\362\032K\326sBX\351Su\330.\3508\332\324Er\211\"\273"
 251      734258E9 
 251      5375D82E 
 251      E838DAD4 
 251      45728922 
 252 0035 4651DC82 		.ascii	"FQ\334\202\310\2256\202\345A~\252x\212\205y\216\005"
 252      C8953682 
 252      E5417EAA 
 252      788A8579 
 252      8E05
 253 0047 BAF42756 		.ascii	"\272\364'V\214\363~\305j\341\331g>i\327\035u"
 253      8CF37EC5 
 253      6AE1D967 
 253      3E69D71D 
 253      75
 254              		.text
 255              		.section	.gnu.lto_.refs.d74bd69f,"",%progbits
 256 0000 789C05C1 		.ascii	"x\234\005\301\261\021\000\000\010\002\261\007\361\264"
 256      B1110000 
 256      0802B107 
 256      F1B4
 257 000e 75FF654D 		.ascii	"u\377eM\2028\300ED\333\303J\033\036\003~\000G"
 257      8238C045 
 257      44DBC34A 
 257      1B1E037E 
 257      0047
 258              		.text
 259              		.section	.gnu.lto_.decls.d74bd69f,"",%progbits
 260 0000 789C8D55 		.ascii	"x\234\215UmLSW\030\276\357\275m)\375\000G\310\342\217"
 260      6D4C5357 
 260      18BEEFBD 
 260      6D29FD00 
 260      47C8E28F 
 261 0014 66411313 		.ascii	"fA\023\023\263\037Lf\226\260?\213\206ld\3112Y\214\376"
 261      B31F4C66 
 261      96B03F8B 
 261      866C64C9 
 261      32598CFE 
 262 0028 3233CC35 		.ascii	"23\3145\223d\003\323\325-\376\332u\250C\234\256\314"
 262      936403D3 
 262      D52DFEDA 
 262      75A8439C 
 262      AECC
 263 003a 2F744418 		.ascii	"/tD\030\323)\243B\221\202RD\212\023,8>\024\320aAp\005"
 263      D329A342 
 263      91825244 
 263      8A132C38 
 263      3E14D061 
 264 0051 1129EAB4 		.ascii	"\021)\352\264\231\022a\335{>\256\367\226\301\334I\237"
ARM GAS  C:\Users\elias\AppData\Local\Temp\ccXf2KJY.s 			page 20


 264      991261DD 
 264      7B3EAEF7 
 264      96C1DC49 
 264      9F
 265 0062 F6BEE73C 		.ascii	"\366\276\347<\357s\337\363\334\367\236\352\004\020\310"
 265      EF73DFF3 
 265      DCF79EEA 
 265      0410C8
 266 0071 F8205E10 		.ascii	"\370 ^\020\256\341\357(\206Q\034qx\275\036!\"\334\010"
 266      AEE1EF28 
 266      86511C71 
 266      78BD1E21 
 266      22DC08
 267 0084 9BC08601 		.ascii	"\233\300\206\001q\006\341E\234C\370\020\347\021\027"
 267      7106E145 
 267      9C43F810 
 267      E71117
 268 0093 10126200 		.ascii	"\020\022b\000\021B\334\021b\007\311\321qM\2425\211\230"
 268      1142DC11 
 268      6207C9D1 
 268      714DA235 
 268      8998
 269 00a5 E06BC0D7 		.ascii	"\340k\300\327\347\016\357\013r\274\363\344\220\232\364"
 269      E70EEF0B 
 269      72BCF3E4 
 269      909AF4
 270 00b4 3CC7BD40 		.ascii	"<\307\275@\336\271y\362\310>,\232\274$D2\242\217kd!"
 270      DEB979F2 
 270      C83E2C9A 
 270      BC244432 
 270      A28F6B64 
 271 00c9 C21AAD5E 		.ascii	"\302\032\255^\304\032\215&\311\0275\373\327\016\342"
 271      C41A8D26 
 271      C91735FB 
 271      D70EE2
 272 00d8 8FE2E7DC 		.ascii	"\217\342\347\334\232\246\020g9O\342\\\337\0025\022\217"
 272      9AA61067 
 272      394FE25C 
 272      DF023512 
 272      8F
 273 00e9 8D1A3FEE 		.ascii	"\215\032?\356s\275\007\210\2329\373\2248\237\350\235"
 273      73BD0788 
 273      9A39FB94 
 273      389FE89D 
 274 00f9 E135CE7D 		.ascii	"\3415\316}&\263\"T\357\034\2550FD\260\231 \012$\016"
 274      26B32254 
 274      EF1CAD30 
 274      4644B099 
 274      200A240E 
 275 010d 374C5B59 		.ascii	"7L[YL\226\207\247O\275\223\352\226q\270dY\024\325\274"
 275      4C9687A7 
 275      4FBD93EA 
 275      9671B864 
 275      5914D5BC 
 276 0121 2345A1BF 		.ascii	"#E\241\277\315\222\231\220\304\336P\345\204\016\226"
 276      CD929990 
 276      C4DE50E5 
ARM GAS  C:\Users\elias\AppData\Local\Temp\ccXf2KJY.s 			page 21


 276      840E96
 277 0130 9B7E26BC 		.ascii	"\233~&\274\221\336\321\267\032dy\021\270\301\004\277"
 277      91DED1B7 
 277      1A647911 
 277      B8C104BF 
 278 0140 80041590 		.ascii	"\200\004\025\220Jno3\341w\201,\177-?,\227\015\213\005"
 278      4A6E6F33 
 278      E177812C 
 278      7F2D3F2C 
 278      970D8B05 
 279 0154 58698315 		.ascii	"Xi\203\0256\001*a9\271\031a\301)\260\301I\300I\314\305"
 279      36012A61 
 279      39B91961 
 279      C129B0C1 
 279      49C049CC 
 280 0169 7B444BBD 		.ascii	"{DK\275\337\031\2030\000\222\300\233T\000`\337@!0\320"
 280      DF198330 
 280      0092C09B 
 280      540060DF 
 280      402130D0 
 281 017d 102F4481 		.ascii	"\020/D\201](S\317\207\300)\242r\251\212\321\017\317"
 281      5D2853CF 
 281      87C029A2 
 281      72A98AD1 
 281      0FCF
 282 018f 87A832A8 		.ascii	"\207\2502\250\210\252\016<\211\305\3123\347I \2527\000"
 282      88AA0E3C 
 282      89C5CA33 
 282      E74920AA 
 282      3700
 283 01a1 162A191A 		.ascii	"\026*\031\032\2759\025)5+\267\021D\305\330\242\211\322"
 283      BD391529 
 283      352BB711 
 283      44C5D8A2 
 283      89D2
 284 01b3 7CABB492 		.ascii	"|\253\264\222\272\177u\207\247D\302\207\221d\002\035"
 284      BA7F7587 
 284      A744C287 
 284      9164021D 
 285 01c3 867F761E 		.ascii	"\206\177v\036\015%`\230l\202\024\014g\333\1778*.>D\037"
 285      0D256098 
 285      6C82140C 
 285      67DB7F38 
 285      2A2E3E44 
 286 01d8 4EBE9CA2 		.ascii	"N\276\234\242\203\365/\203\007\035\254F\007\005\250"
 286      83F52F83 
 286      071DAC46 
 286      0705A8
 287 01e7 81C5F8FD 		.ascii	"\201\305\370\375\221\216\251\266\3254\335\320--\223"
 287      918EA9B6 
 287      D534DDD0 
 287      2D2D93
 288 01f6 473CF248 		.ascii	"G<\362Ht\332r(_\016`V\012aA\225\372\220\252\210\325"
 288      74DA7228 
 288      5F0E6056 
 288      0A614195 
 288      FA90AA88 
ARM GAS  C:\Users\elias\AppData\Local\Temp\ccXf2KJY.s 			page 22


 289 020b 029C8620 		.ascii	"\002\234\206 \226u\006\226b\346\201\342o\366\351\244"
 289      96750696 
 289      62E681E2 
 289      6FF6E9A4 
 290 021b 0F693D43 		.ascii	"\017i=C\307\275\275\006T)\363\310\376\342+\026\331\265"
 290      C7BDBD06 
 290      5429F3C8 
 290      FEE22B16 
 290      D9B5
 291 022d 5D965751 		.ascii	"]\226WQ\215ZU\243V\253\341\245\032\315U\027\236\306"
 291      8D5A55A3 
 291      56ABE1A5 
 291      1ACD5517 
 291      9EC6
 292 023f 4B9BA9C6 		.ascii	"K\233\251\306\330\341\322I\203\016\267K\033\004\353"
 292      D8E1D249 
 292      830EB74B 
 292      1B04EB
 293 024e C339B76F 		.ascii	"\3039\267o0lXp'g\351N\352\201o\245\241\335\323\242g"
 293      306C5870 
 293      2767E94E 
 293      EA816FA5 
 293      A1DDD3A2 
 294 0263 5BF1F775 		.ascii	"[\361\367u\321\"\312V\021\022\324\251E\324i\2138G\213"
 294      D122CA56 
 294      1112D4A9 
 294      45D4698B 
 294      38478B
 295 0276 98B9BBEF 		.ascii	"\230\271\273\357{\263\364\005-\242o\267\367[3\327\250"
 295      7BB3F405 
 295      2DA26FB7 
 295      F75B33D7 
 295      A8
 296 0287 EF563642 		.ascii	"\357V6B4\032T\215\006\255\206\217j\\\252\361\226$H\371"
 296      341A548D 
 296      06AD868F 
 296      6A5CAAF1 
 296      962448F9 
 297 029b 4045CA3D 		.ascii	"@E\312=\307}J!\327\354\362n\254^G\315hT5\032\265\032"
 297      C77D4A21 
 297      D7ECF26E 
 297      AC5E47CD 
 297      6854351A 
 298 02b1 E7A986EB 		.ascii	"\347\251\206\353\356\243\375Vi/\323h\33559f\345\216"
 298      EEA3FD56 
 298      692FD368 
 298      DD353966 
 298      E58E
 299 02c3 9674681D 		.ascii	"\226th\035mRE\232\264\"\027\250H~\317\343\210\304^\323"
 299      6D52459A 
 299      B42217A8 
 299      487ECFE3 
 299      88C45ED3 
 300 02d7 C744E7E0 		.ascii	"\307D\347\340\341\247\235\300\342\020\211#\205;\237"
 300      E1A79DC0 
 300      E2108923 
 300      853B9F
ARM GAS  C:\Users\elias\AppData\Local\Temp\ccXf2KJY.s 			page 23


 301 02e6 48AC55E2 		.ascii	"H\254U\3420\034\360\311M|\271\227,\217>;\355\343\235"
 301      301CF0C9 
 301      4D7CB997 
 301      2C8F3E3B 
 301      EDE39D
 302 02f9 64C0F0E2 		.ascii	"d\300\360\342\275\301\"=[\276M\226\333\217\373f,lYO"
 302      BDC1223D 
 302      5BBE4D96 
 302      DB8FFB66 
 302      2C6C594F 
 303 030d 1C97DD43 		.ascii	"\034\227\335C\026\266\334\242m\313d\326\226\345\315"
 303      16B6DCA2 
 303      6DCB64D6 
 303      96E5CD
 304 031c 5D5FB1D5 		.ascii	"]_\261\3254\242\365\310s\222\347J\030\026\004\303\021"
 304      34A2F5C8 
 304      7392E74A 
 304      181604C3 
 304      11
 305 032d 9EBB84EC 		.ascii	"\236\273\204\3547\372\304\237\310VE\262z\371V?\257\353"
 305      37FAC49F 
 305      C85645B2 
 305      7AF9563F 
 305      AFEB
 306 033f 250CBD97 		.ascii	"%\014\275\227.\357\342\207\0219\213\2166F:\364\254\375"
 306      2EEFE287 
 306      11398B8E 
 306      36463AF4 
 306      ACFD
 307 0351 8DA4AA47 		.ascii	"\215\244\252G\003]VS\001\357\222\244@\002YP\333\244"
 307      035D5653 
 307      01EF92A4 
 307      40025950 
 307      DBA4
 308 0363 1BF08481 		.ascii	"\033\360\204\201\327l\320\205!\322+\353O\370\200e\307"
 308      D76CD085 
 308      21D22BEB 
 308      4FF88065 
 308      C7
 309 0374 63B8A7B5 		.ascii	"c\270\247\265\256\215\027\035 \313\305\373K\372\365"
 309      AE8D171D 
 309      20CBC5FB 
 309      4BFAF5
 310 0383 492E7EB4 		.ascii	"I.~\264\255\002\332\216WQ\255\207\252]\203$E\223\260"
 310      AD02DA8E 
 310      5751AD87 
 310      AA5D8324 
 310      4593B0
 311 0396 1F564423 		.ascii	"\037VD#\211&~|\271^p|!\277j\350\204\317\250U\357\375"
 311      89267E7C 
 311      B95E707C 
 311      21BF6AE8 
 311      84CFA855 
 312 03ac 2FF5C6DA 		.ascii	"/\365\306\332\352\031kz\275\\P&\273$\350\203$H\263A"
 312      EA196B7A 
 312      BD5C5026 
 312      BB24E883 
ARM GAS  C:\Users\elias\AppData\Local\Temp\ccXf2KJY.s 			page 24


 312      2448B341 
 313 03c0 27B25FB7 		.ascii	"'\262_\267\301o\370s\005\321\201hG\004\020\227\021m"
 313      C16FF873 
 313      05D18168 
 313      47041097 
 313      116D
 314 03d2 8856C425 		.ascii	"\210V\304%\304\257\210\213\210\026\204\037\201\2655"
 314      C4AF888B 
 314      8816841F 
 314      81B535
 315 03e1 B33AF6DE 		.ascii	"\263:\366\3369\334\237(\025\263fk\332\331\374\300 \035"
 315      39DC9F28 
 315      15B3666B 
 315      DAD9FCC0 
 315      201D
 316 03f3 63C1EDB6 		.ascii	"c\301\355\266\361q\313\262\237Hy\376\246\356\344\355"
 316      F171CBB2 
 316      9F4879FE 
 316      A6EEE4ED 
 317 0403 B27F470A 		.ascii	"\262\177G\012\275\365\015l<\354v\265ZV\343\254\353\341"
 317      BDF50D6C 
 317      3CEC76B5 
 317      5A56E3AC 
 317      EBE1
 318 0415 B001F93D 		.ascii	"\260\001\371=e\262G.\\t\000Ox\302\276\216\275\371\234"
 318      65B2472E 
 318      5C74004F 
 318      78C2BE8E 
 318      BDF99C
 319 0428 0ABFC332 		.ascii	"\012\277\30322\003\375\220.\340\271\275L\323,6\326,"
 319      3203FD90 
 319      2EE0B9BD 
 319      4CD32C36 
 319      D62C
 320 043a 4A63DA58 		.ascii	"Jc\332Xc*\235fc\235\246<3\033{fJ\003\330X\003\264tL"
 320      632A9D66 
 320      639DA63C 
 320      331B7B66 
 320      4A03D858 
 321 0452 CE88736D 		.ascii	"\316\210sm\272\305l\032\3426ur\233:\271M\203\334\246"
 321      BAC56C1A 
 321      E2367572 
 321      9B3AB94D 
 321      83DCA6
 322 0465 20B729C8 		.ascii	" \267)\310m\272\311l\272\311l\362\015\356\267K\247\231"
 322      6DBAC96C 
 322      BAC96CF2 
 322      0DEEB74B 
 322      A799
 323 0477 3115D170 		.ascii	"1\025\321p\320$\325\262 \3208]\007\334\245\277\326\340"
 323      D024D5B2 
 323      20D0385D 
 323      07DCA5BF 
 323      D6E0
 324 0489 EB69A4F7 		.ascii	"\353i\244\367\275=\277G\245O\032*\023\377\355\321H\214"
 324      BD3DBF47 
 324      A54F1A2A 
ARM GAS  C:\Users\elias\AppData\Local\Temp\ccXf2KJY.s 			page 25


 324      13FFEDD1 
 324      488C
 325 049b 477FA047 		.ascii	"G\177\240G8\003\303\304\243\020\365\250+\030x\023\267"
 325      3803C3C4 
 325      A310F5A8 
 325      2B187813 
 325      B7
 326 04ac 493A90C8 		.ascii	"I:\220\310t\267\266\007LR\013\253 \034\332>\241C\315"
 326      74B7B607 
 326      4C520BAB 
 326      201CDA3E 
 326      A143CD
 327 04bf B272D93F 		.ascii	"\262r\331?;h\226WP\332\030;\035x\027\0124\036%\352w"
 327      3B689657 
 327      50DA183B 
 327      1D78170A 
 327      341E25EA 
 328 04d4 A86064C7 		.ascii	"\250`d\307\343\353\006\322\256\371\377\343\337\026\371"
 328      E3EB06D2 
 328      AEF9FFE3 
 328      DF16F9
 329 04e3 9D133F46 		.ascii	"\235\023?F\343\244.zG\261\366\340\221\203q`Z>O\372\275"
 329      E3A42E7A 
 329      47B1F6E0 
 329      91837160 
 329      5A3E4FFA 
 330 04f8 79D2F9BF 		.ascii	"y\322\371\277\276{]\021\236\200\"L`uw\325\263k\\\351"
 330      BE7B5D11 
 330      9E80224C 
 330      607577D5 
 330      B36B5CE9 
 331 050c 716FCF54 		.ascii	"qo\317T\265\336RH\336 \376\366\022\246\372\372N\202"
 331      B5DE5248 
 331      DE20FEF6 
 331      12A6FAFA 
 331      4E82
 332 051e 85FE1DE2 		.ascii	"\205\376\035\342/\262w\025\006\217\305\307\260\211\221"
 332      2FB27715 
 332      068FC5C7 
 332      B08991
 333 052d 2A3BCCD9 		.ascii	"*;\314\331a\312\036\036\334\0352\307\260\311Q\256\262"
 333      61CA1E1E 
 333      DC1D32C7 
 333      B0C951AE 
 333      B2
 334 053e A7387B8A 		.ascii	"\2478{\212\262\367\364\315\254\216!\273c\012\271\317"
 334      B2F7F4CD 
 334      AC8E21BB 
 334      630AB9CF 
 335 054e C9F729F9 		.ascii	"\311\367)\371\331X\365\270%\206]\023#\375\000,\312V"
 335      D958F5B8 
 335      25865D13 
 335      23FD002C 
 335      CA56
 336 0560 F1523066 		.ascii	"\361R0f\276\277.%#-M\320o\315\311u\246/\311\264\347"
 336      BEBF2E25 
 336      232D4DD0 
ARM GAS  C:\Users\elias\AppData\Local\Temp\ccXf2KJY.s 			page 26


 336      6FCDC975 
 336      A62FC9B4 
 337 0575 DA1DD94E 		.ascii	"\332\035\331N\373\307\033\327\346mul\262o\310Z\233\227"
 337      FBC71BD7 
 337      E66D756C 
 337      B26FC85A 
 337      9B97
 338 0587 F1C6864D 		.ascii	"\361\306\206M\333\234\333\266\330?O\335,\230\2632W\347"
 338      DB9CDBB6 
 338      D83F4FDD 
 338      2C98B332 
 338      57E7
 339 0599 6E7C3B37 		.ascii	"n|;7\373\243O\355\257,\300&\224\324MB<\245\256u\346"
 339      FBA34FED 
 339      AF2CC026 
 339      94D44D42 
 339      3CA5AE75 
 340 05ae 6DB1B22B 		.ascii	"m\261\262+\2733+\357K\273\303\242D\231\3319\271\214"
 340      BB332BEF 
 340      4BBBC3A2 
 340      4499D939 
 340      B98C
 341 05c0 F46E6E8E 		.ascii	"\364nn\216\323\304\351\331\016\247\376\325\324\3672"
 341      D3C4E9D9 
 341      0EA7FED5 
 341      D4F732
 342 05cf 5624D009 		.ascii	"V$\320\011BZ\355pdo\243\223i\326\347\223\031y\237ma"
 342      425AED70 
 342      646FA393 
 342      69D6E793 
 342      19799F6D 
 343 05e4 523998BD 		.ascii	"R9\230\275>\333\241s\330?I\377\007\376\012*\372"
 343      3EDBA173 
 343      D83F49FF 
 343      07FE0A2A 
 343      FA
 344              		.text
 345              		.section	.gnu.lto_.symtab.d74bd69f,"",%progbits
 346 0000 5047416E 		.ascii	"PGAn_Enable\000"
 346      5F456E61 
 346      626C6500 
 347 000c 00       		.ascii	"\000"
 348 000d 00       		.ascii	"\000"
 349 000e 00       		.ascii	"\000"
 350 000f 00000000 		.ascii	"\000\000\000\000\000\000\000\000"
 350      00000000 
 351 0017 B2000000 		.ascii	"\262\000\000\000"
 352 001b 5047416E 		.ascii	"PGAn_Stop\000"
 352      5F53746F 
 352      7000
 353 0025 00       		.ascii	"\000"
 354 0026 00       		.ascii	"\000"
 355 0027 00       		.ascii	"\000"
 356 0028 00000000 		.ascii	"\000\000\000\000\000\000\000\000"
 356      00000000 
 357 0030 B4000000 		.ascii	"\264\000\000\000"
 358 0034 5047416E 		.ascii	"PGAn_SetPower\000"
ARM GAS  C:\Users\elias\AppData\Local\Temp\ccXf2KJY.s 			page 27


 358      5F536574 
 358      506F7765 
 358      7200
 359 0042 00       		.ascii	"\000"
 360 0043 00       		.ascii	"\000"
 361 0044 00       		.ascii	"\000"
 362 0045 00000000 		.ascii	"\000\000\000\000\000\000\000\000"
 362      00000000 
 363 004d B8000000 		.ascii	"\270\000\000\000"
 364 0051 5047416E 		.ascii	"PGAn_SetGain\000"
 364      5F536574 
 364      4761696E 
 364      00
 365 005e 00       		.ascii	"\000"
 366 005f 00       		.ascii	"\000"
 367 0060 00       		.ascii	"\000"
 368 0061 00000000 		.ascii	"\000\000\000\000\000\000\000\000"
 368      00000000 
 369 0069 BA000000 		.ascii	"\272\000\000\000"
 370 006d 5047416E 		.ascii	"PGAn_Init\000"
 370      5F496E69 
 370      7400
 371 0077 00       		.ascii	"\000"
 372 0078 00       		.ascii	"\000"
 373 0079 00       		.ascii	"\000"
 374 007a 00000000 		.ascii	"\000\000\000\000\000\000\000\000"
 374      00000000 
 375 0082 BC000000 		.ascii	"\274\000\000\000"
 376 0086 5047416E 		.ascii	"PGAn_Start\000"
 376      5F537461 
 376      727400
 377 0091 00       		.ascii	"\000"
 378 0092 00       		.ascii	"\000"
 379 0093 00       		.ascii	"\000"
 380 0094 00000000 		.ascii	"\000\000\000\000\000\000\000\000"
 380      00000000 
 381 009c BE000000 		.ascii	"\276\000\000\000"
 382 00a0 5047416E 		.ascii	"PGAn_initVar\000"
 382      5F696E69 
 382      74566172 
 382      00
 383 00ad 00       		.ascii	"\000"
 384 00ae 00       		.ascii	"\000"
 385 00af 00       		.ascii	"\000"
 386 00b0 00000000 		.ascii	"\000\000\000\000\000\000\000\000"
 386      00000000 
 387 00b8 E6000000 		.ascii	"\346\000\000\000"
 388              		.text
 389              		.section	.gnu.lto_.opts,"",%progbits
 390 0000 272D666D 		.ascii	"'-fmath-errno' '-fsigned-zeros' '-ftrapping-math' '"
 390      6174682D 
 390      6572726E 
 390      6F272027 
 390      2D667369 
 391 0033 2D666E6F 		.ascii	"-fno-trapv' '-fno-openmp' '-fno-openacc' '-mcpu=cor"
 391      2D747261 
 391      70762720 
ARM GAS  C:\Users\elias\AppData\Local\Temp\ccXf2KJY.s 			page 28


 391      272D666E 
 391      6F2D6F70 
 392 0066 7465782D 		.ascii	"tex-m3' '-mthumb' '-g' '-O3' '-ffunction-sections' "
 392      6D332720 
 392      272D6D74 
 392      68756D62 
 392      2720272D 
 393 0099 272D6666 		.ascii	"'-ffat-lto-objects' '-finline-functions' '-flto'\000"
 393      61742D6C 
 393      746F2D6F 
 393      626A6563 
 393      74732720 
 394              		.text
 395              		.cfi_sections	.debug_frame
 396              		.section	.text.PGAn_Init,"ax",%progbits
 397              		.align	2
 398              		.global	PGAn_Init
 399              		.thumb
 400              		.thumb_func
 401              		.type	PGAn_Init, %function
 402              	PGAn_Init:
 403              	.LFB0:
 404              		.file 1 "Generated_Source\\PSoC5\\PGAn.c"
   1:Generated_Source\PSoC5/PGAn.c **** /*******************************************************************************
   2:Generated_Source\PSoC5/PGAn.c **** * File Name: PGAn.c  
   3:Generated_Source\PSoC5/PGAn.c **** * Version 2.0
   4:Generated_Source\PSoC5/PGAn.c **** *
   5:Generated_Source\PSoC5/PGAn.c **** * Description:
   6:Generated_Source\PSoC5/PGAn.c **** *  This file provides the source code to the API for the PGA 
   7:Generated_Source\PSoC5/PGAn.c **** *  User Module.
   8:Generated_Source\PSoC5/PGAn.c **** *
   9:Generated_Source\PSoC5/PGAn.c **** * Note:
  10:Generated_Source\PSoC5/PGAn.c **** *
  11:Generated_Source\PSoC5/PGAn.c **** ********************************************************************************
  12:Generated_Source\PSoC5/PGAn.c **** * Copyright 2008-2012, Cypress Semiconductor Corporation.  All rights reserved.
  13:Generated_Source\PSoC5/PGAn.c **** * You may use this file only in accordance with the license, terms, conditions, 
  14:Generated_Source\PSoC5/PGAn.c **** * disclaimers, and limitations in the end user license agreement accompanying 
  15:Generated_Source\PSoC5/PGAn.c **** * the software package with which this file was provided.
  16:Generated_Source\PSoC5/PGAn.c **** *******************************************************************************/
  17:Generated_Source\PSoC5/PGAn.c **** 
  18:Generated_Source\PSoC5/PGAn.c **** #include "PGAn.h"
  19:Generated_Source\PSoC5/PGAn.c **** 
  20:Generated_Source\PSoC5/PGAn.c **** #if (!CY_PSOC5A)
  21:Generated_Source\PSoC5/PGAn.c ****     #if (CYDEV_VARIABLE_VDDA == 1u)
  22:Generated_Source\PSoC5/PGAn.c ****         #include "CyScBoostClk.h"
  23:Generated_Source\PSoC5/PGAn.c ****     #endif /* (CYDEV_VARIABLE_VDDA == 1u) */
  24:Generated_Source\PSoC5/PGAn.c **** #endif /* (!CY_PSOC5A) */
  25:Generated_Source\PSoC5/PGAn.c **** 
  26:Generated_Source\PSoC5/PGAn.c **** #if (CY_PSOC5A)
  27:Generated_Source\PSoC5/PGAn.c ****     static PGAn_BACKUP_STRUCT  PGAn_P5backup;
  28:Generated_Source\PSoC5/PGAn.c **** #endif /* (CY_ PSOC5A) */
  29:Generated_Source\PSoC5/PGAn.c **** 
  30:Generated_Source\PSoC5/PGAn.c **** uint8 PGAn_initVar = 0u;
  31:Generated_Source\PSoC5/PGAn.c **** 
  32:Generated_Source\PSoC5/PGAn.c **** 
  33:Generated_Source\PSoC5/PGAn.c **** /*******************************************************************************   
  34:Generated_Source\PSoC5/PGAn.c **** * Function Name: PGAn_Init
ARM GAS  C:\Users\elias\AppData\Local\Temp\ccXf2KJY.s 			page 29


  35:Generated_Source\PSoC5/PGAn.c **** ********************************************************************************
  36:Generated_Source\PSoC5/PGAn.c **** *
  37:Generated_Source\PSoC5/PGAn.c **** * Summary:
  38:Generated_Source\PSoC5/PGAn.c **** *  Initialize component's parameters to the parameters set by user in the 
  39:Generated_Source\PSoC5/PGAn.c **** *  customizer of the component placed onto schematic. Usually called in 
  40:Generated_Source\PSoC5/PGAn.c **** *  PGAn_Start().
  41:Generated_Source\PSoC5/PGAn.c **** *
  42:Generated_Source\PSoC5/PGAn.c **** * Parameters:
  43:Generated_Source\PSoC5/PGAn.c **** *  void
  44:Generated_Source\PSoC5/PGAn.c **** *
  45:Generated_Source\PSoC5/PGAn.c **** * Return:
  46:Generated_Source\PSoC5/PGAn.c **** *  void
  47:Generated_Source\PSoC5/PGAn.c **** *
  48:Generated_Source\PSoC5/PGAn.c **** *******************************************************************************/
  49:Generated_Source\PSoC5/PGAn.c **** void PGAn_Init(void) 
  50:Generated_Source\PSoC5/PGAn.c **** {
 405              		.loc 1 50 0
 406              		.cfi_startproc
 407              		@ args = 0, pretend = 0, frame = 0
 408              		@ frame_needed = 0, uses_anonymous_args = 0
 409              		@ link register save eliminated.
  51:Generated_Source\PSoC5/PGAn.c ****     /* Set PGA mode */
  52:Generated_Source\PSoC5/PGAn.c ****     PGAn_CR0_REG = PGAn_MODE_PGA;      
 410              		.loc 1 52 0
 411 0000 104A     		ldr	r2, .L2
  53:Generated_Source\PSoC5/PGAn.c ****     /* Set non-inverting PGA mode and reference mode */
  54:Generated_Source\PSoC5/PGAn.c ****     PGAn_CR1_REG |= PGAn_PGA_NINV;  
 412              		.loc 1 54 0
 413 0002 114B     		ldr	r3, .L2+4
  52:Generated_Source\PSoC5/PGAn.c ****     /* Set non-inverting PGA mode and reference mode */
 414              		.loc 1 52 0
 415 0004 0C21     		movs	r1, #12
 416 0006 1170     		strb	r1, [r2]
 417              		.loc 1 54 0
 418 0008 1978     		ldrb	r1, [r3]	@ zero_extendqisi2
  55:Generated_Source\PSoC5/PGAn.c ****     /* Set default gain and ref mode */
  56:Generated_Source\PSoC5/PGAn.c ****     PGAn_CR2_REG = PGAn_VREF_MODE;
 419              		.loc 1 56 0
 420 000a 0020     		movs	r0, #0
  54:Generated_Source\PSoC5/PGAn.c ****     /* Set default gain and ref mode */
 421              		.loc 1 54 0
 422 000c 41F02001 		orr	r1, r1, #32
 423 0010 1970     		strb	r1, [r3]
 424              		.loc 1 56 0
 425 0012 9070     		strb	r0, [r2, #2]
 426              	.LVL0:
 427              	.LBB12:
 428              	.LBB13:
  57:Generated_Source\PSoC5/PGAn.c ****     /* Set gain and compensation */
  58:Generated_Source\PSoC5/PGAn.c ****     PGAn_SetGain(PGAn_DEFAULT_GAIN);
  59:Generated_Source\PSoC5/PGAn.c ****     /* Set power */
  60:Generated_Source\PSoC5/PGAn.c ****     PGAn_SetPower(PGAn_DEFAULT_POWER);
  61:Generated_Source\PSoC5/PGAn.c **** }
  62:Generated_Source\PSoC5/PGAn.c **** 
  63:Generated_Source\PSoC5/PGAn.c **** 
  64:Generated_Source\PSoC5/PGAn.c **** /*******************************************************************************   
  65:Generated_Source\PSoC5/PGAn.c **** * Function Name: PGAn_Enable
ARM GAS  C:\Users\elias\AppData\Local\Temp\ccXf2KJY.s 			page 30


  66:Generated_Source\PSoC5/PGAn.c **** ********************************************************************************
  67:Generated_Source\PSoC5/PGAn.c **** *
  68:Generated_Source\PSoC5/PGAn.c **** * Summary:
  69:Generated_Source\PSoC5/PGAn.c **** *  Enables the PGA block operation.
  70:Generated_Source\PSoC5/PGAn.c **** *
  71:Generated_Source\PSoC5/PGAn.c **** * Parameters:
  72:Generated_Source\PSoC5/PGAn.c **** *  void
  73:Generated_Source\PSoC5/PGAn.c **** *
  74:Generated_Source\PSoC5/PGAn.c **** * Return:
  75:Generated_Source\PSoC5/PGAn.c **** *  void
  76:Generated_Source\PSoC5/PGAn.c **** *
  77:Generated_Source\PSoC5/PGAn.c **** *******************************************************************************/
  78:Generated_Source\PSoC5/PGAn.c **** void PGAn_Enable(void) 
  79:Generated_Source\PSoC5/PGAn.c **** {
  80:Generated_Source\PSoC5/PGAn.c ****     /* This is to restore the value of register CR1 and CR2 which is saved 
  81:Generated_Source\PSoC5/PGAn.c ****       in prior to the modifications in stop() API */
  82:Generated_Source\PSoC5/PGAn.c ****     #if (CY_PSOC5A)
  83:Generated_Source\PSoC5/PGAn.c ****         if(PGAn_P5backup.enableState == 1u)
  84:Generated_Source\PSoC5/PGAn.c ****         {
  85:Generated_Source\PSoC5/PGAn.c ****             PGAn_CR1_REG = PGAn_P5backup.scCR1Reg;
  86:Generated_Source\PSoC5/PGAn.c ****             PGAn_CR2_REG = PGAn_P5backup.scCR2Reg;
  87:Generated_Source\PSoC5/PGAn.c ****             PGAn_P5backup.enableState = 0u;
  88:Generated_Source\PSoC5/PGAn.c ****         }
  89:Generated_Source\PSoC5/PGAn.c ****     #endif /* CY_PSOC5A */   
  90:Generated_Source\PSoC5/PGAn.c **** 
  91:Generated_Source\PSoC5/PGAn.c ****     /* Enable power to the Amp in Active mode*/
  92:Generated_Source\PSoC5/PGAn.c ****     PGAn_PM_ACT_CFG_REG |= PGAn_ACT_PWR_EN;
  93:Generated_Source\PSoC5/PGAn.c **** 
  94:Generated_Source\PSoC5/PGAn.c ****     /* Enable power to the Amp in Alternative Active mode*/
  95:Generated_Source\PSoC5/PGAn.c ****     PGAn_PM_STBY_CFG_REG |= PGAn_STBY_PWR_EN;
  96:Generated_Source\PSoC5/PGAn.c ****     
  97:Generated_Source\PSoC5/PGAn.c ****     PGAn_PUMP_CR1_REG |= PGAn_PUMP_CR1_SC_CLKSEL;
  98:Generated_Source\PSoC5/PGAn.c ****     
  99:Generated_Source\PSoC5/PGAn.c ****     #if (!CY_PSOC5A)
 100:Generated_Source\PSoC5/PGAn.c ****         #if (CYDEV_VARIABLE_VDDA == 1u)
 101:Generated_Source\PSoC5/PGAn.c ****             if(CyScPumpEnabled == 1u)
 102:Generated_Source\PSoC5/PGAn.c ****             {
 103:Generated_Source\PSoC5/PGAn.c ****                 PGAn_BSTCLK_REG &= (uint8)(~PGAn_BST_CLK_INDEX_MASK);
 104:Generated_Source\PSoC5/PGAn.c ****                 PGAn_BSTCLK_REG |= PGAn_BST_CLK_EN | CyScBoostClk__INDEX;
 105:Generated_Source\PSoC5/PGAn.c ****                 PGAn_SC_MISC_REG |= PGAn_PUMP_FORCE;
 106:Generated_Source\PSoC5/PGAn.c ****                 CyScBoostClk_Start();
 107:Generated_Source\PSoC5/PGAn.c ****             }
 108:Generated_Source\PSoC5/PGAn.c ****             else
 109:Generated_Source\PSoC5/PGAn.c ****             {
 110:Generated_Source\PSoC5/PGAn.c ****                 PGAn_BSTCLK_REG &= (uint8)(~PGAn_BST_CLK_EN);
 111:Generated_Source\PSoC5/PGAn.c ****                 PGAn_SC_MISC_REG &= (uint8)(~PGAn_PUMP_FORCE);
 112:Generated_Source\PSoC5/PGAn.c ****             }
 113:Generated_Source\PSoC5/PGAn.c ****         #endif /* (CYDEV_VARIABLE_VDDA == 1u) */
 114:Generated_Source\PSoC5/PGAn.c ****     #endif /* (!CY_PSOC5A) */
 115:Generated_Source\PSoC5/PGAn.c **** }
 116:Generated_Source\PSoC5/PGAn.c **** 
 117:Generated_Source\PSoC5/PGAn.c **** 
 118:Generated_Source\PSoC5/PGAn.c **** /*******************************************************************************
 119:Generated_Source\PSoC5/PGAn.c **** * Function Name: PGAn_Start
 120:Generated_Source\PSoC5/PGAn.c **** ********************************************************************************
 121:Generated_Source\PSoC5/PGAn.c **** *
 122:Generated_Source\PSoC5/PGAn.c **** * Summary:
ARM GAS  C:\Users\elias\AppData\Local\Temp\ccXf2KJY.s 			page 31


 123:Generated_Source\PSoC5/PGAn.c **** *  The start function initializes the PGA with the default values and sets
 124:Generated_Source\PSoC5/PGAn.c **** *  the power to the given level. A power level of 0, is same as executing
 125:Generated_Source\PSoC5/PGAn.c **** *  the stop function.
 126:Generated_Source\PSoC5/PGAn.c **** *
 127:Generated_Source\PSoC5/PGAn.c **** * Parameters:
 128:Generated_Source\PSoC5/PGAn.c **** *  void
 129:Generated_Source\PSoC5/PGAn.c **** *
 130:Generated_Source\PSoC5/PGAn.c **** * Return:
 131:Generated_Source\PSoC5/PGAn.c **** *  void
 132:Generated_Source\PSoC5/PGAn.c **** *
 133:Generated_Source\PSoC5/PGAn.c **** *******************************************************************************/
 134:Generated_Source\PSoC5/PGAn.c **** void PGAn_Start(void) 
 135:Generated_Source\PSoC5/PGAn.c **** {
 136:Generated_Source\PSoC5/PGAn.c **** 
 137:Generated_Source\PSoC5/PGAn.c ****     /* This is to restore the value of register CR1 and CR2 which is saved 
 138:Generated_Source\PSoC5/PGAn.c ****       in prior to the modification in stop() API */
 139:Generated_Source\PSoC5/PGAn.c **** 
 140:Generated_Source\PSoC5/PGAn.c ****     if(PGAn_initVar == 0u)
 141:Generated_Source\PSoC5/PGAn.c ****     {
 142:Generated_Source\PSoC5/PGAn.c ****         PGAn_Init();
 143:Generated_Source\PSoC5/PGAn.c ****         PGAn_initVar = 1u;
 144:Generated_Source\PSoC5/PGAn.c ****     }
 145:Generated_Source\PSoC5/PGAn.c **** 
 146:Generated_Source\PSoC5/PGAn.c ****     PGAn_Enable();
 147:Generated_Source\PSoC5/PGAn.c **** }
 148:Generated_Source\PSoC5/PGAn.c **** 
 149:Generated_Source\PSoC5/PGAn.c **** 
 150:Generated_Source\PSoC5/PGAn.c **** /*******************************************************************************
 151:Generated_Source\PSoC5/PGAn.c **** * Function Name: PGAn_Stop
 152:Generated_Source\PSoC5/PGAn.c **** ********************************************************************************
 153:Generated_Source\PSoC5/PGAn.c **** *
 154:Generated_Source\PSoC5/PGAn.c **** * Summary:
 155:Generated_Source\PSoC5/PGAn.c **** *  Powers down amplifier to lowest power state.
 156:Generated_Source\PSoC5/PGAn.c **** *
 157:Generated_Source\PSoC5/PGAn.c **** * Parameters:
 158:Generated_Source\PSoC5/PGAn.c **** *  void
 159:Generated_Source\PSoC5/PGAn.c **** *
 160:Generated_Source\PSoC5/PGAn.c **** * Return:
 161:Generated_Source\PSoC5/PGAn.c **** *  void
 162:Generated_Source\PSoC5/PGAn.c **** *
 163:Generated_Source\PSoC5/PGAn.c **** *******************************************************************************/
 164:Generated_Source\PSoC5/PGAn.c **** void PGAn_Stop(void) 
 165:Generated_Source\PSoC5/PGAn.c **** { 
 166:Generated_Source\PSoC5/PGAn.c ****     /* Disble power to the Amp in Active mode template */
 167:Generated_Source\PSoC5/PGAn.c ****     PGAn_PM_ACT_CFG_REG &= (uint8)(~PGAn_ACT_PWR_EN);
 168:Generated_Source\PSoC5/PGAn.c **** 
 169:Generated_Source\PSoC5/PGAn.c ****     /* Disble power to the Amp in Alternative Active mode template */
 170:Generated_Source\PSoC5/PGAn.c ****     PGAn_PM_STBY_CFG_REG &= (uint8)(~PGAn_STBY_PWR_EN);
 171:Generated_Source\PSoC5/PGAn.c **** 
 172:Generated_Source\PSoC5/PGAn.c ****     #if (!CY_PSOC5A)
 173:Generated_Source\PSoC5/PGAn.c ****         #if (CYDEV_VARIABLE_VDDA == 1u)
 174:Generated_Source\PSoC5/PGAn.c ****             PGAn_BSTCLK_REG &= (uint8)(~PGAn_BST_CLK_EN);
 175:Generated_Source\PSoC5/PGAn.c ****             /* Disable pumps only if there aren't any SC block in use */
 176:Generated_Source\PSoC5/PGAn.c ****             if ((PGAn_PM_ACT_CFG_REG & PGAn_PM_ACT_CFG_MASK) == 0u)
 177:Generated_Source\PSoC5/PGAn.c ****             {
 178:Generated_Source\PSoC5/PGAn.c ****                 PGAn_SC_MISC_REG &= (uint8)(~PGAn_PUMP_FORCE);
 179:Generated_Source\PSoC5/PGAn.c ****                 PGAn_PUMP_CR1_REG &= (uint8)(~PGAn_PUMP_CR1_SC_CLKSEL);
ARM GAS  C:\Users\elias\AppData\Local\Temp\ccXf2KJY.s 			page 32


 180:Generated_Source\PSoC5/PGAn.c ****                 CyScBoostClk_Stop();
 181:Generated_Source\PSoC5/PGAn.c ****             }
 182:Generated_Source\PSoC5/PGAn.c ****         #endif /* CYDEV_VARIABLE_VDDA == 1u */
 183:Generated_Source\PSoC5/PGAn.c ****     #endif /* (CY_PSOC3 || CY_PSOC5LP) */
 184:Generated_Source\PSoC5/PGAn.c **** 
 185:Generated_Source\PSoC5/PGAn.c ****     /* This sets PGA in zero current mode and output routes are valid */
 186:Generated_Source\PSoC5/PGAn.c ****     #if (CY_PSOC5A)
 187:Generated_Source\PSoC5/PGAn.c ****         PGAn_P5backup.scCR1Reg = PGAn_CR1_REG;
 188:Generated_Source\PSoC5/PGAn.c ****         PGAn_P5backup.scCR2Reg = PGAn_CR2_REG;
 189:Generated_Source\PSoC5/PGAn.c ****         PGAn_CR1_REG = 0x00u;
 190:Generated_Source\PSoC5/PGAn.c ****         PGAn_CR2_REG = 0x00u;
 191:Generated_Source\PSoC5/PGAn.c ****         PGAn_P5backup.enableState = 1u;
 192:Generated_Source\PSoC5/PGAn.c ****     #endif /* CY_PSOC5A */
 193:Generated_Source\PSoC5/PGAn.c **** }
 194:Generated_Source\PSoC5/PGAn.c **** 
 195:Generated_Source\PSoC5/PGAn.c **** 
 196:Generated_Source\PSoC5/PGAn.c **** /*******************************************************************************
 197:Generated_Source\PSoC5/PGAn.c **** * Function Name: PGAn_SetPower
 198:Generated_Source\PSoC5/PGAn.c **** ********************************************************************************
 199:Generated_Source\PSoC5/PGAn.c **** *
 200:Generated_Source\PSoC5/PGAn.c **** * Summary:
 201:Generated_Source\PSoC5/PGAn.c **** *  Set the power of the PGA.
 202:Generated_Source\PSoC5/PGAn.c **** *
 203:Generated_Source\PSoC5/PGAn.c **** * Parameters:
 204:Generated_Source\PSoC5/PGAn.c **** *  power: Sets power level between (0) and (3) high power
 205:Generated_Source\PSoC5/PGAn.c **** *
 206:Generated_Source\PSoC5/PGAn.c **** * Return:
 207:Generated_Source\PSoC5/PGAn.c **** *  void
 208:Generated_Source\PSoC5/PGAn.c **** *
 209:Generated_Source\PSoC5/PGAn.c **** *******************************************************************************/
 210:Generated_Source\PSoC5/PGAn.c **** void PGAn_SetPower(uint8 power) 
 211:Generated_Source\PSoC5/PGAn.c **** {
 212:Generated_Source\PSoC5/PGAn.c ****     uint8 tmpCR;
 213:Generated_Source\PSoC5/PGAn.c **** 
 214:Generated_Source\PSoC5/PGAn.c ****     tmpCR = PGAn_CR1_REG & (uint8)(~PGAn_DRIVE_MASK);
 215:Generated_Source\PSoC5/PGAn.c ****     tmpCR |= (power & PGAn_DRIVE_MASK);
 216:Generated_Source\PSoC5/PGAn.c ****     PGAn_CR1_REG = tmpCR;  
 217:Generated_Source\PSoC5/PGAn.c **** }
 218:Generated_Source\PSoC5/PGAn.c **** 
 219:Generated_Source\PSoC5/PGAn.c **** 
 220:Generated_Source\PSoC5/PGAn.c **** /*******************************************************************************
 221:Generated_Source\PSoC5/PGAn.c **** * Function Name: PGAn_SetGain
 222:Generated_Source\PSoC5/PGAn.c **** ********************************************************************************
 223:Generated_Source\PSoC5/PGAn.c **** *
 224:Generated_Source\PSoC5/PGAn.c **** * Summary:
 225:Generated_Source\PSoC5/PGAn.c **** *  This function sets values of the input and feedback resistors to set a 
 226:Generated_Source\PSoC5/PGAn.c **** *  specific gain of the amplifier.
 227:Generated_Source\PSoC5/PGAn.c **** *
 228:Generated_Source\PSoC5/PGAn.c **** * Parameters:
 229:Generated_Source\PSoC5/PGAn.c **** *  gain: Gain value of PGA (See header file for gain values.)
 230:Generated_Source\PSoC5/PGAn.c **** *
 231:Generated_Source\PSoC5/PGAn.c **** * Return:
 232:Generated_Source\PSoC5/PGAn.c **** *  void 
 233:Generated_Source\PSoC5/PGAn.c **** *
 234:Generated_Source\PSoC5/PGAn.c **** *******************************************************************************/
 235:Generated_Source\PSoC5/PGAn.c **** void PGAn_SetGain(uint8 gain) 
 236:Generated_Source\PSoC5/PGAn.c **** {
ARM GAS  C:\Users\elias\AppData\Local\Temp\ccXf2KJY.s 			page 33


 237:Generated_Source\PSoC5/PGAn.c ****     /* Constant array for gain settings */
 238:Generated_Source\PSoC5/PGAn.c ****     const uint8 PGAn_GainArray[9] = { 
 239:Generated_Source\PSoC5/PGAn.c ****         (PGAn_RVAL_0K   | PGAn_R20_40B_40K | PGAn_BIAS_LOW), /* G=1  */
 240:Generated_Source\PSoC5/PGAn.c ****         (PGAn_RVAL_40K  | PGAn_R20_40B_40K | PGAn_BIAS_LOW), /* G=2  */
 241:Generated_Source\PSoC5/PGAn.c ****         (PGAn_RVAL_120K | PGAn_R20_40B_40K | PGAn_BIAS_LOW), /* G=4  */
 242:Generated_Source\PSoC5/PGAn.c ****         (PGAn_RVAL_280K | PGAn_R20_40B_40K | PGAn_BIAS_LOW), /* G=8  */
 243:Generated_Source\PSoC5/PGAn.c ****         (PGAn_RVAL_600K | PGAn_R20_40B_40K | PGAn_BIAS_LOW), /* G=16 */
 244:Generated_Source\PSoC5/PGAn.c ****         (PGAn_RVAL_460K | PGAn_R20_40B_40K | PGAn_BIAS_LOW), /* G=24, Sets Rin as 20k */
 245:Generated_Source\PSoC5/PGAn.c ****         (PGAn_RVAL_620K | PGAn_R20_40B_20K | PGAn_BIAS_LOW), /* G=32 */
 246:Generated_Source\PSoC5/PGAn.c ****         (PGAn_RVAL_470K | PGAn_R20_40B_20K | PGAn_BIAS_LOW), /* G=48, Sets Rin as 10k */
 247:Generated_Source\PSoC5/PGAn.c ****         (PGAn_RVAL_490K | PGAn_R20_40B_20K | PGAn_BIAS_LOW)  /* G=50, Sets Rin as 10k */
 248:Generated_Source\PSoC5/PGAn.c ****     };
 249:Generated_Source\PSoC5/PGAn.c ****     
 250:Generated_Source\PSoC5/PGAn.c ****     /* Constant array for gain compenstion settings */
 251:Generated_Source\PSoC5/PGAn.c ****     const uint8 PGAn_GainComp[9] = { 
 252:Generated_Source\PSoC5/PGAn.c ****         ( PGAn_COMP_4P35PF  | (uint8)( PGAn_REDC_00 >> 2 )), /* G=1  */
 253:Generated_Source\PSoC5/PGAn.c ****         ( PGAn_COMP_4P35PF  | (uint8)( PGAn_REDC_01 >> 2 )), /* G=2  */
 254:Generated_Source\PSoC5/PGAn.c ****         ( PGAn_COMP_3P0PF   | (uint8)( PGAn_REDC_01 >> 2 )), /* G=4  */
 255:Generated_Source\PSoC5/PGAn.c ****         ( PGAn_COMP_3P0PF   | (uint8)( PGAn_REDC_01 >> 2 )), /* G=8  */
 256:Generated_Source\PSoC5/PGAn.c ****         ( PGAn_COMP_3P6PF   | (uint8)( PGAn_REDC_01 >> 2 )), /* G=16 */
 257:Generated_Source\PSoC5/PGAn.c ****         ( PGAn_COMP_3P6PF   | (uint8)( PGAn_REDC_11 >> 2 )), /* G=24 */
 258:Generated_Source\PSoC5/PGAn.c ****         ( PGAn_COMP_3P6PF   | (uint8)( PGAn_REDC_11 >> 2 )), /* G=32 */
 259:Generated_Source\PSoC5/PGAn.c ****         ( PGAn_COMP_3P6PF   | (uint8)( PGAn_REDC_00 >> 2 )), /* G=48 */
 260:Generated_Source\PSoC5/PGAn.c ****         ( PGAn_COMP_3P6PF   | (uint8)( PGAn_REDC_00 >> 2 ))  /* G=50 */
 261:Generated_Source\PSoC5/PGAn.c ****     };
 262:Generated_Source\PSoC5/PGAn.c ****     
 263:Generated_Source\PSoC5/PGAn.c ****     /* Only set new gain if it is a valid gain */
 264:Generated_Source\PSoC5/PGAn.c ****     if( gain <= PGAn_GAIN_MAX)
 265:Generated_Source\PSoC5/PGAn.c ****     {
 266:Generated_Source\PSoC5/PGAn.c ****         /* Clear resistors, redc, and bias */
 267:Generated_Source\PSoC5/PGAn.c ****         PGAn_CR2_REG &= (uint8)(~(PGAn_RVAL_MASK | PGAn_R20_40B_MASK | 
 429              		.loc 1 267 0
 430 0014 9178     		ldrb	r1, [r2, #2]	@ zero_extendqisi2
 431 0016 01F08001 		and	r1, r1, #128
 432 001a C9B2     		uxtb	r1, r1
 433 001c 9170     		strb	r1, [r2, #2]
 268:Generated_Source\PSoC5/PGAn.c ****                                 PGAn_REDC_MASK | PGAn_BIAS_MASK ));
 269:Generated_Source\PSoC5/PGAn.c **** 
 270:Generated_Source\PSoC5/PGAn.c ****         /* Set gain value resistors, redc comp, and bias */
 271:Generated_Source\PSoC5/PGAn.c ****         PGAn_CR2_REG |= (PGAn_GainArray[gain] |
 434              		.loc 1 271 0
 435 001e 9178     		ldrb	r1, [r2, #2]	@ zero_extendqisi2
 436 0020 41F01501 		orr	r1, r1, #21
 437 0024 9170     		strb	r1, [r2, #2]
 272:Generated_Source\PSoC5/PGAn.c ****                                 ((uint8)(PGAn_GainComp[gain] << 2 ) & PGAn_REDC_MASK));
 273:Generated_Source\PSoC5/PGAn.c **** 
 274:Generated_Source\PSoC5/PGAn.c ****         /* Clear sc_comp  */
 275:Generated_Source\PSoC5/PGAn.c ****         PGAn_CR1_REG &= (uint8)(~PGAn_COMP_MASK);
 438              		.loc 1 275 0
 439 0026 1A78     		ldrb	r2, [r3]	@ zero_extendqisi2
 440 0028 02F0F302 		and	r2, r2, #243
 441 002c 1A70     		strb	r2, [r3]
 276:Generated_Source\PSoC5/PGAn.c ****         /* Set sc_comp  */
 277:Generated_Source\PSoC5/PGAn.c ****         PGAn_CR1_REG |= ( PGAn_GainComp[gain] | PGAn_COMP_MASK );
 442              		.loc 1 277 0
 443 002e 1A78     		ldrb	r2, [r3]	@ zero_extendqisi2
 444 0030 42F00D02 		orr	r2, r2, #13
ARM GAS  C:\Users\elias\AppData\Local\Temp\ccXf2KJY.s 			page 34


 445 0034 1A70     		strb	r2, [r3]
 446              	.LVL1:
 447              	.LBE13:
 448              	.LBE12:
 449              	.LBB14:
 450              	.LBB15:
 214:Generated_Source\PSoC5/PGAn.c ****     tmpCR |= (power & PGAn_DRIVE_MASK);
 451              		.loc 1 214 0
 452 0036 1A78     		ldrb	r2, [r3]	@ zero_extendqisi2
 453 0038 02F0FC02 		and	r2, r2, #252
 454              	.LVL2:
 215:Generated_Source\PSoC5/PGAn.c ****     PGAn_CR1_REG = tmpCR;  
 455              		.loc 1 215 0
 456 003c 42F00302 		orr	r2, r2, #3
 457              	.LVL3:
 216:Generated_Source\PSoC5/PGAn.c **** }
 458              		.loc 1 216 0
 459 0040 1A70     		strb	r2, [r3]
 460              	.LVL4:
 461 0042 7047     		bx	lr
 462              	.L3:
 463              		.align	2
 464              	.L2:
 465 0044 00580040 		.word	1073764352
 466 0048 01580040 		.word	1073764353
 467              	.LBE15:
 468              	.LBE14:
 469              		.cfi_endproc
 470              	.LFE0:
 471              		.size	PGAn_Init, .-PGAn_Init
 472              		.section	.text.PGAn_Enable,"ax",%progbits
 473              		.align	2
 474              		.global	PGAn_Enable
 475              		.thumb
 476              		.thumb_func
 477              		.type	PGAn_Enable, %function
 478              	PGAn_Enable:
 479              	.LFB1:
  79:Generated_Source\PSoC5/PGAn.c ****     /* This is to restore the value of register CR1 and CR2 which is saved 
 480              		.loc 1 79 0
 481              		.cfi_startproc
 482              		@ args = 0, pretend = 0, frame = 0
 483              		@ frame_needed = 0, uses_anonymous_args = 0
 484              		@ link register save eliminated.
  92:Generated_Source\PSoC5/PGAn.c **** 
 485              		.loc 1 92 0
 486 0000 0748     		ldr	r0, .L5
  95:Generated_Source\PSoC5/PGAn.c ****     
 487              		.loc 1 95 0
 488 0002 0849     		ldr	r1, .L5+4
  92:Generated_Source\PSoC5/PGAn.c **** 
 489              		.loc 1 92 0
 490 0004 0378     		ldrb	r3, [r0]	@ zero_extendqisi2
  97:Generated_Source\PSoC5/PGAn.c ****     
 491              		.loc 1 97 0
 492 0006 084A     		ldr	r2, .L5+8
  92:Generated_Source\PSoC5/PGAn.c **** 
ARM GAS  C:\Users\elias\AppData\Local\Temp\ccXf2KJY.s 			page 35


 493              		.loc 1 92 0
 494 0008 43F00103 		orr	r3, r3, #1
 495 000c 0370     		strb	r3, [r0]
  95:Generated_Source\PSoC5/PGAn.c ****     
 496              		.loc 1 95 0
 497 000e 0B78     		ldrb	r3, [r1]	@ zero_extendqisi2
 498 0010 43F00103 		orr	r3, r3, #1
 499 0014 0B70     		strb	r3, [r1]
  97:Generated_Source\PSoC5/PGAn.c ****     
 500              		.loc 1 97 0
 501 0016 1378     		ldrb	r3, [r2]	@ zero_extendqisi2
 502 0018 43F08003 		orr	r3, r3, #128
 503 001c 1370     		strb	r3, [r2]
 504 001e 7047     		bx	lr
 505              	.L6:
 506              		.align	2
 507              	.L5:
 508 0020 A9430040 		.word	1073759145
 509 0024 B9430040 		.word	1073759161
 510 0028 77580040 		.word	1073764471
 511              		.cfi_endproc
 512              	.LFE1:
 513              		.size	PGAn_Enable, .-PGAn_Enable
 514              		.section	.text.PGAn_Start,"ax",%progbits
 515              		.align	2
 516              		.global	PGAn_Start
 517              		.thumb
 518              		.thumb_func
 519              		.type	PGAn_Start, %function
 520              	PGAn_Start:
 521              	.LFB2:
 135:Generated_Source\PSoC5/PGAn.c **** 
 522              		.loc 1 135 0
 523              		.cfi_startproc
 524              		@ args = 0, pretend = 0, frame = 0
 525              		@ frame_needed = 0, uses_anonymous_args = 0
 526              		@ link register save eliminated.
 527 0000 10B4     		push	{r4}
 528              		.cfi_def_cfa_offset 4
 529              		.cfi_offset 4, -4
 140:Generated_Source\PSoC5/PGAn.c ****     {
 530              		.loc 1 140 0
 531 0002 1B4A     		ldr	r2, .L11
 532 0004 1178     		ldrb	r1, [r2]	@ zero_extendqisi2
 533 0006 09BB     		cbnz	r1, .L8
 534              	.LBB24:
 535              	.LBB25:
  52:Generated_Source\PSoC5/PGAn.c ****     /* Set non-inverting PGA mode and reference mode */
 536              		.loc 1 52 0
 537 0008 1A48     		ldr	r0, .L11+4
  54:Generated_Source\PSoC5/PGAn.c ****     /* Set default gain and ref mode */
 538              		.loc 1 54 0
 539 000a 1B4B     		ldr	r3, .L11+8
  52:Generated_Source\PSoC5/PGAn.c ****     /* Set non-inverting PGA mode and reference mode */
 540              		.loc 1 52 0
 541 000c 0C24     		movs	r4, #12
 542 000e 0470     		strb	r4, [r0]
ARM GAS  C:\Users\elias\AppData\Local\Temp\ccXf2KJY.s 			page 36


  54:Generated_Source\PSoC5/PGAn.c ****     /* Set default gain and ref mode */
 543              		.loc 1 54 0
 544 0010 1C78     		ldrb	r4, [r3]	@ zero_extendqisi2
 545 0012 44F02004 		orr	r4, r4, #32
 546 0016 1C70     		strb	r4, [r3]
  56:Generated_Source\PSoC5/PGAn.c ****     /* Set gain and compensation */
 547              		.loc 1 56 0
 548 0018 8170     		strb	r1, [r0, #2]
 549              	.LVL5:
 550              	.LBB26:
 551              	.LBB27:
 267:Generated_Source\PSoC5/PGAn.c ****                                 PGAn_REDC_MASK | PGAn_BIAS_MASK ));
 552              		.loc 1 267 0
 553 001a 8178     		ldrb	r1, [r0, #2]	@ zero_extendqisi2
 554              	.LBE27:
 555              	.LBE26:
 556              	.LBE25:
 557              	.LBE24:
 143:Generated_Source\PSoC5/PGAn.c ****     }
 558              		.loc 1 143 0
 559 001c 0124     		movs	r4, #1
 560              	.LBB33:
 561              	.LBB32:
 562              	.LBB29:
 563              	.LBB28:
 267:Generated_Source\PSoC5/PGAn.c ****                                 PGAn_REDC_MASK | PGAn_BIAS_MASK ));
 564              		.loc 1 267 0
 565 001e 01F08001 		and	r1, r1, #128
 566 0022 C9B2     		uxtb	r1, r1
 567 0024 8170     		strb	r1, [r0, #2]
 271:Generated_Source\PSoC5/PGAn.c ****                                 ((uint8)(PGAn_GainComp[gain] << 2 ) & PGAn_REDC_MASK));
 568              		.loc 1 271 0
 569 0026 8178     		ldrb	r1, [r0, #2]	@ zero_extendqisi2
 570 0028 41F01501 		orr	r1, r1, #21
 571 002c 8170     		strb	r1, [r0, #2]
 275:Generated_Source\PSoC5/PGAn.c ****         /* Set sc_comp  */
 572              		.loc 1 275 0
 573 002e 1978     		ldrb	r1, [r3]	@ zero_extendqisi2
 574 0030 01F0F301 		and	r1, r1, #243
 575 0034 1970     		strb	r1, [r3]
 576              		.loc 1 277 0
 577 0036 1978     		ldrb	r1, [r3]	@ zero_extendqisi2
 578 0038 41F00D01 		orr	r1, r1, #13
 579 003c 1970     		strb	r1, [r3]
 580              	.LVL6:
 581              	.LBE28:
 582              	.LBE29:
 583              	.LBB30:
 584              	.LBB31:
 214:Generated_Source\PSoC5/PGAn.c ****     tmpCR |= (power & PGAn_DRIVE_MASK);
 585              		.loc 1 214 0
 586 003e 1978     		ldrb	r1, [r3]	@ zero_extendqisi2
 587 0040 01F0FC01 		and	r1, r1, #252
 588              	.LVL7:
 215:Generated_Source\PSoC5/PGAn.c ****     PGAn_CR1_REG = tmpCR;  
 589              		.loc 1 215 0
 590 0044 41F00301 		orr	r1, r1, #3
ARM GAS  C:\Users\elias\AppData\Local\Temp\ccXf2KJY.s 			page 37


 591              	.LVL8:
 216:Generated_Source\PSoC5/PGAn.c **** }
 592              		.loc 1 216 0
 593 0048 1970     		strb	r1, [r3]
 594              	.LVL9:
 595              	.LBE31:
 596              	.LBE30:
 597              	.LBE32:
 598              	.LBE33:
 143:Generated_Source\PSoC5/PGAn.c ****     }
 599              		.loc 1 143 0
 600 004a 1470     		strb	r4, [r2]
 601              	.L8:
 602              	.LBB34:
 603              	.LBB35:
  92:Generated_Source\PSoC5/PGAn.c **** 
 604              		.loc 1 92 0
 605 004c 0B48     		ldr	r0, .L11+12
  95:Generated_Source\PSoC5/PGAn.c ****     
 606              		.loc 1 95 0
 607 004e 0C49     		ldr	r1, .L11+16
  92:Generated_Source\PSoC5/PGAn.c **** 
 608              		.loc 1 92 0
 609 0050 0378     		ldrb	r3, [r0]	@ zero_extendqisi2
  97:Generated_Source\PSoC5/PGAn.c ****     
 610              		.loc 1 97 0
 611 0052 0C4A     		ldr	r2, .L11+20
  92:Generated_Source\PSoC5/PGAn.c **** 
 612              		.loc 1 92 0
 613 0054 43F00103 		orr	r3, r3, #1
 614 0058 0370     		strb	r3, [r0]
  95:Generated_Source\PSoC5/PGAn.c ****     
 615              		.loc 1 95 0
 616 005a 0B78     		ldrb	r3, [r1]	@ zero_extendqisi2
 617 005c 43F00103 		orr	r3, r3, #1
 618 0060 0B70     		strb	r3, [r1]
  97:Generated_Source\PSoC5/PGAn.c ****     
 619              		.loc 1 97 0
 620 0062 1378     		ldrb	r3, [r2]	@ zero_extendqisi2
 621 0064 43F08003 		orr	r3, r3, #128
 622 0068 1370     		strb	r3, [r2]
 623              	.LBE35:
 624              	.LBE34:
 147:Generated_Source\PSoC5/PGAn.c **** 
 625              		.loc 1 147 0
 626 006a 10BC     		pop	{r4}
 627              		.cfi_restore 4
 628              		.cfi_def_cfa_offset 0
 629 006c 7047     		bx	lr
 630              	.L12:
 631 006e 00BF     		.align	2
 632              	.L11:
 633 0070 00000000 		.word	.LANCHOR0
 634 0074 00580040 		.word	1073764352
 635 0078 01580040 		.word	1073764353
 636 007c A9430040 		.word	1073759145
 637 0080 B9430040 		.word	1073759161
ARM GAS  C:\Users\elias\AppData\Local\Temp\ccXf2KJY.s 			page 38


 638 0084 77580040 		.word	1073764471
 639              		.cfi_endproc
 640              	.LFE2:
 641              		.size	PGAn_Start, .-PGAn_Start
 642              		.section	.text.PGAn_Stop,"ax",%progbits
 643              		.align	2
 644              		.global	PGAn_Stop
 645              		.thumb
 646              		.thumb_func
 647              		.type	PGAn_Stop, %function
 648              	PGAn_Stop:
 649              	.LFB3:
 165:Generated_Source\PSoC5/PGAn.c ****     /* Disble power to the Amp in Active mode template */
 650              		.loc 1 165 0
 651              		.cfi_startproc
 652              		@ args = 0, pretend = 0, frame = 0
 653              		@ frame_needed = 0, uses_anonymous_args = 0
 654              		@ link register save eliminated.
 167:Generated_Source\PSoC5/PGAn.c **** 
 655              		.loc 1 167 0
 656 0000 0549     		ldr	r1, .L14
 170:Generated_Source\PSoC5/PGAn.c **** 
 657              		.loc 1 170 0
 658 0002 064A     		ldr	r2, .L14+4
 167:Generated_Source\PSoC5/PGAn.c **** 
 659              		.loc 1 167 0
 660 0004 0B78     		ldrb	r3, [r1]	@ zero_extendqisi2
 661 0006 03F0FE03 		and	r3, r3, #254
 662 000a 0B70     		strb	r3, [r1]
 170:Generated_Source\PSoC5/PGAn.c **** 
 663              		.loc 1 170 0
 664 000c 1378     		ldrb	r3, [r2]	@ zero_extendqisi2
 665 000e 03F0FE03 		and	r3, r3, #254
 666 0012 1370     		strb	r3, [r2]
 667 0014 7047     		bx	lr
 668              	.L15:
 669 0016 00BF     		.align	2
 670              	.L14:
 671 0018 A9430040 		.word	1073759145
 672 001c B9430040 		.word	1073759161
 673              		.cfi_endproc
 674              	.LFE3:
 675              		.size	PGAn_Stop, .-PGAn_Stop
 676              		.section	.text.PGAn_SetPower,"ax",%progbits
 677              		.align	2
 678              		.global	PGAn_SetPower
 679              		.thumb
 680              		.thumb_func
 681              		.type	PGAn_SetPower, %function
 682              	PGAn_SetPower:
 683              	.LFB4:
 211:Generated_Source\PSoC5/PGAn.c ****     uint8 tmpCR;
 684              		.loc 1 211 0
 685              		.cfi_startproc
 686              		@ args = 0, pretend = 0, frame = 0
 687              		@ frame_needed = 0, uses_anonymous_args = 0
 688              		@ link register save eliminated.
ARM GAS  C:\Users\elias\AppData\Local\Temp\ccXf2KJY.s 			page 39


 689              	.LVL10:
 214:Generated_Source\PSoC5/PGAn.c ****     tmpCR |= (power & PGAn_DRIVE_MASK);
 690              		.loc 1 214 0
 691 0000 044A     		ldr	r2, .L17
 215:Generated_Source\PSoC5/PGAn.c ****     PGAn_CR1_REG = tmpCR;  
 692              		.loc 1 215 0
 693 0002 00F00300 		and	r0, r0, #3
 694              	.LVL11:
 214:Generated_Source\PSoC5/PGAn.c ****     tmpCR |= (power & PGAn_DRIVE_MASK);
 695              		.loc 1 214 0
 696 0006 1378     		ldrb	r3, [r2]	@ zero_extendqisi2
 697 0008 03F0FC03 		and	r3, r3, #252
 698              	.LVL12:
 215:Generated_Source\PSoC5/PGAn.c ****     PGAn_CR1_REG = tmpCR;  
 699              		.loc 1 215 0
 700 000c 1843     		orrs	r0, r0, r3
 701              	.LVL13:
 216:Generated_Source\PSoC5/PGAn.c **** }
 702              		.loc 1 216 0
 703 000e 1070     		strb	r0, [r2]
 704 0010 7047     		bx	lr
 705              	.L18:
 706 0012 00BF     		.align	2
 707              	.L17:
 708 0014 01580040 		.word	1073764353
 709              		.cfi_endproc
 710              	.LFE4:
 711              		.size	PGAn_SetPower, .-PGAn_SetPower
 712              		.section	.text.PGAn_SetGain,"ax",%progbits
 713              		.align	2
 714              		.global	PGAn_SetGain
 715              		.thumb
 716              		.thumb_func
 717              		.type	PGAn_SetGain, %function
 718              	PGAn_SetGain:
 719              	.LFB5:
 236:Generated_Source\PSoC5/PGAn.c ****     /* Constant array for gain settings */
 720              		.loc 1 236 0
 721              		.cfi_startproc
 722              		@ args = 0, pretend = 0, frame = 24
 723              		@ frame_needed = 0, uses_anonymous_args = 0
 724              		@ link register save eliminated.
 725              	.LVL14:
 726 0000 70B4     		push	{r4, r5, r6}
 727              		.cfi_def_cfa_offset 12
 728              		.cfi_offset 4, -12
 729              		.cfi_offset 5, -8
 730              		.cfi_offset 6, -4
 238:Generated_Source\PSoC5/PGAn.c ****         (PGAn_RVAL_0K   | PGAn_R20_40B_40K | PGAn_BIAS_LOW), /* G=1  */
 731              		.loc 1 238 0
 732 0002 1A4D     		ldr	r5, .L22
 236:Generated_Source\PSoC5/PGAn.c ****     /* Constant array for gain settings */
 733              		.loc 1 236 0
 734 0004 87B0     		sub	sp, sp, #28
 735              		.cfi_def_cfa_offset 40
 251:Generated_Source\PSoC5/PGAn.c ****         ( PGAn_COMP_4P35PF  | (uint8)( PGAn_REDC_00 >> 2 )), /* G=1  */
 736              		.loc 1 251 0
ARM GAS  C:\Users\elias\AppData\Local\Temp\ccXf2KJY.s 			page 40


 737 0006 2C46     		mov	r4, r5
 238:Generated_Source\PSoC5/PGAn.c ****         (PGAn_RVAL_0K   | PGAn_R20_40B_40K | PGAn_BIAS_LOW), /* G=1  */
 738              		.loc 1 238 0
 739 0008 6A46     		mov	r2, sp
 236:Generated_Source\PSoC5/PGAn.c ****     /* Constant array for gain settings */
 740              		.loc 1 236 0
 741 000a 0646     		mov	r6, r0
 238:Generated_Source\PSoC5/PGAn.c ****         (PGAn_RVAL_0K   | PGAn_R20_40B_40K | PGAn_BIAS_LOW), /* G=1  */
 742              		.loc 1 238 0
 743 000c 6968     		ldr	r1, [r5, #4]	@ unaligned
 744 000e 2868     		ldr	r0, [r5]	@ unaligned
 745              	.LVL15:
 251:Generated_Source\PSoC5/PGAn.c ****         ( PGAn_COMP_4P35PF  | (uint8)( PGAn_REDC_00 >> 2 )), /* G=1  */
 746              		.loc 1 251 0
 747 0010 03AB     		add	r3, sp, #12
 238:Generated_Source\PSoC5/PGAn.c ****         (PGAn_RVAL_0K   | PGAn_R20_40B_40K | PGAn_BIAS_LOW), /* G=1  */
 748              		.loc 1 238 0
 749 0012 03C2     		stmia	r2!, {r0, r1}
 251:Generated_Source\PSoC5/PGAn.c ****         ( PGAn_COMP_4P35PF  | (uint8)( PGAn_REDC_00 >> 2 )), /* G=1  */
 750              		.loc 1 251 0
 751 0014 54F80C0F 		ldr	r0, [r4, #12]!	@ unaligned
 238:Generated_Source\PSoC5/PGAn.c ****         (PGAn_RVAL_0K   | PGAn_R20_40B_40K | PGAn_BIAS_LOW), /* G=1  */
 752              		.loc 1 238 0
 753 0018 2D7A     		ldrb	r5, [r5, #8]	@ zero_extendqisi2
 251:Generated_Source\PSoC5/PGAn.c ****         ( PGAn_COMP_4P35PF  | (uint8)( PGAn_REDC_00 >> 2 )), /* G=1  */
 754              		.loc 1 251 0
 755 001a 6168     		ldr	r1, [r4, #4]	@ unaligned
 264:Generated_Source\PSoC5/PGAn.c ****     {
 756              		.loc 1 264 0
 757 001c 082E     		cmp	r6, #8
 251:Generated_Source\PSoC5/PGAn.c ****         ( PGAn_COMP_4P35PF  | (uint8)( PGAn_REDC_00 >> 2 )), /* G=1  */
 758              		.loc 1 251 0
 759 001e 03C3     		stmia	r3!, {r0, r1}
 760 0020 217A     		ldrb	r1, [r4, #8]	@ zero_extendqisi2
 238:Generated_Source\PSoC5/PGAn.c ****         (PGAn_RVAL_0K   | PGAn_R20_40B_40K | PGAn_BIAS_LOW), /* G=1  */
 761              		.loc 1 238 0
 762 0022 1570     		strb	r5, [r2]
 251:Generated_Source\PSoC5/PGAn.c ****         ( PGAn_COMP_4P35PF  | (uint8)( PGAn_REDC_00 >> 2 )), /* G=1  */
 763              		.loc 1 251 0
 764 0024 1970     		strb	r1, [r3]
 264:Generated_Source\PSoC5/PGAn.c ****     {
 765              		.loc 1 264 0
 766 0026 1ED8     		bhi	.L19
 267:Generated_Source\PSoC5/PGAn.c ****                                 PGAn_REDC_MASK | PGAn_BIAS_MASK ));
 767              		.loc 1 267 0
 768 0028 114C     		ldr	r4, .L22+4
 272:Generated_Source\PSoC5/PGAn.c **** 
 769              		.loc 1 272 0
 770 002a 06AB     		add	r3, sp, #24
 771 002c 1E44     		add	r6, r6, r3
 267:Generated_Source\PSoC5/PGAn.c ****                                 PGAn_REDC_MASK | PGAn_BIAS_MASK ));
 772              		.loc 1 267 0
 773 002e 2378     		ldrb	r3, [r4]	@ zero_extendqisi2
 275:Generated_Source\PSoC5/PGAn.c ****         /* Set sc_comp  */
 774              		.loc 1 275 0
 775 0030 1048     		ldr	r0, .L22+8
 267:Generated_Source\PSoC5/PGAn.c ****                                 PGAn_REDC_MASK | PGAn_BIAS_MASK ));
ARM GAS  C:\Users\elias\AppData\Local\Temp\ccXf2KJY.s 			page 41


 776              		.loc 1 267 0
 777 0032 03F08003 		and	r3, r3, #128
 778 0036 DBB2     		uxtb	r3, r3
 779 0038 2370     		strb	r3, [r4]
 271:Generated_Source\PSoC5/PGAn.c ****                                 ((uint8)(PGAn_GainComp[gain] << 2 ) & PGAn_REDC_MASK));
 780              		.loc 1 271 0
 781 003a 16F80C1C 		ldrb	r1, [r6, #-12]	@ zero_extendqisi2
 782 003e 2378     		ldrb	r3, [r4]	@ zero_extendqisi2
 783 0040 16F8182C 		ldrb	r2, [r6, #-24]	@ zero_extendqisi2
 784 0044 8900     		lsls	r1, r1, #2
 785 0046 1343     		orrs	r3, r3, r2
 786 0048 01F00C01 		and	r1, r1, #12
 787 004c 0B43     		orrs	r3, r3, r1
 788 004e 2370     		strb	r3, [r4]
 275:Generated_Source\PSoC5/PGAn.c ****         /* Set sc_comp  */
 789              		.loc 1 275 0
 790 0050 0378     		ldrb	r3, [r0]	@ zero_extendqisi2
 791 0052 03F0F303 		and	r3, r3, #243
 792 0056 0370     		strb	r3, [r0]
 793              		.loc 1 277 0
 794 0058 0378     		ldrb	r3, [r0]	@ zero_extendqisi2
 795 005a 16F80C2C 		ldrb	r2, [r6, #-12]	@ zero_extendqisi2
 796 005e 43F00C03 		orr	r3, r3, #12
 797 0062 1343     		orrs	r3, r3, r2
 798 0064 0370     		strb	r3, [r0]
 799              	.L19:
 278:Generated_Source\PSoC5/PGAn.c ****     }
 279:Generated_Source\PSoC5/PGAn.c **** }
 800              		.loc 1 279 0
 801 0066 07B0     		add	sp, sp, #28
 802              		.cfi_def_cfa_offset 12
 803              		@ sp needed
 804 0068 70BC     		pop	{r4, r5, r6}
 805              		.cfi_restore 6
 806              		.cfi_restore 5
 807              		.cfi_restore 4
 808              		.cfi_def_cfa_offset 0
 809 006a 7047     		bx	lr
 810              	.L23:
 811              		.align	2
 812              	.L22:
 813 006c 00000000 		.word	.LANCHOR1
 814 0070 02580040 		.word	1073764354
 815 0074 01580040 		.word	1073764353
 816              		.cfi_endproc
 817              	.LFE5:
 818              		.size	PGAn_SetGain, .-PGAn_SetGain
 819              		.global	PGAn_initVar
 820              		.section	.rodata
 821              		.align	2
 822              		.set	.LANCHOR1,. + 0
 823              	.LC0:
 824 0000 01       		.byte	1
 825 0001 11       		.byte	17
 826 0002 21       		.byte	33
 827 0003 31       		.byte	49
 828 0004 41       		.byte	65
ARM GAS  C:\Users\elias\AppData\Local\Temp\ccXf2KJY.s 			page 42


 829 0005 61       		.byte	97
 830 0006 53       		.byte	83
 831 0007 63       		.byte	99
 832 0008 73       		.byte	115
 833 0009 000000   		.space	3
 834              	.LC1:
 835 000c 08       		.byte	8
 836 000d 09       		.byte	9
 837 000e 01       		.byte	1
 838 000f 01       		.byte	1
 839 0010 05       		.byte	5
 840 0011 07       		.byte	7
 841 0012 07       		.byte	7
 842 0013 04       		.byte	4
 843 0014 04       		.byte	4
 844              		.bss
 845              		.set	.LANCHOR0,. + 0
 846              		.type	PGAn_initVar, %object
 847              		.size	PGAn_initVar, 1
 848              	PGAn_initVar:
 849 0000 00       		.space	1
 850              		.text
 851              	.Letext0:
 852              		.file 2 "Generated_Source\\PSoC5\\cytypes.h"
 853              		.section	.debug_info,"",%progbits
 854              	.Ldebug_info0:
 855 0000 BF020000 		.4byte	0x2bf
 856 0004 0400     		.2byte	0x4
 857 0006 00000000 		.4byte	.Ldebug_abbrev0
 858 000a 04       		.byte	0x4
 859 000b 01       		.uleb128 0x1
 860 000c 4A000000 		.4byte	.LASF25
 861 0010 0C       		.byte	0xc
 862 0011 A5010000 		.4byte	.LASF26
 863 0015 03010000 		.4byte	.LASF27
 864 0019 30000000 		.4byte	.Ldebug_ranges0+0x30
 865 001d 00000000 		.4byte	0
 866 0021 00000000 		.4byte	.Ldebug_line0
 867 0025 02       		.uleb128 0x2
 868 0026 01       		.byte	0x1
 869 0027 06       		.byte	0x6
 870 0028 12020000 		.4byte	.LASF0
 871 002c 02       		.uleb128 0x2
 872 002d 01       		.byte	0x1
 873 002e 08       		.byte	0x8
 874 002f 3C000000 		.4byte	.LASF1
 875 0033 02       		.uleb128 0x2
 876 0034 02       		.byte	0x2
 877 0035 05       		.byte	0x5
 878 0036 57010000 		.4byte	.LASF2
 879 003a 02       		.uleb128 0x2
 880 003b 02       		.byte	0x2
 881 003c 07       		.byte	0x7
 882 003d 14000000 		.4byte	.LASF3
 883 0041 02       		.uleb128 0x2
 884 0042 04       		.byte	0x4
 885 0043 05       		.byte	0x5
ARM GAS  C:\Users\elias\AppData\Local\Temp\ccXf2KJY.s 			page 43


 886 0044 FD010000 		.4byte	.LASF4
 887 0048 02       		.uleb128 0x2
 888 0049 04       		.byte	0x4
 889 004a 07       		.byte	0x7
 890 004b F1000000 		.4byte	.LASF5
 891 004f 02       		.uleb128 0x2
 892 0050 08       		.byte	0x8
 893 0051 05       		.byte	0x5
 894 0052 D2010000 		.4byte	.LASF6
 895 0056 02       		.uleb128 0x2
 896 0057 08       		.byte	0x8
 897 0058 07       		.byte	0x7
 898 0059 7A010000 		.4byte	.LASF7
 899 005d 03       		.uleb128 0x3
 900 005e 04       		.byte	0x4
 901 005f 05       		.byte	0x5
 902 0060 696E7400 		.ascii	"int\000"
 903 0064 02       		.uleb128 0x2
 904 0065 04       		.byte	0x4
 905 0066 07       		.byte	0x7
 906 0067 6D010000 		.4byte	.LASF8
 907 006b 04       		.uleb128 0x4
 908 006c 3D010000 		.4byte	.LASF12
 909 0070 02       		.byte	0x2
 910 0071 E901     		.2byte	0x1e9
 911 0073 2C000000 		.4byte	0x2c
 912 0077 02       		.uleb128 0x2
 913 0078 04       		.byte	0x4
 914 0079 04       		.byte	0x4
 915 007a 2C000000 		.4byte	.LASF9
 916 007e 02       		.uleb128 0x2
 917 007f 08       		.byte	0x8
 918 0080 04       		.byte	0x4
 919 0081 50010000 		.4byte	.LASF10
 920 0085 02       		.uleb128 0x2
 921 0086 01       		.byte	0x1
 922 0087 08       		.byte	0x8
 923 0088 E0010000 		.4byte	.LASF11
 924 008c 04       		.uleb128 0x4
 925 008d A0010000 		.4byte	.LASF13
 926 0091 02       		.byte	0x2
 927 0092 9302     		.2byte	0x293
 928 0094 98000000 		.4byte	0x98
 929 0098 05       		.uleb128 0x5
 930 0099 6B000000 		.4byte	0x6b
 931 009d 02       		.uleb128 0x2
 932 009e 08       		.byte	0x8
 933 009f 04       		.byte	0x4
 934 00a0 06020000 		.4byte	.LASF14
 935 00a4 02       		.uleb128 0x2
 936 00a5 04       		.byte	0x4
 937 00a6 07       		.byte	0x7
 938 00a7 C3010000 		.4byte	.LASF15
 939 00ab 06       		.uleb128 0x6
 940 00ac 06000000 		.4byte	.LASF16
 941 00b0 01       		.byte	0x1
 942 00b1 D2       		.byte	0xd2
ARM GAS  C:\Users\elias\AppData\Local\Temp\ccXf2KJY.s 			page 44


 943 00b2 01       		.byte	0x1
 944 00b3 CE000000 		.4byte	0xce
 945 00b7 07       		.uleb128 0x7
 946 00b8 CC010000 		.4byte	.LASF18
 947 00bc 01       		.byte	0x1
 948 00bd D2       		.byte	0xd2
 949 00be 6B000000 		.4byte	0x6b
 950 00c2 08       		.uleb128 0x8
 951 00c3 00000000 		.4byte	.LASF20
 952 00c7 01       		.byte	0x1
 953 00c8 D4       		.byte	0xd4
 954 00c9 6B000000 		.4byte	0x6b
 955 00cd 00       		.byte	0
 956 00ce 09       		.uleb128 0x9
 957 00cf 61010000 		.4byte	.LASF23
 958 00d3 01       		.byte	0x1
 959 00d4 4E       		.byte	0x4e
 960 00d5 01       		.byte	0x1
 961 00d6 06       		.uleb128 0x6
 962 00d7 E5010000 		.4byte	.LASF17
 963 00db 01       		.byte	0x1
 964 00dc EB       		.byte	0xeb
 965 00dd 01       		.byte	0x1
 966 00de 04010000 		.4byte	0x104
 967 00e2 07       		.uleb128 0x7
 968 00e3 27000000 		.4byte	.LASF19
 969 00e7 01       		.byte	0x1
 970 00e8 EB       		.byte	0xeb
 971 00e9 6B000000 		.4byte	0x6b
 972 00ed 08       		.uleb128 0x8
 973 00ee 91010000 		.4byte	.LASF21
 974 00f2 01       		.byte	0x1
 975 00f3 EE       		.byte	0xee
 976 00f4 19010000 		.4byte	0x119
 977 00f8 08       		.uleb128 0x8
 978 00f9 1E020000 		.4byte	.LASF22
 979 00fd 01       		.byte	0x1
 980 00fe FB       		.byte	0xfb
 981 00ff 1E010000 		.4byte	0x11e
 982 0103 00       		.byte	0
 983 0104 0A       		.uleb128 0xa
 984 0105 14010000 		.4byte	0x114
 985 0109 14010000 		.4byte	0x114
 986 010d 0B       		.uleb128 0xb
 987 010e A4000000 		.4byte	0xa4
 988 0112 08       		.byte	0x8
 989 0113 00       		.byte	0
 990 0114 0C       		.uleb128 0xc
 991 0115 6B000000 		.4byte	0x6b
 992 0119 0C       		.uleb128 0xc
 993 011a 04010000 		.4byte	0x104
 994 011e 0C       		.uleb128 0xc
 995 011f 04010000 		.4byte	0x104
 996 0123 09       		.uleb128 0x9
 997 0124 2C020000 		.4byte	.LASF24
 998 0128 01       		.byte	0x1
 999 0129 31       		.byte	0x31
ARM GAS  C:\Users\elias\AppData\Local\Temp\ccXf2KJY.s 			page 45


 1000 012a 01       		.byte	0x1
 1001 012b 0D       		.uleb128 0xd
 1002 012c 23010000 		.4byte	0x123
 1003 0130 00000000 		.4byte	.LFB0
 1004 0134 4C000000 		.4byte	.LFE0-.LFB0
 1005 0138 01       		.uleb128 0x1
 1006 0139 9C       		.byte	0x9c
 1007 013a A4010000 		.4byte	0x1a4
 1008 013e 0E       		.uleb128 0xe
 1009 013f D6000000 		.4byte	0xd6
 1010 0143 14000000 		.4byte	.LBB12
 1011 0147 22000000 		.4byte	.LBE12-.LBB12
 1012 014b 01       		.byte	0x1
 1013 014c 3A       		.byte	0x3a
 1014 014d 77010000 		.4byte	0x177
 1015 0151 0F       		.uleb128 0xf
 1016 0152 E2000000 		.4byte	0xe2
 1017 0156 00000000 		.4byte	.LLST0
 1018 015a 10       		.uleb128 0x10
 1019 015b 14000000 		.4byte	.LBB13
 1020 015f 22000000 		.4byte	.LBE13-.LBB13
 1021 0163 11       		.uleb128 0x11
 1022 0164 ED000000 		.4byte	0xed
 1023 0168 14000000 		.4byte	.LLST1
 1024 016c 11       		.uleb128 0x11
 1025 016d F8000000 		.4byte	0xf8
 1026 0171 2E000000 		.4byte	.LLST2
 1027 0175 00       		.byte	0
 1028 0176 00       		.byte	0
 1029 0177 12       		.uleb128 0x12
 1030 0178 AB000000 		.4byte	0xab
 1031 017c 36000000 		.4byte	.LBB14
 1032 0180 16000000 		.4byte	.LBE14-.LBB14
 1033 0184 01       		.byte	0x1
 1034 0185 3C       		.byte	0x3c
 1035 0186 0F       		.uleb128 0xf
 1036 0187 B7000000 		.4byte	0xb7
 1037 018b 48000000 		.4byte	.LLST3
 1038 018f 10       		.uleb128 0x10
 1039 0190 36000000 		.4byte	.LBB15
 1040 0194 16000000 		.4byte	.LBE15-.LBB15
 1041 0198 11       		.uleb128 0x11
 1042 0199 C2000000 		.4byte	0xc2
 1043 019d 5C000000 		.4byte	.LLST4
 1044 01a1 00       		.byte	0
 1045 01a2 00       		.byte	0
 1046 01a3 00       		.byte	0
 1047 01a4 13       		.uleb128 0x13
 1048 01a5 CE000000 		.4byte	0xce
 1049 01a9 00000000 		.4byte	.LFB1
 1050 01ad 2C000000 		.4byte	.LFE1-.LFB1
 1051 01b1 01       		.uleb128 0x1
 1052 01b2 9C       		.byte	0x9c
 1053 01b3 14       		.uleb128 0x14
 1054 01b4 F2010000 		.4byte	.LASF28
 1055 01b8 01       		.byte	0x1
 1056 01b9 86       		.byte	0x86
ARM GAS  C:\Users\elias\AppData\Local\Temp\ccXf2KJY.s 			page 46


 1057 01ba 00000000 		.4byte	.LFB2
 1058 01be 88000000 		.4byte	.LFE2-.LFB2
 1059 01c2 01       		.uleb128 0x1
 1060 01c3 9C       		.byte	0x9c
 1061 01c4 4D020000 		.4byte	0x24d
 1062 01c8 15       		.uleb128 0x15
 1063 01c9 23010000 		.4byte	0x123
 1064 01cd 08000000 		.4byte	.LBB24
 1065 01d1 00000000 		.4byte	.Ldebug_ranges0+0
 1066 01d5 01       		.byte	0x1
 1067 01d6 8E       		.byte	0x8e
 1068 01d7 3D020000 		.4byte	0x23d
 1069 01db 15       		.uleb128 0x15
 1070 01dc D6000000 		.4byte	0xd6
 1071 01e0 1A000000 		.4byte	.LBB26
 1072 01e4 18000000 		.4byte	.Ldebug_ranges0+0x18
 1073 01e8 01       		.byte	0x1
 1074 01e9 3A       		.byte	0x3a
 1075 01ea 10020000 		.4byte	0x210
 1076 01ee 0F       		.uleb128 0xf
 1077 01ef E2000000 		.4byte	0xe2
 1078 01f3 6F000000 		.4byte	.LLST5
 1079 01f7 16       		.uleb128 0x16
 1080 01f8 18000000 		.4byte	.Ldebug_ranges0+0x18
 1081 01fc 11       		.uleb128 0x11
 1082 01fd ED000000 		.4byte	0xed
 1083 0201 83000000 		.4byte	.LLST6
 1084 0205 11       		.uleb128 0x11
 1085 0206 F8000000 		.4byte	0xf8
 1086 020a 9D000000 		.4byte	.LLST7
 1087 020e 00       		.byte	0
 1088 020f 00       		.byte	0
 1089 0210 12       		.uleb128 0x12
 1090 0211 AB000000 		.4byte	0xab
 1091 0215 3E000000 		.4byte	.LBB30
 1092 0219 0C000000 		.4byte	.LBE30-.LBB30
 1093 021d 01       		.byte	0x1
 1094 021e 3C       		.byte	0x3c
 1095 021f 0F       		.uleb128 0xf
 1096 0220 B7000000 		.4byte	0xb7
 1097 0224 B7000000 		.4byte	.LLST8
 1098 0228 10       		.uleb128 0x10
 1099 0229 3E000000 		.4byte	.LBB31
 1100 022d 0C000000 		.4byte	.LBE31-.LBB31
 1101 0231 11       		.uleb128 0x11
 1102 0232 C2000000 		.4byte	0xc2
 1103 0236 CB000000 		.4byte	.LLST9
 1104 023a 00       		.byte	0
 1105 023b 00       		.byte	0
 1106 023c 00       		.byte	0
 1107 023d 17       		.uleb128 0x17
 1108 023e CE000000 		.4byte	0xce
 1109 0242 4C000000 		.4byte	.LBB34
 1110 0246 1E000000 		.4byte	.LBE34-.LBB34
 1111 024a 01       		.byte	0x1
 1112 024b 92       		.byte	0x92
 1113 024c 00       		.byte	0
ARM GAS  C:\Users\elias\AppData\Local\Temp\ccXf2KJY.s 			page 47


 1114 024d 18       		.uleb128 0x18
 1115 024e 32000000 		.4byte	.LASF29
 1116 0252 01       		.byte	0x1
 1117 0253 A4       		.byte	0xa4
 1118 0254 00000000 		.4byte	.LFB3
 1119 0258 20000000 		.4byte	.LFE3-.LFB3
 1120 025c 01       		.uleb128 0x1
 1121 025d 9C       		.byte	0x9c
 1122 025e 0D       		.uleb128 0xd
 1123 025f AB000000 		.4byte	0xab
 1124 0263 00000000 		.4byte	.LFB4
 1125 0267 18000000 		.4byte	.LFE4-.LFB4
 1126 026b 01       		.uleb128 0x1
 1127 026c 9C       		.byte	0x9c
 1128 026d 84020000 		.4byte	0x284
 1129 0271 0F       		.uleb128 0xf
 1130 0272 B7000000 		.4byte	0xb7
 1131 0276 DE000000 		.4byte	.LLST10
 1132 027a 11       		.uleb128 0x11
 1133 027b C2000000 		.4byte	0xc2
 1134 027f FF000000 		.4byte	.LLST11
 1135 0283 00       		.byte	0
 1136 0284 0D       		.uleb128 0xd
 1137 0285 D6000000 		.4byte	0xd6
 1138 0289 00000000 		.4byte	.LFB5
 1139 028d 78000000 		.4byte	.LFE5-.LFB5
 1140 0291 01       		.uleb128 0x1
 1141 0292 9C       		.byte	0x9c
 1142 0293 B1020000 		.4byte	0x2b1
 1143 0297 0F       		.uleb128 0xf
 1144 0298 E2000000 		.4byte	0xe2
 1145 029c 1D010000 		.4byte	.LLST12
 1146 02a0 19       		.uleb128 0x19
 1147 02a1 ED000000 		.4byte	0xed
 1148 02a5 02       		.uleb128 0x2
 1149 02a6 91       		.byte	0x91
 1150 02a7 58       		.sleb128 -40
 1151 02a8 19       		.uleb128 0x19
 1152 02a9 F8000000 		.4byte	0xf8
 1153 02ad 02       		.uleb128 0x2
 1154 02ae 91       		.byte	0x91
 1155 02af 64       		.sleb128 -28
 1156 02b0 00       		.byte	0
 1157 02b1 1A       		.uleb128 0x1a
 1158 02b2 43010000 		.4byte	.LASF30
 1159 02b6 01       		.byte	0x1
 1160 02b7 1E       		.byte	0x1e
 1161 02b8 6B000000 		.4byte	0x6b
 1162 02bc 05       		.uleb128 0x5
 1163 02bd 03       		.byte	0x3
 1164 02be 00000000 		.4byte	PGAn_initVar
 1165 02c2 00       		.byte	0
 1166              		.section	.debug_abbrev,"",%progbits
 1167              	.Ldebug_abbrev0:
 1168 0000 01       		.uleb128 0x1
 1169 0001 11       		.uleb128 0x11
 1170 0002 01       		.byte	0x1
ARM GAS  C:\Users\elias\AppData\Local\Temp\ccXf2KJY.s 			page 48


 1171 0003 25       		.uleb128 0x25
 1172 0004 0E       		.uleb128 0xe
 1173 0005 13       		.uleb128 0x13
 1174 0006 0B       		.uleb128 0xb
 1175 0007 03       		.uleb128 0x3
 1176 0008 0E       		.uleb128 0xe
 1177 0009 1B       		.uleb128 0x1b
 1178 000a 0E       		.uleb128 0xe
 1179 000b 55       		.uleb128 0x55
 1180 000c 17       		.uleb128 0x17
 1181 000d 11       		.uleb128 0x11
 1182 000e 01       		.uleb128 0x1
 1183 000f 10       		.uleb128 0x10
 1184 0010 17       		.uleb128 0x17
 1185 0011 00       		.byte	0
 1186 0012 00       		.byte	0
 1187 0013 02       		.uleb128 0x2
 1188 0014 24       		.uleb128 0x24
 1189 0015 00       		.byte	0
 1190 0016 0B       		.uleb128 0xb
 1191 0017 0B       		.uleb128 0xb
 1192 0018 3E       		.uleb128 0x3e
 1193 0019 0B       		.uleb128 0xb
 1194 001a 03       		.uleb128 0x3
 1195 001b 0E       		.uleb128 0xe
 1196 001c 00       		.byte	0
 1197 001d 00       		.byte	0
 1198 001e 03       		.uleb128 0x3
 1199 001f 24       		.uleb128 0x24
 1200 0020 00       		.byte	0
 1201 0021 0B       		.uleb128 0xb
 1202 0022 0B       		.uleb128 0xb
 1203 0023 3E       		.uleb128 0x3e
 1204 0024 0B       		.uleb128 0xb
 1205 0025 03       		.uleb128 0x3
 1206 0026 08       		.uleb128 0x8
 1207 0027 00       		.byte	0
 1208 0028 00       		.byte	0
 1209 0029 04       		.uleb128 0x4
 1210 002a 16       		.uleb128 0x16
 1211 002b 00       		.byte	0
 1212 002c 03       		.uleb128 0x3
 1213 002d 0E       		.uleb128 0xe
 1214 002e 3A       		.uleb128 0x3a
 1215 002f 0B       		.uleb128 0xb
 1216 0030 3B       		.uleb128 0x3b
 1217 0031 05       		.uleb128 0x5
 1218 0032 49       		.uleb128 0x49
 1219 0033 13       		.uleb128 0x13
 1220 0034 00       		.byte	0
 1221 0035 00       		.byte	0
 1222 0036 05       		.uleb128 0x5
 1223 0037 35       		.uleb128 0x35
 1224 0038 00       		.byte	0
 1225 0039 49       		.uleb128 0x49
 1226 003a 13       		.uleb128 0x13
 1227 003b 00       		.byte	0
ARM GAS  C:\Users\elias\AppData\Local\Temp\ccXf2KJY.s 			page 49


 1228 003c 00       		.byte	0
 1229 003d 06       		.uleb128 0x6
 1230 003e 2E       		.uleb128 0x2e
 1231 003f 01       		.byte	0x1
 1232 0040 3F       		.uleb128 0x3f
 1233 0041 19       		.uleb128 0x19
 1234 0042 03       		.uleb128 0x3
 1235 0043 0E       		.uleb128 0xe
 1236 0044 3A       		.uleb128 0x3a
 1237 0045 0B       		.uleb128 0xb
 1238 0046 3B       		.uleb128 0x3b
 1239 0047 0B       		.uleb128 0xb
 1240 0048 27       		.uleb128 0x27
 1241 0049 19       		.uleb128 0x19
 1242 004a 20       		.uleb128 0x20
 1243 004b 0B       		.uleb128 0xb
 1244 004c 01       		.uleb128 0x1
 1245 004d 13       		.uleb128 0x13
 1246 004e 00       		.byte	0
 1247 004f 00       		.byte	0
 1248 0050 07       		.uleb128 0x7
 1249 0051 05       		.uleb128 0x5
 1250 0052 00       		.byte	0
 1251 0053 03       		.uleb128 0x3
 1252 0054 0E       		.uleb128 0xe
 1253 0055 3A       		.uleb128 0x3a
 1254 0056 0B       		.uleb128 0xb
 1255 0057 3B       		.uleb128 0x3b
 1256 0058 0B       		.uleb128 0xb
 1257 0059 49       		.uleb128 0x49
 1258 005a 13       		.uleb128 0x13
 1259 005b 00       		.byte	0
 1260 005c 00       		.byte	0
 1261 005d 08       		.uleb128 0x8
 1262 005e 34       		.uleb128 0x34
 1263 005f 00       		.byte	0
 1264 0060 03       		.uleb128 0x3
 1265 0061 0E       		.uleb128 0xe
 1266 0062 3A       		.uleb128 0x3a
 1267 0063 0B       		.uleb128 0xb
 1268 0064 3B       		.uleb128 0x3b
 1269 0065 0B       		.uleb128 0xb
 1270 0066 49       		.uleb128 0x49
 1271 0067 13       		.uleb128 0x13
 1272 0068 00       		.byte	0
 1273 0069 00       		.byte	0
 1274 006a 09       		.uleb128 0x9
 1275 006b 2E       		.uleb128 0x2e
 1276 006c 00       		.byte	0
 1277 006d 3F       		.uleb128 0x3f
 1278 006e 19       		.uleb128 0x19
 1279 006f 03       		.uleb128 0x3
 1280 0070 0E       		.uleb128 0xe
 1281 0071 3A       		.uleb128 0x3a
 1282 0072 0B       		.uleb128 0xb
 1283 0073 3B       		.uleb128 0x3b
 1284 0074 0B       		.uleb128 0xb
ARM GAS  C:\Users\elias\AppData\Local\Temp\ccXf2KJY.s 			page 50


 1285 0075 27       		.uleb128 0x27
 1286 0076 19       		.uleb128 0x19
 1287 0077 20       		.uleb128 0x20
 1288 0078 0B       		.uleb128 0xb
 1289 0079 00       		.byte	0
 1290 007a 00       		.byte	0
 1291 007b 0A       		.uleb128 0xa
 1292 007c 01       		.uleb128 0x1
 1293 007d 01       		.byte	0x1
 1294 007e 49       		.uleb128 0x49
 1295 007f 13       		.uleb128 0x13
 1296 0080 01       		.uleb128 0x1
 1297 0081 13       		.uleb128 0x13
 1298 0082 00       		.byte	0
 1299 0083 00       		.byte	0
 1300 0084 0B       		.uleb128 0xb
 1301 0085 21       		.uleb128 0x21
 1302 0086 00       		.byte	0
 1303 0087 49       		.uleb128 0x49
 1304 0088 13       		.uleb128 0x13
 1305 0089 2F       		.uleb128 0x2f
 1306 008a 0B       		.uleb128 0xb
 1307 008b 00       		.byte	0
 1308 008c 00       		.byte	0
 1309 008d 0C       		.uleb128 0xc
 1310 008e 26       		.uleb128 0x26
 1311 008f 00       		.byte	0
 1312 0090 49       		.uleb128 0x49
 1313 0091 13       		.uleb128 0x13
 1314 0092 00       		.byte	0
 1315 0093 00       		.byte	0
 1316 0094 0D       		.uleb128 0xd
 1317 0095 2E       		.uleb128 0x2e
 1318 0096 01       		.byte	0x1
 1319 0097 31       		.uleb128 0x31
 1320 0098 13       		.uleb128 0x13
 1321 0099 11       		.uleb128 0x11
 1322 009a 01       		.uleb128 0x1
 1323 009b 12       		.uleb128 0x12
 1324 009c 06       		.uleb128 0x6
 1325 009d 40       		.uleb128 0x40
 1326 009e 18       		.uleb128 0x18
 1327 009f 9742     		.uleb128 0x2117
 1328 00a1 19       		.uleb128 0x19
 1329 00a2 01       		.uleb128 0x1
 1330 00a3 13       		.uleb128 0x13
 1331 00a4 00       		.byte	0
 1332 00a5 00       		.byte	0
 1333 00a6 0E       		.uleb128 0xe
 1334 00a7 1D       		.uleb128 0x1d
 1335 00a8 01       		.byte	0x1
 1336 00a9 31       		.uleb128 0x31
 1337 00aa 13       		.uleb128 0x13
 1338 00ab 11       		.uleb128 0x11
 1339 00ac 01       		.uleb128 0x1
 1340 00ad 12       		.uleb128 0x12
 1341 00ae 06       		.uleb128 0x6
ARM GAS  C:\Users\elias\AppData\Local\Temp\ccXf2KJY.s 			page 51


 1342 00af 58       		.uleb128 0x58
 1343 00b0 0B       		.uleb128 0xb
 1344 00b1 59       		.uleb128 0x59
 1345 00b2 0B       		.uleb128 0xb
 1346 00b3 01       		.uleb128 0x1
 1347 00b4 13       		.uleb128 0x13
 1348 00b5 00       		.byte	0
 1349 00b6 00       		.byte	0
 1350 00b7 0F       		.uleb128 0xf
 1351 00b8 05       		.uleb128 0x5
 1352 00b9 00       		.byte	0
 1353 00ba 31       		.uleb128 0x31
 1354 00bb 13       		.uleb128 0x13
 1355 00bc 02       		.uleb128 0x2
 1356 00bd 17       		.uleb128 0x17
 1357 00be 00       		.byte	0
 1358 00bf 00       		.byte	0
 1359 00c0 10       		.uleb128 0x10
 1360 00c1 0B       		.uleb128 0xb
 1361 00c2 01       		.byte	0x1
 1362 00c3 11       		.uleb128 0x11
 1363 00c4 01       		.uleb128 0x1
 1364 00c5 12       		.uleb128 0x12
 1365 00c6 06       		.uleb128 0x6
 1366 00c7 00       		.byte	0
 1367 00c8 00       		.byte	0
 1368 00c9 11       		.uleb128 0x11
 1369 00ca 34       		.uleb128 0x34
 1370 00cb 00       		.byte	0
 1371 00cc 31       		.uleb128 0x31
 1372 00cd 13       		.uleb128 0x13
 1373 00ce 02       		.uleb128 0x2
 1374 00cf 17       		.uleb128 0x17
 1375 00d0 00       		.byte	0
 1376 00d1 00       		.byte	0
 1377 00d2 12       		.uleb128 0x12
 1378 00d3 1D       		.uleb128 0x1d
 1379 00d4 01       		.byte	0x1
 1380 00d5 31       		.uleb128 0x31
 1381 00d6 13       		.uleb128 0x13
 1382 00d7 11       		.uleb128 0x11
 1383 00d8 01       		.uleb128 0x1
 1384 00d9 12       		.uleb128 0x12
 1385 00da 06       		.uleb128 0x6
 1386 00db 58       		.uleb128 0x58
 1387 00dc 0B       		.uleb128 0xb
 1388 00dd 59       		.uleb128 0x59
 1389 00de 0B       		.uleb128 0xb
 1390 00df 00       		.byte	0
 1391 00e0 00       		.byte	0
 1392 00e1 13       		.uleb128 0x13
 1393 00e2 2E       		.uleb128 0x2e
 1394 00e3 00       		.byte	0
 1395 00e4 31       		.uleb128 0x31
 1396 00e5 13       		.uleb128 0x13
 1397 00e6 11       		.uleb128 0x11
 1398 00e7 01       		.uleb128 0x1
ARM GAS  C:\Users\elias\AppData\Local\Temp\ccXf2KJY.s 			page 52


 1399 00e8 12       		.uleb128 0x12
 1400 00e9 06       		.uleb128 0x6
 1401 00ea 40       		.uleb128 0x40
 1402 00eb 18       		.uleb128 0x18
 1403 00ec 9742     		.uleb128 0x2117
 1404 00ee 19       		.uleb128 0x19
 1405 00ef 00       		.byte	0
 1406 00f0 00       		.byte	0
 1407 00f1 14       		.uleb128 0x14
 1408 00f2 2E       		.uleb128 0x2e
 1409 00f3 01       		.byte	0x1
 1410 00f4 3F       		.uleb128 0x3f
 1411 00f5 19       		.uleb128 0x19
 1412 00f6 03       		.uleb128 0x3
 1413 00f7 0E       		.uleb128 0xe
 1414 00f8 3A       		.uleb128 0x3a
 1415 00f9 0B       		.uleb128 0xb
 1416 00fa 3B       		.uleb128 0x3b
 1417 00fb 0B       		.uleb128 0xb
 1418 00fc 27       		.uleb128 0x27
 1419 00fd 19       		.uleb128 0x19
 1420 00fe 11       		.uleb128 0x11
 1421 00ff 01       		.uleb128 0x1
 1422 0100 12       		.uleb128 0x12
 1423 0101 06       		.uleb128 0x6
 1424 0102 40       		.uleb128 0x40
 1425 0103 18       		.uleb128 0x18
 1426 0104 9742     		.uleb128 0x2117
 1427 0106 19       		.uleb128 0x19
 1428 0107 01       		.uleb128 0x1
 1429 0108 13       		.uleb128 0x13
 1430 0109 00       		.byte	0
 1431 010a 00       		.byte	0
 1432 010b 15       		.uleb128 0x15
 1433 010c 1D       		.uleb128 0x1d
 1434 010d 01       		.byte	0x1
 1435 010e 31       		.uleb128 0x31
 1436 010f 13       		.uleb128 0x13
 1437 0110 52       		.uleb128 0x52
 1438 0111 01       		.uleb128 0x1
 1439 0112 55       		.uleb128 0x55
 1440 0113 17       		.uleb128 0x17
 1441 0114 58       		.uleb128 0x58
 1442 0115 0B       		.uleb128 0xb
 1443 0116 59       		.uleb128 0x59
 1444 0117 0B       		.uleb128 0xb
 1445 0118 01       		.uleb128 0x1
 1446 0119 13       		.uleb128 0x13
 1447 011a 00       		.byte	0
 1448 011b 00       		.byte	0
 1449 011c 16       		.uleb128 0x16
 1450 011d 0B       		.uleb128 0xb
 1451 011e 01       		.byte	0x1
 1452 011f 55       		.uleb128 0x55
 1453 0120 17       		.uleb128 0x17
 1454 0121 00       		.byte	0
 1455 0122 00       		.byte	0
ARM GAS  C:\Users\elias\AppData\Local\Temp\ccXf2KJY.s 			page 53


 1456 0123 17       		.uleb128 0x17
 1457 0124 1D       		.uleb128 0x1d
 1458 0125 00       		.byte	0
 1459 0126 31       		.uleb128 0x31
 1460 0127 13       		.uleb128 0x13
 1461 0128 11       		.uleb128 0x11
 1462 0129 01       		.uleb128 0x1
 1463 012a 12       		.uleb128 0x12
 1464 012b 06       		.uleb128 0x6
 1465 012c 58       		.uleb128 0x58
 1466 012d 0B       		.uleb128 0xb
 1467 012e 59       		.uleb128 0x59
 1468 012f 0B       		.uleb128 0xb
 1469 0130 00       		.byte	0
 1470 0131 00       		.byte	0
 1471 0132 18       		.uleb128 0x18
 1472 0133 2E       		.uleb128 0x2e
 1473 0134 00       		.byte	0
 1474 0135 3F       		.uleb128 0x3f
 1475 0136 19       		.uleb128 0x19
 1476 0137 03       		.uleb128 0x3
 1477 0138 0E       		.uleb128 0xe
 1478 0139 3A       		.uleb128 0x3a
 1479 013a 0B       		.uleb128 0xb
 1480 013b 3B       		.uleb128 0x3b
 1481 013c 0B       		.uleb128 0xb
 1482 013d 27       		.uleb128 0x27
 1483 013e 19       		.uleb128 0x19
 1484 013f 11       		.uleb128 0x11
 1485 0140 01       		.uleb128 0x1
 1486 0141 12       		.uleb128 0x12
 1487 0142 06       		.uleb128 0x6
 1488 0143 40       		.uleb128 0x40
 1489 0144 18       		.uleb128 0x18
 1490 0145 9742     		.uleb128 0x2117
 1491 0147 19       		.uleb128 0x19
 1492 0148 00       		.byte	0
 1493 0149 00       		.byte	0
 1494 014a 19       		.uleb128 0x19
 1495 014b 34       		.uleb128 0x34
 1496 014c 00       		.byte	0
 1497 014d 31       		.uleb128 0x31
 1498 014e 13       		.uleb128 0x13
 1499 014f 02       		.uleb128 0x2
 1500 0150 18       		.uleb128 0x18
 1501 0151 00       		.byte	0
 1502 0152 00       		.byte	0
 1503 0153 1A       		.uleb128 0x1a
 1504 0154 34       		.uleb128 0x34
 1505 0155 00       		.byte	0
 1506 0156 03       		.uleb128 0x3
 1507 0157 0E       		.uleb128 0xe
 1508 0158 3A       		.uleb128 0x3a
 1509 0159 0B       		.uleb128 0xb
 1510 015a 3B       		.uleb128 0x3b
 1511 015b 0B       		.uleb128 0xb
 1512 015c 49       		.uleb128 0x49
ARM GAS  C:\Users\elias\AppData\Local\Temp\ccXf2KJY.s 			page 54


 1513 015d 13       		.uleb128 0x13
 1514 015e 3F       		.uleb128 0x3f
 1515 015f 19       		.uleb128 0x19
 1516 0160 02       		.uleb128 0x2
 1517 0161 18       		.uleb128 0x18
 1518 0162 00       		.byte	0
 1519 0163 00       		.byte	0
 1520 0164 00       		.byte	0
 1521              		.section	.debug_loc,"",%progbits
 1522              	.Ldebug_loc0:
 1523              	.LLST0:
 1524 0000 14000000 		.4byte	.LVL0
 1525 0004 36000000 		.4byte	.LVL1
 1526 0008 0200     		.2byte	0x2
 1527 000a 31       		.byte	0x31
 1528 000b 9F       		.byte	0x9f
 1529 000c 00000000 		.4byte	0
 1530 0010 00000000 		.4byte	0
 1531              	.LLST1:
 1532 0014 14000000 		.4byte	.LVL0
 1533 0018 36000000 		.4byte	.LVL1
 1534 001c 0800     		.2byte	0x8
 1535 001e 93       		.byte	0x93
 1536 001f 01       		.uleb128 0x1
 1537 0020 41       		.byte	0x41
 1538 0021 9F       		.byte	0x9f
 1539 0022 93       		.byte	0x93
 1540 0023 01       		.uleb128 0x1
 1541 0024 93       		.byte	0x93
 1542 0025 07       		.uleb128 0x7
 1543 0026 00000000 		.4byte	0
 1544 002a 00000000 		.4byte	0
 1545              	.LLST2:
 1546 002e 14000000 		.4byte	.LVL0
 1547 0032 36000000 		.4byte	.LVL1
 1548 0036 0800     		.2byte	0x8
 1549 0038 93       		.byte	0x93
 1550 0039 01       		.uleb128 0x1
 1551 003a 39       		.byte	0x39
 1552 003b 9F       		.byte	0x9f
 1553 003c 93       		.byte	0x93
 1554 003d 01       		.uleb128 0x1
 1555 003e 93       		.byte	0x93
 1556 003f 07       		.uleb128 0x7
 1557 0040 00000000 		.4byte	0
 1558 0044 00000000 		.4byte	0
 1559              	.LLST3:
 1560 0048 36000000 		.4byte	.LVL1
 1561 004c 42000000 		.4byte	.LVL4
 1562 0050 0200     		.2byte	0x2
 1563 0052 33       		.byte	0x33
 1564 0053 9F       		.byte	0x9f
 1565 0054 00000000 		.4byte	0
 1566 0058 00000000 		.4byte	0
 1567              	.LLST4:
 1568 005c 3C000000 		.4byte	.LVL2
 1569 0060 42000000 		.4byte	.LVL4
ARM GAS  C:\Users\elias\AppData\Local\Temp\ccXf2KJY.s 			page 55


 1570 0064 0100     		.2byte	0x1
 1571 0066 52       		.byte	0x52
 1572 0067 00000000 		.4byte	0
 1573 006b 00000000 		.4byte	0
 1574              	.LLST5:
 1575 006f 1A000000 		.4byte	.LVL5
 1576 0073 3E000000 		.4byte	.LVL6
 1577 0077 0200     		.2byte	0x2
 1578 0079 31       		.byte	0x31
 1579 007a 9F       		.byte	0x9f
 1580 007b 00000000 		.4byte	0
 1581 007f 00000000 		.4byte	0
 1582              	.LLST6:
 1583 0083 1A000000 		.4byte	.LVL5
 1584 0087 3E000000 		.4byte	.LVL6
 1585 008b 0800     		.2byte	0x8
 1586 008d 93       		.byte	0x93
 1587 008e 01       		.uleb128 0x1
 1588 008f 41       		.byte	0x41
 1589 0090 9F       		.byte	0x9f
 1590 0091 93       		.byte	0x93
 1591 0092 01       		.uleb128 0x1
 1592 0093 93       		.byte	0x93
 1593 0094 07       		.uleb128 0x7
 1594 0095 00000000 		.4byte	0
 1595 0099 00000000 		.4byte	0
 1596              	.LLST7:
 1597 009d 1A000000 		.4byte	.LVL5
 1598 00a1 3E000000 		.4byte	.LVL6
 1599 00a5 0800     		.2byte	0x8
 1600 00a7 93       		.byte	0x93
 1601 00a8 01       		.uleb128 0x1
 1602 00a9 39       		.byte	0x39
 1603 00aa 9F       		.byte	0x9f
 1604 00ab 93       		.byte	0x93
 1605 00ac 01       		.uleb128 0x1
 1606 00ad 93       		.byte	0x93
 1607 00ae 07       		.uleb128 0x7
 1608 00af 00000000 		.4byte	0
 1609 00b3 00000000 		.4byte	0
 1610              	.LLST8:
 1611 00b7 3E000000 		.4byte	.LVL6
 1612 00bb 4A000000 		.4byte	.LVL9
 1613 00bf 0200     		.2byte	0x2
 1614 00c1 33       		.byte	0x33
 1615 00c2 9F       		.byte	0x9f
 1616 00c3 00000000 		.4byte	0
 1617 00c7 00000000 		.4byte	0
 1618              	.LLST9:
 1619 00cb 44000000 		.4byte	.LVL7
 1620 00cf 4A000000 		.4byte	.LVL9
 1621 00d3 0100     		.2byte	0x1
 1622 00d5 51       		.byte	0x51
 1623 00d6 00000000 		.4byte	0
 1624 00da 00000000 		.4byte	0
 1625              	.LLST10:
 1626 00de 00000000 		.4byte	.LVL10
ARM GAS  C:\Users\elias\AppData\Local\Temp\ccXf2KJY.s 			page 56


 1627 00e2 06000000 		.4byte	.LVL11
 1628 00e6 0100     		.2byte	0x1
 1629 00e8 50       		.byte	0x50
 1630 00e9 06000000 		.4byte	.LVL11
 1631 00ed 18000000 		.4byte	.LFE4
 1632 00f1 0400     		.2byte	0x4
 1633 00f3 F3       		.byte	0xf3
 1634 00f4 01       		.uleb128 0x1
 1635 00f5 50       		.byte	0x50
 1636 00f6 9F       		.byte	0x9f
 1637 00f7 00000000 		.4byte	0
 1638 00fb 00000000 		.4byte	0
 1639              	.LLST11:
 1640 00ff 0C000000 		.4byte	.LVL12
 1641 0103 0E000000 		.4byte	.LVL13
 1642 0107 0100     		.2byte	0x1
 1643 0109 53       		.byte	0x53
 1644 010a 0E000000 		.4byte	.LVL13
 1645 010e 18000000 		.4byte	.LFE4
 1646 0112 0100     		.2byte	0x1
 1647 0114 50       		.byte	0x50
 1648 0115 00000000 		.4byte	0
 1649 0119 00000000 		.4byte	0
 1650              	.LLST12:
 1651 011d 00000000 		.4byte	.LVL14
 1652 0121 10000000 		.4byte	.LVL15
 1653 0125 0100     		.2byte	0x1
 1654 0127 50       		.byte	0x50
 1655 0128 10000000 		.4byte	.LVL15
 1656 012c 78000000 		.4byte	.LFE5
 1657 0130 0400     		.2byte	0x4
 1658 0132 F3       		.byte	0xf3
 1659 0133 01       		.uleb128 0x1
 1660 0134 50       		.byte	0x50
 1661 0135 9F       		.byte	0x9f
 1662 0136 00000000 		.4byte	0
 1663 013a 00000000 		.4byte	0
 1664              		.section	.debug_aranges,"",%progbits
 1665 0000 44000000 		.4byte	0x44
 1666 0004 0200     		.2byte	0x2
 1667 0006 00000000 		.4byte	.Ldebug_info0
 1668 000a 04       		.byte	0x4
 1669 000b 00       		.byte	0
 1670 000c 0000     		.2byte	0
 1671 000e 0000     		.2byte	0
 1672 0010 00000000 		.4byte	.LFB0
 1673 0014 4C000000 		.4byte	.LFE0-.LFB0
 1674 0018 00000000 		.4byte	.LFB1
 1675 001c 2C000000 		.4byte	.LFE1-.LFB1
 1676 0020 00000000 		.4byte	.LFB2
 1677 0024 88000000 		.4byte	.LFE2-.LFB2
 1678 0028 00000000 		.4byte	.LFB3
 1679 002c 20000000 		.4byte	.LFE3-.LFB3
 1680 0030 00000000 		.4byte	.LFB4
 1681 0034 18000000 		.4byte	.LFE4-.LFB4
 1682 0038 00000000 		.4byte	.LFB5
 1683 003c 78000000 		.4byte	.LFE5-.LFB5
ARM GAS  C:\Users\elias\AppData\Local\Temp\ccXf2KJY.s 			page 57


 1684 0040 00000000 		.4byte	0
 1685 0044 00000000 		.4byte	0
 1686              		.section	.debug_ranges,"",%progbits
 1687              	.Ldebug_ranges0:
 1688 0000 08000000 		.4byte	.LBB24
 1689 0004 1C000000 		.4byte	.LBE24
 1690 0008 1E000000 		.4byte	.LBB33
 1691 000c 4A000000 		.4byte	.LBE33
 1692 0010 00000000 		.4byte	0
 1693 0014 00000000 		.4byte	0
 1694 0018 1A000000 		.4byte	.LBB26
 1695 001c 1C000000 		.4byte	.LBE26
 1696 0020 1E000000 		.4byte	.LBB29
 1697 0024 3E000000 		.4byte	.LBE29
 1698 0028 00000000 		.4byte	0
 1699 002c 00000000 		.4byte	0
 1700 0030 00000000 		.4byte	.LFB0
 1701 0034 4C000000 		.4byte	.LFE0
 1702 0038 00000000 		.4byte	.LFB1
 1703 003c 2C000000 		.4byte	.LFE1
 1704 0040 00000000 		.4byte	.LFB2
 1705 0044 88000000 		.4byte	.LFE2
 1706 0048 00000000 		.4byte	.LFB3
 1707 004c 20000000 		.4byte	.LFE3
 1708 0050 00000000 		.4byte	.LFB4
 1709 0054 18000000 		.4byte	.LFE4
 1710 0058 00000000 		.4byte	.LFB5
 1711 005c 78000000 		.4byte	.LFE5
 1712 0060 00000000 		.4byte	0
 1713 0064 00000000 		.4byte	0
 1714              		.section	.debug_line,"",%progbits
 1715              	.Ldebug_line0:
 1716 0000 2B010000 		.section	.debug_str,"MS",%progbits,1
 1716      02004100 
 1716      00000201 
 1716      FB0E0D00 
 1716      01010101 
 1717              	.LASF20:
 1718 0000 746D7043 		.ascii	"tmpCR\000"
 1718      5200
 1719              	.LASF16:
 1720 0006 5047416E 		.ascii	"PGAn_SetPower\000"
 1720      5F536574 
 1720      506F7765 
 1720      7200
 1721              	.LASF3:
 1722 0014 73686F72 		.ascii	"short unsigned int\000"
 1722      7420756E 
 1722      7369676E 
 1722      65642069 
 1722      6E7400
 1723              	.LASF19:
 1724 0027 6761696E 		.ascii	"gain\000"
 1724      00
 1725              	.LASF9:
 1726 002c 666C6F61 		.ascii	"float\000"
 1726      7400
ARM GAS  C:\Users\elias\AppData\Local\Temp\ccXf2KJY.s 			page 58


 1727              	.LASF29:
 1728 0032 5047416E 		.ascii	"PGAn_Stop\000"
 1728      5F53746F 
 1728      7000
 1729              	.LASF1:
 1730 003c 756E7369 		.ascii	"unsigned char\000"
 1730      676E6564 
 1730      20636861 
 1730      7200
 1731              	.LASF25:
 1732 004a 474E5520 		.ascii	"GNU C11 5.4.1 20160609 (release) [ARM/embedded-5-br"
 1732      43313120 
 1732      352E342E 
 1732      31203230 
 1732      31363036 
 1733 007d 616E6368 		.ascii	"anch revision 237715] -mcpu=cortex-m3 -mthumb -g -O"
 1733      20726576 
 1733      6973696F 
 1733      6E203233 
 1733      37373135 
 1734 00b0 33202D66 		.ascii	"3 -ffunction-sections -ffat-lto-objects -finline-fu"
 1734      66756E63 
 1734      74696F6E 
 1734      2D736563 
 1734      74696F6E 
 1735 00e3 6E637469 		.ascii	"nctions -flto\000"
 1735      6F6E7320 
 1735      2D666C74 
 1735      6F00
 1736              	.LASF5:
 1737 00f1 6C6F6E67 		.ascii	"long unsigned int\000"
 1737      20756E73 
 1737      69676E65 
 1737      6420696E 
 1737      7400
 1738              	.LASF27:
 1739 0103 433A5C47 		.ascii	"C:\\Github\\Tesis\\src\\psoc\\AcondicionamientoAnal"
 1739      69746875 
 1739      625C5465 
 1739      7369735C 
 1739      7372635C 
 1740 0131 6F676963 		.ascii	"ogico.cydsn\000"
 1740      6F2E6379 
 1740      64736E00 
 1741              	.LASF12:
 1742 013d 75696E74 		.ascii	"uint8\000"
 1742      3800
 1743              	.LASF30:
 1744 0143 5047416E 		.ascii	"PGAn_initVar\000"
 1744      5F696E69 
 1744      74566172 
 1744      00
 1745              	.LASF10:
 1746 0150 646F7562 		.ascii	"double\000"
 1746      6C6500
 1747              	.LASF2:
 1748 0157 73686F72 		.ascii	"short int\000"
ARM GAS  C:\Users\elias\AppData\Local\Temp\ccXf2KJY.s 			page 59


 1748      7420696E 
 1748      7400
 1749              	.LASF23:
 1750 0161 5047416E 		.ascii	"PGAn_Enable\000"
 1750      5F456E61 
 1750      626C6500 
 1751              	.LASF8:
 1752 016d 756E7369 		.ascii	"unsigned int\000"
 1752      676E6564 
 1752      20696E74 
 1752      00
 1753              	.LASF7:
 1754 017a 6C6F6E67 		.ascii	"long long unsigned int\000"
 1754      206C6F6E 
 1754      6720756E 
 1754      7369676E 
 1754      65642069 
 1755              	.LASF21:
 1756 0191 5047416E 		.ascii	"PGAn_GainArray\000"
 1756      5F476169 
 1756      6E417272 
 1756      617900
 1757              	.LASF13:
 1758 01a0 72656738 		.ascii	"reg8\000"
 1758      00
 1759              	.LASF26:
 1760 01a5 47656E65 		.ascii	"Generated_Source\\PSoC5\\PGAn.c\000"
 1760      72617465 
 1760      645F536F 
 1760      75726365 
 1760      5C50536F 
 1761              	.LASF15:
 1762 01c3 73697A65 		.ascii	"sizetype\000"
 1762      74797065 
 1762      00
 1763              	.LASF18:
 1764 01cc 706F7765 		.ascii	"power\000"
 1764      7200
 1765              	.LASF6:
 1766 01d2 6C6F6E67 		.ascii	"long long int\000"
 1766      206C6F6E 
 1766      6720696E 
 1766      7400
 1767              	.LASF11:
 1768 01e0 63686172 		.ascii	"char\000"
 1768      00
 1769              	.LASF17:
 1770 01e5 5047416E 		.ascii	"PGAn_SetGain\000"
 1770      5F536574 
 1770      4761696E 
 1770      00
 1771              	.LASF28:
 1772 01f2 5047416E 		.ascii	"PGAn_Start\000"
 1772      5F537461 
 1772      727400
 1773              	.LASF4:
 1774 01fd 6C6F6E67 		.ascii	"long int\000"
ARM GAS  C:\Users\elias\AppData\Local\Temp\ccXf2KJY.s 			page 60


 1774      20696E74 
 1774      00
 1775              	.LASF14:
 1776 0206 6C6F6E67 		.ascii	"long double\000"
 1776      20646F75 
 1776      626C6500 
 1777              	.LASF0:
 1778 0212 7369676E 		.ascii	"signed char\000"
 1778      65642063 
 1778      68617200 
 1779              	.LASF22:
 1780 021e 5047416E 		.ascii	"PGAn_GainComp\000"
 1780      5F476169 
 1780      6E436F6D 
 1780      7000
 1781              	.LASF24:
 1782 022c 5047416E 		.ascii	"PGAn_Init\000"
 1782      5F496E69 
 1782      7400
 1783              		.comm	__gnu_lto_v1,1,1
 1784              		.ident	"GCC: (GNU Tools for ARM Embedded Processors) 5.4.1 20160609 (release) [ARM/embedded-5-bran
