ARM GAS  C:\Users\elias\AppData\Local\Temp\ccx36qkX.s 			page 1


   1              		.syntax unified
   2              		.cpu cortex-m3
   3              		.fpu softvfp
   4              		.eabi_attribute 20, 1
   5              		.eabi_attribute 21, 1
   6              		.eabi_attribute 23, 3
   7              		.eabi_attribute 24, 1
   8              		.eabi_attribute 25, 1
   9              		.eabi_attribute 26, 1
  10              		.eabi_attribute 30, 2
  11              		.eabi_attribute 34, 1
  12              		.eabi_attribute 18, 4
  13              		.thumb
  14              		.syntax unified
  15              		.file	"psoc_nv.c"
  16              		.text
  17              	.Ltext0:
  18              		.section	.gnu.lto_.profile.3d369fbe,"",%progbits
  19 0000 789C6361 		.ascii	"x\234ca`d`c`\000\222o\031[\030\001\005T\001\200"
  19      60646063 
  19      6000926F 
  19      195B1801 
  19      05540180 
  20              		.text
  21              		.section	.gnu.lto_.icf.3d369fbe,"",%progbits
  22 0000 789C6361 		.ascii	"x\234ca`d\000\0015\006\004`c\370\360r\362\035&\306\257"
  22      60640001 
  22      35060460 
  22      63F8F072 
  22      F21D26C6 
  23 0015 D3172C62 		.ascii	"\323\027,bd\272\267\367\352t^\346I\335G\016q\263\200"
  23      64BAB7F7 
  23      EA745EE6 
  23      49DD470E 
  23      71B380
  24 0028 D9AC6036 		.ascii	"\331\254`6\003\000j.\021\336"
  24      03006A2E 
  24      11DE
  25              		.text
  26              		.section	.gnu.lto_.jmpfuncs.3d369fbe,"",%progbits
  27 0000 789C7D8B 		.ascii	"x\234}\213\271\021\2000\014\004\357\316\302dT@\243\216"
  27      B9118030 
  27      0C04EFCE 
  27      C2645440 
  27      A38E
  28 0012 3C04D442 		.ascii	"<\004\324B\007TC\031\244f@\230'\002\005\322\214v\327"
  28      07544319 
  28      A4664098 
  28      270205D2 
  28      8C76D7
  29 0025 40F8CC78 		.ascii	"@\370\314x'\"\220ls\316\006\320\300\"\226e\330\264j"
  29      2722906C 
  29      73CE06D0 
  29      C0229665 
  29      D8B46A
  30 0038 0C60C789 		.ascii	"\014`\307\211\375\241U\250\344\011\357B\017`\325t\223"
  30      FDA155A8 
ARM GAS  C:\Users\elias\AppData\Local\Temp\ccx36qkX.s 			page 2


  30      E409EF42 
  30      0F60D574 
  30      93
  31 0049 584D25D2 		.ascii	"XM%\322\267\213A\3640\236\357\013\372\261\237\246\371"
  31      B78B41F4 
  31      309EEF0B 
  31      FAB19FA6 
  31      F9
  32 005a 68B0030D 		.ascii	"h\260\003\015\020\024\006"
  32      101406
  33              		.text
  34              		.section	.gnu.lto_.inline.3d369fbe,"",%progbits
  35 0000 789CA58F 		.ascii	"x\234\245\217=n\302@\020\205\337\233]\233\225\003\216"
  35      3D6EC240 
  35      1085DF9B 
  35      5D9B9503 
  35      8E
  36 0011 A3545190 		.ascii	"\243TQ\220\342\212\023P#N\340k\200\302%h\220\"\012\344"
  36      E28A1350 
  36      234EE06B 
  36      80C22568 
  36      90220AE4 
  37 0025 2A89A8E8 		.ascii	"*\211\250\350\022naq\001\350\340 T\221\"\261\263\306"
  37      126E6171 
  37      01E8E020 
  37      549122B1 
  37      B3C6
  38 0037 9450302B 		.ascii	"\224P0+\355\214\346\315\3177\026\204\332W\355\202\305"
  38      ED8CE6CD 
  38      CF371684 
  38      DA57ED82 
  38      C5
  39 0048 C87A4B92 		.ascii	"\310zK\222\342|R\372\325w\212x\365&\260^\263\035\237"
  39      E27C52FA 
  39      D5778A78 
  39      F526B05E 
  39      B31D9F
  40 005b 02985CE2 		.ascii	"\002\230\\\342\262`\326_\012\005\241\\?[T\333\244\356"
  40      B260D65F 
  40      0A05A15C 
  40      3F5B54DB 
  40      A4EE
  41 006d 91DDA385 		.ascii	"\221\335\243\205\265\016\3167\2306\301\2628\317\020"
  41      B50ECE37 
  41      9836C1B2 
  41      38CF10
  42 007c 3CA56CC1 		.ascii	"<\245l\301\215\376\205\363\277\375\302\035efH\307\037"
  42      8DFE85F3 
  42      BFFDC21D 
  42      656648C7 
  42      1F
  43 008d 7601370E 		.ascii	"v\0017\016\236\371\273\227?g\233mKe\361\003~Cz\022|"
  43      9EF9BB97 
  43      3F679B6D 
  43      4B65F103 
  43      7E437A12 
  44 00a2 D8C9BC59 		.ascii	"\330\311\274Y\034)\275\256u\325`\010\373\361<%\342\303"
ARM GAS  C:\Users\elias\AppData\Local\Temp\ccx36qkX.s 			page 3


  44      1C29BDAE 
  44      75D56008 
  44      FBF13C25 
  44      E2C3
  45 00b4 CB5472BD 		.ascii	"\313Tr\275+J\221\303\224\205>\203\344\225JQ\327\327"
  45      2B4A91C3 
  45      94853E83 
  45      E4954A51 
  45      D7D7
  46 00c6 6A23CA83 		.ascii	"j#\312\203^\327\340]\3431\236g}\346Y\337\303\023\335"
  46      5ED7E05D 
  46      E3319E67 
  46      7DE659DF 
  46      C313DD
  47 00d9 E4C109C3 		.ascii	"\344\301\011\303\265;\363"
  47      B53BF3
  48              		.text
  49              		.section	.gnu.lto_.pureconst.3d369fbe,"",%progbits
  50 0000 789C6361 		.ascii	"x\234ca`d\340e```c\220d\224b\222`\226`\221`\225\000"
  50      6064E065 
  50      60606063 
  50      90649462 
  50      92609660 
  51 0018 00056A00 		.ascii	"\000\005j\000\273"
  51      BB
  52              		.text
  53              		.section	.gnu.lto_psoc_nv_save_for_gain.part.0.3d369fbe,"",%progbits
  54 0000 789C7D56 		.ascii	"x\234}V\353O\024W\024\277g\356\356\314\354\314>x\010"
  54      EB4F1457 
  54      14BF67EE 
  54      EECCECCC 
  54      3E7808
  55 0013 A8A1D62F 		.ascii	"\250\241\326/\306\332\232VBLm\2326\375\033\332\257m"
  55      C6DA9A56 
  55      424C6D9A 
  55      36FD1BDA 
  55      AF6D
  56 0025 0845D398 		.ascii	"\010E\323\230R\261\332\332O\015\003\313\"*&\306(>\212"
  56      52B1DADA 
  56      4F0D03CB 
  56      222A26C6 
  56      283E8A
  57 0038 A15679F8 		.ascii	"\241Vy\370B\020\221\202(#\002\362V|\024+\024\025_\215"
  57      42109182 
  57      282302F2 
  57      567C142B 
  57      14155F8D 
  58 004c B1295090 		.ascii	"\261)P\220\242\302\366\234{\207\225\202q\222\2753\347"
  58      A2C2F69C 
  58      7B879582 
  58      7192BD33 
  58      E7
  59 005d CEF9FDEE 		.ascii	"\316\371\375\3569\347\376\316\235u1`tuy\030\373\010"
  59      39E7FECE 
  59      9D753160 
  59      74757918 
  59      FB08
ARM GAS  C:\Users\elias\AppData\Local\Temp\ccx36qkX.s 			page 4


  60 006f EFA7F007 		.ascii	"\357\247\360\007>\006\336\035\335\370\340\005E\334\025"
  60      3E06DE1D 
  60      DDF8E005 
  60      45DC15
  61 007e 70893B97 		.ascii	"p\211;\227\367\013\272K\341Mm\214Y\206\273\323\305,"
  61      F70BBA4B 
  61      E14D6D8C 
  61      5986BBD3 
  61      C52C
  62 0090 AF1B349A 		.ascii	"\257\0334\232\317\322U\371pA\327\024\275\273\235\034"
  62      CFD255F9 
  62      7041D714 
  62      BDBB9D1C 
  63 00a0 3C8D1C1D 		.ascii	"<\215\034\035tE\265?&\353J\000-\217b\326/B\313\270\376"
  63      7445B53F 
  63      26EB4A00 
  63      2D8F62D6 
  63      2F42CBB8 
  64 00b5 1E5A0698 		.ascii	"\036Z\006\230\022l\002\320\203\245\003\313\364*\334"
  64      126C02D0 
  64      83A503CB 
  64      F42ADC
  65 00c4 E55635DD 		.ascii	"\345V5\335c\230\220\3115\006\266\013\\b\240h]\302\216"
  65      639890C9 
  65      3506B60B 
  65      5C62A068 
  65      5DC28E
  66 00d7 1203D963 		.ascii	"\022\003\331c\312\244\002\035\343\255\371\306\262R\313"
  66      CAA4021D 
  66      E3ADF9C6 
  66      B252CB
  67 00e6 CAB6EE3C 		.ascii	"\312\266\356<\350\340{\312l\010q\306\302\012\203\344"
  67      E8E07BCA 
  67      6C0871C6 
  67      C20A83E4 
  68 00f6 44589148 		.ascii	"DX\221H\231\225\3022\364<\3321\370\223\306}\300\360"
  68      9995C232 
  68      F43CDA31 
  68      F893C67D 
  68      C0F0
  69 0108 B9E779EE 		.ascii	"\271\347y\356\023\317\322bBY{\276\2608B\240\014\370"
  69      13CFD262 
  69      42597BBE 
  69      B03842A0 
  69      0CF8
  70 011a 4B1471C0 		.ascii	"K\024q\300\021XJ\2769\025\205|T\011q\000\027\232\303"
  70      11584ABE 
  70      3915857C 
  70      54097100 
  70      179AC3
  71 012d 5DFBEFF9 		.ascii	"]\373\357\371\311T`1\232e\177\335+2y\274`\275\275\275"
  71      C9546031 
  71      9A657FDD 
  71      2B3279BC 
  71      60BDBDBD 
  72 0141 77C2EBB0 		.ascii	"w\302\353\260\216\255\261<!\316\341\270d=\006\211p\024"
  72      8EADB13C 
ARM GAS  C:\Users\elias\AppData\Local\Temp\ccx36qkX.s 			page 5


  72      21CEE1B8 
  72      643D0689 
  72      7014
  73 0153 8817573A 		.ascii	"\210\027W:!xO\327\037\314\367\362E\002\331\034>\324"
  73      21784FD7 
  73      1FCCF7F2 
  73      4502D91C 
  73      3ED4
  74 0165 3E8DAC6A 		.ascii	">\215\254j1\255\025\024P\371\234\200N\302R\362\036{"
  74      31AD1514 
  74      50F99C80 
  74      4EC252F2 
  74      1E7B
  75 0177 BCED6880 		.ascii	"\274\355h\200\277%\220\277T\227\2355\227\034\"\244="
  75      BF2590BF 
  75      54979D35 
  75      971C22A4 
  75      3D
  76 0188 91BEC7B2 		.ascii	"\221\276\307\262\263\026\023\266b&\226.t-\356\270x\336"
  76      B31613B6 
  76      6226962E 
  76      742DEEB8 
  76      78DE
  77 019a CF9305EC 		.ascii	"\317\223\005\354\360`\321.\356\300\236~n\005?!\320\251"
  77      F060D12E 
  77      EEC09E7E 
  77      6E053F21 
  77      D0A9
  78 01ac 57809AC3 		.ascii	"W\200\232\303\343v@fO\345\276:\324y\300\224\331G\241"
  78      E3764066 
  78      4FE5BE3A 
  78      D479C094 
  78      D947A1
  79 01bf D95073EF 		.ascii	"\331Ps\357\200\312W\012\312\246s\0157t\207rl\375^\313"
  79      80CA570A 
  79      CAA6730D 
  79      37748772 
  79      6CFD5ECB 
  80 01d3 CEC6485C 		.ascii	"\316\306H\\pF\222Vc\001NC\2046\302\003\202\347\314\303"
  80      70469256 
  80      63014E43 
  80      8436C203 
  80      82E7CCC3 
  81 01e7 B61643D2 		.ascii	"\266\026C\322Z\200\366\304\316\372\001\225\177 xK\367"
  81      5A80F6C4 
  81      CEFA0195 
  81      7F20784B 
  81      F7
  82 01f8 1E6EF323 		.ascii	"\036n\363#\257mY\366?\351Y\226\235\203\274n\250\223"
  82      AF6D59F6 
  82      3FE95996 
  82      9D83BC6E 
  82      A893
  83 020a BCB5C8FB 		.ascii	"\274\265\310\373\353K\336\301\312\251\335>5\307\302"
  83      EB4BDEC1 
  83      CAA9DD3E 
  83      35C7C2
ARM GAS  C:\Users\elias\AppData\Local\Temp\ccx36qkX.s 			page 6


  84 0219 6B319C85 		.ascii	"k1\234\205%P\203\277*\374U\302\022\022\005\026\261\036"
  84      255083BF 
  84      2AFC55C2 
  84      12120516 
  84      B11E
  85 022b 5454BF1B 		.ascii	"TT\277\033\235\037\204z\253D\304[-\373v\277\271\265"
  85      9D1F847A 
  85      AB44C45B 
  85      2DFB76BF 
  85      B9B5
  86 023d C2D2676B 		.ascii	"\302\322gk\007\375\317I\264`!6d=\371\251e\205\303Ak"
  86      07FDCF49 
  86      B4602136 
  86      643DF9A9 
  86      6585C341 
  87 0252 4795B91C 		.ascii	"G\225\271\034\030\275Qp\203T.\036]@\302q\003\355\226"
  87      18BD5170 
  87      83542E1E 
  87      5D40C271 
  87      03ED96
  88 0265 2A66347A 		.ascii	"*f4z\251\343\240yp\320\015F|&=zi\360\011\333O\357\003"
  88      A9E3A079 
  88      70D00D46 
  88      7C263D7A 
  88      69F009DB 
  89 027c 34440129 		.ascii	"4D\001)$\232\264\022\203\203'V\220\314c\264z\034M\304"
  89      249AB412 
  89      83832756 
  89      90CC63B4 
  89      7A1C4DC4 
  90 0290 E36024D0 		.ascii	"\343`$\320\323|\034\314\005$\216\205\302\211\261!\314"
  90      D37C1CCC 
  90      05248E85 
  90      C289B121 
  90      CC
  91 02a1 11BB7348 		.ascii	"\021\273sH\361\342\215\017+\012\335\330\010,\304|\013"
  91      F1E28D0F 
  91      2B0ADDD8 
  91      082CC47C 
  91      0B
  92 02b2 428D9735 		.ascii	"B\215\2275\2522\266?\234\207Do\341\026\215\015+\234"
  92      AA32B63F 
  92      9C87446F 
  92      E1168D0D 
  92      2B9C
  93 02c4 6157F387 		.ascii	"aW\363\207\220=\262\271_\245\362\004\271\022\344\300"
  93      903DB2B9 
  93      5FA5F204 
  93      B912E4C0 
  94 02d4 7066F4CE 		.ascii	"pf\364\316\3734\201\330\201\255e\307x\322I*\254\325"
  94      FB3481D8 
  94      81AD65C7 
  94      78D2492A 
  94      ACD5
  95 02e6 4B2D4675 		.ascii	"K-Fu@GQ\242\006H\">D\004\013r;\335\222\203#\007\002"
  95      404751A2 
  95      0648223E 
ARM GAS  C:\Users\elias\AppData\Local\Temp\ccx36qkX.s 			page 7


  95      44040B72 
  95      3BDD9283 
  96 02fd AB377756 		.ascii	"\2537wV\032rQ\000\033\235\006\361`\241=\250\"<\226\033"
  96      1A725100 
  96      1B9D06F1 
  96      60A13DA8 
  96      223C961B 
  97 0311 2370313C 		.ascii	"#p1<\002\370 dG19\015\354.\344\\\016\306K&\2429^2,u"
  97      02F82064 
  97      4731390D 
  97      EC2EE45C 
  97      0EC64B26 
  98 032b C8200017 		.ascii	"\310 \000\027\344\206\217\000\004\371B\005\007\316\367"
  98      E4868F00 
  98      04F94205 
  98      07CEF7
  99 033a 9AC8E3A6 		.ascii	"\232\310\343\246d)\354\212\3427\234\270\267\324\334"
  99      6429EC8A 
  99      E2379CB8 
  99      B7D4DC
 100 0349 1AF03871 		.ascii	"\032\3608q';a\303\333\002\016\215\220\204\036w\237M"
 100      273B61C3 
 100      DB020E8D 
 100      90841E77 
 100      9F4D
 101 035b FEEC95CC 		.ascii	"\376\354\225\314\355\000\027E\032\331\243C\257gxG24"
 101      ED001745 
 101      1AD9A343 
 101      AF677847 
 101      3234
 102 036d 0986FAA2 		.ascii	"\011\206\372\242\374#N\212\3300\016AE\3114A\244\205"
 102      FC234E8A 
 102      D8300E41 
 102      45C93441 
 102      A485
 103 037f 54D1427D 		.ascii	"T\321B}m;\363\364\331|-2#\270\024\251d\366\376\341\222"
 103      6D3BF3F4 
 103      D97C2D32 
 103      23B814A9 
 103      64F6FEE1 
 104 0394 D786B05C 		.ascii	"\327\206\260\\\"Z!)\310]\002PY:\015\210\234Y\2528\263"
 104      225A2129 
 104      C85D0250 
 104      593A0D88 
 104      9C59AA38 
 105 03a9 CEEF2AB7 		.ascii	"\316\357*\267\\\263\361m\316\222\355D\340\306m\311\266"
 105      5CB3F16D 
 105      CE92ED44 
 105      E0C66DC9 
 105      B6
 106 03ba 8BBE9DDE 		.ascii	"\213\276\235\336\031\021\004m\215\312\206\374R\033-"
 106      1911046D 
 106      8DCA86FC 
 106      521B2D
 107 03c9 C51EB91D 		.ascii	"\305\036\271\035Z\220\253\264\325C\216Xt:\314\232.\345"
 107      5A90ABB4 
 107      D5438E58 
ARM GAS  C:\Users\elias\AppData\Local\Temp\ccx36qkX.s 			page 8


 107      743ACC9A 
 107      2EE5
 108 03db EAB4A086 		.ascii	"\352\264\240\206\273\334\001\211\350\305\004\352\276"
 108      BBDC0189 
 108      E8C504EA 
 108      BE
 109 03e8 229D3CE8 		.ascii	"\"\235<\350'f4i\233An\020\311\277\016\211W\270\2303"
 109      27663469 
 109      9B416E10 
 109      C9BF0E89 
 109      57B89833 
 110 03fc 5D7C381B 		.ascii	"]|8\033QK%\311\302'9\273w;\022\363;\221\0248$\001\234"
 110      514B25C9 
 110      C22739BB 
 110      773B12F3 
 110      3B911438 
 111 0413 C260EE3F 		.ascii	"\302`\356??Q\347\227\301\250\320)uY\230\373\202K\247"
 111      3F51E797 
 111      C1A8D029 
 111      755998FB 
 111      824BA7
 112 0426 E8208F42 		.ascii	"\350 \217B?\242zf\310\251\230\231\315\301\305\2513~"
 112      3FA27A66 
 112      C8A99899 
 112      CDC1C5A9 
 112      337E
 113 0438 A93DCF5B 		.ascii	"\251=\317[\004\007\262\260dQ!\012/\032\272\250&\320"
 113      0407B2B0 
 113      6451210A 
 113      2F1ABAA8 
 113      26D0
 114 044a 0D45A237 		.ascii	"\015E\2427\012\016&\274\2427>\214\264F@T\3672U7Fv\306"
 114      0A0E26BC 
 114      A2373E8C 
 114      B4464054 
 114      F7325537 
 115 0461 545340AE 		.ascii	"TS@\256\027\213q\317\355\205XQp\215\325\307:\255 r6"
 115      178B71CF 
 115      ED855851 
 115      708DD5C7 
 115      3AAD2072 
 116 0476 D88CBE50 		.ascii	"\330\214\276P\251/nN\367\205\233&D\037\250\264_\356"
 116      A92F6E4E 
 116      F7859B26 
 116      441FA8B4 
 116      5FEE
 117 0488 566CB958 		.ascii	"Vl\271X\26550\002\206\260;\037Q\025\325\374m\324\033"
 117      B5353002 
 117      86B03B1F 
 117      5115D5FC 
 117      6DD41B
 118 049b 3AEB88E1 		.ascii	":\353\210\341\242\253\032\032]\022/\244U\270\357\230"
 118      A2AB1A1A 
 118      5D122FA4 
 118      55B8EF98 
 119 04ab 732670B8 		.ascii	"s&p\270\342\034\244\303\212\307\351\244\202\341\023"
 119      E21CA4C3 
ARM GAS  C:\Users\elias\AppData\Local\Temp\ccx36qkX.s 			page 9


 119      8AC7E9A4 
 119      82E113
 120 04ba D39A6A3B 		.ascii	"\323\232j;\\\367\302+5E\207\347@W\363\370\034M\3668"
 120      5CF7C22B 
 120      354587E7 
 120      4057F3F8 
 120      1C4DF638 
 121 04ce 9ABA4A59 		.ascii	"\232\272JY\033\354O\010\331u \027\233\207\230\332\332"
 121      1BEC4F08 
 121      D9752017 
 121      9B8798DA 
 121      DA
 122 04df 277D5AE6 		.ascii	"'}Z\346\244\225'j\352\013+x\020\3035\310\244\202\267"
 122      A495276A 
 122      EA0B2B78 
 122      10C335C8 
 122      A482B7
 123 04f2 776CAE00 		.ascii	"wl\256\000|G\327g!\356\027|\210dp\035\247\025\230\354"
 123      7C47D767 
 123      21EE177C 
 123      8864701D 
 123      A71598EC 
 124 0506 CF9A5268 		.ascii	"\317\232Rhy\003\374p\003\022CX`\254\214\225,\012XC\325"
 124      7903FC70 
 124      03124358 
 124      60AC8C95 
 124      2C0A5843 
 125 051b 9927E5F1 		.ascii	"\231'\345\361\264\332\021P\2343Up7\321\311!B\242\001"
 125      B4DA1150 
 125      9C335570 
 125      37D1C921 
 125      42A201
 126 052e 09A5AEE7 		.ascii	"\011\245\256\347\357\240:;\207\337\234\034z)\2078\332"
 126      EFA03A3B 
 126      87DF9C1C 
 126      7A298738 
 126      DA
 127 053f B991DCA9 		.ascii	"\271\221\334\251\220\243\375x\231\310\376\263\243\355"
 127      90A3FD78 
 127      99C8FEB3 
 127      A3ED
 128 054d 6EC9A3C3 		.ascii	"n\311\243\303M\331\257\323\262M@/\251\2177\235U\313"
 128      4DD9AFD3 
 128      B24D402F 
 128      A98F379D 
 128      55CB
 129 055f 4746CB55 		.ascii	"GF\313U\351\035@\363qsI\017\237\275\352\357\316\252"
 129      E91D40F3 
 129      7173490F 
 129      9FBDEAEF 
 129      CEAA
 130 0571 B768D504 		.ascii	"\267h\325\004\254\\\320\276\026'\362\237S\267\2500\236"
 130      AC5CD0BE 
 130      1627F29F 
 130      53B7A830 
 130      9E
 131 0582 EA0CFAB0 		.ascii	"\352\014\372\260n!\036-\212|c\215\\{\376\034\347\230"
ARM GAS  C:\Users\elias\AppData\Local\Temp\ccx36qkX.s 			page 10


 131      6E211E2D 
 131      8A7C638D 
 131      5C7BFE1C 
 131      E798
 132 0594 B042FF1C 		.ascii	"\260B\377\034\372g\026\371\307\377\225\367\017\310\304"
 132      FA6716F9 
 132      C7FF95F7 
 132      0FC8C4
 133 05a3 032484F2 		.ascii	"\003$\204\362Cu\364\005\277|\311t\362I\355\204\217\342"
 133      4375F405 
 133      BF7CC974 
 133      F249ED84 
 133      8FE2
 134 05b5 36F17B31 		.ascii	"6\361{1\340hcH1\330#\005\277,\246\224Hc\277hF\342C\310"
 134      E0686348 
 134      31D82305 
 134      BF2CA694 
 134      4863BF68 
 135 05cd BE3BF64E 		.ascii	"\276;\366N\367\2523V\036~\"\334\014n\303*\366\230\344"
 135      F7AA3356 
 135      1E7E22DC 
 135      0C6EC32A 
 135      F698E4
 136 05e0 1BE40B84 		.ascii	"\033\344\013\204P\027\2200=e+I\375F\375v\015\351\000"
 136      50179030 
 136      3D652B49 
 136      FD46FD76 
 136      0DE900
 137 05f3 79301F63 		.ascii	"y0\037c\375\306\214\264\224u\233\336Mc\372\372\257R"
 137      FDC68CB4 
 137      94759BDE 
 137      4D63FAFA 
 137      AF52
 138 0605 53D23256 		.ascii	"S\3222V\257\321\322R\323SV\247\246y\350\236\226\361"
 138      AFD1D252 
 138      D35356A7 
 138      A679E89E 
 138      96F1
 139 0617 FDBAEF8C 		.ascii	"\375\272\357\214M\251\351kW\247|\223\272\361kX\313\323"
 139      4DA9E96B 
 139      57A77C93 
 139      BAF16B58 
 139      CBD3
 140 0629 36A4B936 		.ascii	"6\244\2716d\374\260\342?\236\0300\227"
 140      64FCB0E2 
 140      3F9E1830 
 140      97
 141              		.text
 142              		.section	.gnu.lto_psoc_nv_load_for_gain.part.1.3d369fbe,"",%progbits
 143 0000 789C6D56 		.ascii	"x\234mVkPTW\022>}\317\314\235;wf\356\014>\020\025\201"
 143      6B505457 
 143      123E7DCF 
 143      CC9D3B77 
 143      66EE0C3E 
 144 0017 A8C8E651 		.ascii	"\250\310\346Q\253\224\177\254lU*U\373\177+\273[\265"
 144      AB947FAC 
 144      6C552A55 
ARM GAS  C:\Users\elias\AppData\Local\Temp\ccx36qkX.s 			page 11


 144      FB7F2BBB 
 144      5BB5
 145 0029 FF521419 		.ascii	"\377R\024\031\255\255T\036\030M\262?\2750\016\272JR"
 145      ADAD541E 
 145      184DB23F 
 145      BD300EBA 
 145      4A52
 146 003b 896BF05D 		.ascii	"\211k\360]\304h\">\202\022\202,Bp0\210\362\020%\361"
 146      C468223E 
 146      8212822C 
 146      42703088 
 146      F21025F1 
 147 004f 1909517C 		.ascii	"\031\011Q|\304\262L\002\206\004-\321Iw\237\3030\202"
 147      C4B24C02 
 147      86042DD1 
 147      49779FC3 
 147      3082
 148 0061 B7EA9E7B 		.ascii	"\267\352\236{\272O\367\327\217\323\247\317\365\010\020"
 148      BA4FF7D7 
 148      8FD3A7CF 
 148      F50810
 149 0070 F4BC1414 		.ascii	"\364\274\024\024\342_\3705\220\204)\0022>\350\301I\006"
 149      E25FF835 
 149      90842902 
 149      323EE8C1 
 149      4906
 150 0082 18FC35C0 		.ascii	"\030\3745\300C\337RK\252I\253\3451d[\207\020\256\355"
 150      43DF524B 
 150      AA49ABE5 
 150      31645B87 
 150      10AEED
 151 0095 EDF60837 		.ascii	"\355\366\0107\3505\"\235\213\2202\333\347 ej\312\307"
 151      E835229D 
 151      8B9032DB 
 151      E720656A 
 151      CAC7
 152 00a7 94CF8834 		.ascii	"\224\317\2104\347 e\235]\210\224\245\327\374\274\346"
 152      E720659D 
 152      5D8894A5 
 152      D7FCBCE6 
 153 00b7 47EA05A4 		.ascii	"G\352\005\244\354\3660R\266^\013\360Z@SA\246\202\340"
 153      ECF63052 
 153      B65E0BF0 
 153      5A405341 
 153      A682E0
 154 00ca B02B21F5 		.ascii	"\260+!\365m\265\034#\334\323I\036D\216I\\\017\033\241"
 154      6DB51C23 
 154      DCD3491E 
 154      448E495C 
 154      0F1BA1
 155 00dd 042145CE 		.ascii	"\004!E\316\020R\004\200\244\\\013\304\252\014Cz\274"
 155      10520480 
 155      A45C0BC4 
 155      AA0C437A 
 155      BC
 156 00ee A6CFF2DB 		.ascii	"\246\317\362\333\201`\310\011G`\225t\004$<\340\341\201"
 156      8160C809 
ARM GAS  C:\Users\elias\AppData\Local\Temp\ccx36qkX.s 			page 12


 156      47609574 
 156      04243CE0 
 156      E181
 157 0100 A2F7301D 		.ascii	"\242\3670\035\341\201\350\337\214\207\006t\215\234\254"
 157      E181E8DF 
 157      8C870674 
 157      8D9CAC
 158 010f B09FDEE3 		.ascii	"\260\237\336\343\272e\356\225\033\375rSu\002\342R\210"
 158      BA65EE95 
 158      1BFD7253 
 158      7502E252 
 158      88
 159 0120 A4216071 		.ascii	"\244!`q6,\312F9\330\003O\243\344\276\256\201m>\031\002"
 159      362CCA46 
 159      39D8034F 
 159      A3E4BEAE 
 159      816D3E19 
 160 0135 81F3DE07 		.ascii	"\201\363\336\007\345w\374\005\237\222\226\273\351eW"
 160      E577FC05 
 160      9F9296BB 
 160      E96557
 161 0144 A20A5483 		.ascii	"\242\012T\203\034\327\"\014\330\013\005$\273\372\320"
 161      1CD7220C 
 161      D80B0524 
 161      BBFAD0
 162 0153 76396CC4 		.ascii	"v9l\304%\200\007\311\241S[\2579D\032\220\207d\365O\327"
 162      258007C9 
 162      A1535BAF 
 162      39441A90 
 162      8764F54F 
 163 0168 AA023293 		.ascii	"\252\0022\223Q\177x\357\302\375\240F\275\264\314\365"
 163      517F78EF 
 163      C2FDA046 
 163      BDB4CCF5 
 164 0178 C7A58403 		.ascii	"\307\245\204\003\012u?d\303> \\\264\3649\343~\331\274"
 164      0A753F64 
 164      C33E205C 
 164      B4F439E3 
 164      7ED9BC
 165 018b B3222873 		.ascii	"\263\"(sX\363xrW\347\230\346\246\366\200\273\210\034"
 165      58F37872 
 165      57E798E6 
 165      A6F680BB 
 165      881C
 166 019d AA99E4D0 		.ascii	"\252\231\344\320A( \351\337n\257\337\027\226\177b\315"
 166      412820E9 
 166      DF6EAFDF 
 166      17967F62 
 166      CD
 167 01ae 4FEAAB9B 		.ascii	"O\352\253\233\002\371\273H3\361Q{h\223\233(\315#\345"
 167      02F9BB48 
 167      33F1517B 
 167      68939B28 
 167      CD23E5
 168 01c1 43E9CAF4 		.ascii	"C\351\312\364\260\225\221DXEB\251\373f\260{G@E\022A"
 168      B0959144 
 168      584542A9 
ARM GAS  C:\Users\elias\AppData\Local\Temp\ccx36qkX.s 			page 13


 168      FB66B07B 
 168      47404512 
 169 01d6 B274F770 		.ascii	"\262t\367p\253W.V\376\374\262\377\260W\243\376\257\334"
 169      AB572E56 
 169      FEFCB2FF 
 169      B057A3FE 
 169      AFDC
 170 01e8 D9EC26CA 		.ascii	"\331\354&\312\020\325\003_*\324:\214\346\013H\341~\332"
 170      10D5035F 
 170      2AD43A8C 
 170      E60B48E1 
 170      7EDA
 171 01fa F5758B23 		.ascii	"\365u\213#\227\260\346\356\201\252\215Rk~\230\346\317"
 171      97B0E6EE 
 171      81AA8D52 
 171      6B7E98E6 
 171      CF
 172 020b E127F8B3 		.ascii	"\341'\370\263/^\267\321\224\317\263\336\372\367\253"
 172      2F5EB7D1 
 172      94CFB3DE 
 172      FAF7AB
 173 021a CE8F594C 		.ascii	"\316\217YL\276\2252\370\377'\032\274\275k\244\322/\377"
 173      BE9532F8 
 173      FF271ABC 
 173      BD6BA4D2 
 173      2FFF
 174 022c CA8A6BCA 		.ascii	"\312\212k\312jo\232Zq\264\330\215\277HjG\236\250\226"
 174      6A6F9A5A 
 174      71B4D88D 
 174      BF486A47 
 174      9EA896
 175 023f 0A1838E0 		.ascii	"\012\0308\340\3037;\332m\025\277\013H\337\337\320\334"
 175      C3373BDA 
 175      6D15BF0B 
 175      48DFDFD0 
 175      DC
 176 0250 6FCABF31 		.ascii	"o\312\2771\352\236\315\273;\034DM\270n\342\301\033\245"
 176      EA9ECDBB 
 176      3B1C444D 
 176      B86EE2C1 
 176      1BA5
 177 0262 6E6235BA 		.ascii	"nb5\272\343\205\026\205\373\025\3426\217\343\016\324"
 177      E3851685 
 177      FB15E236 
 177      8FE30ED4 
 178 0272 3EFA2864 		.ascii	">\372(d\256v\361\311\203\243\220\017M\3706\342\333\200"
 178      AE76F1C9 
 178      83A3900F 
 178      4DF836E2 
 178      DB80
 179 0284 6F3DBEB5 		.ascii	"o=\276\265\220O\025\211;\230\000\023\317\256E~7\277"
 179      904F1589 
 179      3B980013 
 179      CFAE457E 
 179      37BF
 180 0296 DF6193DF 		.ascii	"\337a\223\337\353\334\304\310\216\340\2723\256\205\236"
 180      EBDCC4C8 
ARM GAS  C:\Users\elias\AppData\Local\Temp\ccx36qkX.s 			page 14


 180      8EE0BA33 
 180      AE859E
 181 02a5 8B896E43 		.ascii	"\213\211nC+\344\243\364\215\370\205:KI\2735g\\\340\244"
 181      2BE4A3F4 
 181      8DF8853A 
 181      4B49BB35 
 181      675CE0A4 
 182 02b9 8AC7330A 		.ascii	"\212\3073\012\307\224)6\331\240] W\320\245\203\377p"
 182      C7942936 
 182      D9A05D20 
 182      57D0A583 
 182      FF70
 183 02cb DD6432E6 		.ascii	"\335d2\346~\260\307\201B\000*m\003k\312\2248x\360`\241"
 183      7EB0C781 
 183      42002A6D 
 183      036BCA94 
 183      3878F060 
 184 02e0 B817A73E 		.ascii	"\270\027\247>\223\230>\032,\034,?\257\3304\015\320\020"
 184      93983E1A 
 184      2C1C2C3F 
 184      AFD8340D 
 184      D010
 185 02f2 A4214483 		.ascii	"\244!D\203CC\030\250$#4\315\300\301?\205fS\011g\032"
 185      434318A8 
 185      242334CD 
 185      C0C13F85 
 185      66530967 
 186 0307 0DD38997 		.ascii	"\015\323\211\227I\303\014A\216d\011ri\246 'g\221\300"
 186      49C30C41 
 186      8E640972 
 186      69A62027 
 186      6791C0
 187 031a 6C1C6CAA 		.ascii	"l\034l\252mk\016\01594\344\262\311<\234\302S@Ge.\035"
 187      6D6B0E0D 
 187      3934E4B2 
 187      C93C9CC2 
 187      53404765 
 188 0330 9A792439 		.ascii	"\232y$9\237\326\363y}\001\035\210\002\236\0121\210\251"
 188      9FD6F379 
 188      7D011D88 
 188      029E0A31 
 188      88A9
 189 0342 C5063768 		.ascii	"\305\0067hd\340G\016\031\006}\006\240,\302\205\365\323"
 189      64E0470E 
 189      19067D06 
 189      A02CC285 
 189      F5D3
 190 0354 A50FBDF2 		.ascii	"\245\017\275\362\237\274\253{\373\326\177l\353Z\031"
 190      9FBCAB7B 
 190      FBD67F6C 
 190      EB5A19
 191 0363 F93EE01E 		.ascii	"\371>\340\036\242\234\013\370zbmB\033\344\307$\210\233"
 191      A29C0BF8 
 191      7A626D42 
 191      1BE4C724 
 191      889B
 192 0375 507677CD 		.ascii	"Pvw\315\243V\371\370\036\273G+f\221\004\357f\322\200"
ARM GAS  C:\Users\elias\AppData\Local\Temp\ccx36qkX.s 			page 15


 192      A356F9F8 
 192      1EBB472B 
 192      669104EF 
 192      66D280
 193 0388 892520E0 		.ascii	"\211% \3408\230\010\322\016fL\032\012'\266\265\034q"
 193      389808D2 
 193      0E664C1A 
 193      0A27B6B5 
 193      1C71
 194 039a 144B2217 		.ascii	"\024K\"\027U\232~\035\3552\250\374\250\247\235\300\355"
 194      559A7E1D 
 194      ED32A8FC 
 194      A8A79DC0 
 194      ED
 195 03ab 468F1355 		.ascii	"F\217\023U\345!\256\021\202G\206\301D\275\"\312\022"
 195      E521AE11 
 195      824786C1 
 195      44BD22CA 
 195      12
 196 03bc B5E50E33 		.ascii	"\265\345\0163\032\270&*\343\307N\373\010\000o\0078\311"
 196      1AB8262A 
 196      E3C74EFB 
 196      08006F07 
 196      38C9
 197 03ce F5326448 		.ascii	"\3652dH\201\035_\262\343=[\236'\351\230\364\306\260"
 197      811D5FB2 
 197      E33D5B9E 
 197      27E998F4 
 197      C6B0
 198 03e0 B098D567 		.ascii	"\260\230\325g(\216\2518\261JS\321>\366\312\024\267\250"
 198      288EA938 
 198      B14A53D1 
 198      3EF6CA14 
 198      B7A8
 199 03f2 DD12832A 		.ascii	"\335\022\203*\264\261\361\316e\337\252\207\356Z\327"
 199      B4B1F1CE 
 199      65DFAA87 
 199      EE5AD7
 200 0401 8DC46520 		.ascii	"\215\304e \211y\025\320\001\253\004\312\307e\220\020"
 200      897915D0 
 200      01AB04CA 
 200      C7659010 
 201 0411 2BAF4E23 		.ascii	"+\257N#y\024\356_W\275_\026\036\344\374\374\205\\:J"
 201      7914EE5F 
 201      57BD5F16 
 201      1EE4FCFC 
 201      855C3A4A 
 202 0425 29F47236 		.ascii	")\364r6;\241\020\021\331^y\373\226/@\231\360\243\017"
 202      3BA11011 
 202      D95E79FB 
 202      962F4099 
 202      F0A30F
 203 0438 A858BFA6 		.ascii	"\250X\277\246\273\326VQ\000tq\032\214\261 Q\210\203"
 203      BBD65651 
 203      0074711A 
 203      8CB12051 
 203      8883
ARM GAS  C:\Users\elias\AppData\Local\Temp\ccx36qkX.s 			page 16


 204 044a F208BC27 		.ascii	"\362\010\274'\324\216*\266G\\\205\325\247c\231\012\211"
 204      D48E2AB6 
 204      475C85D5 
 204      A763990A 
 204      89
 205 045b 600E7C36 		.ascii	"`\016|6\244z\233\2000t\253\303s\027\243\301\274\030"
 205      A47A9B80 
 205      3074ABC3 
 205      7317A3C1 
 205      BC18
 206 046d 273136BF 		.ascii	"'16\277\334\034@$/\225\006:\336R\333\323+\225\266\215"
 206      DC1C4024 
 206      2F95063A 
 206      DE52DBD3 
 206      2B95B68D 
 207 0481 DAFF6DF8 		.ascii	"\332\377m\370\256\337_\270P\373\015\317\260:\234\202"
 207      AEDF5FB8 
 207      50FB0DCF 
 207      B03A9C82 
 208 0491 42B27339 		.ascii	"B\262s9\366\312\270d\345\275\363M|\033X\030\026\364"
 208      F6CAB864 
 208      E5BDF34D 
 208      7C1B5818 
 208      16F4
 209 04a3 E8533A64 		.ascii	"\350S:d\230\242\037\030x(\005\034\230\014\374\254\002"
 209      98A21F18 
 209      7828051C 
 209      980CFCAC 
 209      02
 210 04b4 3E3D0138 		.ascii	">=\0018\220\336\234-\214\377L\012\327'\316\012\345\360"
 210      90DE9C2D 
 210      8CFF4C0A 
 210      D727CE0A 
 210      E5F0
 211 04c6 E931DC60 		.ascii	"\3511\334`\272\264\217[\371\345\216\015k\255q3\275J"
 211      BAB48F5B 
 211      F9E58E0D 
 211      6BAD7133 
 211      BD4A
 212 04d8 1DBE9960 		.ascii	"\035\276\231`\2074\017\336i\274\037Rv\004|\233\262c"
 212      87340FDE 
 212      69BC1F52 
 212      76047C9B 
 212      B263
 213 04ea 89C5CAFD 		.ascii	"\211\305\312\375\224\231\320d\367\237S\260g'\300\002"
 213      9499D064 
 213      F79F53B0 
 213      6727C002 
 214 04fa 0A6B18BF 		.ascii	"\012k\030\277\230\252\274=;\006\343\244_\241>\276B["
 214      98AABC3D 
 214      3B06E3A4 
 214      5FA13EBE 
 214      425B
 215 050c 36D6B89E 		.ascii	"6\326\270\236q\324s\332\333\363\023`\235\230\014kX["
 215      71D473DA 
 215      DBF31360 
 215      9D980C6B 
ARM GAS  C:\Users\elias\AppData\Local\Temp\ccx36qkX.s 			page 17


 215      585B
 216 051e E85D3B77 		.ascii	"\350];w\325\247\026\251\201?\354+}\304'\310\006\262"
 216      D5A716A9 
 216      813FEC2B 
 216      7DC427C8 
 216      06B2
 217 0530 72A4F797 		.ascii	"r\244\367\227\2309\016{A\303^DX.\3766]\374\031\250-"
 217      98390E7B 
 217      41C35E44 
 217      582EFE36 
 217      5DFC19A8 
 218 0545 38D67343 		.ascii	"8\326sC\032m\012\252\327\334\035\2561\025Z\230\356\230"
 218      1A6D0AAA 
 218      D7DC1DAE 
 218      31155A98 
 218      EE98
 219 0557 E39FF5CA 		.ascii	"\343\237\365\312q\264K\032\355\2731\264\353\372\350"
 219      71B44B1A 
 219      EDBB31B4 
 219      EBFAE8
 220 0566 4C456D2A 		.ascii	"LEm*\355AMOC\026\252om\032\356\364*4\013.\2432+\235"
 220      ED414D4F 
 220      4316AA6F 
 220      6D1AEEF4 
 220      2A340B2E 
 221 057e DFFA9292 		.ascii	"\337\372\222\222\232\216\202\244uOke\262[\323YJ\373"
 221      9A8E82A4 
 221      754F6B65 
 221      B25BD359 
 221      4AFB
 222 0590 3403B9A9 		.ascii	"4\003\271\251\303\320DU?\003\317g<qQ\253dM:\242\241"
 222      C3D04455 
 222      3F03CF67 
 222      3C7151AB 
 222      644D3AA2 
 223 05a5 A4417F09 		.ascii	"\244A\177\011}xDq\255\263k\315!\3005z\336\212K\207\303"
 223      7D784471 
 223      ADB36BCD 
 223      21C0357A 
 223      DE8A4B87 
 224 05ba 404D01DF 		.ascii	"@M\001\337#;-{&8\320\017\331q\3146\0361\367\357l\260"
 224      233B2D7B 
 224      2638D00F 
 224      D971CC36 
 224      1E31F7EF 
 225 05d0 910C66A9 		.ascii	"\221\014f\251\375hx/+\345R\226\336\221\200\320\345~"
 225      FD68782F 
 225      2BE55296 
 225      DE9180D0 
 225      E57E
 226 05e2 A1D4AB16 		.ascii	"\241\324\253\026g\"f\307\356#\243A\265\321^j\012\247"
 226      672266C7 
 226      EE23A341 
 226      B5D15E6A 
 226      0AA7
 227 05f4 8E8FF875 		.ascii	"\216\217\370uSxy,\223?\350L^\301L\216\333\253%{3U\226"
 227      5378792C 
ARM GAS  C:\Users\elias\AppData\Local\Temp\ccx36qkX.s 			page 18


 227      933FE84C 
 227      5EC14C8E 
 227      DBAB257B 
 228 060b DAB755EA 		.ascii	"\332\267U\352\0361\213J -\271\263\351\277\251\355D\271"
 228      1E318B4A 
 228      202DB9B3 
 228      E9BFA9ED 
 228      44B9
 229 061d A5320B70 		.ascii	"\2452\013p\025\262QJ\251\215\352\375E\316\354\364\346"
 229      15B2514A 
 229      A98DEAFD 
 229      45CEECF4 
 229      E6
 230 062e 36075954 		.ascii	"6\007YT\370\361\353{-U\370I\200\001\336\222\330hy\233"
 230      F8F1EB7B 
 230      2D55F849 
 230      8001DE92 
 230      D868799B 
 231 0642 4E770E9A 		.ascii	"Nw\016\232G\331\307*\0205st\274A\214\027\033J\0015\224"
 231      47D9C72A 
 231      10357374 
 231      BC418C17 
 231      1B4A0135 
 232 0657 405FC372 		.ascii	"@_\303rd\205\204\241\032\355\357\333\364\256\346\305"
 232      648584A1 
 232      1AEDEFDB 
 232      F4AEE6C5 
 233 0667 642EA16E 		.ascii	"d.\241n\327\226\347\306\344S\310U\235oX\037\210y\310"
 233      D796E7C6 
 233      E453C855 
 233      9D6F581F 
 233      8879C8
 234 067a 4177AE3F 		.ascii	"Aw\256?\370\374\210\243\3020\341\232*\220\226\235s\224"
 234      F8FC88A3 
 234      C230E19A 
 234      2A90969D 
 234      7394
 235 068c CCFC5447 		.ascii	"\314\374TG]\230\352\245\3638k\327U\375U\356\314\324"
 235      5D98EAA5 
 235      F3386BD7 
 235      55FD55EE 
 235      CCD4
 236 069e 8D37750B 		.ascii	"\2157u\013H\276\210FNt\256\015V\301\216R\227K\002{\365"
 236      48BE8846 
 236      4E74AE0D 
 236      56C18E52 
 236      974B027B 
 237 06b3 5CB84119 		.ascii	"\\\270A\031\207\233P\205\007u\276r\346\347m\367t\212"
 237      879B5085 
 237      0775BE72 
 237      E6E76DF7 
 237      748A
 238 06c5 11397772 		.ascii	"\0219wr\337\315\347\240\035\2140\255\353\346Rr.\216"
 238      DFCDE7A0 
 238      1D8C30AD 
 238      EBE65272 
 238      2E8E
ARM GAS  C:\Users\elias\AppData\Local\Temp\ccx36qkX.s 			page 19


 239 06d7 75DD3031 		.ascii	"u\33501\270\313\346\306dA\020\261\363C'\303\250\025"
 239      B8CBE6C6 
 239      644110B1 
 239      F34327C3 
 239      A815
 240 06e9 462D6ECF 		.ascii	"F-n\317\237\350\015\311\245N\262}\313~}YI\3701\325v"
 240      9FE80DC9 
 240      A54EB27D 
 240      CB7E7D59 
 240      49F831D5 
 241 06fe 22AA1F1F 		.ascii	"\"\252\037\037\353\343\"\242@Qv\313\225\304\006\357"
 241      EBE322A2 
 241      405176CB 
 241      95C406EF 
 242 070e 92C3EE5A 		.ascii	"\222\303\356Z\374\225\367\012\270\005K\304m\362\"&\027"
 242      FC95F70A 
 242      B8054BC4 
 242      6DF22226 
 242      17
 243 071f B0BD05B4 		.ascii	"\260\275\005\264\011\336\356\272A\203&f_\335=\236\370"
 243      09DEEEBA 
 243      41832666 
 243      5FDD3D9E 
 243      F8
 244 0730 EE688E35 		.ascii	"\356h\2165Z\327\314\023\177E\375\025\236\330}\365\267"
 244      5AD7CC13 
 244      7F45FD15 
 244      9ED87DF5 
 244      B7
 245 0741 781238D0 		.ascii	"x\0228\320\3601_3NE\343r\372\206\351\367\001\320\013"
 245      F0315F33 
 245      4E45E372 
 245      FA86E9F7 
 245      01D00B
 246 0754 BCDCECE5 		.ascii	"\274\334\354\345+K\242Eo\276\373\347\250\260\226\377"
 246      2B4BA245 
 246      6FBEFBE7 
 246      A8B096FF 
 247 0764 BBB8285A 		.ascii	"\273\270(Z\262t\231/Z\374z\321\322\342\250\237\276\321"
 247      B274992F 
 247      5AFC7AD1 
 247      D2E2A89F 
 247      BED1
 248 0776 9277DE7C 		.ascii	"\222w\336|\333~\267\370\365W\227\026\275Q\274\3625\317"
 248      DB7EB7F8 
 248      F5579716 
 248      BD51BCF2 
 248      35CF
 249 0788 2BC52B97 		.ascii	"+\305+\227\301\253VtE\264\010\327\2436MV\276]\262b\331"
 249      C1AB5674 
 249      45B408D7 
 249      A3364D56 
 249      BE5DB262 
 250 079d 52CF8A92 		.ascii	"R\317\212\222\377,\2228\374\001\015\253\374m"
 250      FF2C9238 
 250      FC010DAB 
 250      FC6D
ARM GAS  C:\Users\elias\AppData\Local\Temp\ccx36qkX.s 			page 20


 251              		.text
 252              		.section	.gnu.lto_psoc_nv_save_for_gain.3d369fbe,"",%progbits
 253 0000 789C6D93 		.ascii	"x\234m\223\337o\024U\024\307\357\367\236\331\271\263"
 253      DF6F1455 
 253      14C7EFF7 
 253      9ED9B9B3 
 254 0010 BB6DE993 		.ascii	"\273m\351\223O\015\351KSy\321&\304\007\037L\374\033"
 254      4F0DE94B 
 254      5379D126 
 254      C4071F4C 
 254      FC1B
 255 0022 7CD634EB 		.ascii	"|\3264\353\024\015\261\320\006\024\037\367\266\323\255"
 255      140DB1D0 
 255      06141FF7 
 255      B6D3AD
 256 0031 A0688C08 		.ascii	"\240h\214\010E,\022\005\322\265\200\355\012\005+\205"
 256      452C1205 
 256      D2B580ED 
 256      0A052B85 
 257 0041 8ED056B1 		.ascii	"\216\320V\261\205Z\177\004\243\306\3426\202\201\032"
 257      855A7F04 
 257      A3C6E236 
 257      82811A
 258 0050 BA6821B5 		.ascii	"\272h!\265\302z\316\314RP\274\311\314\235s\317\371~"
 258      C27ACECC 
 258      5250BCC9 
 258      CC9D73CF 
 258      F97E
 259 0062 EE39E7DE 		.ascii	"\3569\347\336q\024\224\214\274\243\324\023<o\340\007"
 259      7114948C 
 259      BCA3D413 
 259      3C6FE007 
 260 0072 4905FDE6 		.ascii	"I\005\375\346\005\245:<\255\235\255\215\312\246H\336"
 260      05A53A3C 
 260      AD9DAD8D 
 260      CAA648DE 
 261 0082 5504275E 		.ascii	"U\004'^v\2647\262\232\227\023\337>\312\313\011\355\335"
 261      76B437B2 
 261      9A9713DF 
 261      3ECACB09 
 261      EDDD
 262 0094 346CB97B 		.ascii	"4l\271{&\024\233n\305i\"\247\201'\032x\200\314\326\203"
 262      26149B6E 
 262      C56922A7 
 262      81271A78 
 262      80CCD683 
 263 00a8 CA6A7212 		.ascii	"\312jr\022\256\361\220\245lvQ\337\326\230\274\365\305"
 263      AEF190A5 
 263      6C7651DF 
 263      D698BCF5 
 263      C5
 264 00b9 F6D49A3E 		.ascii	"\366\324\232>k;\355\245_'\251'\037\"GJ\225\265\302\332"
 264      6B3BEDA5 
 264      5F27A927 
 264      1F22474A 
 264      95B5C2DA 
 265 00cd 3A34D549 		.ascii	":4\325IR}X\303\221\375\223\305w\015UC\361\367\314r\367"
ARM GAS  C:\Users\elias\AppData\Local\Temp\ccx36qkX.s 			page 21


 265      527D58C3 
 265      91FD93C5 
 265      770D5543 
 265      F1F7CC72 
 266 00e2 7CB2F1A0 		.ascii	"|\262\361\240\250l\3173\226X\202<\350\236J\030\370\020"
 266      A86CCF33 
 266      9658823C 
 266      E89E4A18 
 266      F810
 267 00f4 8D12DB35 		.ascii	"\215\022\3335\330K\177\352\034\001\016\233\245\363{"
 267      D84B7FEA 
 267      1C010E9B 
 267      A5F37B
 268 0103 E66AC4D4 		.ascii	"\346j\304\324\250g3\377\373\334\2764=\024Qg_\277\270"
 268      A86733FF 
 268      FBDCBE34 
 268      3D145167 
 268      5FBFB8
 269 0116 5455A12E 		.ascii	"TU\241.\256\263\311\034\021\016\307\324C\250C?\204\313"
 269      AEB3C91C 
 269      110EC7D4 
 269      43A8433F 
 269      84CB
 270 0128 3B1D89B8 		.ascii	";\035\211\270\307F\336\337^E\253#\345xy\377\227w\225"
 270      C746DEDF 
 270      5E45AB23 
 270      E57879FF 
 270      977795
 271 013b 4727D2B6 		.ascii	"G'\322\266I\022\372\350\201\204\006\320(\321\213W_\353"
 271      4912FAE8 
 271      818406D0 
 271      28D18B57 
 271      5FEB
 272 014d 5F450F47 		.ascii	"_E\017G\312\017\206\362'\323\015\373E\031.\265\366\330"
 272      CA0F86F2 
 272      27D30DFB 
 272      45192EB5 
 272      F6D8
 273 015f B0A35EB4 		.ascii	"\260\243^\264\203\367kep\350\301\311\263\247khm$;P\334"
 273      83F76B65 
 273      70E8C1C9 
 273      B3A76B68 
 273      6D243B50 
 274 0174 F7365564 		.ascii	"\3676Ud7\237\266\301\223\"\372\370\177D\343\345[\341"
 274      379FB6C1 
 274      9322FAF8 
 274      7F44E3E5 
 274      5BE1
 275 0186 AAB87A69 		.ascii	"\252\270zi\367\327\013S{\323q\365\265l\216\236\230\333"
 275      F7D70B53 
 275      7BD371F5 
 275      B56C8E9E 
 275      98DB
 276 0198 EBD26311 		.ascii	"\353\322c\021r\354\324\350w^\005\271\330\276\333\206"
 276      72ECD4E8 
 276      775E05B9 
 276      D8BEDB86 
ARM GAS  C:\Users\elias\AppData\Local\Temp\ccx36qkX.s 			page 22


 277 01a8 9D9C8983 		.ascii	"\235\234\211\203\3431t\210\033p\014+\330\025\016\"\316"
 277      E3317488 
 277      1B700C2B 
 277      D8150E22 
 277      CE
 278 01b9 F1CBE726 		.ascii	"\361\313\347&R1\326\202\355\245\267F~v\351\361\210\333"
 278      5231D682 
 278      EDA5B746 
 278      7E76E9F1 
 278      88DB
 279 01cb B7FBC0B9 		.ascii	"\267\373\300\271\032\346\206\326\206\177\264v\330\260"
 279      1AE686D6 
 279      867FB476 
 279      D8B0
 280 01d9 8BB9097C 		.ascii	"\213\271\011|\032s\207\231\373\311=n\261pgg\265\333"
 280      1A738799 
 280      FBC93D6E 
 280      B1706767 
 280      B5DB
 281 01eb 6579D4E3 		.ascii	"ey\324\343$\032p\202\237\243\374\024\320 \227\202\233"
 281      241A7082 
 281      9FA3FC14 
 281      D0209782 
 281      9B
 282 01fc 3802972F 		.ascii	"8\002\227/.du\340\251\320\226\313\201\015KN\201\252"
 282      2E6475E0 
 282      A9D096CB 
 282      810D4B4E 
 282      81AA
 283 020e 204DD6F2 		.ascii	" M\326\362r g\237\220OWI\240\201\034\032_D>\201$/\273"
 283      7220679F 
 283      904F5749 
 283      A0811C1A 
 283      5F443E81 
 284 0225 4A2D306C 		.ascii	"J-0l\266Z\225\264\346\211\212\350\344\366Gl\336\211"
 284      B65A95B4 
 284      E6898AE8 
 284      E4F6476C 
 284      DE89
 285 0237 13D9953B 		.ascii	"\023\331\225;3m\244\"\376Kp\212\023,B\213\233]\357\035"
 285      336DA422 
 285      FE4B708A 
 285      132C428B 
 285      9B5DEF1D 
 286 024b F96A5457 		.ascii	"\371jTW\0325\373S\332\016Z\357\201\373'\003\247\321"
 286      1A35FB53 
 286      DA0E5AEF 
 286      81FB2703 
 286      A7D1
 287 025d 1090A37E 		.ascii	"\020\220\243~A\327tp\355\022\376]\236]\236\201DD\005"
 287      41D77470 
 287      ED12FE5D 
 287      9E5D9E81 
 287      444405
 288 0270 9535FE5B 		.ascii	"\2255\376[\275\302(8M\204p\031\302\316W\377\272\370"
 288      BDC22838 
 288      4D847019 
ARM GAS  C:\Users\elias\AppData\Local\Temp\ccx36qkX.s 			page 23


 288      C2CE57FF 
 288      BAF8
 289 0282 861767E4 		.ascii	"\206\027g\344\341\263J\313\0264\251\353.\225\264\023"
 289      E1B34ACB 
 289      1634A9EB 
 289      2E95B413 
 290 0292 5711E518 		.ascii	"W\021\345\030ae\333\037\202g\305\016(\301\372\201\371"
 290      6165DB1F 
 290      8267C50E 
 290      28C1FA81 
 290      F9
 291 02a3 E1A56AD1 		.ascii	"\341\245j\321s\373p&\326\337\200x\206^\231*\244b2p\026"
 291      73FB7026 
 291      D6DF8078 
 291      865E992A 
 291      A4623270 
 292 02b8 75FA7060 		.ascii	"u\372p`\244f\276\262%\235P\005\217\"\326\362\214\023"
 292      A466BEB2 
 292      259D5005 
 292      8F22D6F2 
 292      8C13
 293 02ca D3CCFDFD 		.ascii	"\323\314\375\375!\246\215U\262)iW\215\031\272\214`W"
 293      21A68D55 
 293      B2296957 
 293      8D19BA8C 
 293      6057
 294 02dc F79D1D26 		.ascii	"\367\235\035&\216N\006\344\261\340\233`l\232\342M\312"
 294      8E4E06E4 
 294      B1E09B60 
 294      6C9AE24D 
 294      CA
 295 02ed C0382B18 		.ascii	"\3008+\030\372\375\335\004\223\034\261\255\367\235C"
 295      FAFDDD04 
 295      931CB1AD 
 295      F79D43
 296 02fc 95961326 		.ascii	"\225\226\023&V\220FM9\364\033\272k\343H\271\305\303"
 296      5690464D 
 296      39F41BBA 
 296      6BE348B9 
 296      C5C3
 297 030e C3F33F9A 		.ascii	"\303\363?\232\354m\273\325\332\332\034\2312\237\241"
 297      EC6DBBD5 
 297      DADA1C99 
 297      329FA1
 298 031d C2E7C82A 		.ascii	"\302\347\310*\356\024\247\307\033\346\310\223\352\\"
 298      EE14A7C7 
 298      1BE6C893 
 298      EA5C
 299 032b 29C3EDDD 		.ascii	")\303\355\335f\230\343I\207\256\242\263\226\243\020"
 299      6698E349 
 299      87AEA2B3 
 299      96A310
 300 033a D50EF126 		.ascii	"\325\016\361&\346\257<\027E\375\335\347\313\354\260"
 300      E6AF3C17 
 300      45FDDDE7 
 300      CBECB0
 301 0349 CDBB1870 		.ascii	"\315\273\030po\301\022F\247\3327\267\371\315\033\267"
ARM GAS  C:\Users\elias\AppData\Local\Temp\ccx36qkX.s 			page 24


 301      6FC11246 
 301      A7DA37B7 
 301      F9CD1BB7 
 302 0359 3CE22BAF 		.ascii	"<\342+\257\375\371L\263\337\326\262\316\370\231\326"
 302      FDF94CB3 
 302      DFD6B2CE 
 302      F899D6
 303 0368 E6968C9F 		.ascii	"\346\226\214\237\224\331o{i\343\213\251-\231\326\365"
 303      94D96F7B 
 303      69E38BA9 
 303      2D99D6F5 
 304 0378 2DCD1B32 		.ascii	"-\315\0332\233_\300z\3627\371\316\246\266\227\233\376"
 304      9B5FC07A 
 304      F237F9CE 
 304      A6B6979B 
 304      FE
 305 0389 0155059E 		.ascii	"\001U\005\236\275"
 305      BD
 306              		.text
 307              		.section	.gnu.lto_psoc_nv_save.3d369fbe,"",%progbits
 308 0000 789C6590 		.ascii	"x\234e\220\317+DQ\024\307\317\367\2367\363\306\370\221"
 308      CF2B4451 
 308      14C7CFF7 
 308      9E37F3C6 
 308      F891
 309 0012 8D9549B3 		.ascii	"\215\225I\263\233l\244\374'\366\222\036;\215)?\266s"
 309      9B6CA4FC 
 309      27F6921E 
 309      3B8D293F 
 309      B673
 310 0024 79F36231 		.ascii	"y\363b1JIJJ\222\214\237C\261\230\262\230\215\022Q\263"
 310      4A494A4A 
 310      928C9F43 
 310      B198B298 
 310      8D1251B3 
 311 0038 9A64416C 		.ascii	"\232dAl$\312\024\311\202\347\234\301\312\251\3339\347"
 311      24CA14C9 
 311      82E79CC1 
 311      CAA9DB39 
 311      E7
 312 0049 DEEFF773 		.ascii	"\336\357\367sN\327!\220\306\264\244\016\311\355r\300"
 312      4ED72190 
 312      C6B4A40E 
 312      C9ED72C0 
 313 0059 04337749 		.ascii	"\0043wI4\0313\200\0266\006\312\032d\361f>\015\316\337"
 313      34193380 
 313      163606CA 
 313      1A64F166 
 313      3E0DCEDF 
 314 006d 4FF3F1CE 		.ascii	"O\363\361\316\015k\247\354\355\311\031/\026\312\010"
 314      0D6BA7EC 
 314      EDC9192F 
 314      16CA08
 315 007c 98283484 		.ascii	"\230(4\204\236\004\272\023\212\330@\247(+\271\375e~"
 315      9E04BA13 
 315      8AD840A7 
 315      282BB9FD 
ARM GAS  C:\Users\elias\AppData\Local\Temp\ccx36qkX.s 			page 25


 315      657E
 316 008e 3501038E 		.ascii	"5\001\003\216\264\265\213\245\373\026m\015\222\322\026"
 316      B4B58BA5 
 316      FB166D0D 
 316      92D216
 317 009d 9EEF571A 		.ascii	"\236\357W\032\271\031$\365\315l\365\243)\265\256L;?"
 317      B91924F5 
 317      CD6CF5A3 
 317      29B5AE4C 
 317      3B3F
 318 00af 641B0266 		.ascii	"d\033\002fl\201\225\271\211\004\012H\220\\\021\266\221"
 318      6C8195B9 
 318      89040A48 
 318      905C11B6 
 318      91
 319 00c0 12F5E1F1 		.ascii	"\022\365\341\361j\276\211\333\352\316\223p\355\354\317"
 319      6ABE89DB 
 319      EACE9370 
 319      EDECCF
 320 00cf 59E9B32C 		.ascii	"Y\351\263,\253`\347\307\371\263\215\356\206]\244T|w"
 320      AB60E7C7 
 320      F9B38DEE 
 320      865DA454 
 320      7C77
 321 00e1 F0B5D01C 		.ascii	"\360\265\320\034\315Y\211\244.,/{\210\352\027\024{\313"
 321      CD5989A4 
 321      2E2C2F7B 
 321      88EA1714 
 321      7BCB
 322 00f3 360C7D5B 		.ascii	"6\014}[\256:G\210\261\270\034\007:.\0025\273u\014\275"
 322      AE3A4788 
 322      B1B81C07 
 322      3A2E0235 
 322      BB750CBD 
 323 0107 88453FA4 		.ascii	"\210E?\244f\214f~\200_\276\312(\303g\026~\251\364t\355"
 323      668C667E 
 323      805FBECA 
 323      28C36716 
 323      7EA9F474 
 324 011c 663FED8C 		.ascii	"f?\355\214\265\255\001GB#h\024\221\025w\224\036dR]\351"
 324      B5AD0147 
 324      42236814 
 324      91157794 
 324      1E64525D 
 325 0131 FE53BAA1 		.ascii	"\376S\272\241\000\011\373\242\024\220\317\216\317\221"
 325      0009FBA2 
 325      1490CF8E 
 325      CF91
 326 013f 8063F408 		.ascii	"\200c\364\010\363k\241\372t\350TQ\3063\243#^\177z\242"
 326      F36BA1FA 
 326      74E85451 
 326      C633A323 
 326      5E7F7AA2 
 327 0153 CB23D71B 		.ascii	"\313#\327\033\030\356\037\034\360\0324{#\343\351\261"
 327      18EE1F1C 
 327      F01A347B 
 327      23E3E9B1 
ARM GAS  C:\Users\elias\AppData\Local\Temp\ccx36qkX.s 			page 26


 328 0163 6F6C3288 		.ascii	"ol2\210\265"
 328      B5
 329              		.text
 330              		.section	.gnu.lto_psoc_nv_load_for_gain.3d369fbe,"",%progbits
 331 0000 789C6D93 		.ascii	"x\234m\223ML\\U\024\307\357\271\347}\334\231a\246\254"
 331      4D4C5C55 
 331      14C7EFB9 
 331      E77DDC99 
 331      61A6AC
 332 0013 5C9849C3 		.ascii	"\\\230I\303\206`7J\323\215qe\342\316\205\213\356\315"
 332      8660374A 
 332      D38D7165 
 332      E2CE858B 
 332      EECD
 333 0025 64FA20A6 		.ascii	"d\372 \246\261t*\324\272\234\013\217\241\325b\343G\013"
 333      B1742AD4 
 333      BA9C0B8F 
 333      A1D562E3 
 333      470B
 334 0037 58AB4481 		.ascii	"X\253D\201\200\320\012#\037\212\305\366\265\245\323"
 334      80D00A23 
 334      1F8AC5F6 
 334      B5A5D3
 335 0046 5250FC68 		.ascii	"RP\374h\254\037\261\2554\022\203h\031\323Jh\255\343"
 335      AC1FB1AD 
 335      34128368 
 335      19D34A68 
 335      ADE3
 336 0058 39EF3D28 		.ascii	"9\357=(Z^r\337}\347\336\363\377\235\217{\237!@\360s"
 336      5A5E72DF 
 336      7DE7DEF3 
 336      FF9D8F7B 
 336      9F2140F0 
 337 006d C710623B 		.ascii	"\307\020b;\315u4 \"@\276\366\205\020\215JJ\343@\225"
 337      CD753420 
 337      2240BEF6 
 337      85108D4A 
 337      4AE34095 
 338 0081 D051E477 		.ascii	"\320Q\344w\031\202\021,\033RMl\246e\363\362c\264lJ\365"
 338      1982112C 
 338      1B524D6C 
 338      A665F3F2 
 338      63B46C4A 
 339 0096 974D9675 		.ascii	"\227M\226u\264 \310\264\302M\333\337\264A\261\006\024"
 339      B420C8B4 
 339      C24DDBDF 
 339      B441B106 
 339      14
 340 00a7 00CF5A81 		.ascii	"\000\317Z\201\310J4L\313V\220\305l\366\266\274'az\371"
 340      C84A344C 
 340      CB5690C5 
 340      6CF6B6BC 
 340      27617AF9 
 341 00bb 626B744B 		.ascii	"bktK\257\326M\372\372/W\261\275\317\203\034\012Q\222"
 341      AFD64DFA 
 341      FA2F57B1 
 341      BDCF831C 
ARM GAS  C:\Users\elias\AppData\Local\Temp\ccx36qkX.s 			page 27


 341      0A5192
 342 00ce 02B625A1 		.ascii	"\002\266%\241:\311I\365\302\026\362\354\237\236{\333"
 342      3AC949F5 
 342      C216F2EC 
 342      9F9E7BDB 
 343 00de C63808FA 		.ascii	"\3068\010\372\376\352n\313b\244\252\207U\272\375Y\215"
 343      FEEA6ECB 
 343      62A4AA87 
 343      55BAFD59 
 343      8D
 344 00ef 24813EC0 		.ascii	"$\201>\300\373*f\300\007P\305\276\315C\307\360\226\314"
 344      FB2A66C0 
 344      0750C5BE 
 344      CD43C7F0 
 344      96CC
 345 0101 21804166 		.ascii	"!\200Af\361\363\2437\022lJ\250 \263\357\367\033\235"
 345      F1F3A337 
 345      126C4AA8 
 345      20B3EFF7 
 345      1B9D
 346 0113 317CC8A7 		.ascii	"1|\310\247^{\365\312JYH\375\276VGr\210p<\240\016@\022"
 346      5E7BF5CA 
 346      4A5948FD 
 346      BE564772 
 346      88703CA0 
 347 012a FA81B914 		.ascii	"\372\201\271\024\351\204\317\035\231x\257\265\0147\373"
 347      E984CF1D 
 347      9978AFB5 
 347      0C37FB
 348 0139 CAF3A5AE 		.ascii	"\312\363\245\256K\253\312\366BLWsB\037>\220\320 T\261"
 348      4BABCAF6 
 348      424C5773 
 348      421F3E90 
 348      D02054B1 
 349 014d F7ED8583 		.ascii	"\367\355\205\203\375\233\360\021_\371\376h\337\311X"
 349      FD9BF011 
 349      5FF9FE68 
 349      DFC958
 350 015c 65172BBD 		.ascii	"e\027+\275#\205x\273\366\032+X<\264^\314\217\037e\331"
 350      238578BB 
 350      F61A2B58 
 350      3CB45ECC 
 350      8F1F65D9 
 351 0170 DB1454C2 		.ascii	"\333\024T\302\255\373zi\346\235XPI9\231\215\335\267"
 351      ADFB7A69 
 351      E69D5850 
 351      4939998D 
 351      DDB7
 352 0182 CE98B82D 		.ascii	"\316\230\270-\310\347\346\300\230\031R\337lIth\257\211"
 352      C8E7E6C0 
 352      981952DF 
 352      6C497468 
 352      AF89
 353 0194 A8068C04 		.ascii	"\250\006\214\004\324a\252\346#X\343\366L\237;\225\300"
 353      D461AAE6 
 353      2358E3F6 
 353      4C9F3B95 
ARM GAS  C:\Users\elias\AppData\Local\Temp\ccx36qkX.s 			page 28


 353      C0
 354 01a5 C77D65F7 		.ascii	"\307}e\367\\\347a\014\225\257\257\313gl\203|\372s\303"
 354      5CE7610C 
 354      95AFAFCB 
 354      676C837C 
 354      FA73C3
 355 01b8 872D7CC2 		.ascii	"\207-|\302\327\035<\324\371\355j\304\322\013k\001?\331"
 355      D71D3CD4 
 355      F9ED6AC4 
 355      D20B6B01 
 355      3FD9
 356 01ca 30E042D7 		.ascii	"0\340B\327r[\004\237\362\205\373\233\362\363V(\374;"
 356      725B049F 
 356      F285FB9B 
 356      F2F35628 
 356      FC3B
 357 01dc AD734FB2 		.ascii	"\255sO\262\354\323\015ek\005\203_\360\330\374T!\032"
 357      ECD30D65 
 357      6B05835F 
 357      F0D8FC54 
 357      211A
 358 01ee D4AF81EC 		.ascii	"\324\257\201\354\2257&\256Z\370\214O\355\355\350\236"
 358      953726AE 
 358      5AF88C4F 
 358      EDEDE89E 
 359 01fe 4A10D5D3 		.ascii	"J\020\325\323\332\273[\327\250\275fJ\307\204S\001\367"
 359      DABB5BD7 
 359      A8BD664A 
 359      C7845301 
 359      F7
 360 020f 33E24EDC 		.ascii	"3\342N\334\347\316\345\3779\022\267\2325=\025p\032*"
 360      E7CEE5FF 
 360      3912B79A 
 360      353D1570 
 360      1A2A
 361 0221 E1248D71 		.ascii	"\341$\215q\032\037\323\030\245\221\207J\276\221t\202"
 361      1A1FD318 
 361      A591874A 
 361      BE917482 
 362 0231 1E58FCD7 		.ascii	"\036X\374\327\014n\367t\251\344jo\305\354I\304\200O"
 362      0C6EF774 
 362      A9E46A6F 
 362      C5EC49C4 
 362      804F
 363 0243 57F2CB00 		.ascii	"W\362\313\000\276t\026\360\025\261\201\317[\321\262"
 363      BE7416F0 
 363      15B181CF 
 363      5BD1B2
 364 0252 15F18F5F 		.ascii	"\025\361\217_,\021\342Z\\\024\245\244\011\347\240\251"
 364      2C11E25A 
 364      5C14A5A4 
 364      09E7A0A9 
 365 0262 9CA3BF7B 		.ascii	"\234\243\277{\342\313\3232l\300\362O1=\244\325\003\327"
 365      E2CBD332 
 365      6CC0F24F 
 365      313DA4D5 
 365      03D7
ARM GAS  C:\Users\elias\AppData\Local\Temp\ccx36qkX.s 			page 29


 366 0274 991F3803 		.ascii	"\231\0378\003\225.\032\342gh\236u\177\273\016\377M\\"
 366      952E1AE2 
 366      67689E75 
 366      7FBB0EFF 
 366      4D5C
 367 0286 0FB73ECC 		.ascii	"\017\267>\314\036~\212%\011\377\257K\300Y\260\010r\016"
 367      1E7E8A25 
 367      09FFAF4B 
 367      C059B008 
 367      720E
 368 0298 2C82D0E6 		.ascii	",\202\320\346+w\256\034R\334=\376A'\303f,I\0247-,J#"
 368      2B77AE1C 
 368      52DC3DFE 
 368      4127C366 
 368      2C491437 
 369 02b0 C850FA05 		.ascii	"\310P\372\0053\226\303\376\340\356`\333\305\010\351"
 369      3396C3FE 
 369      E0EE60DB 
 369      C508E9
 370 02bf 0717C757 		.ascii	"\007\027\307W\342\254\247\206\300\371@\377'\360\316"
 370      E2ACA786 
 370      C0F940FF 
 370      27F0CE
 371 02ce E8FE997C 		.ascii	"\350\376\231|4 \003\024 )\217\2736-\267\345\316\316"
 371      34200314 
 371      20298FBB 
 371      362DB7E5 
 371      CECE
 372 02e0 DAC1B280 		.ascii	"\332\301\262\200\013\220\244\216\024\245)\362\012}\364"
 372      0B90A48E 
 372      14A529F2 
 372      0A7DF4
 373 02ef 70EBD301 		.ascii	"p\353\323\001\334Z\357\213\344{1L\256(-1i\343<\270m"
 373      DC5AEF8B 
 373      E47B314C 
 373      AE282D31 
 373      69E33CB8 
 374 0304 2D7F74D4 		.ascii	"-\177t\324\007\336\312E\206\177\343N\316b\000/\001L"
 374      07DECA45 
 374      867FE34E 
 374      CE62002F 
 374      014C
 375 0316 9182A0DF 		.ascii	"\221\202\240\337\255\346\253\310\343\345co\015\204\341"
 375      ADE6ABC8 
 375      E3E5636F 
 375      0D84E1
 376 0325 112EAD21 		.ascii	"\021.\255!m1c\340\257\320R\036x\362\1775>\276\370\243"
 376      6D3163E0 
 376      AFD0521E 
 376      78F27F35 
 376      3EBEF8A3 
 377 0339 9DBDA70F 		.ascii	"\235\275\247\017h]\236C\273D\307%`\032\262\202\032G"
 377      685D9E43 
 377      BB44C725 
 377      601AB282 
 377      1A47
 378 034b E951C01C 		.ascii	"\351Q\300\034*_\254\270K\013|\216.\202_?pe\346L~\244"
ARM GAS  C:\Users\elias\AppData\Local\Temp\ccx36qkX.s 			page 30


 378      2A5FACB8 
 378      4B0B7C8E 
 378      2E825F3F 
 378      7065E64C 
 379 0361 8C3FACCB 		.ascii	"\214?\254\313[y2&\267\022\331\006j/\220\202p\321=\015"
 379      5B793226 
 379      B712D906 
 379      6A2F9082 
 379      70D13D0D 
 380 0375 1927B57B 		.ascii	"\031'\265{\337\243\216P{\236K\247\234LM\255\355\244"
 380      DFA38E50 
 380      7B9E4BA7 
 380      9C4C4DAD 
 380      EDA4
 381 0387 77A56AD2 		.ascii	"w\245j\322N\204g'\363\342\356\275\321}\351];kRu\351"
 381      4E846727 
 381      F3E2EEBD 
 381      D17DE95D 
 381      3B6B5275 
 382 039c 86E78D1D 		.ascii	"\206\347\215\035\351\206Z\330\251\234z'E\373N\224?\032"
 382      E9865AD8 
 382      A99C7A27 
 382      45FB4E94 
 382      3F1A
 383 03ae F666EA6B 		.ascii	"\366f\352kk\214\372\314K\325\377\002\353\007\301|"
 383      6B8CFACC 
 383      4BD5FF02 
 383      EB07C17C 
 384              		.text
 385              		.section	.gnu.lto_psoc_nv_load.3d369fbe,"",%progbits
 386 0000 789C6590 		.ascii	"x\234e\220\273K\003A\020\306\347\333\271\344\022_\330"
 386      BB4B0341 
 386      10C6E7DB 
 386      B9E4125F 
 386      D8
 387 0011 5819245D 		.ascii	"X\031$]\260\021\301\377\304^D.\245D\305G\233\325\363"
 387      B011C1FF 
 387      C45E442E 
 387      A544C547 
 387      9BD5F3
 388 0024 D042C146 		.ascii	"\320B\301F\004\021DD\022\237\211\240\205`\221& \212"
 388      04114444 
 388      129F89A0 
 388      85609126 
 388      208A
 389 0036 82958585 		.ascii	"\202\225\205\205b\020\202(\030P\304B\317\231D+\007\226"
 389      62108228 
 389      1850C442 
 389      CF99442B 
 389      0796
 390 0048 99D9FDBE 		.ascii	"\231\331\375\276\337\014\353\020HcNR\227\344N9`\202"
 390      DF0CEB10 
 390      48634E52 
 390      97E44E39 
 390      6082
 391 005a 59BA229A 		.ascii	"Y\272\"\232\216\031@\013\033\003e\015\262x7_\006\027"
 391      8E19400B 
ARM GAS  C:\Users\elias\AppData\Local\Temp\ccx36qkX.s 			page 31


 391      1B03650D 
 391      B278375F 
 391      0617
 392 006c 1F670B4D 		.ascii	"\037g\013M\3359kg\354}\371\226W\362%\004L\024\032B_"
 392      DD396B67 
 392      EC7DF996 
 392      57F22504 
 392      4C141A42 
 393 0081 02BD0945 		.ascii	"\002\275\011E\344\320-\312\353\331\342\032\277\231\200"
 393      E4D02DCA 
 393      EBD9E21A 
 393      BF9980
 394 0090 0147DADA 		.ascii	"\001G\332\332\345j\245M[\203\244\264\371\227\312z3\267"
 394      E56AA54D 
 394      5B83A4B4 
 394      F997CA7A 
 394      33B7
 395 00a2 82A4BE5B 		.ascii	"\202\244\276[\274\371lIm)\323~\244m<`\306\016X\231\333"
 395      BCF96C49 
 395      6D29D37E 
 395      A46D3C60 
 395      C60E5899 
 396 00b7 48208F04 		.ascii	"H \217\004\311\025a\027)Q\037\235n,\264pG\335Y\0167"
 396      C9156117 
 396      29511F9D 
 396      6E2CB470 
 396      47DD590E 
 397 00cc CFFF9CC7 		.ascii	"\317\377\234\307\003\226e\025\3545\234\215mt7\354#\245"
 397      03966515 
 397      EC359C8D 
 397      6D7437EC 
 397      23A5
 398 00de E287C3EF 		.ascii	"\342\207\303\357\345\326\350\254\225H\352\302\362r\200"
 398      E5D6E8AC 
 398      9548EAC2 
 398      F27280
 399 00ed A87E41A1 		.ascii	"\250~A\241\277d\303\320\267\245\273\310#\307X\\\216"
 399      BF64C3D0 
 399      B7A5BBC8 
 399      23C7585C 
 399      8E
 400 00fe 031D1781 		.ascii	"\003\035\027\201\232\335:\206^\305\242\037R3F3W\341"
 400      9ADD3A86 
 400      5EC5A21F 
 400      52334633 
 400      57E1
 401 0110 976A63CA 		.ascii	"\227jc\312\360\231\205\177r\362|\353f\277\354\274\265"
 401      F099857F 
 401      72F27CEB 
 401      66BFECBC 
 401      B5
 402 0121 ED014742 		.ascii	"\355\001GB#h\024\220\025w\224\2522\251\256t\377)\335"
 402      23681490 
 402      157794AA 
 402      32A9AE74 
 402      FF29DD
 403 0134 508084A2 		.ascii	"P\200\204\242(\005\344\263\343s$\340\030=\301\374Z\250"
ARM GAS  C:\Users\elias\AppData\Local\Temp\ccx36qkX.s 			page 32


 403      2805E4B3 
 403      E37324E0 
 403      183DC1FC 
 403      5AA8
 404 0146 3E1D3A55 		.ascii	">\035:U\224M\243\343#\336`f\252\307#\327\033\032\036"
 404      944DA3E3 
 404      23DE6066 
 404      AAC723D7 
 404      1B1A1E
 405 0159 4C0F7971 		.ascii	"L\017yq\315\336\310df\342\007 \224\211a"
 405      CDDEC864 
 405      66E20720 
 405      948961
 406              		.text
 407              		.section	.gnu.lto_.symbol_nodes.3d369fbe,"",%progbits
 408 0000 789C5DCC 		.ascii	"x\234]\314M\016\301P\024@\341s{\373\243\335\004Vz;h"
 408      4D0EC150 
 408      1440E173 
 408      7BFBA3DD 
 408      04567A3B 
 409 0015 8C2512C6 		.ascii	"\214%\022\306\304&\230\251RB\330\202\210\241\025\030"
 409      C42698A9 
 409      5242D882 
 409      88A11518 
 410 0025 88F7A403 		.ascii	"\210\367\244\003\317\350$\337\340\304\010}\001\242\023"
 410      CFE824DF 
 410      E0C4087D 
 410      01A213
 411 0034 06E30B2E 		.ascii	"\006\343\013.\262\252\346\345\300\331\031\223\177\253"
 411      B2AAE6E5 
 411      C0D91993 
 411      7FAB
 412 0042 B1A833D6 		.ascii	"\261\2503\326\345\320\311\006\323P\032,\016e\213%\201"
 412      E5D0C906 
 412      D3501A2C 
 412      0E658B25 
 412      81
 413 0053 C81E4BBF 		.ascii	"\310\036K\277\002\245\037K\213e\001\034\260^\000G,\017"
 413      02A51F4B 
 413      8B65011C 
 413      B05E0047 
 413      2C0F
 414 0065 608715BF 		.ascii	"`\207\025\277\240\364\250f\317\276\222\361\230\372\246"
 414      A0F4A866 
 414      CFBE92F1 
 414      98FAA6
 415 0074 541357F1 		.ascii	"T\023W\361U\225\234f\324\2762\215\340>\272&\252\005"
 415      55959C66 
 415      D4BE328D 
 415      E03EBA26 
 415      AA05
 416 0086 CBDB5BD4 		.ascii	"\313\333[\324A\355\033\013\013\357I\347I\374u>\005\201"
 416      41ED1B0B 
 416      0BEF49E7 
 416      49FC753E 
 416      0581
 417 0098 4A66     		.ascii	"Jf"
ARM GAS  C:\Users\elias\AppData\Local\Temp\ccx36qkX.s 			page 33


 418              		.text
 419              		.section	.gnu.lto_.refs.3d369fbe,"",%progbits
 420 0000 789C6361 		.ascii	"x\234ca`\004B \000\000\0009\000\007"
 420      60044220 
 420      00000039 
 420      0007
 421              		.text
 422              		.section	.gnu.lto_.decls.3d369fbe,"",%progbits
 423 0000 789CBD57 		.ascii	"x\234\275WkP\024\331\025\356\323=\014\320\274,J+&\231"
 423      6B5014D9 
 423      15EED33D 
 423      0CD0BC2C 
 423      4A2B2699 
 424 0014 4A91FD81 		.ascii	"J\221\375\201\346\207\254\324\272\226I\2456\217\255"
 424      E687ACD4 
 424      BA9649A5 
 424      368FAD
 425 0023 CDFE4AD6 		.ascii	"\315\376J\326\332WR\225\251\232\035\207V\251R\206\232"
 425      DA575295 
 425      A99A1D87 
 425      56A95286 
 425      9A
 426 0034 195CF9D7 		.ascii	"\031\\\371\327\002\342\003\037\340*\012\342c\027\335"
 426      02E2031F 
 426      E02A0AE2 
 426      6317DD
 427 0043 008288A8 		.ascii	"\000\202\210\250\200/0\362\364\001\362\320\304\325U"
 427      802F30F2 
 427      F401F2D0 
 427      C4D555
 428 0052 5684F581 		.ascii	"V\204\365\201\353\350\022\021\021\311\271\217\236\356"
 428      EBE81211 
 428      11C9B98F 
 428      9EEE
 429 0060 6667B2FC 		.ascii	"fg\262\374J\027g\356\243\277s\316w\3179\367\336\306"
 429      4A1767EE 
 429      A3BF73CE 
 429      77CF39F7 
 429      DEC6
 430 0072 2280409E 		.ascii	"\"\200@\236\305q\202\220'\012B>\312$>\3418\3671\212"
 430      C5718290 
 430      270A423E 
 430      CA243EE1 
 430      38F7318A 
 431 0086 052511A5 		.ascii	"\005%\021\245\022\345\010J\215\300\236(\224z\224\263"
 431      12E5084A 
 431      8DC09E28 
 431      947A94B3 
 432 0096 28CD281D 		.ascii	"(\315(\035(](}(\017P\036\241\214\242\274\"`\020~\360"
 432      285D287D 
 432      280F501E 
 432      A18CA2BC 
 432      2260107E 
 433 00ab 10DD99DC 		.ascii	"\020\335\231\334n<\357\023\373/P\302\020\277\030\333"
 433      6E3CEF13 
 433      FB2F50C2 
 433      10BF18DB 
ARM GAS  C:\Users\elias\AppData\Local\Temp\ccx36qkX.s 			page 34


 434 00bb F75022B0 		.ascii	"\367P\"\260o\343\034\346\240T\243D\342\234\214r\237"
 434      6FE31CE6 
 434      A054A344 
 434      E29C8C72 
 434      9F
 435 00cc F0C07618 		.ascii	"\360\300v\030\333hl\237q\333\026n\337\310c\352Cx\317"
 435      DB686C9F 
 435      71DB166E 
 435      DFC863EA 
 435      4378CF
 436 00df 98E2BFC6 		.ascii	"\230\342\277\306\340\237\370#\034\210\3578`\\f`;1\305"
 436      E09FF823 
 436      1C88EF38 
 436      605C6660 
 436      3B31C5
 437 00f2 BFE68FD8 		.ascii	"\277\346\217\330\233\011l\275\017\202\370#1\212\374"
 437      9B096CBD 
 437      0F82F823 
 437      318AFC
 438 0101 1FEB257E 		.ascii	"\037\353%~fa[\307\361\022\327\371)\260\265L}:B\330\263"
 438      66615BC7 
 438      F112D7F9 
 438      29B0B54C 
 438      7D3A42D8 
 439 0116 1962F233 		.ascii	"\031b\3623l\317\033\354\021\035\222\213\346 \366\272"
 439      6CCF1BEC 
 439      111D928B 
 439      E620F6BA 
 440 0126 82D833C6 		.ascii	"\202\3303\306\203\330\3759\266g\014\366\2728\277\263"
 440      83D8FD39 
 440      B6670CF6 
 440      BA38BFB3 
 441 0136 41ECF585 		.ascii	"A\354\365\205\260g\344g\303\266\323`\257\217\363\353"
 441      B067E467 
 441      C3B6D360 
 441      AF8FF3EB 
 442 0146 0A626F42 		.ascii	"\012boB\204\352\265w\313#FD\260\3110\011d<\3340\026"
 442      84EAB577 
 442      CB234644 
 442      B0C93009 
 442      643CDC30 
 443 015b C3C6E4F5 		.ascii	"\303\306\344\365\355\261\262?%U\252\370\344\253\252"
 443      EDB1B23F 
 443      2555AAF8 
 443      E4ABAA
 444 016a 28EA7A45 		.ascii	"(\352zE\005\003\257\242\244(\002\022{\007\016\335\267"
 444      0503AFA2 
 444      A4280212 
 444      7B070EDD 
 444      B7
 445 017b C05CF94B 		.ascii	"\300\\\371K\202\353\357\275\373V\203\252\316\200J\220"
 445      82EBEFBD 
 445      FB5683AA 
 445      CE804A90 
 446 018b A1022428 		.ascii	"\241\002$(\207$\302\300&\343\357zU\315R\375_\250\326"
 446      8724C2C0 
 446      26E3EF7A 
ARM GAS  C:\Users\elias\AppData\Local\Temp\ccx36qkX.s 			page 35


 446      55CD52FD 
 446      5FA8D6
 447 019e D902BC61 		.ascii	"\331\002\274a\203\3716\001\016\301\\\342\214\240\240"
 447      83F93601 
 447      0EC15CE2 
 447      8CA0A0
 448 01ad 0C6CF00F 		.ascii	"\014l\360\017\300I\324E\037\3359GJ$\344\022/\203\005"
 448      C049D445 
 448      1FDD3947 
 448      4A24E412 
 448      2F8305
 449 01c0 874F2E17 		.ascii	"\207O.\027\017\304\342p\246\014\0118\364\227O\216\304"
 449      0FC4E270 
 449      A60C0938 
 449      F4974F8E 
 449      C4
 450 01d1 C9DC62FE 		.ascii	"\311\334b\376\217XD\374\203\315\373o\307Do$\370\374"
 450      8F5844FC 
 450      83CDFB6F 
 450      C7446F24 
 450      F8FC
 451 01e3 6C35BE3D 		.ascii	"l5\276=\026\252\221\341a\004T!@\200#\020MC\205-\242"
 451      16AA91E1 
 451      61045421 
 451      40802310 
 451      4D43852D 
 452 01f8 F3FA5EFE 		.ascii	"\363\372^\376\301\004\2564\201k8\270\206\202'\367\035"
 452      C104AE34 
 452      816B38B8 
 452      868227F7 
 452      1D
 453 0209 DB1A7103 		.ascii	"\333\032q\003\256\203\024\330\226\000\354\027\250\010"
 453      AE8314D8 
 453      9600EC17 
 453      A808
 454 0217 4CE8103B 		.ascii	"L\350\020;\242\300:\332T\340\0218D\324\272\2721\372"
 454      A2C03ADA 
 454      54E01138 
 454      44D4BABA 
 454      31FA
 455 0229 C7F56152 		.ascii	"\307\365aR{\250\021\335:p%6\346\312\002W\002Qw\000l"
 455      7BA811DD 
 455      3A702536 
 455      E6CA0257 
 455      02517700 
 456 023e A86918EC 		.ascii	"\250i\030\354Ma\244q\326\334\010\242V\001\027N\236\316"
 456      4D61A471 
 456      D6DC08A2 
 456      5601174E 
 456      9ECE
 457 0250 8B93DEA0 		.ascii	"\213\223\336\240e2\270s\337C\253\005_\3210-\261\220"
 457      6532B873 
 457      DF43AB05 
 457      5FD1302D 
 457      B190
 458 0262 B98D45D7 		.ascii	"\271\215E\327\256\003\235\303\210\3021\240\223\033z"
 458      AE039DC3 
ARM GAS  C:\Users\elias\AppData\Local\Temp\ccx36qkX.s 			page 36


 458      88C231A0 
 458      931B7A
 459 0271 DBF2A303 		.ascii	"\333\362\243\003\300\343lr\350\\\356x\354\354BZe\331"
 459      C0E36C72 
 459      E85CEE78 
 459      ECEC425A 
 459      65D9
 460 0283 6A82654A 		.ascii	"j\202eJ\254\353`6\376\236\000\013\363\373\274$\367^"
 460      ACEB6036 
 460      FE9E000B 
 460      F3FBBC24 
 460      F75E
 461 0295 EC6BFBD5 		.ascii	"\354k\373\325\246#j\177w\353Ovf\347\264\243\342|\002"
 461      A6236A7F 
 461      77EB4F76 
 461      66E7B4A3 
 461      E27C02
 462 02a8 835ABDDE 		.ascii	"\203Z\275\336jI2\0048\0127\220x=\274\206\232\015\371"
 462      6A493204 
 462      380A3790 
 462      783DBC86 
 462      9A0DF9
 463 02bb F776C64A 		.ascii	"\367v\306J\177\017\311\270\366\233\242\232X:\207i\205"
 463      7F0FC9B8 
 463      F69BA29A 
 463      583A8769 
 463      85
 464 02cc 938C5CF5 		.ascii	"\223\214\\\365\335\321\272\230\000\360\024\233T\333"
 464      DDD1BA98 
 464      00F0149B 
 464      54DB
 465 02da C6B2E5D0 		.ascii	"\306\262\345\320\214\317P\306\2475\306u\205\227/\204"
 465      8CCF50C6 
 465      A735C675 
 465      85972F84 
 466 02ea 31C64DCF 		.ascii	"1\306M\317\006UP7\240\236\225\240\240A'\334`$|\226\022"
 466      06555037 
 466      A09E95A0 
 466      A04127DC 
 466      60247C96 
 467 02ff 1E69ADEC 		.ascii	"\036i\255\354\220\244\325\323\014qS\260\020\237\233"
 467      90A4D5D3 
 467      0C7153B0 
 467      109F9B
 468 030e 5688CF53 		.ascii	"V\210\317S\302\377\324\010\027l\351+\027\221p?\022\276"
 468      C2FFD408 
 468      176CE92B 
 468      1791703F 
 468      12BE
 469 0320 9542E866 		.ascii	"\225B\350fY\010\006\032u\272\215F\272\315\224niV\351"
 469      5908061A 
 469      75BA8D46 
 469      BACD946E 
 469      6956E9
 470 0333 4E51DA02 		.ascii	"NQ\332\002\323\344\333\312\250\215\356\337\334\032\036"
 470      D3E4DBCA 
 470      A88DEEDF 
ARM GAS  C:\Users\elias\AppData\Local\Temp\ccx36qkX.s 			page 37


 470      DC1A1E
 471 0342 9A5A3BA5 		.ascii	"\232Z;\245\326\246Q\333\266\326_Lb\271\037\251\365Q"
 471      D6A651DB 
 471      B6D65F4C 
 471      62B91FA9 
 471      F551
 472 0354 6AAA8560 		.ascii	"j\252\205`\240E\247\326b\244\326A\251\265\337zR\037"
 472      A045A7D6 
 472      62A4D641 
 472      A9B5DF7A 
 472      521F
 473 0366 29ED0E4D 		.ascii	")\355\016M\315\234\373\213\301r\177iZ\271\357\244|/"
 473      CD9CFB8B 
 473      C1727F69 
 473      5AB9EFA4 
 473      7C2F
 474 0378 6B7C2B4E 		.ascii	"k|+N\3267h\241|\246\360P\"\006.\350|/\030\371vQ\276"
 474      D63768A1 
 474      7CA6F050 
 474      22062EE8 
 474      7C2F18F9 
 475 038f 872A8607 		.ascii	"\207*\206\007\242\244\232\351\362\355f\324N\354\370"
 475      A2A49AE9 
 475      F2ED66D4 
 475      4EECF8
 476 039e AC2F2634 		.ascii	"\254/&4\265^J\255G\243\366\370tY\013\360P\336Tx(\021"
 476      B55E4AAD 
 476      47A3F6F8 
 476      74590BF0 
 476      50DE5478 
 477 03b4 0357746A 		.ascii	"\003WtjW\214\324\372(\265\222\247\203{\254\322YF\355"
 477      578CD4FA 
 477      28B592A7 
 477      837BACD2 
 477      5946ED
 478 03c7 E08B713F 		.ascii	"\340\213q?9\242\023\361\372\230\224\014\367G\"\273?"
 478      39A213F1 
 478      FA98940C 
 478      F74722BB 
 478      3F
 479 03d8 1A2F767C 		.ascii	"\032/v|\031-53p\313\344hS\034;\317E\034\366\370/\355"
 479      192D3533 
 479      70CBE468 
 479      531C3BCF 
 479      451CF6F8 
 480 03ee 8962E7F9 		.ascii	"\211b\347\371\014\274E\0164e\255\005\220\347\322\023"
 480      0CBC450E 
 480      3465AD05 
 480      90E7D213 
 481 03fe 5DCD56E5 		.ascii	"]\315V\345\262X\001\276B\362\327\311\215p\023\017\365"
 481      B25801BE 
 481      42F2D7C9 
 481      8D70130F 
 481      F5
 482 040f 447EA8FF 		.ascii	"D~\250\377\013'\257\341$\273o\032;\347\321\373\346\006"
 482      0B27AFE1 
 482      24BB6F1A 
ARM GAS  C:\Users\elias\AppData\Local\Temp\ccx36qkX.s 			page 38


 482      3BE7D1FB 
 482      E606
 483 0421 AEF5DF3A 		.ascii	"\256\365\337:\363D\231\255\362l\301\215!Y\352\021\351"
 483      F34499AD 
 483      F26CC18D 
 483      2159EA11 
 483      E9
 484 0432 4D55EEBF 		.ascii	"MU\356\277T\031\027\322\307\355\220>F\013\023+\211\217"
 484      541917D2 
 484      C7ED903E 
 484      460B132B 
 484      898F
 485 0444 5BE8E36B 		.ascii	"[\350\343k\335\007\272\344\241\274\221;.\323l\334\012"
 485      DD07BAE4 
 485      A1BC913B 
 485      2ED36CDC 
 485      0A
 486 0455 64E858D3 		.ascii	"d\350X\323\367U\026\251G\242\216\273k\257\267D\006\256"
 486      F75516A9 
 486      47A28EBB 
 486      6BAFB744 
 486      06AE
 487 0467 C8C6CE5F 		.ascii	"\310\306\316_\324\023s\003\010\376\346\307\257\310;"
 487      D4137303 
 487      08FEE6C7 
 487      AFC83B
 488 0476 C12FB4F2 		.ascii	"\301/\264\362}e\3151\322M\346\340\321\366\207\353\245"
 488      7D65CD31 
 488      D24DE6E0 
 488      D1F687EB 
 488      A5
 489 0487 8083D142 		.ascii	"\200\203\321B\333!\342`\010\035\334\325\035\014@\010"
 489      DB21E260 
 489      081DDCD5 
 489      1D0C4008 
 490 0497 0F83C13D 		.ascii	"\017\203\301=l\277\327\026i\272\004\207L\365\364-\273"
 490      6CBFD716 
 490      69BA0487 
 490      4CF5F42D 
 490      BB
 491 04a8 040995B2 		.ascii	"\004\011\225\262\257Z\331F\3019\350g\325xr\242\363\204"
 491      AF5AD946 
 491      C139E867 
 491      D57872A2 
 491      F384
 492 04ba 69A3DC32 		.ascii	"i\243\3342i\337\247\325xO\253\306S\003U\203dc\367#\375"
 492      69DFA7D5 
 492      784FABC6 
 492      53035583 
 492      6463F723 
 493 04cf A27D6F15 		.ascii	"\242}o\025\037Us\"\011\006\256\352\374\257\322j\304"
 493      1F557322 
 493      0906AEEA 
 493      FCAFD26A 
 493      C4
 494 04e0 CE035A89 		.ascii	"\316\003Z\211\255W\306+\"\245\2074\000p%\257%;.t\355"
 494      AD57C62B 
ARM GAS  C:\Users\elias\AppData\Local\Temp\ccx36qkX.s 			page 39


 494      22A58734 
 494      007025AF 
 494      253B2E74 
 495 04f5 0F536F4B 		.ascii	"\017SoK\270\263\322\233\335\353D\315\331\235OF\2503"
 495      B8B3D29B 
 495      DDEB44CD 
 495      D99D4F46 
 495      A833
 496 0507 84C043DD 		.ascii	"\204\300C\335\331C\315\331#\352\2547\367xa\234t\320"
 496      D943CDD9 
 496      23EAAC37 
 496      F778619C 
 496      74D0
 497 0519 32CDC3ED 		.ascii	"2\315\303\3551\213\301\327\355\345\207\310\376\230#"
 497      318BC1D7 
 497      EDE587C8 
 497      FE9823
 498 0528 D33B3BCE 		.ascii	"\323;;\316\260C\346\260\035r\365\304\332\341(\351(\265"
 498      B043E6B0 
 498      1D72F5C4 
 498      DAE128E9 
 498      28B5
 499 053a 2B567DBE 		.ascii	"+V}\276\251\332\252\325'\213\271\020X\004\374\007\263"
 499      A9DAAAD5 
 499      278BB910 
 499      5804FC07 
 499      B3
 500 054b 348767E9 		.ascii	"4\207g\351)N>\011\324g\357\360\2075\353\360\003\015"
 500      294E3E09 
 500      D467EFF0 
 500      8735EBF0 
 500      030D
 501 055d 4690CEF7 		.ascii	"F\220\316\367\372\032\346\360\372\034\254?\276\304\030"
 501      FA1AE6F0 
 501      FA1CAC3F 
 501      BEC418
 502 056c 9B11536C 		.ascii	"\233\021Sl\236\321\330\370\265L\354\037io\213\012\004"
 502      9ED1D8F8 
 502      B54CEC1F 
 502      696F8B0A 
 502      04
 503 057d 27FD4069 		.ascii	"'\375@inS>P\024|\247\233\376N\013\317(\015\317\236\226"
 503      6E533E50 
 503      147CA79B 
 503      FE4E0BCF 
 503      280DCF9E 
 504 0592 AE85D229 		.ascii	"\256\205\322)\026\235\262\317[ke\351\"[R\311\366sU\326"
 504      169DB2CF 
 504      5B6B65E9 
 504      225B52C9 
 504      F67355D6 
 505 05a6 905B6E3C 		.ascii	"\220[n<\344\226\353\275\307>#_ \325\261\037n\353\302"
 505      E496EBBD 
 505      C73E235F 
 505      20D5B11F 
 505      6EEBC2
 506 05b9 DE913116 		.ascii	"\336\2211\026\355\027\201\014l;\255>\012\013]\002\023"
ARM GAS  C:\Users\elias\AppData\Local\Temp\ccx36qkX.s 			page 40


 506      ED17810C 
 506      6C3BAD3E 
 506      0A0B5D02 
 506      13
 507 05ca 74992FB5 		.ascii	"t\231/\265e\226\366\024m\207\3002\377\306j\0001\360"
 507      6596F614 
 507      6D87C032 
 507      FFC66A00 
 507      31F0
 508 05dc 5CF7F65C 		.ascii	"\\\367\366\\[\344+\272\310\376=\307\232\"\245\036\266"
 508      5BE42BBA 
 508      C8FE3DC7 
 508      9A22A51E 
 508      B6
 509 05ed CA53FEFB 		.ascii	"\312S\376\373\277\346\352{\277\375do\240\204&u\365I"
 509      BFE6EA7B 
 509      BFFD646F 
 509      A0842675 
 509      F549
 510 05ff 4D5D1589 		.ascii	"M]\025\211\372\341\247#\207\255\354\374#\2050\324\376"
 510      FAE1A723 
 510      87ADECFC 
 510      238530D4 
 510      FE
 511 0610 E46514F9 		.ascii	"\344e\024\371\200U\265\355\025o\244\233%\342R\341u\033"
 511      8055B5ED 
 511      156FA49B 
 511      25E252E1 
 511      751B
 512 0622 AC11E966 		.ascii	"\254\021\351f\324\216\313xz\\\302\211\241\216V\231\235"
 512      D48ECB78 
 512      7A5CC289 
 512      A18E5699 
 512      9D
 513 0633 9E2AF970 		.ascii	"\236*\371p\3378^\232\033\036\237\317?\325\177\017t\361"
 513      DF385E9A 
 513      1B1E9FCF 
 513      3FD57F0F 
 513      74F1
 514 0645 39A20DB2 		.ascii	"9\242\015\262Ebm\255\030\257\331\244\203\011Q:}mw\211"
 514      45626DAD 
 514      18AFD9A4 
 514      8309513A 
 514      7D6D7789 
 515 0659 84EEC89F 		.ascii	"\204\356\310\237\\\254\022\"\335\000\353\021B\007\376"
 515      5CAC1222 
 515      DD00EB11 
 515      4207FE
 516 0668 DFD13EE5 		.ascii	"\337\321>\345\347\317R\255\273b\265\343B\240/\004\310"
 516      E7CF52AD 
 516      BB62B5E3 
 516      42A02F04 
 516      C8
 517 0679 45EBEBD0 		.ascii	"E\353\353\320:\031\"\203\234\275\007\306\302M\307\005"
 517      3A192283 
 517      9CBD07C6 
 517      C24DC705 
ARM GAS  C:\Users\elias\AppData\Local\Temp\ccx36qkX.s 			page 41


 518 0689 D9BEFA82 		.ascii	"\331\276\372\2026\210\354\233\031[\022\214m]O\243Lh"
 518      3688EC9B 
 518      195B128C 
 518      6D5D4FA3 
 518      4C68
 519 069b 6465406F 		.ascii	"de@o\344\350\215\014\335\274\241B4\241\207M\266\363"
 519      E4E88D0C 
 519      DDBCA142 
 519      34A1874D 
 519      B6F3
 520 06ad 383A8FA2 		.ascii	"8:\217\242\253\032\013^F\230\320\317L\350M\034\275\211"
 520      AB1A0B5E 
 520      4698D0CF 
 520      4CE84D1C 
 520      BD89
 521 06bf A0A50D5B 		.ascii	"\240\245\015[s6G\233\342\340\307\177\325a\253\026\010"
 521      7336479B 
 521      E2E0C77F 
 521      D561AB16 
 521      08
 522 06d0 B5E08BDF 		.ascii	"\265\340\213\337\322\021\015\305\324\022\026\350+\001"
 522      D2110DC5 
 522      D41216E8 
 522      2B01
 523 06de B6603036 		.ascii	"\266`06\223`l\245\301\030\334\221{\307|vN\230(\344s"
 523      93606CA5 
 523      C118DC91 
 523      7BC77C76 
 523      4E9828E4 
 524 06f3 0AF994F0 		.ascii	"\012\371\224\360\343\342\275W\303\244\247\241\017\227"
 524      E3E2BD57 
 524      C3A4A7A1 
 524      0F97
 525 0701 93A50FEE 		.ascii	"\223\245\017\356G\032K\373\205\251\264?\023Iio\023y"
 525      471A4BFB 
 525      85A9B43F 
 525      1349696F 
 525      1379
 526 0713 69E7D63E 		.ascii	"i\347\326>\037\225\2606\257\320O\344\330}GU\376\341"
 526      1F95B036 
 526      AFD04FE4 
 526      D87D4755 
 526      FEE1
 527 0725 81382810 		.ascii	"\2018(\020\003\365\211]\375v\337Nk\364b\305\226jsZ\352"
 527      03F5895D 
 527      FD76DF4E 
 527      6BF462C5 
 527      966A735A 
 528 073a 4CBC7770 		.ascii	"L\274wp\336;XZ\312\017\326X\245W\241y\037\337u\355\250"
 528      DE3B585A 
 528      CA0FD658 
 528      A557A179 
 528      1FDF75ED 
 529 074f 25F496DC 		.ascii	"%\364\226\334Ey\357\324xo^\263iS8\343\335T\263\272H"
 529      4579EFD4 
 529      786F5EB3 
 529      695338E3 
ARM GAS  C:\Users\elias\AppData\Local\Temp\ccx36qkX.s 			page 42


 529      DD54B3BA 
 530 0764 6DCA51D5 		.ascii	"m\312Q\3255\"AA\241\316\272\320\310\272(\004\353\363"
 530      35224141 
 530      A1CEBAD0 
 530      C8BA2804 
 530      EBF3
 531 0776 26D6C59C 		.ascii	"&\326\305\234u1e]P\327\326\003&\364\031\023z7G\357\016"
 531      7531655D 
 531      50D7D603 
 531      26F41913 
 531      7A3747EF 
 532 078b 81EE34A1 		.ascii	"\201\3564\241K8\232\264\021\357\376\345\243\204\267"
 532      4B389AB4 
 532      11EFFEE5 
 532      A384B7
 533 079a 939385B0 		.ascii	"\223\223\205\260\214\3244\337\242_\276\253\244)\036"
 533      8CD434DF 
 533      A25FBEAB 
 533      A4291E
 534 07a9 A74F4971 		.ascii	"\247OIq|\340\316\360\270\024\373\342\017\334o\277\371"
 534      7CE0CEF0 
 534      B814FBE2 
 534      0FDC6FBF 
 534      F9
 535 07ba BA2BD397 		.ascii	"\272+\323\227\231\256x\223\226\013\266t\257\333\345"
 535      99AE7893 
 535      960BB674 
 535      AFDBE5
 536 07c9 485BE5F0 		.ascii	"H[\345\360:W)"
 536      3A5729
 537 07d0 8EA56E8F 		.ascii	"\216\245n\217c\23135-)\335\351\361%\315\227\371\313"
 537      63993335 
 537      2D29DDE9 
 537      F125CD97 
 537      F9CB
 538 07e2 24978E5B 		.ascii	"$\227\216[\341v\246L\301%\317\012j$\3328;+\250~\264"
 538      E176A64C 
 538      C125CF0A 
 538      6A24DA38 
 538      3B2BA87E 
 539 07f7 7136CCE5 		.ascii	"q6\314\345q%/\224\035\016B=y\241\303\267\006\\\277\261"
 539      71252F94 
 539      1D0E423D 
 539      79A1C3B7 
 539      065CBFB1 
 540 080b A77BDCCB 		.ascii	"\247{\334\313<\316\225\011KSW(\336\204\271\253\027-"
 540      3CCE9509 
 540      4B535728 
 540      DE84B9AB 
 540      172D
 541 081d FC95DD95 		.ascii	"\374\225\335\225\231\356Q\274^;\321Npy\024\247\317\355"
 541      99EE51BC 
 541      5E3BD14E 
 541      707914A7 
 541      CFED
 542 082f B12F485A 		.ascii	"\261/HZ`\236H]\231\356\366\370\354\313\3222\354N\317"
 542      609E485D 
ARM GAS  C:\Users\elias\AppData\Local\Temp\ccx36qkX.s 			page 43


 542      99EEF6F8 
 542      ECCBD232 
 542      EC4ECF
 543 0842 4AFB9B49 		.ascii	"J\373\233I\013\222\222Io^\232;M\231\2478\227\244\332"
 543      0B929249 
 543      6F5E9A3B 
 543      4D99A738 
 543      97A4DA
 544 0855 53D35C2B 		.ascii	"S\323\\+2R\024\373J\247kyj\232bw\244(K\235\031+|\016"
 544      325214FB 
 544      4AA76B79 
 544      6A9A6277 
 544      A4284B9D 
 545 086d 2D3C111A 		.ascii	"-<\021\032\227U\377/*\336L\257\335\341\365\245\240_"
 545      9755FF2F 
 545      2ADE4CAF 
 545      DDE1F5A5 
 545      A05F
 546 087f F41FC9A2 		.ascii	"\364\037\311\242\261\310\341\013\347\255\025\243\204"
 546      B1C8E10B 
 546      E7AD15A3 
 546      84
 547 088c 2F66BFF3 		.ascii	"/f\277\363\316\342\367\337\373\263\343\243\364\024L"
 547      CEE2F7DF 
 547      FBB3E3A3 
 547      F4144C
 548 089b EF87CACA 		.ascii	"\357\207\312\312t\222\347\014\217\222\020\"\345\014"
 548      7492E70C 
 548      8F921022 
 548      E50C
 549 08a9 8F9AD15C 		.ascii	"\217\232\321\\\363\257\236T\237\022\341\312\364\372"
 549      F3AF9E54 
 549      9F12E1CA 
 549      F4FA
 550 08b7 50CF1BC7 		.ascii	"P\317\033\307g\337W\234)\177\314\364)V\266\360\2314"
 550      67DF579C 
 550      297FCCF4 
 550      2956B6F0 
 550      9934
 551 08c9 41CB3F75 		.ascii	"A\313?u,S|\216\364eN\207\313\235\242\310|\022\215Ea"
 551      2C537C8E 
 551      F4654E87 
 551      CB9DA2C8 
 551      7C128D45 
 552 08de EE3CEE4F 		.ascii	"\356<\356O\035K\234^%\006\373$\251\216U\316\025\251"
 552      1D4B9C5E 
 552      2506FB24 
 552      A98E55CE 
 552      15A9
 553 08f0 29FF053B 		.ascii	")\377\005;\353\177\013"
 553      EB7F0B
 554              		.text
 555              		.section	.gnu.lto_.symtab.3d369fbe,"",%progbits
 556 0000 70736F63 		.ascii	"psoc_nv_save_for_gain\000"
 556      5F6E765F 
 556      73617665 
 556      5F666F72 
ARM GAS  C:\Users\elias\AppData\Local\Temp\ccx36qkX.s 			page 44


 556      5F676169 
 557 0016 00       		.ascii	"\000"
 558 0017 00       		.ascii	"\000"
 559 0018 00       		.ascii	"\000"
 560 0019 00000000 		.ascii	"\000\000\000\000\000\000\000\000"
 560      00000000 
 561 0021 C4000000 		.ascii	"\304\000\000\000"
 562 0025 70736F63 		.ascii	"psoc_nv_save\000"
 562      5F6E765F 
 562      73617665 
 562      00
 563 0032 00       		.ascii	"\000"
 564 0033 00       		.ascii	"\000"
 565 0034 00       		.ascii	"\000"
 566 0035 00000000 		.ascii	"\000\000\000\000\000\000\000\000"
 566      00000000 
 567 003d C9000000 		.ascii	"\311\000\000\000"
 568 0041 70736F63 		.ascii	"psoc_nv_load_for_gain\000"
 568      5F6E765F 
 568      6C6F6164 
 568      5F666F72 
 568      5F676169 
 569 0057 00       		.ascii	"\000"
 570 0058 00       		.ascii	"\000"
 571 0059 00       		.ascii	"\000"
 572 005a 00000000 		.ascii	"\000\000\000\000\000\000\000\000"
 572      00000000 
 573 0062 CF000000 		.ascii	"\317\000\000\000"
 574 0066 70736F63 		.ascii	"psoc_nv_load\000"
 574      5F6E765F 
 574      6C6F6164 
 574      00
 575 0073 00       		.ascii	"\000"
 576 0074 00       		.ascii	"\000"
 577 0075 00       		.ascii	"\000"
 578 0076 00000000 		.ascii	"\000\000\000\000\000\000\000\000"
 578      00000000 
 579 007e D4000000 		.ascii	"\324\000\000\000"
 580 0082 63726331 		.ascii	"crc16\000"
 580      3600
 581 0088 00       		.ascii	"\000"
 582 0089 02       		.ascii	"\002"
 583 008a 00       		.ascii	"\000"
 584 008b 00000000 		.ascii	"\000\000\000\000\000\000\000\000"
 584      00000000 
 585 0093 EA000000 		.ascii	"\352\000\000\000"
 586 0097 45455052 		.ascii	"EEPROM_UpdateTemperature\000"
 586      4F4D5F55 
 586      70646174 
 586      6554656D 
 586      70657261 
 587 00b0 00       		.ascii	"\000"
 588 00b1 02       		.ascii	"\002"
 589 00b2 00       		.ascii	"\000"
 590 00b3 00000000 		.ascii	"\000\000\000\000\000\000\000\000"
 590      00000000 
 591 00bb ED000000 		.ascii	"\355\000\000\000"
ARM GAS  C:\Users\elias\AppData\Local\Temp\ccx36qkX.s 			page 45


 592 00bf 45455052 		.ascii	"EEPROM_Write\000"
 592      4F4D5F57 
 592      72697465 
 592      00
 593 00cc 00       		.ascii	"\000"
 594 00cd 02       		.ascii	"\002"
 595 00ce 00       		.ascii	"\000"
 596 00cf 00000000 		.ascii	"\000\000\000\000\000\000\000\000"
 596      00000000 
 597 00d7 F7000000 		.ascii	"\367\000\000\000"
 598 00db 45455052 		.ascii	"EEPROM_ReadByte\000"
 598      4F4D5F52 
 598      65616442 
 598      79746500 
 599 00eb 00       		.ascii	"\000"
 600 00ec 02       		.ascii	"\002"
 601 00ed 00       		.ascii	"\000"
 602 00ee 00000000 		.ascii	"\000\000\000\000\000\000\000\000"
 602      00000000 
 603 00f6 FE000000 		.ascii	"\376\000\000\000"
 604 00fa 70736F63 		.ascii	"psoc_hw_get_pga_code\000"
 604      5F68775F 
 604      6765745F 
 604      7067615F 
 604      636F6465 
 605 010f 00       		.ascii	"\000"
 606 0110 02       		.ascii	"\002"
 607 0111 00       		.ascii	"\000"
 608 0112 00000000 		.ascii	"\000\000\000\000\000\000\000\000"
 608      00000000 
 609 011a 00010000 		.ascii	"\000\001\000\000"
 610              		.text
 611              		.section	.gnu.lto_.opts,"",%progbits
 612 0000 272D666D 		.ascii	"'-fmath-errno' '-fsigned-zeros' '-ftrapping-math' '"
 612      6174682D 
 612      6572726E 
 612      6F272027 
 612      2D667369 
 613 0033 2D666E6F 		.ascii	"-fno-trapv' '-fno-openmp' '-fno-openacc' '-mcpu=cor"
 613      2D747261 
 613      70762720 
 613      272D666E 
 613      6F2D6F70 
 614 0066 7465782D 		.ascii	"tex-m3' '-mthumb' '-g' '-O3' '-ffunction-sections' "
 614      6D332720 
 614      272D6D74 
 614      68756D62 
 614      2720272D 
 615 0099 272D6666 		.ascii	"'-ffat-lto-objects' '-finline-functions' '-flto'\000"
 615      61742D6C 
 615      746F2D6F 
 615      626A6563 
 615      74732720 
 616              		.text
 617              		.cfi_sections	.debug_frame
 618              		.section	.text.psoc_nv_save,"ax",%progbits
 619              		.align	2
ARM GAS  C:\Users\elias\AppData\Local\Temp\ccx36qkX.s 			page 46


 620              		.global	psoc_nv_save
 621              		.thumb
 622              		.thumb_func
 623              		.type	psoc_nv_save, %function
 624              	psoc_nv_save:
 625              	.LFB65:
 626              		.file 1 "psoc_nv.c"
   1:psoc_nv.c     **** #include "psoc_nv.h"
   2:psoc_nv.c     **** #include "crc.h"
   3:psoc_nv.c     **** #include "psoc_hw.h"
   4:psoc_nv.c     **** 
   5:psoc_nv.c     **** #define NV_ROW_FOR_GAIN(gain) ((uint8)(gain))
   6:psoc_nv.c     **** #define NV_CRC_OFFSET 14u
   7:psoc_nv.c     **** 
   8:psoc_nv.c     **** static uint8 nv_gain_valid(uint8 pga_code)
   9:psoc_nv.c     **** {
  10:psoc_nv.c     ****     return (pga_code < PSOC_NV_GAIN_SLOTS) ? 1u : 0u;
  11:psoc_nv.c     **** }
  12:psoc_nv.c     **** 
  13:psoc_nv.c     **** static uint16 nv_row_base(uint8 row)
  14:psoc_nv.c     **** {
  15:psoc_nv.c     ****     return ((uint16)row * (uint16)PSOC_NV_ROW_SIZE);
  16:psoc_nv.c     **** }
  17:psoc_nv.c     **** 
  18:psoc_nv.c     **** uint8 psoc_nv_save(const uint8 *cal_dac, uint8 cal_count)
  19:psoc_nv.c     **** {
 627              		.loc 1 19 0
 628              		.cfi_startproc
 629              		@ args = 0, pretend = 0, frame = 16
 630              		@ frame_needed = 0, uses_anonymous_args = 0
 631              	.LVL0:
 632 0000 70B5     		push	{r4, r5, r6, lr}
 633              		.cfi_def_cfa_offset 16
 634              		.cfi_offset 4, -16
 635              		.cfi_offset 5, -12
 636              		.cfi_offset 6, -8
 637              		.cfi_offset 14, -4
 638 0002 84B0     		sub	sp, sp, #16
 639              		.cfi_def_cfa_offset 32
 640              		.loc 1 19 0
 641 0004 0446     		mov	r4, r0
 642 0006 0D46     		mov	r5, r1
  20:psoc_nv.c     ****     return psoc_nv_save_for_gain(psoc_hw_get_pga_code(), cal_dac, cal_count);
 643              		.loc 1 20 0
 644 0008 FFF7FEFF 		bl	psoc_hw_get_pga_code
 645              	.LVL1:
 646              	.LBB22:
 647              	.LBB23:
 648              	.LBB24:
 649              	.LBB25:
  10:psoc_nv.c     **** }
 650              		.loc 1 10 0
 651 000c 0828     		cmp	r0, #8
 652 000e 3ED8     		bhi	.L6
 653              	.LVL2:
 654              	.LBE25:
 655              	.LBE24:
ARM GAS  C:\Users\elias\AppData\Local\Temp\ccx36qkX.s 			page 47


  21:psoc_nv.c     **** }
  22:psoc_nv.c     **** 
  23:psoc_nv.c     **** uint8 psoc_nv_save_for_gain(uint8 pga_code, const uint8 *cal_dac, uint8 cal_count)
  24:psoc_nv.c     **** {
  25:psoc_nv.c     ****     uint8 row0[PSOC_NV_ROW_SIZE];
  26:psoc_nv.c     ****     uint16 crc;
  27:psoc_nv.c     ****     uint8 i;
  28:psoc_nv.c     ****     uint8 valid_mask = 0u;
  29:psoc_nv.c     **** 
  30:psoc_nv.c     ****     if (!nv_gain_valid(pga_code) || cal_dac == (const uint8 *)0) { return 0u; }
 656              		.loc 1 30 0
 657 0010 002C     		cmp	r4, #0
 658 0012 3FD0     		beq	.L16
  31:psoc_nv.c     ****     if (cal_count == 0u || cal_count > PSOC_NV_CAL_STAGES) { return 0u; }
 659              		.loc 1 31 0
 660 0014 6B1E     		subs	r3, r5, #1
 661 0016 032B     		cmp	r3, #3
 662 0018 39D8     		bhi	.L6
 663 001a 0646     		mov	r6, r0
 664              	.LBB26:
 665              	.LBB27:
  32:psoc_nv.c     **** 
  33:psoc_nv.c     ****     for (i = 0u; i < PSOC_NV_ROW_SIZE; i++) { row0[i] = 0u; }
  34:psoc_nv.c     ****     row0[0] = PSOC_NV_MAGIC;
  35:psoc_nv.c     ****     row0[1] = PSOC_NV_VERSION;
  36:psoc_nv.c     ****     row0[2] = PSOC_HW_CLASS;
  37:psoc_nv.c     ****     row0[3] = pga_code;
  38:psoc_nv.c     ****     row0[4] = cal_count;
  39:psoc_nv.c     ****     for (i = 0u; i < cal_count && i < PSOC_NV_CAL_STAGES; i++) {
  40:psoc_nv.c     ****         valid_mask |= (uint8)(1u << i);
  41:psoc_nv.c     ****         row0[6u + i] = cal_dac[i];
 666              		.loc 1 41 0
 667 001c 2078     		ldrb	r0, [r4]	@ zero_extendqisi2
 668              	.LVL3:
 669 001e 0023     		movs	r3, #0
  34:psoc_nv.c     ****     row0[1] = PSOC_NV_VERSION;
 670              		.loc 1 34 0
 671 0020 CA21     		movs	r1, #202
  35:psoc_nv.c     ****     row0[2] = PSOC_HW_CLASS;
 672              		.loc 1 35 0
 673 0022 0222     		movs	r2, #2
  39:psoc_nv.c     ****         valid_mask |= (uint8)(1u << i);
 674              		.loc 1 39 0
 675 0024 012D     		cmp	r5, #1
 676 0026 0193     		str	r3, [sp, #4]
  37:psoc_nv.c     ****     row0[4] = cal_count;
 677              		.loc 1 37 0
 678 0028 8DF80360 		strb	r6, [sp, #3]
 679 002c 0293     		str	r3, [sp, #8]
 680 002e 0393     		str	r3, [sp, #12]
  36:psoc_nv.c     ****     row0[3] = pga_code;
 681              		.loc 1 36 0
 682 0030 8DF80230 		strb	r3, [sp, #2]
  38:psoc_nv.c     ****     for (i = 0u; i < cal_count && i < PSOC_NV_CAL_STAGES; i++) {
 683              		.loc 1 38 0
 684 0034 8DF80450 		strb	r5, [sp, #4]
 685              	.LVL4:
ARM GAS  C:\Users\elias\AppData\Local\Temp\ccx36qkX.s 			page 48


 686              		.loc 1 41 0
 687 0038 8DF80600 		strb	r0, [sp, #6]
 688              	.LVL5:
  34:psoc_nv.c     ****     row0[1] = PSOC_NV_VERSION;
 689              		.loc 1 34 0
 690 003c 8DF80010 		strb	r1, [sp]
  35:psoc_nv.c     ****     row0[2] = PSOC_HW_CLASS;
 691              		.loc 1 35 0
 692 0040 8DF80120 		strb	r2, [sp, #1]
  39:psoc_nv.c     ****         valid_mask |= (uint8)(1u << i);
 693              		.loc 1 39 0
 694 0044 0DD0     		beq	.L4
 695              	.LVL6:
 696              		.loc 1 41 0
 697 0046 6378     		ldrb	r3, [r4, #1]	@ zero_extendqisi2
  39:psoc_nv.c     ****         valid_mask |= (uint8)(1u << i);
 698              		.loc 1 39 0
 699 0048 9542     		cmp	r5, r2
 700              		.loc 1 41 0
 701 004a 8DF80730 		strb	r3, [sp, #7]
 702              	.LVL7:
  39:psoc_nv.c     ****         valid_mask |= (uint8)(1u << i);
 703              		.loc 1 39 0
 704 004e 25D0     		beq	.L8
 705              	.LVL8:
 706              		.loc 1 41 0
 707 0050 A378     		ldrb	r3, [r4, #2]	@ zero_extendqisi2
  39:psoc_nv.c     ****         valid_mask |= (uint8)(1u << i);
 708              		.loc 1 39 0
 709 0052 042D     		cmp	r5, #4
 710              		.loc 1 41 0
 711 0054 8DF80830 		strb	r3, [sp, #8]
 712              	.LVL9:
  39:psoc_nv.c     ****         valid_mask |= (uint8)(1u << i);
 713              		.loc 1 39 0
 714 0058 1ED1     		bne	.L9
 715              	.LVL10:
 716              		.loc 1 41 0
 717 005a E378     		ldrb	r3, [r4, #3]	@ zero_extendqisi2
  40:psoc_nv.c     ****         row0[6u + i] = cal_dac[i];
 718              		.loc 1 40 0
 719 005c 0F25     		movs	r5, #15
 720              	.LVL11:
 721              		.loc 1 41 0
 722 005e 8DF80930 		strb	r3, [sp, #9]
 723              	.LVL12:
 724              	.L4:
  42:psoc_nv.c     ****     }
  43:psoc_nv.c     ****     row0[5] = valid_mask;
  44:psoc_nv.c     **** 
  45:psoc_nv.c     ****     crc = crc16(row0, (uint16)NV_CRC_OFFSET);
 725              		.loc 1 45 0
 726 0062 0E21     		movs	r1, #14
 727 0064 6846     		mov	r0, sp
  43:psoc_nv.c     **** 
 728              		.loc 1 43 0
 729 0066 8DF80550 		strb	r5, [sp, #5]
ARM GAS  C:\Users\elias\AppData\Local\Temp\ccx36qkX.s 			page 49


 730              		.loc 1 45 0
 731 006a FFF7FEFF 		bl	crc16
 732              	.LVL13:
  46:psoc_nv.c     ****     row0[NV_CRC_OFFSET] = (uint8)(crc & 0xFFu);
  47:psoc_nv.c     ****     row0[NV_CRC_OFFSET + 1u] = (uint8)((crc >> 8u) & 0xFFu);
 733              		.loc 1 47 0
 734 006e 030A     		lsrs	r3, r0, #8
 735 0070 8DF80F30 		strb	r3, [sp, #15]
  46:psoc_nv.c     ****     row0[NV_CRC_OFFSET] = (uint8)(crc & 0xFFu);
 736              		.loc 1 46 0
 737 0074 8DF80E00 		strb	r0, [sp, #14]
  48:psoc_nv.c     **** 
  49:psoc_nv.c     ****     EEPROM_UpdateTemperature();
 738              		.loc 1 49 0
 739 0078 FFF7FEFF 		bl	EEPROM_UpdateTemperature
 740              	.LVL14:
  50:psoc_nv.c     ****     if (EEPROM_Write(row0, NV_ROW_FOR_GAIN(pga_code)) != CYRET_SUCCESS) { return 0u; }
 741              		.loc 1 50 0
 742 007c 3146     		mov	r1, r6
 743 007e 6846     		mov	r0, sp
 744 0080 FFF7FEFF 		bl	EEPROM_Write
 745              	.LVL15:
 746 0084 B0FA80F0 		clz	r0, r0
 747 0088 4009     		lsrs	r0, r0, #5
 748              	.LBE27:
 749              	.LBE26:
 750              	.LBE23:
 751              	.LBE22:
  21:psoc_nv.c     **** 
 752              		.loc 1 21 0
 753 008a 04B0     		add	sp, sp, #16
 754              		.cfi_remember_state
 755              		.cfi_def_cfa_offset 16
 756              		@ sp needed
 757 008c 70BD     		pop	{r4, r5, r6, pc}
 758              	.LVL16:
 759              	.L6:
 760              		.cfi_restore_state
 761              	.LBB33:
 762              	.LBB30:
  30:psoc_nv.c     ****     if (cal_count == 0u || cal_count > PSOC_NV_CAL_STAGES) { return 0u; }
 763              		.loc 1 30 0
 764 008e 0020     		movs	r0, #0
 765              	.LVL17:
 766              	.L11:
 767              	.LBE30:
 768              	.LBE33:
  21:psoc_nv.c     **** 
 769              		.loc 1 21 0
 770 0090 04B0     		add	sp, sp, #16
 771              		.cfi_remember_state
 772              		.cfi_def_cfa_offset 16
 773              		@ sp needed
 774 0092 70BD     		pop	{r4, r5, r6, pc}
 775              	.LVL18:
 776              	.L16:
 777              		.cfi_restore_state
ARM GAS  C:\Users\elias\AppData\Local\Temp\ccx36qkX.s 			page 50


 778              	.LBB34:
 779              	.LBB31:
  30:psoc_nv.c     ****     if (cal_count == 0u || cal_count > PSOC_NV_CAL_STAGES) { return 0u; }
 780              		.loc 1 30 0
 781 0094 2046     		mov	r0, r4
 782              	.LVL19:
 783              	.LBE31:
 784              	.LBE34:
  20:psoc_nv.c     **** }
 785              		.loc 1 20 0
 786 0096 FBE7     		b	.L11
 787              	.LVL20:
 788              	.L9:
 789              	.LBB35:
 790              	.LBB32:
 791              	.LBB29:
 792              	.LBB28:
  40:psoc_nv.c     ****         row0[6u + i] = cal_dac[i];
 793              		.loc 1 40 0
 794 0098 0725     		movs	r5, #7
 795              	.LVL21:
 796 009a E2E7     		b	.L4
 797              	.LVL22:
 798              	.L8:
 799 009c 0325     		movs	r5, #3
 800              	.LVL23:
 801 009e E0E7     		b	.L4
 802              	.LBE28:
 803              	.LBE29:
 804              	.LBE32:
 805              	.LBE35:
 806              		.cfi_endproc
 807              	.LFE65:
 808              		.size	psoc_nv_save, .-psoc_nv_save
 809              		.section	.text.psoc_nv_save_for_gain,"ax",%progbits
 810              		.align	2
 811              		.global	psoc_nv_save_for_gain
 812              		.thumb
 813              		.thumb_func
 814              		.type	psoc_nv_save_for_gain, %function
 815              	psoc_nv_save_for_gain:
 816              	.LFB66:
  24:psoc_nv.c     ****     uint8 row0[PSOC_NV_ROW_SIZE];
 817              		.loc 1 24 0
 818              		.cfi_startproc
 819              		@ args = 0, pretend = 0, frame = 16
 820              		@ frame_needed = 0, uses_anonymous_args = 0
 821              	.LVL24:
 822              	.LBB42:
 823              	.LBB43:
  10:psoc_nv.c     **** }
 824              		.loc 1 10 0
 825 0000 0828     		cmp	r0, #8
 826 0002 40D8     		bhi	.L22
 827              	.LVL25:
 828              	.LBE43:
 829              	.LBE42:
ARM GAS  C:\Users\elias\AppData\Local\Temp\ccx36qkX.s 			page 51


  30:psoc_nv.c     ****     if (cal_count == 0u || cal_count > PSOC_NV_CAL_STAGES) { return 0u; }
 830              		.loc 1 30 0
 831 0004 0029     		cmp	r1, #0
 832 0006 40D0     		beq	.L32
  31:psoc_nv.c     **** 
 833              		.loc 1 31 0
 834 0008 531E     		subs	r3, r2, #1
 835 000a 032B     		cmp	r3, #3
 836 000c 3BD8     		bhi	.L22
  24:psoc_nv.c     ****     uint8 row0[PSOC_NV_ROW_SIZE];
 837              		.loc 1 24 0
 838 000e 70B5     		push	{r4, r5, r6, lr}
 839              		.cfi_def_cfa_offset 16
 840              		.cfi_offset 4, -16
 841              		.cfi_offset 5, -12
 842              		.cfi_offset 6, -8
 843              		.cfi_offset 14, -4
 844              	.LBB44:
 845              	.LBB45:
  41:psoc_nv.c     ****     }
 846              		.loc 1 41 0
 847 0010 0E78     		ldrb	r6, [r1]	@ zero_extendqisi2
 848              	.LBE45:
 849              	.LBE44:
  24:psoc_nv.c     ****     uint8 row0[PSOC_NV_ROW_SIZE];
 850              		.loc 1 24 0
 851 0012 84B0     		sub	sp, sp, #16
 852              		.cfi_def_cfa_offset 32
 853 0014 0023     		movs	r3, #0
 854              	.LBB48:
 855              	.LBB46:
  34:psoc_nv.c     ****     row0[1] = PSOC_NV_VERSION;
 856              		.loc 1 34 0
 857 0016 CA25     		movs	r5, #202
  35:psoc_nv.c     ****     row0[2] = PSOC_HW_CLASS;
 858              		.loc 1 35 0
 859 0018 0224     		movs	r4, #2
  39:psoc_nv.c     ****         valid_mask |= (uint8)(1u << i);
 860              		.loc 1 39 0
 861 001a 012A     		cmp	r2, #1
 862 001c 0193     		str	r3, [sp, #4]
  37:psoc_nv.c     ****     row0[4] = cal_count;
 863              		.loc 1 37 0
 864 001e 8DF80300 		strb	r0, [sp, #3]
 865 0022 0293     		str	r3, [sp, #8]
 866 0024 0393     		str	r3, [sp, #12]
  36:psoc_nv.c     ****     row0[3] = pga_code;
 867              		.loc 1 36 0
 868 0026 8DF80230 		strb	r3, [sp, #2]
  38:psoc_nv.c     ****     for (i = 0u; i < cal_count && i < PSOC_NV_CAL_STAGES; i++) {
 869              		.loc 1 38 0
 870 002a 8DF80420 		strb	r2, [sp, #4]
 871              	.LVL26:
  41:psoc_nv.c     ****     }
 872              		.loc 1 41 0
 873 002e 8DF80660 		strb	r6, [sp, #6]
 874              	.LVL27:
ARM GAS  C:\Users\elias\AppData\Local\Temp\ccx36qkX.s 			page 52


  34:psoc_nv.c     ****     row0[1] = PSOC_NV_VERSION;
 875              		.loc 1 34 0
 876 0032 8DF80050 		strb	r5, [sp]
  35:psoc_nv.c     ****     row0[2] = PSOC_HW_CLASS;
 877              		.loc 1 35 0
 878 0036 8DF80140 		strb	r4, [sp, #1]
  39:psoc_nv.c     ****         valid_mask |= (uint8)(1u << i);
 879              		.loc 1 39 0
 880 003a 0DD0     		beq	.L20
 881              	.LVL28:
  41:psoc_nv.c     ****     }
 882              		.loc 1 41 0
 883 003c 4B78     		ldrb	r3, [r1, #1]	@ zero_extendqisi2
  39:psoc_nv.c     ****         valid_mask |= (uint8)(1u << i);
 884              		.loc 1 39 0
 885 003e A242     		cmp	r2, r4
  41:psoc_nv.c     ****     }
 886              		.loc 1 41 0
 887 0040 8DF80730 		strb	r3, [sp, #7]
 888              	.LVL29:
  39:psoc_nv.c     ****         valid_mask |= (uint8)(1u << i);
 889              		.loc 1 39 0
 890 0044 25D0     		beq	.L24
 891              	.LVL30:
  41:psoc_nv.c     ****     }
 892              		.loc 1 41 0
 893 0046 8B78     		ldrb	r3, [r1, #2]	@ zero_extendqisi2
  39:psoc_nv.c     ****         valid_mask |= (uint8)(1u << i);
 894              		.loc 1 39 0
 895 0048 042A     		cmp	r2, #4
  41:psoc_nv.c     ****     }
 896              		.loc 1 41 0
 897 004a 8DF80830 		strb	r3, [sp, #8]
 898              	.LVL31:
  39:psoc_nv.c     ****         valid_mask |= (uint8)(1u << i);
 899              		.loc 1 39 0
 900 004e 1ED1     		bne	.L25
 901              	.LVL32:
  41:psoc_nv.c     ****     }
 902              		.loc 1 41 0
 903 0050 CB78     		ldrb	r3, [r1, #3]	@ zero_extendqisi2
  40:psoc_nv.c     ****         row0[6u + i] = cal_dac[i];
 904              		.loc 1 40 0
 905 0052 0F22     		movs	r2, #15
 906              	.LVL33:
  41:psoc_nv.c     ****     }
 907              		.loc 1 41 0
 908 0054 8DF80930 		strb	r3, [sp, #9]
 909              	.LVL34:
 910              	.L20:
 911 0058 0446     		mov	r4, r0
  45:psoc_nv.c     ****     row0[NV_CRC_OFFSET] = (uint8)(crc & 0xFFu);
 912              		.loc 1 45 0
 913 005a 0E21     		movs	r1, #14
 914              	.LVL35:
 915 005c 6846     		mov	r0, sp
 916              	.LVL36:
ARM GAS  C:\Users\elias\AppData\Local\Temp\ccx36qkX.s 			page 53


  43:psoc_nv.c     **** 
 917              		.loc 1 43 0
 918 005e 8DF80520 		strb	r2, [sp, #5]
  45:psoc_nv.c     ****     row0[NV_CRC_OFFSET] = (uint8)(crc & 0xFFu);
 919              		.loc 1 45 0
 920 0062 FFF7FEFF 		bl	crc16
 921              	.LVL37:
  47:psoc_nv.c     **** 
 922              		.loc 1 47 0
 923 0066 030A     		lsrs	r3, r0, #8
 924 0068 8DF80F30 		strb	r3, [sp, #15]
  46:psoc_nv.c     ****     row0[NV_CRC_OFFSET + 1u] = (uint8)((crc >> 8u) & 0xFFu);
 925              		.loc 1 46 0
 926 006c 8DF80E00 		strb	r0, [sp, #14]
  49:psoc_nv.c     ****     if (EEPROM_Write(row0, NV_ROW_FOR_GAIN(pga_code)) != CYRET_SUCCESS) { return 0u; }
 927              		.loc 1 49 0
 928 0070 FFF7FEFF 		bl	EEPROM_UpdateTemperature
 929              	.LVL38:
 930              		.loc 1 50 0
 931 0074 2146     		mov	r1, r4
 932 0076 6846     		mov	r0, sp
 933 0078 FFF7FEFF 		bl	EEPROM_Write
 934              	.LVL39:
 935 007c B0FA80F0 		clz	r0, r0
 936 0080 4009     		lsrs	r0, r0, #5
 937              	.LBE46:
 938              	.LBE48:
  51:psoc_nv.c     ****     return 1u;
  52:psoc_nv.c     **** }
 939              		.loc 1 52 0
 940 0082 04B0     		add	sp, sp, #16
 941              		.cfi_def_cfa_offset 16
 942              		@ sp needed
 943 0084 70BD     		pop	{r4, r5, r6, pc}
 944              	.LVL40:
 945              	.L22:
 946              		.cfi_def_cfa_offset 0
 947              		.cfi_restore 4
 948              		.cfi_restore 5
 949              		.cfi_restore 6
 950              		.cfi_restore 14
  30:psoc_nv.c     ****     if (cal_count == 0u || cal_count > PSOC_NV_CAL_STAGES) { return 0u; }
 951              		.loc 1 30 0
 952 0086 0020     		movs	r0, #0
 953              	.LVL41:
 954              		.loc 1 52 0
 955 0088 7047     		bx	lr
 956              	.LVL42:
 957              	.L32:
  30:psoc_nv.c     ****     if (cal_count == 0u || cal_count > PSOC_NV_CAL_STAGES) { return 0u; }
 958              		.loc 1 30 0
 959 008a 0846     		mov	r0, r1
 960              	.LVL43:
 961 008c 7047     		bx	lr
 962              	.LVL44:
 963              	.L25:
 964              		.cfi_def_cfa_offset 32
ARM GAS  C:\Users\elias\AppData\Local\Temp\ccx36qkX.s 			page 54


 965              		.cfi_offset 4, -16
 966              		.cfi_offset 5, -12
 967              		.cfi_offset 6, -8
 968              		.cfi_offset 14, -4
 969              	.LBB49:
 970              	.LBB47:
  40:psoc_nv.c     ****         row0[6u + i] = cal_dac[i];
 971              		.loc 1 40 0
 972 008e 0722     		movs	r2, #7
 973              	.LVL45:
 974 0090 E2E7     		b	.L20
 975              	.LVL46:
 976              	.L24:
 977 0092 0322     		movs	r2, #3
 978              	.LVL47:
 979 0094 E0E7     		b	.L20
 980              	.LBE47:
 981              	.LBE49:
 982              		.cfi_endproc
 983              	.LFE66:
 984              		.size	psoc_nv_save_for_gain, .-psoc_nv_save_for_gain
 985 0096 00BF     		.section	.text.psoc_nv_load,"ax",%progbits
 986              		.align	2
 987              		.global	psoc_nv_load
 988              		.thumb
 989              		.thumb_func
 990              		.type	psoc_nv_load, %function
 991              	psoc_nv_load:
 992              	.LFB67:
  53:psoc_nv.c     **** 
  54:psoc_nv.c     **** uint8 psoc_nv_load(uint8 *cal_dac, uint8 cal_count)
  55:psoc_nv.c     **** {
 993              		.loc 1 55 0
 994              		.cfi_startproc
 995              		@ args = 0, pretend = 0, frame = 16
 996              		@ frame_needed = 0, uses_anonymous_args = 0
 997              	.LVL48:
 998 0000 2DE9F043 		push	{r4, r5, r6, r7, r8, r9, lr}
 999              		.cfi_def_cfa_offset 28
 1000              		.cfi_offset 4, -28
 1001              		.cfi_offset 5, -24
 1002              		.cfi_offset 6, -20
 1003              		.cfi_offset 7, -16
 1004              		.cfi_offset 8, -12
 1005              		.cfi_offset 9, -8
 1006              		.cfi_offset 14, -4
 1007 0004 85B0     		sub	sp, sp, #20
 1008              		.cfi_def_cfa_offset 48
 1009              		.loc 1 55 0
 1010 0006 0746     		mov	r7, r0
 1011 0008 8946     		mov	r9, r1
  56:psoc_nv.c     ****     return psoc_nv_load_for_gain(psoc_hw_get_pga_code(), cal_dac, cal_count);
 1012              		.loc 1 56 0
 1013 000a FFF7FEFF 		bl	psoc_hw_get_pga_code
 1014              	.LVL49:
 1015              	.LBB60:
 1016              	.LBB61:
ARM GAS  C:\Users\elias\AppData\Local\Temp\ccx36qkX.s 			page 55


 1017              	.LBB62:
 1018              	.LBB63:
  10:psoc_nv.c     **** }
 1019              		.loc 1 10 0
 1020 000e 0828     		cmp	r0, #8
 1021 0010 17D8     		bhi	.L43
 1022              	.LVL50:
 1023              	.LBE63:
 1024              	.LBE62:
  57:psoc_nv.c     **** }
  58:psoc_nv.c     **** 
  59:psoc_nv.c     **** uint8 psoc_nv_load_for_gain(uint8 pga_code, uint8 *cal_dac, uint8 cal_count)
  60:psoc_nv.c     **** {
  61:psoc_nv.c     ****     uint8 row0[PSOC_NV_ROW_SIZE];
  62:psoc_nv.c     ****     uint16 crc_stored;
  63:psoc_nv.c     ****     uint16 crc_calc;
  64:psoc_nv.c     ****     uint8 i;
  65:psoc_nv.c     ****     uint16 base;
  66:psoc_nv.c     ****     uint8 valid_mask;
  67:psoc_nv.c     **** 
  68:psoc_nv.c     ****     if (!nv_gain_valid(pga_code) || cal_dac == (uint8 *)0) { return 0u; }
 1025              		.loc 1 68 0
 1026 0012 002F     		cmp	r7, #0
 1027 0014 55D0     		beq	.L58
  69:psoc_nv.c     ****     if (cal_count == 0u || cal_count > PSOC_NV_CAL_STAGES) { return 0u; }
 1028              		.loc 1 69 0
 1029 0016 09F1FF33 		add	r3, r9, #-1
 1030 001a 032B     		cmp	r3, #3
 1031 001c 11D8     		bhi	.L43
 1032 001e 8046     		mov	r8, r0
 1033              	.LVL51:
 1034 0020 6D46     		mov	r5, sp
 1035              	.LBB64:
 1036              	.LBB65:
 1037              	.LBB66:
 1038              	.LBB67:
  15:psoc_nv.c     **** }
 1039              		.loc 1 15 0
 1040 0022 0401     		lsls	r4, r0, #4
 1041 0024 04AE     		add	r6, sp, #16
 1042 0026 A4B2     		uxth	r4, r4
 1043              	.LVL52:
 1044              	.L36:
 1045              	.LBE67:
 1046              	.LBE66:
  70:psoc_nv.c     **** 
  71:psoc_nv.c     ****     base = nv_row_base(NV_ROW_FOR_GAIN(pga_code));
  72:psoc_nv.c     ****     for (i = 0u; i < PSOC_NV_ROW_SIZE; i++) {
  73:psoc_nv.c     ****         row0[i] = EEPROM_ReadByte((uint16)(base + i));
 1047              		.loc 1 73 0
 1048 0028 2046     		mov	r0, r4
 1049 002a FFF7FEFF 		bl	EEPROM_ReadByte
 1050              	.LVL53:
 1051 002e 05F8010B 		strb	r0, [r5], #1
 1052              	.LVL54:
 1053 0032 0134     		adds	r4, r4, #1
  72:psoc_nv.c     ****         row0[i] = EEPROM_ReadByte((uint16)(base + i));
ARM GAS  C:\Users\elias\AppData\Local\Temp\ccx36qkX.s 			page 56


 1054              		.loc 1 72 0
 1055 0034 B542     		cmp	r5, r6
 1056 0036 A4B2     		uxth	r4, r4
 1057 0038 F6D1     		bne	.L36
  74:psoc_nv.c     ****     }
  75:psoc_nv.c     **** 
  76:psoc_nv.c     ****     if (row0[0] != PSOC_NV_MAGIC) { return 0u; }
 1058              		.loc 1 76 0
 1059 003a 9DF80030 		ldrb	r3, [sp]	@ zero_extendqisi2
 1060 003e CA2B     		cmp	r3, #202
 1061 0040 03D0     		beq	.L59
 1062              	.LVL55:
 1063              	.L43:
 1064              	.LBE65:
 1065              	.LBE64:
  68:psoc_nv.c     ****     if (cal_count == 0u || cal_count > PSOC_NV_CAL_STAGES) { return 0u; }
 1066              		.loc 1 68 0
 1067 0042 0020     		movs	r0, #0
 1068              	.LVL56:
 1069              	.L52:
 1070              	.LBE61:
 1071              	.LBE60:
  57:psoc_nv.c     **** 
 1072              		.loc 1 57 0
 1073 0044 05B0     		add	sp, sp, #20
 1074              		.cfi_remember_state
 1075              		.cfi_def_cfa_offset 28
 1076              		@ sp needed
 1077 0046 BDE8F083 		pop	{r4, r5, r6, r7, r8, r9, pc}
 1078              	.LVL57:
 1079              	.L59:
 1080              		.cfi_restore_state
 1081              	.LBB71:
 1082              	.LBB70:
 1083              	.LBB69:
 1084              	.LBB68:
  77:psoc_nv.c     ****     if (row0[1] != PSOC_NV_VERSION) { return 0u; }
 1085              		.loc 1 77 0
 1086 004a 9DF80130 		ldrb	r3, [sp, #1]	@ zero_extendqisi2
 1087 004e 022B     		cmp	r3, #2
 1088 0050 F7D1     		bne	.L43
  78:psoc_nv.c     ****     if (row0[2] != PSOC_HW_CLASS) { return 0u; }
 1089              		.loc 1 78 0
 1090 0052 9DF80230 		ldrb	r3, [sp, #2]	@ zero_extendqisi2
 1091 0056 002B     		cmp	r3, #0
 1092 0058 F3D1     		bne	.L43
  79:psoc_nv.c     ****     if (row0[3] != pga_code) { return 0u; }
 1093              		.loc 1 79 0
 1094 005a 9DF80330 		ldrb	r3, [sp, #3]	@ zero_extendqisi2
 1095 005e 4345     		cmp	r3, r8
 1096 0060 EFD1     		bne	.L43
  80:psoc_nv.c     ****     if (row0[4] != cal_count) { return 0u; }
 1097              		.loc 1 80 0
 1098 0062 9DF80430 		ldrb	r3, [sp, #4]	@ zero_extendqisi2
 1099 0066 4B45     		cmp	r3, r9
 1100 0068 EBD1     		bne	.L43
  81:psoc_nv.c     **** 
ARM GAS  C:\Users\elias\AppData\Local\Temp\ccx36qkX.s 			page 57


  82:psoc_nv.c     ****     crc_stored = (uint16)row0[NV_CRC_OFFSET] |
 1101              		.loc 1 82 0
 1102 006a 9DF80F40 		ldrb	r4, [sp, #15]	@ zero_extendqisi2
 1103 006e 9DF80E30 		ldrb	r3, [sp, #14]	@ zero_extendqisi2
  83:psoc_nv.c     ****                  ((uint16)row0[NV_CRC_OFFSET + 1u] << 8u);
  84:psoc_nv.c     ****     crc_calc   = crc16(row0, (uint16)NV_CRC_OFFSET);
 1104              		.loc 1 84 0
 1105 0072 6846     		mov	r0, sp
 1106 0074 0E21     		movs	r1, #14
  82:psoc_nv.c     ****                  ((uint16)row0[NV_CRC_OFFSET + 1u] << 8u);
 1107              		.loc 1 82 0
 1108 0076 43EA0424 		orr	r4, r3, r4, lsl #8
 1109              	.LVL58:
 1110              		.loc 1 84 0
 1111 007a FFF7FEFF 		bl	crc16
 1112              	.LVL59:
  85:psoc_nv.c     ****     if (crc_calc != crc_stored) { return 0u; }
 1113              		.loc 1 85 0
 1114 007e 8442     		cmp	r4, r0
 1115 0080 DFD1     		bne	.L43
 1116              	.LVL60:
  86:psoc_nv.c     **** 
  87:psoc_nv.c     ****     valid_mask = row0[5];
  88:psoc_nv.c     ****     if ((valid_mask & (uint8)((1u << cal_count) - 1u)) !=
 1117              		.loc 1 88 0
 1118 0082 0123     		movs	r3, #1
 1119 0084 03FA09F3 		lsl	r3, r3, r9
 1120 0088 013B     		subs	r3, r3, #1
 1121 008a 9DF80520 		ldrb	r2, [sp, #5]	@ zero_extendqisi2
 1122 008e DBB2     		uxtb	r3, r3
 1123 0090 9343     		bics	r3, r3, r2
 1124 0092 D6D1     		bne	.L43
 1125              	.LVL61:
  89:psoc_nv.c     ****         (uint8)((1u << cal_count) - 1u)) {
  90:psoc_nv.c     ****         return 0u;
  91:psoc_nv.c     ****     }
  92:psoc_nv.c     **** 
  93:psoc_nv.c     ****     for (i = 0u; i < cal_count && i < PSOC_NV_CAL_STAGES; i++) {
  94:psoc_nv.c     ****         cal_dac[i] = row0[6u + i];
 1126              		.loc 1 94 0
 1127 0094 9DF80630 		ldrb	r3, [sp, #6]	@ zero_extendqisi2
  93:psoc_nv.c     ****         cal_dac[i] = row0[6u + i];
 1128              		.loc 1 93 0
 1129 0098 B9F1010F 		cmp	r9, #1
 1130              		.loc 1 94 0
 1131 009c 3B70     		strb	r3, [r7]
 1132              	.LVL62:
  93:psoc_nv.c     ****         cal_dac[i] = row0[6u + i];
 1133              		.loc 1 93 0
 1134 009e 0ED9     		bls	.L41
 1135              		.loc 1 94 0
 1136 00a0 9DF80730 		ldrb	r3, [sp, #7]	@ zero_extendqisi2
  93:psoc_nv.c     ****         cal_dac[i] = row0[6u + i];
 1137              		.loc 1 93 0
 1138 00a4 B9F1020F 		cmp	r9, #2
 1139              		.loc 1 94 0
 1140 00a8 7B70     		strb	r3, [r7, #1]
ARM GAS  C:\Users\elias\AppData\Local\Temp\ccx36qkX.s 			page 58


 1141              	.LVL63:
  93:psoc_nv.c     ****         cal_dac[i] = row0[6u + i];
 1142              		.loc 1 93 0
 1143 00aa 08D0     		beq	.L41
 1144              		.loc 1 94 0
 1145 00ac 9DF80830 		ldrb	r3, [sp, #8]	@ zero_extendqisi2
  93:psoc_nv.c     ****         cal_dac[i] = row0[6u + i];
 1146              		.loc 1 93 0
 1147 00b0 B9F1030F 		cmp	r9, #3
 1148              		.loc 1 94 0
 1149 00b4 BB70     		strb	r3, [r7, #2]
 1150              	.LVL64:
  93:psoc_nv.c     ****         cal_dac[i] = row0[6u + i];
 1151              		.loc 1 93 0
 1152 00b6 02D0     		beq	.L41
 1153              		.loc 1 94 0
 1154 00b8 9DF80930 		ldrb	r3, [sp, #9]	@ zero_extendqisi2
 1155 00bc FB70     		strb	r3, [r7, #3]
 1156              	.LVL65:
 1157              	.L41:
  95:psoc_nv.c     ****     }
  96:psoc_nv.c     ****     return 1u;
 1158              		.loc 1 96 0
 1159 00be 0120     		movs	r0, #1
 1160              	.LVL66:
 1161 00c0 C0E7     		b	.L52
 1162              	.LVL67:
 1163              	.L58:
 1164              	.LBE68:
 1165              	.LBE69:
  68:psoc_nv.c     ****     if (cal_count == 0u || cal_count > PSOC_NV_CAL_STAGES) { return 0u; }
 1166              		.loc 1 68 0
 1167 00c2 3846     		mov	r0, r7
 1168              	.LVL68:
 1169              	.LBE70:
 1170              	.LBE71:
  56:psoc_nv.c     **** }
 1171              		.loc 1 56 0
 1172 00c4 BEE7     		b	.L52
 1173              		.cfi_endproc
 1174              	.LFE67:
 1175              		.size	psoc_nv_load, .-psoc_nv_load
 1176 00c6 00BF     		.section	.text.psoc_nv_load_for_gain,"ax",%progbits
 1177              		.align	2
 1178              		.global	psoc_nv_load_for_gain
 1179              		.thumb
 1180              		.thumb_func
 1181              		.type	psoc_nv_load_for_gain, %function
 1182              	psoc_nv_load_for_gain:
 1183              	.LFB68:
  60:psoc_nv.c     ****     uint8 row0[PSOC_NV_ROW_SIZE];
 1184              		.loc 1 60 0
 1185              		.cfi_startproc
 1186              		@ args = 0, pretend = 0, frame = 16
 1187              		@ frame_needed = 0, uses_anonymous_args = 0
 1188              	.LVL69:
 1189              	.LBB80:
ARM GAS  C:\Users\elias\AppData\Local\Temp\ccx36qkX.s 			page 59


 1190              	.LBB81:
  10:psoc_nv.c     **** }
 1191              		.loc 1 10 0
 1192 0000 0828     		cmp	r0, #8
 1193 0002 1ED8     		bhi	.L70
 1194              	.LVL70:
 1195              	.LBE81:
 1196              	.LBE80:
  68:psoc_nv.c     ****     if (cal_count == 0u || cal_count > PSOC_NV_CAL_STAGES) { return 0u; }
 1197              		.loc 1 68 0
 1198 0004 0029     		cmp	r1, #0
 1199 0006 5AD0     		beq	.L86
  69:psoc_nv.c     **** 
 1200              		.loc 1 69 0
 1201 0008 531E     		subs	r3, r2, #1
 1202 000a 032B     		cmp	r3, #3
 1203 000c 19D8     		bhi	.L70
 1204              	.LVL71:
  60:psoc_nv.c     ****     uint8 row0[PSOC_NV_ROW_SIZE];
 1205              		.loc 1 60 0
 1206 000e 2DE9F043 		push	{r4, r5, r6, r7, r8, r9, lr}
 1207              		.cfi_def_cfa_offset 28
 1208              		.cfi_offset 4, -28
 1209              		.cfi_offset 5, -24
 1210              		.cfi_offset 6, -20
 1211              		.cfi_offset 7, -16
 1212              		.cfi_offset 8, -12
 1213              		.cfi_offset 9, -8
 1214              		.cfi_offset 14, -4
 1215 0012 85B0     		sub	sp, sp, #20
 1216              		.cfi_def_cfa_offset 48
 1217 0014 9046     		mov	r8, r2
 1218 0016 0F46     		mov	r7, r1
 1219              	.LVL72:
 1220 0018 8146     		mov	r9, r0
 1221 001a 6D46     		mov	r5, sp
 1222 001c 04AE     		add	r6, sp, #16
 1223              	.LBB82:
 1224              	.LBB83:
 1225              	.LBB84:
 1226              	.LBB85:
  15:psoc_nv.c     **** }
 1227              		.loc 1 15 0
 1228 001e 0401     		lsls	r4, r0, #4
 1229              	.LVL73:
 1230              	.L63:
 1231              	.LBE85:
 1232              	.LBE84:
  73:psoc_nv.c     ****     }
 1233              		.loc 1 73 0
 1234 0020 2046     		mov	r0, r4
 1235 0022 FFF7FEFF 		bl	EEPROM_ReadByte
 1236              	.LVL74:
 1237 0026 05F8010B 		strb	r0, [r5], #1
 1238              	.LVL75:
 1239 002a 0134     		adds	r4, r4, #1
  72:psoc_nv.c     ****         row0[i] = EEPROM_ReadByte((uint16)(base + i));
ARM GAS  C:\Users\elias\AppData\Local\Temp\ccx36qkX.s 			page 60


 1240              		.loc 1 72 0
 1241 002c B542     		cmp	r5, r6
 1242 002e A4B2     		uxth	r4, r4
 1243 0030 F6D1     		bne	.L63
  76:psoc_nv.c     ****     if (row0[1] != PSOC_NV_VERSION) { return 0u; }
 1244              		.loc 1 76 0
 1245 0032 9DF80030 		ldrb	r3, [sp]	@ zero_extendqisi2
 1246 0036 CA2B     		cmp	r3, #202
 1247 0038 05D0     		beq	.L64
 1248              	.L66:
 1249 003a 0020     		movs	r0, #0
 1250              	.LVL76:
 1251              	.L79:
 1252              	.LBE83:
 1253              	.LBE82:
  97:psoc_nv.c     **** }
 1254              		.loc 1 97 0
 1255 003c 05B0     		add	sp, sp, #20
 1256              		.cfi_def_cfa_offset 28
 1257              		@ sp needed
 1258 003e BDE8F083 		pop	{r4, r5, r6, r7, r8, r9, pc}
 1259              	.LVL77:
 1260              	.L70:
 1261              		.cfi_def_cfa_offset 0
 1262              		.cfi_restore 4
 1263              		.cfi_restore 5
 1264              		.cfi_restore 6
 1265              		.cfi_restore 7
 1266              		.cfi_restore 8
 1267              		.cfi_restore 9
 1268              		.cfi_restore 14
  68:psoc_nv.c     ****     if (cal_count == 0u || cal_count > PSOC_NV_CAL_STAGES) { return 0u; }
 1269              		.loc 1 68 0
 1270 0042 0020     		movs	r0, #0
 1271              	.LVL78:
 1272              		.loc 1 97 0
 1273 0044 7047     		bx	lr
 1274              	.LVL79:
 1275              	.L64:
 1276              		.cfi_def_cfa_offset 48
 1277              		.cfi_offset 4, -28
 1278              		.cfi_offset 5, -24
 1279              		.cfi_offset 6, -20
 1280              		.cfi_offset 7, -16
 1281              		.cfi_offset 8, -12
 1282              		.cfi_offset 9, -8
 1283              		.cfi_offset 14, -4
 1284              	.LBB87:
 1285              	.LBB86:
  77:psoc_nv.c     ****     if (row0[2] != PSOC_HW_CLASS) { return 0u; }
 1286              		.loc 1 77 0
 1287 0046 9DF80130 		ldrb	r3, [sp, #1]	@ zero_extendqisi2
 1288 004a 022B     		cmp	r3, #2
 1289 004c F5D1     		bne	.L66
  78:psoc_nv.c     ****     if (row0[3] != pga_code) { return 0u; }
 1290              		.loc 1 78 0
 1291 004e 9DF80230 		ldrb	r3, [sp, #2]	@ zero_extendqisi2
ARM GAS  C:\Users\elias\AppData\Local\Temp\ccx36qkX.s 			page 61


 1292 0052 002B     		cmp	r3, #0
 1293 0054 F1D1     		bne	.L66
  79:psoc_nv.c     ****     if (row0[4] != cal_count) { return 0u; }
 1294              		.loc 1 79 0
 1295 0056 9DF80330 		ldrb	r3, [sp, #3]	@ zero_extendqisi2
 1296 005a 4B45     		cmp	r3, r9
 1297 005c EDD1     		bne	.L66
  80:psoc_nv.c     **** 
 1298              		.loc 1 80 0
 1299 005e 9DF80430 		ldrb	r3, [sp, #4]	@ zero_extendqisi2
 1300 0062 4345     		cmp	r3, r8
 1301 0064 E9D1     		bne	.L66
  82:psoc_nv.c     ****                  ((uint16)row0[NV_CRC_OFFSET + 1u] << 8u);
 1302              		.loc 1 82 0
 1303 0066 9DF80F40 		ldrb	r4, [sp, #15]	@ zero_extendqisi2
 1304 006a 9DF80E30 		ldrb	r3, [sp, #14]	@ zero_extendqisi2
  84:psoc_nv.c     ****     if (crc_calc != crc_stored) { return 0u; }
 1305              		.loc 1 84 0
 1306 006e 6846     		mov	r0, sp
 1307 0070 0E21     		movs	r1, #14
  82:psoc_nv.c     ****                  ((uint16)row0[NV_CRC_OFFSET + 1u] << 8u);
 1308              		.loc 1 82 0
 1309 0072 43EA0424 		orr	r4, r3, r4, lsl #8
 1310              	.LVL80:
  84:psoc_nv.c     ****     if (crc_calc != crc_stored) { return 0u; }
 1311              		.loc 1 84 0
 1312 0076 FFF7FEFF 		bl	crc16
 1313              	.LVL81:
  85:psoc_nv.c     **** 
 1314              		.loc 1 85 0
 1315 007a 8442     		cmp	r4, r0
 1316 007c DDD1     		bne	.L66
 1317              	.LVL82:
  88:psoc_nv.c     ****         (uint8)((1u << cal_count) - 1u)) {
 1318              		.loc 1 88 0
 1319 007e 0123     		movs	r3, #1
 1320 0080 03FA08F3 		lsl	r3, r3, r8
 1321 0084 013B     		subs	r3, r3, #1
 1322 0086 9DF80520 		ldrb	r2, [sp, #5]	@ zero_extendqisi2
 1323 008a DBB2     		uxtb	r3, r3
 1324 008c 9343     		bics	r3, r3, r2
 1325 008e D4D1     		bne	.L66
 1326              	.LVL83:
  94:psoc_nv.c     ****     }
 1327              		.loc 1 94 0
 1328 0090 9DF80630 		ldrb	r3, [sp, #6]	@ zero_extendqisi2
  93:psoc_nv.c     ****         cal_dac[i] = row0[6u + i];
 1329              		.loc 1 93 0
 1330 0094 B8F1010F 		cmp	r8, #1
  94:psoc_nv.c     ****     }
 1331              		.loc 1 94 0
 1332 0098 3B70     		strb	r3, [r7]
 1333              	.LVL84:
  93:psoc_nv.c     ****         cal_dac[i] = row0[6u + i];
 1334              		.loc 1 93 0
 1335 009a 0ED9     		bls	.L68
  94:psoc_nv.c     ****     }
ARM GAS  C:\Users\elias\AppData\Local\Temp\ccx36qkX.s 			page 62


 1336              		.loc 1 94 0
 1337 009c 9DF80730 		ldrb	r3, [sp, #7]	@ zero_extendqisi2
  93:psoc_nv.c     ****         cal_dac[i] = row0[6u + i];
 1338              		.loc 1 93 0
 1339 00a0 B8F1020F 		cmp	r8, #2
  94:psoc_nv.c     ****     }
 1340              		.loc 1 94 0
 1341 00a4 7B70     		strb	r3, [r7, #1]
 1342              	.LVL85:
  93:psoc_nv.c     ****         cal_dac[i] = row0[6u + i];
 1343              		.loc 1 93 0
 1344 00a6 08D0     		beq	.L68
  94:psoc_nv.c     ****     }
 1345              		.loc 1 94 0
 1346 00a8 9DF80830 		ldrb	r3, [sp, #8]	@ zero_extendqisi2
  93:psoc_nv.c     ****         cal_dac[i] = row0[6u + i];
 1347              		.loc 1 93 0
 1348 00ac B8F1030F 		cmp	r8, #3
  94:psoc_nv.c     ****     }
 1349              		.loc 1 94 0
 1350 00b0 BB70     		strb	r3, [r7, #2]
 1351              	.LVL86:
  93:psoc_nv.c     ****         cal_dac[i] = row0[6u + i];
 1352              		.loc 1 93 0
 1353 00b2 02D0     		beq	.L68
  94:psoc_nv.c     ****     }
 1354              		.loc 1 94 0
 1355 00b4 9DF80930 		ldrb	r3, [sp, #9]	@ zero_extendqisi2
 1356 00b8 FB70     		strb	r3, [r7, #3]
 1357              	.LVL87:
 1358              	.L68:
  96:psoc_nv.c     **** }
 1359              		.loc 1 96 0
 1360 00ba 0120     		movs	r0, #1
 1361              	.LVL88:
 1362 00bc BEE7     		b	.L79
 1363              	.LVL89:
 1364              	.L86:
 1365              		.cfi_def_cfa_offset 0
 1366              		.cfi_restore 4
 1367              		.cfi_restore 5
 1368              		.cfi_restore 6
 1369              		.cfi_restore 7
 1370              		.cfi_restore 8
 1371              		.cfi_restore 9
 1372              		.cfi_restore 14
 1373              	.LBE86:
 1374              	.LBE87:
  68:psoc_nv.c     ****     if (cal_count == 0u || cal_count > PSOC_NV_CAL_STAGES) { return 0u; }
 1375              		.loc 1 68 0
 1376 00be 0846     		mov	r0, r1
 1377              	.LVL90:
 1378 00c0 7047     		bx	lr
 1379              		.cfi_endproc
 1380              	.LFE68:
 1381              		.size	psoc_nv_load_for_gain, .-psoc_nv_load_for_gain
 1382 00c2 00BF     		.text
ARM GAS  C:\Users\elias\AppData\Local\Temp\ccx36qkX.s 			page 63


 1383              	.Letext0:
 1384              		.file 2 "c:\\program files (x86)\\cypress\\psoc creator\\4.4\\psoc creator\\import\\gnu\\arm\\5.4.
 1385              		.file 3 "c:\\program files (x86)\\cypress\\psoc creator\\4.4\\psoc creator\\import\\gnu\\arm\\5.4.
 1386              		.file 4 "Generated_Source\\PSoC5/cytypes.h"
 1387              		.file 5 "crc.h"
 1388              		.file 6 "Generated_Source\\PSoC5/EEPROM.h"
 1389              		.file 7 "psoc_hw.h"
 1390              		.file 8 "Generated_Source\\PSoC5/core_cm3.h"
 1391              		.section	.debug_info,"",%progbits
 1392              	.Ldebug_info0:
 1393 0000 74060000 		.4byte	0x674
 1394 0004 0400     		.2byte	0x4
 1395 0006 00000000 		.4byte	.Ldebug_abbrev0
 1396 000a 04       		.byte	0x4
 1397 000b 01       		.uleb128 0x1
 1398 000c 53000000 		.4byte	.LASF37
 1399 0010 0C       		.byte	0xc
 1400 0011 AD020000 		.4byte	.LASF38
 1401 0015 FF000000 		.4byte	.LASF39
 1402 0019 A8000000 		.4byte	.Ldebug_ranges0+0xa8
 1403 001d 00000000 		.4byte	0
 1404 0021 00000000 		.4byte	.Ldebug_line0
 1405 0025 02       		.uleb128 0x2
 1406 0026 01       		.byte	0x1
 1407 0027 06       		.byte	0x6
 1408 0028 A1020000 		.4byte	.LASF0
 1409 002c 02       		.uleb128 0x2
 1410 002d 01       		.byte	0x1
 1411 002e 08       		.byte	0x8
 1412 002f 59010000 		.4byte	.LASF1
 1413 0033 02       		.uleb128 0x2
 1414 0034 02       		.byte	0x2
 1415 0035 05       		.byte	0x5
 1416 0036 52020000 		.4byte	.LASF2
 1417 003a 02       		.uleb128 0x2
 1418 003b 02       		.byte	0x2
 1419 003c 07       		.byte	0x7
 1420 003d 39010000 		.4byte	.LASF3
 1421 0041 03       		.uleb128 0x3
 1422 0042 15000000 		.4byte	.LASF9
 1423 0046 02       		.byte	0x2
 1424 0047 3F       		.byte	0x3f
 1425 0048 4C000000 		.4byte	0x4c
 1426 004c 02       		.uleb128 0x2
 1427 004d 04       		.byte	0x4
 1428 004e 05       		.byte	0x5
 1429 004f 82020000 		.4byte	.LASF4
 1430 0053 02       		.uleb128 0x2
 1431 0054 04       		.byte	0x4
 1432 0055 07       		.byte	0x7
 1433 0056 37020000 		.4byte	.LASF5
 1434 005a 02       		.uleb128 0x2
 1435 005b 08       		.byte	0x8
 1436 005c 05       		.byte	0x5
 1437 005d 24020000 		.4byte	.LASF6
 1438 0061 02       		.uleb128 0x2
 1439 0062 08       		.byte	0x8
ARM GAS  C:\Users\elias\AppData\Local\Temp\ccx36qkX.s 			page 64


 1440 0063 07       		.byte	0x7
 1441 0064 C5010000 		.4byte	.LASF7
 1442 0068 04       		.uleb128 0x4
 1443 0069 04       		.byte	0x4
 1444 006a 05       		.byte	0x5
 1445 006b 696E7400 		.ascii	"int\000"
 1446 006f 02       		.uleb128 0x2
 1447 0070 04       		.byte	0x4
 1448 0071 07       		.byte	0x7
 1449 0072 AB010000 		.4byte	.LASF8
 1450 0076 03       		.uleb128 0x3
 1451 0077 13020000 		.4byte	.LASF10
 1452 007b 03       		.byte	0x3
 1453 007c 2C       		.byte	0x2c
 1454 007d 41000000 		.4byte	0x41
 1455 0081 05       		.uleb128 0x5
 1456 0082 5C020000 		.4byte	.LASF11
 1457 0086 04       		.byte	0x4
 1458 0087 E901     		.2byte	0x1e9
 1459 0089 2C000000 		.4byte	0x2c
 1460 008d 05       		.uleb128 0x5
 1461 008e 99010000 		.4byte	.LASF12
 1462 0092 04       		.byte	0x4
 1463 0093 EA01     		.2byte	0x1ea
 1464 0095 3A000000 		.4byte	0x3a
 1465 0099 02       		.uleb128 0x2
 1466 009a 04       		.byte	0x4
 1467 009b 04       		.byte	0x4
 1468 009c 36000000 		.4byte	.LASF13
 1469 00a0 02       		.uleb128 0x2
 1470 00a1 08       		.byte	0x8
 1471 00a2 04       		.byte	0x4
 1472 00a3 24000000 		.4byte	.LASF14
 1473 00a7 02       		.uleb128 0x2
 1474 00a8 01       		.byte	0x1
 1475 00a9 08       		.byte	0x8
 1476 00aa 32020000 		.4byte	.LASF15
 1477 00ae 02       		.uleb128 0x2
 1478 00af 08       		.byte	0x8
 1479 00b0 04       		.byte	0x4
 1480 00b1 8B020000 		.4byte	.LASF16
 1481 00b5 02       		.uleb128 0x2
 1482 00b6 04       		.byte	0x4
 1483 00b7 07       		.byte	0x7
 1484 00b8 1B020000 		.4byte	.LASF17
 1485 00bc 06       		.uleb128 0x6
 1486 00bd 45000000 		.4byte	.LASF23
 1487 00c1 01       		.byte	0x1
 1488 00c2 08       		.byte	0x8
 1489 00c3 81000000 		.4byte	0x81
 1490 00c7 01       		.byte	0x1
 1491 00c8 D8000000 		.4byte	0xd8
 1492 00cc 07       		.uleb128 0x7
 1493 00cd 3C000000 		.4byte	.LASF18
 1494 00d1 01       		.byte	0x1
 1495 00d2 08       		.byte	0x8
 1496 00d3 81000000 		.4byte	0x81
ARM GAS  C:\Users\elias\AppData\Local\Temp\ccx36qkX.s 			page 65


 1497 00d7 00       		.byte	0
 1498 00d8 08       		.uleb128 0x8
 1499 00d9 77010000 		.4byte	.LASF25
 1500 00dd 01       		.byte	0x1
 1501 00de 17       		.byte	0x17
 1502 00df 81000000 		.4byte	0x81
 1503 00e3 01       		.byte	0x1
 1504 00e4 34010000 		.4byte	0x134
 1505 00e8 07       		.uleb128 0x7
 1506 00e9 3C000000 		.4byte	.LASF18
 1507 00ed 01       		.byte	0x1
 1508 00ee 17       		.byte	0x17
 1509 00ef 81000000 		.4byte	0x81
 1510 00f3 07       		.uleb128 0x7
 1511 00f4 F2010000 		.4byte	.LASF19
 1512 00f8 01       		.byte	0x1
 1513 00f9 17       		.byte	0x17
 1514 00fa 34010000 		.4byte	0x134
 1515 00fe 07       		.uleb128 0x7
 1516 00ff 97020000 		.4byte	.LASF20
 1517 0103 01       		.byte	0x1
 1518 0104 17       		.byte	0x17
 1519 0105 81000000 		.4byte	0x81
 1520 0109 09       		.uleb128 0x9
 1521 010a 1F000000 		.4byte	.LASF21
 1522 010e 01       		.byte	0x1
 1523 010f 19       		.byte	0x19
 1524 0110 3F010000 		.4byte	0x13f
 1525 0114 0A       		.uleb128 0xa
 1526 0115 63726300 		.ascii	"crc\000"
 1527 0119 01       		.byte	0x1
 1528 011a 1A       		.byte	0x1a
 1529 011b 8D000000 		.4byte	0x8d
 1530 011f 0A       		.uleb128 0xa
 1531 0120 6900     		.ascii	"i\000"
 1532 0122 01       		.byte	0x1
 1533 0123 1B       		.byte	0x1b
 1534 0124 81000000 		.4byte	0x81
 1535 0128 09       		.uleb128 0x9
 1536 0129 A0010000 		.4byte	.LASF22
 1537 012d 01       		.byte	0x1
 1538 012e 1C       		.byte	0x1c
 1539 012f 81000000 		.4byte	0x81
 1540 0133 00       		.byte	0
 1541 0134 0B       		.uleb128 0xb
 1542 0135 04       		.byte	0x4
 1543 0136 3A010000 		.4byte	0x13a
 1544 013a 0C       		.uleb128 0xc
 1545 013b 81000000 		.4byte	0x81
 1546 013f 0D       		.uleb128 0xd
 1547 0140 81000000 		.4byte	0x81
 1548 0144 4F010000 		.4byte	0x14f
 1549 0148 0E       		.uleb128 0xe
 1550 0149 B5000000 		.4byte	0xb5
 1551 014d 0F       		.byte	0xf
 1552 014e 00       		.byte	0
 1553 014f 06       		.uleb128 0x6
ARM GAS  C:\Users\elias\AppData\Local\Temp\ccx36qkX.s 			page 66


 1554 0150 8D010000 		.4byte	.LASF24
 1555 0154 01       		.byte	0x1
 1556 0155 0D       		.byte	0xd
 1557 0156 8D000000 		.4byte	0x8d
 1558 015a 01       		.byte	0x1
 1559 015b 6B010000 		.4byte	0x16b
 1560 015f 0F       		.uleb128 0xf
 1561 0160 726F7700 		.ascii	"row\000"
 1562 0164 01       		.byte	0x1
 1563 0165 0D       		.byte	0xd
 1564 0166 81000000 		.4byte	0x81
 1565 016a 00       		.byte	0
 1566 016b 08       		.uleb128 0x8
 1567 016c DC010000 		.4byte	.LASF26
 1568 0170 01       		.byte	0x1
 1569 0171 3B       		.byte	0x3b
 1570 0172 81000000 		.4byte	0x81
 1571 0176 01       		.byte	0x1
 1572 0177 DD010000 		.4byte	0x1dd
 1573 017b 07       		.uleb128 0x7
 1574 017c 3C000000 		.4byte	.LASF18
 1575 0180 01       		.byte	0x1
 1576 0181 3B       		.byte	0x3b
 1577 0182 81000000 		.4byte	0x81
 1578 0186 07       		.uleb128 0x7
 1579 0187 F2010000 		.4byte	.LASF19
 1580 018b 01       		.byte	0x1
 1581 018c 3B       		.byte	0x3b
 1582 018d DD010000 		.4byte	0x1dd
 1583 0191 07       		.uleb128 0x7
 1584 0192 97020000 		.4byte	.LASF20
 1585 0196 01       		.byte	0x1
 1586 0197 3B       		.byte	0x3b
 1587 0198 81000000 		.4byte	0x81
 1588 019c 09       		.uleb128 0x9
 1589 019d 1F000000 		.4byte	.LASF21
 1590 01a1 01       		.byte	0x1
 1591 01a2 3D       		.byte	0x3d
 1592 01a3 3F010000 		.4byte	0x13f
 1593 01a7 09       		.uleb128 0x9
 1594 01a8 2B000000 		.4byte	.LASF27
 1595 01ac 01       		.byte	0x1
 1596 01ad 3E       		.byte	0x3e
 1597 01ae 8D000000 		.4byte	0x8d
 1598 01b2 09       		.uleb128 0x9
 1599 01b3 49020000 		.4byte	.LASF28
 1600 01b7 01       		.byte	0x1
 1601 01b8 3F       		.byte	0x3f
 1602 01b9 8D000000 		.4byte	0x8d
 1603 01bd 0A       		.uleb128 0xa
 1604 01be 6900     		.ascii	"i\000"
 1605 01c0 01       		.byte	0x1
 1606 01c1 40       		.byte	0x40
 1607 01c2 81000000 		.4byte	0x81
 1608 01c6 09       		.uleb128 0x9
 1609 01c7 FA000000 		.4byte	.LASF29
 1610 01cb 01       		.byte	0x1
ARM GAS  C:\Users\elias\AppData\Local\Temp\ccx36qkX.s 			page 67


 1611 01cc 41       		.byte	0x41
 1612 01cd 8D000000 		.4byte	0x8d
 1613 01d1 09       		.uleb128 0x9
 1614 01d2 A0010000 		.4byte	.LASF22
 1615 01d6 01       		.byte	0x1
 1616 01d7 42       		.byte	0x42
 1617 01d8 81000000 		.4byte	0x81
 1618 01dc 00       		.byte	0
 1619 01dd 0B       		.uleb128 0xb
 1620 01de 04       		.byte	0x4
 1621 01df 81000000 		.4byte	0x81
 1622 01e3 10       		.uleb128 0x10
 1623 01e4 B8010000 		.4byte	.LASF30
 1624 01e8 01       		.byte	0x1
 1625 01e9 12       		.byte	0x12
 1626 01ea 81000000 		.4byte	0x81
 1627 01ee 00000000 		.4byte	.LFB65
 1628 01f2 A0000000 		.4byte	.LFE65-.LFB65
 1629 01f6 01       		.uleb128 0x1
 1630 01f7 9C       		.byte	0x9c
 1631 01f8 01030000 		.4byte	0x301
 1632 01fc 11       		.uleb128 0x11
 1633 01fd F2010000 		.4byte	.LASF19
 1634 0201 01       		.byte	0x1
 1635 0202 12       		.byte	0x12
 1636 0203 34010000 		.4byte	0x134
 1637 0207 00000000 		.4byte	.LLST0
 1638 020b 11       		.uleb128 0x11
 1639 020c 97020000 		.4byte	.LASF20
 1640 0210 01       		.byte	0x1
 1641 0211 12       		.byte	0x12
 1642 0212 81000000 		.4byte	0x81
 1643 0216 1E000000 		.4byte	.LLST1
 1644 021a 12       		.uleb128 0x12
 1645 021b D8000000 		.4byte	0xd8
 1646 021f 0C000000 		.4byte	.LBB22
 1647 0223 00000000 		.4byte	.Ldebug_ranges0+0
 1648 0227 01       		.byte	0x1
 1649 0228 14       		.byte	0x14
 1650 0229 F7020000 		.4byte	0x2f7
 1651 022d 13       		.uleb128 0x13
 1652 022e FE000000 		.4byte	0xfe
 1653 0232 3F000000 		.4byte	.LLST2
 1654 0236 13       		.uleb128 0x13
 1655 0237 F3000000 		.4byte	0xf3
 1656 023b A2000000 		.4byte	.LLST3
 1657 023f 13       		.uleb128 0x13
 1658 0240 E8000000 		.4byte	0xe8
 1659 0244 CB000000 		.4byte	.LLST4
 1660 0248 14       		.uleb128 0x14
 1661 0249 00000000 		.4byte	.Ldebug_ranges0+0
 1662 024d 15       		.uleb128 0x15
 1663 024e 09010000 		.4byte	0x109
 1664 0252 15       		.uleb128 0x15
 1665 0253 14010000 		.4byte	0x114
 1666 0257 15       		.uleb128 0x15
 1667 0258 1F010000 		.4byte	0x11f
ARM GAS  C:\Users\elias\AppData\Local\Temp\ccx36qkX.s 			page 68


 1668 025c 16       		.uleb128 0x16
 1669 025d 28010000 		.4byte	0x128
 1670 0261 00       		.byte	0
 1671 0262 17       		.uleb128 0x17
 1672 0263 BC000000 		.4byte	0xbc
 1673 0267 0C000000 		.4byte	.LBB24
 1674 026b 04000000 		.4byte	.LBE24-.LBB24
 1675 026f 01       		.byte	0x1
 1676 0270 1E       		.byte	0x1e
 1677 0271 7F020000 		.4byte	0x27f
 1678 0275 13       		.uleb128 0x13
 1679 0276 CC000000 		.4byte	0xcc
 1680 027a F4000000 		.4byte	.LLST5
 1681 027e 00       		.byte	0
 1682 027f 14       		.uleb128 0x14
 1683 0280 28000000 		.4byte	.Ldebug_ranges0+0x28
 1684 0284 18       		.uleb128 0x18
 1685 0285 FE000000 		.4byte	0xfe
 1686 0289 18       		.uleb128 0x18
 1687 028a F3000000 		.4byte	0xf3
 1688 028e 18       		.uleb128 0x18
 1689 028f E8000000 		.4byte	0xe8
 1690 0293 14       		.uleb128 0x14
 1691 0294 28000000 		.4byte	.Ldebug_ranges0+0x28
 1692 0298 19       		.uleb128 0x19
 1693 0299 09010000 		.4byte	0x109
 1694 029d 02       		.uleb128 0x2
 1695 029e 91       		.byte	0x91
 1696 029f 60       		.sleb128 -32
 1697 02a0 1A       		.uleb128 0x1a
 1698 02a1 14010000 		.4byte	0x114
 1699 02a5 07010000 		.4byte	.LLST6
 1700 02a9 1A       		.uleb128 0x1a
 1701 02aa 1F010000 		.4byte	0x11f
 1702 02ae 1A010000 		.4byte	.LLST7
 1703 02b2 1A       		.uleb128 0x1a
 1704 02b3 28010000 		.4byte	0x128
 1705 02b7 6A010000 		.4byte	.LLST8
 1706 02bb 1B       		.uleb128 0x1b
 1707 02bc 6E000000 		.4byte	.LVL13
 1708 02c0 40060000 		.4byte	0x640
 1709 02c4 D4020000 		.4byte	0x2d4
 1710 02c8 1C       		.uleb128 0x1c
 1711 02c9 01       		.uleb128 0x1
 1712 02ca 50       		.byte	0x50
 1713 02cb 02       		.uleb128 0x2
 1714 02cc 7D       		.byte	0x7d
 1715 02cd 00       		.sleb128 0
 1716 02ce 1C       		.uleb128 0x1c
 1717 02cf 01       		.uleb128 0x1
 1718 02d0 51       		.byte	0x51
 1719 02d1 01       		.uleb128 0x1
 1720 02d2 3E       		.byte	0x3e
 1721 02d3 00       		.byte	0
 1722 02d4 1D       		.uleb128 0x1d
 1723 02d5 7C000000 		.4byte	.LVL14
 1724 02d9 4B060000 		.4byte	0x64b
ARM GAS  C:\Users\elias\AppData\Local\Temp\ccx36qkX.s 			page 69


 1725 02dd 1E       		.uleb128 0x1e
 1726 02de 84000000 		.4byte	.LVL15
 1727 02e2 56060000 		.4byte	0x656
 1728 02e6 1C       		.uleb128 0x1c
 1729 02e7 01       		.uleb128 0x1
 1730 02e8 50       		.byte	0x50
 1731 02e9 02       		.uleb128 0x2
 1732 02ea 7D       		.byte	0x7d
 1733 02eb 00       		.sleb128 0
 1734 02ec 1C       		.uleb128 0x1c
 1735 02ed 01       		.uleb128 0x1
 1736 02ee 51       		.byte	0x51
 1737 02ef 02       		.uleb128 0x2
 1738 02f0 76       		.byte	0x76
 1739 02f1 00       		.sleb128 0
 1740 02f2 00       		.byte	0
 1741 02f3 00       		.byte	0
 1742 02f4 00       		.byte	0
 1743 02f5 00       		.byte	0
 1744 02f6 00       		.byte	0
 1745 02f7 1D       		.uleb128 0x1d
 1746 02f8 0C000000 		.4byte	.LVL1
 1747 02fc 61060000 		.4byte	0x661
 1748 0300 00       		.byte	0
 1749 0301 1F       		.uleb128 0x1f
 1750 0302 D8000000 		.4byte	0xd8
 1751 0306 00000000 		.4byte	.LFB66
 1752 030a 96000000 		.4byte	.LFE66-.LFB66
 1753 030e 01       		.uleb128 0x1
 1754 030f 9C       		.byte	0x9c
 1755 0310 D8030000 		.4byte	0x3d8
 1756 0314 13       		.uleb128 0x13
 1757 0315 E8000000 		.4byte	0xe8
 1758 0319 BA010000 		.4byte	.LLST9
 1759 031d 13       		.uleb128 0x13
 1760 031e F3000000 		.4byte	0xf3
 1761 0322 24020000 		.4byte	.LLST10
 1762 0326 13       		.uleb128 0x13
 1763 0327 FE000000 		.4byte	0xfe
 1764 032b 50020000 		.4byte	.LLST11
 1765 032f 15       		.uleb128 0x15
 1766 0330 09010000 		.4byte	0x109
 1767 0334 15       		.uleb128 0x15
 1768 0335 14010000 		.4byte	0x114
 1769 0339 15       		.uleb128 0x15
 1770 033a 1F010000 		.4byte	0x11f
 1771 033e 16       		.uleb128 0x16
 1772 033f 28010000 		.4byte	0x128
 1773 0343 00       		.byte	0
 1774 0344 17       		.uleb128 0x17
 1775 0345 BC000000 		.4byte	0xbc
 1776 0349 00000000 		.4byte	.LBB42
 1777 034d 04000000 		.4byte	.LBE42-.LBB42
 1778 0351 01       		.byte	0x1
 1779 0352 1E       		.byte	0x1e
 1780 0353 61030000 		.4byte	0x361
 1781 0357 13       		.uleb128 0x13
ARM GAS  C:\Users\elias\AppData\Local\Temp\ccx36qkX.s 			page 70


 1782 0358 CC000000 		.4byte	0xcc
 1783 035c AB020000 		.4byte	.LLST12
 1784 0360 00       		.byte	0
 1785 0361 14       		.uleb128 0x14
 1786 0362 40000000 		.4byte	.Ldebug_ranges0+0x40
 1787 0366 18       		.uleb128 0x18
 1788 0367 FE000000 		.4byte	0xfe
 1789 036b 18       		.uleb128 0x18
 1790 036c F3000000 		.4byte	0xf3
 1791 0370 18       		.uleb128 0x18
 1792 0371 E8000000 		.4byte	0xe8
 1793 0375 14       		.uleb128 0x14
 1794 0376 40000000 		.4byte	.Ldebug_ranges0+0x40
 1795 037a 19       		.uleb128 0x19
 1796 037b 09010000 		.4byte	0x109
 1797 037f 02       		.uleb128 0x2
 1798 0380 91       		.byte	0x91
 1799 0381 60       		.sleb128 -32
 1800 0382 1A       		.uleb128 0x1a
 1801 0383 14010000 		.4byte	0x114
 1802 0387 BE020000 		.4byte	.LLST13
 1803 038b 1A       		.uleb128 0x1a
 1804 038c 1F010000 		.4byte	0x11f
 1805 0390 D1020000 		.4byte	.LLST14
 1806 0394 1A       		.uleb128 0x1a
 1807 0395 28010000 		.4byte	0x128
 1808 0399 21030000 		.4byte	.LLST15
 1809 039d 1B       		.uleb128 0x1b
 1810 039e 66000000 		.4byte	.LVL37
 1811 03a2 40060000 		.4byte	0x640
 1812 03a6 B6030000 		.4byte	0x3b6
 1813 03aa 1C       		.uleb128 0x1c
 1814 03ab 01       		.uleb128 0x1
 1815 03ac 50       		.byte	0x50
 1816 03ad 02       		.uleb128 0x2
 1817 03ae 7D       		.byte	0x7d
 1818 03af 00       		.sleb128 0
 1819 03b0 1C       		.uleb128 0x1c
 1820 03b1 01       		.uleb128 0x1
 1821 03b2 51       		.byte	0x51
 1822 03b3 01       		.uleb128 0x1
 1823 03b4 3E       		.byte	0x3e
 1824 03b5 00       		.byte	0
 1825 03b6 1D       		.uleb128 0x1d
 1826 03b7 74000000 		.4byte	.LVL38
 1827 03bb 4B060000 		.4byte	0x64b
 1828 03bf 1E       		.uleb128 0x1e
 1829 03c0 7C000000 		.4byte	.LVL39
 1830 03c4 56060000 		.4byte	0x656
 1831 03c8 1C       		.uleb128 0x1c
 1832 03c9 01       		.uleb128 0x1
 1833 03ca 50       		.byte	0x50
 1834 03cb 02       		.uleb128 0x2
 1835 03cc 7D       		.byte	0x7d
 1836 03cd 00       		.sleb128 0
 1837 03ce 1C       		.uleb128 0x1c
 1838 03cf 01       		.uleb128 0x1
ARM GAS  C:\Users\elias\AppData\Local\Temp\ccx36qkX.s 			page 71


 1839 03d0 51       		.byte	0x51
 1840 03d1 02       		.uleb128 0x2
 1841 03d2 74       		.byte	0x74
 1842 03d3 00       		.sleb128 0
 1843 03d4 00       		.byte	0
 1844 03d5 00       		.byte	0
 1845 03d6 00       		.byte	0
 1846 03d7 00       		.byte	0
 1847 03d8 10       		.uleb128 0x10
 1848 03d9 75020000 		.4byte	.LASF31
 1849 03dd 01       		.byte	0x1
 1850 03de 36       		.byte	0x36
 1851 03df 81000000 		.4byte	0x81
 1852 03e3 00000000 		.4byte	.LFB67
 1853 03e7 C6000000 		.4byte	.LFE67-.LFB67
 1854 03eb 01       		.uleb128 0x1
 1855 03ec 9C       		.byte	0x9c
 1856 03ed 27050000 		.4byte	0x527
 1857 03f1 11       		.uleb128 0x11
 1858 03f2 F2010000 		.4byte	.LASF19
 1859 03f6 01       		.byte	0x1
 1860 03f7 36       		.byte	0x36
 1861 03f8 DD010000 		.4byte	0x1dd
 1862 03fc 71030000 		.4byte	.LLST16
 1863 0400 11       		.uleb128 0x11
 1864 0401 97020000 		.4byte	.LASF20
 1865 0405 01       		.byte	0x1
 1866 0406 36       		.byte	0x36
 1867 0407 81000000 		.4byte	0x81
 1868 040b 8F030000 		.4byte	.LLST17
 1869 040f 12       		.uleb128 0x12
 1870 0410 6B010000 		.4byte	0x16b
 1871 0414 0E000000 		.4byte	.LBB60
 1872 0418 60000000 		.4byte	.Ldebug_ranges0+0x60
 1873 041c 01       		.byte	0x1
 1874 041d 38       		.byte	0x38
 1875 041e 1D050000 		.4byte	0x51d
 1876 0422 13       		.uleb128 0x13
 1877 0423 91010000 		.4byte	0x191
 1878 0427 B0030000 		.4byte	.LLST18
 1879 042b 13       		.uleb128 0x13
 1880 042c 86010000 		.4byte	0x186
 1881 0430 CE030000 		.4byte	.LLST19
 1882 0434 13       		.uleb128 0x13
 1883 0435 7B010000 		.4byte	0x17b
 1884 0439 EC030000 		.4byte	.LLST20
 1885 043d 14       		.uleb128 0x14
 1886 043e 60000000 		.4byte	.Ldebug_ranges0+0x60
 1887 0442 15       		.uleb128 0x15
 1888 0443 9C010000 		.4byte	0x19c
 1889 0447 15       		.uleb128 0x15
 1890 0448 A7010000 		.4byte	0x1a7
 1891 044c 15       		.uleb128 0x15
 1892 044d B2010000 		.4byte	0x1b2
 1893 0451 15       		.uleb128 0x15
 1894 0452 BD010000 		.4byte	0x1bd
 1895 0456 15       		.uleb128 0x15
ARM GAS  C:\Users\elias\AppData\Local\Temp\ccx36qkX.s 			page 72


 1896 0457 C6010000 		.4byte	0x1c6
 1897 045b 15       		.uleb128 0x15
 1898 045c D1010000 		.4byte	0x1d1
 1899 0460 17       		.uleb128 0x17
 1900 0461 BC000000 		.4byte	0xbc
 1901 0465 0E000000 		.4byte	.LBB62
 1902 0469 04000000 		.4byte	.LBE62-.LBB62
 1903 046d 01       		.byte	0x1
 1904 046e 44       		.byte	0x44
 1905 046f 7D040000 		.4byte	0x47d
 1906 0473 13       		.uleb128 0x13
 1907 0474 CC000000 		.4byte	0xcc
 1908 0478 0A040000 		.4byte	.LLST21
 1909 047c 00       		.byte	0
 1910 047d 14       		.uleb128 0x14
 1911 047e 78000000 		.4byte	.Ldebug_ranges0+0x78
 1912 0482 13       		.uleb128 0x13
 1913 0483 91010000 		.4byte	0x191
 1914 0487 1D040000 		.4byte	.LLST22
 1915 048b 13       		.uleb128 0x13
 1916 048c 86010000 		.4byte	0x186
 1917 0490 3B040000 		.4byte	.LLST23
 1918 0494 13       		.uleb128 0x13
 1919 0495 7B010000 		.4byte	0x17b
 1920 0499 59040000 		.4byte	.LLST24
 1921 049d 14       		.uleb128 0x14
 1922 049e 78000000 		.4byte	.Ldebug_ranges0+0x78
 1923 04a2 19       		.uleb128 0x19
 1924 04a3 9C010000 		.4byte	0x19c
 1925 04a7 02       		.uleb128 0x2
 1926 04a8 91       		.byte	0x91
 1927 04a9 50       		.sleb128 -48
 1928 04aa 1A       		.uleb128 0x1a
 1929 04ab A7010000 		.4byte	0x1a7
 1930 04af 6C040000 		.4byte	.LLST25
 1931 04b3 1A       		.uleb128 0x1a
 1932 04b4 B2010000 		.4byte	0x1b2
 1933 04b8 7F040000 		.4byte	.LLST26
 1934 04bc 1A       		.uleb128 0x1a
 1935 04bd BD010000 		.4byte	0x1bd
 1936 04c1 92040000 		.4byte	.LLST27
 1937 04c5 15       		.uleb128 0x15
 1938 04c6 C6010000 		.4byte	0x1c6
 1939 04ca 1A       		.uleb128 0x1a
 1940 04cb D1010000 		.4byte	0x1d1
 1941 04cf EE040000 		.4byte	.LLST28
 1942 04d3 17       		.uleb128 0x17
 1943 04d4 4F010000 		.4byte	0x14f
 1944 04d8 22000000 		.4byte	.LBB66
 1945 04dc 06000000 		.4byte	.LBE66-.LBB66
 1946 04e0 01       		.byte	0x1
 1947 04e1 47       		.byte	0x47
 1948 04e2 F0040000 		.4byte	0x4f0
 1949 04e6 13       		.uleb128 0x13
 1950 04e7 5F010000 		.4byte	0x15f
 1951 04eb 59040000 		.4byte	.LLST24
 1952 04ef 00       		.byte	0
ARM GAS  C:\Users\elias\AppData\Local\Temp\ccx36qkX.s 			page 73


 1953 04f0 1B       		.uleb128 0x1b
 1954 04f1 2E000000 		.4byte	.LVL53
 1955 04f5 6C060000 		.4byte	0x66c
 1956 04f9 04050000 		.4byte	0x504
 1957 04fd 1C       		.uleb128 0x1c
 1958 04fe 01       		.uleb128 0x1
 1959 04ff 50       		.byte	0x50
 1960 0500 02       		.uleb128 0x2
 1961 0501 74       		.byte	0x74
 1962 0502 00       		.sleb128 0
 1963 0503 00       		.byte	0
 1964 0504 1E       		.uleb128 0x1e
 1965 0505 7E000000 		.4byte	.LVL59
 1966 0509 40060000 		.4byte	0x640
 1967 050d 1C       		.uleb128 0x1c
 1968 050e 01       		.uleb128 0x1
 1969 050f 50       		.byte	0x50
 1970 0510 02       		.uleb128 0x2
 1971 0511 7D       		.byte	0x7d
 1972 0512 00       		.sleb128 0
 1973 0513 1C       		.uleb128 0x1c
 1974 0514 01       		.uleb128 0x1
 1975 0515 51       		.byte	0x51
 1976 0516 01       		.uleb128 0x1
 1977 0517 3E       		.byte	0x3e
 1978 0518 00       		.byte	0
 1979 0519 00       		.byte	0
 1980 051a 00       		.byte	0
 1981 051b 00       		.byte	0
 1982 051c 00       		.byte	0
 1983 051d 1D       		.uleb128 0x1d
 1984 051e 0E000000 		.4byte	.LVL49
 1985 0522 61060000 		.4byte	0x661
 1986 0526 00       		.byte	0
 1987 0527 1F       		.uleb128 0x1f
 1988 0528 6B010000 		.4byte	0x16b
 1989 052c 00000000 		.4byte	.LFB68
 1990 0530 C2000000 		.4byte	.LFE68-.LFB68
 1991 0534 01       		.uleb128 0x1
 1992 0535 9C       		.byte	0x9c
 1993 0536 2F060000 		.4byte	0x62f
 1994 053a 13       		.uleb128 0x13
 1995 053b 7B010000 		.4byte	0x17b
 1996 053f 02050000 		.4byte	.LLST30
 1997 0543 13       		.uleb128 0x13
 1998 0544 86010000 		.4byte	0x186
 1999 0548 55050000 		.4byte	.LLST31
 2000 054c 13       		.uleb128 0x13
 2001 054d 91010000 		.4byte	0x191
 2002 0551 94050000 		.4byte	.LLST32
 2003 0555 15       		.uleb128 0x15
 2004 0556 9C010000 		.4byte	0x19c
 2005 055a 15       		.uleb128 0x15
 2006 055b A7010000 		.4byte	0x1a7
 2007 055f 15       		.uleb128 0x15
 2008 0560 B2010000 		.4byte	0x1b2
 2009 0564 15       		.uleb128 0x15
ARM GAS  C:\Users\elias\AppData\Local\Temp\ccx36qkX.s 			page 74


 2010 0565 BD010000 		.4byte	0x1bd
 2011 0569 15       		.uleb128 0x15
 2012 056a C6010000 		.4byte	0x1c6
 2013 056e 15       		.uleb128 0x15
 2014 056f D1010000 		.4byte	0x1d1
 2015 0573 17       		.uleb128 0x17
 2016 0574 BC000000 		.4byte	0xbc
 2017 0578 00000000 		.4byte	.LBB80
 2018 057c 04000000 		.4byte	.LBE80-.LBB80
 2019 0580 01       		.byte	0x1
 2020 0581 44       		.byte	0x44
 2021 0582 90050000 		.4byte	0x590
 2022 0586 13       		.uleb128 0x13
 2023 0587 CC000000 		.4byte	0xcc
 2024 058b D9050000 		.4byte	.LLST33
 2025 058f 00       		.byte	0
 2026 0590 14       		.uleb128 0x14
 2027 0591 90000000 		.4byte	.Ldebug_ranges0+0x90
 2028 0595 13       		.uleb128 0x13
 2029 0596 91010000 		.4byte	0x191
 2030 059a EC050000 		.4byte	.LLST34
 2031 059e 13       		.uleb128 0x13
 2032 059f 86010000 		.4byte	0x186
 2033 05a3 0A060000 		.4byte	.LLST35
 2034 05a7 13       		.uleb128 0x13
 2035 05a8 7B010000 		.4byte	0x17b
 2036 05ac 33060000 		.4byte	.LLST36
 2037 05b0 14       		.uleb128 0x14
 2038 05b1 90000000 		.4byte	.Ldebug_ranges0+0x90
 2039 05b5 19       		.uleb128 0x19
 2040 05b6 9C010000 		.4byte	0x19c
 2041 05ba 02       		.uleb128 0x2
 2042 05bb 91       		.byte	0x91
 2043 05bc 50       		.sleb128 -48
 2044 05bd 1A       		.uleb128 0x1a
 2045 05be A7010000 		.4byte	0x1a7
 2046 05c2 62060000 		.4byte	.LLST37
 2047 05c6 1A       		.uleb128 0x1a
 2048 05c7 B2010000 		.4byte	0x1b2
 2049 05cb 75060000 		.4byte	.LLST38
 2050 05cf 1A       		.uleb128 0x1a
 2051 05d0 BD010000 		.4byte	0x1bd
 2052 05d4 88060000 		.4byte	.LLST39
 2053 05d8 15       		.uleb128 0x15
 2054 05d9 C6010000 		.4byte	0x1c6
 2055 05dd 1A       		.uleb128 0x1a
 2056 05de D1010000 		.4byte	0x1d1
 2057 05e2 E4060000 		.4byte	.LLST40
 2058 05e6 17       		.uleb128 0x17
 2059 05e7 4F010000 		.4byte	0x14f
 2060 05eb 1E000000 		.4byte	.LBB84
 2061 05ef 02000000 		.4byte	.LBE84-.LBB84
 2062 05f3 01       		.byte	0x1
 2063 05f4 47       		.byte	0x47
 2064 05f5 03060000 		.4byte	0x603
 2065 05f9 13       		.uleb128 0x13
 2066 05fa 5F010000 		.4byte	0x15f
ARM GAS  C:\Users\elias\AppData\Local\Temp\ccx36qkX.s 			page 75


 2067 05fe F8060000 		.4byte	.LLST41
 2068 0602 00       		.byte	0
 2069 0603 1B       		.uleb128 0x1b
 2070 0604 26000000 		.4byte	.LVL74
 2071 0608 6C060000 		.4byte	0x66c
 2072 060c 17060000 		.4byte	0x617
 2073 0610 1C       		.uleb128 0x1c
 2074 0611 01       		.uleb128 0x1
 2075 0612 50       		.byte	0x50
 2076 0613 02       		.uleb128 0x2
 2077 0614 74       		.byte	0x74
 2078 0615 00       		.sleb128 0
 2079 0616 00       		.byte	0
 2080 0617 1E       		.uleb128 0x1e
 2081 0618 7A000000 		.4byte	.LVL81
 2082 061c 40060000 		.4byte	0x640
 2083 0620 1C       		.uleb128 0x1c
 2084 0621 01       		.uleb128 0x1
 2085 0622 50       		.byte	0x50
 2086 0623 02       		.uleb128 0x2
 2087 0624 7D       		.byte	0x7d
 2088 0625 00       		.sleb128 0
 2089 0626 1C       		.uleb128 0x1c
 2090 0627 01       		.uleb128 0x1
 2091 0628 51       		.byte	0x51
 2092 0629 01       		.uleb128 0x1
 2093 062a 3E       		.byte	0x3e
 2094 062b 00       		.byte	0
 2095 062c 00       		.byte	0
 2096 062d 00       		.byte	0
 2097 062e 00       		.byte	0
 2098 062f 20       		.uleb128 0x20
 2099 0630 4C010000 		.4byte	.LASF40
 2100 0634 08       		.byte	0x8
 2101 0635 1207     		.2byte	0x712
 2102 0637 3B060000 		.4byte	0x63b
 2103 063b 21       		.uleb128 0x21
 2104 063c 76000000 		.4byte	0x76
 2105 0640 22       		.uleb128 0x22
 2106 0641 62020000 		.4byte	.LASF32
 2107 0645 62020000 		.4byte	.LASF32
 2108 0649 05       		.byte	0x5
 2109 064a 3C       		.byte	0x3c
 2110 064b 22       		.uleb128 0x22
 2111 064c FA010000 		.4byte	.LASF33
 2112 0650 FA010000 		.4byte	.LASF33
 2113 0654 06       		.byte	0x6
 2114 0655 24       		.byte	0x24
 2115 0656 22       		.uleb128 0x22
 2116 0657 68020000 		.4byte	.LASF34
 2117 065b 68020000 		.4byte	.LASF34
 2118 065f 06       		.byte	0x6
 2119 0660 26       		.byte	0x26
 2120 0661 22       		.uleb128 0x22
 2121 0662 00000000 		.4byte	.LASF35
 2122 0666 00000000 		.4byte	.LASF35
 2123 066a 07       		.byte	0x7
ARM GAS  C:\Users\elias\AppData\Local\Temp\ccx36qkX.s 			page 76


 2124 066b 74       		.byte	0x74
 2125 066c 22       		.uleb128 0x22
 2126 066d 67010000 		.4byte	.LASF36
 2127 0671 67010000 		.4byte	.LASF36
 2128 0675 06       		.byte	0x6
 2129 0676 23       		.byte	0x23
 2130 0677 00       		.byte	0
 2131              		.section	.debug_abbrev,"",%progbits
 2132              	.Ldebug_abbrev0:
 2133 0000 01       		.uleb128 0x1
 2134 0001 11       		.uleb128 0x11
 2135 0002 01       		.byte	0x1
 2136 0003 25       		.uleb128 0x25
 2137 0004 0E       		.uleb128 0xe
 2138 0005 13       		.uleb128 0x13
 2139 0006 0B       		.uleb128 0xb
 2140 0007 03       		.uleb128 0x3
 2141 0008 0E       		.uleb128 0xe
 2142 0009 1B       		.uleb128 0x1b
 2143 000a 0E       		.uleb128 0xe
 2144 000b 55       		.uleb128 0x55
 2145 000c 17       		.uleb128 0x17
 2146 000d 11       		.uleb128 0x11
 2147 000e 01       		.uleb128 0x1
 2148 000f 10       		.uleb128 0x10
 2149 0010 17       		.uleb128 0x17
 2150 0011 00       		.byte	0
 2151 0012 00       		.byte	0
 2152 0013 02       		.uleb128 0x2
 2153 0014 24       		.uleb128 0x24
 2154 0015 00       		.byte	0
 2155 0016 0B       		.uleb128 0xb
 2156 0017 0B       		.uleb128 0xb
 2157 0018 3E       		.uleb128 0x3e
 2158 0019 0B       		.uleb128 0xb
 2159 001a 03       		.uleb128 0x3
 2160 001b 0E       		.uleb128 0xe
 2161 001c 00       		.byte	0
 2162 001d 00       		.byte	0
 2163 001e 03       		.uleb128 0x3
 2164 001f 16       		.uleb128 0x16
 2165 0020 00       		.byte	0
 2166 0021 03       		.uleb128 0x3
 2167 0022 0E       		.uleb128 0xe
 2168 0023 3A       		.uleb128 0x3a
 2169 0024 0B       		.uleb128 0xb
 2170 0025 3B       		.uleb128 0x3b
 2171 0026 0B       		.uleb128 0xb
 2172 0027 49       		.uleb128 0x49
 2173 0028 13       		.uleb128 0x13
 2174 0029 00       		.byte	0
 2175 002a 00       		.byte	0
 2176 002b 04       		.uleb128 0x4
 2177 002c 24       		.uleb128 0x24
 2178 002d 00       		.byte	0
 2179 002e 0B       		.uleb128 0xb
 2180 002f 0B       		.uleb128 0xb
ARM GAS  C:\Users\elias\AppData\Local\Temp\ccx36qkX.s 			page 77


 2181 0030 3E       		.uleb128 0x3e
 2182 0031 0B       		.uleb128 0xb
 2183 0032 03       		.uleb128 0x3
 2184 0033 08       		.uleb128 0x8
 2185 0034 00       		.byte	0
 2186 0035 00       		.byte	0
 2187 0036 05       		.uleb128 0x5
 2188 0037 16       		.uleb128 0x16
 2189 0038 00       		.byte	0
 2190 0039 03       		.uleb128 0x3
 2191 003a 0E       		.uleb128 0xe
 2192 003b 3A       		.uleb128 0x3a
 2193 003c 0B       		.uleb128 0xb
 2194 003d 3B       		.uleb128 0x3b
 2195 003e 05       		.uleb128 0x5
 2196 003f 49       		.uleb128 0x49
 2197 0040 13       		.uleb128 0x13
 2198 0041 00       		.byte	0
 2199 0042 00       		.byte	0
 2200 0043 06       		.uleb128 0x6
 2201 0044 2E       		.uleb128 0x2e
 2202 0045 01       		.byte	0x1
 2203 0046 03       		.uleb128 0x3
 2204 0047 0E       		.uleb128 0xe
 2205 0048 3A       		.uleb128 0x3a
 2206 0049 0B       		.uleb128 0xb
 2207 004a 3B       		.uleb128 0x3b
 2208 004b 0B       		.uleb128 0xb
 2209 004c 27       		.uleb128 0x27
 2210 004d 19       		.uleb128 0x19
 2211 004e 49       		.uleb128 0x49
 2212 004f 13       		.uleb128 0x13
 2213 0050 20       		.uleb128 0x20
 2214 0051 0B       		.uleb128 0xb
 2215 0052 01       		.uleb128 0x1
 2216 0053 13       		.uleb128 0x13
 2217 0054 00       		.byte	0
 2218 0055 00       		.byte	0
 2219 0056 07       		.uleb128 0x7
 2220 0057 05       		.uleb128 0x5
 2221 0058 00       		.byte	0
 2222 0059 03       		.uleb128 0x3
 2223 005a 0E       		.uleb128 0xe
 2224 005b 3A       		.uleb128 0x3a
 2225 005c 0B       		.uleb128 0xb
 2226 005d 3B       		.uleb128 0x3b
 2227 005e 0B       		.uleb128 0xb
 2228 005f 49       		.uleb128 0x49
 2229 0060 13       		.uleb128 0x13
 2230 0061 00       		.byte	0
 2231 0062 00       		.byte	0
 2232 0063 08       		.uleb128 0x8
 2233 0064 2E       		.uleb128 0x2e
 2234 0065 01       		.byte	0x1
 2235 0066 3F       		.uleb128 0x3f
 2236 0067 19       		.uleb128 0x19
 2237 0068 03       		.uleb128 0x3
ARM GAS  C:\Users\elias\AppData\Local\Temp\ccx36qkX.s 			page 78


 2238 0069 0E       		.uleb128 0xe
 2239 006a 3A       		.uleb128 0x3a
 2240 006b 0B       		.uleb128 0xb
 2241 006c 3B       		.uleb128 0x3b
 2242 006d 0B       		.uleb128 0xb
 2243 006e 27       		.uleb128 0x27
 2244 006f 19       		.uleb128 0x19
 2245 0070 49       		.uleb128 0x49
 2246 0071 13       		.uleb128 0x13
 2247 0072 20       		.uleb128 0x20
 2248 0073 0B       		.uleb128 0xb
 2249 0074 01       		.uleb128 0x1
 2250 0075 13       		.uleb128 0x13
 2251 0076 00       		.byte	0
 2252 0077 00       		.byte	0
 2253 0078 09       		.uleb128 0x9
 2254 0079 34       		.uleb128 0x34
 2255 007a 00       		.byte	0
 2256 007b 03       		.uleb128 0x3
 2257 007c 0E       		.uleb128 0xe
 2258 007d 3A       		.uleb128 0x3a
 2259 007e 0B       		.uleb128 0xb
 2260 007f 3B       		.uleb128 0x3b
 2261 0080 0B       		.uleb128 0xb
 2262 0081 49       		.uleb128 0x49
 2263 0082 13       		.uleb128 0x13
 2264 0083 00       		.byte	0
 2265 0084 00       		.byte	0
 2266 0085 0A       		.uleb128 0xa
 2267 0086 34       		.uleb128 0x34
 2268 0087 00       		.byte	0
 2269 0088 03       		.uleb128 0x3
 2270 0089 08       		.uleb128 0x8
 2271 008a 3A       		.uleb128 0x3a
 2272 008b 0B       		.uleb128 0xb
 2273 008c 3B       		.uleb128 0x3b
 2274 008d 0B       		.uleb128 0xb
 2275 008e 49       		.uleb128 0x49
 2276 008f 13       		.uleb128 0x13
 2277 0090 00       		.byte	0
 2278 0091 00       		.byte	0
 2279 0092 0B       		.uleb128 0xb
 2280 0093 0F       		.uleb128 0xf
 2281 0094 00       		.byte	0
 2282 0095 0B       		.uleb128 0xb
 2283 0096 0B       		.uleb128 0xb
 2284 0097 49       		.uleb128 0x49
 2285 0098 13       		.uleb128 0x13
 2286 0099 00       		.byte	0
 2287 009a 00       		.byte	0
 2288 009b 0C       		.uleb128 0xc
 2289 009c 26       		.uleb128 0x26
 2290 009d 00       		.byte	0
 2291 009e 49       		.uleb128 0x49
 2292 009f 13       		.uleb128 0x13
 2293 00a0 00       		.byte	0
 2294 00a1 00       		.byte	0
ARM GAS  C:\Users\elias\AppData\Local\Temp\ccx36qkX.s 			page 79


 2295 00a2 0D       		.uleb128 0xd
 2296 00a3 01       		.uleb128 0x1
 2297 00a4 01       		.byte	0x1
 2298 00a5 49       		.uleb128 0x49
 2299 00a6 13       		.uleb128 0x13
 2300 00a7 01       		.uleb128 0x1
 2301 00a8 13       		.uleb128 0x13
 2302 00a9 00       		.byte	0
 2303 00aa 00       		.byte	0
 2304 00ab 0E       		.uleb128 0xe
 2305 00ac 21       		.uleb128 0x21
 2306 00ad 00       		.byte	0
 2307 00ae 49       		.uleb128 0x49
 2308 00af 13       		.uleb128 0x13
 2309 00b0 2F       		.uleb128 0x2f
 2310 00b1 0B       		.uleb128 0xb
 2311 00b2 00       		.byte	0
 2312 00b3 00       		.byte	0
 2313 00b4 0F       		.uleb128 0xf
 2314 00b5 05       		.uleb128 0x5
 2315 00b6 00       		.byte	0
 2316 00b7 03       		.uleb128 0x3
 2317 00b8 08       		.uleb128 0x8
 2318 00b9 3A       		.uleb128 0x3a
 2319 00ba 0B       		.uleb128 0xb
 2320 00bb 3B       		.uleb128 0x3b
 2321 00bc 0B       		.uleb128 0xb
 2322 00bd 49       		.uleb128 0x49
 2323 00be 13       		.uleb128 0x13
 2324 00bf 00       		.byte	0
 2325 00c0 00       		.byte	0
 2326 00c1 10       		.uleb128 0x10
 2327 00c2 2E       		.uleb128 0x2e
 2328 00c3 01       		.byte	0x1
 2329 00c4 3F       		.uleb128 0x3f
 2330 00c5 19       		.uleb128 0x19
 2331 00c6 03       		.uleb128 0x3
 2332 00c7 0E       		.uleb128 0xe
 2333 00c8 3A       		.uleb128 0x3a
 2334 00c9 0B       		.uleb128 0xb
 2335 00ca 3B       		.uleb128 0x3b
 2336 00cb 0B       		.uleb128 0xb
 2337 00cc 27       		.uleb128 0x27
 2338 00cd 19       		.uleb128 0x19
 2339 00ce 49       		.uleb128 0x49
 2340 00cf 13       		.uleb128 0x13
 2341 00d0 11       		.uleb128 0x11
 2342 00d1 01       		.uleb128 0x1
 2343 00d2 12       		.uleb128 0x12
 2344 00d3 06       		.uleb128 0x6
 2345 00d4 40       		.uleb128 0x40
 2346 00d5 18       		.uleb128 0x18
 2347 00d6 9742     		.uleb128 0x2117
 2348 00d8 19       		.uleb128 0x19
 2349 00d9 01       		.uleb128 0x1
 2350 00da 13       		.uleb128 0x13
 2351 00db 00       		.byte	0
ARM GAS  C:\Users\elias\AppData\Local\Temp\ccx36qkX.s 			page 80


 2352 00dc 00       		.byte	0
 2353 00dd 11       		.uleb128 0x11
 2354 00de 05       		.uleb128 0x5
 2355 00df 00       		.byte	0
 2356 00e0 03       		.uleb128 0x3
 2357 00e1 0E       		.uleb128 0xe
 2358 00e2 3A       		.uleb128 0x3a
 2359 00e3 0B       		.uleb128 0xb
 2360 00e4 3B       		.uleb128 0x3b
 2361 00e5 0B       		.uleb128 0xb
 2362 00e6 49       		.uleb128 0x49
 2363 00e7 13       		.uleb128 0x13
 2364 00e8 02       		.uleb128 0x2
 2365 00e9 17       		.uleb128 0x17
 2366 00ea 00       		.byte	0
 2367 00eb 00       		.byte	0
 2368 00ec 12       		.uleb128 0x12
 2369 00ed 1D       		.uleb128 0x1d
 2370 00ee 01       		.byte	0x1
 2371 00ef 31       		.uleb128 0x31
 2372 00f0 13       		.uleb128 0x13
 2373 00f1 52       		.uleb128 0x52
 2374 00f2 01       		.uleb128 0x1
 2375 00f3 55       		.uleb128 0x55
 2376 00f4 17       		.uleb128 0x17
 2377 00f5 58       		.uleb128 0x58
 2378 00f6 0B       		.uleb128 0xb
 2379 00f7 59       		.uleb128 0x59
 2380 00f8 0B       		.uleb128 0xb
 2381 00f9 01       		.uleb128 0x1
 2382 00fa 13       		.uleb128 0x13
 2383 00fb 00       		.byte	0
 2384 00fc 00       		.byte	0
 2385 00fd 13       		.uleb128 0x13
 2386 00fe 05       		.uleb128 0x5
 2387 00ff 00       		.byte	0
 2388 0100 31       		.uleb128 0x31
 2389 0101 13       		.uleb128 0x13
 2390 0102 02       		.uleb128 0x2
 2391 0103 17       		.uleb128 0x17
 2392 0104 00       		.byte	0
 2393 0105 00       		.byte	0
 2394 0106 14       		.uleb128 0x14
 2395 0107 0B       		.uleb128 0xb
 2396 0108 01       		.byte	0x1
 2397 0109 55       		.uleb128 0x55
 2398 010a 17       		.uleb128 0x17
 2399 010b 00       		.byte	0
 2400 010c 00       		.byte	0
 2401 010d 15       		.uleb128 0x15
 2402 010e 34       		.uleb128 0x34
 2403 010f 00       		.byte	0
 2404 0110 31       		.uleb128 0x31
 2405 0111 13       		.uleb128 0x13
 2406 0112 00       		.byte	0
 2407 0113 00       		.byte	0
 2408 0114 16       		.uleb128 0x16
ARM GAS  C:\Users\elias\AppData\Local\Temp\ccx36qkX.s 			page 81


 2409 0115 34       		.uleb128 0x34
 2410 0116 00       		.byte	0
 2411 0117 31       		.uleb128 0x31
 2412 0118 13       		.uleb128 0x13
 2413 0119 1C       		.uleb128 0x1c
 2414 011a 0B       		.uleb128 0xb
 2415 011b 00       		.byte	0
 2416 011c 00       		.byte	0
 2417 011d 17       		.uleb128 0x17
 2418 011e 1D       		.uleb128 0x1d
 2419 011f 01       		.byte	0x1
 2420 0120 31       		.uleb128 0x31
 2421 0121 13       		.uleb128 0x13
 2422 0122 11       		.uleb128 0x11
 2423 0123 01       		.uleb128 0x1
 2424 0124 12       		.uleb128 0x12
 2425 0125 06       		.uleb128 0x6
 2426 0126 58       		.uleb128 0x58
 2427 0127 0B       		.uleb128 0xb
 2428 0128 59       		.uleb128 0x59
 2429 0129 0B       		.uleb128 0xb
 2430 012a 01       		.uleb128 0x1
 2431 012b 13       		.uleb128 0x13
 2432 012c 00       		.byte	0
 2433 012d 00       		.byte	0
 2434 012e 18       		.uleb128 0x18
 2435 012f 05       		.uleb128 0x5
 2436 0130 00       		.byte	0
 2437 0131 31       		.uleb128 0x31
 2438 0132 13       		.uleb128 0x13
 2439 0133 00       		.byte	0
 2440 0134 00       		.byte	0
 2441 0135 19       		.uleb128 0x19
 2442 0136 34       		.uleb128 0x34
 2443 0137 00       		.byte	0
 2444 0138 31       		.uleb128 0x31
 2445 0139 13       		.uleb128 0x13
 2446 013a 02       		.uleb128 0x2
 2447 013b 18       		.uleb128 0x18
 2448 013c 00       		.byte	0
 2449 013d 00       		.byte	0
 2450 013e 1A       		.uleb128 0x1a
 2451 013f 34       		.uleb128 0x34
 2452 0140 00       		.byte	0
 2453 0141 31       		.uleb128 0x31
 2454 0142 13       		.uleb128 0x13
 2455 0143 02       		.uleb128 0x2
 2456 0144 17       		.uleb128 0x17
 2457 0145 00       		.byte	0
 2458 0146 00       		.byte	0
 2459 0147 1B       		.uleb128 0x1b
 2460 0148 898201   		.uleb128 0x4109
 2461 014b 01       		.byte	0x1
 2462 014c 11       		.uleb128 0x11
 2463 014d 01       		.uleb128 0x1
 2464 014e 31       		.uleb128 0x31
 2465 014f 13       		.uleb128 0x13
ARM GAS  C:\Users\elias\AppData\Local\Temp\ccx36qkX.s 			page 82


 2466 0150 01       		.uleb128 0x1
 2467 0151 13       		.uleb128 0x13
 2468 0152 00       		.byte	0
 2469 0153 00       		.byte	0
 2470 0154 1C       		.uleb128 0x1c
 2471 0155 8A8201   		.uleb128 0x410a
 2472 0158 00       		.byte	0
 2473 0159 02       		.uleb128 0x2
 2474 015a 18       		.uleb128 0x18
 2475 015b 9142     		.uleb128 0x2111
 2476 015d 18       		.uleb128 0x18
 2477 015e 00       		.byte	0
 2478 015f 00       		.byte	0
 2479 0160 1D       		.uleb128 0x1d
 2480 0161 898201   		.uleb128 0x4109
 2481 0164 00       		.byte	0
 2482 0165 11       		.uleb128 0x11
 2483 0166 01       		.uleb128 0x1
 2484 0167 31       		.uleb128 0x31
 2485 0168 13       		.uleb128 0x13
 2486 0169 00       		.byte	0
 2487 016a 00       		.byte	0
 2488 016b 1E       		.uleb128 0x1e
 2489 016c 898201   		.uleb128 0x4109
 2490 016f 01       		.byte	0x1
 2491 0170 11       		.uleb128 0x11
 2492 0171 01       		.uleb128 0x1
 2493 0172 31       		.uleb128 0x31
 2494 0173 13       		.uleb128 0x13
 2495 0174 00       		.byte	0
 2496 0175 00       		.byte	0
 2497 0176 1F       		.uleb128 0x1f
 2498 0177 2E       		.uleb128 0x2e
 2499 0178 01       		.byte	0x1
 2500 0179 31       		.uleb128 0x31
 2501 017a 13       		.uleb128 0x13
 2502 017b 11       		.uleb128 0x11
 2503 017c 01       		.uleb128 0x1
 2504 017d 12       		.uleb128 0x12
 2505 017e 06       		.uleb128 0x6
 2506 017f 40       		.uleb128 0x40
 2507 0180 18       		.uleb128 0x18
 2508 0181 9742     		.uleb128 0x2117
 2509 0183 19       		.uleb128 0x19
 2510 0184 01       		.uleb128 0x1
 2511 0185 13       		.uleb128 0x13
 2512 0186 00       		.byte	0
 2513 0187 00       		.byte	0
 2514 0188 20       		.uleb128 0x20
 2515 0189 34       		.uleb128 0x34
 2516 018a 00       		.byte	0
 2517 018b 03       		.uleb128 0x3
 2518 018c 0E       		.uleb128 0xe
 2519 018d 3A       		.uleb128 0x3a
 2520 018e 0B       		.uleb128 0xb
 2521 018f 3B       		.uleb128 0x3b
 2522 0190 05       		.uleb128 0x5
ARM GAS  C:\Users\elias\AppData\Local\Temp\ccx36qkX.s 			page 83


 2523 0191 49       		.uleb128 0x49
 2524 0192 13       		.uleb128 0x13
 2525 0193 3F       		.uleb128 0x3f
 2526 0194 19       		.uleb128 0x19
 2527 0195 3C       		.uleb128 0x3c
 2528 0196 19       		.uleb128 0x19
 2529 0197 00       		.byte	0
 2530 0198 00       		.byte	0
 2531 0199 21       		.uleb128 0x21
 2532 019a 35       		.uleb128 0x35
 2533 019b 00       		.byte	0
 2534 019c 49       		.uleb128 0x49
 2535 019d 13       		.uleb128 0x13
 2536 019e 00       		.byte	0
 2537 019f 00       		.byte	0
 2538 01a0 22       		.uleb128 0x22
 2539 01a1 2E       		.uleb128 0x2e
 2540 01a2 00       		.byte	0
 2541 01a3 3F       		.uleb128 0x3f
 2542 01a4 19       		.uleb128 0x19
 2543 01a5 3C       		.uleb128 0x3c
 2544 01a6 19       		.uleb128 0x19
 2545 01a7 6E       		.uleb128 0x6e
 2546 01a8 0E       		.uleb128 0xe
 2547 01a9 03       		.uleb128 0x3
 2548 01aa 0E       		.uleb128 0xe
 2549 01ab 3A       		.uleb128 0x3a
 2550 01ac 0B       		.uleb128 0xb
 2551 01ad 3B       		.uleb128 0x3b
 2552 01ae 0B       		.uleb128 0xb
 2553 01af 00       		.byte	0
 2554 01b0 00       		.byte	0
 2555 01b1 00       		.byte	0
 2556              		.section	.debug_loc,"",%progbits
 2557              	.Ldebug_loc0:
 2558              	.LLST0:
 2559 0000 00000000 		.4byte	.LVL0
 2560 0004 0B000000 		.4byte	.LVL1-1
 2561 0008 0100     		.2byte	0x1
 2562 000a 50       		.byte	0x50
 2563 000b 0B000000 		.4byte	.LVL1-1
 2564 000f A0000000 		.4byte	.LFE65
 2565 0013 0100     		.2byte	0x1
 2566 0015 54       		.byte	0x54
 2567 0016 00000000 		.4byte	0
 2568 001a 00000000 		.4byte	0
 2569              	.LLST1:
 2570 001e 00000000 		.4byte	.LVL0
 2571 0022 0B000000 		.4byte	.LVL1-1
 2572 0026 0100     		.2byte	0x1
 2573 0028 51       		.byte	0x51
 2574 0029 0B000000 		.4byte	.LVL1-1
 2575 002d A0000000 		.4byte	.LFE65
 2576 0031 0400     		.2byte	0x4
 2577 0033 F3       		.byte	0xf3
 2578 0034 01       		.uleb128 0x1
 2579 0035 51       		.byte	0x51
ARM GAS  C:\Users\elias\AppData\Local\Temp\ccx36qkX.s 			page 84


 2580 0036 9F       		.byte	0x9f
 2581 0037 00000000 		.4byte	0
 2582 003b 00000000 		.4byte	0
 2583              	.LLST2:
 2584 003f 0C000000 		.4byte	.LVL1
 2585 0043 5E000000 		.4byte	.LVL11
 2586 0047 0100     		.2byte	0x1
 2587 0049 55       		.byte	0x55
 2588 004a 5E000000 		.4byte	.LVL11
 2589 004e 6D000000 		.4byte	.LVL13-1
 2590 0052 0200     		.2byte	0x2
 2591 0054 91       		.byte	0x91
 2592 0055 64       		.sleb128 -28
 2593 0056 8E000000 		.4byte	.LVL16
 2594 005a 90000000 		.4byte	.LVL17
 2595 005e 0100     		.2byte	0x1
 2596 0060 55       		.byte	0x55
 2597 0061 94000000 		.4byte	.LVL18
 2598 0065 96000000 		.4byte	.LVL19
 2599 0069 0100     		.2byte	0x1
 2600 006b 55       		.byte	0x55
 2601 006c 98000000 		.4byte	.LVL20
 2602 0070 9A000000 		.4byte	.LVL21
 2603 0074 0100     		.2byte	0x1
 2604 0076 55       		.byte	0x55
 2605 0077 9A000000 		.4byte	.LVL21
 2606 007b 9C000000 		.4byte	.LVL22
 2607 007f 0200     		.2byte	0x2
 2608 0081 91       		.byte	0x91
 2609 0082 64       		.sleb128 -28
 2610 0083 9C000000 		.4byte	.LVL22
 2611 0087 9E000000 		.4byte	.LVL23
 2612 008b 0100     		.2byte	0x1
 2613 008d 55       		.byte	0x55
 2614 008e 9E000000 		.4byte	.LVL23
 2615 0092 A0000000 		.4byte	.LFE65
 2616 0096 0200     		.2byte	0x2
 2617 0098 91       		.byte	0x91
 2618 0099 64       		.sleb128 -28
 2619 009a 00000000 		.4byte	0
 2620 009e 00000000 		.4byte	0
 2621              	.LLST3:
 2622 00a2 0C000000 		.4byte	.LVL1
 2623 00a6 90000000 		.4byte	.LVL17
 2624 00aa 0100     		.2byte	0x1
 2625 00ac 54       		.byte	0x54
 2626 00ad 94000000 		.4byte	.LVL18
 2627 00b1 96000000 		.4byte	.LVL19
 2628 00b5 0100     		.2byte	0x1
 2629 00b7 54       		.byte	0x54
 2630 00b8 98000000 		.4byte	.LVL20
 2631 00bc A0000000 		.4byte	.LFE65
 2632 00c0 0100     		.2byte	0x1
 2633 00c2 54       		.byte	0x54
 2634 00c3 00000000 		.4byte	0
 2635 00c7 00000000 		.4byte	0
 2636              	.LLST4:
ARM GAS  C:\Users\elias\AppData\Local\Temp\ccx36qkX.s 			page 85


 2637 00cb 0C000000 		.4byte	.LVL1
 2638 00cf 1E000000 		.4byte	.LVL3
 2639 00d3 0100     		.2byte	0x1
 2640 00d5 50       		.byte	0x50
 2641 00d6 8E000000 		.4byte	.LVL16
 2642 00da 90000000 		.4byte	.LVL17
 2643 00de 0100     		.2byte	0x1
 2644 00e0 50       		.byte	0x50
 2645 00e1 94000000 		.4byte	.LVL18
 2646 00e5 96000000 		.4byte	.LVL19
 2647 00e9 0100     		.2byte	0x1
 2648 00eb 50       		.byte	0x50
 2649 00ec 00000000 		.4byte	0
 2650 00f0 00000000 		.4byte	0
 2651              	.LLST5:
 2652 00f4 0C000000 		.4byte	.LVL1
 2653 00f8 10000000 		.4byte	.LVL2
 2654 00fc 0100     		.2byte	0x1
 2655 00fe 50       		.byte	0x50
 2656 00ff 00000000 		.4byte	0
 2657 0103 00000000 		.4byte	0
 2658              	.LLST6:
 2659 0107 6E000000 		.4byte	.LVL13
 2660 010b 7B000000 		.4byte	.LVL14-1
 2661 010f 0100     		.2byte	0x1
 2662 0111 50       		.byte	0x50
 2663 0112 00000000 		.4byte	0
 2664 0116 00000000 		.4byte	0
 2665              	.LLST7:
 2666 011a 38000000 		.4byte	.LVL4
 2667 011e 3C000000 		.4byte	.LVL5
 2668 0122 0200     		.2byte	0x2
 2669 0124 30       		.byte	0x30
 2670 0125 9F       		.byte	0x9f
 2671 0126 3C000000 		.4byte	.LVL5
 2672 012a 4E000000 		.4byte	.LVL7
 2673 012e 0200     		.2byte	0x2
 2674 0130 31       		.byte	0x31
 2675 0131 9F       		.byte	0x9f
 2676 0132 4E000000 		.4byte	.LVL7
 2677 0136 58000000 		.4byte	.LVL9
 2678 013a 0200     		.2byte	0x2
 2679 013c 32       		.byte	0x32
 2680 013d 9F       		.byte	0x9f
 2681 013e 58000000 		.4byte	.LVL9
 2682 0142 62000000 		.4byte	.LVL12
 2683 0146 0200     		.2byte	0x2
 2684 0148 33       		.byte	0x33
 2685 0149 9F       		.byte	0x9f
 2686 014a 98000000 		.4byte	.LVL20
 2687 014e 9C000000 		.4byte	.LVL22
 2688 0152 0200     		.2byte	0x2
 2689 0154 33       		.byte	0x33
 2690 0155 9F       		.byte	0x9f
 2691 0156 9C000000 		.4byte	.LVL22
 2692 015a A0000000 		.4byte	.LFE65
 2693 015e 0200     		.2byte	0x2
ARM GAS  C:\Users\elias\AppData\Local\Temp\ccx36qkX.s 			page 86


 2694 0160 32       		.byte	0x32
 2695 0161 9F       		.byte	0x9f
 2696 0162 00000000 		.4byte	0
 2697 0166 00000000 		.4byte	0
 2698              	.LLST8:
 2699 016a 38000000 		.4byte	.LVL4
 2700 016e 46000000 		.4byte	.LVL6
 2701 0172 0200     		.2byte	0x2
 2702 0174 31       		.byte	0x31
 2703 0175 9F       		.byte	0x9f
 2704 0176 46000000 		.4byte	.LVL6
 2705 017a 50000000 		.4byte	.LVL8
 2706 017e 0200     		.2byte	0x2
 2707 0180 33       		.byte	0x33
 2708 0181 9F       		.byte	0x9f
 2709 0182 50000000 		.4byte	.LVL8
 2710 0186 5A000000 		.4byte	.LVL10
 2711 018a 0200     		.2byte	0x2
 2712 018c 37       		.byte	0x37
 2713 018d 9F       		.byte	0x9f
 2714 018e 5A000000 		.4byte	.LVL10
 2715 0192 62000000 		.4byte	.LVL12
 2716 0196 0200     		.2byte	0x2
 2717 0198 3F       		.byte	0x3f
 2718 0199 9F       		.byte	0x9f
 2719 019a 98000000 		.4byte	.LVL20
 2720 019e 9C000000 		.4byte	.LVL22
 2721 01a2 0200     		.2byte	0x2
 2722 01a4 37       		.byte	0x37
 2723 01a5 9F       		.byte	0x9f
 2724 01a6 9C000000 		.4byte	.LVL22
 2725 01aa A0000000 		.4byte	.LFE65
 2726 01ae 0200     		.2byte	0x2
 2727 01b0 33       		.byte	0x33
 2728 01b1 9F       		.byte	0x9f
 2729 01b2 00000000 		.4byte	0
 2730 01b6 00000000 		.4byte	0
 2731              	.LLST9:
 2732 01ba 00000000 		.4byte	.LVL24
 2733 01be 5E000000 		.4byte	.LVL36
 2734 01c2 0100     		.2byte	0x1
 2735 01c4 50       		.byte	0x50
 2736 01c5 5E000000 		.4byte	.LVL36
 2737 01c9 65000000 		.4byte	.LVL37-1
 2738 01cd 0200     		.2byte	0x2
 2739 01cf 91       		.byte	0x91
 2740 01d0 63       		.sleb128 -29
 2741 01d1 65000000 		.4byte	.LVL37-1
 2742 01d5 86000000 		.4byte	.LVL40
 2743 01d9 0400     		.2byte	0x4
 2744 01db F3       		.byte	0xf3
 2745 01dc 01       		.uleb128 0x1
 2746 01dd 50       		.byte	0x50
 2747 01de 9F       		.byte	0x9f
 2748 01df 86000000 		.4byte	.LVL40
 2749 01e3 88000000 		.4byte	.LVL41
 2750 01e7 0100     		.2byte	0x1
ARM GAS  C:\Users\elias\AppData\Local\Temp\ccx36qkX.s 			page 87


 2751 01e9 50       		.byte	0x50
 2752 01ea 88000000 		.4byte	.LVL41
 2753 01ee 8A000000 		.4byte	.LVL42
 2754 01f2 0400     		.2byte	0x4
 2755 01f4 F3       		.byte	0xf3
 2756 01f5 01       		.uleb128 0x1
 2757 01f6 50       		.byte	0x50
 2758 01f7 9F       		.byte	0x9f
 2759 01f8 8A000000 		.4byte	.LVL42
 2760 01fc 8C000000 		.4byte	.LVL43
 2761 0200 0100     		.2byte	0x1
 2762 0202 50       		.byte	0x50
 2763 0203 8C000000 		.4byte	.LVL43
 2764 0207 8E000000 		.4byte	.LVL44
 2765 020b 0400     		.2byte	0x4
 2766 020d F3       		.byte	0xf3
 2767 020e 01       		.uleb128 0x1
 2768 020f 50       		.byte	0x50
 2769 0210 9F       		.byte	0x9f
 2770 0211 8E000000 		.4byte	.LVL44
 2771 0215 96000000 		.4byte	.LFE66
 2772 0219 0100     		.2byte	0x1
 2773 021b 50       		.byte	0x50
 2774 021c 00000000 		.4byte	0
 2775 0220 00000000 		.4byte	0
 2776              	.LLST10:
 2777 0224 00000000 		.4byte	.LVL24
 2778 0228 5C000000 		.4byte	.LVL35
 2779 022c 0100     		.2byte	0x1
 2780 022e 51       		.byte	0x51
 2781 022f 5C000000 		.4byte	.LVL35
 2782 0233 86000000 		.4byte	.LVL40
 2783 0237 0400     		.2byte	0x4
 2784 0239 F3       		.byte	0xf3
 2785 023a 01       		.uleb128 0x1
 2786 023b 51       		.byte	0x51
 2787 023c 9F       		.byte	0x9f
 2788 023d 86000000 		.4byte	.LVL40
 2789 0241 96000000 		.4byte	.LFE66
 2790 0245 0100     		.2byte	0x1
 2791 0247 51       		.byte	0x51
 2792 0248 00000000 		.4byte	0
 2793 024c 00000000 		.4byte	0
 2794              	.LLST11:
 2795 0250 00000000 		.4byte	.LVL24
 2796 0254 54000000 		.4byte	.LVL33
 2797 0258 0100     		.2byte	0x1
 2798 025a 52       		.byte	0x52
 2799 025b 54000000 		.4byte	.LVL33
 2800 025f 65000000 		.4byte	.LVL37-1
 2801 0263 0200     		.2byte	0x2
 2802 0265 91       		.byte	0x91
 2803 0266 64       		.sleb128 -28
 2804 0267 65000000 		.4byte	.LVL37-1
 2805 026b 86000000 		.4byte	.LVL40
 2806 026f 0400     		.2byte	0x4
 2807 0271 F3       		.byte	0xf3
ARM GAS  C:\Users\elias\AppData\Local\Temp\ccx36qkX.s 			page 88


 2808 0272 01       		.uleb128 0x1
 2809 0273 52       		.byte	0x52
 2810 0274 9F       		.byte	0x9f
 2811 0275 86000000 		.4byte	.LVL40
 2812 0279 90000000 		.4byte	.LVL45
 2813 027d 0100     		.2byte	0x1
 2814 027f 52       		.byte	0x52
 2815 0280 90000000 		.4byte	.LVL45
 2816 0284 92000000 		.4byte	.LVL46
 2817 0288 0200     		.2byte	0x2
 2818 028a 91       		.byte	0x91
 2819 028b 64       		.sleb128 -28
 2820 028c 92000000 		.4byte	.LVL46
 2821 0290 94000000 		.4byte	.LVL47
 2822 0294 0100     		.2byte	0x1
 2823 0296 52       		.byte	0x52
 2824 0297 94000000 		.4byte	.LVL47
 2825 029b 96000000 		.4byte	.LFE66
 2826 029f 0200     		.2byte	0x2
 2827 02a1 91       		.byte	0x91
 2828 02a2 64       		.sleb128 -28
 2829 02a3 00000000 		.4byte	0
 2830 02a7 00000000 		.4byte	0
 2831              	.LLST12:
 2832 02ab 00000000 		.4byte	.LVL24
 2833 02af 04000000 		.4byte	.LVL25
 2834 02b3 0100     		.2byte	0x1
 2835 02b5 50       		.byte	0x50
 2836 02b6 00000000 		.4byte	0
 2837 02ba 00000000 		.4byte	0
 2838              	.LLST13:
 2839 02be 66000000 		.4byte	.LVL37
 2840 02c2 73000000 		.4byte	.LVL38-1
 2841 02c6 0100     		.2byte	0x1
 2842 02c8 50       		.byte	0x50
 2843 02c9 00000000 		.4byte	0
 2844 02cd 00000000 		.4byte	0
 2845              	.LLST14:
 2846 02d1 2E000000 		.4byte	.LVL26
 2847 02d5 32000000 		.4byte	.LVL27
 2848 02d9 0200     		.2byte	0x2
 2849 02db 30       		.byte	0x30
 2850 02dc 9F       		.byte	0x9f
 2851 02dd 32000000 		.4byte	.LVL27
 2852 02e1 44000000 		.4byte	.LVL29
 2853 02e5 0200     		.2byte	0x2
 2854 02e7 31       		.byte	0x31
 2855 02e8 9F       		.byte	0x9f
 2856 02e9 44000000 		.4byte	.LVL29
 2857 02ed 4E000000 		.4byte	.LVL31
 2858 02f1 0200     		.2byte	0x2
 2859 02f3 32       		.byte	0x32
 2860 02f4 9F       		.byte	0x9f
 2861 02f5 4E000000 		.4byte	.LVL31
 2862 02f9 58000000 		.4byte	.LVL34
 2863 02fd 0200     		.2byte	0x2
 2864 02ff 33       		.byte	0x33
ARM GAS  C:\Users\elias\AppData\Local\Temp\ccx36qkX.s 			page 89


 2865 0300 9F       		.byte	0x9f
 2866 0301 8E000000 		.4byte	.LVL44
 2867 0305 92000000 		.4byte	.LVL46
 2868 0309 0200     		.2byte	0x2
 2869 030b 33       		.byte	0x33
 2870 030c 9F       		.byte	0x9f
 2871 030d 92000000 		.4byte	.LVL46
 2872 0311 96000000 		.4byte	.LFE66
 2873 0315 0200     		.2byte	0x2
 2874 0317 32       		.byte	0x32
 2875 0318 9F       		.byte	0x9f
 2876 0319 00000000 		.4byte	0
 2877 031d 00000000 		.4byte	0
 2878              	.LLST15:
 2879 0321 2E000000 		.4byte	.LVL26
 2880 0325 3C000000 		.4byte	.LVL28
 2881 0329 0200     		.2byte	0x2
 2882 032b 31       		.byte	0x31
 2883 032c 9F       		.byte	0x9f
 2884 032d 3C000000 		.4byte	.LVL28
 2885 0331 46000000 		.4byte	.LVL30
 2886 0335 0200     		.2byte	0x2
 2887 0337 33       		.byte	0x33
 2888 0338 9F       		.byte	0x9f
 2889 0339 46000000 		.4byte	.LVL30
 2890 033d 50000000 		.4byte	.LVL32
 2891 0341 0200     		.2byte	0x2
 2892 0343 37       		.byte	0x37
 2893 0344 9F       		.byte	0x9f
 2894 0345 50000000 		.4byte	.LVL32
 2895 0349 58000000 		.4byte	.LVL34
 2896 034d 0200     		.2byte	0x2
 2897 034f 3F       		.byte	0x3f
 2898 0350 9F       		.byte	0x9f
 2899 0351 8E000000 		.4byte	.LVL44
 2900 0355 92000000 		.4byte	.LVL46
 2901 0359 0200     		.2byte	0x2
 2902 035b 37       		.byte	0x37
 2903 035c 9F       		.byte	0x9f
 2904 035d 92000000 		.4byte	.LVL46
 2905 0361 96000000 		.4byte	.LFE66
 2906 0365 0200     		.2byte	0x2
 2907 0367 33       		.byte	0x33
 2908 0368 9F       		.byte	0x9f
 2909 0369 00000000 		.4byte	0
 2910 036d 00000000 		.4byte	0
 2911              	.LLST16:
 2912 0371 00000000 		.4byte	.LVL48
 2913 0375 0D000000 		.4byte	.LVL49-1
 2914 0379 0100     		.2byte	0x1
 2915 037b 50       		.byte	0x50
 2916 037c 0D000000 		.4byte	.LVL49-1
 2917 0380 C6000000 		.4byte	.LFE67
 2918 0384 0100     		.2byte	0x1
 2919 0386 57       		.byte	0x57
 2920 0387 00000000 		.4byte	0
 2921 038b 00000000 		.4byte	0
ARM GAS  C:\Users\elias\AppData\Local\Temp\ccx36qkX.s 			page 90


 2922              	.LLST17:
 2923 038f 00000000 		.4byte	.LVL48
 2924 0393 0D000000 		.4byte	.LVL49-1
 2925 0397 0100     		.2byte	0x1
 2926 0399 51       		.byte	0x51
 2927 039a 0D000000 		.4byte	.LVL49-1
 2928 039e C6000000 		.4byte	.LFE67
 2929 03a2 0400     		.2byte	0x4
 2930 03a4 F3       		.byte	0xf3
 2931 03a5 01       		.uleb128 0x1
 2932 03a6 51       		.byte	0x51
 2933 03a7 9F       		.byte	0x9f
 2934 03a8 00000000 		.4byte	0
 2935 03ac 00000000 		.4byte	0
 2936              	.LLST18:
 2937 03b0 0E000000 		.4byte	.LVL49
 2938 03b4 44000000 		.4byte	.LVL56
 2939 03b8 0100     		.2byte	0x1
 2940 03ba 59       		.byte	0x59
 2941 03bb 4A000000 		.4byte	.LVL57
 2942 03bf C4000000 		.4byte	.LVL68
 2943 03c3 0100     		.2byte	0x1
 2944 03c5 59       		.byte	0x59
 2945 03c6 00000000 		.4byte	0
 2946 03ca 00000000 		.4byte	0
 2947              	.LLST19:
 2948 03ce 0E000000 		.4byte	.LVL49
 2949 03d2 44000000 		.4byte	.LVL56
 2950 03d6 0100     		.2byte	0x1
 2951 03d8 57       		.byte	0x57
 2952 03d9 4A000000 		.4byte	.LVL57
 2953 03dd C4000000 		.4byte	.LVL68
 2954 03e1 0100     		.2byte	0x1
 2955 03e3 57       		.byte	0x57
 2956 03e4 00000000 		.4byte	0
 2957 03e8 00000000 		.4byte	0
 2958              	.LLST20:
 2959 03ec 0E000000 		.4byte	.LVL49
 2960 03f0 28000000 		.4byte	.LVL52
 2961 03f4 0100     		.2byte	0x1
 2962 03f6 50       		.byte	0x50
 2963 03f7 C2000000 		.4byte	.LVL67
 2964 03fb C4000000 		.4byte	.LVL68
 2965 03ff 0100     		.2byte	0x1
 2966 0401 50       		.byte	0x50
 2967 0402 00000000 		.4byte	0
 2968 0406 00000000 		.4byte	0
 2969              	.LLST21:
 2970 040a 0E000000 		.4byte	.LVL49
 2971 040e 12000000 		.4byte	.LVL50
 2972 0412 0100     		.2byte	0x1
 2973 0414 50       		.byte	0x50
 2974 0415 00000000 		.4byte	0
 2975 0419 00000000 		.4byte	0
 2976              	.LLST22:
 2977 041d 20000000 		.4byte	.LVL51
 2978 0421 42000000 		.4byte	.LVL55
ARM GAS  C:\Users\elias\AppData\Local\Temp\ccx36qkX.s 			page 91


 2979 0425 0100     		.2byte	0x1
 2980 0427 59       		.byte	0x59
 2981 0428 4A000000 		.4byte	.LVL57
 2982 042c C2000000 		.4byte	.LVL67
 2983 0430 0100     		.2byte	0x1
 2984 0432 59       		.byte	0x59
 2985 0433 00000000 		.4byte	0
 2986 0437 00000000 		.4byte	0
 2987              	.LLST23:
 2988 043b 20000000 		.4byte	.LVL51
 2989 043f 42000000 		.4byte	.LVL55
 2990 0443 0100     		.2byte	0x1
 2991 0445 57       		.byte	0x57
 2992 0446 4A000000 		.4byte	.LVL57
 2993 044a C2000000 		.4byte	.LVL67
 2994 044e 0100     		.2byte	0x1
 2995 0450 57       		.byte	0x57
 2996 0451 00000000 		.4byte	0
 2997 0455 00000000 		.4byte	0
 2998              	.LLST24:
 2999 0459 20000000 		.4byte	.LVL51
 3000 045d 28000000 		.4byte	.LVL52
 3001 0461 0100     		.2byte	0x1
 3002 0463 50       		.byte	0x50
 3003 0464 00000000 		.4byte	0
 3004 0468 00000000 		.4byte	0
 3005              	.LLST25:
 3006 046c 7A000000 		.4byte	.LVL58
 3007 0470 C2000000 		.4byte	.LVL67
 3008 0474 0100     		.2byte	0x1
 3009 0476 54       		.byte	0x54
 3010 0477 00000000 		.4byte	0
 3011 047b 00000000 		.4byte	0
 3012              	.LLST26:
 3013 047f 7E000000 		.4byte	.LVL59
 3014 0483 C0000000 		.4byte	.LVL66
 3015 0487 0100     		.2byte	0x1
 3016 0489 50       		.byte	0x50
 3017 048a 00000000 		.4byte	0
 3018 048e 00000000 		.4byte	0
 3019              	.LLST27:
 3020 0492 28000000 		.4byte	.LVL52
 3021 0496 32000000 		.4byte	.LVL54
 3022 049a 0200     		.2byte	0x2
 3023 049c 30       		.byte	0x30
 3024 049d 9F       		.byte	0x9f
 3025 049e 32000000 		.4byte	.LVL54
 3026 04a2 42000000 		.4byte	.LVL55
 3027 04a6 0200     		.2byte	0x2
 3028 04a8 31       		.byte	0x31
 3029 04a9 9F       		.byte	0x9f
 3030 04aa 4A000000 		.4byte	.LVL57
 3031 04ae 94000000 		.4byte	.LVL61
 3032 04b2 0200     		.2byte	0x2
 3033 04b4 31       		.byte	0x31
 3034 04b5 9F       		.byte	0x9f
 3035 04b6 94000000 		.4byte	.LVL61
ARM GAS  C:\Users\elias\AppData\Local\Temp\ccx36qkX.s 			page 92


 3036 04ba 9E000000 		.4byte	.LVL62
 3037 04be 0200     		.2byte	0x2
 3038 04c0 30       		.byte	0x30
 3039 04c1 9F       		.byte	0x9f
 3040 04c2 9E000000 		.4byte	.LVL62
 3041 04c6 AA000000 		.4byte	.LVL63
 3042 04ca 0200     		.2byte	0x2
 3043 04cc 31       		.byte	0x31
 3044 04cd 9F       		.byte	0x9f
 3045 04ce AA000000 		.4byte	.LVL63
 3046 04d2 B6000000 		.4byte	.LVL64
 3047 04d6 0200     		.2byte	0x2
 3048 04d8 32       		.byte	0x32
 3049 04d9 9F       		.byte	0x9f
 3050 04da B6000000 		.4byte	.LVL64
 3051 04de BE000000 		.4byte	.LVL65
 3052 04e2 0200     		.2byte	0x2
 3053 04e4 33       		.byte	0x33
 3054 04e5 9F       		.byte	0x9f
 3055 04e6 00000000 		.4byte	0
 3056 04ea 00000000 		.4byte	0
 3057              	.LLST28:
 3058 04ee 82000000 		.4byte	.LVL60
 3059 04f2 C2000000 		.4byte	.LVL67
 3060 04f6 0200     		.2byte	0x2
 3061 04f8 91       		.byte	0x91
 3062 04f9 55       		.sleb128 -43
 3063 04fa 00000000 		.4byte	0
 3064 04fe 00000000 		.4byte	0
 3065              	.LLST30:
 3066 0502 00000000 		.4byte	.LVL69
 3067 0506 20000000 		.4byte	.LVL73
 3068 050a 0100     		.2byte	0x1
 3069 050c 50       		.byte	0x50
 3070 050d 20000000 		.4byte	.LVL73
 3071 0511 42000000 		.4byte	.LVL77
 3072 0515 0400     		.2byte	0x4
 3073 0517 F3       		.byte	0xf3
 3074 0518 01       		.uleb128 0x1
 3075 0519 50       		.byte	0x50
 3076 051a 9F       		.byte	0x9f
 3077 051b 42000000 		.4byte	.LVL77
 3078 051f 44000000 		.4byte	.LVL78
 3079 0523 0100     		.2byte	0x1
 3080 0525 50       		.byte	0x50
 3081 0526 44000000 		.4byte	.LVL78
 3082 052a BE000000 		.4byte	.LVL89
 3083 052e 0400     		.2byte	0x4
 3084 0530 F3       		.byte	0xf3
 3085 0531 01       		.uleb128 0x1
 3086 0532 50       		.byte	0x50
 3087 0533 9F       		.byte	0x9f
 3088 0534 BE000000 		.4byte	.LVL89
 3089 0538 C0000000 		.4byte	.LVL90
 3090 053c 0100     		.2byte	0x1
 3091 053e 50       		.byte	0x50
 3092 053f C0000000 		.4byte	.LVL90
ARM GAS  C:\Users\elias\AppData\Local\Temp\ccx36qkX.s 			page 93


 3093 0543 C2000000 		.4byte	.LFE68
 3094 0547 0400     		.2byte	0x4
 3095 0549 F3       		.byte	0xf3
 3096 054a 01       		.uleb128 0x1
 3097 054b 50       		.byte	0x50
 3098 054c 9F       		.byte	0x9f
 3099 054d 00000000 		.4byte	0
 3100 0551 00000000 		.4byte	0
 3101              	.LLST31:
 3102 0555 00000000 		.4byte	.LVL69
 3103 0559 20000000 		.4byte	.LVL73
 3104 055d 0100     		.2byte	0x1
 3105 055f 51       		.byte	0x51
 3106 0560 20000000 		.4byte	.LVL73
 3107 0564 42000000 		.4byte	.LVL77
 3108 0568 0100     		.2byte	0x1
 3109 056a 57       		.byte	0x57
 3110 056b 42000000 		.4byte	.LVL77
 3111 056f 46000000 		.4byte	.LVL79
 3112 0573 0100     		.2byte	0x1
 3113 0575 51       		.byte	0x51
 3114 0576 46000000 		.4byte	.LVL79
 3115 057a BE000000 		.4byte	.LVL89
 3116 057e 0100     		.2byte	0x1
 3117 0580 57       		.byte	0x57
 3118 0581 BE000000 		.4byte	.LVL89
 3119 0585 C2000000 		.4byte	.LFE68
 3120 0589 0100     		.2byte	0x1
 3121 058b 51       		.byte	0x51
 3122 058c 00000000 		.4byte	0
 3123 0590 00000000 		.4byte	0
 3124              	.LLST32:
 3125 0594 00000000 		.4byte	.LVL69
 3126 0598 20000000 		.4byte	.LVL73
 3127 059c 0100     		.2byte	0x1
 3128 059e 52       		.byte	0x52
 3129 059f 20000000 		.4byte	.LVL73
 3130 05a3 42000000 		.4byte	.LVL77
 3131 05a7 0400     		.2byte	0x4
 3132 05a9 F3       		.byte	0xf3
 3133 05aa 01       		.uleb128 0x1
 3134 05ab 52       		.byte	0x52
 3135 05ac 9F       		.byte	0x9f
 3136 05ad 42000000 		.4byte	.LVL77
 3137 05b1 46000000 		.4byte	.LVL79
 3138 05b5 0100     		.2byte	0x1
 3139 05b7 52       		.byte	0x52
 3140 05b8 46000000 		.4byte	.LVL79
 3141 05bc BE000000 		.4byte	.LVL89
 3142 05c0 0400     		.2byte	0x4
 3143 05c2 F3       		.byte	0xf3
 3144 05c3 01       		.uleb128 0x1
 3145 05c4 52       		.byte	0x52
 3146 05c5 9F       		.byte	0x9f
 3147 05c6 BE000000 		.4byte	.LVL89
 3148 05ca C2000000 		.4byte	.LFE68
 3149 05ce 0100     		.2byte	0x1
ARM GAS  C:\Users\elias\AppData\Local\Temp\ccx36qkX.s 			page 94


 3150 05d0 52       		.byte	0x52
 3151 05d1 00000000 		.4byte	0
 3152 05d5 00000000 		.4byte	0
 3153              	.LLST33:
 3154 05d9 00000000 		.4byte	.LVL69
 3155 05dd 04000000 		.4byte	.LVL70
 3156 05e1 0100     		.2byte	0x1
 3157 05e3 50       		.byte	0x50
 3158 05e4 00000000 		.4byte	0
 3159 05e8 00000000 		.4byte	0
 3160              	.LLST34:
 3161 05ec 18000000 		.4byte	.LVL72
 3162 05f0 42000000 		.4byte	.LVL77
 3163 05f4 0100     		.2byte	0x1
 3164 05f6 58       		.byte	0x58
 3165 05f7 46000000 		.4byte	.LVL79
 3166 05fb BE000000 		.4byte	.LVL89
 3167 05ff 0100     		.2byte	0x1
 3168 0601 58       		.byte	0x58
 3169 0602 00000000 		.4byte	0
 3170 0606 00000000 		.4byte	0
 3171              	.LLST35:
 3172 060a 18000000 		.4byte	.LVL72
 3173 060e 20000000 		.4byte	.LVL73
 3174 0612 0100     		.2byte	0x1
 3175 0614 51       		.byte	0x51
 3176 0615 20000000 		.4byte	.LVL73
 3177 0619 42000000 		.4byte	.LVL77
 3178 061d 0100     		.2byte	0x1
 3179 061f 57       		.byte	0x57
 3180 0620 46000000 		.4byte	.LVL79
 3181 0624 BE000000 		.4byte	.LVL89
 3182 0628 0100     		.2byte	0x1
 3183 062a 57       		.byte	0x57
 3184 062b 00000000 		.4byte	0
 3185 062f 00000000 		.4byte	0
 3186              	.LLST36:
 3187 0633 0E000000 		.4byte	.LVL71
 3188 0637 20000000 		.4byte	.LVL73
 3189 063b 0100     		.2byte	0x1
 3190 063d 50       		.byte	0x50
 3191 063e 20000000 		.4byte	.LVL73
 3192 0642 42000000 		.4byte	.LVL77
 3193 0646 0400     		.2byte	0x4
 3194 0648 F3       		.byte	0xf3
 3195 0649 01       		.uleb128 0x1
 3196 064a 50       		.byte	0x50
 3197 064b 9F       		.byte	0x9f
 3198 064c 46000000 		.4byte	.LVL79
 3199 0650 BE000000 		.4byte	.LVL89
 3200 0654 0400     		.2byte	0x4
 3201 0656 F3       		.byte	0xf3
 3202 0657 01       		.uleb128 0x1
 3203 0658 50       		.byte	0x50
 3204 0659 9F       		.byte	0x9f
 3205 065a 00000000 		.4byte	0
 3206 065e 00000000 		.4byte	0
ARM GAS  C:\Users\elias\AppData\Local\Temp\ccx36qkX.s 			page 95


 3207              	.LLST37:
 3208 0662 76000000 		.4byte	.LVL80
 3209 0666 BE000000 		.4byte	.LVL89
 3210 066a 0100     		.2byte	0x1
 3211 066c 54       		.byte	0x54
 3212 066d 00000000 		.4byte	0
 3213 0671 00000000 		.4byte	0
 3214              	.LLST38:
 3215 0675 7A000000 		.4byte	.LVL81
 3216 0679 BC000000 		.4byte	.LVL88
 3217 067d 0100     		.2byte	0x1
 3218 067f 50       		.byte	0x50
 3219 0680 00000000 		.4byte	0
 3220 0684 00000000 		.4byte	0
 3221              	.LLST39:
 3222 0688 20000000 		.4byte	.LVL73
 3223 068c 2A000000 		.4byte	.LVL75
 3224 0690 0200     		.2byte	0x2
 3225 0692 30       		.byte	0x30
 3226 0693 9F       		.byte	0x9f
 3227 0694 2A000000 		.4byte	.LVL75
 3228 0698 3C000000 		.4byte	.LVL76
 3229 069c 0200     		.2byte	0x2
 3230 069e 31       		.byte	0x31
 3231 069f 9F       		.byte	0x9f
 3232 06a0 46000000 		.4byte	.LVL79
 3233 06a4 90000000 		.4byte	.LVL83
 3234 06a8 0200     		.2byte	0x2
 3235 06aa 31       		.byte	0x31
 3236 06ab 9F       		.byte	0x9f
 3237 06ac 90000000 		.4byte	.LVL83
 3238 06b0 9A000000 		.4byte	.LVL84
 3239 06b4 0200     		.2byte	0x2
 3240 06b6 30       		.byte	0x30
 3241 06b7 9F       		.byte	0x9f
 3242 06b8 9A000000 		.4byte	.LVL84
 3243 06bc A6000000 		.4byte	.LVL85
 3244 06c0 0200     		.2byte	0x2
 3245 06c2 31       		.byte	0x31
 3246 06c3 9F       		.byte	0x9f
 3247 06c4 A6000000 		.4byte	.LVL85
 3248 06c8 B2000000 		.4byte	.LVL86
 3249 06cc 0200     		.2byte	0x2
 3250 06ce 32       		.byte	0x32
 3251 06cf 9F       		.byte	0x9f
 3252 06d0 B2000000 		.4byte	.LVL86
 3253 06d4 BA000000 		.4byte	.LVL87
 3254 06d8 0200     		.2byte	0x2
 3255 06da 33       		.byte	0x33
 3256 06db 9F       		.byte	0x9f
 3257 06dc 00000000 		.4byte	0
 3258 06e0 00000000 		.4byte	0
 3259              	.LLST40:
 3260 06e4 7E000000 		.4byte	.LVL82
 3261 06e8 BE000000 		.4byte	.LVL89
 3262 06ec 0200     		.2byte	0x2
 3263 06ee 91       		.byte	0x91
ARM GAS  C:\Users\elias\AppData\Local\Temp\ccx36qkX.s 			page 96


 3264 06ef 55       		.sleb128 -43
 3265 06f0 00000000 		.4byte	0
 3266 06f4 00000000 		.4byte	0
 3267              	.LLST41:
 3268 06f8 18000000 		.4byte	.LVL72
 3269 06fc 20000000 		.4byte	.LVL73
 3270 0700 0100     		.2byte	0x1
 3271 0702 50       		.byte	0x50
 3272 0703 00000000 		.4byte	0
 3273 0707 00000000 		.4byte	0
 3274              		.section	.debug_aranges,"",%progbits
 3275 0000 34000000 		.4byte	0x34
 3276 0004 0200     		.2byte	0x2
 3277 0006 00000000 		.4byte	.Ldebug_info0
 3278 000a 04       		.byte	0x4
 3279 000b 00       		.byte	0
 3280 000c 0000     		.2byte	0
 3281 000e 0000     		.2byte	0
 3282 0010 00000000 		.4byte	.LFB65
 3283 0014 A0000000 		.4byte	.LFE65-.LFB65
 3284 0018 00000000 		.4byte	.LFB66
 3285 001c 96000000 		.4byte	.LFE66-.LFB66
 3286 0020 00000000 		.4byte	.LFB67
 3287 0024 C6000000 		.4byte	.LFE67-.LFB67
 3288 0028 00000000 		.4byte	.LFB68
 3289 002c C2000000 		.4byte	.LFE68-.LFB68
 3290 0030 00000000 		.4byte	0
 3291 0034 00000000 		.4byte	0
 3292              		.section	.debug_ranges,"",%progbits
 3293              	.Ldebug_ranges0:
 3294 0000 0C000000 		.4byte	.LBB22
 3295 0004 8A000000 		.4byte	.LBE22
 3296 0008 8E000000 		.4byte	.LBB33
 3297 000c 90000000 		.4byte	.LBE33
 3298 0010 94000000 		.4byte	.LBB34
 3299 0014 96000000 		.4byte	.LBE34
 3300 0018 98000000 		.4byte	.LBB35
 3301 001c A0000000 		.4byte	.LBE35
 3302 0020 00000000 		.4byte	0
 3303 0024 00000000 		.4byte	0
 3304 0028 1C000000 		.4byte	.LBB26
 3305 002c 8A000000 		.4byte	.LBE26
 3306 0030 98000000 		.4byte	.LBB29
 3307 0034 A0000000 		.4byte	.LBE29
 3308 0038 00000000 		.4byte	0
 3309 003c 00000000 		.4byte	0
 3310 0040 10000000 		.4byte	.LBB44
 3311 0044 12000000 		.4byte	.LBE44
 3312 0048 16000000 		.4byte	.LBB48
 3313 004c 82000000 		.4byte	.LBE48
 3314 0050 8E000000 		.4byte	.LBB49
 3315 0054 96000000 		.4byte	.LBE49
 3316 0058 00000000 		.4byte	0
 3317 005c 00000000 		.4byte	0
 3318 0060 0E000000 		.4byte	.LBB60
 3319 0064 44000000 		.4byte	.LBE60
 3320 0068 4A000000 		.4byte	.LBB71
ARM GAS  C:\Users\elias\AppData\Local\Temp\ccx36qkX.s 			page 97


 3321 006c C4000000 		.4byte	.LBE71
 3322 0070 00000000 		.4byte	0
 3323 0074 00000000 		.4byte	0
 3324 0078 22000000 		.4byte	.LBB64
 3325 007c 42000000 		.4byte	.LBE64
 3326 0080 4A000000 		.4byte	.LBB69
 3327 0084 C2000000 		.4byte	.LBE69
 3328 0088 00000000 		.4byte	0
 3329 008c 00000000 		.4byte	0
 3330 0090 1E000000 		.4byte	.LBB82
 3331 0094 3C000000 		.4byte	.LBE82
 3332 0098 46000000 		.4byte	.LBB87
 3333 009c BE000000 		.4byte	.LBE87
 3334 00a0 00000000 		.4byte	0
 3335 00a4 00000000 		.4byte	0
 3336 00a8 00000000 		.4byte	.LFB65
 3337 00ac A0000000 		.4byte	.LFE65
 3338 00b0 00000000 		.4byte	.LFB66
 3339 00b4 96000000 		.4byte	.LFE66
 3340 00b8 00000000 		.4byte	.LFB67
 3341 00bc C6000000 		.4byte	.LFE67
 3342 00c0 00000000 		.4byte	.LFB68
 3343 00c4 C2000000 		.4byte	.LFE68
 3344 00c8 00000000 		.4byte	0
 3345 00cc 00000000 		.4byte	0
 3346              		.section	.debug_line,"",%progbits
 3347              	.Ldebug_line0:
 3348 0000 9D020000 		.section	.debug_str,"MS",%progbits,1
 3348      02007101 
 3348      00000201 
 3348      FB0E0D00 
 3348      01010101 
 3349              	.LASF35:
 3350 0000 70736F63 		.ascii	"psoc_hw_get_pga_code\000"
 3350      5F68775F 
 3350      6765745F 
 3350      7067615F 
 3350      636F6465 
 3351              	.LASF9:
 3352 0015 5F5F696E 		.ascii	"__int32_t\000"
 3352      7433325F 
 3352      7400
 3353              	.LASF21:
 3354 001f 726F7730 		.ascii	"row0\000"
 3354      00
 3355              	.LASF14:
 3356 0024 646F7562 		.ascii	"double\000"
 3356      6C6500
 3357              	.LASF27:
 3358 002b 6372635F 		.ascii	"crc_stored\000"
 3358      73746F72 
 3358      656400
 3359              	.LASF13:
 3360 0036 666C6F61 		.ascii	"float\000"
 3360      7400
 3361              	.LASF18:
 3362 003c 7067615F 		.ascii	"pga_code\000"
ARM GAS  C:\Users\elias\AppData\Local\Temp\ccx36qkX.s 			page 98


 3362      636F6465 
 3362      00
 3363              	.LASF23:
 3364 0045 6E765F67 		.ascii	"nv_gain_valid\000"
 3364      61696E5F 
 3364      76616C69 
 3364      6400
 3365              	.LASF37:
 3366 0053 474E5520 		.ascii	"GNU C11 5.4.1 20160609 (release) [ARM/embedded-5-br"
 3366      43313120 
 3366      352E342E 
 3366      31203230 
 3366      31363036 
 3367 0086 616E6368 		.ascii	"anch revision 237715] -mcpu=cortex-m3 -mthumb -g -O"
 3367      20726576 
 3367      6973696F 
 3367      6E203233 
 3367      37373135 
 3368 00b9 33202D66 		.ascii	"3 -ffunction-sections -ffat-lto-objects -finline-fu"
 3368      66756E63 
 3368      74696F6E 
 3368      2D736563 
 3368      74696F6E 
 3369 00ec 6E637469 		.ascii	"nctions -flto\000"
 3369      6F6E7320 
 3369      2D666C74 
 3369      6F00
 3370              	.LASF29:
 3371 00fa 62617365 		.ascii	"base\000"
 3371      00
 3372              	.LASF39:
 3373 00ff 433A5C47 		.ascii	"C:\\Github\\Tesis\\src\\psoc\\AcondicionamientoAnal"
 3373      69746875 
 3373      625C5465 
 3373      7369735C 
 3373      7372635C 
 3374 012d 6F676963 		.ascii	"ogico.cydsn\000"
 3374      6F2E6379 
 3374      64736E00 
 3375              	.LASF3:
 3376 0139 73686F72 		.ascii	"short unsigned int\000"
 3376      7420756E 
 3376      7369676E 
 3376      65642069 
 3376      6E7400
 3377              	.LASF40:
 3378 014c 49544D5F 		.ascii	"ITM_RxBuffer\000"
 3378      52784275 
 3378      66666572 
 3378      00
 3379              	.LASF1:
 3380 0159 756E7369 		.ascii	"unsigned char\000"
 3380      676E6564 
 3380      20636861 
 3380      7200
 3381              	.LASF36:
 3382 0167 45455052 		.ascii	"EEPROM_ReadByte\000"
ARM GAS  C:\Users\elias\AppData\Local\Temp\ccx36qkX.s 			page 99


 3382      4F4D5F52 
 3382      65616442 
 3382      79746500 
 3383              	.LASF25:
 3384 0177 70736F63 		.ascii	"psoc_nv_save_for_gain\000"
 3384      5F6E765F 
 3384      73617665 
 3384      5F666F72 
 3384      5F676169 
 3385              	.LASF24:
 3386 018d 6E765F72 		.ascii	"nv_row_base\000"
 3386      6F775F62 
 3386      61736500 
 3387              	.LASF12:
 3388 0199 75696E74 		.ascii	"uint16\000"
 3388      313600
 3389              	.LASF22:
 3390 01a0 76616C69 		.ascii	"valid_mask\000"
 3390      645F6D61 
 3390      736B00
 3391              	.LASF8:
 3392 01ab 756E7369 		.ascii	"unsigned int\000"
 3392      676E6564 
 3392      20696E74 
 3392      00
 3393              	.LASF30:
 3394 01b8 70736F63 		.ascii	"psoc_nv_save\000"
 3394      5F6E765F 
 3394      73617665 
 3394      00
 3395              	.LASF7:
 3396 01c5 6C6F6E67 		.ascii	"long long unsigned int\000"
 3396      206C6F6E 
 3396      6720756E 
 3396      7369676E 
 3396      65642069 
 3397              	.LASF26:
 3398 01dc 70736F63 		.ascii	"psoc_nv_load_for_gain\000"
 3398      5F6E765F 
 3398      6C6F6164 
 3398      5F666F72 
 3398      5F676169 
 3399              	.LASF19:
 3400 01f2 63616C5F 		.ascii	"cal_dac\000"
 3400      64616300 
 3401              	.LASF33:
 3402 01fa 45455052 		.ascii	"EEPROM_UpdateTemperature\000"
 3402      4F4D5F55 
 3402      70646174 
 3402      6554656D 
 3402      70657261 
 3403              	.LASF10:
 3404 0213 696E7433 		.ascii	"int32_t\000"
 3404      325F7400 
 3405              	.LASF17:
 3406 021b 73697A65 		.ascii	"sizetype\000"
 3406      74797065 
ARM GAS  C:\Users\elias\AppData\Local\Temp\ccx36qkX.s 			page 100


 3406      00
 3407              	.LASF6:
 3408 0224 6C6F6E67 		.ascii	"long long int\000"
 3408      206C6F6E 
 3408      6720696E 
 3408      7400
 3409              	.LASF15:
 3410 0232 63686172 		.ascii	"char\000"
 3410      00
 3411              	.LASF5:
 3412 0237 6C6F6E67 		.ascii	"long unsigned int\000"
 3412      20756E73 
 3412      69676E65 
 3412      6420696E 
 3412      7400
 3413              	.LASF28:
 3414 0249 6372635F 		.ascii	"crc_calc\000"
 3414      63616C63 
 3414      00
 3415              	.LASF2:
 3416 0252 73686F72 		.ascii	"short int\000"
 3416      7420696E 
 3416      7400
 3417              	.LASF11:
 3418 025c 75696E74 		.ascii	"uint8\000"
 3418      3800
 3419              	.LASF32:
 3420 0262 63726331 		.ascii	"crc16\000"
 3420      3600
 3421              	.LASF34:
 3422 0268 45455052 		.ascii	"EEPROM_Write\000"
 3422      4F4D5F57 
 3422      72697465 
 3422      00
 3423              	.LASF31:
 3424 0275 70736F63 		.ascii	"psoc_nv_load\000"
 3424      5F6E765F 
 3424      6C6F6164 
 3424      00
 3425              	.LASF4:
 3426 0282 6C6F6E67 		.ascii	"long int\000"
 3426      20696E74 
 3426      00
 3427              	.LASF16:
 3428 028b 6C6F6E67 		.ascii	"long double\000"
 3428      20646F75 
 3428      626C6500 
 3429              	.LASF20:
 3430 0297 63616C5F 		.ascii	"cal_count\000"
 3430      636F756E 
 3430      7400
 3431              	.LASF0:
 3432 02a1 7369676E 		.ascii	"signed char\000"
 3432      65642063 
 3432      68617200 
 3433              	.LASF38:
 3434 02ad 70736F63 		.ascii	"psoc_nv.c\000"
ARM GAS  C:\Users\elias\AppData\Local\Temp\ccx36qkX.s 			page 101


 3434      5F6E762E 
 3434      6300
 3435              		.comm	__gnu_lto_v1,1,1
 3436              		.ident	"GCC: (GNU Tools for ARM Embedded Processors) 5.4.1 20160609 (release) [ARM/embedded-5-bran
