ARM GAS  C:\Users\elias\AppData\Local\Temp\cc0Or0pr.s 			page 1


   1              		.syntax unified
   2              		.cpu cortex-m3
   3              		.fpu softvfp
   4              		.eabi_attribute 20, 1
   5              		.eabi_attribute 21, 1
   6              		.eabi_attribute 23, 3
   7              		.eabi_attribute 24, 1
   8              		.eabi_attribute 25, 1
   9              		.eabi_attribute 26, 1
  10              		.eabi_attribute 30, 2
  11              		.eabi_attribute 34, 1
  12              		.eabi_attribute 18, 4
  13              		.thumb
  14              		.syntax unified
  15              		.file	"UART.c"
  16              		.text
  17              	.Ltext0:
  18              		.section	.gnu.lto_.profile.4d82c36d,"",%progbits
  19 0000 789C6361 		.ascii	"x\234ca`d`c`\000\222\217X\3163\001\000\005\310\001\304"
  19      60646063 
  19      6000928F 
  19      58CE3301 
  19      0005C801 
  20              		.text
  21              		.section	.gnu.lto_.icf.4d82c36d,"",%progbits
  22 0000 789C6361 		.ascii	"x\234ca`d\000\201\313\014\010\240\302\260\177\357\242"
  22      60640081 
  22      CB0C08A0 
  22      C2B07FEF 
  22      A2
  23 0011 E72C4C6B 		.ascii	"\347,Lk\376\336\270\316\306r\360\327\213\006v\326I\333"
  23      FEDEB8CE 
  23      C672F0D7 
  23      8B0676D6 
  23      49DB
  24 0023 17DF6566 		.ascii	"\027\337ef\233zi\375\004n\016\2608\327\367m\263_sp\377"
  24      9B7A69FD 
  24      046E0EB0 
  24      38D7F76D 
  24      B35F7370 
  25 0038 9A7DA785 		.ascii	"\232}\247\205\211\007,\302\373\346c\347KF\276\331M\363"
  25      89072CC2 
  25      FBE663E7 
  25      4B46BED9 
  25      4DF3
  26 004a A6F0F07F 		.ascii	"\246\360\360\177^\330\366\226G`\321\3577\353\370\005"
  26      5ED8F696 
  26      4760D1EF 
  26      37EBF805 
  27 005a 1B3B3BE6 		.ascii	"\033;;\3462\212\365\234\3558\305/\361q\333\261\345,"
  27      328AF59C 
  27      ED38C52F 
  27      F171DBB1 
  27      E52C
  28 006c 92DD8D93 		.ascii	"\222\335\215\223E\245\372oL\231\303&\275`\335\243\263"
  28      45A5FA6F 
  28      4C99C326 
ARM GAS  C:\Users\elias\AppData\Local\Temp\cc0Or0pr.s 			page 2


  28      BD60DDA3 
  28      B3
  29 007d FC3260E5 		.ascii	"\3742`\345\262\247\237]{\306'w\347\302\275\373\334\362"
  29      B2A79F5D 
  29      7BC62777 
  29      E7C2BDFB 
  29      DCF2
  30 008f B7BF74AD 		.ascii	"\267\277t\255\340R\330\267\353\227\265\342\272W\347"
  30      E052D8B7 
  30      EB97B5E2 
  30      BA57E7
  31 009e 1295263C 		.ascii	"\022\225&<XU\241\274\344\361\366\207,*\213\267\277="
  31      5855A1BC 
  31      E4F1F687 
  31      2C2A8BB7 
  31      BF3D
  32 00b0 C5A33AE9 		.ascii	"\305\243:\351\331\345O\\jS\027o\271\307\246\376f\356"
  32      D9E54F5C 
  32      6A53176F 
  32      B9C7A6FE 
  32      66EE
  33 00c2 DF760E0D 		.ascii	"\337v\016\015\220b\315\227\235s\242\265f?\232\325\302"
  33      9062CD97 
  33      9D73A2B5 
  33      663F9AD5 
  33      C2
  34 00d3 AC0DE2EB 		.ascii	"\254\015\342\353\200Mf\000\000Y\256m\264"
  34      804D6600 
  34      0059AE6D 
  34      B4
  35              		.text
  36              		.section	.gnu.lto_.jmpfuncs.4d82c36d,"",%progbits
  37 0000 789C7550 		.ascii	"x\234uP;N\0031\024\234yk%Q\320BhP\200\000\341\033~\027"
  37      3B4E0331 
  37      149C796B 
  37      2551D042 
  37      68508000 
  38 0018 4CB5DB2C 		.ascii	"L\265\333,B\234\002\012D\010A44\333#Q\301\005\270B\012"
  38      429C020A 
  38      44084134 
  38      34DB2351 
  38      C105B842 
  39 002d 8A488822 		.ascii	"\212H\210\"\002\217\275A\333\340b\3547o\336xl\007B\353"
  39      028FBD41 
  39      DBE062EC 
  39      376FDE78 
  39      6C0742EB 
  40 0041 3A6E61F5 		.ascii	":na\365A2s\202\006\34087>\277\274^\264fV$j\335\261\007"
  40      41327382 
  40      06E03837 
  40      3EBFBC5E 
  40      B4665624 
  41 0059 889D5D15 		.ascii	"\210\235]\025_Id\233\034\211u\265nYN?\232\331<\277\314"
  41      5F49649B 
  41      1C8975B5 
  41      6E594E3F 
  41      9AD93CBF 
ARM GAS  C:\Users\elias\AppData\Local\Temp\cc0Or0pr.s 			page 3


  42 006e F34E91F0 		.ascii	"\363N\221\360\307\2745\357\231U\226O\323\362;\215\303"
  42      C7BC35EF 
  42      9955964F 
  42      D3F23B8D 
  42      C3
  43 007f E0380CFD 		.ascii	"\3408\014\375y\214\377\365\3601\371 \2176`!\355\222"
  43      798CFFF5 
  43      F031F920 
  43      8F366021 
  43      ED92
  44 0091 205D54CB 		.ascii	" ]T\313\300\012\275\250\243\364\253\300\032\320\005"
  44      C00ABDA8 
  44      A3F4ABC0 
  44      1AD005
  45 00a0 D67D6703 		.ascii	"\326}g\003\330\254T=)\266\244\330\026\354\010\372\036"
  45      D8AC543D 
  45      29B6A4D8 
  45      16EC08FA 
  45      1E
  46 00b1 6836547F 		.ascii	"h6T\177\027\330\023\267/\320\304\201\221I\026\216\207"
  46      17D813B7 
  46      2FD0C481 
  46      9149168E 
  46      87
  47 00c2 359D29E2 		.ascii	"5\235)\342gy;2\275\303\230r\242\340\201~\273\231\274"
  47      67793B32 
  47      BDC39872 
  47      A2E0817E 
  47      BB99BC
  48 00d5 3722DDE6 		.ascii	"7\"\335\346\243\350\243\305\244\277| C\322\305\312\206"
  48      A3E8A3C5 
  48      A4BF7C20 
  48      43D2C5CA 
  48      86
  49 00e6 FAFDE39A 		.ascii	"\372\375\343\232\363\011pZ\205=\253\321\347\012\216"
  49      F309705A 
  49      853DABD1 
  49      E70A8E
  50 00f5 5FACB743 		.ascii	"_\254\267C\327"
  50      D7
  51              		.text
  52              		.section	.gnu.lto_.inline.4d82c36d,"",%progbits
  53 0000 789C7D52 		.ascii	"x\234}R;O\302`\024=\367k\203m\251`-\324\027(\002\">"
  53      3B4FC260 
  53      143DF76B 
  53      836DA960 
  53      2DD41728 
  54 0017 2763FC15 		.ascii	"'c\374\025\304?\340\340\252\361?\260h\034;\031\007\007"
  54      C43FE0E0 
  54      AAF13FB0 
  54      681C3B19 
  54      0707
  55 0029 DF601C64 		.ascii	"\337`\034d@\243\321\201\030\037\253\203\203\243\203"
  55      40A3D181 
  55      181FAB83 
  55      83A383
  56 0038 898B031A 		.ascii	"\211\213\003\032\027ML\374\372H\213\024\374\206~\355"
ARM GAS  C:\Users\elias\AppData\Local\Temp\cc0Or0pr.s 			page 4


  56      174D4CFC 
  56      FA488B14 
  56      FC867EED 
  57 0048 39E7DE7B 		.ascii	"9\347\336{\356\355\025A\260\316\216\000\357\244\200"
  57      EEED1541 
  57      B0CE8E00 
  57      EFA480
  58 0057 7894C0B2 		.ascii	"x\224\300\262O\267\204\320\366\020\263@\021\311;P\007"
  58      4FB784D0 
  58      F610B340 
  58      11C93B50 
  58      07
  59 0068 A4A51F46 		.ascii	"\244\245\037F'o\027_\235\237lU\340\321T\242\004 -\273"
  59      276F175F 
  59      9D9F6C55 
  59      E0D154A2 
  59      04202DBB 
  60 007c B7455F7F 		.ascii	"\267E_\177TJ\252C\013Tv\351\262GWo\356\327$\207&:ri"
  60      544AAA43 
  60      0B5476E9 
  60      B247576F 
  60      EED72487 
  61 0094 E7E6663A 		.ascii	"\347\346f:\304u\335\251\032\251\254\024\031\304\207"
  61      C475DDA9 
  61      1AA9AC14 
  61      19C487
  62 00a3 689149E8 		.ascii	"h\221I\350\252\275\0101\210WF\221\025\011\212\271+\314"
  62      AABD0831 
  62      88574691 
  62      15098AB9 
  62      2BCC
  63 00b5 5BB64288 		.ascii	"[\266B\210\317q\253\352\363\202\347TP\001\326\346R\020"
  63      CF71ABEA 
  63      F382E754 
  63      5001D6E6 
  63      5210
  64 00c7 9BE6F2DE 		.ascii	"\233\346\362\336\332\245\337\031\013\003d\026Hq\337"
  64      DAA5DF19 
  64      0B036416 
  64      4871DF
  65 00d6 1186AC73 		.ascii	"\021\206\254s\221\364=\343il\322~tB\237\342\244Q?\376"
  65      91F43DE3 
  65      696CD27E 
  65      74429FE2 
  65      A4513FFE 
  66 00ea 27430402 		.ascii	"'C\004\002#\253\236'\211\006\220.\210\002G\330C\324"
  66      23AB9E27 
  66      8906902E 
  66      880247D8 
  66      43D4
  67 00fc 8334181A 		.ascii	"\2034\030\032\207r\325w?\267\001\205O\205E6\027=\250"
  67      8772D577 
  67      3FB70185 
  67      4F854536 
  67      173DA8
  68 010f 17C96E0E 		.ascii	"\027\311n\016\315\354\377\370\262>\204\365\2469\330"
  68      CDECFFF8 
ARM GAS  C:\Users\elias\AppData\Local\Temp\cc0Or0pr.s 			page 5


  68      B23E84F5 
  68      A639D8
  69 011e 4EFAD113 		.ascii	"N\372\321\023\341x\376\274\346k\007\240g\333\014\301"
  69      E178FEBC 
  69      E66B07A0 
  69      67DB0CC1 
  70 012e 8E4904BC 		.ascii	"\216I\004\274&\203^\007\203\320P\020JAR9\024\252O7W"
  70      26835E07 
  70      83D05010 
  70      4A415239 
  70      14AA4F37 
  71 0143 1A0E8AD3 		.ascii	"\032\016\212\323\030|\345\013\305f\327\017T\017\314"
  71      187CE50B 
  71      C566D70F 
  71      540FCC
  72 0152 40291307 		.ascii	"@)\023\007\225\263\307PC\016\262rd\241\034\362\025\""
  72      95B3C750 
  72      430EB272 
  72      64A11CF2 
  72      1522
  73 0164 6B6D98B2 		.ascii	"km\230\262q\352\012D_1\0029\363\267\225\206F\311\371"
  73      71EA0A44 
  73      5F310239 
  73      F3B79586 
  73      46C9F9
  74 0177 40AEADC9 		.ascii	"@\256\255\311Q\310\315\214\275Hf\301,\344!\311\255\243"
  74      51C8CD8C 
  74      BD4866C1 
  74      2CE421C9 
  74      ADA3
  75 0189 C6A05951 		.ascii	"\306\240YQ\211\372\236?\337qhi\216\305\266\267Z\317"
  75      89FA9E3F 
  75      DF716869 
  75      8EC5B6B7 
  75      5ACF
  76 019b 7CA2AD87 		.ascii	"|\242\255\207\311\300\337\300/\262\363s\264"
  76      C9C0DFC0 
  76      2FB2F373 
  76      B4
  77              		.text
  78              		.section	.gnu.lto_.pureconst.4d82c36d,"",%progbits
  79 0000 789C05C1 		.ascii	"x\234\005\301\267\015\200@\024D\301E:\021\200p\011\372"
  79      B70D8040 
  79      1444C145 
  79      3A118070 
  79      09FA
  80 0012 F77087B7 		.ascii	"\367p\207\267\015\020\322\177S\3148E\372$\005\341\210"
  80      0D10D27F 
  80      53CC3845 
  80      FA2405E1 
  80      88
  81 0023 49482D23 		.ascii	"IH-#W\241\222\212\032\303\003\015\255:z\006\202\215"
  81      57A1928A 
  81      1AC3030D 
  81      AD3A7A06 
  81      828D
  82 0035 4CCCEFE2 		.ascii	"L\314\357\342W\333l\267\303N.n{\364\003\307\261\006"
ARM GAS  C:\Users\elias\AppData\Local\Temp\cc0Or0pr.s 			page 6


  82      57DB6CB7 
  82      C34E2E6E 
  82      7BF403C7 
  82      B106
  83 0047 99       		.ascii	"\231"
  84              		.text
  85              		.section	.gnu.lto_UART_WriteTxData.part.0.4d82c36d,"",%progbits
  86 0000 789C9554 		.ascii	"x\234\225T]lLA\024\2363s\357\336\273\267\177B\274m\204"
  86      5D6C4C41 
  86      149E3373 
  86      EFDEBBB7 
  86      7F42BC6D 
  87 0015 A7128910 		.ascii	"\247\022\211\020\221\340\315O\360\350\367\255\"M\355"
  87      91E0CD4F 
  87      F0E8F7AD 
  87      224DED
  88 0024 AB26B212 		.ascii	"\253&\262\022\022t\332\273\333\252H\010\261\244\241"
  88      1274DABB 
  88      DBAA4808 
  88      B1A4A1
  89 0033 CB83D46F 		.ascii	"\313\203\324o\273\253\245\226jk\373\343',\036\010\372"
  89      BBABA596 
  89      6A6BFBE3 
  89      272C1E08 
  89      FA
  90 0044 A29A2034 		.ascii	"\242\232 4\272mZm\245Z\347\314lWK\037\270\311\235\237"
  90      BA6D5A6D 
  90      A55AE7CC 
  90      6C574B1F 
  90      B8C99D9F 
  91 0058 3367BEEF 		.ascii	"3g\276\357\2333\347\214\301\200\321\267\311dl1\366\373"
  91      9B33E78C 
  91      C180D1B7 
  91      C9646C31 
  91      F6FB
  92 006a F1872C06 		.ascii	"\361\207,\006\316\211$\016\034\340\252\347\\\244\346"
  92      CE89240E 
  92      1CE0AAE7 
  92      5CA4E6
  93 0079 32E99817 		.ascii	"2\351\230\027V2\231-\270q$\237f\324f\033`\223O\251m"
  93      5632992D 
  93      B871249F 
  93      66D4661B 
  93      60934FA9 
  94 008e 72CF3172 		.ascii	"r\3171r\262\202\253\320\354\001K\233\255\311u\033\274"
  94      B282ABD0 
  94      EC014B9B 
  94      ADC9751B 
  94      BC
  95 009f 7AE005A0 		.ascii	"z\340\005\240\201\264\201\2258\\\030\246\307B[\011\014"
  95      81B48195 
  95      385C18A6 
  95      C7425B09 
  95      0C
  96 00b0 F19F1C12 		.ascii	"\361\237\034\022\025\037\343|Q\215\304\357}Gc^\225|"
  96      151FE37C 
  96      518DC4EF 
ARM GAS  C:\Users\elias\AppData\Local\Temp\cc0Or0pr.s 			page 7


  96      7D47635E 
  96      957C
  97 00c2 21454830 		.ascii	"!EH06\301\225N\0065\260\010\335\216'[\306\270X\000\014"
  97      36C1954E 
  97      0635B008 
  97      DD8E275B 
  97      C6B85800 
  98 00d7 C7E1F6E6 		.ascii	"\307\341\366\346Zo\376%)\313\244<\265\223\334\001.\203"
  98      5A6FFE25 
  98      29CBA43C 
  98      B593DC01 
  98      2E83
  99 00e9 C01DB0DC 		.ascii	"\300\035\260\334\007K}\014\015\014\256@>9\177\210\215"
  99      074B7D0C 
  99      0D0CAE40 
  99      3E397F88 
  99      8D
 100 00fa 9FCEF104 		.ascii	"\237\316\361\004\011\177\276\006\205\253\340\241 \324"
 100      097FBE06 
 100      85ABE0A1 
 100      20D4
 101 0108 6D957262 		.ascii	"m\225rb\302\225'\352\017m\231\003\270\211sj\0045\006"
 101      C29527EA 
 101      0F6D9903 
 101      B889736A 
 101      043506
 102 011b 35261088 		.ascii	"5&\020\210\007\207\302\242\271\215\215\341\245\021c"
 102      0787C2A2 
 102      B98D8DE1 
 102      A51163
 103 012a 29FCE950 		.ascii	")\374\351P)\356P/\372q3\365\037!1\030\035\256^M$$5\224"
 103      29EE502F 
 103      FA7133F5 
 103      1F213118 
 103      1DAE5E4D 
 104 0142 786E0DF2 		.ascii	"xn\015\362\2200\225\362\362\246\346\343\\Oe\233+s\321"
 104      903095F2 
 104      F2A6E6E3 
 104      5C4F659B 
 104      2B73D1
 105 0155 143FF57A 		.ascii	"\024?\365z\334\214\300\371\322`\251\234\025\022\036"
 105      DC8CC0F9 
 105      D260A99C 
 105      15121E
 106 0164 B80E3EB8 		.ascii	"\270\016>\270\006>\324y\003\"\200\036\035\023\303\255"
 106      063ED479 
 106      0322801E 
 106      1D13C3AD 
 107 0174 79B4C902 		.ascii	"y\264\311\002\016\265\270\202\034\341\330X\365Y \022"
 107      0EB5B882 
 107      1CE1D858 
 107      F5592012 
 108 0184 57C0541E 		.ascii	"W\300T\036[\361\304\343\275]V\311OyD\022\246]\211\361"
 108      5BF1C4E3 
 108      BD5D56C9 
 108      4F794412 
 108      A65D89F1 
ARM GAS  C:\Users\elias\AppData\Local\Temp\cc0Or0pr.s 			page 8


 109 0198 24736FF0 		.ascii	"$so\360C2\213\270\244\342\362B\024o\241Nq\305\220\013"
 109      43328BB8 
 109      A4E2F242 
 109      146FA14E 
 109      71C5900B 
 110 01ac 81CBC269 		.ascii	"\201\313\302iP>\025\324\231\001\324\251\304 \223\371"
 110      503E15D4 
 110      9901D4A9 
 110      C42093F9 
 111 01bc CBD357ED 		.ascii	"\313\323W\355\216\002Uv\200z\004\275\251@\033\010\264"
 111      8E025576 
 111      807A04BD 
 111      A9401B08 
 111      B4
 112 01cd 1B82EFDC 		.ascii	"\033\202\357\334\303i\251\256\320\327\332\217aN\315"
 112      C369A9AE 
 112      D0D7DA8F 
 112      614ECD
 113 01dc A568FD38 		.ascii	"\245h\3758\232\354\353q\364\262\230J\232\245H?\235\011"
 113      9AECEB71 
 113      F4B2984A 
 113      9AA5483F 
 113      9D09
 114 01ee 0F093DED 		.ascii	"\017\011=\355{T*\0154\325\037\253h\021\277#\226\015"
 114      7B542A0D 
 114      34D51FAB 
 114      6811BF23 
 114      960D
 115 0200 B73162B7 		.ascii	"\2671b\267\024a\243>\205;\266\201\271\302\320\200/\203"
 115      1461A33E 
 115      853BB681 
 115      B9C2D080 
 115      2F83
 116 0212 D1730A81 		.ascii	"\321s\012\201\203\001w\320M\011\352\031\216\345iR\202"
 116      830177D0 
 116      4D09EA19 
 116      8EE56952 
 116      82
 117 0223 ACEB8D8F 		.ascii	"\254\353\215\217\346h\037\006q\202R\032\0156\342\220"
 117      E6681F06 
 117      7182521A 
 117      0D36E290 
 118 0233 C6AAD878 		.ascii	"\306\252\330x\365IH_\351\335\317\345\003\216V\364<\255"
 118      F549485F 
 118      E9DDCFE5 
 118      038E56F4 
 118      3CAD
 119 0245 E86568A8 		.ascii	"\350eh\250|\232\242\273\031E\367P\221+L\005g\262\263"
 119      7C9AA2BB 
 119      1945F750 
 119      912B4C05 
 119      67B2B3
 120 0258 6D942165 		.ascii	"m\224!e\003\025\235#=s4=\305\232$%\335\332t\350\247"
 120      03159D23 
 120      3D73343D 
 120      C59A2425 
 120      DDDA74E8 
ARM GAS  C:\Users\elias\AppData\Local\Temp\cc0Or0pr.s 			page 9


 121 026d E50D6572 		.ascii	"\345\015erSF\220\207\235\234M\000\203\321\216HtR\320"
 121      53469087 
 121      9D9C4D00 
 121      83D18E48 
 121      7452D0
 122 0280 BFDECBFD 		.ascii	"\277\336\313\375\314\2754\353\304\312\220\000\222\264"
 122      CCBD34EB 
 122      C4CA9000 
 122      92B4
 123 028e 28927E6E 		.ascii	"(\222~nM\212\014\367wF\016jE\326\177\260\264fX\036\244"
 123      4D8A0CF7 
 123      77460E6A 
 123      45D67FB0 
 123      B466581E 
 124 02a3 536AC0D2 		.ascii	"Sj\300\322(6\002Q\356Vu\257\370\263:rfH\260\234J\312"
 124      28360251 
 124      EE5675AF 
 124      F8B33A72 
 124      6648B09C 
 125 02b9 95BFB336 		.ascii	"\225\277\2636\027\332\220\"A\024\270x\372\315\365s\271"
 125      17DA9022 
 125      4114B878 
 125      FACDF573 
 125      B9
 126 02ca CBEA2446 		.ascii	"\313\352$F^\036\242\224nW\001\267\325\323\321\001\313"
 126      5E1EA294 
 126      6E5701B7 
 126      D5D3D101 
 126      CB
 127 02db 28F69810 		.ascii	"(\366\230\020\341\362\316\321\236\331Z\207W\037\350"
 127      E1F2CED1 
 127      9ED95A87 
 127      571FE8
 128 02ea 56C5D398 		.ascii	"V\305\323\230\243O\017\320\251\312*\235\375\377q\332"
 128      A34F0FD0 
 128      A9CA2A9D 
 128      FDFF71DA 
 129 02fa 8799D33E 		.ascii	"\207\231\323>R\274^\025C;\363\024\244\236E&\237\202"
 129      52BC5E15 
 129      433BF314 
 129      A49E4526 
 129      9F82
 130 030c 868BDF46 		.ascii	"\206\213\337F\262\323\265\237\320\265\337\365\365\373"
 130      B2D3B59F 
 130      D0B5DFF5 
 130      F5FB
 131 031a A769B5FF 		.ascii	"\247i\265\3778S\373O\020N\025;\341y\025\336\027(k};"
 131      3853FB4F 
 131      104E153B 
 131      E17915DE 
 131      17286B7D 
 132 032f BE90E054 		.ascii	"\276\220\340T:\2440Y\321\216A\232\267\321\277\307\277"
 132      3AA43059 
 132      D18E419A 
 132      B7D1BFC7 
 132      BF
 133 0340 B730E0DF 		.ascii	"\2670\340\337\275k[\361\276\275E\376\202\315\333\212"
ARM GAS  C:\Users\elias\AppData\Local\Temp\cc0Or0pr.s 			page 10


 133      BD6B5BF1 
 133      BEBD45FE 
 133      82CDDB8A 
 134 0350 D7AD28D8 		.ascii	"\327\255(\330\261f\353\366%E\314\011\354__\030(\\{ "
 134      B166EBF6 
 134      2545CC09 
 134      EC5F5F18 
 134      285C7B20 
 135 0364 E0FF0531 		.ascii	"\340\377\0051Y\3469"
 135      59E639
 136              		.text
 137              		.section	.gnu.lto_UART_SendBreak.part.4.4d82c36d,"",%progbits
 138 0000 789C9554 		.ascii	"x\234\225T]lTU\020>s\316\375\333\333\375A\023\340\245"
 138      5D6C5455 
 138      103E73CE 
 138      FDDBDBFD 
 138      4113E0A5 
 139 0014 417D204D 		.ascii	"A} M_\224\304\220\030\337\032\015<\231\020*\017&M\014"
 139      5F94C490 
 139      18DF1A0D 
 139      3C99102A 
 139      0F264D0C 
 140 0028 817DD49A 		.ascii	"\201}\324\232f}\356\351\376\201X\225\220\270\032\014"
 140      667DEEE9 
 140      FE815895 
 140      90B81A0C 
 141 0038 293FA92D 		.ascii	")?\251-\240\356\026\220\262P\331\272\256\201D\351j\304"
 141      A0EE1690 
 141      B250D9BA 
 141      AE8144E9 
 141      6AC4
 142 004a C440A258 		.ascii	"\304@\242Xc1\004\351v\323&J\331]f\316l/U\022\2427\271"
 142      633104E9 
 142      76D3264A 
 142      D95D66CE 
 142      6C2F5512 
 143 0061 E767CE77 		.ascii	"\347g\316w\276\231of\356\265\004\010z\266\330Bl\302"
 143      BE996F66 
 143      EEB50408 
 143      7AB6D842 
 143      6CC2
 144 0073 F90ABEB0 		.ascii	"\371\012\276\260F@l\377\014.b \315,\245\265\267Kh_\321"
 144      46406CFF 
 144      0C2E6220 
 144      CD2CA5B5 
 144      B74B685F 
 145 0088 1856D2AA 		.ascii	"\030V\322\252\255\305\235{\3709\334Y`\023f\310\263\245"
 145      ADC59D7B 
 145      F839DC59 
 145      601366C8 
 145      B3A5
 146 009a 337C4990 		.ascii	"3|I\220=\355\242\335a{\217+C\006\355\031\264\327\336"
 146      3DEDA2DD 
 146      617B8F2B 
 146      4306ED19 
 146      B4D7DE
 147 00ad 85CD2E04 		.ascii	"\205\315.\004\276\341\367e\007_\015\233\253\035l\356"
ARM GAS  C:\Users\elias\AppData\Local\Temp\cc0Or0pr.s 			page 11


 147      BEE1F765 
 147      075F0D9B 
 147      AB1D6CEE 
 148 00bd 09CBC8D5 		.ascii	"\011\313\310\325g\320\032\235\332\200\326\010D\331Q"
 148      67D01A9D 
 148      DA80D608 
 148      44D951
 149 00cc 148016DA 		.ascii	"\024\200\026\332\0031\030\223\312\262\035\327\013\371"
 149      03311893 
 149      CAB21DD7 
 149      0BF9
 150 00da 1DE14814 		.ascii	"\035\341H\024\006\225/\370\261\333\363\222lH(\357\231"
 150      06952FF8 
 150      B1DBF392 
 150      6C4828EF 
 150      99
 151 00eb 2BCAEE31 		.ascii	"+\312\3561\215\317\215\314\251\365\007\365wZe\224\020"
 151      8DCF8DCC 
 151      A9F507F5 
 151      775A6594 
 151      10
 152 00fc 2DC92018 		.ascii	"-\311 \030\203n\204}\364\366\225\367l\365\024\010\\"
 152      836E847D 
 152      F4F695F7 
 152      6CF51408 
 152      5C
 153 010d 97C64B95 		.ascii	"\227\306K\225h\327\250\326I\255[}\004\007\030\007\205"
 153      68D7A8D6 
 153      49AD5B7D 
 153      04071807 
 153      85
 154 011e 37E0D94E 		.ascii	"7\340\331N\330\324)\320 \3408t\021xv\242\371~\304I\023"
 154      D8D429D0 
 154      20E03874 
 154      117876A2 
 154      F97EC449 
 155 0133 FF934C0A 		.ascii	"\377\223L\012'\300\301\314\312\267\024\235\237\033/"
 155      27C0C1CC 
 155      CAB7149D 
 155      9F1B2F
 156 0142 BCEBA86E 		.ascii	"\274\353\250nC\\\335\367\327\321\360\306cD<=q\341\225"
 156      435CDDF7 
 156      D7D1F0C6 
 156      63443C3D 
 156      71E195
 157 0155 7A527FA8 		.ascii	"zR\177\250-b?\271\232\335D\365\011l\314oG\367\255\224"
 157      2D623FB9 
 157      9ADD44F5 
 157      096CCC6F 
 157      47F7AD94 
 158 0169 DE3FFF62 		.ascii	"\336?\377b\357c\000\344P\242k\251\314\251EQ\330f\351"
 158      EF6300E4 
 158      50A26BA9 
 158      CCA94551 
 158      D866E9
 159 017c 90D5A5C1 		.ascii	"\220\325\245\301\243!D\203\0205|\233>N1\234\324\202"
 159      A3214483 
ARM GAS  C:\Users\elias\AppData\Local\Temp\cc0Or0pr.s 			page 12


 159      10357C9B 
 159      3E4E319C 
 159      D482
 160 018e 9434FD0A 		.ascii	"\2244\375\012\351k\251\223\215\272\372W\344Dc\002G\327"
 160      E96BA993 
 160      8DBAFA57 
 160      E4446302 
 160      47D7
 161 01a0 9F829352 		.ascii	"\237\202\223R\200\200\374\355\342\337\221E\211l(\367"
 161      8080FCED 
 161      E2DF9145 
 161      896C28F7 
 162 01b0 33E0C816 		.ascii	"3\340\310\026\320\177\311f\242\273\362\001\270\\/\214"
 162      D07FC966 
 162      A2BBF201 
 162      B85C2F8C 
 163 01c0 8519AC20 		.ascii	"\205\031\254 \037\200-\221v\325\034\224\357\356\273"
 163      1F802D91 
 163      76D51C94 
 163      EFEEBB
 164 01cf B39C799C 		.ascii	"\263\234y\234\341T\226\\\246\\u\011\256Lf~:\333Xvx{"
 164      E154965C 
 164      A65C7509 
 164      AE4C667E 
 164      3ADB5876 
 165 01e5 F1F290B6 		.ascii	"\361\362\220\266\320t\243\225\374\323\035\201CC\351"
 165      D074A395 
 165      FCD31D81 
 165      4343E9
 166 01f4 21BD26A3 		.ascii	"!\275&\243,\230\200N(\0201\234\202\021\020s\220\314"
 166      2C98804E 
 166      2810319C 
 166      82111073 
 166      90CC
 167 0206 1D798218 		.ascii	"\035y\202\030W\323\331\206\256X\274}\335\035l\350\275"
 167      57D3D986 
 167      AE58BC7D 
 167      DD1D6CE8 
 167      BD
 168 0217 9AAEDA58 		.ascii	"\232\256\332X\011A\346[\337\376X\361\211R\033;\300\031"
 168      0941E65B 
 168      DFFE58F1 
 168      89521B3B 
 168      C019
 169 0229 1884D386 		.ascii	"\030\204\323\206\362s\244\304\310\220\265\274X\370%"
 169      F273A4C4 
 169      C890B5BC 
 169      58F825
 170 0238 7F15DAC4 		.ascii	"\177\025\332\304\217\210\342,^AD\341\233w&}rm\301M\001"
 170      8F88E22C 
 170      5E4144E1 
 170      9B77267D 
 170      726DC14D 
 171 024d 9378441C 		.ascii	"\223xD\034\265\271\374\201\025\216\363\177d\353>\213"
 171      B5B9FC81 
 171      158EF37F 
 171      64EB3E8B 
ARM GAS  C:\Users\elias\AppData\Local\Temp\cc0Or0pr.s 			page 13


 172 025d ABB6C57D 		.ascii	"\253\266\305}\237Y\312\252\325\264\347\002\332\"\323"
 172      9F59CAAA 
 172      D5B4E702 
 172      DA22D3
 173 026c 068A2C4C 		.ascii	"\006\212,L\376y\223\317\005i\013\354~N\347Lc4\306\351"
 173      FE7993CF 
 173      05690BEC 
 173      7E4EE74C 
 173      6334C6E9 
 174 0280 A45ADEFC 		.ascii	"\244Z\336\374 \267\244\330\305|\333\305\351\341=\245"
 174      20B7A4D8 
 174      C57CDBC5 
 174      E9E13DA5 
 175 0290 7FB8B810 		.ascii	"\177\270\270\020\270\230\242\374\315\202\251\036U\036"
 175      B898A2FC 
 175      CD82A91E 
 175      551E
 176 029e 3930E8D4 		.ascii	"90\350\324\275-\"\245,&\234\032\031>nb\006\204}\201"
 176      BD2D22A5 
 176      2C269C1A 
 176      193E6E62 
 176      06847D81 
 177 02b2 B7B0E0D7 		.ascii	"\267\260\340\327S\363\315\0036;\265V\207\010\030\342"
 177      53F3CD03 
 177      363BB556 
 177      870818E2 
 178 02c2 C576C96B 		.ascii	"\305v\311k\322\021\370Ac\303\271A\303-7\353\352A\247"
 178      D211F841 
 178      63C3B941 
 178      C32D37EB 
 178      EA41A7
 179 02d5 9CA95CCA 		.ascii	"\234\251\\\312z\334)\000\245\240S<\261\3502<\000\007"
 179      7ADC2900 
 179      A5A0533C 
 179      B1E8323C 
 179      0007
 180 02e7 7D54C3A6 		.ascii	"}T\303\246\036\265\221\323\027\277?\317\372\177n\256"
 180      1EB591D3 
 180      17BF3FCF 
 180      FA7F6EAE 
 181 02f7 E8B71F2D 		.ascii	"\350\267\037-v\372!\2616\365N3{\247\231\2112\203\303"
 181      76FA21B1 
 181      36F54E33 
 181      7BA79989 
 181      3283C3
 182 030a 364E808B 		.ascii	"6N\200\213{\023\226Q\37410\304\015>\200\232\354\020"
 182      7B139651 
 182      FC3130C4 
 182      0D3E809A 
 182      EC10
 183 031c D39B3196 		.ascii	"\323\2331\2260\351\303[\271\354L\353\353u\014\363X\342"
 183      30E9C35B 
 183      B9EC4CEB 
 183      EB750CF3 
 183      58E2
 184 032e 0FA94A55 		.ascii	"\017\251JUqfZ\000_2Y5\365[kE\232gr\312\302#\342\232"
 184      71665A00 
ARM GAS  C:\Users\elias\AppData\Local\Temp\cc0Or0pr.s 			page 14


 184      5F325935 
 184      F55B6B45 
 184      9A6772CA 
 185 0346 A3A89B27 		.ascii	"\243\250\233'Z\371\251\266\273\320\377h\342r\320\304"
 185      5AF9A9B6 
 185      BBD0FF68 
 185      E272D0C4 
 186 0356 5FF17751 		.ascii	"_\361wQ\316\375\207\356\255\230\206\017\231\010\242"
 186      CEFD87EE 
 186      AD98860F 
 186      9908A2
 187 0365 A4E41624 		.ascii	"\244\344\026$\247'g\273\371'`t\002\232\361'\262ak\374"
 187      A72767BB 
 187      F9276074 
 187      029AF127 
 187      B2616BFC 
 188 0379 F5F8C0CE 		.ascii	"\365\370\300\316D|\367\253\275\375o\016\354\212\367"
 188      447CF7AB 
 188      BDFD6F0E 
 188      EC8AF7
 189 0388 6DEBED7F 		.ascii	"m\353\355\177as\337\216\236\355/?\275K\270\003\361\304"
 189      6173DF8E 
 189      9EED2F3F 
 189      BD4BB803 
 189      F1C4
 190 039a 4BFDBBE3 		.ascii	"K\375\273\343n\342\2657z\023;\023\367\001\210\036\345"
 190      6EE2B537 
 190      7A133B13 
 190      F701881E 
 190      E5
 191 03ab 57       		.ascii	"W"
 192              		.text
 193              		.section	.gnu.lto_UART_Init.4d82c36d,"",%progbits
 194 0000 789C7D93 		.ascii	"x\234}\223Kh\023Q\024\206\357\271\0233\323\244\251\356"
 194      4B681351 
 194      1486EFB9 
 194      1333D3A4 
 194      A9EE
 195 0012 0D926D37 		.ascii	"\015\222m7\"\210+W\342\302\205\033iu!\024Dj\266\026"
 195      22882B57 
 195      E2C2851B 
 195      69752114 
 195      446AB616 
 196 0026 8AAE7313 		.ascii	"\212\256s\023;\326\026\304\326\027h\221\372X4\276\232"
 196      3BD616C4 
 196      D6176891 
 196      FA5834BE 
 196      9A
 197 0037 5463DBD8 		.ascii	"Tc\333\330\207\2234%\365\021K,\212\250\224>0H\250\232"
 197      87933425 
 197      F5114B2C 
 197      8AA8943E 
 197      3048A89A 
 198 004b 86C4AA25 		.ascii	"\206\304\252%\031\317\235;\223\232J\2740\314\314=\347"
 198      19CF9D3B 
 198      939A4ABC 
 198      30CCCC3D 
ARM GAS  C:\Users\elias\AppData\Local\Temp\cc0Or0pr.s 			page 15


 198      E7
 199 005c 7EFFFCE7 		.ascii	"~\377\374\347gl\004\010_\363\022!\036\274o\307\013$"
 199      676C0408 
 199      5FF31221 
 199      1EBC6FC7 
 199      0B24
 200 006e 02B4E735 		.ascii	"\002\264\3475!~\205\002\360\007\246\000\361Q\360A\221"
 200      217E8502 
 200      F007A600 
 200      F151F041 
 200      91
 201 007f 9628C43B 		.ascii	"\226(\304;3Q\3328\300p-L\377\330\305\202\032\250x\\"
 201      3351DA38 
 201      C0702D4C 
 201      FFD8C582 
 201      1AA8785C 
 202 0093 A70689C0 		.ascii	"\247\006\211\300\0004\022l[\032*_q\331;x\233G\024!\010"
 202      0034126C 
 202      5B1A2A5F 
 202      71D93B78 
 202      9B471421 
 203 00a8 762E176A 		.ascii	"v.\027j\322\230\256\237a\332\210\034\353q\326\023\222"
 203      D298AE9F 
 203      61DA881C 
 203      EB71D613 
 203      92
 204 00b9 C32AD759 		.ascii	"\303*\327Y\245\224\337\245/\240j\351d\003\357\347\244"
 204      A594DFA5 
 204      2FA06AE9 
 204      6403EFE7 
 204      A4
 205 00ca 6874E5A3 		.ascii	"ht\345\243\354+\261s\214mS%\320)B\340.\370x-\264\022"
 205      EC2BB173 
 205      8C6D5325 
 205      D02942E0 
 205      2EF8782D 
 206 00e0 FDE52A50 		.ascii	"\375\345*PU\302M\270\007\356\352vvT\225$\235R\203\004"
 206      55C24DB8 
 206      07EEEA76 
 206      76549524 
 206      9D528304 
 207 00f4 F7C1A74A 		.ascii	"\367\301\247J6\302\351s\265\350[t\212^\340\001\322M"
 207      36C2E973 
 207      B5E85B74 
 207      8A5EE001 
 207      D24D
 208 0106 5CA15B5D 		.ascii	"\\\241[]\223\204\202\014\017\301\255Jv\222\201@!\\\\"
 208      9384820C 
 208      0FC1AD4A 
 208      76928140 
 208      215C5C
 209 0119 9439035B 		.ascii	"\2249\003[\256\252\361Y\231\267\310\360/Q\356B \337"
 209      AEAAF159 
 209      99B7C8F0 
 209      2F51EE42 
 209      20DF
 210 012b CEBE7A9B 		.ascii	"\316\276z\233p\364\303\015?3\366\025\010\341D\007\301"
ARM GAS  C:\Users\elias\AppData\Local\Temp\cc0Or0pr.s 			page 16


 210      70F4C30D 
 210      3F33F615 
 210      08E14407 
 210      C1
 211 013c 8D7261E8 		.ascii	"\215ra\350\207\27798o\030\302J\006\342\205p\371V\335"
 211      87BF3938 
 211      6F18C24A 
 211      06E28570 
 211      F956DD
 212 014f 669D3A43 		.ascii	"f\235:Cgn\346\362o\020\257]/\375\314\206[\251\276\211"
 212      676EE6F2 
 212      6F10AF5D 
 212      2FFDCC86 
 212      5BA9BE89 
 213 0163 723DD7E8 		.ascii	"r=\327\350@\225\335D\225\034\360\030\334\360\310P\211"
 213      4095DD44 
 213      951CF018 
 213      DCF0C850 
 213      89
 214 0174 0895B137 		.ascii	"\010\225\2617\227\"\012?\346\200<\201'\226\214\336k"
 214      97220A3F 
 214      E6803C81 
 214      27968CDE 
 214      6B
 215 0185 C97C9B4F 		.ascii	"\311|\233Ow*\202{\376\271\340\252\305\233\331M\334\341"
 215      772A827B 
 215      FEB9E0AA 
 215      C59BD94D 
 215      DCE1
 216 0197 0A774470 		.ascii	"\012wDpWS\327\227\033\304\240<0\212\025>\350k/\376\037"
 216      5753D797 
 216      1BC4A03C 
 216      308A153E 
 216      E86B2FFE 
 217 01ac 6354C418 		.ascii	"cT\304\030I$\317*\342,\300\323\0321\332D\214c\0331\366"
 217      4924CF2A 
 217      E22CC0D3 
 217      1A31DA44 
 217      8C631B31 
 218 01c1 D5A29B31 		.ascii	"\325\242\2331\216\363\030\021\267\221\033\032M-YFG\307"
 218      8EF31811 
 218      B7911B1A 
 218      4D2D5946 
 218      47C7
 219 01d3 93171DC2 		.ascii	"\223\027\035\302\350\340\2140\232\217\345~\202et\257"
 219      E8E08C30 
 219      9A8FE57E 
 219      826574AF 
 220 01e3 6174A262 		.ascii	"at\242btR\030\375\034\234Zv\210\001\332\341\2319\277"
 220      745218FD 
 220      1C9C5A76 
 220      8801DAE1 
 220      9939BF
 221 01f6 5CEAB6D3 		.ascii	"\\\352\266\323\304\276\037.\255\333\005v\322\304.\350"
 221      C4BE1F2E 
 221      ADDB0576 
 221      D2C42EE8 
ARM GAS  C:\Users\elias\AppData\Local\Temp\cc0Or0pr.s 			page 17


 222 0206 81AF7235 		.ascii	"\201\257r5V\253`c\002\353\357\376\316d\201M\022\210"
 222      56AB6063 
 222      02EBEFFE 
 222      CE64814D 
 222      1288
 223 0218 5BB9BC8B 		.ascii	"[\271\274\213[\237\373!=\253;\005\367\202\231\313\247"
 223      5B9FFB21 
 223      3DAB3B05 
 223      F78299CB 
 223      A7
 224 0229 3BF97557 		.ascii	";\371uW5w\252\302M\010\356\264\276\246m\025\263\305"
 224      3577AAC2 
 224      4D08EEB4 
 224      BEA66D15 
 224      B3C5
 225 023b 17AC6421 		.ascii	"\027\254d!\240\365\0364\006\307W\016\203\300\277\016"
 225      A0F51E34 
 225      06C7570E 
 225      83C0BF0E 
 226 024b FFC11D07 		.ascii	"\377\301\035\007\274'\275\355\307OyO\034kn;\335\336"
 226      BC27BDED 
 226      C74F794F 
 226      1C6B6E3B 
 226      DDDE
 227 025d EA6D39D4 		.ascii	"\352m9\324\334\266\177O\313\221}M\207w\266\222?\314"
 227      DCB67F4F 
 227      CB917D4D 
 227      8777B692 
 227      3FCC
 228 026f 6F742A   		.ascii	"ot*"
 229              		.text
 230              		.section	.gnu.lto_UART_Enable.4d82c36d,"",%progbits
 231 0000 789C7D93 		.ascii	"x\234}\223\337K\223Q\030\307\317s\316~\274\266\251\243"
 231      DF4B9351 
 231      18C7CF73 
 231      CE7EBCB6 
 231      A9A3
 232 0012 9B2E1AB1 		.ascii	"\233.\032\261.\274\360&\222\350\017\210.\242\233\010"
 232      2EBCF026 
 232      92E80F88 
 232      2EA29B08 
 233 0022 AD3B21CC 		.ascii	"\255;!\314\336\273\320Xz\2753__\215E4\204,\203%\321"
 233      DEBBD058 
 233      7ABD335F 
 233      5F8D4534 
 233      842C8325 
 234 0037 8596D6D4 		.ascii	"\205\226\326\3244\235?\352ud\021\326\302\244\022\006"
 234      349D3FEA 
 234      756411D6 
 234      C2A41206 
 235 0047 164616FD 		.ascii	"\026F\026\375b\2439e0\337\236\363\236\265\201f\007\336"
 235      62A33965 
 235      30DF9EF3 
 235      9EB58166 
 235      07DE
 236 0059 F3BEEFE1 		.ascii	"\363\276\357\341\373|\236\357\367p\216\215\000\021\303"
 236      FB7C9EEF 
ARM GAS  C:\Users\elias\AppData\Local\Temp\cc0Or0pr.s 			page 18


 236      F7708E8D 
 236      0011C3
 237 0068 6B23A406 		.ascii	"k#\244\006\337{\361\001F\200\206\023\204\004\025\012"
 237      DF7BF101 
 237      46808613 
 237      8404150A 
 238 0078 203EB802 		.ascii	" >\270\002$@!\000k4O!\336\271\032\243\325}\034\307\307"
 238      24402100 
 238      6B344F21 
 238      DEB91AA3 
 238      D57D1CC7 
 239 008d CF5335BC 		.ascii	"\317S5\274\337\000\235\021bR\213D\240\017\252\011\312"
 239      DF009D11 
 239      62528B44 
 239      A00FAA09 
 239      CA
 240 009e 6EA5177A 		.ascii	"n\245\027z\312\330~\020\337\037n\204\226X\325\035\316"
 240      CAD87E10 
 240      DF1F6E84 
 240      9658D51D 
 240      CE
 241 00af DBB8F17B 		.ascii	"\333\270\361{\276\374:7\202>\235\001\364\003\30328\344"
 241      BEFC3A37 
 241      823E9D01 
 241      F403C332 
 241      38E4
 242 00c1 85835EAB 		.ascii	"\205\203^\253\030\265+\303\233\327\312\035\355\002\357"
 242      18B52BC3 
 242      9BD7CA1D 
 242      ED02EF
 243 00d0 83BB5025 		.ascii	"\203\273P%\301p\017\034h\025\304J\264\326\340\246\251"
 243      C1700F1C 
 243      6815C44A 
 243      B4D6E0A6 
 243      A9
 244 00e1 7123ED9A 		.ascii	"q#\355\232\335\254\330\215vq\321FtF\355br\212I\021\223"
 244      DDACD88D 
 244      7671D146 
 244      7446ED62 
 244      728A4911 
 245 00f6 4B4C6E31 		.ascii	"KLn1\021\222\302GdIS*\336\354+h\306\332\345=\202\253"
 245      1192C247 
 245      6449532A 
 245      DEEC2B68 
 245      C6DAE53D 
 246 010c 31867D63 		.ascii	"1\206}c\261\037Ig \317/q\356\321\031\372\022\355\006"
 246      B11F4967 
 246      20CF2F71 
 246      EED119FA 
 246      12ED06
 247 011f 2080E536 		.ascii	" \200\3456\262\002\324r\200\215PMV!\236\013e\243\335"
 247      B202D472 
 247      808D504D 
 247      56219E0B 
 247      65A3DD
 248 0132 20CB6D58 		.ascii	" \313mX\336\255\307_;3Tgv+q\366g.\014\362\267g>\310"
 248      DEADC75F 
ARM GAS  C:\Users\elias\AppData\Local\Temp\cc0Or0pr.s 			page 19


 248      3B335467 
 248      762B71F6 
 248      672E0CF2 
 249 014a 85626630 		.ascii	"\205bf0:\015\275\020\011\266\343~9\340>xa\02006<\300"
 249      3A0DBD10 
 249      09B6E37E 
 249      39E03E78 
 249      61103036 
 250 0160 55446A1B 		.ascii	"UDj\033\016\211\263Kb\372\325\315O\025\002A\301\007"
 250      0E89B34B 
 250      62FAD5CD 
 250      4F150241 
 250      C107
 251 0172 51546257 		.ascii	"QTbW\331\361\177\260!\\E\204\264\230\230\350*Xtb\315"
 251      D9F17FB0 
 251      215C4584 
 251      B49898E8 
 251      2A587462 
 252 0187 D8486CD9 		.ascii	"\330Hl\331%=E^HO\213K\351\267\366\022f\270\210\031\331"
 252      253D455E 
 252      484F8B4B 
 252      E9B7F612 
 252      66B88819 
 253 019c E2499188 		.ascii	"\342I\221\2107\251\227\021\227\364\344\201\207[<\355"
 253      37A99711 
 253      97F4E481 
 253      875B3CED 
 254 01ac 081BB53C 		.ascii	"\010\033\265<)B\234\031z\266\310\012\372\342\2269\255"
 254      29429C19 
 254      7AB6C80A 
 254      FAE29639 
 254      AD
 255 01bd 2D1BBDFD 		.ascii	"-\033\275\375k\303-\177y\\\343\025\270\224\374\236\375"
 255      6BC32D7F 
 255      795CE315 
 255      B894FC9E 
 255      FD
 256 01ce 52242AF0 		.ascii	"R$*\360\010\211c\026q\034\211\242\344\351\363\016E\224"
 256      08896316 
 256      711C89A2 
 256      E4E9F30E 
 256      4594
 257 01e0 9401C084 		.ascii	"\224\001\300\204\264\223\013-O\206\013\251]\250Y\030"
 257      B4930B2D 
 257      4F860BA9 
 257      5DA85918 
 258 01f0 E8D22A65 		.ascii	"\350\322*e\352\336B\352\211\361\316>G\311h\254htrKj"
 258      EADE42EA 
 258      89F1CE3E 
 258      47C968AC 
 258      6874724B 
 259 0205 3722B6C5 		.ascii	"7\"\266\305\334\261z\312\212\351\266b\246\336\025cN"
 259      DCB17ACA 
 259      8AE9B662 
 259      A6DE1563 
 259      4E
 260 0216 E6AE68AC 		.ascii	"\346\256h\254\220kN\346\032\235M^e\245\\\323\305\\3"
ARM GAS  C:\Users\elias\AppData\Local\Temp\cc0Or0pr.s 			page 20


 260      906B4EE6 
 260      1A9D4D5E 
 260      65A55CD3 
 260      C55C33
 261 0229 32D79CB9 		.ascii	"2\327\234\271nT\312\\\024\036\313\376\231\360\373\277"
 261      6E54CA5C 
 261      141ECBFE 
 261      99F0FBBF 
 262 0239 C41DB7E5 		.ascii	"\304\035\267\345\011\226[zq\272\327\023n\241'\333\316"
 262      09965B7A 
 262      71BAD713 
 262      6EA127DB 
 262      CE
 263 024a F62E13EF 		.ascii	"\366.\023\357\000\001\303:\333.\324\266\033\371\004"
 263      0001C33A 
 263      DB2ED4B6 
 263      1BF904
 264 0259 FDB7D66D 		.ascii	"\375\267\326mR\274\3330\213Z<\370:+'\337\240\3150OX"
 264      52BCDB30 
 264      8B5A3CF8 
 264      3A2B27DF 
 264      A0CD304F 
 265 026e 6A315278 		.ascii	"j1RxO\360>!p\3371\265I\3657\264\250\347\316\3245\267"
 265      4FF03E21 
 265      70DF31B5 
 265      49F537B4 
 265      A8E7CED4 
 266 0284 FA1BD5FA 		.ascii	"\372\033\325\372\223u\315G\017\327\237>R{\352@#\361"
 266      9375CD47 
 266      0FD79F3E 
 266      527BEA40 
 266      23F1
 267 0296 A84D0D67 		.ascii	"\250M\015g\317\253\307\233ZT\277\277\365B\313\305?#"
 267      CFABC79B 
 267      5A54BFBF 
 267      F542CBC5 
 267      3F23
 268 02a8 56703D   		.ascii	"Vp="
 269              		.text
 270              		.section	.gnu.lto_UART_Start.4d82c36d,"",%progbits
 271 0000 789C9590 		.ascii	"x\234\225\220\277KBQ\024\307\317\271\367\371\003Q\350"
 271      BF4B4251 
 271      14C7CFB9 
 271      F7F90351 
 271      E8
 272 0011 0F087175 		.ascii	"\017\010qu\251\206\372\003\"\2505\2646!\302\336\232"
 272      A986FA03 
 272      22A835B4 
 272      3621C2DE 
 272      9A
 273 0022 2035BFAB 		.ascii	" 5\277\253\317\207\265\265\344\026\215\332Ouhx\266\274"
 273      CF87B5B5 
 273      E4168DDA 
 273      4F756878 
 273      B6BC
 274 0034 2C9C2489 		.ascii	",\234$\211\260!\013\262\301B\034\024lh0;\367\0315DC"
 274      B0210BB2 
ARM GAS  C:\Users\elias\AppData\Local\Temp\cc0Or0pr.s 			page 21


 274      C1421C14 
 274      6C68303B 
 274      F7193544 
 275 0049 072EE7F2 		.ascii	"\007.\347\362\275\337{\276\237{\025@\220uI-@}\232\026"
 275      BDDF7BBE 
 275      9F7B1540 
 275      9075492D 
 275      407D9A16 
 276 005d 3A00D9CE 		.ascii	":\000\331\3165@\302\315\030/\371Ax\224\273I\020^\216"
 276      3540C2CD 
 276      182FF941 
 276      7894BB49 
 276      105E8E
 277 0070 CA485610 		.ascii	"\312HV\020\345F\270\0214\306\025\324\360\215\015\030"
 277      E546B811 
 277      34C615D4 
 277      F08D0D18 
 278 0080 96D32D93 		.ascii	"\226\323-\223\005\263\202\352\311x\231\0229\013\015"
 278      05B382EA 
 278      C9789912 
 278      390B0D
 279 008f 0E306476 		.ascii	"\0160dv\004`\026\203@\266\347\342\307\256\317\231\222"
 279      04601683 
 279      40B6E7E2 
 279      C7AECF99 
 279      92
 280 00a0 B6C0E810 		.ascii	"\266\300\350\020s\350\224\034\371\220%\206C]X\347\316"
 280      73E8941C 
 280      F9902586 
 280      435D58E7 
 280      CE
 281 00b1 8B07A78B 		.ascii	"\213\007\247\213\203\301I\356\222E\306\365\030\223\235"
 281      83C149EE 
 281      9245C6F5 
 281      18939D
 282 00c0 B73099E9 		.ascii	"\2670\231\351\325n\034\362\226\3169M\314\030\345\232"
 282      D56E1CF2 
 282      96CE394D 
 282      CC18E59A 
 283 00d0 ABCF0CCE 		.ascii	"\253\317\014\316P\006\230f\247\341\322\006bK\2101\322"
 283      50069866 
 283      A7E1D206 
 283      624B8831 
 283      D2
 284 00e1 B68941CA 		.ascii	"\266\211A\312\355j\375\312\263\217{\011a\353\034\017"
 284      ED6AFDCA 
 284      B38F7B09 
 284      61EB1C0F 
 285 00f1 09FC00C7 		.ascii	"\011\374\000\307)\377\010\367\021\232\230\272\327\375"
 285      29FF08F7 
 285      119A98BA 
 285      D7FD
 286 00ff 3F53F31D 		.ascii	"?S\363\035\363\335'\247\"\002\036K\037H\010\016%?\177"
 286      F3DD27A7 
 286      22021E4B 
 286      1F48080E 
 286      253F7F
ARM GAS  C:\Users\elias\AppData\Local\Temp\cc0Or0pr.s 			page 22


 287 0112 45DDBAAD 		.ascii	"E\335\272\255x\245\371w\2422$\016\300\023\324\350\001"
 287      78A5F977 
 287      A232240E 
 287      C013D4E8 
 287      01
 288 0123 0E20DE7E 		.ascii	"\016 \336~\241\336\264y\377Aw\372M\227':r\234\245\253"
 288      A1DEB479 
 288      FF4177FA 
 288      4D97273A 
 288      729CA5AB 
 289 0137 458FE421 		.ascii	"E\217\344! ,\330<=\246\330_\"q\032\025\366'\016\375"
 289      202CD83C 
 289      3DA6D85F 
 289      22711A15 
 289      F6270EFD 
 290 014b 2016BF70 		.ascii	" \026\277p\332\230\264\036\347m\253\254.\261\322\010"
 290      DA98B41E 
 290      E76DABAC 
 290      2EB1D208 
 291 015b 72F817D4 		.ascii	"r\370\027\324u5\276\272\241\256\255\204c\233\361\250"
 291      7535BEBA 
 291      A1AEAD84 
 291      639BF1A8 
 292 016b 1A590CC7 		.ascii	"\032Y\014\307\346f\"\313\263\241\245\211(|\002D\254"
 292      E66622CB 
 292      B3A1A589 
 292      287C0244 
 292      AC
 293 017c ADE1     		.ascii	"\255\341"
 294              		.text
 295              		.section	.gnu.lto_UART_Stop.4d82c36d,"",%progbits
 296 0000 789C7D93 		.ascii	"x\234}\223\317O\023A\024\307\347;\323\226\226\266\202"
 296      CF4F1341 
 296      14C7E73B 
 296      D39696B6 
 296      82
 297 0011 5E3C480C 		.ascii	"^<H\014\0368p1\022\343\037`<\030o\246\350\215\304 \356"
 297      1E387031 
 297      12E31F60 
 297      3C186FA6 
 297      E88DC420 
 298 0026 CD1453E1 		.ascii	"\315\024S\341\334)e\301p\201@D9T\022=\200\202\"\010"
 298      DC2965C1 
 298      70814044 
 298      3954123D 
 298      80822208 
 299 003a 421570AD 		.ascii	"B\025p\255\032E\215\204_J\202\212\341@\210?b\233 &\215"
 299      1A458D84 
 299      5F4A828A 
 299      E140883F 
 299      629B2026 
 300 004f B4BED969 		.ascii	"\264\276\331iJ\002\342$\373vw\366\373\276\357}ff\035"
 300      4A02E224 
 300      FB7677F6 
 300      FBBEEF7D 
 300      66661D
 301 0062 0C4C8D25 		.ascii	"\014L\215%\301X\005\335\017\320\005\301\300\333\336"
ARM GAS  C:\Users\elias\AppData\Local\Temp\cc0Or0pr.s 			page 23


 301      C15805DD 
 301      0FD005C1 
 301      C0DBDE
 302 0071 31167173 		.ascii	"1\026qs@=H7X\230#\214_|\223#\321\274\032\347\345=\222"
 302      403D4837 
 302      5898238C 
 302      5F7C9323 
 302      D1BC1AE7 
 303 0088 C617335D 		.ascii	"\306\0273]!{-\230\224\236\345\266\023C\017\312\031\311"
 303      217B2D98 
 303      949EE5B6 
 303      13430FCA 
 303      19C9
 304 009a 6EA466BA 		.ascii	"n\244f\272<\342\020\324\363\362\365\226EQvK\312\006"
 304      3CE210D4 
 304      F3F2F596 
 304      4551764B 
 304      CA06
 305 00ac 692D4CFB 		.ascii	"i-L\373\257I+Rj\012\240\027\202\322p\264\004GJ\354d"
 305      AF492B52 
 305      6A0AA017 
 305      82D270B4 
 305      04474AEC 
 306 00c1 D2AE0C66 		.ascii	"\322\256\014f\256\372]\215\312\276\024\267Q\246\215"
 306      AEFA5D8D 
 306      CABE14B7 
 306      51A68D
 307 00d0 71072E6A 		.ascii	"q\007.j\025jf `\311l6*\255\271\242\247\037\367\355\245"
 307      156A6620 
 307      60C96C36 
 307      2AADB9A2 
 307      A71FF7ED 
 308 00e5 7669D2C1 		.ascii	"vi\322\301L\301\235*\270U\360\250\340S\301\257\002c"
 308      4CC19D2A 
 308      B855F0A8 
 308      E053C1AF 
 308      0263
 309 00f7 49BA144B 		.ascii	"I\272\024K\212su\027k\210Z\037Z\367+\337\250\020T7\036"
 309      8A737517 
 309      6B885A1F 
 309      5AF72BDF 
 309      A8105437 
 310 010c FFBE5410 		.ascii	"\377\276T\020\336\224W\244,6\005\365\245\312\365!L\351"
 310      DE9457A4 
 310      2C3605F5 
 310      A5CAF521 
 310      4CE9
 311 011e 0EB6026E 		.ascii	"\016\266\002nw@\205H\315V\221H\267d&;\241\323\035\224"
 311      77408548 
 311      CD569148 
 311      B764263B 
 311      A1D31D94 
 312 0132 DE6926A6 		.ascii	"\336i&\246\013\326\271)\2346\361\306\217t\033\364k\327"
 312      0BD6B929 
 312      9C36F1C6 
 312      8F741BF4 
 312      6BD7
ARM GAS  C:\Users\elias\AppData\Local\Temp\cc0Or0pr.s 			page 24


 313 0144 9B88548A 		.ascii	"\233\210T\212\211\376\201qt#\026i\244\365r\341.J\320"
 313      89FE8171 
 313      74231669 
 313      A4F572E1 
 313      2E4AD0
 314 0157 0FC2C63D 		.ascii	"\017\302\306=\232%\313\350\037\227\266sj\307o\263+\226"
 314      9A25CBE8 
 314      1F97B673 
 314      6AC76FB3 
 314      2B96
 315 0169 5759B8B0 		.ascii	"WY\270\260\014\014\220\224\312\352\222\377s\273O\263"
 315      0C0C9094 
 315      CAEA92FF 
 315      73BB4FB3 
 316 0179 E4C11460 		.ascii	"\344\301\024`\307\254O\311\331\016\274\202,-\003\303"
 316      C7AC4FC9 
 316      D90EBC82 
 316      2C2D03C3 
 317 0189 A08DE7D6 		.ascii	"\240\215\347\326<\033\257\332s<n\322\217\014\305?{5"
 317      3C1BAFDA 
 317      733C6ED2 
 317      8F0CC53F 
 317      7B35
 318 019b 406C4A03 		.ascii	"@lJ\003\314-\246\026\234[%\207\362%\037l\003\360h\213"
 318      CC2DA616 
 318      9C5B2587 
 318      F2251F6C 
 318      03F0688B 
 319 01af 9BAF6389 		.ascii	"\233\257c\211B\015\360\023\030\336\006\260\253\333\210"
 319      420DF013 
 319      18DE06B0 
 319      ABDB88
 320 01be 0DE051E2 		.ascii	"\015\340Q\342\365\344\333y\221\323\347\027\330c/p\323"
 320      F5E4DB79 
 320      91D3E717 
 320      D8632F70 
 320      D3
 321 01cf F8642BD7 		.ascii	"\370d+\327\257\362YT\356Q\210\035\3573y\307B\214\222"
 321      AFF25954 
 321      EE51881D 
 321      EF3379C7 
 321      428C92
 322 01e2 E343DB71 		.ascii	"\343C\333q\214\034\351\373\360\363\227Mn\225\342\005"
 322      8C1CE9FB 
 322      F0F3974D 
 322      6E95E205 
 323 01f2 10D7ED10 		.ascii	"\020\327\355\020\366T[\016\333G\232\231\276\366h\221"
 323      F6545B0E 
 323      DB479A99 
 323      BEF66891 
 324 0202 C6EECE61 		.ascii	"\306\356\316a\217\2156\367\270\266\032}\224o\364\361"
 324      8F8D36F7 
 324      B8B61A7D 
 324      946FF4F1 
 325 0212 366C3F59 		.ascii	"6l?Y\354\300\3345{\334\306\364k\314\371<\346\256\020"
 325      ECC0DC35 
 325      7BDCC6F4 
ARM GAS  C:\Users\elias\AppData\Local\Temp\cc0Or0pr.s 			page 25


 325      6BCCF93C 
 325      E6AE10
 326 0225 131AE245 		.ascii	"\023\032\342E\366\267U\244!8&\351\313\032\032\255\245"
 326      F6B755A4 
 326      213826E9 
 326      CB1A1AAD 
 326      A5
 327 0236 59FEEF7D 		.ascii	"Y\376\357}\366e9\375\232xB\373L\347\326\244r_\321`}"
 327      F66539FD 
 327      9A7842FB 
 327      4CE7D6A4 
 327      725FD160 
 328 024b 0AD86A35 		.ascii	"\012\330j5\222t\314\351w\240\303p\360\244\0214B\325"
 328      9274CCE9 
 328      77A0C370 
 328      F0A41134 
 328      42D5
 329 025d 75C68573 		.ascii	"u\306\205s\225\265\365\241\032\243\352te\355\211cUg"
 329      95B5F5A1 
 329      1AA3EA74 
 329      65ED8963 
 329      5567
 330 026f 8F07CE1C 		.ascii	"\217\007\316\034\256a\305F\260\372\374E\343T\260\316"
 330      AE61C546 
 330      B0FAFC45 
 330      E354B0CE 
 331 027f 0885EA2F 		.ascii	"\010\205\352/\325]\376\013\354\012Y\\"
 331      D55DFE0B 
 331      EC0A595C 
 332              		.text
 333              		.section	.gnu.lto_UART_ReadControlRegister.4d82c36d,"",%progbits
 334 0000 789C6361 		.ascii	"x\234ca`d\000\201i@\254\000\304\322@\314\310\314\300"
 334      60640081 
 334      6940AC00 
 334      C4D240CC 
 334      C8CCC0
 335 0013 C834E11C 		.ascii	"\3104\341\034\003C#\007\023##\210\321\300\301\310P\317"
 335      03432307 
 335      13232388 
 335      D1C0C1C8 
 335      50CF
 336 0025 C458CFF8 		.ascii	"\304X\317\370\225\351/\023\343\351\357'z\2704\22774"
 336      95E92F13 
 336      E3E9EF27 
 336      7AB83497 
 336      3734
 337 0037 34353C78 		.ascii	"45<x\272\331j\372\212\003\214\255\314\014\014\377\231"
 337      BAD96AFA 
 337      8A038CAD 
 337      CC0C0CFF 
 337      99
 338 0048 18188D65 		.ascii	"\030\030\215e\030\015d@F,g\324d\000*}\264\361\337T^"
 338      180D6440 
 338      462C67D4 
 338      64002A7D 
 338      B4F1DF54 
 339 005d B6960620 		.ascii	"\266\226\006 P\000)\000\312\254`d\003Y\271>\350@\303"
ARM GAS  C:\Users\elias\AppData\Local\Temp\cc0Or0pr.s 			page 26


 339      50002900 
 339      CAAC6064 
 339      0359B93E 
 339      E840C3
 340 0070 FFFFCD0D 		.ascii	"\377\377\315\015\0076\012\037\334#\014\224\371\000\304"
 340      07360A1F 
 340      DC230C94 
 340      F900C4
 341 007f 20BB3E32 		.ascii	" \273>21\201h\346W\214M\007\266^\346\007\251\007\032"
 341      318168E6 
 341      578C4D07 
 341      B65EE607 
 341      A9071A
 342 0092 34ADF5D0 		.ascii	"4\255\365\320y\366/L@{\030\031\030W2\202\354\000\352"
 342      79F62F4C 
 342      407B1819 
 342      18573282 
 342      EC00EA
 343 00a5 6004A904 		.ascii	"`\004\251\004\352\223sO\315K-J,IM\211\017\316/-JN\215"
 343      EA93734F 
 343      CD4B2D4A 
 343      2C494D89 
 343      0FCE2F2D 
 344 00bc 0908CE77 		.ascii	"\011\010\316w6\215\011u\014\012\321Kf\000\000U\256B"
 344      368D0975 
 344      0C0AD14B 
 344      66000055 
 344      AE42
 345 00ce 1E       		.ascii	"\036"
 346              		.text
 347              		.section	.gnu.lto_UART_WriteControlRegister.4d82c36d,"",%progbits
 348 0000 789C6361 		.ascii	"x\234ca`d\000\201-@\254\001\304\322@\314\310\314\300"
 348      60640081 
 348      2D40AC01 
 348      C4D240CC 
 348      C8CCC0
 349 0013 C834E11C 		.ascii	"\3104\341\034\003C#\007\023##\210\321\300\301\310P\317"
 349      03432307 
 349      13232388 
 349      D1C0C1C8 
 349      50CF
 350 0025 C458CFF8 		.ascii	"\304X\317\370\225\351/\023\343\241\366g;\2314\2277\000"
 350      95E92F13 
 350      E3A1F667 
 350      3B993497 
 350      3700
 351 0037 C183A7FB 		.ascii	"\301\203\247\373\255\032V\034`lef`\370\317\0046\211"
 351      AD1A561C 
 351      606C6566 
 351      60F8CF04 
 351      3689
 352 0049 817139A3 		.ascii	"\201q9\243&H\325\331\271\215\334\314\212\214\014@\366"
 352      2648D5D9 
 352      B98DDCCC 
 352      8A8C0C40 
 352      F6
 353 005a B9653BE6 		.ascii	"\271e;\346\260\250/mhhjh\230\037\333\300\334\312\314"
ARM GAS  C:\Users\elias\AppData\Local\Temp\cc0Or0pr.s 			page 27


 353      B0A82F6D 
 353      68686A68 
 353      981FDBC0 
 353      DCCACC
 354 006d C8B88291 		.ascii	"\310\270\202\221\031\250\203\321X\206\321@\206\001("
 354      19A883D1 
 354      5886D140 
 354      860128
 355 007c C0C0B892 		.ascii	"\300\300\270\222Q\035\244\370\321\306\177Sy\331Z@\306"
 355      511DA4F8 
 355      D1C67F53 
 355      79D95A40 
 355      C6
 356 008d 2B400C65 		.ascii	"+@\014e\\\305\310\006r\346\372\240\003\015\377\3777"
 356      5CC5C806 
 356      72E6FAA0 
 356      030DFFFF 
 356      37
 357 009e 371C9828 		.ascii	"7\034\230(vp\223\030P\346\003\020\203\334\367\221\211"
 357      76709318 
 357      50E60310 
 357      83DCF791 
 357      89
 358 00af 094433BF 		.ascii	"\011D3\277bd\002\251\005;\343\003\023#H\014\250B\316"
 358      626402A9 
 358      053BE303 
 358      1323480C 
 358      A842CE
 359 00c2 3D352FB5 		.ascii	"=5/\265(\261$5%>8\277\264(95& 8\337\3314&\3241(D/\231"
 359      28B12435 
 359      253E38BF 
 359      B4283935 
 359      262038DF 
 360 00df 813D393F 		.ascii	"\201=9?\257\244(?\007\000JeL!"
 360      AFA4283F 
 360      07004A65 
 360      4C21
 361              		.text
 362              		.section	.gnu.lto_UART_SetRxInterruptMode.4d82c36d,"",%progbits
 363 0000 789C254F 		.ascii	"x\234%O\277KBQ\024>\337\271b\006EC\203\201\217\250I"
 363      BF4B4251 
 363      143EDFB9 
 363      62064543 
 363      83818FA8 
 364 0015 5C2290FE 		.ascii	"\\\"\220\376\200hh\015\255\315\210\2607\264(\210\315"
 364      8068680D 
 364      ADCD88B0 
 364      37B42888 
 364      CD
 365 0026 DEA73D9C 		.ascii	"\336\247=\234\202\026\033\202\260%\354'!\344\020D\274"
 365      82161B82 
 365      B025EC27 
 365      21E41044 
 365      BC
 366 0037 848696A2 		.ascii	"\204\206\226\242\251-\242\310A\"\224\022Z\312\316\325"
 366      A92DA2C8 
 366      41229412 
ARM GAS  C:\Users\elias\AppData\Local\Temp\cc0Or0pr.s 			page 28


 366      5ACACED5 
 367 0047 0397EF9C 		.ascii	"\003\227\357\234\303\371~\\\037\201L\215\012\204\005"
 367      C3F97E5C 
 367      1F814C8D 
 367      0A8405
 368 0056 43F2A008 		.ascii	"C\362\240\010\274}O\344\004\0300\215\016\200r\214\034"
 368      BC7D4FE4 
 368      0418308D 
 368      0E80728C 
 368      1C
 369 0067 3AFCCBA8 		.ascii	":\374\313\250\027\033\227\034\251h\251\227\367\257\230"
 369      171B971C 
 369      A968A997 
 369      F7AF98
 370 0076 A3DD3157 		.ascii	"\243\3351W\021u\271\247D\250 \"W\3277?!5\011\222\326"
 370      1175B9A7 
 370      44A82022 
 370      57D7373F 
 370      21350992 
 371 008b BBAABD8D 		.ascii	"\273\252\275\215\204\017\264\316k]]\326\312U\300!\224"
 371      840FB4CE 
 371      6B5D5DD6 
 371      CA55C021 
 371      94
 372 009c 1010B530 		.ascii	"\020\020\2650m\221,\010G\010\233\343\327\352_i\330\277"
 372      6D912C08 
 372      47089BE3 
 372      D7EA5F69 
 372      D8BF
 373 00ae 69D427FA 		.ascii	"i\324'\372\2328\206\337\244<\217y\272\333-h\257\032"
 373      9A3886DF 
 373      A43C8F79 
 373      BADB2D68 
 373      AF1A
 374 00c0 BCBD08FA 		.ascii	"\274\275\010\372$\233\241PKnL\3106\263A\325@}\267\375"
 374      249BA150 
 374      4B6E4CC8 
 374      36B341D5 
 374      407DB7FD 
 375 00d4 511A3434 		.ascii	"Q\03244\321\333q\353\017\003\337\354*\356e\371|~,\006"
 375      D1DB71EB 
 375      0F03DFEC 
 375      2AEE65F9 
 375      7C7E2C06 
 376 00e8 FAE3D69D 		.ascii	"\372\343\326\235\243}\262r;\373\315\2412\366\234MG\353"
 376      A37DB272 
 376      3BFBCDA1 
 376      32F69C4D 
 376      47EB
 377 00fa A8845138 		.ascii	"\250\204Q8\205\205\023X\342}\2062\012\212\251\211\274"
 377      85851358 
 377      E27D8632 
 377      0A8AA989 
 377      BC
 378 010b 577B6223 		.ascii	"W{b#\332\373eK\344\304M\274\307\347\355\224\235Y\315"
 378      DAFB654B 
 378      E4C44DBC 
ARM GAS  C:\Users\elias\AppData\Local\Temp\cc0Or0pr.s 			page 29


 378      C7E7ED94 
 378      9D59CD
 379 011e DA6B2BF1 		.ascii	"\332k+\361\364F&i'\026\342\351\271\231\304\322llq*I"
 379      F4462669 
 379      2716E2E9 
 379      B999C4D2 
 379      6C6C712A 
 380 0133 FEF55436 		.ascii	"\376\365T6\236I\376\003 \203m\251"
 380      9E49FE03 
 380      20836DA9 
 381              		.text
 382              		.section	.gnu.lto_UART_ReadRxData.4d82c36d,"",%progbits
 383 0000 789C9554 		.ascii	"x\234\225Tkh\\E\024\2363s\367>\366n7\361\207\"%\364"
 383      6B685C45 
 383      149E3373 
 383      F73EF66E 
 383      37F18722 
 384 0016 0186D23F 		.ascii	"\001\206\322?b-\202\177\255\202\376,\251\242bEB\272"
 384      622D827F 
 384      AD82FE2C 
 384      A9A26245 
 384      42BA
 385 0028 01411A5C 		.ascii	"\001A\032\\\022\310/3\233\335M\023\021+\324n\264F\332"
 385      12C82F33 
 385      9BDD4D13 
 385      112BD46E 
 385      B446DA
 386 003b 50EC4353 		.ascii	"P\354CS\223\265\211\272\272I\327M\037\251\215\011mi"
 386      93B589BA 
 386      BA49D74D 
 386      1FA98D09 
 386      6D69
 387 004d B62450DB 		.ascii	"\266$P\333\240\021L\320l\037\261>\222x\316\314\315\355"
 387      A0114CD0 
 387      6C1FB13E 
 387      9278CECC 
 387      CDED
 388 005f 06B6A00B 		.ascii	"\006\266\240\013w\357\3149s\276\357\234o\316=\006\003"
 388      77EFCC39 
 388      73BEEF9C 
 388      6FCE3D06 
 388      03
 389 0070 46BF7A93 		.ascii	"F\277z\223\261\347\360\335\204\017\004\031\360\367\306"
 389      B1E7F0DD 
 389      840F0419 
 389      F0F7C6
 390 007f 188BD99C 		.ascii	"\030\213\331\234\033\355\233\230\014\012\372\017\011"
 390      1BED9B98 
 390      0C0AFA0F 
 390      09
 391 008c 6E1C7A12 		.ascii	"n\034z\022w\366\374\203\2703x@\371L\345\013\200\251"
 391      77F6FC83 
 391      B8337840 
 391      F94CE50B 
 391      80A9
 392 009e 434C6E29 		.ascii	"CLn)\263\243\314\0268\332l\257,\034\000ZH\033X\013\027"
 392      B3A3CC16 
ARM GAS  C:\Users\elias\AppData\Local\Temp\cc0Or0pr.s 			page 30


 392      38DA6CAF 
 392      2C1C005A 
 392      481B580B 
 393 00b3 46C0B4D0 		.ascii	"F\300\264\320\324\002w\370\"\207\013\177\214\274\023"
 393      D40277F8 
 393      22870B7F 
 393      8CBC13
 394 00c2 DC7C54CA 		.ascii	"\334|T\312Vy=y\344\225bk\362\341\244`l\2313\330Z\005"
 394      56793D79 
 394      E495626B 
 394      F2E1A460 
 394      6C9933D8 
 395 00d8 8F555172 		.ascii	"\217UQrGa3\303\243\035\373n\034\260\305F\240\365G{/"
 395      476133C3 
 395      A31DFB6E 
 395      1CB0C546 
 395      A0F5477B 
 396 00ed FFE3561F 		.ascii	"\377\343V\037\246\260\334\251\311\212N\231\213m\300"
 396      A6B0DCA9 
 396      C98A4E99 
 396      8B6DC0
 397 00fc 383806A2 		.ascii	"88\006\2424\224\321\331k\311l\227-\036Wq\203=\227\226"
 397      3494D1D9 
 397      6BC96C97 
 397      2D1E5771 
 397      833D9796 
 398 0110 56E2B293 		.ascii	"V\342\262\223\256\354\2236\205}Z&l<\237\312\205\305"
 398      AEEC9336 
 398      857D5A26 
 398      6C3C9FCA 
 398      85C5
 399 0122 361576F8 		.ascii	"6\025v\370P\347`\310\013\353\277\027\326S&l:\275\264"
 399      50E760C8 
 399      0BEBBF17 
 399      D653266C 
 399      3ABDB4
 400 0135 7F8D9990 		.ascii	"\177\215\231\220\370\333\000'\240\032>\303\3478TSIX"
 400      F8DB0027 
 400      A01A3EC3 
 400      E7385453 
 400      4958
 401 0147 CBE760A2 		.ascii	"\313\347`\242\374\242\324\323[\223\223\313\313q\231"
 401      FCA2D4D3 
 401      5B9393CB 
 401      CB7199
 402 0156 3BB9F6CC 		.ascii	";\271\366\314\201u\017\000#'\302\242\333T\377\026\243"
 402      81750F00 
 402      2327C2A2 
 402      DB54FF16 
 402      A3
 403 0167 63364B0A 		.ascii	"c6K\012p\2243\210K\356\252eH\235\010\223\217\261y\244"
 403      70943388 
 403      4BEEAA65 
 403      489D0893 
 403      8FB179A4 
 404 017b 20A58B9C 		.ascii	" \245\213\234\323[\314@\376v\337\225\224 VL-\225\314"
 404      D35BCC40 
ARM GAS  C:\Users\elias\AppData\Local\Temp\cc0Or0pr.s 			page 31


 404      FE76DF95 
 404      9420564C 
 404      2D95CC
 405 018e 8F5BB779 		.ascii	"\217[\267yR\010UT[vh/\327[9\034\227a4e\366M,\005\016"
 405      52085554 
 405      5B76682F 
 405      D75B391C 
 405      97613465 
 406 01a7 C2C7B104 		.ascii	"\302\307\261\004$\205\001}P\005\275\200\245A\032\016"
 406      2485017D 
 406      5005BD80 
 406      A5411A0E 
 407 01b7 02FAFB4F 		.ascii	"\002\372\373O\237k\263)$\000\000_\240\007\031R\351\211"
 407      9F6BB329 
 407      2400005F 
 407      A0071952 
 407      E989
 408 01c9 231631C4 		.ascii	"#\0261\304\305*\022S\221d2sSV\313\242l\227\262\022m"
 408      C52A1253 
 408      91643273 
 408      5356CBA2 
 408      6C97B212 
 409 01de 1D42AB34 		.ascii	"\035B\2534\227\230\036s\211H\306\310nA?6\304IE5\200"
 409      97981E73 
 409      8948C6C8 
 409      6E413F36 
 409      C4494535 
 410 01f3 546C1AB8 		.ascii	"Tl\032\270\222\012kCXEsq\302\324,V9X(\017\373\245\017"
 410      920A6B43 
 410      58457371 
 410      C2D42C56 
 410      3958280F 
 411 020a FB5529EC 		.ascii	"\373U)\354q\202\265\024l\2610\343h\\\273\034./\217\373"
 411      7182B514 
 411      6CB130E3 
 411      685CBB1C 
 411      2E2F8FFB 
 412 021e B58F9B21 		.ascii	"\265\217\233!\334\033\220\230\212\357\276\007\323;\227"
 412      DC1B9098 
 412      8AEFBE07 
 412      D33B97
 413 022d F9730D89 		.ascii	"\371s\015\211\000x\233\337\200n\216\"\027\254}\223P"
 413      00789BDF 
 413      806E8E22 
 413      17AC7D93 
 413      50
 414 023e 6717B8A7 		.ascii	"g\027\270\247\030\245\241\235\006\373`\230\256\254\365"
 414      18A5A19D 
 414      06FB6098 
 414      AEACF5
 415 024d E69EB1D9 		.ascii	"\346\236\261\331\024h\177\320\253~\250\373!mpK%\266"
 415      14687FD0 
 415      AB7EA8FB 
 415      216D704B 
 415      25B6
 416 025f CB486C77 		.ascii	"\313Hlw\010Q.g\007\262\230\363\267\224\013:\367_\355"
 416      08512E67 
ARM GAS  C:\Users\elias\AppData\Local\Temp\cc0Or0pr.s 			page 32


 416      07B298F3 
 416      B7940B3A 
 416      F75FED
 417 0272 E90A6FE9 		.ascii	"\351\012o\351\225\211\230\224\235@\025\015b\035\310"
 417      95899894 
 417      9D40150D 
 417      621DC8
 418 0281 47B9C010 		.ascii	"G\271\300\020lA\251Z\345\313J\254\023$\226\213Y\304"
 418      6C41A95A 
 418      E5CB4AAC 
 418      1324968B 
 418      59C4
 419 0293 536D13B3 		.ascii	"Sm\023\263\315:\217\220\276\355\201=\243\351 \245\302"
 419      CD3A8F90 
 419      BEED813D 
 419      A3E920A5 
 419      C2
 420 02a4 B0214E21 		.ascii	"\260!N!\370\252\213\013\2210W\343\267\006\326{A\030"
 420      F8AA8B0B 
 420      913057E3 
 420      B706D67B 
 420      4118
 421 02b6 91CD758F 		.ascii	"\221\315u\217\007t\304z\310\371\322\004\330\350F\201"
 421      0774C47A 
 421      C8F9D204 
 421      D8E84681 
 422 02c6 9CB9C5C9 		.ascii	"\234\271\305\311GV\000JK\305\241\005\337\251\323En*"
 422      4756004A 
 422      4BC5A105 
 422      DFA9D345 
 422      6E2A
 423 02d8 A5F07025 		.ascii	"\245\360p%\323<\\\337\344O\013\226\327\351\377\265\353"
 423      D33C5CDF 
 423      E44F0B96 
 423      D7E9FFB5 
 423      EB
 424 02e9 F2FE350E 		.ascii	"\362\3765\016\253\362=\240\237\333\\\235p\370\177\264"
 424      ABF23DA0 
 424      9FDB5C9D 
 424      70F87FB4 
 425 02f9 C4691FEB 		.ascii	"\304i\037\353\214\337\022oy0+=p\0238\252`\364\024\212"
 425      8CDF126F 
 425      79302B3D 
 425      701338AA 
 425      60F4148A 
 426 030d 40D504E6 		.ascii	"@\325\004\346\012\237p,\310\242\342\351c\235\237I\271"
 426      0A9F702C 
 426      C8A2E2E9 
 426      639D9F49 
 426      B9
 427 031e F72BE13E 		.ascii	"\367+\341>\264g}\332s\372\033\365%\263P\262\021O2\233"
 427      B4677DDA 
 427      73FA1BF5 
 427      25B350B2 
 427      114F329B 
 428 0332 DD0D12C3 		.ascii	"\335\015\022\303_o\237\375\375%\235\224Sz6\250:i\352"
 428      5F6F9FFD 
ARM GAS  C:\Users\elias\AppData\Local\Temp\cc0Or0pr.s 			page 33


 428      FD259D94 
 428      537A36A8 
 428      3A69EA
 429 0345 DDF1EB15 		.ascii	"\335\361\353\025z{~$&\0154]\374\373\330\233j `\243\274"
 429      7A7B7E24 
 429      260D345D 
 429      FCFBD89B 
 429      6A2060A3 
 430 035a 8A53C685 		.ascii	"\212S\306\205\357q(\234W\204\027\364'\265\252O\034E"
 430      EF71289C 
 430      578417F4 
 430      27B5AA4F 
 430      1C45
 431 036c E7A8F1A3 		.ascii	"\347\250\361\243oH\231\201\251\362\026\375Y\324\337"
 431      6F489981 
 431      A9F216FD 
 431      59D4DF
 432 037b FDDBDD90 		.ascii	"\375\333\335\2207|\362z\370L\315.\374R2|F\375\341\363"
 432      377CF27A 
 432      F84CCD2E 
 432      FC52327C 
 432      46FDE1F3 
 433 038f 03F2A869 		.ascii	"\003\362\250i\363+\366\307\207\327*t\376\240\364\304"
 433      F32BF6C7 
 433      87D72A74 
 433      FEA0F4C4 
 434 039f 4B73ADAE 		.ascii	"Ks\255\256B\032\337\216\235\370\221\266\346\373\005"
 434      421ADF8E 
 434      9DF891B6 
 434      E6FB05
 435 03ae C0510894 		.ascii	"\300Q\010\224\003\212\266\356\331\310\356H\264\2661"
 435      038AB6EE 
 435      D9C8EE48 
 435      B4B631
 436 03bd B2EBB51D 		.ascii	"\262\353\265\035\015M\321\272\310\316\355;\032\236~"
 436      0D4DD1BA 
 436      C8CEED3B 
 436      1A9E7E
 437 03cc 62E70B4F 		.ascii	"b\347\013O\325<\377h\035\253|\243\241\256\246y[S}}$"
 437      D53CFF68 
 437      1DAB7CA3 
 437      A1AEA679 
 437      5B537D7D 
 438 03e1 FA62F4F5 		.ascii	"\372b\364\365\306HE\211\241&R\273\313\2146?S\333X\373"
 438      C6484589 
 438      A12652BB 
 438      CB8C363F 
 438      53DB58FB 
 439 03f5 2FA51D41 		.ascii	"/\245\035Ag"
 439      67
 440              		.text
 441              		.section	.gnu.lto_UART_ReadRxStatus.4d82c36d,"",%progbits
 442 0000 789C9592 		.ascii	"x\234\225\222\313kSQ\020\306\347;\347&ibk\272t\021\332"
 442      CB6B5351 
 442      10C6E73B 
 442      E7266962 
 442      6BBA7411 
ARM GAS  C:\Users\elias\AppData\Local\Temp\cc0Or0pr.s 			page 34


 443 0015 BA28D28D 		.ascii	"\272(\322\215\025\324?@\\\270\225\266\202`AJ\315\266"
 443      15D43F40 
 443      5CB895B6 
 443      8260414A 
 443      CDB6
 444 0027 85365DE7 		.ascii	"\2056]\347\344q\213\025\005]X7\226\242\242\361Uc|T\202"
 444      E4718B15 
 444      055D5837 
 444      96A2A2F1 
 444      55637C54 
 445 003c A297A025 		.ascii	"\242\227\240%\"D\204\202B\027\325,\202H\324F\3533\246"
 445      22448482 
 445      4217D52C 
 445      8248D446 
 445      EB33A6
 446 004f 71E65ED0 		.ascii	"q\346^\320\340\316\013\2273w\230\357;\277\231\271\026"
 446      E0CE0B97 
 446      337798EF 
 446      3BBF99B9 
 446      16
 447 0060 81E4B9A4 		.ascii	"\201\344\271\244\210\266\361\271\213_\370\010\352d\211"
 447      88B6F1B9 
 447      8B5FF808 
 447      EA6489
 448 006f 28D1A694 		.ascii	"(\321\246\224^\356'\023\262\036t\221i\327\260\274\264"
 448      5EEE2713 
 448      B21E7491 
 448      69D7B0BC 
 448      B4
 449 0080 054860DA 		.ascii	"\005H`\332@q\245-\304\361E5\024\236}+\036\017\365e\214"
 449      4071A52D 
 449      C4F14535 
 449      149E7D2B 
 449      1E0FF565 
 450 0095 499AD717 		.ascii	"I\232\327\027?\037\252%\355-\266&j*\302\316\010vD\304"
 450      3F1FAA25 
 450      ED2DB626 
 450      6A2AC2CE 
 450      087644C4 
 451 00a9 3B833EE2 		.ascii	";\203>\342\322\267\266Y\010\352\255\220\370\324}\307"
 451      D2B7B659 
 451      08EAAD90 
 451      F8D47DC7 
 452 00b9 69EFBD20 		.ascii	"i\357\275 2g~5|\3068\211\036\326\3412t\253\224\244\266"
 452      32677E35 
 452      7CC63889 
 452      1ED6E132 
 452      74AB94A4 
 453 00ce 9CDB38DD 		.ascii	"\234\3338\335\341O\033~zp\005\275b\316\256W\341\347"
 453      E14F1B7E 
 453      7A7005BD 
 453      62CEAE57 
 453      E1E7
 454 00e0 3E2099EC 		.ascii	"> \231\354\200c\232\315\224q\346\272\237\274\352\016"
 454      80639ACD 
 454      9471E6BA 
 454      9FBCEA0E 
ARM GAS  C:\Users\elias\AppData\Local\Temp\cc0Or0pr.s 			page 35


 455 00f0 82246991 		.ascii	"\202$i\221\255\245-\016\375\022\006\334\220h\215\325"
 455      ADA52D0E 
 455      FD1206DC 
 455      90688DD5 
 456 0100 D2494D29 		.ascii	"\322IM)9u\005\205\237\307J\215!1Li\213/\234\265\013"
 456      39750585 
 456      9FC74A8D 
 456      21314C69 
 456      8B2F9CB5 
 457 0115 CF03EBCA 		.ascii	"\317\003\353\312\326\312e}q~\343\341f\357\363}1a\244"
 457      D6CA657D 
 457      717EE3E1 
 457      66EFF37D 
 457      3161A4
 458 0128 62C93991 		.ascii	"b\3119\221\3314\217\271D\032\266\326\270\216\010\256"
 458      D9348FB9 
 458      441AB6D6 
 458      B88E08AE 
 459 0138 8181B180 		.ascii	"\201\201\261\200yP\005\251_\323\217\225g\350\363<\353"
 459      795005A9 
 459      5FD38F95 
 459      67E8F33C 
 459      EB
 460 0149 C5CAA3B0 		.ascii	"\305\312\243\260\230\020\232\204\033\\\\\206[!P\\\305"
 460      98109A84 
 460      1B5C5C86 
 460      5B21505C 
 460      C5
 461 015a A2C26CEE 		.ascii	"\242\302l\356C&\350\251\374\255\030\226\213\221\317"
 461      4326E8A9 
 461      FCAD1896 
 461      8B91CF
 462 0169 575702F1 		.ascii	"WW\002\361\2069jL'\347f\2647\235j\272\\rQLB\362>\334"
 462      86396A4C 
 462      27E766B4 
 462      379D6ABA 
 462      5C72514C 
 463 0181 E4D5645D 		.ascii	"\344\325d]\230\234\300\274Az%5\366\3275[\315\377\350"
 463      989CC0BC 
 463      417A2535 
 463      F6D7355B 
 463      CDFFE8
 464 0194 1057F098 		.ascii	"\020W\360\230n\301\233rMiZ\356\347Q\244\276O\177m\034"
 464      6EC19B72 
 464      4D695AEE 
 464      E751A4BE 
 464      4F7F6D1C 
 465 01a8 F4AA038C 		.ascii	"\364\252\003\214\305\202\305\312\323\245\220'0\300\355"
 465      C582C5CA 
 465      D3A59027 
 465      30C0ED
 466 01b7 7FC90342 		.ascii	"\177\311\003B\276\276\366\361\236K\376\037\234w\376"
 466      BEBEF6F1 
 466      9E4BFE1F 
 466      9C77FE
 467 01c6 70DE65CE 		.ascii	"p\336e\316\326~}L\266\350\222\325\224\345\356\250\214"
 467      D67E7D4C 
ARM GAS  C:\Users\elias\AppData\Local\Temp\cc0Or0pr.s 			page 36


 467      B6E892D5 
 467      94E5EEA8 
 467      8C
 468 01d7 642779F7 		.ascii	"d'y\367\201\336!\351\274\\\015{\220\362+\177\002\030"
 468      81DE21E9 
 468      BC5C0D7B 
 468      90F22B7F 
 468      0218
 469 01e9 559DAD9F 		.ascii	"U\235\255\237\3433\240\253\365\034x\313\020%\357\272"
 469      E333A0AB 
 469      F51C78CB 
 469      1025EFBA 
 470 01f9 6B5F742C 		.ascii	"k_t,:1\022\213\0369<8>51\032\035\336?8\276w\367\360"
 470      3A31128B 
 470      1E393C38 
 470      3E35311A 
 470      1DDE3F38 
 471 0211 813D0343 		.ascii	"\201=\003C\333G\311?\031\033\211MM\376\006\212\305\363"
 471      DB47C93F 
 471      191B894D 
 471      4DFE068A 
 471      C5F3
 472 0223 BF       		.ascii	"\277"
 473              		.text
 474              		.section	.gnu.lto_UART_GetChar.4d82c36d,"",%progbits
 475 0000 789C9555 		.ascii	"x\234\225U]L\034U\024\276gfvgvf\331\245F\033\037\010"
 475      5D4C1C55 
 475      14BE6766 
 475      76677666 
 475      D9A5461B 
 476 0016 5263D3F4 		.ascii	"Rc\323\364Em\215\211\257V\243\017\276(h\214I\215A\272"
 476      456D8D89 
 476      AF56A30F 
 476      BE28688C 
 476      498D41BA 
 477 002a 4D4C4C09 		.ascii	"MLL\011\353\222\360T\356\376\260\200A\253A`\021L\213"
 477      EB92F054 
 477      EEFEB080 
 477      41AB4160 
 477      114C8B
 478 003d 35A1B5B4 		.ascii	"5\241\265\264\260\205Z\321\005V\250\224Z\012\245m\332"
 478      B0855AD1 
 478      0556A894 
 478      5A0AA56D 
 478      DA
 479 004e 2654A44B 		.ascii	"&T\244KK\243\256\010\025\001\265\005\317\275wfX\315"
 479      4BA3AE08 
 479      1501B505 
 479      CFBD7766 
 479      58CD
 480 0060 36D14D66 		.ascii	"6\321Mfw\346\374|\347;\347|sW!@\330\347\212J\310K\370"
 480      77E6FC7C 
 480      E73BE77C 
 480      73572140 
 480      D8E78A4A 
 481 0077 5B8F17B8 		.ascii	"[\217\027\270\011H\037\214\021\022\324$I\251\331B\250"
 481      09481F8C 
ARM GAS  C:\Users\elias\AppData\Local\Temp\cc0Or0pr.s 			page 37


 481      1112D424 
 481      49A9D942 
 481      A8
 482 0088 2EB36FB7 		.ascii	".\263o\267,)\007\236\302'm\376\001|R$\007\3679\271\317"
 482      2C29079E 
 482      C2276DFE 
 482      017C5224 
 482      07F739B9 
 483 009d 014E91E2 		.ascii	"\001N\221\342\224Tn6\270Y\005C\2305\311u\3511fN\344"
 483      94546E36 
 483      B8590543 
 483      9835C975 
 483      E931664E 
 484 00b2 A3D925E9 		.ascii	"\243\331%\351\031O\272\025d\000\260\033\252\001\251"
 484      194FBA15 
 484      6400B01B 
 484      AA01A9
 485 00c1 9464C5E1 		.ascii	"\224d\305\341T5\227n@%\374.\335\225\340\354\362H\235"
 485      5435976E 
 485      4025FC2E 
 485      DD95E0EC 
 485      F2489D
 486 00d4 BEB59DD2 		.ascii	"\276\265\235\322\020\235\256:\342n9v\236\312U2!k\022"
 486      109DAE3A 
 486      E26E3976 
 486      9ECA5532 
 486      216B12
 487 00e7 8127F2E0 		.ascii	"\201'\362\340\361<\306\275\035\266\022\214\255\255\277"
 487      F13CC6BD 
 487      1DB6128C 
 487      ADADBF
 488 00f6 FEB1266F 		.ascii	"\376\261&o\002v\337\262\357\342\035c\363A\226\227\\"
 488      0276DFB2 
 488      EFE21D63 
 488      F3419697 
 488      5C
 489 0107 4E552C84 		.ascii	"NU,\204h\214*\230\010\207@\316\314%,x\252*\321\252\311"
 489      688C2A98 
 489      088740CE 
 489      CC252C78 
 489      AA2AD1AA 
 490 011c DB79625F 		.ascii	"\333yb_\307\205U+q\361\315&\232\014\026\260\264\317"
 490      C785552B 
 490      71F1CD26 
 490      9A0C16B0 
 490      B4CF
 491 012e B3A47D38 		.ascii	"\263\244}8\360\331G\016y\007O\213\237\233\277)\233i"
 491      F0D9470E 
 491      79074F8B 
 491      9F9BBF29 
 491      9B69
 492 0140 53EB691D 		.ascii	"S\353i\035Y\322\306\007\033\223\036\371\005\236v\360"
 492      59D2C607 
 492      1B931EF9 
 492      059E76F0 
 493 0150 40539FDB 		.ascii	"@S\237\333L\273\266\236v,KZ*\276\332\220\343\214P\374"
 493      4CBBB69E 
ARM GAS  C:\Users\elias\AppData\Local\Temp\cc0Or0pr.s 			page 38


 493      762C4B5A 
 493      2ABEDA90 
 493      E38C50FC 
 494 0164 1440276C 		.ascii	"\024@'l\206\243x\035\301\3530lf\343\3009t\201\0237\253"
 494      86A3781D 
 494      C1EB306C 
 494      66E3C039 
 494      74811337 
 495 0179 FCDBDB59 		.ascii	"\374\333\333Y\230\244kka\232\234|x\242\3467\367\375"
 495      98A46B6B 
 495      619A9C7C 
 495      78A2E637 
 495      F7FD
 496 018b 405804E2 		.ascii	"@X\004\342\243_!XO\345\267\032a\301.4\200NX\276\301"
 496      A35F2158 
 496      4FE5B71A 
 496      61C12E34 
 496      804E58BE 
 497 01a0 7C6E1E9C 		.ascii	"|n\036\234\203\267\222\207\337zy\360\006\026F\310<\326"
 497      83B79287 
 497      DF7A79F0 
 497      061646C8 
 497      3CD6
 498 01b2 65DB5B90 		.ascii	"e\333[\220$\366+\247 \224\374>\265\002\234\012\006#"
 498      24F62BA7 
 498      2094FC3E 
 498      B5029C0A 
 498      0623
 499 01c4 EFC6AAC1 		.ascii	"\357\306\252\301quQbm\021\210C\036\231\205\301\305\256"
 499      71755162 
 499      6D118843 
 499      1E9985C1 
 499      C5AE
 500 01d6 1F62DB59 		.ascii	"\037b\333YL\246_\346\023\211&\372\367I\342\221\016\205"
 500      4CA65FE6 
 500      138926FA 
 500      F749E291 
 500      0E85
 501 01e8 A9074DBD 		.ascii	"\251\007M\275\365\227W\035\373\341\223`\004\252d\005"
 501      F597571D 
 501      FBE19360 
 501      04AA6405 
 502 01f8 BA210F8E 		.ascii	"\272!\017\216#\016\201\036\330\017\350\3579u:\252\261"
 502      230E811E 
 502      D80FE8EF 
 502      39753AAA 
 502      B1
 503 0209 1407009C 		.ascii	"\024\007\000\234\020\025\032\3437b\001V!,\253\231E\234"
 503      10151AE3 
 503      37620156 
 503      212CAB99 
 503      459C
 504 021b BC486F6F 		.ascii	"\274HoozR\255\274Kk(\315E[\255,F\234\216\244\306\014"
 504      7A52ADBC 
 504      4B6B28CD 
 504      455BAD2C 
 504      469C8EA4 
ARM GAS  C:\Users\elias\AppData\Local\Temp\cc0Or0pr.s 			page 39


 505 0231 56880699 		.ascii	"V\210\006\231]\205\223(\303/x\251/\261\024I\201\304"
 505      5D859328 
 505      C32F78A9 
 505      2FB11449 
 505      81C4
 506 0243 1BC3FE11 		.ascii	"\033\303\376\021\226\227\231\270\361\240\250\242e\203"
 506      969799B8 
 506      F1A0A8A2 
 506      6583
 507 0251 85ECB0BD 		.ascii	"\205\354\260\2756\354W\231\260\207\031\254\306a\027"
 507      36EC5799 
 507      B08719AC 
 507      C66117
 508 0260 6EC65A41 		.ascii	"n\306ZA\000\273\262\001K\331\201\277\266\201\023\014"
 508      00BBB201 
 508      4BD981BF 
 508      B681130C 
 509 0270 F83A4426 		.ascii	"\370:D&\303{\326a:\323\275\177\344\260)\000\256\242"
 509      C37BD661 
 509      3AD3BD7F 
 509      E4B02900 
 509      AEA2
 510 0282 0F84B416 		.ascii	"\017\204\264\026$\231\324l\221y\354\222d\216\214\361"
 510      2499D46C 
 510      9179EC92 
 510      648E8CF1 
 511 0292 104E85C4 		.ascii	"\020N\205\304\206\210<\013\241\333\325su3\367\011\177"
 511      86883C0B 
 511      A1DBD573 
 511      7533F709 
 511      7F
 512 02a3 8ED97E7F 		.ascii	"\216\331~\177\333Fa\360d\316X\3132c\255V\226\263qv\301"
 512      DB4661F0 
 512      64CE58CB 
 512      3263AD56 
 512      96B37176 
 513 02b8 0072EE67 		.ascii	"\000r\356g\\\320\331p\265\243\325\263\255\223F\202\224"
 513      5CD0D970 
 513      B5A3D5B3 
 513      AD934682 
 513      94
 514 02c9 3601EB28 		.ascii	"6\001\353(\211}`=\306\005\276\201m8\253\020}\315R\027"
 514      897D603D 
 514      C605BE81 
 514      6D38AB10 
 514      7DCD5217 
 515 02dd D64516E1 		.ascii	"\326E\026\341\306\350R]\330+\210x\305\276OT\217\306"
 515      C6E8525D 
 515      D82B8878 
 515      C5BE4F54 
 515      8FC6
 516 02ef 75213A80 		.ascii	"u!:\200AD\377\307\352\274l2W\303\003\303\013\262\231"
 516      4144FFC7 
 516      EABC6C32 
 516      57C303C3 
 516      0BB299
 517 0302 85298964 		.ascii	"\205)\211d\333\270C\244<\004C\366p\034dt\023\227u\367"
ARM GAS  C:\Users\elias\AppData\Local\Temp\cc0Or0pr.s 			page 40


 517      DBB843A4 
 517      3C0443F6 
 517      701C6474 
 517      139775F7 
 518 0316 CC886241 		.ascii	"\314\210bAp\0353\257\223O\007\335\271D@KB|s\261\275"
 518      701D33AF 
 518      934F07DD 
 518      B944404B 
 518      427C73B1 
 519 032b A6BCFFAB 		.ascii	"\246\274\377\253\324N\331\253\373\226\267l\002\375\032"
 519      D44ED9AB 
 519      FB96B76C 
 519      02FD1A
 520 033a EB3275B0 		.ascii	"\3532u\260\341\177\350`\330\006;m\353`\257\011c-\376"
 520      E17FE860 
 520      D8063B6D 
 520      EB60AF09 
 520      632DFE
 521 034d 3648D8B8 		.ascii	"6H\330\270\222n\216\346\263v\034\255-\303\217`G*\353"
 521      926E8EE6 
 521      B3761CAD 
 521      2DC38F60 
 521      472AEB
 522 0360 97BFA28B 		.ascii	"\227\277\242\213\261\343p\257&\356Qw\304\256{F\274\232"
 522      B1E370AF 
 522      26EE5177 
 522      C4AE7B46 
 522      BC9A
 523 0372 B6265454 		.ascii	"\266&TT\334w\346\3204\262\242\263\022\177\276;\025\033"
 523      DC77E6D0 
 523      34B2A2B3 
 523      127FBE3B 
 523      151B
 524 0384 32042D3D 		.ascii	"2\004-=3X\347\002\232\370t\265\337#\036\177\031\011"
 524      3358E702 
 524      9AF874B5 
 524      DF231E7F 
 524      1909
 525 0396 52054DC3 		.ascii	"R\005M\303\311\367\332yA&\2202<\202\014\030\305\323"
 525      C9F7DA79 
 525      41269032 
 525      3C820C18 
 525      C5D3
 526 03a8 E02C2F79 		.ascii	"\340,/yN\274K!\372:_\323Q\266\016\235\351\343\316s$"
 526      4EBC4B21 
 526      FA3A5FD3 
 526      51B60E9D 
 526      E9E3CE73 
 527 03bd 2C2BA246 		.ascii	",+\242F\365\217\264O\021[.\2001\314\343\263\351\036"
 527      F58FB44F 
 527      115B2E80 
 527      31CCE3B3 
 527      E91E
 528 03cf B594A098 		.ascii	"\265\224\240\230\253e<]\344\262S\360\\\212\205=\302"
 528      AB653C5D 
 528      E4B253F0 
 528      5C8A853D 
ARM GAS  C:\Users\elias\AppData\Local\Temp\cc0Or0pr.s 			page 41


 528      C2
 529 03e0 EF468CC9 		.ascii	"\357F\214\311\367\307\247\275\202\330\031\223\330\304"
 529      F7C7A7BD 
 529      82D81993 
 529      D8C4
 530 03ee 5F87CA2C 		.ascii	"_\207\312,^\345\234\327\270\315\353\274\305\253l]\267"
 530      5EE59CD7 
 530      B8CDEBBC 
 530      C5AB6C5D 
 530      B7
 531 03ff 6E9B9721 		.ascii	"n\233\227!xEj\227\257\270\004\257|\230\260x\315\214"
 531      78456A97 
 531      AFB804AF 
 531      7C98B078 
 531      CD8C
 532 0411 C61DA2AE 		.ascii	"\306\035\242\256\221\301K'\265\012\227\344\311\331i"
 532      91C14B27 
 532      B50A97E4 
 532      C9D969
 533 0420 D9C2B425 		.ascii	"\331\302\264%iX\007q.\021\265@\234\270\227\232\255\023"
 533      69580771 
 533      2E11B540 
 533      9CB8979A 
 533      AD13
 534 0432 B7A76D6E 		.ascii	"\267\247mn\305m\036\261\203\342\210\235\374y\351V\306"
 534      C56D1EB1 
 534      83E2889D 
 534      FC79E956 
 534      C6
 535 0443 117BC13E 		.ascii	"\021{\301>b/\"y~\246\376\204\365\232n\255\230b\004."
 535      622F2279 
 535      7EA6FE84 
 535      F59A6EAD 
 535      9862042E 
 536 0457 2094A947 		.ascii	" \224\251G\275\326\034\335\310\212k\351\206a|\373\334"
 536      BDD61CDD 
 536      C88A6BE9 
 536      86617CFB 
 536      DC
 537 0468 AE743C9A 		.ascii	"\256t<\232\307\014z\242;\232\217\021N\026\201\377\024"
 537      C70C7AA2 
 537      3B9A8F11 
 537      4E1681FF 
 537      14
 538 0479 C088A170 		.ascii	"\300\210\241p\362\237\367\355\361\371\213\003\276]o"
 538      F29FF7ED 
 538      F1F98B03 
 538      BE5D6F
 539 0488 149596FB 		.ascii	"\024\225\226\373K|;_,*}\346\311\235\257<]\370\362\243"
 539      4B7C3B5F 
 539      2C2A7DE6 
 539      C99DAF3C 
 539      5DF8F2A3 
 540 049c 2524F7ED 		.ascii	"%$\367\355\322\222\302\212\035\345\273w\373\374\257"
 540      D292C28A 
 540      1DE5BB77 
 540      FBFCAF
ARM GAS  C:\Users\elias\AppData\Local\Temp\cc0Or0pr.s 			page 42


 541 04ab FADF0AF8 		.ascii	"\372\337\012\370\274\031\206B_\361.\315_Q\024(\016\224"
 541      BC198642 
 541      5FF12ECD 
 541      5F511428 
 541      0E94
 542 04bd BFE3F457 		.ascii	"\277\343\364W<[\034(\376\033u$\304\301"
 542      3C5B1C28 
 542      FE1B7524 
 542      C4C1
 543              		.text
 544              		.section	.gnu.lto_UART_GetByte.4d82c36d,"",%progbits
 545 0000 789C9552 		.ascii	"x\234\225RMhSA\020\336o7?//i\355\315\203E\364P\244\027"
 545      4D685341 
 545      10DE6F37 
 545      3F2F2F69 
 545      EDCD8345 
 546 0018 05C1BB22 		.ascii	"\005\301\273\"\342U\032\275\025\244\304\334\304@L\317"
 546      E2551ABD 
 546      15A4C4DC 
 546      C4404CCF 
 547 0028 D9E63551 		.ascii	"\331\3465QO\012b\017\301R\212bc\375IZ\343OT$\344\007"
 547      4F0A620F 
 547      C1528A62 
 547      63FD495A 
 547      E34F5424 
 548 003e 41835A45 		.ascii	"A\203ZE=\364\"=\244RE\322\022\333^\2228\363^\010\025"
 548      3DF4223D 
 548      A45245D2 
 548      12DB5E92 
 548      38F35E08 
 549 0053 4F2E2CBB 		.ascii	"O.,\2733;\363}\363\315\216K@\360\332\224B\034\242s\017"
 549      333BF37D 
 549      F3CD8E4B 
 549      40F0DA94 
 549      421CA273 
 550 0068 6D280179 		.ascii	"m(\001y\355\235\020\023\206\004\370\242\015\210\270"
 550      ED9D1013 
 550      8604F8A2 
 550      0D88B8
 551 0077 441CBF65 		.ascii	"D\034\277eK\242\332\331*\356j\312$\207\221\371\261Q"
 551      4BA2DAD9 
 551      2AEE6ACA 
 551      248791F9 
 551      B151
 552 0089 9BF6B309 		.ascii	"\233\366\263\011\014\2209\177;\273a\014\317i\235\320"
 552      0C90397F 
 552      3BBB610C 
 552      CF699DD0 
 553 0099 DFAAEDC0 		.ascii	"\337\252\355\300\315\334\007\355N*):R \203A\314a\220"
 553      CDDC07ED 
 553      4E2A293A 
 553      52208341 
 553      CC6190
 554 00ac 39EE6258 		.ascii	"9\356bXP\364\333\332\354n\265\037|]\372\264X\366\015"
 554      50F4DBDA 
 554      EC6EB51F 
 554      7C5DFAB4 
ARM GAS  C:\Users\elias\AppData\Local\Temp\cc0Or0pr.s 			page 43


 554      58F60D
 555 00bf DDE2C462 		.ascii	"\335\342\304bk\365h\302\322\031\355\242L\314C\375\235"
 555      6BF568C2 
 555      D219EDA2 
 555      4CCC43FD 
 555      9D
 556 00d0 2C387C65 		.ascii	",8|e\241}\243\3173\251i\355\303=\0141\001\341\336\207"
 556      A17DA3CF 
 556      33A969ED 
 556      C33D0C31 
 556      01E1DE87 
 557 00e4 8714813D 		.ascii	"\207\024\201=\331\221\242\356t,]\334:\260\224\271\323"
 557      D991A2EE 
 557      742C5DDC 
 557      3AB094B9 
 557      D3
 558 00f5 175022A9 		.ascii	"\027P\"\251\224K\360\223\227\256.\037\333&\337\374\202"
 558      944BF093 
 558      97AE2E1F 
 558      DB26DFFC 
 558      82
 559 0106 2B140DDA 		.ascii	"+\024\015\332,w]J>U\035\245f\256\222>\314\240\3048\225"
 559      2C775D4A 
 559      3E551DA5 
 559      66AE923E 
 559      CCA0C438 
 560 011b 2CBDF7B2 		.ascii	",\275\367\262P\267]o\352\345\253\253\3221u\331\322\375"
 560      50B75D6F 
 560      EAE5ABAB 
 560      D23175D9 
 560      D2FD
 561 012d E42A5CFF 		.ascii	"\344*\\\377\322v\317`zb\022I\345\301C\252\370\001W\214"
 561      D276CF60 
 561      7A621249 
 561      E5C143AA 
 561      F801578C 
 562 0141 2C6640EF 		.ascii	",f@\357\371\312\353\224\301)^\0009z\251#1\265^I\307"
 562      F9CAEB94 
 562      C1295E00 
 562      397AA923 
 562      31B55E49 
 563 0156 98C1526A 		.ascii	"\230\301Rj'\211a\223\024\012?\227\275\361\226\276\254"
 563      27896193 
 563      140A3F97 
 563      BDF196BE 
 563      AC
 564 0167 F500F9AE 		.ascii	"\365\000\371\256(G\374Z\355s\305d\"m\373}X\244\317Y"
 564      2847FC5A 
 564      ED73C564 
 564      226DFB7D 
 564      58A4CF59 
 565 017b B0A91E11 		.ascii	"\260\251\036\021\025\343n\\\252(\007\326E\310b\005\322"
 565      15E36E5C 
 565      AA2807D6 
 565      45C86205 
 565      D2
 566 018c EE0D8927 		.ascii	"\356\015\211'\017\0074sU\207\370?h\362=\232\307\216"
ARM GAS  C:\Users\elias\AppData\Local\Temp\cc0Or0pr.s 			page 44


 566      0F073473 
 566      5587F83F 
 566      68F23D9A 
 566      C78E
 567 019e A25EB93E 		.ascii	"\242^\271>\010<\261\025\225\232\215j\257g\371\331_\333"
 567      083CB115 
 567      959A8D6A 
 567      AF67F9D9 
 567      5FDB
 568 01b0 816E934A 		.ascii	"\201n\223JN\223\226\177l\256\356h\322\323^\223\236\021"
 568      4E93967F 
 568      6CAEEE68 
 568      D2D35E93 
 568      9E11
 569 01c2 64B72B56 		.ascii	"d\267+V#U\317\224M\247~/\025Ly\351\027\3157n\2062a\240"
 569      2355CF94 
 569      4DA77E2F 
 569      154C79E9 
 569      17CD376E 
 570 01da 4061DF61 		.ascii	"@a\337a\351\257pb|\377\210\360w$\017\302s\304\351s\003"
 570      E9AF7062 
 570      7CFF88F0 
 570      77240FC2 
 570      73C4E973 
 571 01ef DD8E4827 		.ascii	"\335\216H'\332\244\004f\331\3668\266\337&1\305\032\272"
 571      DAA40466 
 571      D9F638B6 
 571      DF2631C5 
 571      1ABA
 572 0201 017E1EB2 		.ascii	"\001~\036\262\006\001\320\030\320P\354=\031\276\020"
 572      0601D018 
 572      D050EC3D 
 572      19BE10
 573 0210 8E8EC5C2 		.ascii	"\216\216\305\302\347\316\006#\343\321Px\364T0r\374\310"
 573      E7CE0623 
 573      E3D15078 
 573      F4543072 
 573      FCC8
 574 0222 E8996323 		.ascii	"\350\231c#\247\017\206D\377\371H\350D4\032\211\006c"
 574      A70F8644 
 574      FFF948E8 
 574      44341A89 
 574      0663
 575 0234 63B1F18B 		.ascii	"c\261\361\213\177\000\343*\022="
 575      7F00E32A 
 575      123D
 576              		.text
 577              		.section	.gnu.lto_UART_GetRxBufferSize.4d82c36d,"",%progbits
 578 0000 789C9554 		.ascii	"x\234\225T[HTA\030\236\177\346\334\324]\265\007\211"
 578      5B485441 
 578      189E7FE6 
 578      DCD45DB5 
 578      0789
 579 0012 48C4021F 		.ascii	"H\304\002\037$\250\350\002\276F\017\275\206\332\233"
 579      24A8E802 
 579      BE460FBD 
 579      86DA9B
ARM GAS  C:\Users\elias\AppData\Local\Temp\cc0Or0pr.s 			page 45


 580 0021 10611BF4 		.ascii	"\020a\033\364\242`\005\021\221\263\356\245\202\240\""
 580      A2600511 
 580      91B3EEA5 
 580      82A022
 581 0030 92700DCD 		.ascii	"\222p\015\315\036\2642/e\326\346\245\315K\006\206\025"
 581      1EB4322F 
 581      65D6E6A5 
 581      CD4B0686 
 581      15
 582 0041 640F195D 		.ascii	"d\017\031]\026\263\322Ev\303[\204\332?s\316\236\266"
 582      16B3D245 
 582      76C35B84 
 582      DA3F73CE 
 582      9EB6
 583 0053 655FF6C0 		.ascii	"e_\366\300\371\317\234\357\314|\337\367\3773\347W\010"
 583      F9CF9CEF 
 583      CC7CDFF7 
 583      FF33E757 
 583      08
 584 0064 1071F955 		.ascii	"\020q\371UB\212\360y\014o\310 @\257L\020\3426(e\321"
 584      428AF079 
 584      0C6FC820 
 584      40AF4C10 
 584      E2362865 
 585 0079 3CC233D5 		.ascii	"<\3023\325\346\022\302\035\214\032\355{\360M\231\336"
 585      E612C21D 
 585      8C1AED7B 
 585      F04D99DE 
 586 0089 846F0A18 		.ascii	"\204o\012\030\346$\225j\375\005\010\353\357v \254\305"
 586      E624956A 
 586      FD0508EB 
 586      EF7620AC 
 586      C5
 587 009a 613D3E30 		.ascii	"a=>0\000\304\200\033@j)STM7\240\026\026\351*\205\361"
 587      00C4801B 
 587      406A2953 
 587      544D37A0 
 587      1616E92A 
 588 00b0 E5979732 		.ascii	"\345\227\2272\213[9\257\343_\276\365:\003\035o8\363"
 588      8B5B39AF 
 588      E35FBEF5 
 588      3A031D6F 
 588      38F3
 589 00c2 3142D629 		.ascii	"1B\326)\201\335\371\2603_\330i\205b\202s[\334\223\343"
 589      81DDF9B0 
 589      335FD869 
 589      85628273 
 589      5BDC93E3 
 590 00d6 4EB605C4 		.ascii	"N\266\005\3048\362iy&\243\350\266X\027\032\230;\035"
 590      38F26979 
 590      26A3E8B6 
 590      58171A98 
 590      3B1D
 591 00e8 ABE337B8 		.ascii	"\253\3437\270\202\013\241\015X\342Z\"&\207\273\327\256"
 591      820BA10D 
 591      58E25A22 
 591      2687BBD7 
ARM GAS  C:\Users\elias\AppData\Local\Temp\cc0Or0pr.s 			page 46


 591      AE
 592 00f9 3B352FC7 		.ascii	";5/\307\253\020\356@\221`G\332\273\240a\356 \220\316"
 592      AB10EE40 
 592      916047DA 
 592      BBA061EE 
 592      2090CE
 593 010c D2105F5F 		.ascii	"\322\020__\367\360P\337\266\267?f\235\033\200\010T!"
 593      F7F050DF 
 593      B6B73F66 
 593      9D1B8008 
 593      5421
 594 011e 3E06AA08 		.ascii	">\006\252\010\232\010\272\010\206\010\031\"d\212\220"
 594      9A08BA08 
 594      86081922 
 594      648A90
 595 012d 25273AC4 		.ascii	"%':\304\320)B\266\0109\022$$\2122\"\361\030\245\342"
 595      D02942B6 
 595      08391224 
 595      248A3222 
 595      F118A5E2 
 596 0141 C9666068 		.ascii	"\311f`h!\272\330\260K(\243\255z\337\320k}\201\372\030"
 596      21BAD8B0 
 596      4B28A3AD 
 596      7ADFD06B 
 596      7D81FA18 
 597 0155 9529F9FB 		.ascii	"\225)\371\373\007/S\363\225\017{x6B\301k\357\327\324"
 597      072F53F3 
 597      950F7B78 
 597      3642C16B 
 597      EFD7D4
 598 0168 26B8E9F6 		.ascii	"&\270\351\366\202\2171h\207|\270\007\230\026\334\207"
 598      828F3168 
 598      877CB807 
 598      9816DC87 
 599 0178 26C0EF3D 		.ascii	"&\300\357=#c~C,Q\000\240\003\277\240B}l\251\341\254"
 599      23637E43 
 599      2C5100A0 
 599      03BFA042 
 599      7D6CA9E1 
 600 018d 50F03025 		.ascii	"P\3600%QD\225\"\301`dJ\257]\345\0278\317E\354\"3+\024"
 600      51449522 
 600      C160644A 
 600      AF5DE517 
 600      38CF45EC 
 601 01a5 F18627B2 		.ascii	"\361\206'\262\204\020w\013\\\203.\334\240N)\325\215"
 601      8410770B 
 601      5C832EDC 
 601      A04E29D5 
 601      8D
 602 01b6 5292174C 		.ascii	"R\222\027LR5\025\013\244fy`\263<\024,_\301\373\301S"
 602      5235150B 
 602      A4667960 
 602      B33C142C 
 602      5FC1FBC1 
 603 01cb 65794326 		.ascii	"eyC&\271?1\312H4\217I\347\313\015]\226\212\226J\205"
 603      B93F31CA 
 603      48348F49 
ARM GAS  C:\Users\elias\AppData\Local\Temp\cc0Or0pr.s 			page 47


 603      E7CB0D5D 
 603      968A964A 
 604 01e0 A656E9B1 		.ascii	"\246V\351\261U\036Y*S\236s\377h:#\301\337NQ\001\300"
 604      551E592A 
 604      539E73FF 
 604      683A23C1 
 604      DF4E5101 
 605 01f5 5DED857C 		.ascii	"]\355\205|KU!\215:\013C]\350\317\\\224\312\263\200{"
 605      4B55218D 
 605      3A0B435D 
 605      E8CF5C94 
 605      CAB3807B 
 606 0209 965830FC 		.ascii	"\226X0\3741\340\261\234\036\243*i.\221\026\273G\002"
 606      31E0B19C 
 606      1EA32A69 
 606      2E9116BB 
 606      4702
 607 021b F142E869 		.ascii	"\361B\350i\224\363\211m1\230TN#\215r>\265Y\372\254D"
 607      94F3896D 
 607      3198544E 
 607      238D723E 
 607      B559FAAC 
 608 0230 273C2D71 		.ascii	"'<-q7Hee\246\221\025\263\236\335\243\201r\363kF\032"
 608      37486565 
 608      A69115B3 
 608      9EDDA381 
 608      72F36B46 
 609 0245 2AFDB6CA 		.ascii	"*\375\266\312@\222\327\31442\036\264Y\236\231,\236\033"
 609      4092D7CC 
 609      34321EB4 
 609      599E992C 
 609      9E1B
 610 0257 9AC99285 		.ascii	"\232\311\222\205v\220\213\204\301.;\202\322\271N\332"
 610      76908B84 
 610      C12E3B82 
 610      D2B94EDA 
 611 0267 B64AE757 		.ascii	"\266J\347W\3076\233\223\035i\030\017\331\222\317\223"
 611      C7369B93 
 611      1D69180F 
 611      D992CF93 
 612 0277 8C3BD330 		.ascii	"\214;\3230>d\263\014'\031\317F;\310%\240z\013\312A\024"
 612      3E64B30C 
 612      2719CF46 
 612      3BC825A0 
 612      7A0BCA41 
 613 028c 49CEFFE4 		.ascii	"I\316\377\344\003\212yf\012a\004\027\377\227[\216\314"
 613      038A7966 
 613      0A610417 
 613      FF975B8E 
 613      CC
 614 029d CD902D00 		.ascii	"\315\220-\000\017\\.1a\351p!\372*\020\357\007=\267\346"
 614      0F5C2E31 
 614      61E97021 
 614      FA2A10EF 
 614      073DB7E6 
 615 02b1 571C5603 		.ascii	"W\034V\003\0302\033\300\324\334\322\367\204\0060j7\200"
 615      18321BC0 
ARM GAS  C:\Users\elias\AppData\Local\Temp\cc0Or0pr.s 			page 48


 615      D4DCD2F7 
 615      8406306A 
 615      3780
 616 02c3 17E84DFE 		.ascii	"\027\350M\376\361\263x\202'\347W\254DE/\377\205\275"
 616      F1B37882 
 616      27E757AC 
 616      44452FFF 
 616      85BD
 617 02d5 00CFADF2 		.ascii	"\000\317\255\362\361\263\177#\026Vk\217\371\363\320"
 617      F1B37F23 
 617      16566B8F 
 617      F9F3D0
 618 02e4 843E1DD3 		.ascii	"\204>\035\323\2047\326\2108\266&\020~\360\217*8\340"
 618      8437D688 
 618      38B62610 
 618      7EF08F2A 
 618      38E0
 619 02f6 AA72D51C 		.ascii	"\252r\325\0349\351:z\270\254\372TM\245\253\342`Y\365"
 619      39E93A7A 
 619      B8ACFA54 
 619      4DA5ABE2 
 619      6059F5
 620 0309 FEBD1587 		.ascii	"\376\275\025\207\366\225\226o\257$\312\211\343g\\\177"
 620      F695966F 
 620      AF24CA89 
 620      E3675C7F 
 621 0319 017744E8 		.ascii	"\001wD\350\263"
 621      B3
 622              		.text
 623              		.section	.gnu.lto_UART_ClearRxBuffer.4d82c36d,"",%progbits
 624 0000 789C8D93 		.ascii	"x\234\215\223\317O\023A\024\307\347\315l\177 -A\257"
 624      CF4F1341 
 624      14C7E7CD 
 624      6C7F202D 
 624      41AF
 625 0012 36460F24 		.ascii	"6F\017$r\361g\374\003\214\007\343\315\200\236$1\210"
 625      72F167FC 
 625      038C07E3 
 625      CD809E24 
 625      3188
 626 0024 7B33606A 		.ascii	"{3`j1\234\354\224v\021\361 \361\007\001S!\206\220\242"
 626      319CEC94 
 626      7611F120 
 626      F1070153 
 626      218690A2 
 627 0038 8280E28F 		.ascii	"\202\200\342\217\012\322\265 hb\370q!&\215bz@\242D\212"
 627      0AD2B520 
 627      6862F871 
 627      21268D62 
 627      7A40A244 
 628 004d 29868850 		.ascii	")\206\210P\337\354\254\033\264\2058\311\316\356N\336"
 628      DFECAC1B 
 628      B48538C9 
 628      CEEE4EDE 
 629 005d FB7CBFF3 		.ascii	"\373|\277\363\336\214B\200\210qJ!d?\276\267\343\003"
 629      DE8C4280 
 629      88714A21 
ARM GAS  C:\Users\elias\AppData\Local\Temp\cc0Or0pr.s 			page 49


 629      643FBEB7 
 629      E303
 630 006f 8C006D1C 		.ascii	"\214\000m\034'$\340\244\000\342\203;\201\370)\370a\211"
 630      2724E0A4 
 630      00E2833B 
 630      81F829F8 
 630      6189
 631 0081 AE52885F 		.ascii	"\256R\210_\236\215\322\342\010\307\361\251c\305}\233"
 631      9E8DD2E2 
 631      08C7F1A9 
 631      63C57D9B 
 632 0091 4F72A631 		.ascii	"Or\2461B2\324@\021\210@1\301\270\326\305\251\226<\266"
 632      4232D440 
 632      11884031 
 632      C1B8D6C5 
 632      A9963CB6 
 633 00a5 0BC4F74C 		.ascii	"\013\304\367Ls\303{V\324\316y-\327g\026j\026ky3W4\006"
 633      73C37B56 
 633      D4CE792D 
 633      D767166A 
 633      166B7933 
 634 00bc D0090CF3 		.ascii	"\320\011\014\363\340\240\007\366y\214l\014N\366\255"
 634      E0A007F6 
 634      798C6C0C 
 634      4EF6AD
 635 00cb DD72DB43 		.ascii	"\335r\333CB`'\334\203\"I\206\373`G\263 VzJt\236\311"
 635      426027DC 
 635      83224986 
 635      FB6047B3 
 635      20567A4A 
 636 00e2 04B9FE61 		.ascii	"\004\271\376a\357Tg\244`+:\306U\205h\214\332\304\344"
 636      EF5467A4 
 636      602B3AC6 
 636      5585688C 
 636      DAC4E4
 637 00f5 1093534C 		.ascii	"\020\223SL\204\244\360\021\233X\244T\274\331\034\004"
 637      84A4F011 
 637      9B58A454 
 637      BCD91C04 
 638 0105 F5A58549 		.ascii	"\365\245\205I&xA\306P/\032\235O8\374\253\274\236\363"
 638      267841C6 
 638      502F1A9D 
 638      4F38FCAB 
 638      BC9EF3
 639 0118 428DA11F 		.ascii	"B\215\241\037!\363\000\374\230\257\220$PC\031\371\030"
 639      21F300FC 
 639      98AF9024 
 639      504319F9 
 639      18
 640 0129 4D6621FE 		.ascii	"Mf!\376\263\341c\254}\233LW0\275I\213O8\322Tc6c\253"
 640      B3E163AC 
 640      7D9B4C57 
 640      30BD498B 
 640      4F38D254 
 641 0141 5DF5AD11 		.ascii	"]\365\255\021\233\374my\033\340\"\242C\357N)mp'\020"
 641      9BFC6D79 
 641      1BE022A2 
ARM GAS  C:\Users\elias\AppData\Local\Temp\cc0Or0pr.s 			page 50


 641      43EF4E29 
 641      6D702710 
 642 0155 028DD9A1 		.ascii	"\002\215\331\241\033<\320\005\270]x\010m\200\310\340"
 642      1B3CD005 
 642      B85D7808 
 642      6D80C8E0 
 643 0165 B25DE26C 		.ascii	"\262]\342l\222\330?2V\347\024\010\254?\364`$\2526\201"
 643      92D83F32 
 643      56E71408 
 643      AC3FF460 
 643      24AA3681 
 644 0179 08D90CD6 		.ascii	"\010\331\014\326\2130DH\213\311\230\271A\307f)}\246"
 644      8B304448 
 644      8BC998B9 
 644      41C76629 
 644      7DA6
 645 018b FE2F53DF 		.ascii	"\376/S\337)\343\023W\247o\272\205\276\035\326\000\036"
 645      29E31357 
 645      A76FBA85 
 645      BE1DD600 
 645      1E
 646 019c FDAF81C7 		.ascii	"\375\257\201\307\206\001'\231\203\220\276\262\360\306"
 646      86012799 
 646      8390BEB2 
 646      F0C6
 647 01aa 882759F5 		.ascii	"\210'Y\365ud\260\021\004\372\261\276XP\015\343\021\236"
 647      7564B011 
 647      04FAB1BE 
 647      58500DE3 
 647      119E
 648 01bc 6E7CED31 		.ascii	"n|\3551\361V9\363\214r\326\015\016]\243\362\227\017"
 648      F15639F3 
 648      8C72D60D 
 648      0E5DA3F2 
 648      970F
 649 01ce 077981E0 		.ascii	"\007y\201\340\335\230^\263\3751\260\005\236\242\201"
 649      DD985EB3 
 649      FD31B005 
 649      9EA281
 650 01dd 27868167 		.ascii	"'\206\201gh`}\371\362\261|\317\245\373t\357h\370\342"
 650      68607DF9 
 650      F2B17CCF 
 650      A5FB74EF 
 650      68F8E2
 651 01f0 BF0A2EC8 		.ascii	"\277\012.\310\266\347\272\302\344)\234\017%\307\363"
 651      B6E7BAC2 
 651      E4299C0F 
 651      25C7F3
 652 01ff 850A0F88 		.ascii	"\205\012\017\210u7\274\300\013\0205t\006\244\216\305"
 652      7537BCC0 
 652      0B103574 
 652      06A48EC5 
 653 020f 71038141 		.ascii	"q\003\201AS'5\032\2561u\262\300\220\033\374\322\002"
 653      5327351A 
 653      AE3175B2 
 653      C0901BFC 
 653      D202
ARM GAS  C:\Users\elias\AppData\Local\Temp\cc0Or0pr.s 			page 51


 654 0221 0F21D822 		.ascii	"\017!\330\"\365\216\205\257\303F(\232\033\025\263P\372"
 654      F58E85AF 
 654      C346289A 
 654      1B15B350 
 654      FA
 655 0232 7A546A2C 		.ascii	"zTj,|i#\022\313Mze\221\342\177\221\336\205\017\230\244"
 655      7C692312 
 655      CB4D7A65 
 655      91E27F91 
 655      DE850F98 
 656 0247 FEBBDF96 		.ascii	"\376\273\337\226]fg\342\2623\211\257?>\257\353\314\260"
 656      5D6667E2 
 656      B23389AF 
 656      3F3EAFEB 
 656      CCB0
 657 0259 D59911C1 		.ascii	"\325\231\021\301\020\255\370\002\265\372\300\367\335"
 657      10ADF802 
 657      B5FAC0F7 
 657      DD
 658 0266 C6D11023 		.ascii	"\306\321\020#\205\227\015o%ng\307Q\265R\365\226\373"
 658      85970D6F 
 658      256E67C7 
 658      51B552F5 
 658      96FB
 659 0278 D4B3A74B 		.ascii	"\324\263\247K\253\252\275\025j\331\361\322\252#\207"
 659      ABAABD15 
 659      6AD9F1D2 
 659      AA2387
 660 0287 CA4E1E2E 		.ascii	"\312N\036.9\261\247\202\024\252\225\345g\316\251\307"
 660      39B1A782 
 660      14AA95E5 
 660      67CEA9C7 
 661 0297 2A7DAAD7 		.ascii	"*}\252\327[}\336w\3417\006\233\221+"
 661      5B7DDE77 
 661      E137069B 
 661      912B
 662              		.text
 663              		.section	.gnu.lto_UART_SetRxAddressMode.4d82c36d,"",%progbits
 664 0000 789C6361 		.ascii	"x\234ca`d\000\201m@\254\003\304\322@\314\310\314\300"
 664      60640081 
 664      6D40AC03 
 664      C4D240CC 
 664      C8CCC0
 665 0013 C834E11C 		.ascii	"\3104\341\034\003C#\007\023##\210\321\300\301\310P\317"
 665      03432307 
 665      13232388 
 665      D1C0C1C8 
 665      50CF
 666 0025 C458CFF8 		.ascii	"\304X\317\370\225\351/\023\343\241\366g;\2314\2277\000"
 666      95E92F13 
 666      E3A1F667 
 666      3B993497 
 666      3700
 667 0037 C183A5DB 		.ascii	"\301\203\245\333\371f5\\h`nef`\370\317\0046\212\201"
 667      F966355C 
 667      68606E65 
 667      6660F8CF 
ARM GAS  C:\Users\elias\AppData\Local\Temp\cc0Or0pr.s 			page 52


 667      04368A81 
 668 004b 7139A326 		.ascii	"q9\243&P\331\365]\015\333\371\231\025\031\031\200\354"
 668      50D9F55D 
 668      0DDBF999 
 668      15191980 
 668      EC
 669 005c 8D339F7C 		.ascii	"\2153\237|\342Q_\332\320\320\324\32007\026\244\234\221"
 669      E2515FDA 
 669      D0D0D4D0 
 669      303716A4 
 669      9C91
 670 006e 71052333 		.ascii	"q\005#3P\007\243\261\014\243\201\014\003P\200\201q%"
 670      5007A3B1 
 670      0CA3810C 
 670      03508081 
 670      7125
 671 0080 A33A48F1 		.ascii	"\243:H\361\243\215\377\246\362\262\265\200\314W\200"
 671      A38DFFA6 
 671      F2B2B580 
 671      CC5780
 672 008f 18CAB88A 		.ascii	"\030\312\270\212\221\015\344\316\365A\007\032\376\377"
 672      910DE4CE 
 672      F541071A 
 672      FEFF
 673 009d 6F6E38B0 		.ascii	"on8\260\337\370b\3073>\240\324\007 \006\271\360#\023"
 673      DFF862C7 
 673      333EA0D4 
 673      072006B9 
 673      F02313
 674 00b0 1388667E 		.ascii	"\023\210f~\305\310\004R\014v\307\007&F\220\030P\205"
 674      C5C80452 
 674      0C76C707 
 674      26469018 
 674      5085
 675 00c2 9C7B6A5E 		.ascii	"\234{j^jQbIjJ|p~iQrjL@p\276\263iL\250cP\210^2\003wb"
 675      6A516249 
 675      6A4A7C70 
 675      7E695172 
 675      6A4C4070 
 676 00e3 4A4A516A 		.ascii	"JJQjq\261o~J*\000\205@O1"
 676      71B16F7E 
 676      4A2A0085 
 676      404F31
 677              		.text
 678              		.section	.gnu.lto_UART_SetRxAddress1.4d82c36d,"",%progbits
 679 0000 789C254F 		.ascii	"x\234%O;HBQ\030\376\277sD%\320\266\226.Q\223\272D \265"
 679      3B484251 
 679      18FEBF73 
 679      4425D0B6 
 679      962E5193 
 680 0018 47436B68 		.ascii	"GCkhmF\210\3365\341ZK\213\347\372\240\240%\212\012\004"
 680      6D4688DE 
 680      35E15A4B 
 680      8BE7FAA0 
 680      A0258A0A 
 681 002d 9106317B 		.ascii	"\221\0061{\0206\325&\266\004\201\025\264\006Q\340P\220"
 681      1036D526 
ARM GAS  C:\Users\elias\AppData\Local\Temp\cc0Or0pr.s 			page 53


 681      B6048115 
 681      B40651E0 
 681      5090
 682 003f 0A193494 		.ascii	"\012\0314\224\375G\1778\374\017\276\327q\020H\327\010"
 682      FD477F38 
 682      FC0FBED7 
 682      711048D7 
 682      08
 683 0050 373FF751 		.ascii	"7?\367Q~\220\004\261\323 \262\335\002\320\203r\203R"
 683      7E9004B1 
 683      D320B2DD 
 683      02D08372 
 683      8352
 684 0062 022974C5 		.ascii	"\002)t\305\257@}\263y-\002e\305\365R\372\364\346\325"
 684      AF407DB3 
 684      792D0265 
 684      C5F552FA 
 684      F4E6D5
 685 0075 83923949 		.ascii	"\203\2229I\324\023})B\031\001\206=U[\015!'@<\337t?\266"
 685      D4137D29 
 685      42190186 
 685      3D555B0D 
 685      2127403C 
 686 008d 877C25A5 		.ascii	"\207|%\245\322J\035.k8p\014\311\014\004\015L\031\304"
 686      D24A1D2E 
 686      6B38700C 
 686      C90C040D 
 686      4C19C4
 687 00a0 0742053E 		.ascii	"\007B\005>\015~\255\376\355{\234Y\255?>\020\305\011"
 687      0D7EADFE 
 687      ED7B9C59 
 687      AD3F3E10 
 687      C509
 688 00b2 9C3AE745 		.ascii	"\234:\347E\250\246z\275\214\252ug\036\267Z^\007\307"
 688      A8A67ABD 
 688      8CAA7567 
 688      1EB75A5E 
 688      07C7
 689 00c4 D31C6A33 		.ascii	"\323\034j3H\347\354\010\241\273l\242\236\357<\02764"
 689      48E7EC08 
 689      A1BB6CA2 
 689      9EEF3C17 
 689      3634
 690 00d6 8F050F72 		.ascii	"\217\005\017r\365{\327\227\310I\321\017\263{\367v4<"
 690      F57BD797 
 690      C849D10F 
 690      B37BF776 
 690      343C
 691 00e8 582BB7B6 		.ascii	"X+\267\266r\360\3512\263w\345)\242`gm\245\202\234F\342"
 691      72F0E932 
 691      B377E529 
 691      A260676D 
 691      A5829C46 
 692 00fd 0C064E61 		.ascii	"\014\006Na\260\3719\212\310HA\357H\327~\276\375Z\264"
 692      B0F9398A 
 692      C84841EF 
 692      48D77EBE 
ARM GAS  C:\Users\elias\AppData\Local\Temp\cc0Or0pr.s 			page 54


 692      FD5AB4
 693 0110 FFCF36CB 		.ascii	"\377\3176\313\261\033{\217\315\233\253\246\025]3\343"
 693      B11B7B8F 
 693      CD9BABA6 
 693      155D33E3 
 694 0120 2BE1C4BA 		.ascii	"+\341\304\272\0253#\013\341\304\334tdi6\2648\031#W4"
 694      1533230B 
 694      E1C4DC74 
 694      646936B4 
 694      38192357 
 695 0135 1EB7CC64 		.ascii	"\036\267\314d\362\037\341\274p\214"
 695      F21FE1BC 
 695      708C
 696              		.text
 697              		.section	.gnu.lto_UART_SetRxAddress2.4d82c36d,"",%progbits
 698 0000 789C254F 		.ascii	"x\234%O=HBQ\024>\337\275\242\217 \307\226\036Q\223\272"
 698      3D484251 
 698      143EDFBD 
 698      A28F20C7 
 698      961E5193 
 699 0015 4420D11C 		.ascii	"D \321\034\015\255\241\266\031!\372\326\004\255\245"
 699      0DADA1B6 
 699      1921FAD6 
 699      04ADA5
 700 0024 C5FBFCA1 		.ascii	"\305\373\374\241\240\245\245\002A\234\304J#\034\035"
 700      A0A5A502 
 700      419CC44A 
 700      231C1D
 701 0033 02B1A5C9 		.ascii	"\002\261\245\311\022j\217\002\243\032TH\204\250\354"
 701      126A8F02 
 701      A31A5448 
 701      84A8EC
 702 0042 5C3D7039 		.ascii	"\\=p9?|\177\327A ]3\334\274\334g\371A\022\304q\213\310"
 702      3F7C7FD7 
 702      41205D33 
 702      DCBCDC67 
 702      F94112C4 
 703 0059 3604A007 		.ascii	"6\004\240\007e\200R\002)\014\304\257@\363\240S\027\276"
 703      65805202 
 703      290CC4AF 
 703      40F3A053 
 703      17BE
 704 006b B2E27A2E 		.ascii	"\262\342z.\015\335y\365\240dN\022\215\304X\212P\206"
 704      0DDD79F5 
 704      A0644E12 
 704      8DC4588A 
 704      5086
 705 007d 8F618FB5 		.ascii	"\217a\217\265nK\310\005\020\317\267\203\317\243)OI\251"
 705      6E4BC805 
 705      10CFB783 
 705      CFA3294F 
 705      49A9
 706 008f B452675B 		.ascii	"\264Rg[\032\016\234C2\003~\023K&\361\201p\001\217\006"
 706      1A0E9C43 
 706      32037E13 
 706      4B26F181 
 706      70018F06 
ARM GAS  C:\Users\elias\AppData\Local\Temp\cc0Or0pr.s 			page 55


 707 00a3 BFD4FE4E 		.ascii	"\277\324\376N\246\235Y\255??\021\305%\234:\347u\240"
 707      A69D59AD 
 707      3F3F11C5 
 707      259C3AE7 
 707      75A0
 708 00b5 A146A38C 		.ascii	"\241F\243\214j\334\254\264\017\277\335\016\216\2479"
 708      6ADCACB4 
 708      0FBFDD0E 
 708      8EA739
 709 00c4 D46390CE 		.ascii	"\324c\220\316\331\027Bw\331A3\337\357\026\3665\217\005"
 709      D9174277 
 709      D94133DF 
 709      EF16F635 
 709      8F05
 710 00d6 4F73CD7B 		.ascii	"Os\315{\327\227\310I1\016\363\366\372\363dL\326\372"
 710      D797C849 
 710      310EF3F6 
 710      FAF3644C 
 710      D6FA
 711 00e8 9DAD1C7C 		.ascii	"\235\255\034|\252\324\252\357\262\210\202\235\265\225"
 711      AAD4AAEF 
 711      B288829D 
 711      B595
 712 00f6 F2731A89 		.ascii	"\362s\032\211*LT`\262\371\025\212\310HA\037H7\332C\257"
 712      2A4C5460 
 712      B2F9158A 
 712      C848411F 
 712      4837DA43 
 713 010b 161DFFB3 		.ascii	"\026\035\377\263\307r\354\306\336s\353\326\216\225\210"
 713      C772ECC6 
 713      DE73EBD6 
 713      8E9588
 714 011a EC5AB1ED 		.ascii	"\354Z\261\355`|/\021\265\302\033\301\370\332rxs5\020"
 714      607C2F11 
 714      B5C21BC1 
 714      F8DA7278 
 714      733510
 715 012d 5A8C922B 		.ascii	"Z\214\222+\022\213%\254d\362\037P\312q~"
 715      128B25AC 
 715      64F21F50 
 715      CA717E
 716              		.text
 717              		.section	.gnu.lto_UART_SetTxInterruptMode.4d82c36d,"",%progbits
 718 0000 789C254F 		.ascii	"x\234%O=HBQ\024>\337\275bB\310\333Z|DM\346\022\201\264"
 718      3D484251 
 718      143EDFBD 
 718      6242C8DB 
 718      5A7C444D 
 719 0018 B445436B 		.ascii	"\264ECkhmF\204\275\241EAl\366>\365\321\230K\015B9\204"
 719      686D4684 
 719      BDA14541 
 719      6CF63EF5 
 719      D1984B0D 
 720 002f BC7E0987 		.ascii	"\274~\011\207\206(\352\345\326\222\271FC\024H4Y\024"
 720      8628EAE5 
 720      D692B946 
 720      43144834 
ARM GAS  C:\Users\elias\AppData\Local\Temp\cc0Or0pr.s 			page 56


 720      5914
 721 0041 4451AF73 		.ascii	"DQ\257s\365\300\345\374\360\375\335\000\201t\015q\213"
 721      F5C0E5FC 
 721      F0FDDD00 
 721      81740D71 
 721      8B
 722 0052 728FF083 		.ascii	"r\217\360\203$\210\312-\221\035\022\200\036T\010T\020"
 722      2488CA2D 
 722      911D1280 
 722      1E540854 
 722      10
 723 0063 28E053FC 		.ascii	"(\340S\374\0124\327;g\"\346*\256G\3075\252\352NIG\022"
 723      0A34D73B 
 723      6722E62A 
 723      AE47C735 
 723      AAEA4E49 
 724 0079 F9A22745 		.ascii	"\371\242'Ep\021c\330\345\365WD\216\202x\364.N\237\215"
 724      701163D8 
 724      E5F55744 
 724      8E8278F4 
 724      2E4E9F8D 
 725 008d 685DA9A2 		.ascii	"h]\251\242R\215E\215\006\366 \231\200\270\211\011\223"
 725      528D458D 
 725      06F62099 
 725      80B88909 
 725      93
 726 009e F840D847 		.ascii	"\370@\330GT\203\237\032\177\233\341`Y\313\217\3645q"
 726      54839F1A 
 726      7F9BE160 
 726      59CB8FF4 
 726      3571
 727 00b0 80A08E79 		.ascii	"\200\240\216y\222\360\224\357\227\224w>\325~q\215\000"
 727      92F094EF 
 727      9794773E 
 727      D57E718D 
 727      00
 728 00c1 A7D31CEA 		.ascii	"\247\323\034\3522H\307|\023Bw\331A\263\332h\355T\240"
 728      3248C77C 
 728      134277D9 
 728      41B3DA68 
 728      ED54A0
 729 00d4 89ACB8E5 		.ascii	"\211\254\270\3454[\003\037\302\221\242\227\346\276\335"
 729      345B031F 
 729      C291A297 
 729      E6BEDD
 730 00e3 F207FBEB 		.ascii	"\362\007\373\353\306\215\255\002|z\330}\377\011\327"
 730      C68DAD02 
 730      7C7AD87D 
 730      FF09D7
 731 00f2 B06D976D 		.ascii	"\260m\227m\245\342\034G\342\010&\016a\262\3731j(IA\257"
 731      A5E21C47 
 731      E208260E 
 731      61B2FB31 
 731      6A284941 
 732 0107 287A57DF 		.ascii	"(zW\337cZ\264\367\317.\313\261\035\233\017\317Z\031"
 732      635AB4F7 
 732      CF2ECBB1 
ARM GAS  C:\Users\elias\AppData\Local\Temp\cc0Or0pr.s 			page 57


 732      1D9B0FCF 
 732      5A19
 733 0119 2BB79CB7 		.ascii	"+\267\234\267V\226\222\331\265\\\332J\315%\2633\223"
 733      569692D9 
 733      B55CDA4A 
 733      CD25B333 
 733      93
 734 012a A985E9C4 		.ascii	"\251\205\351\304\374x\232\202\253\231|2\227\376\007"
 734      FC789A82 
 734      AB997C32 
 734      97FE07
 735 0139 BF266FE2 		.ascii	"\277&o\342"
 736              		.text
 737              		.section	.gnu.lto_UART_WriteTxData.4d82c36d,"",%progbits
 738 0000 789C654F 		.ascii	"x\234eOM+\204a\024\275\347y\336\031L\304\017\230\304"
 738      4D2B8461 
 738      14BDE779 
 738      DE194CC4 
 738      0F98C4
 739 0013 0A2994AC 		.ascii	"\012)\224\254\254|\224\255\006;\3224\336\355LM\243X"
 739      AC7C94AD 
 739      063BD234 
 739      DEED4C4D 
 739      A358
 740 0025 BD8FF908 		.ascii	"\275\217\371\010+Jf\241\230\225|\233\2544%&\261\223"
 740      2B4A66A1 
 740      98957C9B 
 740      AC342526 
 740      B193
 741 0037 8F62211B 		.ascii	"\217b!\033,$fA\261P\030\367\276\026\026n=\335\247\323"
 741      2C246641 
 741      B15018F7 
 741      BE16166E 
 741      3DDDA7D3 
 742 004b 39E79E63 		.ascii	"9\347\236c\021H\306\341\325\310\273\225\037<\0045{J"
 742      1148C6E1 
 742      D5C8BB95 
 742      1F3C0435 
 742      7B4A
 743 005d 3451AA94 		.ascii	"4Q\252\224\276l&\343\263\366\252\311\224kX\002\303\002"
 743      BE6C26E3 
 743      B3F6AAC9 
 743      946B5802 
 743      C302
 744 006f 649B5290 		.ascii	"d\233R\220\243\264\005\007\357\352K\341p\362!\247\032"
 744      A3B40507 
 744      EFEA4BE1 
 744      70F221A7 
 744      1A
 745 0080 560CCFED 		.ascii	"V\014\317\355\361n\345\20297:\245\211\212\312=AXA\003"
 745      F16EE582 
 745      39373AA5 
 745      898ACA3D 
 745      41584103 
 746 0094 D3664E0F 		.ascii	"\323fN\017>\225\256\005\361?}\264\277]V\267lL\334\230"
 746      3E95AE05 
 746      F13F7DB4 
ARM GAS  C:\Users\elias\AppData\Local\Temp\cc0Or0pr.s 			page 58


 746      BF5D56B7 
 746      6C4CDC98 
 747 00a8 B921A103 		.ascii	"\271!\241\003\253\320\254@\253\037-~b\200\260\206:!"
 747      ABD0AC40 
 747      AB1F2D7E 
 747      6280B086 
 747      3A21
 748 00ba DFEF7CCF 		.ascii	"\337\357|\317Wx\223\342_\363k\212ux%\1776\2207\305b"
 748      577893E2 
 748      5FF36B8A 
 748      7578257F 
 748      369037C5 
 749 00cf C2E40FDA 		.ascii	"\302\344\017\332/\246\236+\275\212u\312\003WH/\314\224"
 749      2FA69E2B 
 749      BD8A75CA 
 749      0357482F 
 749      CC94
 750 00e1 B8AF4AC9 		.ascii	"\270\257J\311\326\017\210\247_\337\226\242\"Nh\011\236"
 750      D60F88A7 
 750      5FDF96A2 
 750      224E6809 
 750      9E
 751 00f2 4E1D9E95 		.ascii	"N\035\236\225\274\251\224\326n\250\\\256pS\342|\231"
 751      BCA994D6 
 751      6EA85CAE 
 751      7053E27C 
 751      99
 752 0103 2963AA18 		.ascii	")c\252\030\233\346\012\002?\235\\\035\3712X\2340.\016"
 752      9BE60A02 
 752      3F9D5C1D 
 752      F932589C 
 752      302E0E
 753 0116 6C72F10D 		.ascii	"lr\361\015\3709\306\0262\240;$o\022\341?\327l!\367Q"
 753      F839C616 
 753      32A03B24 
 753      6F12E13F 
 753      D76C21F7 
 754 012b 21AE8A2B 		.ascii	"!\256\212+l\013\217$\204\246\313f\375\210d\2250\377"
 754      6C0B8F24 
 754      84A6CB66 
 754      FD886495 
 754      30FF
 755 013d 9FB38A4C 		.ascii	"\237\263\212L'd\341PB{R\332\343\212,7\371\023\342\371"
 755      2764E150 
 755      427B52DA 
 755      E38A2C37 
 755      F913E2F9 
 756 0151 EBEF7A57 		.ascii	"\353\357zW(\363\302T\306\271_u\217\035\266\243\301\230"
 756      28F3C254 
 756      C6B95F75 
 756      8F1DB6A3 
 756      C198
 757 0163 3D32DC17 		.ascii	"=2\334\027\031\215\206\354\301\336\276HW\333\340@G\240"
 757      198D86EC 
 757      C1DEBE48 
 757      57DBE040 
 757      47A0
ARM GAS  C:\Users\elias\AppData\Local\Temp\cc0Or0pr.s 			page 59


 758 0175 BF2944BE 		.ascii	"\277)D\276\330Xw0\026\354\034\217\331?T]\224\305"
 758      D8587730 
 758      16EC1C8F 
 758      D93F545D 
 758      94C5
 759              		.text
 760              		.section	.gnu.lto_UART_ReadTxStatus.4d82c36d,"",%progbits
 761 0000 789C6361 		.ascii	"x\234ca`d\000\201G@\254\000\304\322@\314\310\314\300"
 761      60640081 
 761      4740AC00 
 761      C4D240CC 
 761      C8CCC0
 762 0013 C834E11C 		.ascii	"\3104\341\034\003C#\007\023##\210\321\300\301\310P\317"
 762      03432307 
 762      13232388 
 762      D1C0C1C8 
 762      50CF
 763 0025 C458CFF8 		.ascii	"\304X\317\370\225\351/\023\343\351\357'z\2704\22774"
 763      95E92F13 
 763      E3E9EF27 
 763      7AB83497 
 763      3734
 764 0037 34353C78 		.ascii	"45<x\372\215\177\366\272\013\015\314\255\314\014\014"
 764      FA8D7FF6 
 764      BA0B0DCC 
 764      ADCC0C0C 
 765 0047 FF991818 		.ascii	"\377\231\030\030\215e\030\015d@f,g\324d\000\252}\264"
 765      8D65180D 
 765      6440662C 
 765      67D46400 
 765      AA7DB4
 766 005a F1DF545E 		.ascii	"\361\337T^\266\226\006 P\000)\000\312\254`d\003\331"
 766      B6960620 
 766      50002900 
 766      CAAC6064 
 766      03D9
 767 006c B93EE840 		.ascii	"\271>\350@\303\377\377\315\015\007v\332_<\361\235\237"
 767      C3FFFFCD 
 767      0D0776DA 
 767      5F3CF19D 
 767      9F
 768 007d 99890164 		.ascii	"\231\211\001d\006\303\007\240\032\220\225\037\231\230"
 768      06C307A0 
 768      1A90951F 
 768      9998
 769 008b 4034F333 		.ascii	"@4\3633\306C\277\272\336\375}\314\016\322\327\314\014"
 769      C643BFBA 
 769      DEFD7DCC 
 769      0ED2D7CC 
 769      0C
 770 009c B27F5AEB 		.ascii	"\262\177Z\353\241\363\354_\230Z\231\031\031AV<\237>"
 770      A1F3EC5F 
 770      985A9919 
 770      1941563C 
 770      9F3E
 771 00ae ED2B3384 		.ascii	"\355+3\204\373\376Dc\003\013PhsO\373~\346\371\214s\033"
 771      FBFE4463 
ARM GAS  C:\Users\elias\AppData\Local\Temp\cc0Or0pr.s 			page 60


 771      030B5068 
 771      734FFB7E 
 771      E6F98C73 
 772 00c3 5B1A1B1A 		.ascii	"[\032\033\032\002\201\00631\256b\224a\\\311\010t\032"
 772      02810633 
 772      31AE6294 
 772      615CC908 
 772      741A
 773 00d5 E36AC6F9 		.ascii	"\343j\306\371\214\014\257\030\233\032\354\241F2\200"
 773      8C0CAF18 
 773      9B1AECA1 
 773      463280
 774 00e4 AD650459 		.ascii	"\255e\004Y\007d\313\271\247\346\245\026%\226\244\246"
 774      0764CBB9 
 774      A7E6A516 
 774      2596A4A6 
 775 00f4 C407E797 		.ascii	"\304\007\347\227\026%\247\306\004\004\347;\233\306\204"
 775      1625A7C6 
 775      0404E73B 
 775      9BC684
 776 0103 3A0685E8 		.ascii	":\006\205\350%3\000\000i\034]\232"
 776      25330000 
 776      691C5D9A 
 777              		.text
 778              		.section	.gnu.lto_UART_PutChar.4d82c36d,"",%progbits
 779 0000 789C8D54 		.ascii	"x\234\215TkL\\E\024\2363\263\273w\367\356\343.\004B"
 779      6B4C5C45 
 779      149E33B3 
 779      BB77F7EE 
 779      E32E0442 
 780 0014 9A925A4D 		.ascii	"\232\222ZM\010\222\232jcL4\372\247\325\350\037\177\030"
 780      08929A6A 
 780      634C34FA 
 780      A7D5E81F 
 780      7F18
 781 0026 5AE31F12 		.ascii	"Z\343\037\022C\332mbb$!\220\264\306\310\205\335\345"
 781      43DA6D62 
 781      62242190 
 781      B4C6C885 
 781      DDE5
 782 0038 5528AD49 		.ascii	"U(\255Iy\211b P\036\265\224\276,\025\313\272\002EE*"
 782      79896220 
 782      501EB594 
 782      BE2C15CB 
 782      BA024545 
 783 004d C66A23D1 		.ascii	"\306j#\321\264$\254JH\331\205\222\246J\273\2363s\227"
 783      B424AC4A 
 783      48D98592 
 783      A64ABB9E 
 783      337397
 784 0060 AC4A8C93 		.ascii	"\254J\214\223\354\354\314\231\357\234\357;s\316\\\033"
 784      ECECCC99 
 784      EF9CEF3B 
 784      73CE5C1B 
 785 0070 03466387 		.ascii	"\003Fc\207\306\330\313\370\037\305\037\370\031\360c"
 785      C6D8CBF8 
 785      1FC51FF8 
ARM GAS  C:\Users\elias\AppData\Local\Temp\cc0Or0pr.s 			page 61


 785      19F063
 786 007f 338C553A 		.ascii	"3\214U:9\010Z\200\340\266\332|f\352v\232=6p\250c{j\341"
 786      39085A80 
 786      E0B6DA7C 
 786      66EA769A 
 786      3D3670A8 
 787 0097 E046C355 		.ascii	"\340F\303U\206\000-\244!\300Pn\2735\356\214g\243U\377"
 787      86002DA4 
 787      21C0506E 
 787      BB35EE8C 
 787      67A355FF 
 788 00ab E869B43A 		.ascii	"\350i\264:\271kt\033\355\276\177\034w.\360)_\235\273"
 788      B96B741B 
 788      EDBE7F1C 
 788      772EF029 
 788      5F9DBB
 789 00be 1B08E409 		.ascii	"\033\010\344\011=\203f7x\224\331\303\275\204\323}\344"
 789      3D836637 
 789      7894D9C3 
 789      BD84D37D 
 789      E4
 790 00cf E3F1A6D0 		.ascii	"\343\361\246\320>\000Z\230N`\025\\\330\354\016Cs\272"
 790      3E005A98 
 790      4E60155C 
 790      D8EC0E43 
 790      73BA
 791 00e1 74B7C7EB 		.ascii	"t\267\307\353\003\33435\326\370}\016\321\232\330\010"
 791      03DC3335 
 791      D6F87D0E 
 791      D19AD808 
 792 00f1 2F3869E2 		.ascii	"/8i\342\270\3313\220\325n~k\2120\"\222\\\201\340$\024"
 792      B8D93390 
 792      D56E7E6B 
 792      8A302292 
 792      5C81E024 
 793 0106 20AC6966 		.ascii	" \254ifl\235\213\207\201\341\272y\374\312iW~\217iV\231"
 793      6C9D8B87 
 793      81E1BA79 
 793      FCCA6957 
 793      7E8F6956 
 794 011b E69F4504 		.ascii	"\346\237E\004\007\350\003\201\036\360d.<\221\313\320"
 794      07E80381 
 794      1EF0642E 
 794      3C91CBD0 
 795 012b C0A01FF2 		.ascii	"\300\240\037\362\011\\\037\357=\342\026\217I\307\205"
 795      095C1FEF 
 795      3DE2168F 
 795      49C785
 796 013a C5B60657 		.ascii	"\305\266\006W^79FV\273\016'\252\314V\323F\336\003\351"
 796      5E373946 
 796      56BB0E27 
 796      AACC56D3 
 796      46DE03E9 
 797 014e DE3410DC 		.ascii	"\3364\020\334r\344R\243O<'\035g\216\377\270\303\362"
 797      72E452A3 
 797      4F3C271D 
 797      678EFFB8 
ARM GAS  C:\Users\elias\AppData\Local\Temp\cc0Or0pr.s 			page 62


 797      C3F2
 798 0160 8B77418B 		.ascii	"\213wA\213\031\251\334Nn\2476q\233\037~p\302\353\010"
 798      19A9DC4E 
 798      6EA73671 
 798      9B1F7E70 
 798      C2EB08
 799 0173 513EDBE1 		.ascii	"Q>\333\341c\310\203A\310S\311\300ip`\031y\312:T\030"
 799      63C88341 
 799      C853C9C0 
 799      69706019 
 799      79CA3A54 
 800 0188 3193C9A0 		.ascii	"1\223\311\240\031\271\376\310w\265\313Y[Q3\236pT\317"
 800      19B9FEC8 
 800      77B5CB59 
 800      5B51339E 
 800      7054CF
 801 019b ED72E960 		.ascii	"\355r\351`\004\323\320 \2344\271h\322\351\334\215\223"
 801      04D3D020 
 801      9C34B968 
 801      D2E9DC8D 
 801      93
 802 01ac CD439397 		.ascii	"\315C\223\227&\037\331\014\234\354~\2322h\312\004\272"
 802      261FD90C 
 802      9CEC7E9A 
 802      3268CA04 
 802      BA
 803 01bd 812C5C3A 		.ascii	"\201,\\:\262\011\223#Cn\241#\306\342\250\007[ \3169"
 803      B2099323 
 803      436EA123 
 803      C6E2A807 
 803      5B20CE39 
 804 01d1 FE890456 		.ascii	"\376\211\004V\004\253\0051\250jN,\364\275CB\203\302"
 804      04AB0531 
 804      A86A4E2C 
 804      F4BD4342 
 804      83C2
 805 01e3 4E371D8E 		.ascii	"N7\035\216^\323\356\360\260\320\3445\214\214,\315i\025"
 805      5ED3EEF0 
 805      B0D0E435 
 805      8C8C2CCD 
 805      6915
 806 01f5 F7CD5AD3 		.ascii	"\367\315Z\323\364\243\255N\250\224\027\247\257\217\353"
 806      F4A3AD4E 
 806      A89417A7 
 806      AF8FEB
 807 0204 9DF041A5 		.ascii	"\235\360A\245)\355\000g\240\002\206\000\257\004\206"
 807      29ED0067 
 807      A0028600 
 807      AF0486
 808 0213 A113D83C 		.ascii	"\241\023\330<p\231;\362cX\026\203h\363\361\330\243\212"
 808      70993BF2 
 808      63581683 
 808      68F3F1D8 
 808      A38A
 809 0225 C591CEE2 		.ascii	"\305\221\316\342\334\204\305Y\207\305$\363Rh~\306-Y"
 809      DC84C559 
 809      87C524F3 
ARM GAS  C:\Users\elias\AppData\Local\Temp\cc0Or0pr.s 			page 63


 809      52687EC6 
 809      2D59
 810 0237 2AC9EE82 		.ascii	"*\311\356\202s\310rV\262\234Og\031$\026\007\273\005"
 810      73C87256 
 810      B29C4F67 
 810      19241607 
 810      BB05
 811 0249 A199E0F2 		.ascii	"\241\231\340\362d\225\335\312\206l4\022\334\306j\363"
 811      6495DDCA 
 811      866C3412 
 811      DCC66AF3 
 812 0259 05E6BAA2 		.ascii	"\005\346\272\242\251#M\211\252Z\251Y\332\252,N\002\307"
 812      A9234D89 
 812      AA5AA959 
 812      DAAA2C4E 
 812      02C7
 813 026b 20D8EC50 		.ascii	" \330\354P{\027\232P\301\317S\375\203\202t\012H\342"
 813      7B179A50 
 813      C1CF53FD 
 813      8382740A 
 813      48E2
 814 027d 30E002B2 		.ascii	"0\340\002\262#\354|\3158W@]FsI\032{\212\246&\326\030"
 814      23EC7CCD 
 814      3857405D 
 814      4673491A 
 814      7B8AA626 
 815 0293 B602BB53 		.ascii	"\266\002\273ST\026\265\307\"j\265\210\274\022\342QA"
 815      5416B5C7 
 815      226AB588 
 815      BC12E251 
 815      41
 816 02a4 7F690CEB 		.ascii	"\177i\014\353\312\354\303\023\344\037\350\276\371\241"
 816      CAECC313 
 816      E41FE8BE 
 816      F9A1
 817 02b2 8BF86D90 		.ascii	"\213\370m\220dp\221RG\036\007\325N`\272s\301\273\223"
 817      64709152 
 817      471E07D5 
 817      4E60BA73 
 817      C1BB93
 818 02c5 EFB99407 		.ascii	"\357\271\224\007O\277V\216\235\365\211D\263\025\340"
 818      4FBF568E 
 818      9DF58944 
 818      B315E0
 819 02d4 A8D236FA 		.ascii	"\250\3226\372~}\026\206\225\235`0\374&@\202k\324\012"
 819      7E7D1686 
 819      959D6030 
 819      FC264082 
 819      6BD40A
 820 02e7 18E6A760 		.ascii	"\030\346\247`r\362\254\370\327\2559\331:`:\321?\352"
 820      72F2ACF8 
 820      D7AD39D9 
 820      3A603AD1 
 820      3FEA
 821 02f9 278F2E58 		.ascii	"'\217.X\362\375\351,\272,\336\257-\315kBm\227\247*M"
 821      F2FDE92C 
 821      BA2CDEAF 
ARM GAS  C:\Users\elias\AppData\Local\Temp\cc0Or0pr.s 			page 64


 821      2DCD6B42 
 821      6D97A72A 
 822 030e 1B9ACE35 		.ascii	"\033\232\3165\324\214\011*\\\010\302\302\015#\220\013"
 822      D48C092A 
 822      5C08C2C2 
 822      0D23900B 
 823 031e 9764D92E 		.ascii	"\227d\331.S\3310\325\365\027YP\030*\334l\350L\207\364"
 823      53D930D5 
 823      F5175950 
 823      182ADC6C 
 823      E84C87F4 
 824 0332 B7830D3E 		.ascii	"\267\203\015>EXJ\221WQ\032\210\031Z\032\271\347U\030"
 824      45584A91 
 824      57511A88 
 824      195A1AB9 
 824      E75518
 825 0345 06A32A31 		.ascii	"\006\243*1T\350b\363\214\024\266'\326\372\336&4B/\377"
 825      54E862F3 
 825      8C14B627 
 825      D6FADE26 
 825      34422FFF 
 826 0359 56BDA22B 		.ascii	"V\275\242+9\327,9\263\341\265j%\007\373\365YF\222>\333"
 826      39D72C39 
 826      B3E1B56A 
 826      2507FBF5 
 826      5946923E 
 827 036e 90740525 		.ascii	"\220t\005%\005E\246\214\247\263.\207*\340\203\243=\231"
 827      0545A68C 
 827      A7B32E87 
 827      2AE083A3 
 827      3D99
 828 0380 8A3E8B0A 		.ascii	"\212>\213\012([\353]\313\220~\005\370\274alC\217\233"
 828      285BEB5D 
 828      CB907E05 
 828      F8BC616C 
 828      438F9B
 829 0393 DD00310F 		.ascii	"\335\0001\017U\221\325\356Y[\352\001\244\303\001\341"
 829      5591D5EE 
 829      595BEA01 
 829      A4C301E1 
 830 03a3 11AB8A1E 		.ascii	"\021\253\212\036\"C\260\237\251g\002\252#cM\023>E\224"
 830      2243B09F 
 830      A96702AA 
 830      23634D13 
 830      3E4594
 831 03b6 AD6CD1F6 		.ascii	"\255l\321\366[;\255\3346\342x6y6\236:\3017{6^\210\342"
 831      5B3BADDC 
 831      36E27836 
 831      79369E3A 
 831      C1377B36 
 832 03cd B3F99C58 		.ascii	"\263\371\234X\361\360\304\215S\035\276]C&]E9\275\251"
 832      F1F0C48D 
 832      531DBE5D 
 832      43265D45 
 832      39BDA9
 833 03e0 2F64FED9 		.ascii	"/d\376\331\362\303;\016\273\350*\350\035T\337n\3521"
 833      F2C33B0E 
ARM GAS  C:\Users\elias\AppData\Local\Temp\cc0Or0pr.s 			page 65


 833      BBE82AE8 
 833      1D54DF6E 
 833      EA31
 834 03f2 948E1CD4 		.ascii	"\224\216\034\324\201\236\027j\246\207u\225\004\300\004"
 834      819E176A 
 834      A6877595 
 834      04C004
 835 0401 86FBDB23 		.ascii	"\206\373\333#\317!\365\315\303\223\375\307\300\022\373"
 835      CF21F5CD 
 835      C393FDC7 
 835      C012FB
 836 0410 7F3F1D93 		.ascii	"\177?\035\223\033\237\216\253R\012E\302\236\373\241"
 836      1B9F8EAB 
 836      520A45C2 
 836      9EFBA1
 837 041f 6DC1ADF8 		.ascii	"m\301\255\370\267\374WGM\245wT\206\002O$\357F\014\325"
 837      B7FC5747 
 837      4DA57754 
 837      86024F24 
 837      EF460CD5 
 838 0433 2D1CBE54 		.ascii	"-\034\276T\0355\227*_F\252\177V\000\311\354\372h[\375"
 838      1D35972A 
 838      5F46AA7F 
 838      5600C9EC 
 838      FA685BFD 
 839 0447 43541377 		.ascii	"CT\023wGg}\036\226\305\313~\027\324Sw\3423\375\205\377"
 839      47677D1E 
 839      96C5CB7E 
 839      17D45377 
 839      E233FD85 
 840 045c BC779FBC 		.ascii	"\274w\237\274\367\326H]\007W[s<h\372\320t{d\265\327"
 840      F7D6485D 
 840      07575B73 
 840      3C68FAD0 
 840      747B64B5 
 841 0471 48E933E0 		.ascii	"H\3513\340k\324\367\225\3247\215\372\322%\371Q\3227"
 841      6BD4F795 
 841      D4378DFA 
 841      D225F951 
 841      D237
 842 0483 5607F8E8 		.ascii	"V\007\370\350\375-b\273\334\353- &\331Eq|\273!\015+"
 842      FD2D62BB 
 842      DCEB2D20 
 842      26D94571 
 842      7CBB210D 
 843 0498 B9EDA5C0 		.ascii	"\271\355\245\300[\201\322\342\262\300\201\327\367\226"
 843      5B81D2E2 
 843      B2C081D7 
 843      F796
 844 04a6 9497EE0F 		.ascii	"\224\227\356\017\024\275\262\267\344\371\247\212^\335"
 844      14BDB2B7 
 844      E4F9A78A 
 844      5EDD
 845 04b4 5DB86FE7 		.ascii	"]\270o\347~\246\227\035z\241\270\254x\317\341\262\200"
 845      7EA6971D 
 845      7AA1B8AC 
 845      78CFE1B2 
ARM GAS  C:\Users\elias\AppData\Local\Temp\cc0Or0pr.s 			page 66


 845      80
 846 04c5 F166C9FE 		.ascii	"\361f\311\376}\207\366\224\037<\030(-\014\024\037\360"
 846      7D87F694 
 846      1F3C1828 
 846      2D0C141F 
 846      F0
 847 04d6 A7ED5F2B 		.ascii	"\247\355_+}\243,\360\027^%{\217"
 847      7DA32CF0 
 847      175E257B 
 847      8F
 848              		.text
 849              		.section	.gnu.lto_UART_PutString.part.1.4d82c36d,"",%progbits
 850 0000 789C4D51 		.ascii	"x\234MQ\317KTQ\024\276\337=\357\307\370\333\205\313"
 850      CF4B5451 
 850      14BEDF3D 
 850      EFC7F8DB 
 850      85CB
 851 0012 216C21E6 		.ascii	"!l!\346&\332\364\007H\213h\023\241\266\023\242t\212"
 851      26DAF407 
 851      488B6813 
 851      A1B613A2 
 851      748A
 852 0024 360AA6D0 		.ascii	"6\012\246\320nn\363\3469f\021.R\301\024\203\220\031"
 852      6E6EF3E6 
 852      3966112E 
 852      52C11483 
 852      9019
 853 0036 A7729CCA 		.ascii	"\247r\234\312` p\024B\222\351\207m]TS\210\224\320\314"
 853      60207014 
 853      4292E987 
 853      6D5D5453 
 853      8894D0CC 
 854 004a 9048814E 		.ascii	"\220H\201N\347\276\273\250\303{\357\274\363q\356w\277"
 854      E7BEBBA8 
 854      C37BEFBC 
 854      F371EE77 
 854      BF
 855 005b F31D4B40 		.ascii	"\363\035K@\350HJ!Nq>\317/\\\001g\342\035\3778\220A\226"
 855      E8484A21 
 855      4E713ECF 
 855      2F5C0167 
 855      E21DFF38 
 856 0072 B0824C26 		.ascii	"\260\202L&\257\205,Iw7\204P\265v\334\025\252\336\006"
 856      AF852C49 
 856      77378450 
 856      B576DC15 
 856      AADE06
 857 0085 34AE4210 		.ascii	"4\256B\020QG\222e#*-ab_\036J\254'vr\262#\2518>/\034"
 857      51479265 
 857      232A2D61 
 857      625F1E4A 
 857      AC277672 
 858 00a0 B5CCA80F 		.ascii	"\265\314\250\017\212|\022\242*M\023\222\350\340\266"
 858      8A7C12A2 
 858      2A4D1392 
 858      E8E0B6
 859 00af ADF8F22C 		.ascii	"\255\370\362,\375\222>\001\026\227\345\2673_\033u)\321"
ARM GAS  C:\Users\elias\AppData\Local\Temp\cc0Or0pr.s 			page 67


 859      FD923E01 
 859      1697E5B7 
 859      335F1B75 
 859      29D1
 860 00c1 CAE5C31F 		.ascii	"\312\345\303\037kK5t\034\202\377\357\355\336\376\324"
 860      6B4B3574 
 860      1C82FFEF 
 860      EDDEFED4 
 861 00d1 D0BEA054 		.ascii	"\320\276\240TL\251\007\021U\343\023!\015b>,\"\214\024"
 861      4CA90711 
 861      55E31321 
 861      0D623E2C 
 861      228C14
 862 00e4 C2822181 		.ascii	"\302\202!\201\307h\327\355\257\253\007\371&C\254\345"
 862      C768D7ED 
 862      AFAB07F9 
 862      2643ACE5 
 863 00f4 7C2C15E6 		.ascii	"|,\025\346\352\014q3\227\205\351\373?\211N\004\304\373"
 863      EA0C7133 
 863      9785E9FB 
 863      3F894E04 
 863      C4FB
 864 0106 7716279B 		.ascii	"w\026'\233\332\036i\342\374A\2623\346\251\224\262|\262"
 864      DA1E69E2 
 864      FC41B233 
 864      E6A994B2 
 864      7CB2
 865 0118 B064D89F 		.ascii	"\260d\330\2372\373\023f\327\301\355\305\354\321d\203"
 865      32FB1366 
 865      D7C1EDC5 
 865      ECD16483 
 866 0128 13D783B5 		.ascii	"\023\327\203\265\"\20363\021\226\331:N\032\311t)U\255"
 866      22833633 
 866      1196D93A 
 866      4E1AC974 
 866      2955AD
 867 013b 7A6A62B5 		.ascii	"zjb\265\247\253\016\254\312f\026\306)\370Z\014\200\355"
 867      A7AB0EAC 
 867      CA6616C6 
 867      29F85A0C 
 867      80ED
 868 014d 639D8E56 		.ascii	"c\235\216V\354\006\250\020%\246akK\322\341De)u\022\025"
 868      EC06A810 
 868      25A6616B 
 868      4BD2E144 
 868      65297512 
 869 0162 B87CE794 		.ascii	"\270|\347\224\277\376\336\325\352-\010d\021v^\255\216"
 869      BFFEDED5 
 869      EA2D0864 
 869      11765EAD 
 869      8E
 870 0173 B788B224 		.ascii	"\267\210\262$\301;\241]\304\363\323\3517Rk\320\012s"
 870      C13BA15D 
 870      C4F3D3E9 
 870      37526BD0 
 870      0A73
 871 0185 B9BD6D37 		.ascii	"\271\275m7z\250\306\224j\366\311\251J-\354\031\242\302"
ARM GAS  C:\Users\elias\AppData\Local\Temp\cc0Or0pr.s 			page 68


 871      7AA8C694 
 871      6AF6C9A9 
 871      4A2DEC19 
 871      A2C2
 872 0197 23F87CDF 		.ascii	"#\370|\337\016\274\251\321\235\324B\243>\340\021y\244"
 872      0EBCA9D1 
 872      9DD442A3 
 872      3EE01179 
 872      A4
 873 01a8 1D5A4914 		.ascii	"\035ZI\024\262\265\346\016\3409\317[D\300\250\325q\023"
 873      B2B5E60E 
 873      E039CF5B 
 873      44C0A8D5 
 873      7113
 874 01ba CF58E60D 		.ascii	"\317X\346\015\363\322\251\210X\2630\260d\262X%\261\231"
 874      F3D2A988 
 874      58B330B0 
 874      64B25825 
 874      B199
 875 01cc B20D9765 		.ascii	"\262\015\227e o\32615?6\243\272\353\317\3707\313\200"
 875      206FD631 
 875      353F36A3 
 875      BAEBCFF8 
 875      37CB80
 876 01df F87F220A 		.ascii	"\370\177\"\012vp\260\2619V?\217\271[*\320\034\342\223"
 876      7670B0B1 
 876      39563F8F 
 876      B95B2AD0 
 876      1CE293
 877 01f2 78A13DC7 		.ascii	"x\241=\307\012\346!\276 \276\355\245\361\357xf/\367"
 877      0AE621BE 
 877      20BEEDA5 
 877      F1EF7866 
 877      2FF7
 878 0204 BB411FAF 		.ascii	"\273A\037\257aC^\232\345T =r%X,\025\2666\303\254\327"
 878      61435E9A 
 878      E554203D 
 878      7225582C 
 878      15B636C3 
 879 021a D61E7E47 		.ascii	"\326\036~G,?\237\356\010\334\321Qb?\342.\273}\354ld"
 879      2C3F9FEE 
 879      08DCD151 
 879      623FE22E 
 879      BB7DEC6C 
 880 022f 20327479 		.ascii	" 2ty8\322\177\251{pd\250/\322{\241{\360\314\351\336"
 880      38D27FA9 
 880      7B7064A8 
 880      2FD27BA1 
 880      7BF0CCE9 
 881 0244 8B9D5D3D 		.ascii	"\213\235]='\373\204scx\350\372\300\265\320\225\221\253"
 881      27FB8473 
 881      6378E8FA 
 881      C0B5D095 
 881      91AB
 882 0256 E706FA23 		.ascii	"\347\006\372#7\377\002\230[\354j"
 882      37FF0298 
 882      5BEC6A
ARM GAS  C:\Users\elias\AppData\Local\Temp\cc0Or0pr.s 			page 69


 883              		.text
 884              		.section	.gnu.lto_UART_PutArray.part.2.4d82c36d,"",%progbits
 885 0000 789C4D52 		.ascii	"x\234MRMHTQ\024>\337\275\357OS\023\242\335\020\266\020"
 885      4D485451 
 885      143EDFBD 
 885      EF4F5313 
 885      A2DD10B6 
 886 0015 731351B4 		.ascii	"s\023Q\264i\027.\242]h\321\306\210\324W\264\031\301"
 886      69172EA2 
 886      5D68D1C6 
 886      88D457B4 
 886      19C1
 887 0027 46C8D5DC 		.ascii	"F\310\325\334\346\315\244E\205\213\262\022\303H\304"
 887      E6CDA445 
 887      858BB212 
 887      C348C4
 888 0036 4A1B3593 		.ascii	"J\0335\223\230\235\012!\210Ym\204\020)\215&\251 G\212"
 888      989D0A21 
 888      88596D84 
 888      10298D26 
 888      A920478A 
 889 004a C0B0E99C 		.ascii	"\300\260\351\234\367Zxy\357\236s\317;\3379\337\371\356"
 889      F75A7879 
 889      EF9E73CF 
 889      3BDF39DF 
 889      F9EE
 890 005c B308246B 		.ascii	"\263\010$kB\021\035a\333\300/\\\202\323\275\300\216"
 890      42111D61 
 890      DBC02F5C 
 890      82D3BDC0 
 890      8E
 891 006d 03155A05 		.ascii	"\003\025Z\005+\264:\262\323\236\245\364\215Y\"Sj\247"
 891      2BB43AB2 
 891      D39EA5F4 
 891      8D592253 
 891      6AA7
 892 007f 5D326536 		.ascii	"]2e6 q\343\201\222\216\322\226\215\244\262\010S\026"
 892      2071E381 
 892      928ED296 
 892      8DA4B208 
 892      5316
 893 0091 8A51F95F 		.ascii	"\212Q\371_jKa\2463\237S\265C\206\327\307\317\023\273"
 893      6A4B61A6 
 893      339F53B5 
 893      4386D7C7 
 893      CF13BB
 894 00a4 7BCD5BA3 		.ascii	"{\315[\2433\232\250\250\302\034\302\020j9\355]z\254"
 894      339AA8A8 
 894      C21CC210 
 894      6A39ED5D 
 894      7AAC
 895 00b6 4FFF5419 		.ascii	"O\377T\031\015X|,\274\356\375T!G\205*>>\3746\235-\321"
 895      0D587C2C 
 895      BCEEFD54 
 895      2147852A 
 895      3E3EFC36 
 896 00cd 7B41ECDF 		.ascii	"{A\354\337Z\273\366\241\274f\320\230\2241\367}S\222"
ARM GAS  C:\Users\elias\AppData\Local\Temp\cc0Or0pr.s 			page 70


 896      5ABBF6A1 
 896      BC66D098 
 896      9431F77D 
 896      5392
 897 00df D11A4FA1 		.ascii	"\321\032O\241\271\036\236 \206\307\210\021\207\010\303"
 897      B91E9E20 
 897      86C78811 
 897      8708C3
 898 00ee A8E1ECFC 		.ascii	"\250\341\354\374\253\233\233\216\336\027\"\227{\362"
 898      AB9B9B8E 
 898      DE172297 
 898      7BF2
 899 00fc 03DE7FE4 		.ascii	"\003\336\177\344\3733B\303\302H\204<\024\303\001\301"
 899      FB3342C3 
 899      C248843C 
 899      14C301C1 
 900 010c 31FF67A8 		.ascii	"1\377g\250\221\344\371\273\267\177h}0\004~\311\375\351"
 900      91E4F9BB 
 900      B77F687D 
 900      30047EC9 
 900      FDE9
 901 011e DB513D20 		.ascii	"\333Q= \300\251\311\341\216B\312\3343\226\240\263\333"
 901      C0A9C9E1 
 901      8E42CADC 
 901      3396A0B3 
 901      DB
 902 012f D1B23879 		.ascii	"\321\2628yu\374\357\235r'-\003Wa\024\325\321\244\030"
 902      75FCEF9D 
 902      72272D03 
 902      576114D5 
 902      D1A418
 903 0142 635DD948 		.ascii	"c]\331Hd\264\336\230b10\335/O\327\227\201$\244\2707"
 903      64B4DE98 
 903      623130DD 
 903      2F4FD797 
 903      8124A4B8 
 904 0157 0B2DA42D 		.ascii	"\013-\244-\241o\363f;\341'\027B\311\013}\242u.\306\352"
 904      A16FF366 
 904      3BE12717 
 904      42C90B7D 
 904      A2752EC6 
 905 016c AF2B878D 		.ascii	"\257+\207\215.(%\2066\340q\347\236\314\314\033WD\263"
 905      2E282586 
 905      36E071E7 
 905      9ECCCC1B 
 905      5744B3
 906 017f B8E83862 		.ascii	"\270\3508b\316\310\322\334N*(M|m:\217\324F\347B6\263"
 906      CEC8D2DC 
 906      4E2A284D 
 906      7C6D3A8F 
 906      D446E742 
 907 0195 4BA8045A 		.ascii	"K\250\004Z\005\032\224G\320\347Dg+\320\232\243\034J"
 907      051A9447 
 907      D0E74467 
 907      2BD09AA3 
 907      1C4A
 908 01a7 6D5E9F57 		.ascii	"m^\237WQ\320\336^U\207Z\374\236\235\353*\353\307\203"
ARM GAS  C:\Users\elias\AppData\Local\Temp\cc0Or0pr.s 			page 71


 908      51D0DE5E 
 908      55875AFC 
 908      9E9DEB2A 
 908      EBC783
 909 01ba 2B3C5F65 		.ascii	"+<_eF\013\022\317Ys\302\004\372Ak\260\004*\231\271\334"
 909      460B12CF 
 909      5973C204 
 909      FA416BB0 
 909      042A99B9 
 910 01cf F72537B9 		.ascii	"\367%7\271e\272\302D\267\250d\376\027H\022\327\315h"
 910      65BAC244 
 910      B7A864FE 
 910      174812D7 
 910      CD68
 911 01e1 4F9AF75C 		.ascii	"O\232\367\\]\314\016VD\275\370\001\243&;\347\307K\243"
 911      5DCC0E56 
 911      44BDF801 
 911      A3263BE7 
 911      C74BA3
 912 01f4 2180492E 		.ascii	"!\200I.\274\212\220\214\214\317I,e\201\3772\376\361"
 912      BC8A908C 
 912      8CCF492C 
 912      6581FF32 
 912      FEF1
 913 0206 F42A5295 		.ascii	"\364*R\225\024\205A+H/\004\305\305GvT\014\201v\345>"
 913      1485412B 
 913      482F04C5 
 913      C5477654 
 913      0C8176E5 
 914 021b 36C09EA7 		.ascii	"6\300\236\247xs\364\310\362\\\214\301\266(\366\025\251"
 914      7873F4C8 
 914      F25C8CC1 
 914      B628F615 
 914      A9
 915 022c A9A5E1DA 		.ascii	"\251\245\341\332\220\252\254u&\227vY\333=\307\374\270"
 915      90AAAC75 
 915      26977659 
 915      DB3DC7FC 
 915      B8
 916 023d DF762EE1 		.ascii	"\337v.\341\267\234mhmok\366\033O4\264\326\035n<u\264"
 916      B79C6D68 
 916      6D6F6BF6 
 916      1B4F34B4 
 916      D61D6E3C 
 917 0253 FEE4FE66 		.ascii	"\376\344\376fr.%\332.\306/\2244u$\374\272\326\366x\302"
 917      722E25DA 
 917      2EC62F94 
 917      347524FC 
 917      BAD6F678 
 918 0268 6B6A3F7F 		.ascii	"kj?\177<\336\342_\376\007\340\\\361\325"
 918      3CDEE25F 
 918      FE07E05C 
 918      F1D5
 919              		.text
 920              		.section	.gnu.lto_UART_PutCRLF.part.3.4d82c36d,"",%progbits
 921 0000 789C858F 		.ascii	"x\234\205\217\275K\003A\020\305\347\355\236g\014\004"
 921      BD4B0341 
ARM GAS  C:\Users\elias\AppData\Local\Temp\cc0Or0pr.s 			page 72


 921      10C5E7ED 
 921      9E670C04 
 922 0010 6CEC8268 		.ascii	"l\354\202h\025\202(\202\370\007\370\001\266\222h\027"
 922      15822882 
 922      F807F801 
 922      B6926817 
 923 0020 9110AF35 		.ascii	"\221\020\2575\020N\320Bn\315\007\332i\243\205\235EH"
 923      104ED042 
 923      6ECD07DA 
 923      69A3859D 
 923      4548
 924 0032 D478C1F2 		.ascii	"\324x\301\362\032\023DK\203\235\242\205b\341\027\026"
 924      1A13444B 
 924      839DA285 
 924      62E11716 
 925 0042 17D04A63 		.ascii	"\027\320Jc\334\275\303V\007\2267\314\276\337cF#\220"
 925      DCBDC356 
 925      079637CC 
 925      BEDF6346 
 925      2390
 926 0054 AA552903 		.ascii	"\252U)\003R\007\345C\007A\333j\310F\003\363\224\201"
 926      5207E543 
 926      0741DB6A 
 926      C84603F3 
 926      9481
 927 0066 2B5D0B70 		.ascii	"+]\013p@5\"\000\2624\306a\341\203\265\030N\327\037\035"
 927      40352200 
 927      B234C661 
 927      E183B518 
 927      4ED71F1D 
 928 007a 162D0959 		.ascii	"\026-\011Y\367\347O=\273\342R\360\002'j3/\234PBT\332"
 928      F7E74F3D 
 928      BBE252F0 
 928      02276A33 
 928      2F9C5042 
 929 0090 361BB52F 		.ascii	"6\033\265/\306\373A\262\3379;\261\273\"E!\262B|&\224"
 929      C6FB41B2 
 929      DF393BB1 
 929      BB224521 
 929      B2427C26 
 930 00a5 1D28834B 		.ascii	"\035(\203K\002#a\014\207I\016\010\373\210(\363\303\361"
 930      0223610C 
 930      87490E08 
 930      FB8828F3 
 930      C3F1
 931 00b7 F77648CF 		.ascii	"\367vH\317\253\374>?\024\007\320\325\346\325\230\020"
 931      ABFC3E3F 
 931      1407D0D5 
 931      E6D59810 
 932 00c7 ED764E6C 		.ascii	"\355vNl\325\346b:\340\001\344J\207Z\323e\232R\336d\314"
 932      D5E6623A 
 932      E001E44A 
 932      875AD365 
 932      9A52DE64 
 933 00dc D367E4EB 		.ascii	"\323g\344\353W\366\013\024\254b\035\347\355\266\323"
 933      57F60B14 
 933      AC621DE7 
ARM GAS  C:\Users\elias\AppData\Local\Temp\cc0Or0pr.s 			page 73


 933      EDB6D3
 934 00eb 6A890D21 		.ascii	"j\211\015!\272\013\234\265\231L\304!,\312q\0248'\345"
 934      BA0B9CB5 
 934      994CC421 
 934      2CCA7114 
 934      3827E5
 935 00fe BFB6FFB6 		.ascii	"\277\266\377\266W\244]\376\271N\261\314\336\231\272"
 935      57A45DFE 
 935      B94EB1CC 
 935      DE99BA
 936 010d 22842384 		.ascii	"\"\204#\204\177\361\233\177p\333\307/\366*\015\335\307"
 936      7FF19B7F 
 936      70DBC72F 
 936      F62A0DDD 
 936      C7
 937 011e 83A8FA38 		.ascii	"\203\250\3728Q\223qo\357Wd\353wv\324\013R\345JT\316"
 937      5193716F 
 937      EF5764EB 
 937      7776D40B 
 937      52E54A54 
 938 0133 E595BD53 		.ascii	"\345\225\275S\306\242\221I\232\306\302|<\275\224I\031"
 938      C6A29149 
 938      9AC6C27C 
 938      3CBD9449 
 938      19
 939 0144 89E9787A 		.ascii	"\211\351xzb41;\026\233\031JQ\320\\\236L\232\311\361"
 939      6234313B 
 939      169B194A 
 939      51D05C9E 
 939      4C9AC9F1 
 940 0158 15D3F801 		.ascii	"\025\323\370\001V`\224\305"
 940      566094C5 
 941              		.text
 942              		.section	.gnu.lto_UART_PutString.4d82c36d,"",%progbits
 943 0000 789C6592 		.ascii	"x\234e\222\317KTQ\024\307\317\367\3367\277\234&ga;\021"
 943      CF4B5451 
 943      14C7CFF7 
 943      DE37BF9C 
 943      2667613B 
 944 0015 5BC8349B 		.ascii	"[\3104\233\212\250?@ZD\273\320\332\011Q\372\2126#L\012"
 944      8AA83F40 
 944      5A44BBD0 
 944      DA0951FA 
 944      8A36234C 
 945 002a EDDE75DE 		.ascii	"\355\336u\336<\322\202h\221\006\226L 2\216\225\343\364"
 945      3CD28268 
 945      9106964C 
 945      20328E95 
 945      E3F4
 946 003c 0B068446 		.ascii	"\013\006\204F\255\335\364Kj\345\2422\220\301\204f\242"
 946      ADDDF44B 
 946      6AE5A232 
 946      90C18466 
 946      A2
 947 004d 415CE8EB 		.ascii	"A\\\350\353\334\367\202\202\016<\356;\347\235\3739\337"
 947      DCF78282 
 947      0E3CEE3B 
ARM GAS  C:\Users\elias\AppData\Local\Temp\cc0Or0pr.s 			page 74


 947      E79DFB39 
 947      DF
 948 005e EF7DD720 		.ascii	"\357}\327 \220\216c\202\350(\257\307\371A\200 n\277"
 948      908E6382 
 948      E828AFC7 
 948      F9418020 
 948      6EBF
 949 0070 251A090B 		.ascii	"%\032\011\013!?\036!\325b,v\220\332'a\3502\014@\257"
 949      213F1E21 
 949      D5622C76 
 949      90DA2761 
 949      E8320C40 
 950 0085 2A0CB284 		.ascii	"*\014\262\2044`\011\253)v\005\226\257o\224E2\2578\276"
 950      346009AB 
 950      29760596 
 950      AF6F9445 
 950      32AF38BE 
 951 0099 CCECB54D 		.ascii	"\314\354\265M\252\367J:\222\310\025\336\014B\036In\373"
 951      AAF74A3A 
 951      92C815DE 
 951      0C421E49 
 951      6EFB
 952 00ab 905DB82F 		.ascii	"\220]\270/\177\011G\002\006\247\2157\223\337\366\353"
 952      7F094702 
 952      06A78D37 
 952      93DFF6EB 
 953 00bb 54A093D3 		.ascii	"T\240\223\323\007\337\227\346#\362 \210\337o\325\306"
 953      07DF97E6 
 953      23F22088 
 953      DF6FD5C6 
 954 00cb 3EC71233 		.ascii	">\307\0223Je\224\272g\252\210#%\346 \231\207\002\332"
 954      4A6594BA 
 954      67AA8823 
 954      25E62099 
 954      8702DA
 955 00de 318B76E2 		.ascii	"1\213v\342\022\341!\022\272\375\265\273]i\365\301Z\316"
 955      12E12112 
 955      BAFDB5BB 
 955      5D69F5C1 
 955      5ACE
 956 00f0 6ABD3A15 		.ascii	"j\275:\025\365\301qN\253w\357\374\220\362\220\007n\336"
 956      F5C1714E 
 956      AB77EFFC 
 956      90F29007 
 956      6EDE
 957 0102 2C8CB776 		.ascii	",\214\267vMkpe;\337\235\261\325\2542\034\2662\357\323"
 957      4D6B7065 
 957      3BDF9DB1 
 957      D5AC321C 
 957      B632EFD3 
 958 0116 1F33FD11 		.ascii	"\0373\375\021\323up\373zio<\026\314jc\235(\242\313w"
 958      D37570FB 
 958      7A696F3C 
 958      16CC6A63 
 958      9D28A2CB 
 959 012b 840504F9 		.ascii	"\204\005\004\371\364\240+\305\236\212r][U\232\211\325"
 959      F4A02BC5 
ARM GAS  C:\Users\elias\AppData\Local\Temp\cc0Or0pr.s 			page 75


 959      9E8A725D 
 959      5B559A89 
 959      D5
 960 013c DAF48190 		.ascii	"\332\364\201\220`a\001\326\301\312\014\362\266P\235"
 960      606101D6 
 960      C1CA0CF2 
 960      B6509D
 961 014b F7AC44A9 		.ascii	"\367\254D\251!\004/r\035\031\236\274$<\010\177\347)"
 961      21042F72 
 961      1D199EBC 
 961      243C087F 
 961      E729
 962 015d 13CEF2BB 		.ascii	"\023\316\362\273\220\326k\200P\342\351\033\310L\224"
 962      90D66B80 
 962      50E2E91B 
 962      C84C94
 963 016c DC425AF7 		.ascii	"\334BZ\367\330R\374\333\022\364l\224\313[k!kW\215*\025"
 963      D852FCDB 
 963      12F46C94 
 963      CB5B6B21 
 963      6B578D2A 
 964 0181 E7DA98F4 		.ascii	"\347\332\230\364\345nV?\275j\311ajDy\365\020\236\302"
 964      E56E563F 
 964      BD6AC961 
 964      6A4479F5 
 964      109EC2
 965 0194 C2136D07 		.ascii	"\302\023m\007\317\220\003}Ev\315N\375\245\026\267\312"
 965      CF90037D 
 965      4576CD4E 
 965      FDA516B7 
 965      CA
 966 01a5 3B314D0D 		.ascii	";1M\015\360\340\347\177l7\204\244lH\326\220\215\353"
 966      F0E0E77F 
 966      6C3784A4 
 966      6C48D690 
 966      8DEB
 967 01b7 CEFFC785 		.ascii	"\316\377\307\205]\241\335\277\200E\266\344\377\034!"
 967      5DA1DDBF 
 967      8045B6E4 
 967      FF1C21
 968 01c6 FAC95783 		.ascii	"\372\311W\203\205\213\305\2277\332\030`h\243\233l47"
 968      858BC597 
 968      37DA1860 
 968      68A39B6C 
 968      3437
 969 01d8 97F4183A 		.ascii	"\227\364\030:\352\274k%\312g\321q\312L\231\351\013C"
 969      EABC6B25 
 969      CA67D171 
 969      CA4C99E9 
 969      0B43
 970 01ea E6C0F9DE 		.ascii	"\346\300\371\336\301\341t\277\331w\246w\360\344\211"
 970      C1E174BF 
 970      D977A677 
 970      F0E489
 971 01f9 BE73DD3D 		.ascii	"\276s\335=g\017\367S\360\352P\372J\352r\370\342\360"
 971      670FF753 
 971      F0EA50FA 
ARM GAS  C:\Users\elias\AppData\Local\Temp\cc0Or0pr.s 			page 76


 971      4AEA72F8 
 971      E2F0
 972 020b A5D3A901 		.ascii	"\245\323\251\001\363\332oZ[\322w"
 972      F3DA6F5A 
 972      5BD277
 973              		.text
 974              		.section	.gnu.lto_UART_PutArray.4d82c36d,"",%progbits
 975 0000 789C6551 		.ascii	"x\234eQKh\023Q\024\275\347\275If\322X\355\246\273P\352"
 975      4B681351 
 975      14BDE7BD 
 975      4966D258 
 975      EDA6BB50 
 976 0015 A2C420A8 		.ascii	"\242\304 \250\370\331\270\223.\304\2354\272\253\210"
 976      F8D9B893 
 976      2EC49D34 
 976      BAAB88
 977 0024 6D477193 		.ascii	"mGq\223@L\300\256\3465\037\264\013\305\205F-\225\012"
 977      404CC0AE 
 977      E6351FB4 
 977      0BC58546 
 977      2D950A
 978 0037 455A9BDA 		.ascii	"EZ\233\332\264\306\012A\027\261\325\215\324/\272\220"
 978      B4C60A41 
 978      17B1D58D 
 978      D42FBA90 
 979 0047 20D68AB1 		.ascii	" \326\212\261\324\242\215\350\242J\215\367M\004\013"
 979      D4A28DE8 
 979      A24A8DF7 
 979      4D040B
 980 0056 5E18DEBC 		.ascii	"^\030\336\274;\347s\317\035\203@\272\302\202h/\237\273"
 980      3BE773CF 
 980      1D8340BA 
 980      C282682F 
 980      9FBB
 981 0068 F9818720 		.ascii	"\371\201\207 .<%\352\263\204\220\257\266\223j0\356\267"
 981      2E3C25EA 
 981      B38490AF 
 981      B6936A30 
 981      EEB7
 982 007a 90DA2061 		.ascii	"\220\332 a\3506\014@\237\312\0029B\032p\204\363C\254"
 982      E8360C40 
 982      9FCA0239 
 982      421A7084 
 982      F343AC
 983 008d 09CC9CA9 		.ascii	"\011\314\234\251\024EhDq\315\177,4\017\250\347Jf$QM"
 983      14456844 
 983      71CD7F2C 
 983      340FA8E7 
 983      4A662451 
 984 00a2 B81E8411 		.ascii	"\270\036\204\021\204\030\366\"=9(\277\213\214\004\014"
 984      8418F622 
 984      3D3928BF 
 984      8B8C040C 
 985 00b2 BE569F0C 		.ascii	"\276V\237\014|\330\250\257\002\255|\275\376\371\301"
 985      7CD8A8AF 
 985      02AD7CBD 
 985      FEF9C1
ARM GAS  C:\Users\elias\AppData\Local\Temp\cc0Or0pr.s 			page 77


 986 00c1 844F6E06 		.ascii	"\204On\006\361\373\371\305\376w\215\301\033J%\225\272"
 986      F1FBF9C5 
 986      FE778DC1 
 986      1B4A2595 
 986      BA
 987 00d2 6A2B5F46 		.ascii	"j+_FJ\214A\262\036n\"\200Q\004\210[\204\034\202\214"
 987      4A8C41B2 
 987      1E6E2280 
 987      5104885B 
 987      841C828C 
 988 00e6 AE3C3AF7 		.ascii	"\256<:\367\323+\267\270\314\267\331\312\260\365\227"
 988      D32BB7B8 
 988      CCB7D9CA 
 988      B0F597
 989 00f5 F9E6881E 		.ascii	"\371\346\210\036\303\300x\235\271+\200\035\232g\020"
 989      C3C0789D 
 989      B92B801D 
 989      9A6710
 990 0104 6E21A8C1 		.ascii	"n!\250\301s\227/~\225r\247K\374T\3745\350o\033\326\304"
 990      73972F7E 
 990      9572A74B 
 990      FC54FC35 
 990      E86F1BD6 
 991 0119 D274AEB7 		.ascii	"\322t\256\267\232TW\224\241\331\023\353\331\272\030"
 991      9A545794 
 991      A1D913EB 
 991      D9BA18
 992 0128 BC30F5FB 		.ascii	"\2740\365\373R\2437\255\003\267\"\217\266zRL\302\313"
 992      52A337AD 
 992      03B7228F 
 992      B67A524C 
 992      C2CB
 993 013a 5B85EEE4 		.ascii	"[\205\356\344;J\252VK\251Ra\353\313\321{\315\226`c\017"
 993      3B4AAA56 
 993      4BA95261 
 993      EBCBD17B 
 993      CD966063 
 994 014f 0767670F 		.ascii	"\007gg\017\364\334&\271DZa\346\254\237\252B\360!\027"
 994      F4DC26B9 
 994      445A61E6 
 994      AC9FAA42 
 994      F02117
 995 0162 9064F755 		.ascii	"\220d\367U\270R\374\235\275\262\231\231g\246^\223\001"
 995      B852FC9D 
 995      BDB29999 
 995      67A65E93 
 995      01
 996 0173 C21427AF 		.ascii	"\302\024'\257 \231\255~\031\213iLJ\212\365\020\257\033"
 996      2099AD7E 
 996      198B694C 
 996      4A8AF510 
 996      AF1B
 997 0185 A5585C2E 		.ascii	"\245X\\.\233\316\232:\253T\023\367\372e}\350\245\271"
 997      9BCE9A3A 
 997      AB5413F7 
 997      FA657DE8 
 997      A5B9
ARM GAS  C:\Users\elias\AppData\Local\Temp\cc0Or0pr.s 			page 78


 998 0197 D70F1B86 		.ascii	"\327\017\033\206p\255O\271}\003\0058\270\315\202\204"
 998      70AD4FB9 
 998      7D030538 
 998      B8CD8284 
 999 01a7 3B1802BD 		.ascii	";\030\002\275G\272\234\212\374S\315/\027W\033\265\252"
 999      47BA9C8A 
 999      FC53CD2F 
 999      17571BB5 
 999      AA
 1000 01b8 878DA751 		.ascii	"\207\215\247Q\017_\025\222\322\246\\D\246I#\377\267"
 1000      0F5F1592 
 1000      D2A65C44 
 1000      A64923FF 
 1000      B7
 1001 01c9 336B42EF 		.ascii	"3kB\357\340.\034JIOJ\362\037\260\210\276\301\324\263"
 1001      E02E1C4A 
 1001      494F4AF2 
 1001      1FB088BE 
 1001      C1D4B3
 1002 01dc 8BF1F2E3 		.ascii	"\213\361\362\343M\254a\350\254K\234\265\234\013\271"
 1002      4DAC61E8 
 1002      AC4B9CB5 
 1002      9C0BB9
 1003 01eb 32BA5698 		.ascii	"2\272V\2308\353\347u\264\354\267#v\354X\334\3569\032"
 1003      38EBE775 
 1003      B4ECB723 
 1003      76EC58DC 
 1003      EE391A
 1004 01fe 8E2662DD 		.ascii	"\216&b\335v\347\301p\264}O\347\341}\035\207\266u\223"
 1004      76E7C170 
 1004      B47D4FE7 
 1004      E17D1D87 
 1004      B67593
 1005 0211 F7543C76 		.ascii	"\367T<v2r\302\327\325\033\267\333\243\211H\334\352J"
 1005      3272C2D7 
 1005      D51BB7DB 
 1005      A38948DC 
 1005      EA4A
 1006 0223 1C3F10E9 		.ascii	"\034?\020\351\261O\377\001\343\366\335\305"
 1006      B14FFF01 
 1006      E3F6DDC5 
 1007              		.text
 1008              		.section	.gnu.lto_UART_PutCRLF.4d82c36d,"",%progbits
 1009 0000 789C6550 		.ascii	"x\234eP9K\203A\024|\263\373\231hP\260\261\013A+\011"
 1009      394B8341 
 1009      147CB3FB 
 1009      996850B0 
 1009      B10B412B 
 1010 0015 820AE20F 		.ascii	"\202\012\342\017\360\000[\361\350\002\022\364k\025B"
 1010      F0005BF1 
 1010      E80212F4 
 1010      6B1542
 1011 0024 04ADBE35 		.ascii	"\004\255\2765\007j\245\215)\004\261\022\217h\202e,4"
 1011      076AA58D 
 1011      2904B112 
 1011      8F688265 
 1011      2C34
ARM GAS  C:\Users\elias\AppData\Local\Temp\cc0Or0pr.s 			page 79


 1012 0036 48EC4445 		.ascii	"H\354DE\324\306\302\243\210AS(h!\036\361\275\317\302"
 1012      D4C6C2A3 
 1012      88415328 
 1012      68211EF1 
 1012      BDCFC2
 1013 0049 C207CB5B 		.ascii	"\302\007\313[\206\231\331\231\265\010$\343\360j\341"
 1013      8699D999 
 1013      B50824E3 
 1013      F06AE1
 1014 0058 DDC10755 		.ascii	"\335\301\007U\004\265xB4S\255\224\336\013\220\361YW"
 1014      04B57842 
 1014      3453AD94 
 1014      DE0B90F1 
 1014      5957
 1015 006a 6D646A35 		.ascii	"mdj5,\201a\001\262M5\310Q\332\202\2037\365\245p8[\314"
 1015      2C816101 
 1015      B24D35C8 
 1015      51DA8283 
 1015      37F5A570 
 1016 0081 A9E0BAE1 		.ascii	"\251\340\272\341\271=zhX6gF'5QE\271O\020\326\021d\332"
 1016      B93D7A68 
 1016      58366746 
 1016      27355145 
 1016      B94F10D6 
 1017 0098 C2C9C1A7 		.ascii	"\302\311\301\247\322M \276\247\012\373\231\232\3465"
 1017      D24D20BE 
 1017      A70AFB99 
 1017      9AE635
 1018 00a7 6362C67C 		.ascii	"cb\306|\204\204\016l@\263\002\035~\264\373\211\001\302"
 1018      84840E6C 
 1018      40B3021D 
 1018      7EB4FB89 
 1018      01C2
 1019 00b9 269A857C 		.ascii	"&\232\205|\277\373\275T\347I\210\177\343\257)\266\340"
 1019      BFFBBD54 
 1019      E749887F 
 1019      E3AF29B6 
 1019      E0
 1020 00ca 91FCD981 		.ascii	"\221\374\331\201\274\251T\342&\177\320z^zj\360(\326"
 1020      BCA954E2 
 1020      267FD07A 
 1020      5E7A6AF0 
 1020      28D6
 1021 00dc 29B61221 		.ascii	")\266\022!=3S\342\276(%[\027\021K\275\\\244#\"\216k"
 1021      3D3353E2 
 1021      BE28255B 
 1021      17114BBD 
 1021      5CA42322 
 1022 00f2 099E4A1E 		.ascii	"\011\236J\036\236z_URk7T.W\276\366:_f\316\230z\306\346"
 1022      9E7A5F55 
 1022      526B3754 
 1022      2E57BEF6 
 1022      3A5F66CE 
 1023 010a B982C08F 		.ascii	"\271\202\300\217\307\227\005\337*Vf\214\213\003\333"
 1023      C79705DF 
 1023      2A56668C 
 1023      8B03DB
ARM GAS  C:\Users\elias\AppData\Local\Temp\cc0Or0pr.s 			page 80


 1024 0119 5C3C0D3F 		.ascii	"\\<\015?\307\330\301*\350\016\211\353\370\370\237k\266"
 1024      C7D8C12A 
 1024      E80E89EB 
 1024      F8F89F6B 
 1024      B6
 1025 012a 9C7BAF13 		.ascii	"\234{\257\023W\305\0252\302#\011\241i/\240KH\324\013"
 1025      57C51532 
 1025      C22309A1 
 1025      692FA04B 
 1025      48D40B
 1026 013d F3FF7356 		.ascii	"\363\377sV\205\351\204,\034\212k\376\217*Wd\271\311"
 1026      85E9842C 
 1026      1C8A6BFE 
 1026      8F2A5764 
 1026      B9C9
 1027 014f 1F11CBDF 		.ascii	"\037\021\313\337d\202\256P\346\231\251\214s\277@\237"
 1027      6482AE50 
 1027      E699A98C 
 1027      73BF409F 
 1028 015f 3D6E47C2 		.ascii	"=nG\302Q{ldpb22j\207\372\007'z:C\303]\003C\255\243\344"
 1028      517B6C64 
 1028      70623232 
 1028      6A87FA07 
 1028      277A3A43 
 1029 017a 8B4EF586 		.ascii	"\213N\365\206\243\341\356\351\250\375\003b\006\2251"
 1029      A3E1EEE9 
 1029      A8FD0362 
 1029      069531
 1030              		.text
 1031              		.section	.gnu.lto_UART_GetTxBufferSize.4d82c36d,"",%progbits
 1032 0000 789C9554 		.ascii	"x\234\225TMH\224A\030~\337\231\357g\335\325\224\300"
 1032      4D489441 
 1032      187EDF99 
 1032      EF67DDD5 
 1032      94C0
 1033 0012 E8B0481D 		.ascii	"\350\260H\035\014\204\310(\272\012\321\241S\020j7!\302"
 1033      0C84C828 
 1033      BA0AD1A1 
 1033      53106A37 
 1033      21C2
 1034 0024 F6D045C1 		.ascii	"\366\320E\301\352P\004\316\376ERPanB\205d\210V\233f"
 1034      EA5004CE 
 1034      FE455250 
 1034      616E4285 
 1034      6488569B 
 1035 0039 9AB565B2 		.ascii	"\232\265e\262\230b\242\330\017\032\225\021\265\007\003"
 1035      9862A2D8 
 1035      0F1A9511 
 1035      B50703
 1036 0048 9370CBDA 		.ascii	"\223p\313\332:\350\366\276\363\255\313\026]\374\340"
 1036      3AE8F6BE 
 1036      F3ADCB16 
 1036      5DFCE0
 1037 0057 9B6FE699 		.ascii	"\233o\346\231\231\347yf\346\231\317\000\004~\326\033"
 1037      99E77966 
 1037      E699CF00 
 1037      047ED61B 
ARM GAS  C:\Users\elias\AppData\Local\Temp\cc0Or0pr.s 			page 81


 1038 0067 00A5F4DD 		.ascii	"\000\245\364\335G/\332\200\342\302\024\200\337%\204"
 1038      472FDA80 
 1038      E2C21480 
 1038      DF2584
 1039 0076 355608CA 		.ascii	"5V\010\312-\307+@\345Ka\014\226P\313\234.\247\226\201"
 1039      2DC72B40 
 1039      E54B610C 
 1039      9650CB9C 
 1039      2EA79681 
 1040 008a 9633C85C 		.ascii	"\2263\310\\\255X\210\\Q.\204F!\015\323\302F\374!\226"
 1040      AD58885C 
 1040      512E8446 
 1040      210DD3C2 
 1040      46FC2196 
 1041 009e 054EA49E 		.ascii	"\005N\244\236\235s\227u*\025P\037;V\212\257t\277P2,"
 1041      9D739775 
 1041      2A15501F 
 1041      3B568AAF 
 1041      74BF5032 
 1042 00b3 01D20270 		.ascii	"\001\322\002p\247\027\267{Y\265\023\313\200\306\266"
 1042      A717B77B 
 1042      59B513CB 
 1042      80C6B6
 1043 00c2 FB67260A 		.ascii	"\373g&\012\344f\344\372\302\207\324\\^\351\015\236\027"
 1043      E466E4FA 
 1043      C287D45C 
 1043      5EE90D9E 
 1043      17
 1044 00d3 FFDD7322 		.ascii	"\377\335s\"\031P\255\312\240\211\330\2052w.\360\340"
 1044      1950ADCA 
 1044      A089D885 
 1044      32772EF0 
 1044      E0
 1045 00e4 44EF4A4B 		.ascii	"D\357JK\201\025R\364l\302\233X\312\354D{\013-Z\"2\322"
 1045      811552F4 
 1045      6CC29B58 
 1045      CAEC447B 
 1045      0B2D5A22 
 1046 00fa 531957E9 		.ascii	"S\031W\351tP\305S\345\257\272\0066\024 0j@X\242\311"
 1046      7450C553 
 1046      E5AFBA06 
 1046      36142030 
 1046      6A4058A2 
 1047 010f 85C585CD 		.ascii	"\205\305\205\315\205K\367\344q\325\315\205G\267\001"
 1047      854BF7E4 
 1047      71D5CD85 
 1047      47B701
 1048 011e 16899297 		.ascii	"\026\211\222\227\230\024\202\277r\016\207\227\026G\242"
 1048      981482BF 
 1048      720E8797 
 1048      1647A2
 1049 012d 3B58852C 		.ascii	";X\205,D\302\303\317\355%\021\226B\333?=8t^8M\3654\250"
 1049      44C2C3CF 
 1049      ED251196 
 1049      42DB3F3D 
 1049      38745E38 
 1050 0145 D611146B 		.ascii	"\326\021\024k~\275b\266\3415\177\010\303Rb\024\275x"
ARM GAS  C:\Users\elias\AppData\Local\Temp\cc0Or0pr.s 			page 82


 1050      7EBD62B6 
 1050      E1357F08 
 1050      C3526214 
 1050      BD78
 1051 0157 1B690978 		.ascii	"\033i\011x\007\333\220\372G\323\251x!O1P`7\365\220B"
 1051      07DB90FA 
 1051      47D3A978 
 1051      214F3150 
 1051      6037F590 
 1052 016c 24391A3D 		.ascii	"$9\032=\305\012Ai\344\212\230Z$\026[\230\265\033\227"
 1052      C50A4169 
 1052      E48A985A 
 1052      24165B98 
 1052      B51B97
 1053 017f D519A58A 		.ascii	"\325\031\245\212\010k\222\316n,\204\022S\036\026R~\306"
 1053      086B92CE 
 1053      6E2C8412 
 1053      531E1652 
 1053      7EC6
 1054 0191 2DBC4B87 		.ascii	"-\274K\207\321\243\245zI\212x\003\021tH\315\\R\373?"
 1054      D1A3A57A 
 1054      498A7803 
 1054      117448CD 
 1054      5C52FB3F 
 1055 01a5 A4769344 		.ascii	"\244v\223DM:?93\342\326\244\032\007\354#\322{\232\264"
 1055      4D3A3F39 
 1055      33E2D6A4 
 1055      1A07EC23 
 1055      D27B9AB4 
 1056 01b9 9F493F61 		.ascii	"\237I?a\350]\260.c\225\210\365\321$\205\204\361\012"
 1056      E85DB02E 
 1056      639588F5 
 1056      D1248584 
 1056      F10A
 1057 01cb A9173216 		.ascii	"\251\0272\026]\025\265\326`\375~\326\372@F\345M\260"
 1057      5D15B5D6 
 1057      60FD7ED6 
 1057      FA4046E5 
 1057      4DB0
 1058 01dd 7DD53C51 		.ascii	"}\325<Qed\014\350\337\350\310LF\253\235^{\015*\017\262"
 1058      65640CE8 
 1058      DFE8C84C 
 1058      46AB9D5E 
 1058      7B0D2A0F 
 1059 01f2 2A0F9D0D 		.ascii	"*\017\235\015\012\266Z\016\213K\313\330\220\2403\341"
 1059      0AB65A0E 
 1059      8B4BCBD8 
 1059      90A033E1 
 1060 0202 38511408 		.ascii	"8Q\024\010\324\232&\264l\321\232/\247\266:\203\363\326"
 1060      D49A26B4 
 1060      6CD19A2F 
 1060      A7B63A83 
 1060      F3D6
 1061 0214 2019CB4A 		.ascii	" \031\313J>\372G\322\255%\363\030\212d \017\241D\362"
 1061      3EFA47D2 
 1061      AD25F318 
 1061      8A64200F 
ARM GAS  C:\Users\elias\AppData\Local\Temp\cc0Or0pr.s 			page 83


 1061      A144F2
 1062 0227 BDE3EA65 		.ascii	"\275\343\352e\027\237\024\240B|L\263\377\262\345\321"
 1062      179F14A0 
 1062      427C4CB3 
 1062      FFB2E5D1 
 1063 0237 B62C9DCE 		.ascii	"\266,\235\316\004\006\212\300\201\231\234\242:\235\215"
 1063      04068AC0 
 1063      81999CA2 
 1063      3A9D8D
 1064 0246 6AFFF5AF 		.ascii	"j\377\365\257\277\3623\331\034v\2629\373\345\347\347"
 1064      BFF233D9 
 1064      1C76B239 
 1064      FBE5E7E7 
 1065 0256 9C6C0E66 		.ascii	"\234l\016f\263\371\204\314\3510\316c \336\333\3676\263"
 1065      B3F984CC 
 1065      E930CE63 
 1065      20DEDBF7 
 1065      36B3
 1066 0268 F5FCE7F8 		.ascii	"\365\374\347\370\206\230\233\036\372\233\340\020z\305"
 1066      86989B1E 
 1066      FA9BE010 
 1066      7AC5
 1067 0276 FB8B678B 		.ascii	"\373\213g\213i\213\214K\315\344\332cN7{\350\352 \233"
 1067      698B8C4B 
 1067      CDE4DA63 
 1067      4E377BE8 
 1067      EA209B
 1068 0289 A20B54B2 		.ascii	"\242\013T\262\327W\347k8t\314w\370`U\375\361\206Z_\315"
 1068      D757E76B 
 1068      3874CC77 
 1068      F86055FD 
 1068      F1865A5F 
 1069 029e FEAAFA3D 		.ascii	"\376\252\372=\273j\016\354\256\254\336V\013\306\321"
 1069      BB6A0EEC 
 1069      AEACDE56 
 1069      0BC6D1
 1070 02ad 23277D7F 		.ascii	"#'}\177\000u\223iK"
 1070      00759369 
 1070      4B
 1071              		.text
 1072              		.section	.gnu.lto_UART_ClearTxBuffer.4d82c36d,"",%progbits
 1073 0000 789C8D93 		.ascii	"x\234\215\223KHTQ\034\306\317w\317\274|\214J\0137I\324"
 1073      4B485451 
 1073      1CC6CF77 
 1073      CFBC7C8C 
 1073      4A0B3749 
 1074 0015 C2858BA2 		.ascii	"\302\205\213\242\007\265\217\026\321.\264vB\230\335"
 1074      07B58F16 
 1074      D12EB476 
 1074      4298DD
 1075 0024 5D8C3169 		.ascii	"]\2141i\324j\316<\256\257\026\275\305\202\222\210\260"
 1075      D46ACE3C 
 1075      AEAF16BD 
 1075      C5829288 
 1075      B0
 1076 0035 B2492D9B 		.ascii	"\262I-\233qJ\3556ia\2049\201\026\332\213!LLBc*\211t"
 1076      714AED36 
ARM GAS  C:\Users\elias\AppData\Local\Temp\cc0Or0pr.s 			page 84


 1076      69618439 
 1076      8116DA8B 
 1076      214C4C42 
 1077 004d FA9F7347 		.ascii	"\372\237sG\011\015\351\300}\235\373\377\177\277\357"
 1077      090DE9C0 
 1077      7D9DFBFF 
 1077      7FBFEF
 1078 005c 7CE75E1B 		.ascii	"|\347^\033\003\223\343\023gl\013]\327\322\001\316\240"
 1078      0393E313 
 1078      676C0B5D 
 1078      D7D201CE 
 1078      A0
 1079 006d 9D1E62CC 		.ascii	"\235\036b\314\357\322\000y#\\`>\015>|\327\3465\304\353"
 1079      EFD20079 
 1079      235C603E 
 1079      0D3E7CD7 
 1079      E635C4EB 
 1080 0081 26625A49 		.ascii	"&bZI\253\240\361q`\242\360\222\030\026\334\240\376\264"
 1080      ABA0F171 
 1080      60A2F092 
 1080      1816DCA0 
 1080      FEB4
 1081 0093 A6A4185A 		.ascii	"\246\244\030ZQ\302\250\356\312l\342b\026\337\000y\377"
 1081      51C2A8EE 
 1081      CA6CE262 
 1081      16DF0079 
 1081      FF
 1082 00a4 A1B9F10D 		.ascii	"\241\271\361\015/\276&D@\230\261\310\211\331\200h\026"
 1082      2FBE2644 
 1082      4098B1C8 
 1082      89D98068 
 1082      16
 1083 00b5 36830337 		.ascii	"6\203\0037\300\251\017\333\212\260\271HuSq\262s\341"
 1083      C0A90FDB 
 1083      8AB0B948 
 1083      755371B2 
 1083      73E1
 1084 00c7 82DB1192 		.ascii	"\202\333\021\222\200\365\270\211bK\031\267\340 \263"
 1084      80F5B889 
 1084      624B19B7 
 1084      E020B3
 1085 00d6 9033EDA5 		.ascii	"\2203\355\245\246H\247\203\302\214\356xU\377\2550\237"
 1085      A648A783 
 1085      C28CEE78 
 1085      55FFAD30 
 1085      9F
 1086 00e7 1CD3AC8D 		.ascii	"\034\323\254\215\031\\\263\313\223S\236\\\362\304\330"
 1086      195CB3CB 
 1086      93539E5C 
 1086      F2C4D8
 1087 00f6 0C1D7211 		.ascii	"\014\035r\021\263\232&\257|\022A\2637\222\340R/\310"
 1087      B39A26AF 
 1087      7C1241B3 
 1087      3792E052 
 1087      2FC8
 1088 0108 39F162B1 		.ascii	"9\361b\261\351q\247o^\324\013Q`p\362#1m\360Q\277\215"
 1088      E971A76F 
ARM GAS  C:\Users\elias\AppData\Local\Temp\cc0Or0pr.s 			page 85


 1088      5ED40B51 
 1088      6070F223 
 1088      316DF051 
 1089 011e 25A12932 		.ascii	"%\241)2\351S5\233@\374W\343\323\261\353k\254v\033\265"
 1089      E953359B 
 1089      40FC57E3 
 1089      D3B1EB6B 
 1089      AC761BB5 
 1090 0132 3719F197 		.ascii	"7\031\361\227\316\224fp\273Zj\242\355l0\337zl\031\364"
 1090      CE946670 
 1090      BB5A6AA2 
 1090      ED6C30DF 
 1090      7A6C19F4 
 1091 0146 0B59D11D 		.ascii	"\013Y\321\035\255ku\264\340\262?\004\203;\020F\021n"
 1091      AD6B75B4 
 1091      E0B23F04 
 1091      833B1046 
 1091      116E
 1092 0158 83968B3B 		.ascii	"\203\226\213;h\001I\006\347\034\226\234\335R\354\352"
 1092      68014906 
 1092      E71C969C 
 1092      DD52ECEA 
 1093 0168 7F56EB92 		.ascii	"\177V\353\222\022\224?\332\251\222\250M\220%\253\211"
 1093      12943FDA 
 1093      A992A84D 
 1093      9025AB89 
 1094 0178 75901849 		.ascii	"u\220\030IX\026\237\217\331-I\347j-\235\031\376\357"
 1094      58169F8F 
 1094      D92D49E7 
 1094      6A2D9D19 
 1094      FEEF
 1095 018a 0CDF65D5 		.ascii	"\014\337e\325\217\237\034=\357\226|\007\026\200\273"
 1095      8F9F1C3D 
 1095      EF967C07 
 1095      1680BB
 1096 0199 FF6BE09E 		.ascii	"\377k\340\2362\340b\223\010\231#\221AU\317V\344\353"
 1096      32E06293 
 1096      08992391 
 1096      4155CF56 
 1096      E4EB
 1097 01ab 4CD34630 		.ascii	"L\323F0tQ\276\024\250A\365$\236\032~\2751#\277\024g"
 1097      7451BE14 
 1097      A841F524 
 1097      9E1A7EBD 
 1097      3123BF14 
 1098 01c0 968AB3B6 		.ascii	"\226\212\263\266\247\357\224f=\212'A\221'\365\316\215"
 1098      A7EF9466 
 1098      3D8A2741 
 1098      9127F5CE 
 1098      8D
 1099 01d1 2ED8170D 		.ascii	".\330\027\015d#B\006\356+\003Q2@\357\007\322?M\265\003"
 1099      64234206 
 1099      EE2B0351 
 1099      3240EF07 
 1099      D23F4DB5 
 1100 01e6 39B477DD 		.ascii	"9\264w\335\226\373\324\314\333\360\261\345\204\\\254"
 1100      96FBD4CC 
ARM GAS  C:\Users\elias\AppData\Local\Temp\cc0Or0pr.s 			page 86


 1100      DBF0B1E5 
 1100      845CAC
 1101 01f5 B497DBC0 		.ascii	"\264\227\333\300\255\257p:\224\034\312\221\024\341\227"
 1101      ADAF703A 
 1101      941CCA91 
 1101      14E197
 1102 0204 F36E3CA0 		.ascii	"\363n<\240\037 \2468\017-\316\222\216\033\014=\212\023"
 1102      1F20A638 
 1102      0F2DCE92 
 1102      8E1B0C3D 
 1102      8A13
 1103 0216 4875BC0B 		.ascii	"Hu\274\013\037_\316\311\373\007'\257\201Cq\246^\214"
 1103      1F5FCEC9 
 1103      FB0727AF 
 1103      814371A6 
 1103      5E8C
 1104 0228 F4672B8E 		.ascii	"\364g+\216\232\007\372\210\323\2538\217\226q@\034sq"
 1104      9A07FA88 
 1104      D3AB388F 
 1104      9671401C 
 1104      7371
 1105 023a 3DEFC35B 		.ascii	"=\357\303[3\234\256\253_\347r3\021\305\255\210\306\277"
 1105      339CAEAB 
 1105      5FE77233 
 1105      11C5AD88 
 1105      C6BF
 1106 024c FCF8FC57 		.ascii	"\374\370\374WD\217\227\"\212\223\244\312d\012\001\363"
 1106      448F9722 
 1106      8A93A4CA 
 1106      640A01F3 
 1107 025c 4CB444ED 		.ascii	"L\264D\355\221\0343\364\325\323\357A[\263n\267\356\321"
 1107      911C33F4 
 1107      D5D3EF41 
 1107      5BB36EB7 
 1107      EED1
 1108 026e BD15D5FA 		.ascii	"\275\025\325\372\241\003eU5\336J\275|oY\325\256\355"
 1108      A1036555 
 1108      35DE4ABD 
 1108      7C6F59D5 
 1108      AEED
 1109 0280 E5FB7796 		.ascii	"\345\373w\226\356\333T\311\012tO\305\301\303\372\036"
 1109      EEDB54C9 
 1109      0A744FC5 
 1109      C1C3FA1E 
 1110 0290 4FB5EEF5 		.ascii	"O\265\356\365\326\034\251>\372\007\002\357d\025"
 1110      D61CA93E 
 1110      FA0702EF 
 1110      6415
 1111              		.text
 1112              		.section	.gnu.lto_UART_SendBreak.4d82c36d,"",%progbits
 1113 0000 789C6550 		.ascii	"x\234eP;H\003A\024|\263{I$\250\210\215M\020\255b\032"
 1113      3B480341 
 1113      147CB37B 
 1113      4924A888 
 1113      8D4D10AD 
 1114 0016 15249595 		.ascii	"\025$\225\225XX\011b\264\013\210\350\265\006\202V\026"
 1114      58580962 
ARM GAS  C:\Users\elias\AppData\Local\Temp\cc0Or0pr.s 			page 87


 1114      B40B88E8 
 1114      B5068256 
 1114      16
 1115 0027 B7F9A162 		.ascii	"\267\371\241b\241 \246P\304J\343?\304F\002B\202X\372"
 1115      A120A650 
 1115      C44AE33F 
 1115      C4460242 
 1115      8258FA
 1116 003a 43B4B251 		.ascii	"C\264\262Q\213\020$E\002ZX$\347\333\263\260\360\301"
 1116      8B102445 
 1116      025A5824 
 1116      E7DBB3B0 
 1116      F0C1
 1117 004c F2966166 		.ascii	"\362\226afvf\015\002\351Y\344\325\303;\310\007.\202"
 1117      76660D02 
 1117      E959E4D5 
 1117      C33BC807 
 1117      2E82
 1118 005e 58BF238A 		.ascii	"X\277#\2125\011!\237\372Hy\215\313NR\315\022\206\206"
 1118      3509219F 
 1118      FA48798D 
 1118      CB4E52CD 
 1118      128686
 1119 0071 61007AAB 		.ascii	"a\000z\253&\220%\244\001KZ\326\227\250\013\\-\225\362"
 1119      269025A4 
 1119      014B5AD6 
 1119      97A80B5C 
 1119      2D95F2
 1120 0084 2290513C 		.ascii	"\"\220Q<\257\251\363\216-\365\240dJ\022\331\302y\204"
 1120      AFA9F38E 
 1120      2DF5A064 
 1120      4A12D9C2 
 1120      7984
 1121 0096 90418069 		.ascii	"\220A\200i\333\253\267k.\331\015\342{\341\240p\335\352"
 1121      DBABB76B 
 1121      2ED90DE2 
 1121      7BE1A070 
 1121      DDEA
 1122 00a8 DF532AAE 		.ascii	"\337S*\256\224\035\326t\340\000\222\025\030\360\241"
 1122      941DD674 
 1122      E0009215 
 1122      18F0A1
 1123 00b7 DF470C10 		.ascii	"\337G\014\020\016\341\327\344\367\\c\263\305\235\324"
 1123      0EE1D7E4 
 1123      F75C63B3 
 1123      C59DD4
 1124 00c6 FE5DBFA6 		.ascii	"\376]\277\2468\202[7\310\216\027\225m'Tqc\360\261\274"
 1124      38825B37 
 1124      C88E1795 
 1124      6D275471 
 1124      63F0B1BC 
 1125 00da EF730BD6 		.ascii	"\357s\013\326\011\266\322B\25223\326N5!x\311\022\342"
 1125      09B6D242 
 1125      AA3233D6 
 1125      4E352178 
 1125      C912E2
 1126 00ed E95CE92C 		.ascii	"\351\\\351,\252\245\011\251c\247SW\367\236O\221\222"
ARM GAS  C:\Users\elias\AppData\Local\Temp\cc0Or0pr.s 			page 88


 1126      AAA509A9 
 1126      63A75357 
 1126      F79E4F91 
 1126      92
 1127 00fe D28994CF 		.ascii	"\322\211\224\317W^<V]-+\325\306\330\012\027\320\360"
 1127      575E3C56 
 1127      5D2D2BD5 
 1127      C6D80A17 
 1127      D0F0
 1128 0110 C7CDF3B5 		.ascii	"\307\315\363\265w\027;1\345\340\300\011,\034\303\307"
 1128      77173B31 
 1128      E5E0C009 
 1128      2C1CC3C7 
 1129 0120 214EB10B 		.ascii	"!N\261\013zC\362%1\367\347\232\255\344\277[\264\253"
 1129      7A43F225 
 1129      31F7E79A 
 1129      ADE4BF5B 
 1129      B4AB
 1130 0132 E002679A 		.ascii	"\340\002g\232\307S\023\222\032^YF\262M3\377?g\330L'"
 1130      C7531392 
 1130      1A5E5946 
 1130      B24D33FF 
 1130      3F67D84C 
 1131 0147 64615142 		.ascii	"daQB\362o\270\034\221\241\203\177 ^\274x\0178:=Uf\306"
 1131      F26FB81C 
 1131      91A1837F 
 1131      205EBC78 
 1131      0F383A3D 
 1132 015e DAB95BE7 		.ascii	"\332\271[\347\2109gF\247\347\315\331\251Pd!:c\206\307"
 1132      88396746 
 1132      A7E7CDD9 
 1132      A9506421 
 1132      3A6386C7 
 1133 0172 4291E160 		.ascii	"B\221\341`xrh|\242w\206<Qs~42k\376\000\036\322\220\256"
 1133      7872687C 
 1133      A277863C 
 1133      51737E34 
 1133      326BFE00 
 1134              		.text
 1135              		.section	.gnu.lto_UART_SetTxAddressMode.4d82c36d,"",%progbits
 1136 0000 789C6361 		.ascii	"x\234ca`d\000\201m@\254\003\304\322@\314\310\314\300"
 1136      60640081 
 1136      6D40AC03 
 1136      C4D240CC 
 1136      C8CCC0
 1137 0013 C834E11C 		.ascii	"\3104\341\034\003C#\007\023##\210\321\300\301\310P\317"
 1137      03432307 
 1137      13232388 
 1137      D1C0C1C8 
 1137      50CF
 1138 0025 C458CFF8 		.ascii	"\304X\317\370\225\351/\023\343\241\366g;\2314\2277\000"
 1138      95E92F13 
 1138      E3A1F667 
 1138      3B993497 
 1138      3700
 1139 0037 C183D6CD 		.ascii	"\301\203\326\3152\263\032.40\267230\374g\002\033\305"
 1139      32B31A2E 
ARM GAS  C:\Users\elias\AppData\Local\Temp\cc0Or0pr.s 			page 89


 1139      3430B732 
 1139      3330FC67 
 1139      021BC5
 1140 004a C0B89C51 		.ascii	"\300\270\234Q\023\250\354\372\256\206\355\374\314\212"
 1140      13A8ECFA 
 1140      AE86EDFC 
 1140      CC8A
 1141 0058 8C0C40F6 		.ascii	"\214\014@\366\306\231O>\361\250/mhhjh\230\033\013R\316"
 1141      C6994F3E 
 1141      F1A82F6D 
 1141      68686A68 
 1141      981B0B52 
 1142 006d C8B88291 		.ascii	"\310\270\202\221\031\250\203\321X\206\321@\206\001("
 1142      19A883D1 
 1142      5886D140 
 1142      860128
 1143 007c C0C0B892 		.ascii	"\300\300\270\222Q\035\244\370\321\306\177Sy\331Z@\346"
 1143      511DA4F8 
 1143      D1C67F53 
 1143      79D95A40 
 1143      E6
 1144 008d 2B400C65 		.ascii	"+@\014e\\\305\310\006r\347\372\240\003\015\377\3777"
 1144      5CC5C806 
 1144      72E7FAA0 
 1144      030DFFFF 
 1144      37
 1145 009e 371C98AD 		.ascii	"7\034\230\255|y\305n\031\240\324\007 \006\271\360#\023"
 1145      7C79C56E 
 1145      19A0D407 
 1145      2006B9F0 
 1145      2313
 1146 00b0 1388667E 		.ascii	"\023\210f~\305\310\004R\014v\307\007&F\220\030P\205"
 1146      C5C80452 
 1146      0C76C707 
 1146      26469018 
 1146      5085
 1147 00c2 9C7B6A5E 		.ascii	"\234{j^jQbIjJ|p~iQrjL@p\276\263iL\250cP\210^2\003wb"
 1147      6A516249 
 1147      6A4A7C70 
 1147      7E695172 
 1147      6A4C4070 
 1148 00e3 4A4A516A 		.ascii	"JJQjq\261o~J*\000b\276N\354"
 1148      71B16F7E 
 1148      4A2A0062 
 1148      BE4EEC
 1149              		.text
 1150              		.section	.gnu.lto_.symbol_nodes.4d82c36d,"",%progbits
 1151 0000 789C5D92 		.ascii	"x\234]\222\317R\032A\030\304{fv\027X\\\021\004\024Q"
 1151      CF521A41 
 1151      18C47B66 
 1151      7617585C 
 1151      11041451 
 1152 0014 81E59F42 		.ascii	"\201\345\237B\004\264\362~\215\226I\252r\312#D\212C"
 1152      04B4F27E 
 1152      8D9649AA 
 1152      72CA2344 
 1152      8A43
ARM GAS  C:\Users\elias\AppData\Local\Temp\cc0Or0pr.s 			page 90


 1153 0026 72CF251E 		.ascii	"r\317%\036-\317<\200'\245<Z\345\013$\251\314\356\254"
 1153      2DCF3C80 
 1153      27A53C5A 
 1153      E50B24A9 
 1153      CCEEAC
 1154 0039 557E9CBA 		.ascii	"U~\234\272\372\327\375}\263S;\036\024\036\014\000=\241"
 1154      FAD7FD7D 
 1154      B3533B1E 
 1154      141E0C00 
 1154      3DA1
 1155 004b C6B71540 		.ascii	"\306\267\025@\250\337\3277\3636\340k|\252\330\3107\352"
 1155      A8DFD737 
 1155      F336E06B 
 1155      7CAAD8C8 
 1155      37EA
 1156 005d 3255A553 		.ascii	"2U\245S\257/h6\253gfn#\243\213\364\262\010\267\363\016"
 1156      AF2F6836 
 1156      AB67666E 
 1156      23A38BF4 
 1156      B208B7F3 
 1157 0072 A0065429 		.ascii	"\240\006T)\000\346\337\223\242\347\245\273\324\211m"
 1157      00E6DF93 
 1157      A2E7A5BB 
 1157      D4896D
 1158 0081 BCE37A8B 		.ascii	"\274\343z\213\276\030\324!\003\001|\370\351\244\216"
 1158      BE18D421 
 1158      03017CF8 
 1158      E9A48E
 1159 0090 9893CD6D 		.ascii	"\230\223\315m\346%(\261 \301\016C\011\312,\312\345A"
 1159      E62528B1 
 1159      20C10E43 
 1159      09CA2CCA 
 1159      E541
 1160 00a2 E0AE9ACB 		.ascii	"\340\256\232\3139\315\347\235\372\005w\345\012\267\344"
 1160      39CDE79D 
 1160      FA0577E5 
 1160      0AB7E4
 1161 00b1 402174C1 		.ascii	"@!t\301.#\271\272\312m\011j,IP\347\216\004{,K\260\317"
 1161      2E23B9BA 
 1161      CA6D096A 
 1161      2C4950E7 
 1161      8E047B2C 
 1162 00c8 8A040DEE 		.ascii	"\212\004\015\356Jp\300\252\004M\326$8d]\202#\356I0\345"
 1162      4A70C0AA 
 1162      044DD624 
 1162      38645D82 
 1162      23EE4930 
 1163 00dd FEC66FD4 		.ascii	"\376\306o\324366\3219\0176\3211\233rS\213\207\022\264"
 1163      333636D1 
 1163      390F36D1 
 1163      319B7253 
 1163      8B8712B4 
 1164 00f1 79244187 		.ascii	"y$A\207\307\022\304lI\320e[\202\036;\362)\015\031\277"
 1164      C712C46C 
 1164      49D0655B 
 1164      821E3BF2 
 1164      290D19BF 
ARM GAS  C:\Users\elias\AppData\Local\Temp\cc0Or0pr.s 			page 91


 1165 0105 3D99E433 		.ascii	"=\231\3443T\237]\341\307\354\011?b_\370S\016\204\377"
 1165      549F5DE1 
 1165      C7EC093F 
 1165      625FF853 
 1165      0E84FF
 1166 0118 C0E17B6F 		.ascii	"\300\341{o\202\011\226\217\377\224\011\316p\237\352"
 1166      8209968F 
 1166      FF9409CE 
 1166      709FEA
 1167 0127 04F74FCE 		.ascii	"\004\367O\316?'\032\236\273<\234\341\371\313K\313\204"
 1167      3F271A9E 
 1167      BB3C9CE1 
 1167      F9CB4BCB 
 1167      84
 1168 0138 535C7FB5 		.ascii	"S\\\177\265Z\014\260\376\365\321\024C,\222Z\224\325"
 1168      5A0CB0FE 
 1168      F5D11443 
 1168      2C925A94 
 1168      D5
 1169 0149 A20B371E 		.ascii	"\242\0137\036M]\275Q\306\325g\253\315,oN\261L\274=z"
 1169      4D5DBD51 
 1169      C6D567AB 
 1169      CD2C6F4E 
 1169      B14CBC3D 
 1170 015e FD63A54C 		.ascii	"\375c\245L7\306\335\237\327\261\351\305X\374\265\332"
 1170      37C6DD9F 
 1170      D7B1E9C5 
 1170      58FCB5DA 
 1171 016e 8FB14E7A 		.ascii	"\217\261NzV\3572]$:\350b\361\323\366\207=\247'\375\364"
 1171      56EF325D 
 1171      243AE862 
 1171      F1D3F687 
 1171      3DA727FD 
 1172 0183 F851B676 		.ascii	"\370Q\266v\224\255\035{X/W\012\377\001\303\377\354\247"
 1172      94AD1D7B 
 1172      582F570A 
 1172      FF01C3FF 
 1172      ECA7
 1173              		.text
 1174              		.section	.gnu.lto_.refs.4d82c36d,"",%progbits
 1175 0000 789C258F 		.ascii	"x\234%\217AN\0031\020\004\253\307\366\332\033\233\020"
 1175      414E0331 
 1175      1004ABC7 
 1175      F6DA1B9B 
 1175      10
 1176 0011 ECD92C10 		.ascii	"\354\331,\020\011!\016@\302\377\037\303o0p\351K\251"
 1176      09210E40 
 1176      C2FF1FC3 
 1176      6F3070E9 
 1176      4BA9
 1177 0023 55DD11F1 		.ascii	"U\335\021\361\015, \303\202\254bM\341(;YT\212$\017\213"
 1177      0D2C20C3 
 1177      82AC624D 
 1177      E1283B59 
 1177      548A240F 
 1178 0038 65A9045B 		.ascii	"e\251\004[\227I\233\324b~\240\033#\342\013\333A\275"
 1178      97499BD4 
ARM GAS  C:\Users\elias\AppData\Local\Temp\cc0Or0pr.s 			page 92


 1178      627EA01B 
 1178      23E20BDB 
 1178      41BD
 1179 004a E343BED9 		.ascii	"\343C\276\331\231=j/\371\221\036\030\011\317lU}\340"
 1179      993D6A2F 
 1179      F9911E18 
 1179      09CF6C55 
 1179      7DE0
 1180 005c 2E3FDB13 		.ascii	".?\333\023\305T\322\372\374\327\016x\242\027\306\312"
 1180      C554D2FA 
 1180      FCD70E78 
 1180      A217C6CA 
 1181 006c A8F4C6B8 		.ascii	"\250\364\306\270\247\237\342E\275j4\371\235\366\243"
 1181      A79FE245 
 1181      BD6A34F9 
 1181      9DF6A3
 1182 007b 5EA730BE 		.ascii	"^\2470\276aBA\341\"{\321;\315\364\361\033\237\023\246"
 1182      614241E1 
 1182      227BD13B 
 1182      CDF4F11B 
 1182      9F13A6
 1183 008e EBFF7294 		.ascii	"\353\377r\224PF\007\273IU\363\304\327\244\374\000\223"
 1183      504607BB 
 1183      4955F3C4 
 1183      D7A4FC00 
 1183      93
 1184 009f B707F7   		.ascii	"\267\007\367"
 1185              		.text
 1186              		.section	.gnu.lto_.decls.4d82c36d,"",%progbits
 1187 0000 789CA559 		.ascii	"x\234\245Y\011P\024Y\232\316\227\257@(\252\300a\264"
 1187      09501459 
 1187      9ACE97AF 
 1187      4028AAC0 
 1187      61B4
 1188 0012 DB9D25B6 		.ascii	"\333\235%\266\355\211\030ucb\355V\327\01176b[\233\351"
 1188      ED891875 
 1188      6362ED56 
 1188      D7093736 
 1188      625B9BE9 
 1189 0026 718CEDD9 		.ascii	"q\214\355\331\261\325vz7f\242\003\265l\231v\300)\313"
 1189      B1D5767A 
 1189      3766A203 
 1189      B56C9976 
 1189      C029CB
 1190 0039 69E9DD8D 		.ascii	"i\351\335\215M\304\373halT\024\005\304\003\204\006\344"
 1190      4DC4FB68 
 1190      616C5414 
 1190      05C40384 
 1190      06E4
 1191 004b 1294AB55 		.ascii	"\022\224\253U\016\001\225K<\260\005\271\344\020AA\005"
 1191      0E01954B 
 1191      3CB005B9 
 1191      E4104141 
 1191      05
 1192 005c 116AFF77 		.ascii	"\021j\377wUf\226U\2663\223\341Oe\276\374\377\357\377"
 1192      55669655 
 1192      B63393E1 
ARM GAS  C:\Users\elias\AppData\Local\Temp\cc0Or0pr.s 			page 93


 1192      4F65BEFC 
 1192      FFEFFF
 1193 006f FE23DF7B 		.ascii	"\376#\337{\231\032$$\221\343g\001\222\264\331 Ik\215"
 1193      991A2424 
 1193      91E36701 
 1193      92B4D920 
 1193      496B8D
 1194 0082 926487E3 		.ascii	"\222d\207\343m\030[\016\202A\340\226\224\002\222!\261"
 1194      6D185B0E 
 1194      8241E096 
 1194      94029221 
 1194      B1
 1195 0093 63064826 		.ascii	"c\006H&H6H>H!H1\310\267 \027AJA*@\252A\256\202\324\200"
 1195      4836483E 
 1195      48214831 
 1195      C8B72017 
 1195      414A412A 
 1196 00ae D4813480 		.ascii	"\324\2014\200\334\005i\001i\005i\007\351\004\351\002"
 1196      DC056901 
 1196      69056907 
 1196      E904E902 
 1197 00be E9017900 		.ascii	"\351\001y\000\362\020d\000d\034\304\003\250y\203\230"
 1197      F2106400 
 1197      641CC403 
 1197      A8798398 
 1198 00ce 41FC4126 		.ascii	"A\374A&\201\274\0012\005\344G \001 o\203\374#\310OA"
 1198      81BC0132 
 1198      05E44720 
 1198      01206F83 
 1198      FC23C84F 
 1199 00e3 FE09E41D 		.ascii	"\376\011\344\035\220Y >`?\027~\347\201\314\007\011\004"
 1199      9059203E 
 1199      603F177E 
 1199      E781CC07 
 1199      0904
 1200 00f5 F9006421 		.ascii	"\371\000d!\310\"\220\177\007\371\025\310\307 \277A\222"
 1200      C822907F 
 1200      07F915C8 
 1200      C720BF41 
 1200      92
 1201 0106 EE2031F9 		.ascii	"\356 1\371\361\3703x\374\377\005:\213\341w\025\374\256"
 1201      F1F83378 
 1201      FCFF053A 
 1201      8BE17715 
 1201      FCAE
 1202 0118 00990EE7 		.ascii	"\000\231\016\347\026\370\235\015\262\032\344\367 k@"
 1202      16F89D0D 
 1202      B21AE4F7 
 1202      206B40
 1203 0127 3E07798F 		.ascii	">\007y\217\343!\216\205\235\270h\017\222;O'_\002k\265"
 1203      E3218E85 
 1203      9DB8680F 
 1203      923B4F27 
 1203      5F026BB5 
 1204 013b 06A790FF 		.ascii	"\006\247\220\377\006:\331\223\274\373p\373\265H\255"
 1204      063AD993 
 1204      BCFB70FB 
ARM GAS  C:\Users\elias\AppData\Local\Temp\cc0Or0pr.s 			page 94


 1204      B548AD
 1205 014a D50C38FF 		.ascii	"\325\0148\377\003\310T\216\223\241\301%\207\007\267"
 1205      03C8548E 
 1205      93A1C125 
 1205      8707B7
 1206 0159 25B92375 		.ascii	"%\271#u$y\314\344>>p\362A\352\352\353\3041\004t\312"
 1206      2479CCE4 
 1206      3E3E70F2 
 1206      41EAEAEB 
 1206      C4310474 
 1207 016e 3598DABC 		.ascii	"5\230\332\274\020\377\247AB\341\272\212c\0308\316;\274"
 1207      10FFA741 
 1207      42E1BA8A 
 1207      631838CE 
 1207      3BBC
 1208 0180 4E3F75F2 		.ascii	"N?u\362A\216\213\232\\\020\037\202\267\300\223x./Jj"
 1208      418E8B9A 
 1208      5C101F82 
 1208      B7C09378 
 1208      2E2F4A6A 
 1209 0194 BF119885 		.ascii	"\277\021\230\205NX\245\257\301W`jy;\363-\225\324~r\305"
 1209      4E58A5AF 
 1209      C157606A 
 1209      793BF32D 
 1209      95D47E72 
 1210 01a9 B782FB17 		.ascii	"\267\202\373\027\317\005\342c\316\007y\016d\015\037"
 1210      CF05E263 
 1210      CE07790E 
 1210      640D1F
 1211 01b8 A15BED42 		.ascii	"\241[\355B\367*\367-t\2655C\374\276\363A\236/\223&V"
 1211      F72AF72D 
 1211      74B53543 
 1211      FCBEF341 
 1211      9E2F9326 
 1212 01cd 777DBA0E 		.ascii	"w}\272\016d\031z\031\263\206\373t~.\264\007y~=\245\227"
 1212      64197A19 
 1212      B386FB74 
 1212      7E2EB407 
 1212      797E3DA5 
 1213 01e2 7B54600B 		.ascii	"{T`\013\254:\376\353\374L5\374\215\034\033^\203#\231"
 1213      AC3AFEEB 
 1213      FC4C35FC 
 1213      8D1C1B5E 
 1213      832399
 1214 01f5 5BCC20FE 		.ascii	"[\314 \376 \223@\232\270\257iN\276D_\375ZR\373\202\034"
 1214      2093409A 
 1214      B8AF694E 
 1214      BE445FFD 
 1214      5A52FB82 
 1215 020a 32C7A891 		.ascii	"2\307\250\221\\?\007- \02341\270\342/\370\022]\354\304"
 1215      5C3F072D 
 1215      20133431 
 1215      B8E22FF8 
 1215      125DECC4 
 1216 021e 577B90F9 		.ascii	"W{\220\371\357\373zT\364\243;?\230\343\274\303\373\323"
 1216      EFFB7A54 
 1216      F4A33B3F 
ARM GAS  C:\Users\elias\AppData\Local\Temp\cc0Or0pr.s 			page 95


 1216      98E3BCC3 
 1216      FBD3
 1217 0230 393FCE35 		.ascii	"9?\3165h\227\\\367a\273\364\362\321)\275\272\017;]\330"
 1217      68975CF7 
 1217      61BBF4F2 
 1217      D129BDBA 
 1217      0F3B5DD8 
 1218 0244 747D8F4D 		.ascii	"t}\217M\227\013\233\236\357\261\351qaC\326\011\3479"
 1218      970B9B9E 
 1218      EFB1E971 
 1218      6143D609 
 1218      E739
 1219 0256 93D4F48F 		.ascii	"\223\324\364\217 y\\G\346z\371\222\3539\202\2543\330"
 1219      20795C47 
 1219      E67AF992 
 1219      EB3982AC 
 1219      33D8
 1220 0268 8DCF872E 		.ascii	"\215\317\207.|\2225\351\007\032\237\353\021\353\237"
 1220      7C9235E9 
 1220      071A9FEB 
 1220      11EB9F
 1221 0277 C592BA3E 		.ascii	"\305\222\272>\254\326<\017\316\353\201\266\206\302\317"
 1221      ACD63C0F 
 1221      CEEB81B6 
 1221      86C2CF
 1222 0286 00E740D6 		.ascii	"\000\347@\326\005\262>8\257\015d\0154r\237\242\247G"
 1222      05B23E38 
 1222      AF0D640D 
 1222      34729FA2 
 1222      A747
 1223 0298 25D6D74F 		.ascii	"%\326\327O%\265?\236s\016\"\356q\216\355|\320\365\324"
 1223      25B53F9E 
 1223      730E22EE 
 1223      718EED7C 
 1223      D0F5D4
 1224 02ab 094F466A 		.ascii	"\011OFj\016\021\322\317\2012\267q\205\345\215\364us"
 1224      0E11D2CF 
 1224      8132B771 
 1224      85E58DF4 
 1224      7573
 1225 02bd B6F37663 		.ascii	"\266\363vcG\326rw1i\347\374/\340wL\203G\354\306%\327"
 1225      47D67277 
 1225      3169E7FC 
 1225      2FE0774C 
 1225      8347ECC6 
 1226 02d3 B5F4FF9E 		.ascii	"\265\364\377\236\270\010\346F\302\027\251x\304\206\304"
 1226      B808E646 
 1226      C217A978 
 1226      C486C4
 1227 02e2 E60A8FEC 		.ascii	"\346\012\217\3543\\\365W\030\210\227\006\203\350y\273"
 1227      335CF557 
 1227      18889706 
 1227      83E879BB 
 1228 02f2 C120FB14 		.ascii	"\301 \373\024/\351\325s\205v}'\372\004S\354\023\264"
 1228      2FE9D573 
 1228      85767D27 
 1228      FA0453EC 
ARM GAS  C:\Users\elias\AppData\Local\Temp\cc0Or0pr.s 			page 96


 1228      13B4
 1229 0304 07D9EF38 		.ascii	"\007\331\3578\357G\376\222\271B\370\301\034K\314\027"
 1229      EF47FE92 
 1229      B942F8C1 
 1229      1C4BCC17 
 1230 0314 EEFCFDC8 		.ascii	"\356\374\375\310M\374_\202\024hjB\364\304\276\3049\376"
 1230      4DFC5F82 
 1230      14686A42 
 1230      F4C4BEC4 
 1230      39FE
 1231 0326 00E47AAE 		.ascii	"\000\344z\256\011p\322#\307\230\214\232G\222~13U\201"
 1231      0970D223 
 1231      C7988C9A 
 1231      47927E31 
 1231      335581
 1232 0339 23525164 		.ascii	"#RQdY\275Q\2739#\026\017\311\310\337\210\014p\371\350"
 1232      59BD51BB 
 1232      3923160F 
 1232      C9C8DF88 
 1232      0C70F9E8 
 1233 034d CAA1365F 		.ascii	"\312\2416_\270\234dDS\341r\354\362\341C\362\224\375"
 1233      B89C6444 
 1233      53E172EC 
 1233      F2E143F2 
 1233      94FD
 1234 035f D42E4299 		.ascii	"\324.B\231j@\313\337@\311(\000%!\340\214N\243)\360w"
 1234      6A40CBDF 
 1234      40C92800 
 1234      2521E08C 
 1234      4EA329F0 
 1235 0374 8581218D 		.ascii	"\205\201!\215v\244\3377\231v*\312&\242\353_\341K\356"
 1235      76A4DF37 
 1235      99762ACA 
 1235      26A2EB5F 
 1235      E14BEE
 1236 0387 6BB45390 		.ascii	"k\264S\220\011\235B3%v\012\006\351[\332\223\275\300"
 1236      099D4233 
 1236      25760A06 
 1236      E95BDA93 
 1236      BDC0
 1237 0399 578011D9 		.ascii	"W\200\021\331\021\271~\220?bf\327\004/&\252m\334\007"
 1237      11B97E90 
 1237      3F6266D7 
 1237      042F26AA 
 1237      6DDC07
 1238 03ac FB9073B9 		.ascii	"\373\220s\271\276-\245\333\200f\030O\022&-\365\355\377"
 1238      BE2DA5DB 
 1238      8066184F 
 1238      12262DF5 
 1238      EDFF
 1239 03be 96AF2813 		.ascii	"\226\257(\023Q\0062\2424\204\005j\000\351\373\355\304"
 1239      510632A2 
 1239      3484056A 
 1239      00E9FBED 
 1239      C4
 1240 03cf FFC031C5 		.ascii	"\377\3001\305s\212\204\346\004\240w\003$\224\216f\020"
 1240      738A84E6 
ARM GAS  C:\Users\elias\AppData\Local\Temp\cc0Or0pr.s 			page 97


 1240      04A07703 
 1240      24948E66 
 1240      10
 1241 03e0 4CA285BE 		.ascii	"L\242\205\276\001:\251@\207\330\202\217\214C\335E\036"
 1241      013AA940 
 1241      87D8828F 
 1241      8C43DD45 
 1241      1E
 1242 03f1 780EF577 		.ascii	"x\016\365w2{[\232\307\217\343\225\026\3600vfRL\246\262"
 1242      327B5B9A 
 1242      C78FE395 
 1242      16F03076 
 1242      66524CA6 
 1243 0406 D99B8670 		.ascii	"\331\233\206pFu\001\247,\323\231\350\307`\322\231\323"
 1243      467501A7 
 1243      2CD399E8 
 1243      C760D299 
 1243      D3
 1244 0417 5EE6837F 		.ascii	"^\346\203\177G\315\303{N\026r\363\222\330rSI$\242\306"
 1244      47CDC37B 
 1244      4E1672F3 
 1244      92D87253 
 1244      4924A2C6 
 1245 042b 59AA7196 		.ascii	"Y\252q\2260\316\246\306\366\270\354\275^M\350\026\031"
 1245      30CEA6C6 
 1245      F6B8ECBD 
 1245      5E4DE816 
 1245      19
 1246 043c 158D8AD8 		.ascii	"\025\215\212\330_DEbB/\341D\226\330\211\030r\034\022"
 1246      5F444562 
 1246      422FE144 
 1246      96D88918 
 1246      721C12
 1247 044f 5791C5A9 		.ascii	"W\221\305\251\012F\377q{d\027\007\005Q\321\0217b\327"
 1247      0A46FF71 
 1247      7B641707 
 1247      0551D111 
 1247      3762D7
 1248 0462 A295B811 		.ascii	"\242\225\270\021\222U\007\210]\012\013\015\236\023#"
 1248      92550788 
 1248      5D0A0B0D 
 1248      9E1323
 1249 0471 C159B891 		.ascii	"\301Y\270\221d\321n\333zc\272}\361\032\232\261\216\003"
 1249      64D16EDB 
 1249      7A63BA7D 
 1249      F11A9AB1 
 1249      8E03
 1250 0483 71BD9E06 		.ascii	"q\275\236\006\270E\013\011m\004c\251\347\356<\360t\333"
 1250      B8450B09 
 1250      6D0463A9 
 1250      E7EE3CF0 
 1250      74DB
 1251 0495 7079B4E1 		.ascii	"py\264\341\316\"\336q/\306{S\275!\345%\031JK\324\316"
 1251      CE22DE71 
 1251      2FC67B53 
 1251      BD21E525 
 1251      194A4BD4 
ARM GAS  C:\Users\elias\AppData\Local\Temp\cc0Or0pr.s 			page 98


 1252 04aa D0A3D9ED 		.ascii	"\320\243\331\355J\270\277'\321B\271j\332si\332Q\016"
 1252      4AB8BF27 
 1252      D142B96A 
 1252      DA7369DA 
 1252      510E
 1253 04bc 6A0232F9 		.ascii	"j\0022\3714\365\361\177N\337\204p\034\372+i\024P\032"
 1253      34F5F17F 
 1253      4EDF8470 
 1253      1CFA2B69 
 1253      14501A
 1254 04cf E7058DE8 		.ascii	"\347\005\215\350\332\255\361\036\214FI\344y\024\023"
 1254      DAADF11E 
 1254      8C4649E4 
 1254      791413
 1255 04de 5FB219EC 		.ascii	"_\262\031\3540QC\347T\036\347\264<\012Y\013t\345\335"
 1255      305143E7 
 1255      541EE7B4 
 1255      3C0A590B 
 1255      74E5DD
 1256 04f1 C73887F1 		.ascii	"\3078\207\361\3309X0f \015\00409\333p\214Bad\332EE*"
 1256      D8395830 
 1256      66200D04 
 1256      3039DB70 
 1256      8C426164 
 1257 0509 4C9116A6 		.ascii	"L\221\026\246\230\302\334\331[U\216q1\203\311\210\314"
 1257      98C2DCD9 
 1257      5B558E71 
 1257      3183C988 
 1257      CC
 1258 051a A9F2E330 		.ascii	"\251\362\3430w\253LJd\270\242\314\247 %*H\211\026\344"
 1258      77AB4C4A 
 1258      64B8A2CC 
 1258      A720252A 
 1258      488916E4 
 1259 052e 5B0A3234 		.ascii	"[\01224r;\305\210\253\030\310\235\255\011;|\001$\036"
 1259      723BC588 
 1259      AB18C89D 
 1259      AD093B7C 
 1259      01241E
 1260 0541 40F2CAB4 		.ascii	"@\362\312\264 \027T\220\013Z\220\213\024\244\252\253"
 1260      20175490 
 1260      0B5A908B 
 1260      14A4AAAB 
 1261 0551 E412C28D 		.ascii	"\344\022\302\215\014\344p\314\205N#\007\251\271\246"
 1261      0CE470CC 
 1261      854E2307 
 1261      A9B9A6
 1262 0560 05B9A482 		.ascii	"\005\271\244\202\\\322\202\224R\220\204\356\254<3na"
 1262      5CD28294 
 1262      529084EE 
 1262      AC3C336E 
 1262      61
 1263 0571 2035BB4A 		.ascii	" 5\273J#\374\264\225 ERKQ\256\233\202.\335\034-0\203"
 1263      23FCB495 
 1263      2045524B 
 1263      51AE9B82 
 1263      2EDD1C2D 
ARM GAS  C:\Users\elias\AppData\Local\Temp\cc0Or0pr.s 			page 99


 1264 0587 C70CF018 		.ascii	"\307\014\360\030W\257\246\020\264P\231\352\263L\353"
 1264      57AFA610 
 1264      B45099EA 
 1264      B34CEB
 1265 0596 B382FA7C 		.ascii	"\263\202\372|\024qb\324\007\217\374\265\035QEiT\212"
 1265      147162D4 
 1265      078FFCB5 
 1265      1D514569 
 1265      548A
 1266 05a8 8E68BCB9 		.ascii	"\216h\274\271}\257'\3471^/\"\007%tYeqY\313\242\232\262"
 1266      7DAF27E7 
 1266      315E2F22 
 1266      07257459 
 1266      657159CB 
 1267 05bf D85453B1 		.ascii	"\330TS\261\311\017\357\223)\213\242\007\335\377\312"
 1267      C90FEF93 
 1267      298BA207 
 1267      DDFFCA
 1268 05ce B31777C0 		.ascii	"\263\027w\300\354\210\205\240\\QQ\256hQ\256R\224\304"
 1268      EC8885A0 
 1268      5C5151AE 
 1268      6851AE52 
 1268      94C4
 1269 05e0 D8AB4318 		.ascii	"\330\253C\030\2470\224\302\312\207\327\315\274\035\316"
 1269      A73094C2 
 1269      CA87D7CD 
 1269      BC1DCE
 1270 05ef DC36EB52 		.ascii	"\3346\353RrM\205\271\246\205\251\2410\331\003\343v3"
 1270      724D85B9 
 1270      A685A9A1 
 1270      30D903E3 
 1270      7633
 1271 0601 3ECF600E 		.ascii	">\317`\016d\364\345{r6\207\232ED\004\244V\005\251\325"
 1271      64F4E57B 
 1271      7236879A 
 1271      454404A4 
 1271      5605A9D5 
 1272 0615 82D45190 		.ascii	"\202\324Q\220-O\012\006L\370\012\003\211\332\337zOt"
 1272      2D4F0A06 
 1272      4CF80A03 
 1272      89DADF7A 
 1272      4F74
 1273 0627 D5CD153A 		.ascii	"\325\315\025:*\365*J\275\026\245\201\242d\236)\337j"
 1273      2AF52A4A 
 1273      BD16A581 
 1273      A2649E29 
 1273      DF6A
 1274 0639 C4B719CA 		.ascii	"\304\267\031\312\211\347\243\003d\305\232\006\313\206"
 1274      89E7A303 
 1274      64C59A06 
 1274      CB86
 1275 0647 1D6BD68D 		.ascii	"\035k\326\215il\335HJ(\3132\342\373L\271\324\376\254"
 1275      696CDD48 
 1275      4A28CB32 
 1275      E2FB4CB9 
 1275      D4FEAC
 1276 065a C48F2D6F 		.ascii	"\304\217-o2\\\326\015T\037\361a\313\333DXVb\277\376"
ARM GAS  C:\Users\elias\AppData\Local\Temp\cc0Or0pr.s 			page 100


 1276      325CD60D 
 1276      541FF161 
 1276      CBDB4458 
 1276      5662BFFE 
 1277 066e F61B4F64 		.ascii	"\366\033Od\234A\027\015%B1&\371J\3506T\365\026Y\"\356"
 1277      9C41170D 
 1277      25423126 
 1277      F94AE836 
 1277      54F51659 
 1278 0684 C0BA318D 		.ascii	"\300\2721\215\257\0337`\260\021\006\371\002\324\305"
 1278      AF1B3760 
 1278      B01106F9 
 1278      02D4C5
 1279 0693 16A02668 		.ascii	"\026\240&h\217\233*\363iFV\376{%mcFm\2574\351z\366;"
 1279      8F9B2AF3 
 1279      694656FE 
 1279      7B256D63 
 1279      466DAF34 
 1280 06ab 5DCF3677 		.ascii	"]\3176wu\035\365cI\201I\354\177c\362\332\025\305\337"
 1280      751DF563 
 1280      498149EC 
 1280      7F63F2DA 
 1280      15C5DF
 1281 06be 4094D075 		.ascii	"@\224\320u\025\372\2726)wiR\316\236;\273\307\204\037"
 1281      15FABA36 
 1281      29776952 
 1281      CE9E3BBB 
 1281      C7841F
 1282 06d1 B238EBF3 		.ascii	"\2628\353\363\373\333<xj\317\366~\022\025\241T\200\367"
 1282      FBDB3C78 
 1282      6ACFF67E 
 1282      1215A154 
 1282      80F7
 1283 06e3 A934B7CD 		.ascii	"\2514\267\315*L\263\026\246\205\225\371N\37763\216\300"
 1283      2A4CB316 
 1283      A68595F9 
 1283      4EFF3633 
 1283      8EC0
 1284 06f5 14C69E5E 		.ascii	"\024\306\236^W\346\305a\232\372\027;`\310C{O\205\271"
 1284      57E6C561 
 1284      9AFA173B 
 1284      60C8437B 
 1284      4F85B9
 1285 0708 A78569A5 		.ascii	"\247\205i\2450'\373^\224\370\340\375\014\346\362\275"
 1285      3027FB5E 
 1285      94F8E0FD 
 1285      0CE6F2BD 
 1286 0718 D445BCFD 		.ascii	"\324E\274\375\317\255\327un\233\012\322\246\005i\247"
 1286      CFADD775 
 1286      6E9B0AD2 
 1286      A60569A7 
 1287 0728 2045A32F 		.ascii	" E\243/\012e\234\312@\316\355\316\337f\342\\\036\377"
 1287      0A659CCA 
 1287      40CEEDCE 
 1287      DF66E25C 
 1287      1EFF
 1288 073a 4987D2A1 		.ascii	"I\207\322\241\242thQ:)\312px\302E\023.f(\303\243=_y"
ARM GAS  C:\Users\elias\AppData\Local\Temp\cc0Or0pr.s 			page 101


 1288      A2746851 
 1288      3A29CA70 
 1288      78C24513 
 1288      2E6628C3 
 1289 0752 7394735F 		.ascii	"s\224s_\350P\356\253(\367\265(]\024\245\242/\265\325"
 1289      E850EEAB 
 1289      28F7B528 
 1289      5D14A5A2 
 1289      2FB5D5
 1290 0765 0BD73194 		.ascii	"\013\3271\224\364\244\301mH\314\207_\352P\272U\224n"
 1290      F4A4C16D 
 1290      48CC875F 
 1290      EA50BA55 
 1290      946E
 1291 0777 2D4A0F45 		.ascii	"-J\017E\2710\324\265\313\200{\030Jbb\377n\201R\360\337"
 1291      B930D4B5 
 1291      CB807B18 
 1291      4A6262FF 
 1291      6E8152F0 
 1292 078c 0C259CA1 		.ascii	"\014%\234\241\364\252(\275Z\224\007\024\245nG{\2657"
 1292      F4AA28BD 
 1292      5A940714 
 1292      A56E477B 
 1292      B537
 1293 079e 1E652857 		.ascii	"\036e(W\212#v\310\242\324v}\251\373T\230>-\314C6\311"
 1293      8A2376C8 
 1293      A2D4767D 
 1293      A9FB5498 
 1293      3E2DCC43 
 1294 07b4 65442623 		.ascii	"eD&#\274\307@a\252\316F|-&\206\372c\0379`\010\233~\025"
 1294      BCC74061 
 1294      AACE467C 
 1294      2D2686FA 
 1294      631F3960 
 1295 07cc A65F0B33 		.ascii	"\246_\0133"
 1296 07d0 4061F21B 		.ascii	"@a\362\033wN\305\207\030\312\365\341\302\347&\234A/"
 1296      774EC587 
 1296      18CAF5E1 
 1296      C2E7269C 
 1296      412F
 1297 07e2 0C599B9A 		.ascii	"\014Y\233\232\023|\321\214\000\004\255\216\330^\215"
 1297      137CD18C 
 1297      0004AD8E 
 1297      D85E8D
 1298 07f1 EC3625F4 		.ascii	"\3546%\364\024\372\3771\337\375\300qH\201\007n\340\377"
 1298      14FAFF31 
 1298      DFFDC071 
 1298      4881076E 
 1298      E0FF
 1299 0803 C8309C7B 		.ascii	"\3100\234{\321_\027\373\266Ax\376\210%}\000\237\000"
 1299      D15F17FB 
 1299      B64178FE 
 1299      88257D00 
 1299      9F00
 1300 0815 E6103C3E 		.ascii	"\346\020<>$\001\015\251\365\2768\207\372\224\013n\266"
 1300      24010DA9 
 1300      F5BE3887 
ARM GAS  C:\Users\elias\AppData\Local\Temp\cc0Or0pr.s 			page 102


 1300      FA940B6E 
 1300      B6
 1301 0826 DA353BC3 		.ascii	"\3325;\303\256\367\350\2039\002f\317\324 \210\003\227"
 1301      AEF7E883 
 1301      390266CF 
 1301      D4208803 
 1301      97
 1302 0837 5BC36137 		.ascii	"[\303a7.\316\354\310\275\356k\344\006\221\257a`/\253"
 1302      2ECEECC8 
 1302      BDEE6BE4 
 1302      0691AF61 
 1302      602FAB
 1303 084a 56906EF3 		.ascii	"V\220n\363\373\\\367\314\217\"\023\337\001%\336\212"
 1303      FB5CF7CC 
 1303      8F2213DF 
 1303      0125DE8A 
 1304 085a 1AF6A58B 		.ascii	"\032\366\245\213\013\214\361\305\345dcT\267\207\333"
 1304      0B8CF1C5 
 1304      E5646354 
 1304      B787DB
 1305 0869 C5658CCE 		.ascii	"\305e\214\316\027/\304\342r:7\366\222Q\354z*\377'\231"
 1305      172FC4E2 
 1305      723A37F6 
 1305      9251EC7A 
 1305      2AFF2799 
 1306 087d EF7A400B 		.ascii	"\357z@\013=RC~\244\255\3338\233\213\017\337\030\366"
 1306      3D52437E 
 1306      A4ADDB38 
 1306      9B8B0FDF 
 1306      18F6
 1307 088f C1E70D6E 		.ascii	"\301\347\015n\327\270\201d\373\220\237\253\250]\355"
 1307      D7B88164 
 1307      FB909FAB 
 1307      A85DED
 1308 089e A041BF67 		.ascii	"\240A\277gO|\263Y\027t\270\254\015z\223,\202\336\031"
 1308      4F7CB359 
 1308      1774B8AC 
 1308      0D7A932C 
 1308      82DE19
 1309 08b1 D3780B51 		.ascii	"\323x\013Qo0\206\024\231\272K\332Z\367\367n\203\336"
 1309      6F308614 
 1309      99BA4BDA 
 1309      5AF7F76E 
 1309      83DE
 1310 08c3 2C93A023 		.ascii	",\223\240#d\036t\321\360\365(\037\276\307:\232\242\356"
 1310      641E74D1 
 1310      F0F5281F 
 1310      BEC73A9A 
 1310      A2EE
 1311 08d5 B1400D5E 		.ascii	"\261@\015^\036\034Q\333\265Qo\221I\324\227\256\265\237"
 1311      1E1C51DB 
 1311      B5516F91 
 1311      49D497AE 
 1311      B59F
 1312 08e7 34E11AF7 		.ascii	"4\341\032\367Q\277ze\337Nyl\023<\022\213\277\301\234"
 1312      51BF7A65 
 1312      DF4E796C 
ARM GAS  C:\Users\elias\AppData\Local\Temp\cc0Or0pr.s 			page 103


 1312      133C128B 
 1312      BFC19C
 1313 08fa 46419A4A 		.ascii	"FA\232J\003\264\320V\331A\003NU\032;(\215\242\326\306"
 1313      03B4D056 
 1313      D941034E 
 1313      551A3B28 
 1313      8DA2D6C6 
 1314 090e AD26DCCE 		.ascii	"\255&\334\316h\374\345=\260\233\322\330%hl\251\251>"
 1314      68FCE53D 
 1314      B09BD2D8 
 1314      25686CA9 
 1314      A93E
 1315 0920 21B6568F 		.ascii	"!\266V\217O!\307T\002jh\247\312c\247\226\307\036\312"
 1315      4F21C754 
 1315      026A68A7 
 1315      CA63A796 
 1315      C71ECA
 1316 0933 A376605B 		.ascii	"\243v`[\252\001\017\272O\207\276T{_\243TQ\224[\244\340"
 1316      AA010FBA 
 1316      4F87BE54 
 1316      7B5FA354 
 1316      51945BA4 
 1317 0948 B67BCBB3 		.ascii	"\266{\313\263\307b~\"\245\022\334@\015}\245r\373J\313"
 1317      C7627E22 
 1317      A512DC40 
 1317      0D7DA572 
 1317      FB4ACB
 1318 095b EDCF94DB 		.ascii	"\355\317\224\333\236\266\214\0163\016\367\240\334\242"
 1318      9EB68C0E 
 1318      330EF7A0 
 1318      DCA2
 1319 0969 8F443D11 		.ascii	"\217D=\021+\032I\265v\266\334\247\302\354\323\302|M"
 1319      2B1A49B5 
 1319      76B6DCA7 
 1319      C2ECD3C2 
 1319      7C4D
 1320 097b 615E1C1F 		.ascii	"a^\034\037\337\343\205\277b0\305\371\215\027\304\236"
 1320      DFE385BF 
 1320      6230C5F9 
 1320      8D17C49E 
 1321 098b 6330FD3F 		.ascii	"c0\375?u\263e\264\012\023\255\205\331Oa\332\362\342"
 1321      75B365B4 
 1321      0A13AD85 
 1321      D94F61DA 
 1321      F2E2
 1322 099d 9E7AE344 		.ascii	"\236z\343D\006\263;\262r\207HxN\356G\272\205\361\200"
 1322      06B33BB2 
 1322      72874878 
 1322      4EEE47BA 
 1322      85F180
 1323 09b0 0A73400B 		.ascii	"\012s@\013s\220\302\344$Wg\370\342\\\006\323S\376\335"
 1323      7390C2E4 
 1323      245767F8 
 1323      E25C06D3 
 1323      53FEDD
 1324 09c3 431F0E43 		.ascii	"C\037\016C^\025\264A\305\25001Z\230C\024F\3315\254\230"
 1324      5E15B441 
ARM GAS  C:\Users\elias\AppData\Local\Temp\cc0Or0pr.s 			page 104


 1324      C5A83031 
 1324      5A984314 
 1324      46D935AC 
 1325 09d8 70298319 		.ascii	"p)\203\031?\332\277\337\203/\260\007\333\220n=:\254"
 1325      3FDABFDF 
 1325      832FB007 
 1325      DB906E3D 
 1325      3AAC
 1326 09ea C21CD6C2 		.ascii	"\302\034\326\302\304R\230\224\354\376y\270\311\303m"
 1326      C4529894 
 1326      ECFE79B8 
 1326      C9C36D
 1327 09f9 F5870B8E 		.ascii	"\365\207\013\216\334\226\035cGY\365\263Nf\365\373\270"
 1327      DC961D63 
 1327      4759F5B3 
 1327      4E66F5FB 
 1327      B8
 1328 0a0a 2D7F3C2D 		.ascii	"-\177<-\177\234(\377\366\350+9>\3745:\277\377\223\344"
 1328      7F9C28FF 
 1328      F6E82B39 
 1328      3EFC353A 
 1328      BFFF93E4 
 1329 0a1e B4ADF02A 		.ascii	"\264\255\360*L\265\320\021\225\332\021\231\277\013'"
 1329      4CB5D011 
 1329      95DA1199 
 1329      BF0B27
 1330 0a2d 505AD1AD 		.ascii	"PZ\321\255\211\360\220\356\366\244\274\372:\266d\371"
 1330      89F090EE 
 1330      F6A4BCFA 
 1330      3AB664F9 
 1331 0a3d E0C3F442 		.ascii	"\340\303\364B\256k\035>\344\205L3\334}W@'\344\031\232"
 1331      AE6B1D3E 
 1331      E4854C33 
 1331      DC7D5740 
 1331      27E4199A 
 1332 0a51 4F0B7C19 		.ascii	"O\013|\031\310^^\273\205$\3448\264p\242\3525\205\316"
 1332      C85E5EBB 
 1332      8524E438 
 1332      B470A2EA 
 1332      3585CE
 1333 0a64 C2E4ADA2 		.ascii	"\302\344\255\242\270\371\205\027\015\223h\260\320\223"
 1333      B8F98517 
 1333      0D9368B0 
 1333      D093
 1334 0a72 6A1E5FF6 		.ascii	"j\036_\366v\204~\222\205\376\270\362\302\246\011\332"
 1334      76847E92 
 1334      85FEB8F2 
 1334      C2A609DA 
 1335 0a82 D089BE1A 		.ascii	"\320\211\276\032{\022\215\375\224\210\375\346\221\270"
 1335      7B128DFD 
 1335      9488FDE6 
 1335      91B8
 1336 0a90 4C8323F6 		.ascii	"L\203#\366\371\311\005\355\312v\177\252\205\216\251"
 1336      F9C905ED 
 1336      CA767FAA 
 1336      858EA9
 1337 0a9f 2C8E89D8 		.ascii	",\216\211\330\223i\354\305\335\225\2470Nb\261\267%\036"
ARM GAS  C:\Users\elias\AppData\Local\Temp\cc0Or0pr.s 			page 105


 1337      9369ECC5 
 1337      DD95A730 
 1337      4E62B1B7 
 1337      251E
 1338 0ab1 DECDB357 		.ascii	"\336\315\263W2F^\002/\030hUO\253\346\247\205y\0125\217"
 1338      32465E02 
 1338      2F186855 
 1338      4FABE6A7 
 1338      85790A35 
 1339 0ac6 1FBD9760 		.ascii	"\037\275\227`\300E\314\274\245\255\267\026s\002\015"
 1339      C045CCBC 
 1339      A5ADB716 
 1339      73020D
 1340 0ad5 4F377E1D 		.ascii	"O7~\035\021\377K\232\255T\325<U\230\177C\315S\317\037"
 1340      11FF4B9A 
 1340      AD54D53C 
 1340      55987F43 
 1340      CD53CF1F 
 1341 0ae9 19F5C2CF 		.ascii	"\031\365\302\317\231y\322\361}\307<\035\374\327\304"
 1341      9979D2F1 
 1341      7DC73C1D 
 1341      FCD7C4
 1342 0af8 F1DA9167 		.ascii	"\361\332\221g%MEH\023\010\351\024!\252\377f\207/\216"
 1342      254D4548 
 1342      1308E914 
 1342      21AAFF66 
 1342      872F8E
 1343 0b0b 9A401152 		.ascii	"\232@\021R_\244\364\213\352_\177:\277\303\361\021%C"
 1343      5FA4F48B 
 1343      EA5F7F3A 
 1343      BFC3F111 
 1343      2543
 1344 0b1d B5CF10F6 		.ascii	"\265\317\020\366g\250\375\320\346\301FO\262\352D\274"
 1344      67A8FDD0 
 1344      E6C1464F 
 1344      B2EA44BC 
 1345 0b2d C6771BD0 		.ascii	"\306w\033\320\177P~%f\002\354\3413e\266\337\317\267"
 1345      7F507E25 
 1345      6602ECE1 
 1345      3365B6DF 
 1345      CFB7
 1346 0b3f 173DF6C2 		.ascii	"\027=\366\302\307\231\377\212j{\024\376I\242r<\221,"
 1346      C799FF8A 
 1346      6A7B14FE 
 1346      49A2723C 
 1346      912C
 1347 0b51 8E6FA5A6 		.ascii	"\216o\245\246\221\331\231hf3\377\034[\242\327Y2x\311"
 1347      91D99968 
 1347      6633FF1C 
 1347      5BA2D759 
 1347      3278C9
 1348 0b64 917F0276 		.ascii	"\221\177\002vW\233*\376\0050I\345\011L\327\223\221\006"
 1348      579B2AFE 
 1348      053049E5 
 1348      094CD793 
 1348      9106
 1349 0b76 33CE6598 		.ascii	"3\316e\230\345uO\036\022\314\370cJI\324\037\016(%\210"
ARM GAS  C:\Users\elias\AppData\Local\Temp\cc0Or0pr.s 			page 106


 1349      E5754F1E 
 1349      12CCF863 
 1349      4A49D41F 
 1349      0E282588 
 1350 0b8a EA9D7542 		.ascii	"\352\235uB$\327\271\0041\217\"^\177\276\277\314\204"
 1350      24D7B904 
 1350      318F225E 
 1350      7FBEBFCC 
 1350      84
 1351 0b9b 2F3388DC 		.ascii	"/3\210\334\316\313eF\366\032\242\220O]c\215\275\227"
 1351      CECB6546 
 1351      F61AA290 
 1351      4F5D638D 
 1351      BD97
 1352 0bad 107B0F51 		.ascii	"\020{\017Q\274\310\232\236\330r\324\233\335\267\023"
 1352      BCC89A9E 
 1352      D872D49B 
 1352      DDB713
 1353 0bbc FDABD583 		.ascii	"\375\253\325\203V\222\022E\264\274\277v]-\224a;\203"
 1353      56921245 
 1353      B4BCBF76 
 1353      5D2D9461 
 1353      3B83
 1354 0bce DE094005 		.ascii	"\336\011@\0052\315HqNa%\366\217\344\373\255\371\214"
 1354      32CD4871 
 1354      4E6125F6 
 1354      8FE4FBAD 
 1354      F98C
 1355 0be0 DE793900 		.ascii	"\336y9\000\235\223\211z\221\354/\214\350\207\252\254"
 1355      9D93897A 
 1355      91EC2F8C 
 1355      E887AAAC 
 1356 0bf0 A3179056 		.ascii	"\243\027\220V\233\244\307\255vgM\311E/\010\276=\001"
 1356      9BA4C7AD 
 1356      76674DC9 
 1356      452F08BE 
 1356      3D01
 1357 0c02 1A320385 		.ascii	"\0322\003\205+%\341\006T,\373\243|\036\276j\231O\352"
 1357      2B25E106 
 1357      542CFBA3 
 1357      7C1EBE6A 
 1357      994FEA
 1358 0c15 8A4A68F4 		.ascii	"\212Jh\364'\016\357K\362\3027X\364i7\303\363d\334\301"
 1358      270EEF4B 
 1358      F2C23758 
 1358      F46937C3 
 1358      F364DCC1 
 1359 0c29 2EA2B71E 		.ascii	".\242\267\036\274M\000\025\310fm\321G\203\233\224\203"
 1359      BC4D0015 
 1359      C8666DD1 
 1359      47839B94 
 1359      83
 1360 0c3a 0A7BABBF 		.ascii	"\012{\253\277\000\2100\3319\022\372-\305\273H\361\012"
 1360      008830D9 
 1360      3912FA2D 
 1360      C5BB48F1 
 1360      0A
ARM GAS  C:\Users\elias\AppData\Local\Temp\cc0Or0pr.s 			page 107


 1361 0c4b EFA7F463 		.ascii	"\357\247\364c\374\220AdlM(6\363\202\304\250\005\271"
 1361      FC904164 
 1361      6C4D2836 
 1361      F382C4A8 
 1361      05B9
 1362 0c5d E454904B 		.ascii	"\344T\220K\242 \245\024b 1v\247/\2663\210\346\306\370"
 1362      A220A514 
 1362      62203176 
 1362      A72FB633 
 1362      88E6C6F8 
 1363 0c71 41C4219E 		.ascii	"A\304!\236\335\361Q\336\245\010eN\010e\002\241\234\""
 1363      DDF151DE 
 1363      A508654E 
 1363      086502A1 
 1363      9C22
 1364 0c83 9416A7F5 		.ascii	"\224\026\247\365N\300\273\275(\302\276#{\237\233Y\247"
 1364      4EC0BBBD 
 1364      28C2BE23 
 1364      7B9F9B59 
 1364      A7
 1365 0c94 951C3983 		.ascii	"\225\0349\203(\013\222\311\012'\214\012\321h\227)F\323"
 1365      280B92C9 
 1365      0A278C0A 
 1365      D1689729 
 1365      46D3
 1366 0ca6 C8C81D13 		.ascii	"\310\310\035\023>\3120:\013k\346r\210\243\277\343\215"
 1366      3ECA303A 
 1366      0B6BE672 
 1366      88A3BFE3 
 1366      8D
 1367 0cb7 5AE9645F 		.ascii	"Z\351d_)\354\253\250}\370\316\236G\006|\206\331w]\034"
 1367      29ECABA8 
 1367      7DF8CE9E 
 1367      47067C86 
 1367      D9775D1C 
 1368 0ccb EA141C32 		.ascii	"\352\024\0342\004@\265\023@\265\000\270B\001\306\207"
 1368      0440B513 
 1368      40B500B8 
 1368      4201C687 
 1369 0cdb 46EE7BE1 		.ascii	"F\356{\341\313\014@|\356\365g\237{\323\272\212c\215"
 1369      CB0C407C 
 1369      EEF5679F 
 1369      7BD3BA8A 
 1369      638D
 1370 0ced BC2DC9EB 		.ascii	"\274-\311\353\362\276\343i\371fv\373-\3622S\362x\201"
 1370      F2BEE369 
 1370      F96676FB 
 1370      2DF23253 
 1370      F27881
 1371 0d00 FBAEAC13 		.ascii	"\373\256\254\023]Y\313\272rt\300>\206\234\273\262\006"
 1371      5D59CBBA 
 1371      7274C03E 
 1371      869CBBB2 
 1371      06
 1372 0d11 BAE51AED 		.ascii	"\272\345\032\355\226z\332gu\242\317\3667\367\355\305"
 1372      967ADA67 
 1372      75A2CFF6 
ARM GAS  C:\Users\elias\AppData\Local\Temp\cc0Or0pr.s 			page 108


 1372      37F7EDC5 
 1373 0d21 CE5DE956 		.ascii	"\316]\351V;\346T\344\016\304\273\362\220\207\022\341"
 1373      3BE654E4 
 1373      0EC4BBF2 
 1373      908712E1 
 1374 0d31 851AA025 		.ascii	"\205\032\240%\257\362\310U\263\253\264\205\256\323\300"
 1374      AFF2C855 
 1374      B3ABB485 
 1374      AED3C0
 1375 0d40 07F38673 		.ascii	"\007\363\206s\314\370\006\013\374\351\361\230a?\236"
 1375      CCF8060B 
 1375      FCE9F198 
 1375      613F9E
 1376 0d4f B94C91B9 		.ascii	"\271L\221\271F\247\3145\212\314\335 \000\270\240\361"
 1376      46A7CC35 
 1376      8ACCDD20 
 1376      00B8A0F1 
 1377 0d5f 702C46FC 		.ascii	"p,F\374\355\206\276\303(\265\010\335\226\215\374\205"
 1377      ED86BEC3 
 1377      28B508DD 
 1377      968DFC85 
 1378 0d6f E63D7A4E 		.ascii	"\346=zN\3633\260I\361<\350+9\220n\323\334\334\004^\267"
 1378      F333B049 
 1378      F13CE82B 
 1378      39906ED3 
 1378      DCDC045E 
 1379 0d84 081E5C02 		.ascii	"\010\036\\\002\207\357*\222S\310\207\214\351F\372i\326"
 1379      87EF2A92 
 1379      53C8878C 
 1379      E946FA69 
 1379      D6
 1380 0d95 4FF32963 		.ascii	"O\363)c:\233\206*\233;\036{\343>JY\316M\214\033\364"
 1380      3A9B862A 
 1380      9B3B1E7B 
 1380      E33E4A59 
 1380      CE4D8C1B 
 1381 0daa 101F2B58 		.ascii	"\020\037+X\001$u\031l\206ep:\237,\357\200\237&\331\361"
 1381      01247519 
 1381      6C866570 
 1381      3A9F2CEF 
 1381      809F26D9 
 1382 0dbf B1E201FB 		.ascii	"\261\342\001\373Xq\027\"\374N\235\205\247\363T\236K"
 1382      58711722 
 1382      FC4E9D85 
 1382      A7F3549E 
 1382      4B
 1383 0dd0 4D3F88D9 		.ascii	"M?\210\331\364\373Z\240\304\344\256\022\353\201\207"
 1383      F4FB5AA0 
 1383      C4E4AE12 
 1383      EB8187
 1384 0ddf 18ADFCBC 		.ascii	"\030\255\374\274\336T_F\313\005B\233;Z%M=\277\204M\013"
 1384      DE545F46 
 1384      CB05429B 
 1384      3B5A254D 
 1384      3DBF844D 
 1385 0df4 42AD40EB 		.ascii	"B\255@\353\236J\253E\2248\267\2426g\202\356\345\242"
 1385      9E4AAB45 
ARM GAS  C:\Users\elias\AppData\Local\Temp\cc0Or0pr.s 			page 109


 1385      9438B7A2 
 1385      366782EE 
 1385      E5A2
 1386 0e06 55F772D1 		.ascii	"U\367r\321\316^.\310/hW7T\025\351\2653u\332\035\\\273"
 1386      CE5E2EC8 
 1386      2F685737 
 1386      5415E9B5 
 1386      3375DA1D 
 1387 0e1c 836AEF6A 		.ascii	"\203j\357jx\261@\247\254\377\250\330\311\225;\251\362"
 1387      78B140A7 
 1387      ACFFA8D8 
 1387      C9953BA9 
 1387      F2
 1388 0e2d 95EE04FB 		.ascii	"\225\356\004\373\004\374\234E\233\025\035\023=AD\253"
 1388      04FC9C45 
 1388      9B151D13 
 1388      3D4144AB 
 1389 0e3d 5FAEBAE5 		.ascii	"_\256\272\345\227\227+\026j\343\357\025x\313\355\002"
 1389      97972B16 
 1389      6AE3EF15 
 1389      78CBED02 
 1390 0e4d 42F7D540 		.ascii	"B\367\325@3E\240\3315}\351\036:6]:\352=\234M\017e3P"
 1390      3345A0D9 
 1390      357DE91E 
 1390      3A365D3A 
 1390      EA3D9C4D 
 1391 0e65 7DBCD75B 		.ascii	"}\274\327[\247M&cU\273\227k\367R\355\304\264\256u:e"
 1391      A74D2663 
 1391      55BB976B 
 1391      F752EDC4 
 1391      B4AE753A 
 1392 0e7a B2155195 		.ascii	"\262\025Q\225\037p\345\007T\2719\265\247\301S\247\035"
 1392      1F70E507 
 1392      54B939B5 
 1392      A7C153A7 
 1392      1D
 1393 0e8b AFD3EEE3 		.ascii	"\257\323\356\343\332}T;\355\322\216\323\262N\273\\\367"
 1393      DA7D543B 
 1393      EDD28ED3 
 1393      B24EBB5C 
 1393      F7
 1394 0e9c DF3D0FB9 		.ascii	"\337=\017\271\366C\206}gG\233\217N\273J\247\335\317"
 1394      F643867D 
 1394      67479B8F 
 1394      4EBB4AA7 
 1394      DDCF
 1395 0eae B5FBA9F6 		.ascii	"\265\373\251\366\276\210\213O\364o\323\015\272 \007"
 1395      BE888B4F 
 1395      F46FD30D 
 1395      BA2007
 1396 0ebd B8F6801B 		.ascii	"\270\366\200\033\354<\035\366#\256\375\210\225\263\264"
 1396      EC3C1DF6 
 1396      23AEFD88 
 1396      95B3B4
 1397 0ecc FEE0046C 		.ascii	"\376\340\004l\247\3454\264\247e7b\344\315\236\351\031"
 1397      A7E534B4 
 1397      A7653762 
ARM GAS  C:\Users\elias\AppData\Local\Temp\cc0Or0pr.s 			page 110


 1397      E4CD9EE9 
 1397      19
 1398 0edd DBE89BEF 		.ascii	"\333\350\233\357\246\370\251\177t\024\365)\024uP\366"
 1398      A6F8A97F 
 1398      7414F529 
 1398      147550F6 
 1399 0eed 06EB21E8 		.ascii	"\006\353!\350\336'\320\275\344\203\005\031\241\317\374"
 1399      DE27D0BD 
 1399      E4830519 
 1399      A1CFFC
 1400 0efc 447AAAF9 		.ascii	"Dz\252\371\322\001\227\350\261\354\370\322A\256\301"
 1400      D20197E8 
 1400      B1ECF8D2 
 1400      41AEC1
 1401 0f0b 67FDF1E8 		.ascii	"g\375\361\350\223\372\377\032\033\3231|\306\031>\243"
 1401      93FAFF1A 
 1401      1BD3317C 
 1401      C6193EA3 
 1402 0f1b 0C6FB474 		.ascii	"\014o\264t\346\373\351\2647\353\3520\314\265\207\335"
 1402      E6FBE9B4 
 1402      37EBEA30 
 1402      CCB587DD 
 1403 0f2b 44BF5DA7 		.ascii	"D\277]\247=\302\265G\334h\027\350\230<\347\332\344\327"
 1403      3DC2B547 
 1403      DC6817E8 
 1403      983CE7DA 
 1403      E4D7
 1404 0f3d 6BE17F7C 		.ascii	"k\341\177|<5p\326,\311cCp\210m\336\333\013-!\026k\220"
 1404      3C3570D6 
 1404      2CC96343 
 1404      70886DDE 
 1404      DB0B2D21 
 1405 0f54 CDB2EAD3 		.ascii	"\315\262\352\323\245\241\033\254+-\277]\27444p\356o"
 1405      A5A11BAC 
 1405      2B2DBF5D 
 1405      BC343470 
 1405      EE6F
 1406 0f66 5786D9C2 		.ascii	"W\206\331\302\326Y\326\317\\#\031?^\260d\331\247\313"
 1406      D659D6CF 
 1406      5C23193F 
 1406      5EB064D9 
 1406      A7CB
 1407 0f78 3E59B474 		.ascii	">Y\264t\311?\270Q&\032\016\315%D\363Mz\372\033k\260"
 1407      C93FB851 
 1407      261A0ECD 
 1407      2544F34D 
 1407      7AFA1B6B 
 1408 0f8d CDB26CE3 		.ascii	"\315\262l\343\317\203lA3\327\005Ym3\337}%\302J"
 1408      CF836C41 
 1408      33D70559 
 1408      6D33DF7D 
 1408      25C24A
 1409 0fa0 6932355B 		.ascii	"i25[j\011Y\365\276\325\022\36493\372go:\272($\330\346"
 1409      6A0959F5 
 1409      BED512F4 
 1409      3933FA67 
 1409      6F3ABA28 
ARM GAS  C:\Users\elias\AppData\Local\Temp\cc0Or0pr.s 			page 111


 1410 0fb7 43CF3E08 		.ascii	"C\317>\010\011Z\261\326\302\274-\265\201\2127?\015]"
 1410      095AB1D6 
 1410      C2BC2DB5 
 1410      818A373F 
 1410      0D5D
 1411 0fc9 378551B0 		.ascii	"7\205Q\260\004\255\012\014\015\261YC\327.\261|\026\274"
 1411      04AD0A0C 
 1411      0DB15943 
 1411      D72EB17C 
 1411      16BC
 1412 0fdb DE66B1FE 		.ascii	"\336f\261\376\235J\310\351\316\233\334\247m\311\306"
 1412      9D4AC8E9 
 1412      CE9BDCA7 
 1412      6DC9C6
 1413 0fea 4521706D 		.ascii	"E!pm\335\260\316\366\253\320U\026?\007\324\022\032\301"
 1413      DDB0CEF6 
 1413      ABD05516 
 1413      3F07D412 
 1413      1AC1
 1414 0ffc 0F34D7E0 		.ascii	"\0174\327\340"
 1415 1000 D5B661BD 		.ascii	"\325\266a\275\211\216,\264\330\002\327\004Y\035\027"
 1415      898E2CB4 
 1415      D802D704 
 1415      591D17
 1416 100f EF87D92C 		.ascii	"\357\207\331,\236$\267\263~6I\214-\331\370\376\206\325"
 1416      9E24B7B3 
 1416      7E36498C 
 1416      2DD9F8FE 
 1416      86D5
 1417 1021 AB2DD6A5 		.ascii	"\253-\326\245\301_Z\374\351`\340ZK\220U\014OV),X\265"
 1417      C15F5AFC 
 1417      E960E05A 
 1417      4B90550C 
 1417      4F56292C 
 1418 1037 CA6A59BF 		.ascii	"\312jY\277\236\020\360\177it\326\313C\263\035\364\227"
 1418      9E10F07F 
 1418      6974D6CB 
 1418      43B31DF4 
 1418      97
 1419 1048 E9E94F74 		.ascii	"\351\351Ot\256\200\312\177\231\216\377\342\015\224\377"
 1419      AE80CA7F 
 1419      998EFFE2 
 1419      0D94FF
 1420 1057 6471B1D4 		.ascii	"dq\261\324f\015\016\371\214\245~\226a%\334\362 \177"
 1420      660D0EF9 
 1420      8CA57E96 
 1420      6125DCF2 
 1420      207F
 1421 1069 E64D120A 		.ascii	"\346M\022\012\013\254\326\2400v\177\366\017\035\020"
 1421      0BACD6A0 
 1421      30767FF6 
 1421      0F1D10
 1422 1078 4B3EFC05 		.ascii	"K>\374\005\033\233\343\253G2\353\354LZ\003G~\226\271"
 1422      1B9BE3AB 
 1422      4732EBEC 
 1422      4C5A0347 
 1422      7E96B9
ARM GAS  C:\Users\elias\AppData\Local\Temp\cc0Or0pr.s 			page 112


 1423 108b CE8F18F6 		.ascii	"\316\217\030\366\325\267\305d5dM\272&\006\206A\002`"
 1423      D5B7C564 
 1423      35644DBA 
 1423      26068641 
 1423      0260
 1424 109d 74B13538 		.ascii	"t\26158\024\302\016{\313M\257\005\206}\030\274\002\332"
 1424      14C20E7B 
 1424      CB4DAF05 
 1424      867D18BC 
 1424      02DA
 1425 10af D557182C 		.ascii	"\325W\030,\267\254\264\205ZM+\303\202\327[\203\030\340"
 1425      B7ACB485 
 1425      5A4D2BC3 
 1425      82D75B83 
 1425      18E0
 1426 10c1 E4C0B00F 		.ascii	"\344\300\260\0176\006\333\002\001'xe\320\332\245\240"
 1426      3606DB02 
 1426      01277865 
 1426      D0DAA5A0 
 1427 10d1 111C1AF2 		.ascii	"\021\034\032\362C\336\210\266\300\265\241+?g\2757\375"
 1427      43DE88B6 
 1427      C0B5A12B 
 1427      3F67BD37 
 1427      FD
 1428 10e2 151DED50 		.ascii	"\025\035\355P\005oo\000\"\251\217\023\244\2773d\350"
 1428      056F6F00 
 1428      22A98F13 
 1428      A4BF3364 
 1428      E8
 1429 10f3 3A56281B 		.ascii	":V(\033\217\235\024\314_7Bkj\326\015\231m\033\027[ "
 1429      8F9D14CC 
 1429      5F37426B 
 1429      6AD60D99 
 1429      6D1B175B 
 1430 1108 EC5533E7 		.ascii	"\354U3\347\316\232\373\256\227\270b=\000=\021j\325V"
 1430      CE9AFBAE 
 1430      97B8623D 
 1430      003D116A 
 1430      D556
 1431 111a 3C189EA4 		.ascii	"<\030\236\244\345AV\346\307\372\222\037\253\326\317"
 1431      E54156E6 
 1431      C7FA921F 
 1431      ABD6CF
 1432 1129 9BBAA10F 		.ascii	"\233\272\241\017CC\327\375\334b\003\352f\335\370d\335"
 1432      4343D7FD 
 1432      DC6203EA 
 1432      66DDF864 
 1432      DD
 1433 113a D5AFFF64 		.ascii	"\325\257\377d\261\256^\033\372\005}\012\346\314\366"
 1433      B1AE5E1B 
 1433      FA057D0A 
 1433      E6CCF6
 1434 1149 B05A3E9B 		.ascii	"\260Z>\2333\333\000\177\347y|\372~h\350\332\377\007"
 1434      33DB007F 
 1434      E7797CFA 
 1434      7E68E8DA 
 1434      FF07
ARM GAS  C:\Users\elias\AppData\Local\Temp\cc0Or0pr.s 			page 113


 1435 115b 744AED5A 		.ascii	"tJ\355Z"
 1436              		.text
 1437              		.section	.gnu.lto_.symtab.4d82c36d,"",%progbits
 1438 0000 55415254 		.ascii	"UART_txBufferRead\000"
 1438      5F747842 
 1438      75666665 
 1438      72526561 
 1438      6400
 1439 0012 00       		.ascii	"\000"
 1440 0013 00       		.ascii	"\000"
 1441 0014 00       		.ascii	"\000"
 1442 0015 00000000 		.ascii	"\000\000\000\000\000\000\000\000"
 1442      00000000 
 1443 001d 35010000 		.ascii	"5\001\000\000"
 1444 0021 55415254 		.ascii	"UART_txBufferWrite\000"
 1444      5F747842 
 1444      75666665 
 1444      72577269 
 1444      746500
 1445 0034 00       		.ascii	"\000"
 1446 0035 00       		.ascii	"\000"
 1447 0036 00       		.ascii	"\000"
 1448 0037 00000000 		.ascii	"\000\000\000\000\000\000\000\000"
 1448      00000000 
 1449 003f 38010000 		.ascii	"8\001\000\000"
 1450 0043 55415254 		.ascii	"UART_txBuffer\000"
 1450      5F747842 
 1450      75666665 
 1450      7200
 1451 0051 00       		.ascii	"\000"
 1452 0052 04       		.ascii	"\004"
 1453 0053 00       		.ascii	"\000"
 1454 0054 80000000 		.ascii	"\200\000\000\000\000\000\000\000"
 1454      00000000 
 1455 005c 40010000 		.ascii	"@\001\000\000"
 1456 0060 55415254 		.ascii	"UART_Init\000"
 1456      5F496E69 
 1456      7400
 1457 006a 00       		.ascii	"\000"
 1458 006b 00       		.ascii	"\000"
 1459 006c 00       		.ascii	"\000"
 1460 006d 00000000 		.ascii	"\000\000\000\000\000\000\000\000"
 1460      00000000 
 1461 0075 BF000000 		.ascii	"\277\000\000\000"
 1462 0079 55415254 		.ascii	"UART_errorStatus\000"
 1462      5F657272 
 1462      6F725374 
 1462      61747573 
 1462      00
 1463 008a 00       		.ascii	"\000"
 1464 008b 00       		.ascii	"\000"
 1465 008c 00       		.ascii	"\000"
 1466 008d 00000000 		.ascii	"\000\000\000\000\000\000\000\000"
 1466      00000000 
 1467 0095 45010000 		.ascii	"E\001\000\000"
 1468 0099 55415254 		.ascii	"UART_Enable\000"
 1468      5F456E61 
ARM GAS  C:\Users\elias\AppData\Local\Temp\cc0Or0pr.s 			page 114


 1468      626C6500 
 1469 00a5 00       		.ascii	"\000"
 1470 00a6 00       		.ascii	"\000"
 1471 00a7 00       		.ascii	"\000"
 1472 00a8 00000000 		.ascii	"\000\000\000\000\000\000\000\000"
 1472      00000000 
 1473 00b0 C1000000 		.ascii	"\301\000\000\000"
 1474 00b4 55415254 		.ascii	"UART_Start\000"
 1474      5F537461 
 1474      727400
 1475 00bf 00       		.ascii	"\000"
 1476 00c0 00       		.ascii	"\000"
 1477 00c1 00       		.ascii	"\000"
 1478 00c2 00000000 		.ascii	"\000\000\000\000\000\000\000\000"
 1478      00000000 
 1479 00ca C3000000 		.ascii	"\303\000\000\000"
 1480 00ce 55415254 		.ascii	"UART_initVar\000"
 1480      5F696E69 
 1480      74566172 
 1480      00
 1481 00db 00       		.ascii	"\000"
 1482 00dc 00       		.ascii	"\000"
 1483 00dd 00       		.ascii	"\000"
 1484 00de 00000000 		.ascii	"\000\000\000\000\000\000\000\000"
 1484      00000000 
 1485 00e6 47010000 		.ascii	"G\001\000\000"
 1486 00ea 55415254 		.ascii	"UART_Stop\000"
 1486      5F53746F 
 1486      7000
 1487 00f4 00       		.ascii	"\000"
 1488 00f5 00       		.ascii	"\000"
 1489 00f6 00       		.ascii	"\000"
 1490 00f7 00000000 		.ascii	"\000\000\000\000\000\000\000\000"
 1490      00000000 
 1491 00ff C5000000 		.ascii	"\305\000\000\000"
 1492 0103 55415254 		.ascii	"UART_ReadControlRegister\000"
 1492      5F526561 
 1492      64436F6E 
 1492      74726F6C 
 1492      52656769 
 1493 011c 00       		.ascii	"\000"
 1494 011d 00       		.ascii	"\000"
 1495 011e 00       		.ascii	"\000"
 1496 011f 00000000 		.ascii	"\000\000\000\000\000\000\000\000"
 1496      00000000 
 1497 0127 C8000000 		.ascii	"\310\000\000\000"
 1498 012b 55415254 		.ascii	"UART_WriteControlRegister\000"
 1498      5F577269 
 1498      7465436F 
 1498      6E74726F 
 1498      6C526567 
 1499 0145 00       		.ascii	"\000"
 1500 0146 00       		.ascii	"\000"
 1501 0147 00       		.ascii	"\000"
 1502 0148 00000000 		.ascii	"\000\000\000\000\000\000\000\000"
 1502      00000000 
 1503 0150 CC000000 		.ascii	"\314\000\000\000"
ARM GAS  C:\Users\elias\AppData\Local\Temp\cc0Or0pr.s 			page 115


 1504 0154 55415254 		.ascii	"UART_SetRxInterruptMode\000"
 1504      5F536574 
 1504      5278496E 
 1504      74657272 
 1504      7570744D 
 1505 016c 00       		.ascii	"\000"
 1506 016d 00       		.ascii	"\000"
 1507 016e 00       		.ascii	"\000"
 1508 016f 00000000 		.ascii	"\000\000\000\000\000\000\000\000"
 1508      00000000 
 1509 0177 CE000000 		.ascii	"\316\000\000\000"
 1510 017b 55415254 		.ascii	"UART_ReadRxData\000"
 1510      5F526561 
 1510      64527844 
 1510      61746100 
 1511 018b 00       		.ascii	"\000"
 1512 018c 00       		.ascii	"\000"
 1513 018d 00       		.ascii	"\000"
 1514 018e 00000000 		.ascii	"\000\000\000\000\000\000\000\000"
 1514      00000000 
 1515 0196 D0000000 		.ascii	"\320\000\000\000"
 1516 019a 55415254 		.ascii	"UART_rxBufferRead\000"
 1516      5F727842 
 1516      75666665 
 1516      72526561 
 1516      6400
 1517 01ac 00       		.ascii	"\000"
 1518 01ad 00       		.ascii	"\000"
 1519 01ae 00       		.ascii	"\000"
 1520 01af 00000000 		.ascii	"\000\000\000\000\000\000\000\000"
 1520      00000000 
 1521 01b7 49010000 		.ascii	"I\001\000\000"
 1522 01bb 55415254 		.ascii	"UART_rxBufferWrite\000"
 1522      5F727842 
 1522      75666665 
 1522      72577269 
 1522      746500
 1523 01ce 00       		.ascii	"\000"
 1524 01cf 00       		.ascii	"\000"
 1525 01d0 00       		.ascii	"\000"
 1526 01d1 00000000 		.ascii	"\000\000\000\000\000\000\000\000"
 1526      00000000 
 1527 01d9 4B010000 		.ascii	"K\001\000\000"
 1528 01dd 55415254 		.ascii	"UART_rxBufferLoopDetect\000"
 1528      5F727842 
 1528      75666665 
 1528      724C6F6F 
 1528      70446574 
 1529 01f5 00       		.ascii	"\000"
 1530 01f6 00       		.ascii	"\000"
 1531 01f7 00       		.ascii	"\000"
 1532 01f8 00000000 		.ascii	"\000\000\000\000\000\000\000\000"
 1532      00000000 
 1533 0200 4D010000 		.ascii	"M\001\000\000"
 1534 0204 55415254 		.ascii	"UART_rxBuffer\000"
 1534      5F727842 
 1534      75666665 
ARM GAS  C:\Users\elias\AppData\Local\Temp\cc0Or0pr.s 			page 116


 1534      7200
 1535 0212 00       		.ascii	"\000"
 1536 0213 04       		.ascii	"\004"
 1537 0214 00       		.ascii	"\000"
 1538 0215 20000000 		.ascii	" \000\000\000\000\000\000\000"
 1538      00000000 
 1539 021d 55010000 		.ascii	"U\001\000\000"
 1540 0221 55415254 		.ascii	"UART_ReadRxStatus\000"
 1540      5F526561 
 1540      64527853 
 1540      74617475 
 1540      7300
 1541 0233 00       		.ascii	"\000"
 1542 0234 00       		.ascii	"\000"
 1543 0235 00       		.ascii	"\000"
 1544 0236 00000000 		.ascii	"\000\000\000\000\000\000\000\000"
 1544      00000000 
 1545 023e D2000000 		.ascii	"\322\000\000\000"
 1546 0242 55415254 		.ascii	"UART_rxBufferOverflow\000"
 1546      5F727842 
 1546      75666665 
 1546      724F7665 
 1546      72666C6F 
 1547 0258 00       		.ascii	"\000"
 1548 0259 00       		.ascii	"\000"
 1549 025a 00       		.ascii	"\000"
 1550 025b 00000000 		.ascii	"\000\000\000\000\000\000\000\000"
 1550      00000000 
 1551 0263 57010000 		.ascii	"W\001\000\000"
 1552 0267 55415254 		.ascii	"UART_GetChar\000"
 1552      5F476574 
 1552      43686172 
 1552      00
 1553 0274 00       		.ascii	"\000"
 1554 0275 00       		.ascii	"\000"
 1555 0276 00       		.ascii	"\000"
 1556 0277 00000000 		.ascii	"\000\000\000\000\000\000\000\000"
 1556      00000000 
 1557 027f D4000000 		.ascii	"\324\000\000\000"
 1558 0283 55415254 		.ascii	"UART_GetByte\000"
 1558      5F476574 
 1558      42797465 
 1558      00
 1559 0290 00       		.ascii	"\000"
 1560 0291 00       		.ascii	"\000"
 1561 0292 00       		.ascii	"\000"
 1562 0293 00000000 		.ascii	"\000\000\000\000\000\000\000\000"
 1562      00000000 
 1563 029b DE000000 		.ascii	"\336\000\000\000"
 1564 029f 55415254 		.ascii	"UART_GetRxBufferSize\000"
 1564      5F476574 
 1564      52784275 
 1564      66666572 
 1564      53697A65 
 1565 02b4 00       		.ascii	"\000"
 1566 02b5 00       		.ascii	"\000"
 1567 02b6 00       		.ascii	"\000"
ARM GAS  C:\Users\elias\AppData\Local\Temp\cc0Or0pr.s 			page 117


 1568 02b7 00000000 		.ascii	"\000\000\000\000\000\000\000\000"
 1568      00000000 
 1569 02bf E0000000 		.ascii	"\340\000\000\000"
 1570 02c3 55415254 		.ascii	"UART_ClearRxBuffer\000"
 1570      5F436C65 
 1570      61725278 
 1570      42756666 
 1570      657200
 1571 02d6 00       		.ascii	"\000"
 1572 02d7 00       		.ascii	"\000"
 1573 02d8 00       		.ascii	"\000"
 1574 02d9 00000000 		.ascii	"\000\000\000\000\000\000\000\000"
 1574      00000000 
 1575 02e1 E2000000 		.ascii	"\342\000\000\000"
 1576 02e5 55415254 		.ascii	"UART_SetRxAddressMode\000"
 1576      5F536574 
 1576      52784164 
 1576      64726573 
 1576      734D6F64 
 1577 02fb 00       		.ascii	"\000"
 1578 02fc 00       		.ascii	"\000"
 1579 02fd 00       		.ascii	"\000"
 1580 02fe 00000000 		.ascii	"\000\000\000\000\000\000\000\000"
 1580      00000000 
 1581 0306 E4000000 		.ascii	"\344\000\000\000"
 1582 030a 55415254 		.ascii	"UART_SetRxAddress1\000"
 1582      5F536574 
 1582      52784164 
 1582      64726573 
 1582      733100
 1583 031d 00       		.ascii	"\000"
 1584 031e 00       		.ascii	"\000"
 1585 031f 00       		.ascii	"\000"
 1586 0320 00000000 		.ascii	"\000\000\000\000\000\000\000\000"
 1586      00000000 
 1587 0328 E6000000 		.ascii	"\346\000\000\000"
 1588 032c 55415254 		.ascii	"UART_SetRxAddress2\000"
 1588      5F536574 
 1588      52784164 
 1588      64726573 
 1588      733200
 1589 033f 00       		.ascii	"\000"
 1590 0340 00       		.ascii	"\000"
 1591 0341 00       		.ascii	"\000"
 1592 0342 00000000 		.ascii	"\000\000\000\000\000\000\000\000"
 1592      00000000 
 1593 034a E8000000 		.ascii	"\350\000\000\000"
 1594 034e 55415254 		.ascii	"UART_SetTxInterruptMode\000"
 1594      5F536574 
 1594      5478496E 
 1594      74657272 
 1594      7570744D 
 1595 0366 00       		.ascii	"\000"
 1596 0367 00       		.ascii	"\000"
 1597 0368 00       		.ascii	"\000"
 1598 0369 00000000 		.ascii	"\000\000\000\000\000\000\000\000"
 1598      00000000 
ARM GAS  C:\Users\elias\AppData\Local\Temp\cc0Or0pr.s 			page 118


 1599 0371 EA000000 		.ascii	"\352\000\000\000"
 1600 0375 55415254 		.ascii	"UART_WriteTxData\000"
 1600      5F577269 
 1600      74655478 
 1600      44617461 
 1600      00
 1601 0386 00       		.ascii	"\000"
 1602 0387 00       		.ascii	"\000"
 1603 0388 00       		.ascii	"\000"
 1604 0389 00000000 		.ascii	"\000\000\000\000\000\000\000\000"
 1604      00000000 
 1605 0391 EC000000 		.ascii	"\354\000\000\000"
 1606 0395 55415254 		.ascii	"UART_ReadTxStatus\000"
 1606      5F526561 
 1606      64547853 
 1606      74617475 
 1606      7300
 1607 03a7 00       		.ascii	"\000"
 1608 03a8 00       		.ascii	"\000"
 1609 03a9 00       		.ascii	"\000"
 1610 03aa 00000000 		.ascii	"\000\000\000\000\000\000\000\000"
 1610      00000000 
 1611 03b2 EE000000 		.ascii	"\356\000\000\000"
 1612 03b6 55415254 		.ascii	"UART_PutChar\000"
 1612      5F507574 
 1612      43686172 
 1612      00
 1613 03c3 00       		.ascii	"\000"
 1614 03c4 00       		.ascii	"\000"
 1615 03c5 00       		.ascii	"\000"
 1616 03c6 00000000 		.ascii	"\000\000\000\000\000\000\000\000"
 1616      00000000 
 1617 03ce F0000000 		.ascii	"\360\000\000\000"
 1618 03d2 55415254 		.ascii	"UART_PutString\000"
 1618      5F507574 
 1618      53747269 
 1618      6E6700
 1619 03e1 00       		.ascii	"\000"
 1620 03e2 00       		.ascii	"\000"
 1621 03e3 00       		.ascii	"\000"
 1622 03e4 00000000 		.ascii	"\000\000\000\000\000\000\000\000"
 1622      00000000 
 1623 03ec 0D010000 		.ascii	"\015\001\000\000"
 1624 03f0 55415254 		.ascii	"UART_PutArray\000"
 1624      5F507574 
 1624      41727261 
 1624      7900
 1625 03fe 00       		.ascii	"\000"
 1626 03ff 00       		.ascii	"\000"
 1627 0400 00       		.ascii	"\000"
 1628 0401 00000000 		.ascii	"\000\000\000\000\000\000\000\000"
 1628      00000000 
 1629 0409 12010000 		.ascii	"\022\001\000\000"
 1630 040d 55415254 		.ascii	"UART_PutCRLF\000"
 1630      5F507574 
 1630      43524C46 
 1630      00
ARM GAS  C:\Users\elias\AppData\Local\Temp\cc0Or0pr.s 			page 119


 1631 041a 00       		.ascii	"\000"
 1632 041b 00       		.ascii	"\000"
 1633 041c 00       		.ascii	"\000"
 1634 041d 00000000 		.ascii	"\000\000\000\000\000\000\000\000"
 1634      00000000 
 1635 0425 14010000 		.ascii	"\024\001\000\000"
 1636 0429 55415254 		.ascii	"UART_GetTxBufferSize\000"
 1636      5F476574 
 1636      54784275 
 1636      66666572 
 1636      53697A65 
 1637 043e 00       		.ascii	"\000"
 1638 043f 00       		.ascii	"\000"
 1639 0440 00       		.ascii	"\000"
 1640 0441 00000000 		.ascii	"\000\000\000\000\000\000\000\000"
 1640      00000000 
 1641 0449 16010000 		.ascii	"\026\001\000\000"
 1642 044d 55415254 		.ascii	"UART_ClearTxBuffer\000"
 1642      5F436C65 
 1642      61725478 
 1642      42756666 
 1642      657200
 1643 0460 00       		.ascii	"\000"
 1644 0461 00       		.ascii	"\000"
 1645 0462 00       		.ascii	"\000"
 1646 0463 00000000 		.ascii	"\000\000\000\000\000\000\000\000"
 1646      00000000 
 1647 046b 18010000 		.ascii	"\030\001\000\000"
 1648 046f 55415254 		.ascii	"UART_SendBreak\000"
 1648      5F53656E 
 1648      64427265 
 1648      616B00
 1649 047e 00       		.ascii	"\000"
 1650 047f 00       		.ascii	"\000"
 1651 0480 00       		.ascii	"\000"
 1652 0481 00000000 		.ascii	"\000\000\000\000\000\000\000\000"
 1652      00000000 
 1653 0489 1A010000 		.ascii	"\032\001\000\000"
 1654 048d 55415254 		.ascii	"UART_SetTxAddressMode\000"
 1654      5F536574 
 1654      54784164 
 1654      64726573 
 1654      734D6F64 
 1655 04a3 00       		.ascii	"\000"
 1656 04a4 00       		.ascii	"\000"
 1657 04a5 00       		.ascii	"\000"
 1658 04a6 00000000 		.ascii	"\000\000\000\000\000\000\000\000"
 1658      00000000 
 1659 04ae 1C010000 		.ascii	"\034\001\000\000"
 1660 04b2 55415254 		.ascii	"UART_RXISR\000"
 1660      5F525849 
 1660      535200
 1661 04bd 00       		.ascii	"\000"
 1662 04be 02       		.ascii	"\002"
 1663 04bf 00       		.ascii	"\000"
 1664 04c0 00000000 		.ascii	"\000\000\000\000\000\000\000\000"
 1664      00000000 
ARM GAS  C:\Users\elias\AppData\Local\Temp\cc0Or0pr.s 			page 120


 1665 04c8 B4000000 		.ascii	"\264\000\000\000"
 1666 04cc 55415254 		.ascii	"UART_TXISR\000"
 1666      5F545849 
 1666      535200
 1667 04d7 00       		.ascii	"\000"
 1668 04d8 02       		.ascii	"\002"
 1669 04d9 00       		.ascii	"\000"
 1670 04da 00000000 		.ascii	"\000\000\000\000\000\000\000\000"
 1670      00000000 
 1671 04e2 B2000000 		.ascii	"\262\000\000\000"
 1672 04e6 4379496E 		.ascii	"CyIntSetPriority\000"
 1672      74536574 
 1672      5072696F 
 1672      72697479 
 1672      00
 1673 04f7 00       		.ascii	"\000"
 1674 04f8 02       		.ascii	"\002"
 1675 04f9 00       		.ascii	"\000"
 1676 04fa 00000000 		.ascii	"\000\000\000\000\000\000\000\000"
 1676      00000000 
 1677 0502 21010000 		.ascii	"!\001\000\000"
 1678 0506 4379496E 		.ascii	"CyIntSetVector\000"
 1678      74536574 
 1678      56656374 
 1678      6F7200
 1679 0515 00       		.ascii	"\000"
 1680 0516 02       		.ascii	"\002"
 1681 0517 00       		.ascii	"\000"
 1682 0518 00000000 		.ascii	"\000\000\000\000\000\000\000\000"
 1682      00000000 
 1683 0520 29010000 		.ascii	")\001\000\000"
 1684 0524 43794578 		.ascii	"CyExitCriticalSection\000"
 1684      69744372 
 1684      69746963 
 1684      616C5365 
 1684      6374696F 
 1685 053a 00       		.ascii	"\000"
 1686 053b 02       		.ascii	"\002"
 1687 053c 00       		.ascii	"\000"
 1688 053d 00000000 		.ascii	"\000\000\000\000\000\000\000\000"
 1688      00000000 
 1689 0545 2B010000 		.ascii	"+\001\000\000"
 1690 0549 55415254 		.ascii	"UART_IntClock_Start\000"
 1690      5F496E74 
 1690      436C6F63 
 1690      6B5F5374 
 1690      61727400 
 1691 055d 00       		.ascii	"\000"
 1692 055e 02       		.ascii	"\002"
 1693 055f 00       		.ascii	"\000"
 1694 0560 00000000 		.ascii	"\000\000\000\000\000\000\000\000"
 1694      00000000 
 1695 0568 2D010000 		.ascii	"-\001\000\000"
 1696 056c 4379456E 		.ascii	"CyEnterCriticalSection\000"
 1696      74657243 
 1696      72697469 
 1696      63616C53 
ARM GAS  C:\Users\elias\AppData\Local\Temp\cc0Or0pr.s 			page 121


 1696      65637469 
 1697 0583 00       		.ascii	"\000"
 1698 0584 02       		.ascii	"\002"
 1699 0585 00       		.ascii	"\000"
 1700 0586 00000000 		.ascii	"\000\000\000\000\000\000\000\000"
 1700      00000000 
 1701 058e 2F010000 		.ascii	"/\001\000\000"
 1702 0592 55415254 		.ascii	"UART_IntClock_Stop\000"
 1702      5F496E74 
 1702      436C6F63 
 1702      6B5F5374 
 1702      6F7000
 1703 05a5 00       		.ascii	"\000"
 1704 05a6 02       		.ascii	"\002"
 1705 05a7 00       		.ascii	"\000"
 1706 05a8 00000000 		.ascii	"\000\000\000\000\000\000\000\000"
 1706      00000000 
 1707 05b0 31010000 		.ascii	"1\001\000\000"
 1708              		.text
 1709              		.section	.gnu.lto_.opts,"",%progbits
 1710 0000 272D666D 		.ascii	"'-fmath-errno' '-fsigned-zeros' '-ftrapping-math' '"
 1710      6174682D 
 1710      6572726E 
 1710      6F272027 
 1710      2D667369 
 1711 0033 2D666E6F 		.ascii	"-fno-trapv' '-fno-openmp' '-fno-openacc' '-mcpu=cor"
 1711      2D747261 
 1711      70762720 
 1711      272D666E 
 1711      6F2D6F70 
 1712 0066 7465782D 		.ascii	"tex-m3' '-mthumb' '-g' '-O3' '-ffunction-sections' "
 1712      6D332720 
 1712      272D6D74 
 1712      68756D62 
 1712      2720272D 
 1713 0099 272D6666 		.ascii	"'-ffat-lto-objects' '-finline-functions' '-flto'\000"
 1713      61742D6C 
 1713      746F2D6F 
 1713      626A6563 
 1713      74732720 
 1714              		.text
 1715              		.cfi_sections	.debug_frame
 1716              		.section	.text.UART_Start,"ax",%progbits
 1717              		.align	2
 1718              		.global	UART_Start
 1719              		.thumb
 1720              		.thumb_func
 1721              		.type	UART_Start, %function
 1722              	UART_Start:
 1723              	.LFB0:
 1724              		.file 1 "Generated_Source\\PSoC5\\UART.c"
   1:Generated_Source\PSoC5/UART.c **** /*******************************************************************************
   2:Generated_Source\PSoC5/UART.c **** * File Name: UART.c
   3:Generated_Source\PSoC5/UART.c **** * Version 2.50
   4:Generated_Source\PSoC5/UART.c **** *
   5:Generated_Source\PSoC5/UART.c **** * Description:
   6:Generated_Source\PSoC5/UART.c **** *  This file provides all API functionality of the UART component
ARM GAS  C:\Users\elias\AppData\Local\Temp\cc0Or0pr.s 			page 122


   7:Generated_Source\PSoC5/UART.c **** *
   8:Generated_Source\PSoC5/UART.c **** * Note:
   9:Generated_Source\PSoC5/UART.c **** *
  10:Generated_Source\PSoC5/UART.c **** ********************************************************************************
  11:Generated_Source\PSoC5/UART.c **** * Copyright 2008-2015, Cypress Semiconductor Corporation.  All rights reserved.
  12:Generated_Source\PSoC5/UART.c **** * You may use this file only in accordance with the license, terms, conditions,
  13:Generated_Source\PSoC5/UART.c **** * disclaimers, and limitations in the end user license agreement accompanying
  14:Generated_Source\PSoC5/UART.c **** * the software package with which this file was provided.
  15:Generated_Source\PSoC5/UART.c **** *******************************************************************************/
  16:Generated_Source\PSoC5/UART.c **** 
  17:Generated_Source\PSoC5/UART.c **** #include "UART.h"
  18:Generated_Source\PSoC5/UART.c **** #if (UART_INTERNAL_CLOCK_USED)
  19:Generated_Source\PSoC5/UART.c ****     #include "UART_IntClock.h"
  20:Generated_Source\PSoC5/UART.c **** #endif /* End UART_INTERNAL_CLOCK_USED */
  21:Generated_Source\PSoC5/UART.c **** 
  22:Generated_Source\PSoC5/UART.c **** 
  23:Generated_Source\PSoC5/UART.c **** /***************************************
  24:Generated_Source\PSoC5/UART.c **** * Global data allocation
  25:Generated_Source\PSoC5/UART.c **** ***************************************/
  26:Generated_Source\PSoC5/UART.c **** 
  27:Generated_Source\PSoC5/UART.c **** uint8 UART_initVar = 0u;
  28:Generated_Source\PSoC5/UART.c **** 
  29:Generated_Source\PSoC5/UART.c **** #if (UART_TX_INTERRUPT_ENABLED && UART_TX_ENABLED)
  30:Generated_Source\PSoC5/UART.c ****     volatile uint8 UART_txBuffer[UART_TX_BUFFER_SIZE];
  31:Generated_Source\PSoC5/UART.c ****     volatile uint8 UART_txBufferRead = 0u;
  32:Generated_Source\PSoC5/UART.c ****     uint8 UART_txBufferWrite = 0u;
  33:Generated_Source\PSoC5/UART.c **** #endif /* (UART_TX_INTERRUPT_ENABLED && UART_TX_ENABLED) */
  34:Generated_Source\PSoC5/UART.c **** 
  35:Generated_Source\PSoC5/UART.c **** #if (UART_RX_INTERRUPT_ENABLED && (UART_RX_ENABLED || UART_HD_ENABLED))
  36:Generated_Source\PSoC5/UART.c ****     uint8 UART_errorStatus = 0u;
  37:Generated_Source\PSoC5/UART.c ****     volatile uint8 UART_rxBuffer[UART_RX_BUFFER_SIZE];
  38:Generated_Source\PSoC5/UART.c ****     volatile uint8 UART_rxBufferRead  = 0u;
  39:Generated_Source\PSoC5/UART.c ****     volatile uint8 UART_rxBufferWrite = 0u;
  40:Generated_Source\PSoC5/UART.c ****     volatile uint8 UART_rxBufferLoopDetect = 0u;
  41:Generated_Source\PSoC5/UART.c ****     volatile uint8 UART_rxBufferOverflow   = 0u;
  42:Generated_Source\PSoC5/UART.c ****     #if (UART_RXHW_ADDRESS_ENABLED)
  43:Generated_Source\PSoC5/UART.c ****         volatile uint8 UART_rxAddressMode = UART_RX_ADDRESS_MODE;
  44:Generated_Source\PSoC5/UART.c ****         volatile uint8 UART_rxAddressDetected = 0u;
  45:Generated_Source\PSoC5/UART.c ****     #endif /* (UART_RXHW_ADDRESS_ENABLED) */
  46:Generated_Source\PSoC5/UART.c **** #endif /* (UART_RX_INTERRUPT_ENABLED && (UART_RX_ENABLED || UART_HD_ENABLED)) */
  47:Generated_Source\PSoC5/UART.c **** 
  48:Generated_Source\PSoC5/UART.c **** 
  49:Generated_Source\PSoC5/UART.c **** /*******************************************************************************
  50:Generated_Source\PSoC5/UART.c **** * Function Name: UART_Start
  51:Generated_Source\PSoC5/UART.c **** ********************************************************************************
  52:Generated_Source\PSoC5/UART.c **** *
  53:Generated_Source\PSoC5/UART.c **** * Summary:
  54:Generated_Source\PSoC5/UART.c **** *  This is the preferred method to begin component operation.
  55:Generated_Source\PSoC5/UART.c **** *  UART_Start() sets the initVar variable, calls the
  56:Generated_Source\PSoC5/UART.c **** *  UART_Init() function, and then calls the
  57:Generated_Source\PSoC5/UART.c **** *  UART_Enable() function.
  58:Generated_Source\PSoC5/UART.c **** *
  59:Generated_Source\PSoC5/UART.c **** * Parameters:
  60:Generated_Source\PSoC5/UART.c **** *  None.
  61:Generated_Source\PSoC5/UART.c **** *
  62:Generated_Source\PSoC5/UART.c **** * Return:
  63:Generated_Source\PSoC5/UART.c **** *  None.
ARM GAS  C:\Users\elias\AppData\Local\Temp\cc0Or0pr.s 			page 123


  64:Generated_Source\PSoC5/UART.c **** *
  65:Generated_Source\PSoC5/UART.c **** * Global variables:
  66:Generated_Source\PSoC5/UART.c **** *  The UART_intiVar variable is used to indicate initial
  67:Generated_Source\PSoC5/UART.c **** *  configuration of this component. The variable is initialized to zero (0u)
  68:Generated_Source\PSoC5/UART.c **** *  and set to one (1u) the first time UART_Start() is called. This
  69:Generated_Source\PSoC5/UART.c **** *  allows for component initialization without re-initialization in all
  70:Generated_Source\PSoC5/UART.c **** *  subsequent calls to the UART_Start() routine.
  71:Generated_Source\PSoC5/UART.c **** *
  72:Generated_Source\PSoC5/UART.c **** * Reentrant:
  73:Generated_Source\PSoC5/UART.c **** *  No.
  74:Generated_Source\PSoC5/UART.c **** *
  75:Generated_Source\PSoC5/UART.c **** *******************************************************************************/
  76:Generated_Source\PSoC5/UART.c **** void UART_Start(void) 
  77:Generated_Source\PSoC5/UART.c **** {
 1725              		.loc 1 77 0
 1726              		.cfi_startproc
 1727              		@ args = 0, pretend = 0, frame = 0
 1728              		@ frame_needed = 0, uses_anonymous_args = 0
 1729 0000 F8B5     		push	{r3, r4, r5, r6, r7, lr}
 1730              		.cfi_def_cfa_offset 24
 1731              		.cfi_offset 3, -24
 1732              		.cfi_offset 4, -20
 1733              		.cfi_offset 5, -16
 1734              		.cfi_offset 6, -12
 1735              		.cfi_offset 7, -8
 1736              		.cfi_offset 14, -4
  78:Generated_Source\PSoC5/UART.c ****     /* If not initialized then initialize all required hardware and software */
  79:Generated_Source\PSoC5/UART.c ****     if(UART_initVar == 0u)
 1737              		.loc 1 79 0
 1738 0002 234D     		ldr	r5, .L5
 1739 0004 2C78     		ldrb	r4, [r5]	@ zero_extendqisi2
 1740 0006 0CBB     		cbnz	r4, .L2
 1741              	.LBB7:
 1742              	.LBB8:
  80:Generated_Source\PSoC5/UART.c ****     {
  81:Generated_Source\PSoC5/UART.c ****         UART_Init();
  82:Generated_Source\PSoC5/UART.c ****         UART_initVar = 1u;
  83:Generated_Source\PSoC5/UART.c ****     }
  84:Generated_Source\PSoC5/UART.c **** 
  85:Generated_Source\PSoC5/UART.c ****     UART_Enable();
  86:Generated_Source\PSoC5/UART.c **** }
  87:Generated_Source\PSoC5/UART.c **** 
  88:Generated_Source\PSoC5/UART.c **** 
  89:Generated_Source\PSoC5/UART.c **** /*******************************************************************************
  90:Generated_Source\PSoC5/UART.c **** * Function Name: UART_Init
  91:Generated_Source\PSoC5/UART.c **** ********************************************************************************
  92:Generated_Source\PSoC5/UART.c **** *
  93:Generated_Source\PSoC5/UART.c **** * Summary:
  94:Generated_Source\PSoC5/UART.c **** *  Initializes or restores the component according to the customizer Configure
  95:Generated_Source\PSoC5/UART.c **** *  dialog settings. It is not necessary to call UART_Init() because
  96:Generated_Source\PSoC5/UART.c **** *  the UART_Start() API calls this function and is the preferred
  97:Generated_Source\PSoC5/UART.c **** *  method to begin component operation.
  98:Generated_Source\PSoC5/UART.c **** *
  99:Generated_Source\PSoC5/UART.c **** * Parameters:
 100:Generated_Source\PSoC5/UART.c **** *  None.
 101:Generated_Source\PSoC5/UART.c **** *
 102:Generated_Source\PSoC5/UART.c **** * Return:
ARM GAS  C:\Users\elias\AppData\Local\Temp\cc0Or0pr.s 			page 124


 103:Generated_Source\PSoC5/UART.c **** *  None.
 104:Generated_Source\PSoC5/UART.c **** *
 105:Generated_Source\PSoC5/UART.c **** *******************************************************************************/
 106:Generated_Source\PSoC5/UART.c **** void UART_Init(void) 
 107:Generated_Source\PSoC5/UART.c **** {
 108:Generated_Source\PSoC5/UART.c ****     #if(UART_RX_ENABLED || UART_HD_ENABLED)
 109:Generated_Source\PSoC5/UART.c **** 
 110:Generated_Source\PSoC5/UART.c ****         #if (UART_RX_INTERRUPT_ENABLED)
 111:Generated_Source\PSoC5/UART.c ****             /* Set RX interrupt vector and priority */
 112:Generated_Source\PSoC5/UART.c ****             (void) CyIntSetVector(UART_RX_VECT_NUM, &UART_RXISR);
 1743              		.loc 1 112 0
 1744 0008 2249     		ldr	r1, .L5+4
 1745 000a 2046     		mov	r0, r4
 1746 000c FFF7FEFF 		bl	CyIntSetVector
 1747              	.LVL0:
 113:Generated_Source\PSoC5/UART.c ****             CyIntSetPriority(UART_RX_VECT_NUM, UART_RX_PRIOR_NUM);
 1748              		.loc 1 113 0
 1749 0010 2046     		mov	r0, r4
 1750 0012 0721     		movs	r1, #7
 1751 0014 FFF7FEFF 		bl	CyIntSetPriority
 1752              	.LVL1:
 114:Generated_Source\PSoC5/UART.c ****             UART_errorStatus = 0u;
 115:Generated_Source\PSoC5/UART.c ****         #endif /* (UART_RX_INTERRUPT_ENABLED) */
 116:Generated_Source\PSoC5/UART.c **** 
 117:Generated_Source\PSoC5/UART.c ****         #if (UART_RXHW_ADDRESS_ENABLED)
 118:Generated_Source\PSoC5/UART.c ****             UART_SetRxAddressMode(UART_RX_ADDRESS_MODE);
 119:Generated_Source\PSoC5/UART.c ****             UART_SetRxAddress1(UART_RX_HW_ADDRESS1);
 120:Generated_Source\PSoC5/UART.c ****             UART_SetRxAddress2(UART_RX_HW_ADDRESS2);
 121:Generated_Source\PSoC5/UART.c ****         #endif /* End UART_RXHW_ADDRESS_ENABLED */
 122:Generated_Source\PSoC5/UART.c **** 
 123:Generated_Source\PSoC5/UART.c ****         /* Init Count7 period */
 124:Generated_Source\PSoC5/UART.c ****         UART_RXBITCTR_PERIOD_REG = UART_RXBITCTR_INIT;
 125:Generated_Source\PSoC5/UART.c ****         /* Configure the Initial RX interrupt mask */
 126:Generated_Source\PSoC5/UART.c ****         UART_RXSTATUS_MASK_REG  = UART_INIT_RX_INTERRUPTS_MASK;
 1753              		.loc 1 126 0
 1754 0018 1F4B     		ldr	r3, .L5+8
 124:Generated_Source\PSoC5/UART.c ****         /* Configure the Initial RX interrupt mask */
 1755              		.loc 1 124 0
 1756 001a 2049     		ldr	r1, .L5+12
 1757              		.loc 1 126 0
 1758 001c 2022     		movs	r2, #32
 124:Generated_Source\PSoC5/UART.c ****         /* Configure the Initial RX interrupt mask */
 1759              		.loc 1 124 0
 1760 001e 7220     		movs	r0, #114
 1761 0020 0870     		strb	r0, [r1]
 1762              		.loc 1 126 0
 1763 0022 1A70     		strb	r2, [r3]
 127:Generated_Source\PSoC5/UART.c ****     #endif /* End UART_RX_ENABLED || UART_HD_ENABLED*/
 128:Generated_Source\PSoC5/UART.c **** 
 129:Generated_Source\PSoC5/UART.c ****     #if(UART_TX_ENABLED)
 130:Generated_Source\PSoC5/UART.c ****         #if (UART_TX_INTERRUPT_ENABLED)
 131:Generated_Source\PSoC5/UART.c ****             /* Set TX interrupt vector and priority */
 132:Generated_Source\PSoC5/UART.c ****             (void) CyIntSetVector(UART_TX_VECT_NUM, &UART_TXISR);
 1764              		.loc 1 132 0
 1765 0024 1E49     		ldr	r1, .L5+16
 1766 0026 0120     		movs	r0, #1
 114:Generated_Source\PSoC5/UART.c ****         #endif /* (UART_RX_INTERRUPT_ENABLED) */
ARM GAS  C:\Users\elias\AppData\Local\Temp\cc0Or0pr.s 			page 125


 1767              		.loc 1 114 0
 1768 0028 6C70     		strb	r4, [r5, #1]
 1769              		.loc 1 132 0
 1770 002a FFF7FEFF 		bl	CyIntSetVector
 1771              	.LVL2:
 133:Generated_Source\PSoC5/UART.c ****             CyIntSetPriority(UART_TX_VECT_NUM, UART_TX_PRIOR_NUM);
 1772              		.loc 1 133 0
 1773 002e 0721     		movs	r1, #7
 1774 0030 0120     		movs	r0, #1
 1775 0032 FFF7FEFF 		bl	CyIntSetPriority
 1776              	.LVL3:
 134:Generated_Source\PSoC5/UART.c ****         #endif /* (UART_TX_INTERRUPT_ENABLED) */
 135:Generated_Source\PSoC5/UART.c **** 
 136:Generated_Source\PSoC5/UART.c ****         /* Write Counter Value for TX Bit Clk Generator*/
 137:Generated_Source\PSoC5/UART.c ****         #if (UART_TXCLKGEN_DP)
 138:Generated_Source\PSoC5/UART.c ****             UART_TXBITCLKGEN_CTR_REG = UART_BIT_CENTER;
 1777              		.loc 1 138 0
 1778 0036 1B4E     		ldr	r6, .L5+20
 139:Generated_Source\PSoC5/UART.c ****             UART_TXBITCLKTX_COMPLETE_REG = ((UART_NUMBER_OF_DATA_BITS +
 1779              		.loc 1 139 0
 1780 0038 1B48     		ldr	r0, .L5+24
 140:Generated_Source\PSoC5/UART.c ****                         UART_NUMBER_OF_START_BIT) * UART_OVER_SAMPLE_COUNT) - 1u;
 141:Generated_Source\PSoC5/UART.c ****         #else
 142:Generated_Source\PSoC5/UART.c ****             UART_TXBITCTR_PERIOD_REG = ((UART_NUMBER_OF_DATA_BITS +
 143:Generated_Source\PSoC5/UART.c ****                         UART_NUMBER_OF_START_BIT) * UART_OVER_SAMPLE_8) - 1u;
 144:Generated_Source\PSoC5/UART.c ****         #endif /* End UART_TXCLKGEN_DP */
 145:Generated_Source\PSoC5/UART.c **** 
 146:Generated_Source\PSoC5/UART.c ****         /* Configure the Initial TX interrupt mask */
 147:Generated_Source\PSoC5/UART.c ****         #if (UART_TX_INTERRUPT_ENABLED)
 148:Generated_Source\PSoC5/UART.c ****             UART_TXSTATUS_MASK_REG = UART_TX_STS_FIFO_EMPTY;
 1781              		.loc 1 148 0
 1782 003a 1C4A     		ldr	r2, .L5+28
 138:Generated_Source\PSoC5/UART.c ****             UART_TXBITCLKTX_COMPLETE_REG = ((UART_NUMBER_OF_DATA_BITS +
 1783              		.loc 1 138 0
 1784 003c 0627     		movs	r7, #6
 139:Generated_Source\PSoC5/UART.c ****             UART_TXBITCLKTX_COMPLETE_REG = ((UART_NUMBER_OF_DATA_BITS +
 1785              		.loc 1 139 0
 1786 003e 4724     		movs	r4, #71
 1787              		.loc 1 148 0
 1788 0040 0221     		movs	r1, #2
 1789              	.LBE8:
 1790              	.LBE7:
  82:Generated_Source\PSoC5/UART.c ****     }
 1791              		.loc 1 82 0
 1792 0042 0123     		movs	r3, #1
 1793              	.LBB10:
 1794              	.LBB9:
 138:Generated_Source\PSoC5/UART.c ****             UART_TXBITCLKTX_COMPLETE_REG = ((UART_NUMBER_OF_DATA_BITS +
 1795              		.loc 1 138 0
 1796 0044 3770     		strb	r7, [r6]
 139:Generated_Source\PSoC5/UART.c ****                         UART_NUMBER_OF_START_BIT) * UART_OVER_SAMPLE_COUNT) - 1u;
 1797              		.loc 1 139 0
 1798 0046 0470     		strb	r4, [r0]
 1799              		.loc 1 148 0
 1800 0048 1170     		strb	r1, [r2]
 1801              	.LBE9:
 1802              	.LBE10:
ARM GAS  C:\Users\elias\AppData\Local\Temp\cc0Or0pr.s 			page 126


  82:Generated_Source\PSoC5/UART.c ****     }
 1803              		.loc 1 82 0
 1804 004a 2B70     		strb	r3, [r5]
 1805              	.L2:
 1806              	.LBB11:
 1807              	.LBB12:
 149:Generated_Source\PSoC5/UART.c ****         #else
 150:Generated_Source\PSoC5/UART.c ****             UART_TXSTATUS_MASK_REG = UART_INIT_TX_INTERRUPTS_MASK;
 151:Generated_Source\PSoC5/UART.c ****         #endif /*End UART_TX_INTERRUPT_ENABLED*/
 152:Generated_Source\PSoC5/UART.c **** 
 153:Generated_Source\PSoC5/UART.c ****     #endif /* End UART_TX_ENABLED */
 154:Generated_Source\PSoC5/UART.c **** 
 155:Generated_Source\PSoC5/UART.c ****     #if(UART_PARITY_TYPE_SW)  /* Write Parity to Control Register */
 156:Generated_Source\PSoC5/UART.c ****         UART_WriteControlRegister( \
 157:Generated_Source\PSoC5/UART.c ****             (UART_ReadControlRegister() & (uint8)~UART_CTRL_PARITY_TYPE_MASK) | \
 158:Generated_Source\PSoC5/UART.c ****             (uint8)(UART_PARITY_TYPE << UART_CTRL_PARITY_TYPE0_SHIFT) );
 159:Generated_Source\PSoC5/UART.c ****     #endif /* End UART_PARITY_TYPE_SW */
 160:Generated_Source\PSoC5/UART.c **** }
 161:Generated_Source\PSoC5/UART.c **** 
 162:Generated_Source\PSoC5/UART.c **** 
 163:Generated_Source\PSoC5/UART.c **** /*******************************************************************************
 164:Generated_Source\PSoC5/UART.c **** * Function Name: UART_Enable
 165:Generated_Source\PSoC5/UART.c **** ********************************************************************************
 166:Generated_Source\PSoC5/UART.c **** *
 167:Generated_Source\PSoC5/UART.c **** * Summary:
 168:Generated_Source\PSoC5/UART.c **** *  Activates the hardware and begins component operation. It is not necessary
 169:Generated_Source\PSoC5/UART.c **** *  to call UART_Enable() because the UART_Start() API
 170:Generated_Source\PSoC5/UART.c **** *  calls this function, which is the preferred method to begin component
 171:Generated_Source\PSoC5/UART.c **** *  operation.
 172:Generated_Source\PSoC5/UART.c **** 
 173:Generated_Source\PSoC5/UART.c **** * Parameters:
 174:Generated_Source\PSoC5/UART.c **** *  None.
 175:Generated_Source\PSoC5/UART.c **** *
 176:Generated_Source\PSoC5/UART.c **** * Return:
 177:Generated_Source\PSoC5/UART.c **** *  None.
 178:Generated_Source\PSoC5/UART.c **** *
 179:Generated_Source\PSoC5/UART.c **** * Global Variables:
 180:Generated_Source\PSoC5/UART.c **** *  UART_rxAddressDetected - set to initial state (0).
 181:Generated_Source\PSoC5/UART.c **** *
 182:Generated_Source\PSoC5/UART.c **** *******************************************************************************/
 183:Generated_Source\PSoC5/UART.c **** void UART_Enable(void) 
 184:Generated_Source\PSoC5/UART.c **** {
 185:Generated_Source\PSoC5/UART.c ****     uint8 enableInterrupts;
 186:Generated_Source\PSoC5/UART.c ****     enableInterrupts = CyEnterCriticalSection();
 1808              		.loc 1 186 0
 1809 004c FFF7FEFF 		bl	CyEnterCriticalSection
 1810              	.LVL4:
 1811 0050 0546     		mov	r5, r0
 1812              	.LVL5:
 187:Generated_Source\PSoC5/UART.c **** 
 188:Generated_Source\PSoC5/UART.c ****     #if (UART_RX_ENABLED || UART_HD_ENABLED)
 189:Generated_Source\PSoC5/UART.c ****         /* RX Counter (Count7) Enable */
 190:Generated_Source\PSoC5/UART.c ****         UART_RXBITCTR_CONTROL_REG |= UART_CNTR_ENABLE;
 1813              		.loc 1 190 0
 1814 0052 174C     		ldr	r4, .L5+32
 191:Generated_Source\PSoC5/UART.c **** 
 192:Generated_Source\PSoC5/UART.c ****         /* Enable the RX Interrupt */
ARM GAS  C:\Users\elias\AppData\Local\Temp\cc0Or0pr.s 			page 127


 193:Generated_Source\PSoC5/UART.c ****         UART_RXSTATUS_ACTL_REG  |= UART_INT_ENABLE;
 1815              		.loc 1 193 0
 1816 0054 1749     		ldr	r1, .L5+36
 190:Generated_Source\PSoC5/UART.c **** 
 1817              		.loc 1 190 0
 1818 0056 2378     		ldrb	r3, [r4]	@ zero_extendqisi2
 194:Generated_Source\PSoC5/UART.c **** 
 195:Generated_Source\PSoC5/UART.c ****         #if (UART_RX_INTERRUPT_ENABLED)
 196:Generated_Source\PSoC5/UART.c ****             UART_EnableRxInt();
 1819              		.loc 1 196 0
 1820 0058 174A     		ldr	r2, .L5+40
 190:Generated_Source\PSoC5/UART.c **** 
 1821              		.loc 1 190 0
 1822 005a 43F02003 		orr	r3, r3, #32
 1823 005e 2370     		strb	r3, [r4]
 193:Generated_Source\PSoC5/UART.c **** 
 1824              		.loc 1 193 0
 1825 0060 0B78     		ldrb	r3, [r1]	@ zero_extendqisi2
 1826              		.loc 1 196 0
 1827 0062 0120     		movs	r0, #1
 193:Generated_Source\PSoC5/UART.c **** 
 1828              		.loc 1 193 0
 1829 0064 43F01003 		orr	r3, r3, #16
 1830 0068 0B70     		strb	r3, [r1]
 1831              		.loc 1 196 0
 1832 006a 1060     		str	r0, [r2]
 197:Generated_Source\PSoC5/UART.c **** 
 198:Generated_Source\PSoC5/UART.c ****             #if (UART_RXHW_ADDRESS_ENABLED)
 199:Generated_Source\PSoC5/UART.c ****                 UART_rxAddressDetected = 0u;
 200:Generated_Source\PSoC5/UART.c ****             #endif /* (UART_RXHW_ADDRESS_ENABLED) */
 201:Generated_Source\PSoC5/UART.c ****         #endif /* (UART_RX_INTERRUPT_ENABLED) */
 202:Generated_Source\PSoC5/UART.c ****     #endif /* (UART_RX_ENABLED || UART_HD_ENABLED) */
 203:Generated_Source\PSoC5/UART.c **** 
 204:Generated_Source\PSoC5/UART.c ****     #if(UART_TX_ENABLED)
 205:Generated_Source\PSoC5/UART.c ****         /* TX Counter (DP/Count7) Enable */
 206:Generated_Source\PSoC5/UART.c ****         #if(!UART_TXCLKGEN_DP)
 207:Generated_Source\PSoC5/UART.c ****             UART_TXBITCTR_CONTROL_REG |= UART_CNTR_ENABLE;
 208:Generated_Source\PSoC5/UART.c ****         #endif /* End UART_TXCLKGEN_DP */
 209:Generated_Source\PSoC5/UART.c **** 
 210:Generated_Source\PSoC5/UART.c ****         /* Enable the TX Interrupt */
 211:Generated_Source\PSoC5/UART.c ****         UART_TXSTATUS_ACTL_REG |= UART_INT_ENABLE;
 1833              		.loc 1 211 0
 1834 006c 14F8FA3C 		ldrb	r3, [r4, #-250]	@ zero_extendqisi2
 212:Generated_Source\PSoC5/UART.c ****         #if (UART_TX_INTERRUPT_ENABLED)
 213:Generated_Source\PSoC5/UART.c ****             UART_ClearPendingTxInt(); /* Clear history of TX_NOT_EMPTY */
 1835              		.loc 1 213 0
 1836 0070 1248     		ldr	r0, .L5+44
 211:Generated_Source\PSoC5/UART.c ****         #if (UART_TX_INTERRUPT_ENABLED)
 1837              		.loc 1 211 0
 1838 0072 43F01003 		orr	r3, r3, #16
 1839              		.loc 1 213 0
 1840 0076 0221     		movs	r1, #2
 211:Generated_Source\PSoC5/UART.c ****         #if (UART_TX_INTERRUPT_ENABLED)
 1841              		.loc 1 211 0
 1842 0078 04F8FA3C 		strb	r3, [r4, #-250]
 1843              		.loc 1 213 0
 1844 007c 0160     		str	r1, [r0]
ARM GAS  C:\Users\elias\AppData\Local\Temp\cc0Or0pr.s 			page 128


 214:Generated_Source\PSoC5/UART.c ****             UART_EnableTxInt();
 1845              		.loc 1 214 0
 1846 007e 1160     		str	r1, [r2]
 215:Generated_Source\PSoC5/UART.c ****         #endif /* (UART_TX_INTERRUPT_ENABLED) */
 216:Generated_Source\PSoC5/UART.c ****      #endif /* (UART_TX_INTERRUPT_ENABLED) */
 217:Generated_Source\PSoC5/UART.c **** 
 218:Generated_Source\PSoC5/UART.c ****     #if (UART_INTERNAL_CLOCK_USED)
 219:Generated_Source\PSoC5/UART.c ****         UART_IntClock_Start();  /* Enable the clock */
 1847              		.loc 1 219 0
 1848 0080 FFF7FEFF 		bl	UART_IntClock_Start
 1849              	.LVL6:
 220:Generated_Source\PSoC5/UART.c ****     #endif /* (UART_INTERNAL_CLOCK_USED) */
 221:Generated_Source\PSoC5/UART.c **** 
 222:Generated_Source\PSoC5/UART.c ****     CyExitCriticalSection(enableInterrupts);
 1850              		.loc 1 222 0
 1851 0084 2846     		mov	r0, r5
 1852              	.LBE12:
 1853              	.LBE11:
  86:Generated_Source\PSoC5/UART.c **** 
 1854              		.loc 1 86 0
 1855 0086 BDE8F840 		pop	{r3, r4, r5, r6, r7, lr}
 1856              		.cfi_restore 14
 1857              		.cfi_restore 7
 1858              		.cfi_restore 6
 1859              		.cfi_restore 5
 1860              		.cfi_restore 4
 1861              		.cfi_restore 3
 1862              		.cfi_def_cfa_offset 0
 1863              	.LVL7:
 1864              	.LBB14:
 1865              	.LBB13:
 1866              		.loc 1 222 0
 1867 008a FFF7FEBF 		b	CyExitCriticalSection
 1868              	.LVL8:
 1869              	.L6:
 1870 008e 00BF     		.align	2
 1871              	.L5:
 1872 0090 00000000 		.word	.LANCHOR0
 1873 0094 00000000 		.word	UART_RXISR
 1874 0098 8D640040 		.word	1073767565
 1875 009c 89650040 		.word	1073767817
 1876 00a0 00000000 		.word	UART_TXISR
 1877 00a4 2E640040 		.word	1073767470
 1878 00a8 3E640040 		.word	1073767486
 1879 00ac 8F640040 		.word	1073767567
 1880 00b0 99650040 		.word	1073767833
 1881 00b4 9D640040 		.word	1073767581
 1882 00b8 00E100E0 		.word	-536813312
 1883 00bc 80E200E0 		.word	-536812928
 1884              	.LBE13:
 1885              	.LBE14:
 1886              		.cfi_endproc
 1887              	.LFE0:
 1888              		.size	UART_Start, .-UART_Start
 1889              		.section	.text.UART_Init,"ax",%progbits
 1890              		.align	2
 1891              		.global	UART_Init
ARM GAS  C:\Users\elias\AppData\Local\Temp\cc0Or0pr.s 			page 129


 1892              		.thumb
 1893              		.thumb_func
 1894              		.type	UART_Init, %function
 1895              	UART_Init:
 1896              	.LFB1:
 107:Generated_Source\PSoC5/UART.c ****     #if(UART_RX_ENABLED || UART_HD_ENABLED)
 1897              		.loc 1 107 0
 1898              		.cfi_startproc
 1899              		@ args = 0, pretend = 0, frame = 0
 1900              		@ frame_needed = 0, uses_anonymous_args = 0
 1901 0000 38B5     		push	{r3, r4, r5, lr}
 1902              		.cfi_def_cfa_offset 16
 1903              		.cfi_offset 3, -16
 1904              		.cfi_offset 4, -12
 1905              		.cfi_offset 5, -8
 1906              		.cfi_offset 14, -4
 112:Generated_Source\PSoC5/UART.c ****             CyIntSetPriority(UART_RX_VECT_NUM, UART_RX_PRIOR_NUM);
 1907              		.loc 1 112 0
 1908 0002 1149     		ldr	r1, .L9
 1909 0004 0020     		movs	r0, #0
 1910 0006 FFF7FEFF 		bl	CyIntSetVector
 1911              	.LVL9:
 113:Generated_Source\PSoC5/UART.c ****             UART_errorStatus = 0u;
 1912              		.loc 1 113 0
 1913 000a 0721     		movs	r1, #7
 1914 000c 0020     		movs	r0, #0
 1915 000e FFF7FEFF 		bl	CyIntSetPriority
 1916              	.LVL10:
 124:Generated_Source\PSoC5/UART.c ****         /* Configure the Initial RX interrupt mask */
 1917              		.loc 1 124 0
 1918 0012 0E4A     		ldr	r2, .L9+4
 126:Generated_Source\PSoC5/UART.c ****     #endif /* End UART_RX_ENABLED || UART_HD_ENABLED*/
 1919              		.loc 1 126 0
 1920 0014 0E49     		ldr	r1, .L9+8
 114:Generated_Source\PSoC5/UART.c ****         #endif /* (UART_RX_INTERRUPT_ENABLED) */
 1921              		.loc 1 114 0
 1922 0016 0F4B     		ldr	r3, .L9+12
 124:Generated_Source\PSoC5/UART.c ****         /* Configure the Initial RX interrupt mask */
 1923              		.loc 1 124 0
 1924 0018 7224     		movs	r4, #114
 126:Generated_Source\PSoC5/UART.c ****     #endif /* End UART_RX_ENABLED || UART_HD_ENABLED*/
 1925              		.loc 1 126 0
 1926 001a 2020     		movs	r0, #32
 124:Generated_Source\PSoC5/UART.c ****         /* Configure the Initial RX interrupt mask */
 1927              		.loc 1 124 0
 1928 001c 1470     		strb	r4, [r2]
 114:Generated_Source\PSoC5/UART.c ****         #endif /* (UART_RX_INTERRUPT_ENABLED) */
 1929              		.loc 1 114 0
 1930 001e 0022     		movs	r2, #0
 126:Generated_Source\PSoC5/UART.c ****     #endif /* End UART_RX_ENABLED || UART_HD_ENABLED*/
 1931              		.loc 1 126 0
 1932 0020 0870     		strb	r0, [r1]
 132:Generated_Source\PSoC5/UART.c ****             CyIntSetPriority(UART_TX_VECT_NUM, UART_TX_PRIOR_NUM);
 1933              		.loc 1 132 0
 1934 0022 0D49     		ldr	r1, .L9+16
 1935 0024 0120     		movs	r0, #1
 114:Generated_Source\PSoC5/UART.c ****         #endif /* (UART_RX_INTERRUPT_ENABLED) */
ARM GAS  C:\Users\elias\AppData\Local\Temp\cc0Or0pr.s 			page 130


 1936              		.loc 1 114 0
 1937 0026 5A70     		strb	r2, [r3, #1]
 132:Generated_Source\PSoC5/UART.c ****             CyIntSetPriority(UART_TX_VECT_NUM, UART_TX_PRIOR_NUM);
 1938              		.loc 1 132 0
 1939 0028 FFF7FEFF 		bl	CyIntSetVector
 1940              	.LVL11:
 133:Generated_Source\PSoC5/UART.c ****         #endif /* (UART_TX_INTERRUPT_ENABLED) */
 1941              		.loc 1 133 0
 1942 002c 0721     		movs	r1, #7
 1943 002e 0120     		movs	r0, #1
 1944 0030 FFF7FEFF 		bl	CyIntSetPriority
 1945              	.LVL12:
 138:Generated_Source\PSoC5/UART.c ****             UART_TXBITCLKTX_COMPLETE_REG = ((UART_NUMBER_OF_DATA_BITS +
 1946              		.loc 1 138 0
 1947 0034 094C     		ldr	r4, .L9+20
 139:Generated_Source\PSoC5/UART.c ****                         UART_NUMBER_OF_START_BIT) * UART_OVER_SAMPLE_COUNT) - 1u;
 1948              		.loc 1 139 0
 1949 0036 0A49     		ldr	r1, .L9+24
 148:Generated_Source\PSoC5/UART.c ****         #else
 1950              		.loc 1 148 0
 1951 0038 0A4B     		ldr	r3, .L9+28
 138:Generated_Source\PSoC5/UART.c ****             UART_TXBITCLKTX_COMPLETE_REG = ((UART_NUMBER_OF_DATA_BITS +
 1952              		.loc 1 138 0
 1953 003a 0625     		movs	r5, #6
 139:Generated_Source\PSoC5/UART.c ****                         UART_NUMBER_OF_START_BIT) * UART_OVER_SAMPLE_COUNT) - 1u;
 1954              		.loc 1 139 0
 1955 003c 4720     		movs	r0, #71
 148:Generated_Source\PSoC5/UART.c ****         #else
 1956              		.loc 1 148 0
 1957 003e 0222     		movs	r2, #2
 138:Generated_Source\PSoC5/UART.c ****             UART_TXBITCLKTX_COMPLETE_REG = ((UART_NUMBER_OF_DATA_BITS +
 1958              		.loc 1 138 0
 1959 0040 2570     		strb	r5, [r4]
 139:Generated_Source\PSoC5/UART.c ****                         UART_NUMBER_OF_START_BIT) * UART_OVER_SAMPLE_COUNT) - 1u;
 1960              		.loc 1 139 0
 1961 0042 0870     		strb	r0, [r1]
 148:Generated_Source\PSoC5/UART.c ****         #else
 1962              		.loc 1 148 0
 1963 0044 1A70     		strb	r2, [r3]
 1964 0046 38BD     		pop	{r3, r4, r5, pc}
 1965              	.L10:
 1966              		.align	2
 1967              	.L9:
 1968 0048 00000000 		.word	UART_RXISR
 1969 004c 89650040 		.word	1073767817
 1970 0050 8D640040 		.word	1073767565
 1971 0054 00000000 		.word	.LANCHOR0
 1972 0058 00000000 		.word	UART_TXISR
 1973 005c 2E640040 		.word	1073767470
 1974 0060 3E640040 		.word	1073767486
 1975 0064 8F640040 		.word	1073767567
 1976              		.cfi_endproc
 1977              	.LFE1:
 1978              		.size	UART_Init, .-UART_Init
 1979              		.section	.text.UART_Enable,"ax",%progbits
 1980              		.align	2
 1981              		.global	UART_Enable
ARM GAS  C:\Users\elias\AppData\Local\Temp\cc0Or0pr.s 			page 131


 1982              		.thumb
 1983              		.thumb_func
 1984              		.type	UART_Enable, %function
 1985              	UART_Enable:
 1986              	.LFB2:
 184:Generated_Source\PSoC5/UART.c ****     uint8 enableInterrupts;
 1987              		.loc 1 184 0
 1988              		.cfi_startproc
 1989              		@ args = 0, pretend = 0, frame = 0
 1990              		@ frame_needed = 0, uses_anonymous_args = 0
 1991 0000 38B5     		push	{r3, r4, r5, lr}
 1992              		.cfi_def_cfa_offset 16
 1993              		.cfi_offset 3, -16
 1994              		.cfi_offset 4, -12
 1995              		.cfi_offset 5, -8
 1996              		.cfi_offset 14, -4
 186:Generated_Source\PSoC5/UART.c **** 
 1997              		.loc 1 186 0
 1998 0002 FFF7FEFF 		bl	CyEnterCriticalSection
 1999              	.LVL13:
 2000 0006 0546     		mov	r5, r0
 2001              	.LVL14:
 190:Generated_Source\PSoC5/UART.c **** 
 2002              		.loc 1 190 0
 2003 0008 0E4C     		ldr	r4, .L13
 193:Generated_Source\PSoC5/UART.c **** 
 2004              		.loc 1 193 0
 2005 000a 0F49     		ldr	r1, .L13+4
 190:Generated_Source\PSoC5/UART.c **** 
 2006              		.loc 1 190 0
 2007 000c 2378     		ldrb	r3, [r4]	@ zero_extendqisi2
 196:Generated_Source\PSoC5/UART.c **** 
 2008              		.loc 1 196 0
 2009 000e 0F4A     		ldr	r2, .L13+8
 190:Generated_Source\PSoC5/UART.c **** 
 2010              		.loc 1 190 0
 2011 0010 43F02003 		orr	r3, r3, #32
 2012 0014 2370     		strb	r3, [r4]
 193:Generated_Source\PSoC5/UART.c **** 
 2013              		.loc 1 193 0
 2014 0016 0B78     		ldrb	r3, [r1]	@ zero_extendqisi2
 196:Generated_Source\PSoC5/UART.c **** 
 2015              		.loc 1 196 0
 2016 0018 0120     		movs	r0, #1
 193:Generated_Source\PSoC5/UART.c **** 
 2017              		.loc 1 193 0
 2018 001a 43F01003 		orr	r3, r3, #16
 2019 001e 0B70     		strb	r3, [r1]
 196:Generated_Source\PSoC5/UART.c **** 
 2020              		.loc 1 196 0
 2021 0020 1060     		str	r0, [r2]
 211:Generated_Source\PSoC5/UART.c ****         #if (UART_TX_INTERRUPT_ENABLED)
 2022              		.loc 1 211 0
 2023 0022 14F8FA3C 		ldrb	r3, [r4, #-250]	@ zero_extendqisi2
 213:Generated_Source\PSoC5/UART.c ****             UART_EnableTxInt();
 2024              		.loc 1 213 0
 2025 0026 0A48     		ldr	r0, .L13+12
ARM GAS  C:\Users\elias\AppData\Local\Temp\cc0Or0pr.s 			page 132


 211:Generated_Source\PSoC5/UART.c ****         #if (UART_TX_INTERRUPT_ENABLED)
 2026              		.loc 1 211 0
 2027 0028 43F01003 		orr	r3, r3, #16
 213:Generated_Source\PSoC5/UART.c ****             UART_EnableTxInt();
 2028              		.loc 1 213 0
 2029 002c 0221     		movs	r1, #2
 211:Generated_Source\PSoC5/UART.c ****         #if (UART_TX_INTERRUPT_ENABLED)
 2030              		.loc 1 211 0
 2031 002e 04F8FA3C 		strb	r3, [r4, #-250]
 213:Generated_Source\PSoC5/UART.c ****             UART_EnableTxInt();
 2032              		.loc 1 213 0
 2033 0032 0160     		str	r1, [r0]
 214:Generated_Source\PSoC5/UART.c ****         #endif /* (UART_TX_INTERRUPT_ENABLED) */
 2034              		.loc 1 214 0
 2035 0034 1160     		str	r1, [r2]
 219:Generated_Source\PSoC5/UART.c ****     #endif /* (UART_INTERNAL_CLOCK_USED) */
 2036              		.loc 1 219 0
 2037 0036 FFF7FEFF 		bl	UART_IntClock_Start
 2038              	.LVL15:
 2039              		.loc 1 222 0
 2040 003a 2846     		mov	r0, r5
 223:Generated_Source\PSoC5/UART.c **** }
 2041              		.loc 1 223 0
 2042 003c BDE83840 		pop	{r3, r4, r5, lr}
 2043              		.cfi_restore 14
 2044              		.cfi_restore 5
 2045              		.cfi_restore 4
 2046              		.cfi_restore 3
 2047              		.cfi_def_cfa_offset 0
 2048              	.LVL16:
 222:Generated_Source\PSoC5/UART.c **** }
 2049              		.loc 1 222 0
 2050 0040 FFF7FEBF 		b	CyExitCriticalSection
 2051              	.LVL17:
 2052              	.L14:
 2053              		.align	2
 2054              	.L13:
 2055 0044 99650040 		.word	1073767833
 2056 0048 9D640040 		.word	1073767581
 2057 004c 00E100E0 		.word	-536813312
 2058 0050 80E200E0 		.word	-536812928
 2059              		.cfi_endproc
 2060              	.LFE2:
 2061              		.size	UART_Enable, .-UART_Enable
 2062              		.section	.text.UART_Stop,"ax",%progbits
 2063              		.align	2
 2064              		.global	UART_Stop
 2065              		.thumb
 2066              		.thumb_func
 2067              		.type	UART_Stop, %function
 2068              	UART_Stop:
 2069              	.LFB3:
 224:Generated_Source\PSoC5/UART.c **** 
 225:Generated_Source\PSoC5/UART.c **** 
 226:Generated_Source\PSoC5/UART.c **** /*******************************************************************************
 227:Generated_Source\PSoC5/UART.c **** * Function Name: UART_Stop
 228:Generated_Source\PSoC5/UART.c **** ********************************************************************************
ARM GAS  C:\Users\elias\AppData\Local\Temp\cc0Or0pr.s 			page 133


 229:Generated_Source\PSoC5/UART.c **** *
 230:Generated_Source\PSoC5/UART.c **** * Summary:
 231:Generated_Source\PSoC5/UART.c **** *  Disables the UART operation.
 232:Generated_Source\PSoC5/UART.c **** *
 233:Generated_Source\PSoC5/UART.c **** * Parameters:
 234:Generated_Source\PSoC5/UART.c **** *  None.
 235:Generated_Source\PSoC5/UART.c **** *
 236:Generated_Source\PSoC5/UART.c **** * Return:
 237:Generated_Source\PSoC5/UART.c **** *  None.
 238:Generated_Source\PSoC5/UART.c **** *
 239:Generated_Source\PSoC5/UART.c **** *******************************************************************************/
 240:Generated_Source\PSoC5/UART.c **** void UART_Stop(void) 
 241:Generated_Source\PSoC5/UART.c **** {
 2070              		.loc 1 241 0
 2071              		.cfi_startproc
 2072              		@ args = 0, pretend = 0, frame = 0
 2073              		@ frame_needed = 0, uses_anonymous_args = 0
 2074 0000 38B5     		push	{r3, r4, r5, lr}
 2075              		.cfi_def_cfa_offset 16
 2076              		.cfi_offset 3, -16
 2077              		.cfi_offset 4, -12
 2078              		.cfi_offset 5, -8
 2079              		.cfi_offset 14, -4
 242:Generated_Source\PSoC5/UART.c ****     uint8 enableInterrupts;
 243:Generated_Source\PSoC5/UART.c ****     enableInterrupts = CyEnterCriticalSection();
 2080              		.loc 1 243 0
 2081 0002 FFF7FEFF 		bl	CyEnterCriticalSection
 2082              	.LVL18:
 2083 0006 0546     		mov	r5, r0
 2084              	.LVL19:
 244:Generated_Source\PSoC5/UART.c **** 
 245:Generated_Source\PSoC5/UART.c ****     /* Write Bit Counter Disable */
 246:Generated_Source\PSoC5/UART.c ****     #if (UART_RX_ENABLED || UART_HD_ENABLED)
 247:Generated_Source\PSoC5/UART.c ****         UART_RXBITCTR_CONTROL_REG &= (uint8) ~UART_CNTR_ENABLE;
 2085              		.loc 1 247 0
 2086 0008 0D4A     		ldr	r2, .L17
 248:Generated_Source\PSoC5/UART.c ****     #endif /* (UART_RX_ENABLED || UART_HD_ENABLED) */
 249:Generated_Source\PSoC5/UART.c **** 
 250:Generated_Source\PSoC5/UART.c ****     #if (UART_TX_ENABLED)
 251:Generated_Source\PSoC5/UART.c ****         #if(!UART_TXCLKGEN_DP)
 252:Generated_Source\PSoC5/UART.c ****             UART_TXBITCTR_CONTROL_REG &= (uint8) ~UART_CNTR_ENABLE;
 253:Generated_Source\PSoC5/UART.c ****         #endif /* (!UART_TXCLKGEN_DP) */
 254:Generated_Source\PSoC5/UART.c ****     #endif /* (UART_TX_ENABLED) */
 255:Generated_Source\PSoC5/UART.c **** 
 256:Generated_Source\PSoC5/UART.c ****     #if (UART_INTERNAL_CLOCK_USED)
 257:Generated_Source\PSoC5/UART.c ****         UART_IntClock_Stop();   /* Disable the clock */
 258:Generated_Source\PSoC5/UART.c ****     #endif /* (UART_INTERNAL_CLOCK_USED) */
 259:Generated_Source\PSoC5/UART.c **** 
 260:Generated_Source\PSoC5/UART.c ****     /* Disable internal interrupt component */
 261:Generated_Source\PSoC5/UART.c ****     #if (UART_RX_ENABLED || UART_HD_ENABLED)
 262:Generated_Source\PSoC5/UART.c ****         UART_RXSTATUS_ACTL_REG  &= (uint8) ~UART_INT_ENABLE;
 2087              		.loc 1 262 0
 2088 000a 0E4C     		ldr	r4, .L17+4
 247:Generated_Source\PSoC5/UART.c ****     #endif /* (UART_RX_ENABLED || UART_HD_ENABLED) */
 2089              		.loc 1 247 0
 2090 000c 1378     		ldrb	r3, [r2]	@ zero_extendqisi2
 2091 000e 03F0DF03 		and	r3, r3, #223
ARM GAS  C:\Users\elias\AppData\Local\Temp\cc0Or0pr.s 			page 134


 2092 0012 1370     		strb	r3, [r2]
 257:Generated_Source\PSoC5/UART.c ****     #endif /* (UART_INTERNAL_CLOCK_USED) */
 2093              		.loc 1 257 0
 2094 0014 FFF7FEFF 		bl	UART_IntClock_Stop
 2095              	.LVL20:
 2096              		.loc 1 262 0
 2097 0018 2378     		ldrb	r3, [r4]	@ zero_extendqisi2
 263:Generated_Source\PSoC5/UART.c **** 
 264:Generated_Source\PSoC5/UART.c ****         #if (UART_RX_INTERRUPT_ENABLED)
 265:Generated_Source\PSoC5/UART.c ****             UART_DisableRxInt();
 2098              		.loc 1 265 0
 2099 001a 0B4A     		ldr	r2, .L17+8
 2100 001c 0120     		movs	r0, #1
 262:Generated_Source\PSoC5/UART.c **** 
 2101              		.loc 1 262 0
 2102 001e 03F0EF03 		and	r3, r3, #239
 266:Generated_Source\PSoC5/UART.c ****         #endif /* (UART_RX_INTERRUPT_ENABLED) */
 267:Generated_Source\PSoC5/UART.c ****     #endif /* (UART_RX_ENABLED || UART_HD_ENABLED) */
 268:Generated_Source\PSoC5/UART.c **** 
 269:Generated_Source\PSoC5/UART.c ****     #if (UART_TX_ENABLED)
 270:Generated_Source\PSoC5/UART.c ****         UART_TXSTATUS_ACTL_REG &= (uint8) ~UART_INT_ENABLE;
 2103              		.loc 1 270 0
 2104 0022 0A49     		ldr	r1, .L17+12
 262:Generated_Source\PSoC5/UART.c **** 
 2105              		.loc 1 262 0
 2106 0024 2370     		strb	r3, [r4]
 265:Generated_Source\PSoC5/UART.c ****         #endif /* (UART_RX_INTERRUPT_ENABLED) */
 2107              		.loc 1 265 0
 2108 0026 1060     		str	r0, [r2]
 2109              		.loc 1 270 0
 2110 0028 0B78     		ldrb	r3, [r1]	@ zero_extendqisi2
 271:Generated_Source\PSoC5/UART.c **** 
 272:Generated_Source\PSoC5/UART.c ****         #if (UART_TX_INTERRUPT_ENABLED)
 273:Generated_Source\PSoC5/UART.c ****             UART_DisableTxInt();
 2111              		.loc 1 273 0
 2112 002a 0224     		movs	r4, #2
 270:Generated_Source\PSoC5/UART.c **** 
 2113              		.loc 1 270 0
 2114 002c 03F0EF03 		and	r3, r3, #239
 2115 0030 0B70     		strb	r3, [r1]
 274:Generated_Source\PSoC5/UART.c ****         #endif /* (UART_TX_INTERRUPT_ENABLED) */
 275:Generated_Source\PSoC5/UART.c ****     #endif /* (UART_TX_ENABLED) */
 276:Generated_Source\PSoC5/UART.c **** 
 277:Generated_Source\PSoC5/UART.c ****     CyExitCriticalSection(enableInterrupts);
 2116              		.loc 1 277 0
 2117 0032 2846     		mov	r0, r5
 273:Generated_Source\PSoC5/UART.c ****         #endif /* (UART_TX_INTERRUPT_ENABLED) */
 2118              		.loc 1 273 0
 2119 0034 1460     		str	r4, [r2]
 278:Generated_Source\PSoC5/UART.c **** }
 2120              		.loc 1 278 0
 2121 0036 BDE83840 		pop	{r3, r4, r5, lr}
 2122              		.cfi_restore 14
 2123              		.cfi_restore 5
 2124              		.cfi_restore 4
 2125              		.cfi_restore 3
 2126              		.cfi_def_cfa_offset 0
ARM GAS  C:\Users\elias\AppData\Local\Temp\cc0Or0pr.s 			page 135


 2127              	.LVL21:
 277:Generated_Source\PSoC5/UART.c **** }
 2128              		.loc 1 277 0
 2129 003a FFF7FEBF 		b	CyExitCriticalSection
 2130              	.LVL22:
 2131              	.L18:
 2132 003e 00BF     		.align	2
 2133              	.L17:
 2134 0040 99650040 		.word	1073767833
 2135 0044 9D640040 		.word	1073767581
 2136 0048 80E100E0 		.word	-536813184
 2137 004c 9F640040 		.word	1073767583
 2138              		.cfi_endproc
 2139              	.LFE3:
 2140              		.size	UART_Stop, .-UART_Stop
 2141              		.section	.text.UART_ReadControlRegister,"ax",%progbits
 2142              		.align	2
 2143              		.global	UART_ReadControlRegister
 2144              		.thumb
 2145              		.thumb_func
 2146              		.type	UART_ReadControlRegister, %function
 2147              	UART_ReadControlRegister:
 2148              	.LFB4:
 279:Generated_Source\PSoC5/UART.c **** 
 280:Generated_Source\PSoC5/UART.c **** 
 281:Generated_Source\PSoC5/UART.c **** /*******************************************************************************
 282:Generated_Source\PSoC5/UART.c **** * Function Name: UART_ReadControlRegister
 283:Generated_Source\PSoC5/UART.c **** ********************************************************************************
 284:Generated_Source\PSoC5/UART.c **** *
 285:Generated_Source\PSoC5/UART.c **** * Summary:
 286:Generated_Source\PSoC5/UART.c **** *  Returns the current value of the control register.
 287:Generated_Source\PSoC5/UART.c **** *
 288:Generated_Source\PSoC5/UART.c **** * Parameters:
 289:Generated_Source\PSoC5/UART.c **** *  None.
 290:Generated_Source\PSoC5/UART.c **** *
 291:Generated_Source\PSoC5/UART.c **** * Return:
 292:Generated_Source\PSoC5/UART.c **** *  Contents of the control register.
 293:Generated_Source\PSoC5/UART.c **** *
 294:Generated_Source\PSoC5/UART.c **** *******************************************************************************/
 295:Generated_Source\PSoC5/UART.c **** uint8 UART_ReadControlRegister(void) 
 296:Generated_Source\PSoC5/UART.c **** {
 2149              		.loc 1 296 0
 2150              		.cfi_startproc
 2151              		@ args = 0, pretend = 0, frame = 0
 2152              		@ frame_needed = 0, uses_anonymous_args = 0
 2153              		@ link register save eliminated.
 297:Generated_Source\PSoC5/UART.c ****     #if (UART_CONTROL_REG_REMOVED)
 298:Generated_Source\PSoC5/UART.c ****         return(0u);
 299:Generated_Source\PSoC5/UART.c ****     #else
 300:Generated_Source\PSoC5/UART.c ****         return(UART_CONTROL_REG);
 301:Generated_Source\PSoC5/UART.c ****     #endif /* (UART_CONTROL_REG_REMOVED) */
 302:Generated_Source\PSoC5/UART.c **** }
 2154              		.loc 1 302 0
 2155 0000 0020     		movs	r0, #0
 2156 0002 7047     		bx	lr
 2157              		.cfi_endproc
 2158              	.LFE4:
ARM GAS  C:\Users\elias\AppData\Local\Temp\cc0Or0pr.s 			page 136


 2159              		.size	UART_ReadControlRegister, .-UART_ReadControlRegister
 2160              		.section	.text.UART_WriteControlRegister,"ax",%progbits
 2161              		.align	2
 2162              		.global	UART_WriteControlRegister
 2163              		.thumb
 2164              		.thumb_func
 2165              		.type	UART_WriteControlRegister, %function
 2166              	UART_WriteControlRegister:
 2167              	.LFB35:
 2168              		.cfi_startproc
 2169              		@ args = 0, pretend = 0, frame = 0
 2170              		@ frame_needed = 0, uses_anonymous_args = 0
 2171              		@ link register save eliminated.
 2172 0000 7047     		bx	lr
 2173              		.cfi_endproc
 2174              	.LFE35:
 2175              		.size	UART_WriteControlRegister, .-UART_WriteControlRegister
 2176 0002 00BF     		.section	.text.UART_SetRxInterruptMode,"ax",%progbits
 2177              		.align	2
 2178              		.global	UART_SetRxInterruptMode
 2179              		.thumb
 2180              		.thumb_func
 2181              		.type	UART_SetRxInterruptMode, %function
 2182              	UART_SetRxInterruptMode:
 2183              	.LFB6:
 303:Generated_Source\PSoC5/UART.c **** 
 304:Generated_Source\PSoC5/UART.c **** 
 305:Generated_Source\PSoC5/UART.c **** /*******************************************************************************
 306:Generated_Source\PSoC5/UART.c **** * Function Name: UART_WriteControlRegister
 307:Generated_Source\PSoC5/UART.c **** ********************************************************************************
 308:Generated_Source\PSoC5/UART.c **** *
 309:Generated_Source\PSoC5/UART.c **** * Summary:
 310:Generated_Source\PSoC5/UART.c **** *  Writes an 8-bit value into the control register
 311:Generated_Source\PSoC5/UART.c **** *
 312:Generated_Source\PSoC5/UART.c **** * Parameters:
 313:Generated_Source\PSoC5/UART.c **** *  control:  control register value
 314:Generated_Source\PSoC5/UART.c **** *
 315:Generated_Source\PSoC5/UART.c **** * Return:
 316:Generated_Source\PSoC5/UART.c **** *  None.
 317:Generated_Source\PSoC5/UART.c **** *
 318:Generated_Source\PSoC5/UART.c **** *******************************************************************************/
 319:Generated_Source\PSoC5/UART.c **** void  UART_WriteControlRegister(uint8 control) 
 320:Generated_Source\PSoC5/UART.c **** {
 321:Generated_Source\PSoC5/UART.c ****     #if (UART_CONTROL_REG_REMOVED)
 322:Generated_Source\PSoC5/UART.c ****         if(0u != control)
 323:Generated_Source\PSoC5/UART.c ****         {
 324:Generated_Source\PSoC5/UART.c ****             /* Suppress compiler warning */
 325:Generated_Source\PSoC5/UART.c ****         }
 326:Generated_Source\PSoC5/UART.c ****     #else
 327:Generated_Source\PSoC5/UART.c ****        UART_CONTROL_REG = control;
 328:Generated_Source\PSoC5/UART.c ****     #endif /* (UART_CONTROL_REG_REMOVED) */
 329:Generated_Source\PSoC5/UART.c **** }
 330:Generated_Source\PSoC5/UART.c **** 
 331:Generated_Source\PSoC5/UART.c **** 
 332:Generated_Source\PSoC5/UART.c **** #if(UART_RX_ENABLED || UART_HD_ENABLED)
 333:Generated_Source\PSoC5/UART.c ****     /*******************************************************************************
 334:Generated_Source\PSoC5/UART.c ****     * Function Name: UART_SetRxInterruptMode
ARM GAS  C:\Users\elias\AppData\Local\Temp\cc0Or0pr.s 			page 137


 335:Generated_Source\PSoC5/UART.c ****     ********************************************************************************
 336:Generated_Source\PSoC5/UART.c ****     *
 337:Generated_Source\PSoC5/UART.c ****     * Summary:
 338:Generated_Source\PSoC5/UART.c ****     *  Configures the RX interrupt sources enabled.
 339:Generated_Source\PSoC5/UART.c ****     *
 340:Generated_Source\PSoC5/UART.c ****     * Parameters:
 341:Generated_Source\PSoC5/UART.c ****     *  IntSrc:  Bit field containing the RX interrupts to enable. Based on the 
 342:Generated_Source\PSoC5/UART.c ****     *  bit-field arrangement of the status register. This value must be a 
 343:Generated_Source\PSoC5/UART.c ****     *  combination of status register bit-masks shown below:
 344:Generated_Source\PSoC5/UART.c ****     *      UART_RX_STS_FIFO_NOTEMPTY    Interrupt on byte received.
 345:Generated_Source\PSoC5/UART.c ****     *      UART_RX_STS_PAR_ERROR        Interrupt on parity error.
 346:Generated_Source\PSoC5/UART.c ****     *      UART_RX_STS_STOP_ERROR       Interrupt on stop error.
 347:Generated_Source\PSoC5/UART.c ****     *      UART_RX_STS_BREAK            Interrupt on break.
 348:Generated_Source\PSoC5/UART.c ****     *      UART_RX_STS_OVERRUN          Interrupt on overrun error.
 349:Generated_Source\PSoC5/UART.c ****     *      UART_RX_STS_ADDR_MATCH       Interrupt on address match.
 350:Generated_Source\PSoC5/UART.c ****     *      UART_RX_STS_MRKSPC           Interrupt on address detect.
 351:Generated_Source\PSoC5/UART.c ****     *
 352:Generated_Source\PSoC5/UART.c ****     * Return:
 353:Generated_Source\PSoC5/UART.c ****     *  None.
 354:Generated_Source\PSoC5/UART.c ****     *
 355:Generated_Source\PSoC5/UART.c ****     * Theory:
 356:Generated_Source\PSoC5/UART.c ****     *  Enables the output of specific status bits to the interrupt controller
 357:Generated_Source\PSoC5/UART.c ****     *
 358:Generated_Source\PSoC5/UART.c ****     *******************************************************************************/
 359:Generated_Source\PSoC5/UART.c ****     void UART_SetRxInterruptMode(uint8 intSrc) 
 360:Generated_Source\PSoC5/UART.c ****     {
 2184              		.loc 1 360 0
 2185              		.cfi_startproc
 2186              		@ args = 0, pretend = 0, frame = 0
 2187              		@ frame_needed = 0, uses_anonymous_args = 0
 2188              		@ link register save eliminated.
 2189              	.LVL23:
 361:Generated_Source\PSoC5/UART.c ****         UART_RXSTATUS_MASK_REG  = intSrc;
 2190              		.loc 1 361 0
 2191 0000 014B     		ldr	r3, .L22
 2192 0002 1870     		strb	r0, [r3]
 2193 0004 7047     		bx	lr
 2194              	.L23:
 2195 0006 00BF     		.align	2
 2196              	.L22:
 2197 0008 8D640040 		.word	1073767565
 2198              		.cfi_endproc
 2199              	.LFE6:
 2200              		.size	UART_SetRxInterruptMode, .-UART_SetRxInterruptMode
 2201              		.section	.text.UART_ReadRxData,"ax",%progbits
 2202              		.align	2
 2203              		.global	UART_ReadRxData
 2204              		.thumb
 2205              		.thumb_func
 2206              		.type	UART_ReadRxData, %function
 2207              	UART_ReadRxData:
 2208              	.LFB7:
 362:Generated_Source\PSoC5/UART.c ****     }
 363:Generated_Source\PSoC5/UART.c **** 
 364:Generated_Source\PSoC5/UART.c **** 
 365:Generated_Source\PSoC5/UART.c ****     /*******************************************************************************
 366:Generated_Source\PSoC5/UART.c ****     * Function Name: UART_ReadRxData
ARM GAS  C:\Users\elias\AppData\Local\Temp\cc0Or0pr.s 			page 138


 367:Generated_Source\PSoC5/UART.c ****     ********************************************************************************
 368:Generated_Source\PSoC5/UART.c ****     *
 369:Generated_Source\PSoC5/UART.c ****     * Summary:
 370:Generated_Source\PSoC5/UART.c ****     *  Returns the next byte of received data. This function returns data without
 371:Generated_Source\PSoC5/UART.c ****     *  checking the status. You must check the status separately.
 372:Generated_Source\PSoC5/UART.c ****     *
 373:Generated_Source\PSoC5/UART.c ****     * Parameters:
 374:Generated_Source\PSoC5/UART.c ****     *  None.
 375:Generated_Source\PSoC5/UART.c ****     *
 376:Generated_Source\PSoC5/UART.c ****     * Return:
 377:Generated_Source\PSoC5/UART.c ****     *  Received data from RX register
 378:Generated_Source\PSoC5/UART.c ****     *
 379:Generated_Source\PSoC5/UART.c ****     * Global Variables:
 380:Generated_Source\PSoC5/UART.c ****     *  UART_rxBuffer - RAM buffer pointer for save received data.
 381:Generated_Source\PSoC5/UART.c ****     *  UART_rxBufferWrite - cyclic index for write to rxBuffer,
 382:Generated_Source\PSoC5/UART.c ****     *     checked to identify new data.
 383:Generated_Source\PSoC5/UART.c ****     *  UART_rxBufferRead - cyclic index for read from rxBuffer,
 384:Generated_Source\PSoC5/UART.c ****     *     incremented after each byte has been read from buffer.
 385:Generated_Source\PSoC5/UART.c ****     *  UART_rxBufferLoopDetect - cleared if loop condition was detected
 386:Generated_Source\PSoC5/UART.c ****     *     in RX ISR.
 387:Generated_Source\PSoC5/UART.c ****     *
 388:Generated_Source\PSoC5/UART.c ****     * Reentrant:
 389:Generated_Source\PSoC5/UART.c ****     *  No.
 390:Generated_Source\PSoC5/UART.c ****     *
 391:Generated_Source\PSoC5/UART.c ****     *******************************************************************************/
 392:Generated_Source\PSoC5/UART.c ****     uint8 UART_ReadRxData(void) 
 393:Generated_Source\PSoC5/UART.c ****     {
 2209              		.loc 1 393 0
 2210              		.cfi_startproc
 2211              		@ args = 0, pretend = 0, frame = 0
 2212              		@ frame_needed = 0, uses_anonymous_args = 0
 2213              		@ link register save eliminated.
 2214 0000 10B4     		push	{r4}
 2215              		.cfi_def_cfa_offset 4
 2216              		.cfi_offset 4, -4
 394:Generated_Source\PSoC5/UART.c ****         uint8 rxData;
 395:Generated_Source\PSoC5/UART.c **** 
 396:Generated_Source\PSoC5/UART.c ****     #if (UART_RX_INTERRUPT_ENABLED)
 397:Generated_Source\PSoC5/UART.c **** 
 398:Generated_Source\PSoC5/UART.c ****         uint8 locRxBufferRead;
 399:Generated_Source\PSoC5/UART.c ****         uint8 locRxBufferWrite;
 400:Generated_Source\PSoC5/UART.c **** 
 401:Generated_Source\PSoC5/UART.c ****         /* Protect variables that could change on interrupt */
 402:Generated_Source\PSoC5/UART.c ****         UART_DisableRxInt();
 2217              		.loc 1 402 0
 2218 0002 114B     		ldr	r3, .L33
 403:Generated_Source\PSoC5/UART.c **** 
 404:Generated_Source\PSoC5/UART.c ****         locRxBufferRead  = UART_rxBufferRead;
 2219              		.loc 1 404 0
 2220 0004 114A     		ldr	r2, .L33+4
 402:Generated_Source\PSoC5/UART.c **** 
 2221              		.loc 1 402 0
 2222 0006 0121     		movs	r1, #1
 2223 0008 1960     		str	r1, [r3]
 2224              		.loc 1 404 0
 2225 000a 9178     		ldrb	r1, [r2, #2]	@ zero_extendqisi2
 405:Generated_Source\PSoC5/UART.c ****         locRxBufferWrite = UART_rxBufferWrite;
ARM GAS  C:\Users\elias\AppData\Local\Temp\cc0Or0pr.s 			page 139


 2226              		.loc 1 405 0
 2227 000c D378     		ldrb	r3, [r2, #3]	@ zero_extendqisi2
 406:Generated_Source\PSoC5/UART.c **** 
 407:Generated_Source\PSoC5/UART.c ****         if( (UART_rxBufferLoopDetect != 0u) || (locRxBufferRead != locRxBufferWrite) )
 2228              		.loc 1 407 0
 2229 000e 1079     		ldrb	r0, [r2, #4]	@ zero_extendqisi2
 404:Generated_Source\PSoC5/UART.c ****         locRxBufferWrite = UART_rxBufferWrite;
 2230              		.loc 1 404 0
 2231 0010 C9B2     		uxtb	r1, r1
 2232              	.LVL24:
 2233              		.loc 1 407 0
 2234 0012 10B9     		cbnz	r0, .L25
 2235 0014 DBB2     		uxtb	r3, r3
 2236              		.loc 1 407 0 is_stmt 0 discriminator 1
 2237 0016 9942     		cmp	r1, r3
 2238 0018 12D0     		beq	.L26
 2239              	.LVL25:
 2240              	.L25:
 408:Generated_Source\PSoC5/UART.c ****         {
 409:Generated_Source\PSoC5/UART.c ****             rxData = UART_rxBuffer[locRxBufferRead];
 410:Generated_Source\PSoC5/UART.c ****             locRxBufferRead++;
 2241              		.loc 1 410 0 is_stmt 1
 2242 001a 4B1C     		adds	r3, r1, #1
 2243 001c DBB2     		uxtb	r3, r3
 411:Generated_Source\PSoC5/UART.c **** 
 412:Generated_Source\PSoC5/UART.c ****             if(locRxBufferRead >= UART_RX_BUFFER_SIZE)
 413:Generated_Source\PSoC5/UART.c ****             {
 414:Generated_Source\PSoC5/UART.c ****                 locRxBufferRead = 0u;
 2244              		.loc 1 414 0
 2245 001e 202B     		cmp	r3, #32
 409:Generated_Source\PSoC5/UART.c ****             locRxBufferRead++;
 2246              		.loc 1 409 0
 2247 0020 0B48     		ldr	r0, .L33+8
 2248              		.loc 1 414 0
 2249 0022 28BF     		it	cs
 2250 0024 0023     		movcs	r3, #0
 409:Generated_Source\PSoC5/UART.c ****             locRxBufferRead++;
 2251              		.loc 1 409 0
 2252 0026 405C     		ldrb	r0, [r0, r1]	@ zero_extendqisi2
 415:Generated_Source\PSoC5/UART.c ****             }
 416:Generated_Source\PSoC5/UART.c ****             /* Update the real pointer */
 417:Generated_Source\PSoC5/UART.c ****             UART_rxBufferRead = locRxBufferRead;
 2253              		.loc 1 417 0
 2254 0028 9370     		strb	r3, [r2, #2]
 418:Generated_Source\PSoC5/UART.c **** 
 419:Generated_Source\PSoC5/UART.c ****             if(UART_rxBufferLoopDetect != 0u)
 2255              		.loc 1 419 0
 2256 002a 1379     		ldrb	r3, [r2, #4]	@ zero_extendqisi2
 417:Generated_Source\PSoC5/UART.c **** 
 2257              		.loc 1 417 0
 2258 002c 074C     		ldr	r4, .L33+4
 409:Generated_Source\PSoC5/UART.c ****             locRxBufferRead++;
 2259              		.loc 1 409 0
 2260 002e C0B2     		uxtb	r0, r0
 2261              	.LVL26:
 2262              		.loc 1 419 0
 2263 0030 0BB1     		cbz	r3, .L28
ARM GAS  C:\Users\elias\AppData\Local\Temp\cc0Or0pr.s 			page 140


 2264              	.LVL27:
 420:Generated_Source\PSoC5/UART.c ****             {
 421:Generated_Source\PSoC5/UART.c ****                 UART_rxBufferLoopDetect = 0u;
 2265              		.loc 1 421 0
 2266 0032 0023     		movs	r3, #0
 2267 0034 2371     		strb	r3, [r4, #4]
 2268              	.LVL28:
 2269              	.L28:
 422:Generated_Source\PSoC5/UART.c ****                 #if ((UART_RX_INTERRUPT_ENABLED) && (UART_FLOW_CONTROL != 0u))
 423:Generated_Source\PSoC5/UART.c ****                     /* When Hardware Flow Control selected - return RX mask */
 424:Generated_Source\PSoC5/UART.c ****                     #if( UART_HD_ENABLED )
 425:Generated_Source\PSoC5/UART.c ****                         if((UART_CONTROL_REG & UART_CTRL_HD_SEND) == 0u)
 426:Generated_Source\PSoC5/UART.c ****                         {   /* In Half duplex mode return RX mask only in RX
 427:Generated_Source\PSoC5/UART.c ****                             *  configuration set, otherwise
 428:Generated_Source\PSoC5/UART.c ****                             *  mask will be returned in LoadRxConfig() API.
 429:Generated_Source\PSoC5/UART.c ****                             */
 430:Generated_Source\PSoC5/UART.c ****                             UART_RXSTATUS_MASK_REG  |= UART_RX_STS_FIFO_NOTEMPTY;
 431:Generated_Source\PSoC5/UART.c ****                         }
 432:Generated_Source\PSoC5/UART.c ****                     #else
 433:Generated_Source\PSoC5/UART.c ****                         UART_RXSTATUS_MASK_REG  |= UART_RX_STS_FIFO_NOTEMPTY;
 434:Generated_Source\PSoC5/UART.c ****                     #endif /* end UART_HD_ENABLED */
 435:Generated_Source\PSoC5/UART.c ****                 #endif /* ((UART_RX_INTERRUPT_ENABLED) && (UART_FLOW_CONTROL != 0u)) */
 436:Generated_Source\PSoC5/UART.c ****             }
 437:Generated_Source\PSoC5/UART.c ****         }
 438:Generated_Source\PSoC5/UART.c ****         else
 439:Generated_Source\PSoC5/UART.c ****         {   /* Needs to check status for RX_STS_FIFO_NOTEMPTY bit */
 440:Generated_Source\PSoC5/UART.c ****             rxData = UART_RXDATA_REG;
 441:Generated_Source\PSoC5/UART.c ****         }
 442:Generated_Source\PSoC5/UART.c **** 
 443:Generated_Source\PSoC5/UART.c ****         UART_EnableRxInt();
 2270              		.loc 1 443 0
 2271 0036 074B     		ldr	r3, .L33+12
 2272 0038 0122     		movs	r2, #1
 2273 003a 1A60     		str	r2, [r3]
 444:Generated_Source\PSoC5/UART.c **** 
 445:Generated_Source\PSoC5/UART.c ****     #else
 446:Generated_Source\PSoC5/UART.c **** 
 447:Generated_Source\PSoC5/UART.c ****         /* Needs to check status for RX_STS_FIFO_NOTEMPTY bit */
 448:Generated_Source\PSoC5/UART.c ****         rxData = UART_RXDATA_REG;
 449:Generated_Source\PSoC5/UART.c **** 
 450:Generated_Source\PSoC5/UART.c ****     #endif /* (UART_RX_INTERRUPT_ENABLED) */
 451:Generated_Source\PSoC5/UART.c **** 
 452:Generated_Source\PSoC5/UART.c ****         return(rxData);
 453:Generated_Source\PSoC5/UART.c ****     }
 2274              		.loc 1 453 0
 2275 003c 10BC     		pop	{r4}
 2276              		.cfi_remember_state
 2277              		.cfi_restore 4
 2278              		.cfi_def_cfa_offset 0
 2279 003e 7047     		bx	lr
 2280              	.LVL29:
 2281              	.L26:
 2282              		.cfi_restore_state
 440:Generated_Source\PSoC5/UART.c ****         }
 2283              		.loc 1 440 0
 2284 0040 054B     		ldr	r3, .L33+16
 2285              	.LVL30:
ARM GAS  C:\Users\elias\AppData\Local\Temp\cc0Or0pr.s 			page 141


 2286 0042 1878     		ldrb	r0, [r3]	@ zero_extendqisi2
 2287 0044 C0B2     		uxtb	r0, r0
 2288              	.LVL31:
 2289 0046 F6E7     		b	.L28
 2290              	.L34:
 2291              		.align	2
 2292              	.L33:
 2293 0048 80E100E0 		.word	-536813184
 2294 004c 00000000 		.word	.LANCHOR0
 2295 0050 00000000 		.word	UART_rxBuffer
 2296 0054 00E100E0 		.word	-536813312
 2297 0058 49640040 		.word	1073767497
 2298              		.cfi_endproc
 2299              	.LFE7:
 2300              		.size	UART_ReadRxData, .-UART_ReadRxData
 2301              		.section	.text.UART_ReadRxStatus,"ax",%progbits
 2302              		.align	2
 2303              		.global	UART_ReadRxStatus
 2304              		.thumb
 2305              		.thumb_func
 2306              		.type	UART_ReadRxStatus, %function
 2307              	UART_ReadRxStatus:
 2308              	.LFB8:
 454:Generated_Source\PSoC5/UART.c **** 
 455:Generated_Source\PSoC5/UART.c **** 
 456:Generated_Source\PSoC5/UART.c ****     /*******************************************************************************
 457:Generated_Source\PSoC5/UART.c ****     * Function Name: UART_ReadRxStatus
 458:Generated_Source\PSoC5/UART.c ****     ********************************************************************************
 459:Generated_Source\PSoC5/UART.c ****     *
 460:Generated_Source\PSoC5/UART.c ****     * Summary:
 461:Generated_Source\PSoC5/UART.c ****     *  Returns the current state of the receiver status register and the software
 462:Generated_Source\PSoC5/UART.c ****     *  buffer overflow status.
 463:Generated_Source\PSoC5/UART.c ****     *
 464:Generated_Source\PSoC5/UART.c ****     * Parameters:
 465:Generated_Source\PSoC5/UART.c ****     *  None.
 466:Generated_Source\PSoC5/UART.c ****     *
 467:Generated_Source\PSoC5/UART.c ****     * Return:
 468:Generated_Source\PSoC5/UART.c ****     *  Current state of the status register.
 469:Generated_Source\PSoC5/UART.c ****     *
 470:Generated_Source\PSoC5/UART.c ****     * Side Effect:
 471:Generated_Source\PSoC5/UART.c ****     *  All status register bits are clear-on-read except
 472:Generated_Source\PSoC5/UART.c ****     *  UART_RX_STS_FIFO_NOTEMPTY.
 473:Generated_Source\PSoC5/UART.c ****     *  UART_RX_STS_FIFO_NOTEMPTY clears immediately after RX data
 474:Generated_Source\PSoC5/UART.c ****     *  register read.
 475:Generated_Source\PSoC5/UART.c ****     *
 476:Generated_Source\PSoC5/UART.c ****     * Global Variables:
 477:Generated_Source\PSoC5/UART.c ****     *  UART_rxBufferOverflow - used to indicate overload condition.
 478:Generated_Source\PSoC5/UART.c ****     *   It set to one in RX interrupt when there isn't free space in
 479:Generated_Source\PSoC5/UART.c ****     *   UART_rxBufferRead to write new data. This condition returned
 480:Generated_Source\PSoC5/UART.c ****     *   and cleared to zero by this API as an
 481:Generated_Source\PSoC5/UART.c ****     *   UART_RX_STS_SOFT_BUFF_OVER bit along with RX Status register
 482:Generated_Source\PSoC5/UART.c ****     *   bits.
 483:Generated_Source\PSoC5/UART.c ****     *
 484:Generated_Source\PSoC5/UART.c ****     *******************************************************************************/
 485:Generated_Source\PSoC5/UART.c ****     uint8 UART_ReadRxStatus(void) 
 486:Generated_Source\PSoC5/UART.c ****     {
 2309              		.loc 1 486 0
ARM GAS  C:\Users\elias\AppData\Local\Temp\cc0Or0pr.s 			page 142


 2310              		.cfi_startproc
 2311              		@ args = 0, pretend = 0, frame = 0
 2312              		@ frame_needed = 0, uses_anonymous_args = 0
 2313              		@ link register save eliminated.
 487:Generated_Source\PSoC5/UART.c ****         uint8 status;
 488:Generated_Source\PSoC5/UART.c **** 
 489:Generated_Source\PSoC5/UART.c ****         status = UART_RXSTATUS_REG & UART_RX_HW_MASK;
 2314              		.loc 1 489 0
 2315 0000 054A     		ldr	r2, .L40
 490:Generated_Source\PSoC5/UART.c **** 
 491:Generated_Source\PSoC5/UART.c ****     #if (UART_RX_INTERRUPT_ENABLED)
 492:Generated_Source\PSoC5/UART.c ****         if(UART_rxBufferOverflow != 0u)
 2316              		.loc 1 492 0
 2317 0002 064B     		ldr	r3, .L40+4
 489:Generated_Source\PSoC5/UART.c **** 
 2318              		.loc 1 489 0
 2319 0004 1078     		ldrb	r0, [r2]	@ zero_extendqisi2
 2320              		.loc 1 492 0
 2321 0006 5A79     		ldrb	r2, [r3, #5]	@ zero_extendqisi2
 489:Generated_Source\PSoC5/UART.c **** 
 2322              		.loc 1 489 0
 2323 0008 00F07F00 		and	r0, r0, #127
 2324              	.LVL32:
 2325              		.loc 1 492 0
 2326 000c 1AB1     		cbz	r2, .L36
 493:Generated_Source\PSoC5/UART.c ****         {
 494:Generated_Source\PSoC5/UART.c ****             status |= UART_RX_STS_SOFT_BUFF_OVER;
 495:Generated_Source\PSoC5/UART.c ****             UART_rxBufferOverflow = 0u;
 2327              		.loc 1 495 0
 2328 000e 0022     		movs	r2, #0
 494:Generated_Source\PSoC5/UART.c ****             UART_rxBufferOverflow = 0u;
 2329              		.loc 1 494 0
 2330 0010 40F08000 		orr	r0, r0, #128
 2331              	.LVL33:
 2332              		.loc 1 495 0
 2333 0014 5A71     		strb	r2, [r3, #5]
 2334              	.L36:
 496:Generated_Source\PSoC5/UART.c ****         }
 497:Generated_Source\PSoC5/UART.c ****     #endif /* (UART_RX_INTERRUPT_ENABLED) */
 498:Generated_Source\PSoC5/UART.c **** 
 499:Generated_Source\PSoC5/UART.c ****         return(status);
 500:Generated_Source\PSoC5/UART.c ****     }
 2335              		.loc 1 500 0
 2336 0016 7047     		bx	lr
 2337              	.L41:
 2338              		.align	2
 2339              	.L40:
 2340 0018 6D640040 		.word	1073767533
 2341 001c 00000000 		.word	.LANCHOR0
 2342              		.cfi_endproc
 2343              	.LFE8:
 2344              		.size	UART_ReadRxStatus, .-UART_ReadRxStatus
 2345              		.section	.text.UART_GetChar,"ax",%progbits
 2346              		.align	2
 2347              		.global	UART_GetChar
 2348              		.thumb
 2349              		.thumb_func
ARM GAS  C:\Users\elias\AppData\Local\Temp\cc0Or0pr.s 			page 143


 2350              		.type	UART_GetChar, %function
 2351              	UART_GetChar:
 2352              	.LFB9:
 501:Generated_Source\PSoC5/UART.c **** 
 502:Generated_Source\PSoC5/UART.c **** 
 503:Generated_Source\PSoC5/UART.c ****     /*******************************************************************************
 504:Generated_Source\PSoC5/UART.c ****     * Function Name: UART_GetChar
 505:Generated_Source\PSoC5/UART.c ****     ********************************************************************************
 506:Generated_Source\PSoC5/UART.c ****     *
 507:Generated_Source\PSoC5/UART.c ****     * Summary:
 508:Generated_Source\PSoC5/UART.c ****     *  Returns the last received byte of data. UART_GetChar() is
 509:Generated_Source\PSoC5/UART.c ****     *  designed for ASCII characters and returns a uint8 where 1 to 255 are values
 510:Generated_Source\PSoC5/UART.c ****     *  for valid characters and 0 indicates an error occurred or no data is present.
 511:Generated_Source\PSoC5/UART.c ****     *
 512:Generated_Source\PSoC5/UART.c ****     * Parameters:
 513:Generated_Source\PSoC5/UART.c ****     *  None.
 514:Generated_Source\PSoC5/UART.c ****     *
 515:Generated_Source\PSoC5/UART.c ****     * Return:
 516:Generated_Source\PSoC5/UART.c ****     *  Character read from UART RX buffer. ASCII characters from 1 to 255 are valid.
 517:Generated_Source\PSoC5/UART.c ****     *  A returned zero signifies an error condition or no data available.
 518:Generated_Source\PSoC5/UART.c ****     *
 519:Generated_Source\PSoC5/UART.c ****     * Global Variables:
 520:Generated_Source\PSoC5/UART.c ****     *  UART_rxBuffer - RAM buffer pointer for save received data.
 521:Generated_Source\PSoC5/UART.c ****     *  UART_rxBufferWrite - cyclic index for write to rxBuffer,
 522:Generated_Source\PSoC5/UART.c ****     *     checked to identify new data.
 523:Generated_Source\PSoC5/UART.c ****     *  UART_rxBufferRead - cyclic index for read from rxBuffer,
 524:Generated_Source\PSoC5/UART.c ****     *     incremented after each byte has been read from buffer.
 525:Generated_Source\PSoC5/UART.c ****     *  UART_rxBufferLoopDetect - cleared if loop condition was detected
 526:Generated_Source\PSoC5/UART.c ****     *     in RX ISR.
 527:Generated_Source\PSoC5/UART.c ****     *
 528:Generated_Source\PSoC5/UART.c ****     * Reentrant:
 529:Generated_Source\PSoC5/UART.c ****     *  No.
 530:Generated_Source\PSoC5/UART.c ****     *
 531:Generated_Source\PSoC5/UART.c ****     *******************************************************************************/
 532:Generated_Source\PSoC5/UART.c ****     uint8 UART_GetChar(void) 
 533:Generated_Source\PSoC5/UART.c ****     {
 2353              		.loc 1 533 0
 2354              		.cfi_startproc
 2355              		@ args = 0, pretend = 0, frame = 0
 2356              		@ frame_needed = 0, uses_anonymous_args = 0
 2357              		@ link register save eliminated.
 2358              	.LVL34:
 2359 0000 10B4     		push	{r4}
 2360              		.cfi_def_cfa_offset 4
 2361              		.cfi_offset 4, -4
 534:Generated_Source\PSoC5/UART.c ****         uint8 rxData = 0u;
 535:Generated_Source\PSoC5/UART.c ****         uint8 rxStatus;
 536:Generated_Source\PSoC5/UART.c **** 
 537:Generated_Source\PSoC5/UART.c ****     #if (UART_RX_INTERRUPT_ENABLED)
 538:Generated_Source\PSoC5/UART.c ****         uint8 locRxBufferRead;
 539:Generated_Source\PSoC5/UART.c ****         uint8 locRxBufferWrite;
 540:Generated_Source\PSoC5/UART.c **** 
 541:Generated_Source\PSoC5/UART.c ****         /* Protect variables that could change on interrupt */
 542:Generated_Source\PSoC5/UART.c ****         UART_DisableRxInt();
 2362              		.loc 1 542 0
 2363 0002 174B     		ldr	r3, .L53
 543:Generated_Source\PSoC5/UART.c **** 
ARM GAS  C:\Users\elias\AppData\Local\Temp\cc0Or0pr.s 			page 144


 544:Generated_Source\PSoC5/UART.c ****         locRxBufferRead  = UART_rxBufferRead;
 2364              		.loc 1 544 0
 2365 0004 174A     		ldr	r2, .L53+4
 542:Generated_Source\PSoC5/UART.c **** 
 2366              		.loc 1 542 0
 2367 0006 0121     		movs	r1, #1
 2368 0008 1960     		str	r1, [r3]
 2369              		.loc 1 544 0
 2370 000a 9178     		ldrb	r1, [r2, #2]	@ zero_extendqisi2
 545:Generated_Source\PSoC5/UART.c ****         locRxBufferWrite = UART_rxBufferWrite;
 2371              		.loc 1 545 0
 2372 000c D378     		ldrb	r3, [r2, #3]	@ zero_extendqisi2
 546:Generated_Source\PSoC5/UART.c **** 
 547:Generated_Source\PSoC5/UART.c ****         if( (UART_rxBufferLoopDetect != 0u) || (locRxBufferRead != locRxBufferWrite) )
 2373              		.loc 1 547 0
 2374 000e 1079     		ldrb	r0, [r2, #4]	@ zero_extendqisi2
 544:Generated_Source\PSoC5/UART.c ****         locRxBufferWrite = UART_rxBufferWrite;
 2375              		.loc 1 544 0
 2376 0010 C9B2     		uxtb	r1, r1
 2377              	.LVL35:
 2378              		.loc 1 547 0
 2379 0012 10B9     		cbnz	r0, .L43
 2380 0014 DBB2     		uxtb	r3, r3
 2381              		.loc 1 547 0 is_stmt 0 discriminator 1
 2382 0016 9942     		cmp	r1, r3
 2383 0018 12D0     		beq	.L44
 2384              	.LVL36:
 2385              	.L43:
 548:Generated_Source\PSoC5/UART.c ****         {
 549:Generated_Source\PSoC5/UART.c ****             rxData = UART_rxBuffer[locRxBufferRead];
 550:Generated_Source\PSoC5/UART.c ****             locRxBufferRead++;
 2386              		.loc 1 550 0 is_stmt 1
 2387 001a 4B1C     		adds	r3, r1, #1
 2388 001c DBB2     		uxtb	r3, r3
 551:Generated_Source\PSoC5/UART.c ****             if(locRxBufferRead >= UART_RX_BUFFER_SIZE)
 552:Generated_Source\PSoC5/UART.c ****             {
 553:Generated_Source\PSoC5/UART.c ****                 locRxBufferRead = 0u;
 2389              		.loc 1 553 0
 2390 001e 202B     		cmp	r3, #32
 549:Generated_Source\PSoC5/UART.c ****             locRxBufferRead++;
 2391              		.loc 1 549 0
 2392 0020 1148     		ldr	r0, .L53+8
 2393              		.loc 1 553 0
 2394 0022 28BF     		it	cs
 2395 0024 0023     		movcs	r3, #0
 549:Generated_Source\PSoC5/UART.c ****             locRxBufferRead++;
 2396              		.loc 1 549 0
 2397 0026 405C     		ldrb	r0, [r0, r1]	@ zero_extendqisi2
 554:Generated_Source\PSoC5/UART.c ****             }
 555:Generated_Source\PSoC5/UART.c ****             /* Update the real pointer */
 556:Generated_Source\PSoC5/UART.c ****             UART_rxBufferRead = locRxBufferRead;
 2398              		.loc 1 556 0
 2399 0028 9370     		strb	r3, [r2, #2]
 557:Generated_Source\PSoC5/UART.c **** 
 558:Generated_Source\PSoC5/UART.c ****             if(UART_rxBufferLoopDetect != 0u)
 2400              		.loc 1 558 0
 2401 002a 1379     		ldrb	r3, [r2, #4]	@ zero_extendqisi2
ARM GAS  C:\Users\elias\AppData\Local\Temp\cc0Or0pr.s 			page 145


 556:Generated_Source\PSoC5/UART.c **** 
 2402              		.loc 1 556 0
 2403 002c 0D4C     		ldr	r4, .L53+4
 549:Generated_Source\PSoC5/UART.c ****             locRxBufferRead++;
 2404              		.loc 1 549 0
 2405 002e C0B2     		uxtb	r0, r0
 2406              	.LVL37:
 2407              		.loc 1 558 0
 2408 0030 0BB1     		cbz	r3, .L46
 2409              	.LVL38:
 559:Generated_Source\PSoC5/UART.c ****             {
 560:Generated_Source\PSoC5/UART.c ****                 UART_rxBufferLoopDetect = 0u;
 2410              		.loc 1 560 0
 2411 0032 0023     		movs	r3, #0
 2412 0034 2371     		strb	r3, [r4, #4]
 2413              	.LVL39:
 2414              	.L46:
 561:Generated_Source\PSoC5/UART.c ****                 #if( (UART_RX_INTERRUPT_ENABLED) && (UART_FLOW_CONTROL != 0u) )
 562:Generated_Source\PSoC5/UART.c ****                     /* When Hardware Flow Control selected - return RX mask */
 563:Generated_Source\PSoC5/UART.c ****                     #if( UART_HD_ENABLED )
 564:Generated_Source\PSoC5/UART.c ****                         if((UART_CONTROL_REG & UART_CTRL_HD_SEND) == 0u)
 565:Generated_Source\PSoC5/UART.c ****                         {   /* In Half duplex mode return RX mask only if
 566:Generated_Source\PSoC5/UART.c ****                             *  RX configuration set, otherwise
 567:Generated_Source\PSoC5/UART.c ****                             *  mask will be returned in LoadRxConfig() API.
 568:Generated_Source\PSoC5/UART.c ****                             */
 569:Generated_Source\PSoC5/UART.c ****                             UART_RXSTATUS_MASK_REG |= UART_RX_STS_FIFO_NOTEMPTY;
 570:Generated_Source\PSoC5/UART.c ****                         }
 571:Generated_Source\PSoC5/UART.c ****                     #else
 572:Generated_Source\PSoC5/UART.c ****                         UART_RXSTATUS_MASK_REG |= UART_RX_STS_FIFO_NOTEMPTY;
 573:Generated_Source\PSoC5/UART.c ****                     #endif /* end UART_HD_ENABLED */
 574:Generated_Source\PSoC5/UART.c ****                 #endif /* UART_RX_INTERRUPT_ENABLED and Hardware flow control*/
 575:Generated_Source\PSoC5/UART.c ****             }
 576:Generated_Source\PSoC5/UART.c **** 
 577:Generated_Source\PSoC5/UART.c ****         }
 578:Generated_Source\PSoC5/UART.c ****         else
 579:Generated_Source\PSoC5/UART.c ****         {   rxStatus = UART_RXSTATUS_REG;
 580:Generated_Source\PSoC5/UART.c ****             if((rxStatus & UART_RX_STS_FIFO_NOTEMPTY) != 0u)
 581:Generated_Source\PSoC5/UART.c ****             {   /* Read received data from FIFO */
 582:Generated_Source\PSoC5/UART.c ****                 rxData = UART_RXDATA_REG;
 583:Generated_Source\PSoC5/UART.c ****                 /*Check status on error*/
 584:Generated_Source\PSoC5/UART.c ****                 if((rxStatus & (UART_RX_STS_BREAK | UART_RX_STS_PAR_ERROR |
 585:Generated_Source\PSoC5/UART.c ****                                 UART_RX_STS_STOP_ERROR | UART_RX_STS_OVERRUN)) != 0u)
 586:Generated_Source\PSoC5/UART.c ****                 {
 587:Generated_Source\PSoC5/UART.c ****                     rxData = 0u;
 588:Generated_Source\PSoC5/UART.c ****                 }
 589:Generated_Source\PSoC5/UART.c ****             }
 590:Generated_Source\PSoC5/UART.c ****         }
 591:Generated_Source\PSoC5/UART.c **** 
 592:Generated_Source\PSoC5/UART.c ****         UART_EnableRxInt();
 2415              		.loc 1 592 0
 2416 0036 0D4B     		ldr	r3, .L53+12
 2417 0038 0122     		movs	r2, #1
 2418 003a 1A60     		str	r2, [r3]
 593:Generated_Source\PSoC5/UART.c **** 
 594:Generated_Source\PSoC5/UART.c ****     #else
 595:Generated_Source\PSoC5/UART.c **** 
 596:Generated_Source\PSoC5/UART.c ****         rxStatus =UART_RXSTATUS_REG;
ARM GAS  C:\Users\elias\AppData\Local\Temp\cc0Or0pr.s 			page 146


 597:Generated_Source\PSoC5/UART.c ****         if((rxStatus & UART_RX_STS_FIFO_NOTEMPTY) != 0u)
 598:Generated_Source\PSoC5/UART.c ****         {
 599:Generated_Source\PSoC5/UART.c ****             /* Read received data from FIFO */
 600:Generated_Source\PSoC5/UART.c ****             rxData = UART_RXDATA_REG;
 601:Generated_Source\PSoC5/UART.c **** 
 602:Generated_Source\PSoC5/UART.c ****             /*Check status on error*/
 603:Generated_Source\PSoC5/UART.c ****             if((rxStatus & (UART_RX_STS_BREAK | UART_RX_STS_PAR_ERROR |
 604:Generated_Source\PSoC5/UART.c ****                             UART_RX_STS_STOP_ERROR | UART_RX_STS_OVERRUN)) != 0u)
 605:Generated_Source\PSoC5/UART.c ****             {
 606:Generated_Source\PSoC5/UART.c ****                 rxData = 0u;
 607:Generated_Source\PSoC5/UART.c ****             }
 608:Generated_Source\PSoC5/UART.c ****         }
 609:Generated_Source\PSoC5/UART.c ****     #endif /* (UART_RX_INTERRUPT_ENABLED) */
 610:Generated_Source\PSoC5/UART.c **** 
 611:Generated_Source\PSoC5/UART.c ****         return(rxData);
 612:Generated_Source\PSoC5/UART.c ****     }
 2419              		.loc 1 612 0
 2420 003c 10BC     		pop	{r4}
 2421              		.cfi_remember_state
 2422              		.cfi_restore 4
 2423              		.cfi_def_cfa_offset 0
 2424 003e 7047     		bx	lr
 2425              	.LVL40:
 2426              	.L44:
 2427              		.cfi_restore_state
 579:Generated_Source\PSoC5/UART.c ****             if((rxStatus & UART_RX_STS_FIFO_NOTEMPTY) != 0u)
 2428              		.loc 1 579 0
 2429 0040 0B4B     		ldr	r3, .L53+16
 2430              	.LVL41:
 2431 0042 1B78     		ldrb	r3, [r3]	@ zero_extendqisi2
 2432 0044 DBB2     		uxtb	r3, r3
 2433              	.LVL42:
 580:Generated_Source\PSoC5/UART.c ****             {   /* Read received data from FIFO */
 2434              		.loc 1 580 0
 2435 0046 03F02002 		and	r2, r3, #32
 2436 004a 02F0FF00 		and	r0, r2, #255
 2437 004e 002A     		cmp	r2, #0
 2438 0050 F1D0     		beq	.L46
 582:Generated_Source\PSoC5/UART.c ****                 /*Check status on error*/
 2439              		.loc 1 582 0
 2440 0052 084A     		ldr	r2, .L53+20
 587:Generated_Source\PSoC5/UART.c ****                 }
 2441              		.loc 1 587 0
 2442 0054 13F01E0F 		tst	r3, #30
 582:Generated_Source\PSoC5/UART.c ****                 /*Check status on error*/
 2443              		.loc 1 582 0
 2444 0058 1078     		ldrb	r0, [r2]	@ zero_extendqisi2
 2445              	.LVL43:
 587:Generated_Source\PSoC5/UART.c ****                 }
 2446              		.loc 1 587 0
 2447 005a 18BF     		it	ne
 2448 005c 0020     		movne	r0, #0
 2449              	.LVL44:
 2450 005e EAE7     		b	.L46
 2451              	.L54:
 2452              		.align	2
 2453              	.L53:
ARM GAS  C:\Users\elias\AppData\Local\Temp\cc0Or0pr.s 			page 147


 2454 0060 80E100E0 		.word	-536813184
 2455 0064 00000000 		.word	.LANCHOR0
 2456 0068 00000000 		.word	UART_rxBuffer
 2457 006c 00E100E0 		.word	-536813312
 2458 0070 6D640040 		.word	1073767533
 2459 0074 49640040 		.word	1073767497
 2460              		.cfi_endproc
 2461              	.LFE9:
 2462              		.size	UART_GetChar, .-UART_GetChar
 2463              		.section	.text.UART_GetByte,"ax",%progbits
 2464              		.align	2
 2465              		.global	UART_GetByte
 2466              		.thumb
 2467              		.thumb_func
 2468              		.type	UART_GetByte, %function
 2469              	UART_GetByte:
 2470              	.LFB10:
 613:Generated_Source\PSoC5/UART.c **** 
 614:Generated_Source\PSoC5/UART.c **** 
 615:Generated_Source\PSoC5/UART.c ****     /*******************************************************************************
 616:Generated_Source\PSoC5/UART.c ****     * Function Name: UART_GetByte
 617:Generated_Source\PSoC5/UART.c ****     ********************************************************************************
 618:Generated_Source\PSoC5/UART.c ****     *
 619:Generated_Source\PSoC5/UART.c ****     * Summary:
 620:Generated_Source\PSoC5/UART.c ****     *  Reads UART RX buffer immediately, returns received character and error
 621:Generated_Source\PSoC5/UART.c ****     *  condition.
 622:Generated_Source\PSoC5/UART.c ****     *
 623:Generated_Source\PSoC5/UART.c ****     * Parameters:
 624:Generated_Source\PSoC5/UART.c ****     *  None.
 625:Generated_Source\PSoC5/UART.c ****     *
 626:Generated_Source\PSoC5/UART.c ****     * Return:
 627:Generated_Source\PSoC5/UART.c ****     *  MSB contains status and LSB contains UART RX data. If the MSB is nonzero,
 628:Generated_Source\PSoC5/UART.c ****     *  an error has occurred.
 629:Generated_Source\PSoC5/UART.c ****     *
 630:Generated_Source\PSoC5/UART.c ****     * Reentrant:
 631:Generated_Source\PSoC5/UART.c ****     *  No.
 632:Generated_Source\PSoC5/UART.c ****     *
 633:Generated_Source\PSoC5/UART.c ****     *******************************************************************************/
 634:Generated_Source\PSoC5/UART.c ****     uint16 UART_GetByte(void) 
 635:Generated_Source\PSoC5/UART.c ****     {
 2471              		.loc 1 635 0
 2472              		.cfi_startproc
 2473              		@ args = 0, pretend = 0, frame = 0
 2474              		@ frame_needed = 0, uses_anonymous_args = 0
 2475              		@ link register save eliminated.
 2476 0000 30B4     		push	{r4, r5}
 2477              		.cfi_def_cfa_offset 8
 2478              		.cfi_offset 4, -8
 2479              		.cfi_offset 5, -4
 636:Generated_Source\PSoC5/UART.c ****         
 637:Generated_Source\PSoC5/UART.c ****     #if (UART_RX_INTERRUPT_ENABLED)
 638:Generated_Source\PSoC5/UART.c ****         uint16 locErrorStatus;
 639:Generated_Source\PSoC5/UART.c ****         /* Protect variables that could change on interrupt */
 640:Generated_Source\PSoC5/UART.c ****         UART_DisableRxInt();
 2480              		.loc 1 640 0
 2481 0002 1549     		ldr	r1, .L64
 641:Generated_Source\PSoC5/UART.c ****         locErrorStatus = (uint16)UART_errorStatus;
ARM GAS  C:\Users\elias\AppData\Local\Temp\cc0Or0pr.s 			page 148


 2482              		.loc 1 641 0
 2483 0004 154B     		ldr	r3, .L64+4
 640:Generated_Source\PSoC5/UART.c ****         locErrorStatus = (uint16)UART_errorStatus;
 2484              		.loc 1 640 0
 2485 0006 0122     		movs	r2, #1
 642:Generated_Source\PSoC5/UART.c ****         UART_errorStatus = 0u;
 643:Generated_Source\PSoC5/UART.c ****         UART_EnableRxInt();
 2486              		.loc 1 643 0
 2487 0008 154C     		ldr	r4, .L64+8
 640:Generated_Source\PSoC5/UART.c ****         locErrorStatus = (uint16)UART_errorStatus;
 2488              		.loc 1 640 0
 2489 000a 0A60     		str	r2, [r1]
 642:Generated_Source\PSoC5/UART.c ****         UART_errorStatus = 0u;
 2490              		.loc 1 642 0
 2491 000c 0025     		movs	r5, #0
 641:Generated_Source\PSoC5/UART.c ****         UART_errorStatus = 0u;
 2492              		.loc 1 641 0
 2493 000e 5878     		ldrb	r0, [r3, #1]	@ zero_extendqisi2
 2494              	.LVL45:
 642:Generated_Source\PSoC5/UART.c ****         UART_errorStatus = 0u;
 2495              		.loc 1 642 0
 2496 0010 5D70     		strb	r5, [r3, #1]
 2497              		.loc 1 643 0
 2498 0012 2260     		str	r2, [r4]
 2499              	.LBB17:
 2500              	.LBB18:
 402:Generated_Source\PSoC5/UART.c **** 
 2501              		.loc 1 402 0
 2502 0014 0A60     		str	r2, [r1]
 404:Generated_Source\PSoC5/UART.c ****         locRxBufferWrite = UART_rxBufferWrite;
 2503              		.loc 1 404 0
 2504 0016 9978     		ldrb	r1, [r3, #2]	@ zero_extendqisi2
 405:Generated_Source\PSoC5/UART.c **** 
 2505              		.loc 1 405 0
 2506 0018 DA78     		ldrb	r2, [r3, #3]	@ zero_extendqisi2
 407:Generated_Source\PSoC5/UART.c ****         {
 2507              		.loc 1 407 0
 2508 001a 1C79     		ldrb	r4, [r3, #4]	@ zero_extendqisi2
 2509              	.LBE18:
 2510              	.LBE17:
 644:Generated_Source\PSoC5/UART.c ****         return ( (uint16)(locErrorStatus << 8u) | UART_ReadRxData() );
 2511              		.loc 1 644 0
 2512 001c 0002     		lsls	r0, r0, #8
 2513              	.LVL46:
 2514              	.LBB22:
 2515              	.LBB19:
 404:Generated_Source\PSoC5/UART.c ****         locRxBufferWrite = UART_rxBufferWrite;
 2516              		.loc 1 404 0
 2517 001e C9B2     		uxtb	r1, r1
 2518              	.LVL47:
 407:Generated_Source\PSoC5/UART.c ****         {
 2519              		.loc 1 407 0
 2520 0020 14B9     		cbnz	r4, .L56
 2521 0022 D2B2     		uxtb	r2, r2
 2522 0024 9142     		cmp	r1, r2
 2523 0026 13D0     		beq	.L57
 2524              	.LVL48:
ARM GAS  C:\Users\elias\AppData\Local\Temp\cc0Or0pr.s 			page 149


 2525              	.L56:
 410:Generated_Source\PSoC5/UART.c **** 
 2526              		.loc 1 410 0
 2527 0028 4A1C     		adds	r2, r1, #1
 2528 002a D2B2     		uxtb	r2, r2
 414:Generated_Source\PSoC5/UART.c ****             }
 2529              		.loc 1 414 0
 2530 002c 202A     		cmp	r2, #32
 409:Generated_Source\PSoC5/UART.c ****             locRxBufferRead++;
 2531              		.loc 1 409 0
 2532 002e 0D4C     		ldr	r4, .L64+12
 414:Generated_Source\PSoC5/UART.c ****             }
 2533              		.loc 1 414 0
 2534 0030 28BF     		it	cs
 2535 0032 0022     		movcs	r2, #0
 409:Generated_Source\PSoC5/UART.c ****             locRxBufferRead++;
 2536              		.loc 1 409 0
 2537 0034 615C     		ldrb	r1, [r4, r1]	@ zero_extendqisi2
 2538              	.LVL49:
 417:Generated_Source\PSoC5/UART.c **** 
 2539              		.loc 1 417 0
 2540 0036 9A70     		strb	r2, [r3, #2]
 419:Generated_Source\PSoC5/UART.c ****             {
 2541              		.loc 1 419 0
 2542 0038 1A79     		ldrb	r2, [r3, #4]	@ zero_extendqisi2
 417:Generated_Source\PSoC5/UART.c **** 
 2543              		.loc 1 417 0
 2544 003a 084D     		ldr	r5, .L64+4
 409:Generated_Source\PSoC5/UART.c ****             locRxBufferRead++;
 2545              		.loc 1 409 0
 2546 003c CBB2     		uxtb	r3, r1
 2547              	.LVL50:
 419:Generated_Source\PSoC5/UART.c ****             {
 2548              		.loc 1 419 0
 2549 003e 0AB1     		cbz	r2, .L59
 421:Generated_Source\PSoC5/UART.c ****                 #if ((UART_RX_INTERRUPT_ENABLED) && (UART_FLOW_CONTROL != 0u))
 2550              		.loc 1 421 0
 2551 0040 0022     		movs	r2, #0
 2552 0042 2A71     		strb	r2, [r5, #4]
 2553              	.L59:
 443:Generated_Source\PSoC5/UART.c **** 
 2554              		.loc 1 443 0
 2555 0044 064A     		ldr	r2, .L64+8
 2556 0046 0121     		movs	r1, #1
 2557              	.LBE19:
 2558              	.LBE22:
 645:Generated_Source\PSoC5/UART.c ****     #else
 646:Generated_Source\PSoC5/UART.c ****         return ( ((uint16)UART_ReadRxStatus() << 8u) | UART_ReadRxData() );
 647:Generated_Source\PSoC5/UART.c ****     #endif /* UART_RX_INTERRUPT_ENABLED */
 648:Generated_Source\PSoC5/UART.c ****         
 649:Generated_Source\PSoC5/UART.c ****     }
 2559              		.loc 1 649 0
 2560 0048 1843     		orrs	r0, r0, r3
 2561              	.LBB23:
 2562              	.LBB20:
 443:Generated_Source\PSoC5/UART.c **** 
 2563              		.loc 1 443 0
ARM GAS  C:\Users\elias\AppData\Local\Temp\cc0Or0pr.s 			page 150


 2564 004a 1160     		str	r1, [r2]
 2565              	.LVL51:
 2566              	.LBE20:
 2567              	.LBE23:
 2568              		.loc 1 649 0
 2569 004c 30BC     		pop	{r4, r5}
 2570              		.cfi_remember_state
 2571              		.cfi_restore 5
 2572              		.cfi_restore 4
 2573              		.cfi_def_cfa_offset 0
 2574 004e 7047     		bx	lr
 2575              	.LVL52:
 2576              	.L57:
 2577              		.cfi_restore_state
 2578              	.LBB24:
 2579              	.LBB21:
 440:Generated_Source\PSoC5/UART.c ****         }
 2580              		.loc 1 440 0
 2581 0050 054B     		ldr	r3, .L64+16
 2582 0052 1B78     		ldrb	r3, [r3]	@ zero_extendqisi2
 2583 0054 DBB2     		uxtb	r3, r3
 2584              	.LVL53:
 2585 0056 F5E7     		b	.L59
 2586              	.L65:
 2587              		.align	2
 2588              	.L64:
 2589 0058 80E100E0 		.word	-536813184
 2590 005c 00000000 		.word	.LANCHOR0
 2591 0060 00E100E0 		.word	-536813312
 2592 0064 00000000 		.word	UART_rxBuffer
 2593 0068 49640040 		.word	1073767497
 2594              	.LBE21:
 2595              	.LBE24:
 2596              		.cfi_endproc
 2597              	.LFE10:
 2598              		.size	UART_GetByte, .-UART_GetByte
 2599              		.section	.text.UART_GetRxBufferSize,"ax",%progbits
 2600              		.align	2
 2601              		.global	UART_GetRxBufferSize
 2602              		.thumb
 2603              		.thumb_func
 2604              		.type	UART_GetRxBufferSize, %function
 2605              	UART_GetRxBufferSize:
 2606              	.LFB11:
 650:Generated_Source\PSoC5/UART.c **** 
 651:Generated_Source\PSoC5/UART.c **** 
 652:Generated_Source\PSoC5/UART.c ****     /*******************************************************************************
 653:Generated_Source\PSoC5/UART.c ****     * Function Name: UART_GetRxBufferSize
 654:Generated_Source\PSoC5/UART.c ****     ********************************************************************************
 655:Generated_Source\PSoC5/UART.c ****     *
 656:Generated_Source\PSoC5/UART.c ****     * Summary:
 657:Generated_Source\PSoC5/UART.c ****     *  Returns the number of received bytes available in the RX buffer.
 658:Generated_Source\PSoC5/UART.c ****     *  * RX software buffer is disabled (RX Buffer Size parameter is equal to 4): 
 659:Generated_Source\PSoC5/UART.c ****     *    returns 0 for empty RX FIFO or 1 for not empty RX FIFO.
 660:Generated_Source\PSoC5/UART.c ****     *  * RX software buffer is enabled: returns the number of bytes available in 
 661:Generated_Source\PSoC5/UART.c ****     *    the RX software buffer. Bytes available in the RX FIFO do not take to 
 662:Generated_Source\PSoC5/UART.c ****     *    account.
ARM GAS  C:\Users\elias\AppData\Local\Temp\cc0Or0pr.s 			page 151


 663:Generated_Source\PSoC5/UART.c ****     *
 664:Generated_Source\PSoC5/UART.c ****     * Parameters:
 665:Generated_Source\PSoC5/UART.c ****     *  None.
 666:Generated_Source\PSoC5/UART.c ****     *
 667:Generated_Source\PSoC5/UART.c ****     * Return:
 668:Generated_Source\PSoC5/UART.c ****     *  uint8: Number of bytes in the RX buffer. 
 669:Generated_Source\PSoC5/UART.c ****     *    Return value type depends on RX Buffer Size parameter.
 670:Generated_Source\PSoC5/UART.c ****     *
 671:Generated_Source\PSoC5/UART.c ****     * Global Variables:
 672:Generated_Source\PSoC5/UART.c ****     *  UART_rxBufferWrite - used to calculate left bytes.
 673:Generated_Source\PSoC5/UART.c ****     *  UART_rxBufferRead - used to calculate left bytes.
 674:Generated_Source\PSoC5/UART.c ****     *  UART_rxBufferLoopDetect - checked to decide left bytes amount.
 675:Generated_Source\PSoC5/UART.c ****     *
 676:Generated_Source\PSoC5/UART.c ****     * Reentrant:
 677:Generated_Source\PSoC5/UART.c ****     *  No.
 678:Generated_Source\PSoC5/UART.c ****     *
 679:Generated_Source\PSoC5/UART.c ****     * Theory:
 680:Generated_Source\PSoC5/UART.c ****     *  Allows the user to find out how full the RX Buffer is.
 681:Generated_Source\PSoC5/UART.c ****     *
 682:Generated_Source\PSoC5/UART.c ****     *******************************************************************************/
 683:Generated_Source\PSoC5/UART.c ****     uint8 UART_GetRxBufferSize(void)
 684:Generated_Source\PSoC5/UART.c ****                                                             
 685:Generated_Source\PSoC5/UART.c ****     {
 2607              		.loc 1 685 0
 2608              		.cfi_startproc
 2609              		@ args = 0, pretend = 0, frame = 0
 2610              		@ frame_needed = 0, uses_anonymous_args = 0
 2611              		@ link register save eliminated.
 686:Generated_Source\PSoC5/UART.c ****         uint8 size;
 687:Generated_Source\PSoC5/UART.c **** 
 688:Generated_Source\PSoC5/UART.c ****     #if (UART_RX_INTERRUPT_ENABLED)
 689:Generated_Source\PSoC5/UART.c **** 
 690:Generated_Source\PSoC5/UART.c ****         /* Protect variables that could change on interrupt */
 691:Generated_Source\PSoC5/UART.c ****         UART_DisableRxInt();
 2612              		.loc 1 691 0
 2613 0000 104A     		ldr	r2, .L72
 2614 0002 0121     		movs	r1, #1
 692:Generated_Source\PSoC5/UART.c **** 
 693:Generated_Source\PSoC5/UART.c ****         if(UART_rxBufferRead == UART_rxBufferWrite)
 2615              		.loc 1 693 0
 2616 0004 104B     		ldr	r3, .L72+4
 691:Generated_Source\PSoC5/UART.c **** 
 2617              		.loc 1 691 0
 2618 0006 1160     		str	r1, [r2]
 2619              		.loc 1 693 0
 2620 0008 9978     		ldrb	r1, [r3, #2]	@ zero_extendqisi2
 2621 000a DA78     		ldrb	r2, [r3, #3]	@ zero_extendqisi2
 2622 000c 9142     		cmp	r1, r2
 2623 000e 0FD0     		beq	.L71
 694:Generated_Source\PSoC5/UART.c ****         {
 695:Generated_Source\PSoC5/UART.c ****             if(UART_rxBufferLoopDetect != 0u)
 696:Generated_Source\PSoC5/UART.c ****             {
 697:Generated_Source\PSoC5/UART.c ****                 size = UART_RX_BUFFER_SIZE;
 698:Generated_Source\PSoC5/UART.c ****             }
 699:Generated_Source\PSoC5/UART.c ****             else
 700:Generated_Source\PSoC5/UART.c ****             {
 701:Generated_Source\PSoC5/UART.c ****                 size = 0u;
ARM GAS  C:\Users\elias\AppData\Local\Temp\cc0Or0pr.s 			page 152


 702:Generated_Source\PSoC5/UART.c ****             }
 703:Generated_Source\PSoC5/UART.c ****         }
 704:Generated_Source\PSoC5/UART.c ****         else if(UART_rxBufferRead < UART_rxBufferWrite)
 2624              		.loc 1 704 0
 2625 0010 9978     		ldrb	r1, [r3, #2]	@ zero_extendqisi2
 2626 0012 DA78     		ldrb	r2, [r3, #3]	@ zero_extendqisi2
 2627 0014 9142     		cmp	r1, r2
 705:Generated_Source\PSoC5/UART.c ****         {
 706:Generated_Source\PSoC5/UART.c ****             size = (UART_rxBufferWrite - UART_rxBufferRead);
 2628              		.loc 1 706 0
 2629 0016 DA78     		ldrb	r2, [r3, #3]	@ zero_extendqisi2
 2630 0018 9878     		ldrb	r0, [r3, #2]	@ zero_extendqisi2
 707:Generated_Source\PSoC5/UART.c ****         }
 708:Generated_Source\PSoC5/UART.c ****         else
 709:Generated_Source\PSoC5/UART.c ****         {
 710:Generated_Source\PSoC5/UART.c ****             size = (UART_RX_BUFFER_SIZE - UART_rxBufferRead) + UART_rxBufferWrite;
 2631              		.loc 1 710 0
 2632 001a 24BF     		itt	cs
 2633 001c 02F12003 		addcs	r3, r2, #32
 2634 0020 181A     		subcs	r0, r3, r0
 711:Generated_Source\PSoC5/UART.c ****         }
 712:Generated_Source\PSoC5/UART.c **** 
 713:Generated_Source\PSoC5/UART.c ****         UART_EnableRxInt();
 2635              		.loc 1 713 0
 2636 0022 0A4B     		ldr	r3, .L72+8
 706:Generated_Source\PSoC5/UART.c ****         }
 2637              		.loc 1 706 0
 2638 0024 38BF     		it	cc
 2639 0026 101A     		subcc	r0, r2, r0
 2640              		.loc 1 713 0
 2641 0028 0122     		movs	r2, #1
 710:Generated_Source\PSoC5/UART.c ****         }
 2642              		.loc 1 710 0
 2643 002a C0B2     		uxtb	r0, r0
 2644              	.LVL54:
 2645              		.loc 1 713 0
 2646 002c 1A60     		str	r2, [r3]
 714:Generated_Source\PSoC5/UART.c **** 
 715:Generated_Source\PSoC5/UART.c ****     #else
 716:Generated_Source\PSoC5/UART.c **** 
 717:Generated_Source\PSoC5/UART.c ****         /* We can only know if there is data in the fifo. */
 718:Generated_Source\PSoC5/UART.c ****         size = ((UART_RXSTATUS_REG & UART_RX_STS_FIFO_NOTEMPTY) != 0u) ? 1u : 0u;
 719:Generated_Source\PSoC5/UART.c **** 
 720:Generated_Source\PSoC5/UART.c ****     #endif /* (UART_RX_INTERRUPT_ENABLED) */
 721:Generated_Source\PSoC5/UART.c **** 
 722:Generated_Source\PSoC5/UART.c ****         return(size);
 723:Generated_Source\PSoC5/UART.c ****     }
 2647              		.loc 1 723 0
 2648 002e 7047     		bx	lr
 2649              	.LVL55:
 2650              	.L71:
 695:Generated_Source\PSoC5/UART.c ****             {
 2651              		.loc 1 695 0
 2652 0030 1B79     		ldrb	r3, [r3, #4]	@ zero_extendqisi2
 713:Generated_Source\PSoC5/UART.c **** 
 2653              		.loc 1 713 0
 2654 0032 0122     		movs	r2, #1
ARM GAS  C:\Users\elias\AppData\Local\Temp\cc0Or0pr.s 			page 153


 695:Generated_Source\PSoC5/UART.c ****             {
 2655              		.loc 1 695 0
 2656 0034 002B     		cmp	r3, #0
 713:Generated_Source\PSoC5/UART.c **** 
 2657              		.loc 1 713 0
 2658 0036 054B     		ldr	r3, .L72+8
 701:Generated_Source\PSoC5/UART.c ****             }
 2659              		.loc 1 701 0
 2660 0038 14BF     		ite	ne
 2661 003a 2020     		movne	r0, #32
 2662 003c 0020     		moveq	r0, #0
 2663              	.LVL56:
 713:Generated_Source\PSoC5/UART.c **** 
 2664              		.loc 1 713 0
 2665 003e 1A60     		str	r2, [r3]
 2666              		.loc 1 723 0
 2667 0040 7047     		bx	lr
 2668              	.L73:
 2669 0042 00BF     		.align	2
 2670              	.L72:
 2671 0044 80E100E0 		.word	-536813184
 2672 0048 00000000 		.word	.LANCHOR0
 2673 004c 00E100E0 		.word	-536813312
 2674              		.cfi_endproc
 2675              	.LFE11:
 2676              		.size	UART_GetRxBufferSize, .-UART_GetRxBufferSize
 2677              		.section	.text.UART_ClearRxBuffer,"ax",%progbits
 2678              		.align	2
 2679              		.global	UART_ClearRxBuffer
 2680              		.thumb
 2681              		.thumb_func
 2682              		.type	UART_ClearRxBuffer, %function
 2683              	UART_ClearRxBuffer:
 2684              	.LFB12:
 724:Generated_Source\PSoC5/UART.c **** 
 725:Generated_Source\PSoC5/UART.c **** 
 726:Generated_Source\PSoC5/UART.c ****     /*******************************************************************************
 727:Generated_Source\PSoC5/UART.c ****     * Function Name: UART_ClearRxBuffer
 728:Generated_Source\PSoC5/UART.c ****     ********************************************************************************
 729:Generated_Source\PSoC5/UART.c ****     *
 730:Generated_Source\PSoC5/UART.c ****     * Summary:
 731:Generated_Source\PSoC5/UART.c ****     *  Clears the receiver memory buffer and hardware RX FIFO of all received data.
 732:Generated_Source\PSoC5/UART.c ****     *
 733:Generated_Source\PSoC5/UART.c ****     * Parameters:
 734:Generated_Source\PSoC5/UART.c ****     *  None.
 735:Generated_Source\PSoC5/UART.c ****     *
 736:Generated_Source\PSoC5/UART.c ****     * Return:
 737:Generated_Source\PSoC5/UART.c ****     *  None.
 738:Generated_Source\PSoC5/UART.c ****     *
 739:Generated_Source\PSoC5/UART.c ****     * Global Variables:
 740:Generated_Source\PSoC5/UART.c ****     *  UART_rxBufferWrite - cleared to zero.
 741:Generated_Source\PSoC5/UART.c ****     *  UART_rxBufferRead - cleared to zero.
 742:Generated_Source\PSoC5/UART.c ****     *  UART_rxBufferLoopDetect - cleared to zero.
 743:Generated_Source\PSoC5/UART.c ****     *  UART_rxBufferOverflow - cleared to zero.
 744:Generated_Source\PSoC5/UART.c ****     *
 745:Generated_Source\PSoC5/UART.c ****     * Reentrant:
 746:Generated_Source\PSoC5/UART.c ****     *  No.
ARM GAS  C:\Users\elias\AppData\Local\Temp\cc0Or0pr.s 			page 154


 747:Generated_Source\PSoC5/UART.c ****     *
 748:Generated_Source\PSoC5/UART.c ****     * Theory:
 749:Generated_Source\PSoC5/UART.c ****     *  Setting the pointers to zero makes the system believe there is no data to
 750:Generated_Source\PSoC5/UART.c ****     *  read and writing will resume at address 0 overwriting any data that may
 751:Generated_Source\PSoC5/UART.c ****     *  have remained in the RAM.
 752:Generated_Source\PSoC5/UART.c ****     *
 753:Generated_Source\PSoC5/UART.c ****     * Side Effects:
 754:Generated_Source\PSoC5/UART.c ****     *  Any received data not read from the RAM or FIFO buffer will be lost.
 755:Generated_Source\PSoC5/UART.c ****     *
 756:Generated_Source\PSoC5/UART.c ****     *******************************************************************************/
 757:Generated_Source\PSoC5/UART.c ****     void UART_ClearRxBuffer(void) 
 758:Generated_Source\PSoC5/UART.c ****     {
 2685              		.loc 1 758 0
 2686              		.cfi_startproc
 2687              		@ args = 0, pretend = 0, frame = 0
 2688              		@ frame_needed = 0, uses_anonymous_args = 0
 2689 0000 10B5     		push	{r4, lr}
 2690              		.cfi_def_cfa_offset 8
 2691              		.cfi_offset 4, -8
 2692              		.cfi_offset 14, -4
 759:Generated_Source\PSoC5/UART.c ****         uint8 enableInterrupts;
 760:Generated_Source\PSoC5/UART.c **** 
 761:Generated_Source\PSoC5/UART.c ****         /* Clear the HW FIFO */
 762:Generated_Source\PSoC5/UART.c ****         enableInterrupts = CyEnterCriticalSection();
 2693              		.loc 1 762 0
 2694 0002 FFF7FEFF 		bl	CyEnterCriticalSection
 2695              	.LVL57:
 763:Generated_Source\PSoC5/UART.c ****         UART_RXDATA_AUX_CTL_REG |= (uint8)  UART_RX_FIFO_CLR;
 2696              		.loc 1 763 0
 2697 0006 0B4B     		ldr	r3, .L76
 764:Generated_Source\PSoC5/UART.c ****         UART_RXDATA_AUX_CTL_REG &= (uint8) ~UART_RX_FIFO_CLR;
 765:Generated_Source\PSoC5/UART.c ****         CyExitCriticalSection(enableInterrupts);
 766:Generated_Source\PSoC5/UART.c **** 
 767:Generated_Source\PSoC5/UART.c ****     #if (UART_RX_INTERRUPT_ENABLED)
 768:Generated_Source\PSoC5/UART.c **** 
 769:Generated_Source\PSoC5/UART.c ****         /* Protect variables that could change on interrupt. */
 770:Generated_Source\PSoC5/UART.c ****         UART_DisableRxInt();
 2698              		.loc 1 770 0
 2699 0008 0B4C     		ldr	r4, .L76+4
 763:Generated_Source\PSoC5/UART.c ****         UART_RXDATA_AUX_CTL_REG |= (uint8)  UART_RX_FIFO_CLR;
 2700              		.loc 1 763 0
 2701 000a 1A78     		ldrb	r2, [r3]	@ zero_extendqisi2
 2702 000c 42F00102 		orr	r2, r2, #1
 2703 0010 1A70     		strb	r2, [r3]
 764:Generated_Source\PSoC5/UART.c ****         UART_RXDATA_AUX_CTL_REG &= (uint8) ~UART_RX_FIFO_CLR;
 2704              		.loc 1 764 0
 2705 0012 1A78     		ldrb	r2, [r3]	@ zero_extendqisi2
 2706 0014 02F0FE02 		and	r2, r2, #254
 2707 0018 1A70     		strb	r2, [r3]
 765:Generated_Source\PSoC5/UART.c **** 
 2708              		.loc 1 765 0
 2709 001a FFF7FEFF 		bl	CyExitCriticalSection
 2710              	.LVL58:
 771:Generated_Source\PSoC5/UART.c **** 
 772:Generated_Source\PSoC5/UART.c ****         UART_rxBufferRead = 0u;
 2711              		.loc 1 772 0
 2712 001e 074B     		ldr	r3, .L76+8
ARM GAS  C:\Users\elias\AppData\Local\Temp\cc0Or0pr.s 			page 155


 2713 0020 0022     		movs	r2, #0
 770:Generated_Source\PSoC5/UART.c **** 
 2714              		.loc 1 770 0
 2715 0022 0121     		movs	r1, #1
 773:Generated_Source\PSoC5/UART.c ****         UART_rxBufferWrite = 0u;
 774:Generated_Source\PSoC5/UART.c ****         UART_rxBufferLoopDetect = 0u;
 775:Generated_Source\PSoC5/UART.c ****         UART_rxBufferOverflow = 0u;
 776:Generated_Source\PSoC5/UART.c **** 
 777:Generated_Source\PSoC5/UART.c ****         UART_EnableRxInt();
 2716              		.loc 1 777 0
 2717 0024 0648     		ldr	r0, .L76+12
 770:Generated_Source\PSoC5/UART.c **** 
 2718              		.loc 1 770 0
 2719 0026 2160     		str	r1, [r4]
 772:Generated_Source\PSoC5/UART.c ****         UART_rxBufferWrite = 0u;
 2720              		.loc 1 772 0
 2721 0028 9A70     		strb	r2, [r3, #2]
 773:Generated_Source\PSoC5/UART.c ****         UART_rxBufferWrite = 0u;
 2722              		.loc 1 773 0
 2723 002a DA70     		strb	r2, [r3, #3]
 774:Generated_Source\PSoC5/UART.c ****         UART_rxBufferOverflow = 0u;
 2724              		.loc 1 774 0
 2725 002c 1A71     		strb	r2, [r3, #4]
 775:Generated_Source\PSoC5/UART.c **** 
 2726              		.loc 1 775 0
 2727 002e 5A71     		strb	r2, [r3, #5]
 2728              		.loc 1 777 0
 2729 0030 0160     		str	r1, [r0]
 2730 0032 10BD     		pop	{r4, pc}
 2731              	.L77:
 2732              		.align	2
 2733              	.L76:
 2734 0034 99640040 		.word	1073767577
 2735 0038 80E100E0 		.word	-536813184
 2736 003c 00000000 		.word	.LANCHOR0
 2737 0040 00E100E0 		.word	-536813312
 2738              		.cfi_endproc
 2739              	.LFE12:
 2740              		.size	UART_ClearRxBuffer, .-UART_ClearRxBuffer
 2741              		.section	.text.UART_SetRxAddressMode,"ax",%progbits
 2742              		.align	2
 2743              		.global	UART_SetRxAddressMode
 2744              		.thumb
 2745              		.thumb_func
 2746              		.type	UART_SetRxAddressMode, %function
 2747              	UART_SetRxAddressMode:
 2748              	.LFB33:
 2749              		.cfi_startproc
 2750              		@ args = 0, pretend = 0, frame = 0
 2751              		@ frame_needed = 0, uses_anonymous_args = 0
 2752              		@ link register save eliminated.
 2753 0000 7047     		bx	lr
 2754              		.cfi_endproc
 2755              	.LFE33:
 2756              		.size	UART_SetRxAddressMode, .-UART_SetRxAddressMode
 2757 0002 00BF     		.section	.text.UART_SetRxAddress1,"ax",%progbits
 2758              		.align	2
ARM GAS  C:\Users\elias\AppData\Local\Temp\cc0Or0pr.s 			page 156


 2759              		.global	UART_SetRxAddress1
 2760              		.thumb
 2761              		.thumb_func
 2762              		.type	UART_SetRxAddress1, %function
 2763              	UART_SetRxAddress1:
 2764              	.LFB14:
 778:Generated_Source\PSoC5/UART.c **** 
 779:Generated_Source\PSoC5/UART.c ****     #endif /* (UART_RX_INTERRUPT_ENABLED) */
 780:Generated_Source\PSoC5/UART.c **** 
 781:Generated_Source\PSoC5/UART.c ****     }
 782:Generated_Source\PSoC5/UART.c **** 
 783:Generated_Source\PSoC5/UART.c **** 
 784:Generated_Source\PSoC5/UART.c ****     /*******************************************************************************
 785:Generated_Source\PSoC5/UART.c ****     * Function Name: UART_SetRxAddressMode
 786:Generated_Source\PSoC5/UART.c ****     ********************************************************************************
 787:Generated_Source\PSoC5/UART.c ****     *
 788:Generated_Source\PSoC5/UART.c ****     * Summary:
 789:Generated_Source\PSoC5/UART.c ****     *  Sets the software controlled Addressing mode used by the RX portion of the
 790:Generated_Source\PSoC5/UART.c ****     *  UART.
 791:Generated_Source\PSoC5/UART.c ****     *
 792:Generated_Source\PSoC5/UART.c ****     * Parameters:
 793:Generated_Source\PSoC5/UART.c ****     *  addressMode: Enumerated value indicating the mode of RX addressing
 794:Generated_Source\PSoC5/UART.c ****     *  UART__B_UART__AM_SW_BYTE_BYTE -  Software Byte-by-Byte address
 795:Generated_Source\PSoC5/UART.c ****     *                                               detection
 796:Generated_Source\PSoC5/UART.c ****     *  UART__B_UART__AM_SW_DETECT_TO_BUFFER - Software Detect to Buffer
 797:Generated_Source\PSoC5/UART.c ****     *                                               address detection
 798:Generated_Source\PSoC5/UART.c ****     *  UART__B_UART__AM_HW_BYTE_BY_BYTE - Hardware Byte-by-Byte address
 799:Generated_Source\PSoC5/UART.c ****     *                                               detection
 800:Generated_Source\PSoC5/UART.c ****     *  UART__B_UART__AM_HW_DETECT_TO_BUFFER - Hardware Detect to Buffer
 801:Generated_Source\PSoC5/UART.c ****     *                                               address detection
 802:Generated_Source\PSoC5/UART.c ****     *  UART__B_UART__AM_NONE - No address detection
 803:Generated_Source\PSoC5/UART.c ****     *
 804:Generated_Source\PSoC5/UART.c ****     * Return:
 805:Generated_Source\PSoC5/UART.c ****     *  None.
 806:Generated_Source\PSoC5/UART.c ****     *
 807:Generated_Source\PSoC5/UART.c ****     * Global Variables:
 808:Generated_Source\PSoC5/UART.c ****     *  UART_rxAddressMode - the parameter stored in this variable for
 809:Generated_Source\PSoC5/UART.c ****     *   the farther usage in RX ISR.
 810:Generated_Source\PSoC5/UART.c ****     *  UART_rxAddressDetected - set to initial state (0).
 811:Generated_Source\PSoC5/UART.c ****     *
 812:Generated_Source\PSoC5/UART.c ****     *******************************************************************************/
 813:Generated_Source\PSoC5/UART.c ****     void UART_SetRxAddressMode(uint8 addressMode)
 814:Generated_Source\PSoC5/UART.c ****                                                         
 815:Generated_Source\PSoC5/UART.c ****     {
 816:Generated_Source\PSoC5/UART.c ****         #if(UART_RXHW_ADDRESS_ENABLED)
 817:Generated_Source\PSoC5/UART.c ****             #if(UART_CONTROL_REG_REMOVED)
 818:Generated_Source\PSoC5/UART.c ****                 if(0u != addressMode)
 819:Generated_Source\PSoC5/UART.c ****                 {
 820:Generated_Source\PSoC5/UART.c ****                     /* Suppress compiler warning */
 821:Generated_Source\PSoC5/UART.c ****                 }
 822:Generated_Source\PSoC5/UART.c ****             #else /* UART_CONTROL_REG_REMOVED */
 823:Generated_Source\PSoC5/UART.c ****                 uint8 tmpCtrl;
 824:Generated_Source\PSoC5/UART.c ****                 tmpCtrl = UART_CONTROL_REG & (uint8)~UART_CTRL_RXADDR_MODE_MASK;
 825:Generated_Source\PSoC5/UART.c ****                 tmpCtrl |= (uint8)(addressMode << UART_CTRL_RXADDR_MODE0_SHIFT);
 826:Generated_Source\PSoC5/UART.c ****                 UART_CONTROL_REG = tmpCtrl;
 827:Generated_Source\PSoC5/UART.c **** 
 828:Generated_Source\PSoC5/UART.c ****                 #if(UART_RX_INTERRUPT_ENABLED && \
ARM GAS  C:\Users\elias\AppData\Local\Temp\cc0Or0pr.s 			page 157


 829:Generated_Source\PSoC5/UART.c ****                    (UART_RXBUFFERSIZE > UART_FIFO_LENGTH) )
 830:Generated_Source\PSoC5/UART.c ****                     UART_rxAddressMode = addressMode;
 831:Generated_Source\PSoC5/UART.c ****                     UART_rxAddressDetected = 0u;
 832:Generated_Source\PSoC5/UART.c ****                 #endif /* End UART_RXBUFFERSIZE > UART_FIFO_LENGTH*/
 833:Generated_Source\PSoC5/UART.c ****             #endif /* End UART_CONTROL_REG_REMOVED */
 834:Generated_Source\PSoC5/UART.c ****         #else /* UART_RXHW_ADDRESS_ENABLED */
 835:Generated_Source\PSoC5/UART.c ****             if(0u != addressMode)
 836:Generated_Source\PSoC5/UART.c ****             {
 837:Generated_Source\PSoC5/UART.c ****                 /* Suppress compiler warning */
 838:Generated_Source\PSoC5/UART.c ****             }
 839:Generated_Source\PSoC5/UART.c ****         #endif /* End UART_RXHW_ADDRESS_ENABLED */
 840:Generated_Source\PSoC5/UART.c ****     }
 841:Generated_Source\PSoC5/UART.c **** 
 842:Generated_Source\PSoC5/UART.c **** 
 843:Generated_Source\PSoC5/UART.c ****     /*******************************************************************************
 844:Generated_Source\PSoC5/UART.c ****     * Function Name: UART_SetRxAddress1
 845:Generated_Source\PSoC5/UART.c ****     ********************************************************************************
 846:Generated_Source\PSoC5/UART.c ****     *
 847:Generated_Source\PSoC5/UART.c ****     * Summary:
 848:Generated_Source\PSoC5/UART.c ****     *  Sets the first of two hardware-detectable receiver addresses.
 849:Generated_Source\PSoC5/UART.c ****     *
 850:Generated_Source\PSoC5/UART.c ****     * Parameters:
 851:Generated_Source\PSoC5/UART.c ****     *  address: Address #1 for hardware address detection.
 852:Generated_Source\PSoC5/UART.c ****     *
 853:Generated_Source\PSoC5/UART.c ****     * Return:
 854:Generated_Source\PSoC5/UART.c ****     *  None.
 855:Generated_Source\PSoC5/UART.c ****     *
 856:Generated_Source\PSoC5/UART.c ****     *******************************************************************************/
 857:Generated_Source\PSoC5/UART.c ****     void UART_SetRxAddress1(uint8 address) 
 858:Generated_Source\PSoC5/UART.c ****     {
 2765              		.loc 1 858 0
 2766              		.cfi_startproc
 2767              		@ args = 0, pretend = 0, frame = 0
 2768              		@ frame_needed = 0, uses_anonymous_args = 0
 2769              		@ link register save eliminated.
 2770              	.LVL59:
 859:Generated_Source\PSoC5/UART.c ****         UART_RXADDRESS1_REG = address;
 2771              		.loc 1 859 0
 2772 0000 014B     		ldr	r3, .L80
 2773 0002 1870     		strb	r0, [r3]
 2774 0004 7047     		bx	lr
 2775              	.L81:
 2776 0006 00BF     		.align	2
 2777              	.L80:
 2778 0008 29640040 		.word	1073767465
 2779              		.cfi_endproc
 2780              	.LFE14:
 2781              		.size	UART_SetRxAddress1, .-UART_SetRxAddress1
 2782              		.section	.text.UART_SetRxAddress2,"ax",%progbits
 2783              		.align	2
 2784              		.global	UART_SetRxAddress2
 2785              		.thumb
 2786              		.thumb_func
 2787              		.type	UART_SetRxAddress2, %function
 2788              	UART_SetRxAddress2:
 2789              	.LFB15:
 860:Generated_Source\PSoC5/UART.c ****     }
ARM GAS  C:\Users\elias\AppData\Local\Temp\cc0Or0pr.s 			page 158


 861:Generated_Source\PSoC5/UART.c **** 
 862:Generated_Source\PSoC5/UART.c **** 
 863:Generated_Source\PSoC5/UART.c ****     /*******************************************************************************
 864:Generated_Source\PSoC5/UART.c ****     * Function Name: UART_SetRxAddress2
 865:Generated_Source\PSoC5/UART.c ****     ********************************************************************************
 866:Generated_Source\PSoC5/UART.c ****     *
 867:Generated_Source\PSoC5/UART.c ****     * Summary:
 868:Generated_Source\PSoC5/UART.c ****     *  Sets the second of two hardware-detectable receiver addresses.
 869:Generated_Source\PSoC5/UART.c ****     *
 870:Generated_Source\PSoC5/UART.c ****     * Parameters:
 871:Generated_Source\PSoC5/UART.c ****     *  address: Address #2 for hardware address detection.
 872:Generated_Source\PSoC5/UART.c ****     *
 873:Generated_Source\PSoC5/UART.c ****     * Return:
 874:Generated_Source\PSoC5/UART.c ****     *  None.
 875:Generated_Source\PSoC5/UART.c ****     *
 876:Generated_Source\PSoC5/UART.c ****     *******************************************************************************/
 877:Generated_Source\PSoC5/UART.c ****     void UART_SetRxAddress2(uint8 address) 
 878:Generated_Source\PSoC5/UART.c ****     {
 2790              		.loc 1 878 0
 2791              		.cfi_startproc
 2792              		@ args = 0, pretend = 0, frame = 0
 2793              		@ frame_needed = 0, uses_anonymous_args = 0
 2794              		@ link register save eliminated.
 2795              	.LVL60:
 879:Generated_Source\PSoC5/UART.c ****         UART_RXADDRESS2_REG = address;
 2796              		.loc 1 879 0
 2797 0000 014B     		ldr	r3, .L83
 2798 0002 1870     		strb	r0, [r3]
 2799 0004 7047     		bx	lr
 2800              	.L84:
 2801 0006 00BF     		.align	2
 2802              	.L83:
 2803 0008 39640040 		.word	1073767481
 2804              		.cfi_endproc
 2805              	.LFE15:
 2806              		.size	UART_SetRxAddress2, .-UART_SetRxAddress2
 2807              		.section	.text.UART_SetTxInterruptMode,"ax",%progbits
 2808              		.align	2
 2809              		.global	UART_SetTxInterruptMode
 2810              		.thumb
 2811              		.thumb_func
 2812              		.type	UART_SetTxInterruptMode, %function
 2813              	UART_SetTxInterruptMode:
 2814              	.LFB16:
 880:Generated_Source\PSoC5/UART.c ****     }
 881:Generated_Source\PSoC5/UART.c **** 
 882:Generated_Source\PSoC5/UART.c **** #endif  /* UART_RX_ENABLED || UART_HD_ENABLED*/
 883:Generated_Source\PSoC5/UART.c **** 
 884:Generated_Source\PSoC5/UART.c **** 
 885:Generated_Source\PSoC5/UART.c **** #if( (UART_TX_ENABLED) || (UART_HD_ENABLED) )
 886:Generated_Source\PSoC5/UART.c ****     /*******************************************************************************
 887:Generated_Source\PSoC5/UART.c ****     * Function Name: UART_SetTxInterruptMode
 888:Generated_Source\PSoC5/UART.c ****     ********************************************************************************
 889:Generated_Source\PSoC5/UART.c ****     *
 890:Generated_Source\PSoC5/UART.c ****     * Summary:
 891:Generated_Source\PSoC5/UART.c ****     *  Configures the TX interrupt sources to be enabled, but does not enable the
 892:Generated_Source\PSoC5/UART.c ****     *  interrupt.
ARM GAS  C:\Users\elias\AppData\Local\Temp\cc0Or0pr.s 			page 159


 893:Generated_Source\PSoC5/UART.c ****     *
 894:Generated_Source\PSoC5/UART.c ****     * Parameters:
 895:Generated_Source\PSoC5/UART.c ****     *  intSrc: Bit field containing the TX interrupt sources to enable
 896:Generated_Source\PSoC5/UART.c ****     *   UART_TX_STS_COMPLETE        Interrupt on TX byte complete
 897:Generated_Source\PSoC5/UART.c ****     *   UART_TX_STS_FIFO_EMPTY      Interrupt when TX FIFO is empty
 898:Generated_Source\PSoC5/UART.c ****     *   UART_TX_STS_FIFO_FULL       Interrupt when TX FIFO is full
 899:Generated_Source\PSoC5/UART.c ****     *   UART_TX_STS_FIFO_NOT_FULL   Interrupt when TX FIFO is not full
 900:Generated_Source\PSoC5/UART.c ****     *
 901:Generated_Source\PSoC5/UART.c ****     * Return:
 902:Generated_Source\PSoC5/UART.c ****     *  None.
 903:Generated_Source\PSoC5/UART.c ****     *
 904:Generated_Source\PSoC5/UART.c ****     * Theory:
 905:Generated_Source\PSoC5/UART.c ****     *  Enables the output of specific status bits to the interrupt controller
 906:Generated_Source\PSoC5/UART.c ****     *
 907:Generated_Source\PSoC5/UART.c ****     *******************************************************************************/
 908:Generated_Source\PSoC5/UART.c ****     void UART_SetTxInterruptMode(uint8 intSrc) 
 909:Generated_Source\PSoC5/UART.c ****     {
 2815              		.loc 1 909 0
 2816              		.cfi_startproc
 2817              		@ args = 0, pretend = 0, frame = 0
 2818              		@ frame_needed = 0, uses_anonymous_args = 0
 2819              		@ link register save eliminated.
 2820              	.LVL61:
 910:Generated_Source\PSoC5/UART.c ****         UART_TXSTATUS_MASK_REG = intSrc;
 2821              		.loc 1 910 0
 2822 0000 014B     		ldr	r3, .L86
 2823 0002 1870     		strb	r0, [r3]
 2824 0004 7047     		bx	lr
 2825              	.L87:
 2826 0006 00BF     		.align	2
 2827              	.L86:
 2828 0008 8F640040 		.word	1073767567
 2829              		.cfi_endproc
 2830              	.LFE16:
 2831              		.size	UART_SetTxInterruptMode, .-UART_SetTxInterruptMode
 2832              		.section	.text.UART_WriteTxData,"ax",%progbits
 2833              		.align	2
 2834              		.global	UART_WriteTxData
 2835              		.thumb
 2836              		.thumb_func
 2837              		.type	UART_WriteTxData, %function
 2838              	UART_WriteTxData:
 2839              	.LFB17:
 911:Generated_Source\PSoC5/UART.c ****     }
 912:Generated_Source\PSoC5/UART.c **** 
 913:Generated_Source\PSoC5/UART.c **** 
 914:Generated_Source\PSoC5/UART.c ****     /*******************************************************************************
 915:Generated_Source\PSoC5/UART.c ****     * Function Name: UART_WriteTxData
 916:Generated_Source\PSoC5/UART.c ****     ********************************************************************************
 917:Generated_Source\PSoC5/UART.c ****     *
 918:Generated_Source\PSoC5/UART.c ****     * Summary:
 919:Generated_Source\PSoC5/UART.c ****     *  Places a byte of data into the transmit buffer to be sent when the bus is
 920:Generated_Source\PSoC5/UART.c ****     *  available without checking the TX status register. You must check status
 921:Generated_Source\PSoC5/UART.c ****     *  separately.
 922:Generated_Source\PSoC5/UART.c ****     *
 923:Generated_Source\PSoC5/UART.c ****     * Parameters:
 924:Generated_Source\PSoC5/UART.c ****     *  txDataByte: data byte
ARM GAS  C:\Users\elias\AppData\Local\Temp\cc0Or0pr.s 			page 160


 925:Generated_Source\PSoC5/UART.c ****     *
 926:Generated_Source\PSoC5/UART.c ****     * Return:
 927:Generated_Source\PSoC5/UART.c ****     * None.
 928:Generated_Source\PSoC5/UART.c ****     *
 929:Generated_Source\PSoC5/UART.c ****     * Global Variables:
 930:Generated_Source\PSoC5/UART.c ****     *  UART_txBuffer - RAM buffer pointer for save data for transmission
 931:Generated_Source\PSoC5/UART.c ****     *  UART_txBufferWrite - cyclic index for write to txBuffer,
 932:Generated_Source\PSoC5/UART.c ****     *    incremented after each byte saved to buffer.
 933:Generated_Source\PSoC5/UART.c ****     *  UART_txBufferRead - cyclic index for read from txBuffer,
 934:Generated_Source\PSoC5/UART.c ****     *    checked to identify the condition to write to FIFO directly or to TX buffer
 935:Generated_Source\PSoC5/UART.c ****     *  UART_initVar - checked to identify that the component has been
 936:Generated_Source\PSoC5/UART.c ****     *    initialized.
 937:Generated_Source\PSoC5/UART.c ****     *
 938:Generated_Source\PSoC5/UART.c ****     * Reentrant:
 939:Generated_Source\PSoC5/UART.c ****     *  No.
 940:Generated_Source\PSoC5/UART.c ****     *
 941:Generated_Source\PSoC5/UART.c ****     *******************************************************************************/
 942:Generated_Source\PSoC5/UART.c ****     void UART_WriteTxData(uint8 txDataByte) 
 943:Generated_Source\PSoC5/UART.c ****     {
 2840              		.loc 1 943 0
 2841              		.cfi_startproc
 2842              		@ args = 0, pretend = 0, frame = 0
 2843              		@ frame_needed = 0, uses_anonymous_args = 0
 2844              		@ link register save eliminated.
 2845              	.LVL62:
 2846 0000 10B4     		push	{r4}
 2847              		.cfi_def_cfa_offset 4
 2848              		.cfi_offset 4, -4
 944:Generated_Source\PSoC5/UART.c ****         /* If not Initialized then skip this function*/
 945:Generated_Source\PSoC5/UART.c ****         if(UART_initVar != 0u)
 2849              		.loc 1 945 0
 2850 0002 104B     		ldr	r3, .L99
 2851 0004 1A78     		ldrb	r2, [r3]	@ zero_extendqisi2
 2852 0006 9AB1     		cbz	r2, .L88
 2853              	.LVL63:
 2854              	.LBB27:
 2855              	.LBB28:
 946:Generated_Source\PSoC5/UART.c ****         {
 947:Generated_Source\PSoC5/UART.c ****         #if (UART_TX_INTERRUPT_ENABLED)
 948:Generated_Source\PSoC5/UART.c **** 
 949:Generated_Source\PSoC5/UART.c ****             /* Protect variables that could change on interrupt. */
 950:Generated_Source\PSoC5/UART.c ****             UART_DisableTxInt();
 2856              		.loc 1 950 0
 2857 0008 0F4A     		ldr	r2, .L99+4
 2858 000a 0221     		movs	r1, #2
 2859 000c 1160     		str	r1, [r2]
 951:Generated_Source\PSoC5/UART.c **** 
 952:Generated_Source\PSoC5/UART.c ****             if( (UART_txBufferRead == UART_txBufferWrite) &&
 2860              		.loc 1 952 0
 2861 000e 9979     		ldrb	r1, [r3, #6]	@ zero_extendqisi2
 2862 0010 DA79     		ldrb	r2, [r3, #7]	@ zero_extendqisi2
 2863 0012 9142     		cmp	r1, r2
 2864 0014 0ED0     		beq	.L98
 2865              	.L90:
 953:Generated_Source\PSoC5/UART.c ****                 ((UART_TXSTATUS_REG & UART_TX_STS_FIFO_FULL) == 0u) )
 954:Generated_Source\PSoC5/UART.c ****             {
 955:Generated_Source\PSoC5/UART.c ****                 /* Add directly to the FIFO. */
ARM GAS  C:\Users\elias\AppData\Local\Temp\cc0Or0pr.s 			page 161


 956:Generated_Source\PSoC5/UART.c ****                 UART_TXDATA_REG = txDataByte;
 957:Generated_Source\PSoC5/UART.c ****             }
 958:Generated_Source\PSoC5/UART.c ****             else
 959:Generated_Source\PSoC5/UART.c ****             {
 960:Generated_Source\PSoC5/UART.c ****                 if(UART_txBufferWrite >= UART_TX_BUFFER_SIZE)
 2866              		.loc 1 960 0
 2867 0016 1106     		lsls	r1, r2, #24
 2868 0018 58BF     		it	pl
 2869 001a 511C     		addpl	r1, r2, #1
 961:Generated_Source\PSoC5/UART.c ****                 {
 962:Generated_Source\PSoC5/UART.c ****                     UART_txBufferWrite = 0u;
 963:Generated_Source\PSoC5/UART.c ****                 }
 964:Generated_Source\PSoC5/UART.c **** 
 965:Generated_Source\PSoC5/UART.c ****                 UART_txBuffer[UART_txBufferWrite] = txDataByte;
 2870              		.loc 1 965 0
 2871 001c 0B4C     		ldr	r4, .L99+8
 2872 001e 52BF     		itee	pl
 2873 0020 C9B2     		uxtbpl	r1, r1
 960:Generated_Source\PSoC5/UART.c ****                 {
 2874              		.loc 1 960 0
 2875 0022 0121     		movmi	r1, #1
 2876 0024 0022     		movmi	r2, #0
 966:Generated_Source\PSoC5/UART.c **** 
 967:Generated_Source\PSoC5/UART.c ****                 /* Add to the software buffer. */
 968:Generated_Source\PSoC5/UART.c ****                 UART_txBufferWrite++;
 2877              		.loc 1 968 0
 2878 0026 D971     		strb	r1, [r3, #7]
 965:Generated_Source\PSoC5/UART.c **** 
 2879              		.loc 1 965 0
 2880 0028 A054     		strb	r0, [r4, r2]
 2881              	.L91:
 969:Generated_Source\PSoC5/UART.c ****             }
 970:Generated_Source\PSoC5/UART.c **** 
 971:Generated_Source\PSoC5/UART.c ****             UART_EnableTxInt();
 2882              		.loc 1 971 0
 2883 002a 094B     		ldr	r3, .L99+12
 2884 002c 0222     		movs	r2, #2
 2885 002e 1A60     		str	r2, [r3]
 2886              	.LVL64:
 2887              	.L88:
 2888              	.LBE28:
 2889              	.LBE27:
 972:Generated_Source\PSoC5/UART.c **** 
 973:Generated_Source\PSoC5/UART.c ****         #else
 974:Generated_Source\PSoC5/UART.c **** 
 975:Generated_Source\PSoC5/UART.c ****             /* Add directly to the FIFO. */
 976:Generated_Source\PSoC5/UART.c ****             UART_TXDATA_REG = txDataByte;
 977:Generated_Source\PSoC5/UART.c **** 
 978:Generated_Source\PSoC5/UART.c ****         #endif /*(UART_TX_INTERRUPT_ENABLED) */
 979:Generated_Source\PSoC5/UART.c ****         }
 980:Generated_Source\PSoC5/UART.c ****     }
 2890              		.loc 1 980 0
 2891 0030 10BC     		pop	{r4}
 2892              		.cfi_remember_state
 2893              		.cfi_restore 4
 2894              		.cfi_def_cfa_offset 0
 2895 0032 7047     		bx	lr
ARM GAS  C:\Users\elias\AppData\Local\Temp\cc0Or0pr.s 			page 162


 2896              	.LVL65:
 2897              	.L98:
 2898              		.cfi_restore_state
 2899              	.LBB30:
 2900              	.LBB29:
 953:Generated_Source\PSoC5/UART.c ****             {
 2901              		.loc 1 953 0
 2902 0034 0749     		ldr	r1, .L99+16
 2903 0036 0978     		ldrb	r1, [r1]	@ zero_extendqisi2
 952:Generated_Source\PSoC5/UART.c ****                 ((UART_TXSTATUS_REG & UART_TX_STS_FIFO_FULL) == 0u) )
 2904              		.loc 1 952 0
 2905 0038 4C07     		lsls	r4, r1, #29
 2906 003a ECD4     		bmi	.L90
 956:Generated_Source\PSoC5/UART.c ****             }
 2907              		.loc 1 956 0
 2908 003c 064B     		ldr	r3, .L99+20
 2909 003e 1870     		strb	r0, [r3]
 2910 0040 F3E7     		b	.L91
 2911              	.L100:
 2912 0042 00BF     		.align	2
 2913              	.L99:
 2914 0044 00000000 		.word	.LANCHOR0
 2915 0048 80E100E0 		.word	-536813184
 2916 004c 00000000 		.word	UART_txBuffer
 2917 0050 00E100E0 		.word	-536813312
 2918 0054 6F640040 		.word	1073767535
 2919 0058 4F640040 		.word	1073767503
 2920              	.LBE29:
 2921              	.LBE30:
 2922              		.cfi_endproc
 2923              	.LFE17:
 2924              		.size	UART_WriteTxData, .-UART_WriteTxData
 2925              		.section	.text.UART_ReadTxStatus,"ax",%progbits
 2926              		.align	2
 2927              		.global	UART_ReadTxStatus
 2928              		.thumb
 2929              		.thumb_func
 2930              		.type	UART_ReadTxStatus, %function
 2931              	UART_ReadTxStatus:
 2932              	.LFB18:
 981:Generated_Source\PSoC5/UART.c **** 
 982:Generated_Source\PSoC5/UART.c **** 
 983:Generated_Source\PSoC5/UART.c ****     /*******************************************************************************
 984:Generated_Source\PSoC5/UART.c ****     * Function Name: UART_ReadTxStatus
 985:Generated_Source\PSoC5/UART.c ****     ********************************************************************************
 986:Generated_Source\PSoC5/UART.c ****     *
 987:Generated_Source\PSoC5/UART.c ****     * Summary:
 988:Generated_Source\PSoC5/UART.c ****     *  Reads the status register for the TX portion of the UART.
 989:Generated_Source\PSoC5/UART.c ****     *
 990:Generated_Source\PSoC5/UART.c ****     * Parameters:
 991:Generated_Source\PSoC5/UART.c ****     *  None.
 992:Generated_Source\PSoC5/UART.c ****     *
 993:Generated_Source\PSoC5/UART.c ****     * Return:
 994:Generated_Source\PSoC5/UART.c ****     *  Contents of the status register
 995:Generated_Source\PSoC5/UART.c ****     *
 996:Generated_Source\PSoC5/UART.c ****     * Theory:
 997:Generated_Source\PSoC5/UART.c ****     *  This function reads the TX status register, which is cleared on read.
ARM GAS  C:\Users\elias\AppData\Local\Temp\cc0Or0pr.s 			page 163


 998:Generated_Source\PSoC5/UART.c ****     *  It is up to the user to handle all bits in this return value accordingly,
 999:Generated_Source\PSoC5/UART.c ****     *  even if the bit was not enabled as an interrupt source the event happened
1000:Generated_Source\PSoC5/UART.c ****     *  and must be handled accordingly.
1001:Generated_Source\PSoC5/UART.c ****     *
1002:Generated_Source\PSoC5/UART.c ****     *******************************************************************************/
1003:Generated_Source\PSoC5/UART.c ****     uint8 UART_ReadTxStatus(void) 
1004:Generated_Source\PSoC5/UART.c ****     {
 2933              		.loc 1 1004 0
 2934              		.cfi_startproc
 2935              		@ args = 0, pretend = 0, frame = 0
 2936              		@ frame_needed = 0, uses_anonymous_args = 0
 2937              		@ link register save eliminated.
1005:Generated_Source\PSoC5/UART.c ****         return(UART_TXSTATUS_REG);
 2938              		.loc 1 1005 0
 2939 0000 014B     		ldr	r3, .L102
 2940 0002 1878     		ldrb	r0, [r3]	@ zero_extendqisi2
1006:Generated_Source\PSoC5/UART.c ****     }
 2941              		.loc 1 1006 0
 2942 0004 7047     		bx	lr
 2943              	.L103:
 2944 0006 00BF     		.align	2
 2945              	.L102:
 2946 0008 6F640040 		.word	1073767535
 2947              		.cfi_endproc
 2948              	.LFE18:
 2949              		.size	UART_ReadTxStatus, .-UART_ReadTxStatus
 2950              		.section	.text.UART_PutChar,"ax",%progbits
 2951              		.align	2
 2952              		.global	UART_PutChar
 2953              		.thumb
 2954              		.thumb_func
 2955              		.type	UART_PutChar, %function
 2956              	UART_PutChar:
 2957              	.LFB19:
1007:Generated_Source\PSoC5/UART.c **** 
1008:Generated_Source\PSoC5/UART.c **** 
1009:Generated_Source\PSoC5/UART.c ****     /*******************************************************************************
1010:Generated_Source\PSoC5/UART.c ****     * Function Name: UART_PutChar
1011:Generated_Source\PSoC5/UART.c ****     ********************************************************************************
1012:Generated_Source\PSoC5/UART.c ****     *
1013:Generated_Source\PSoC5/UART.c ****     * Summary:
1014:Generated_Source\PSoC5/UART.c ****     *  Puts a byte of data into the transmit buffer to be sent when the bus is
1015:Generated_Source\PSoC5/UART.c ****     *  available. This is a blocking API that waits until the TX buffer has room to
1016:Generated_Source\PSoC5/UART.c ****     *  hold the data.
1017:Generated_Source\PSoC5/UART.c ****     *
1018:Generated_Source\PSoC5/UART.c ****     * Parameters:
1019:Generated_Source\PSoC5/UART.c ****     *  txDataByte: Byte containing the data to transmit
1020:Generated_Source\PSoC5/UART.c ****     *
1021:Generated_Source\PSoC5/UART.c ****     * Return:
1022:Generated_Source\PSoC5/UART.c ****     *  None.
1023:Generated_Source\PSoC5/UART.c ****     *
1024:Generated_Source\PSoC5/UART.c ****     * Global Variables:
1025:Generated_Source\PSoC5/UART.c ****     *  UART_txBuffer - RAM buffer pointer for save data for transmission
1026:Generated_Source\PSoC5/UART.c ****     *  UART_txBufferWrite - cyclic index for write to txBuffer,
1027:Generated_Source\PSoC5/UART.c ****     *     checked to identify free space in txBuffer and incremented after each byte
1028:Generated_Source\PSoC5/UART.c ****     *     saved to buffer.
1029:Generated_Source\PSoC5/UART.c ****     *  UART_txBufferRead - cyclic index for read from txBuffer,
ARM GAS  C:\Users\elias\AppData\Local\Temp\cc0Or0pr.s 			page 164


1030:Generated_Source\PSoC5/UART.c ****     *     checked to identify free space in txBuffer.
1031:Generated_Source\PSoC5/UART.c ****     *  UART_initVar - checked to identify that the component has been
1032:Generated_Source\PSoC5/UART.c ****     *     initialized.
1033:Generated_Source\PSoC5/UART.c ****     *
1034:Generated_Source\PSoC5/UART.c ****     * Reentrant:
1035:Generated_Source\PSoC5/UART.c ****     *  No.
1036:Generated_Source\PSoC5/UART.c ****     *
1037:Generated_Source\PSoC5/UART.c ****     * Theory:
1038:Generated_Source\PSoC5/UART.c ****     *  Allows the user to transmit any byte of data in a single transfer
1039:Generated_Source\PSoC5/UART.c ****     *
1040:Generated_Source\PSoC5/UART.c ****     *******************************************************************************/
1041:Generated_Source\PSoC5/UART.c ****     void UART_PutChar(uint8 txDataByte) 
1042:Generated_Source\PSoC5/UART.c ****     {
 2958              		.loc 1 1042 0
 2959              		.cfi_startproc
 2960              		@ args = 0, pretend = 0, frame = 0
 2961              		@ frame_needed = 0, uses_anonymous_args = 0
 2962              		@ link register save eliminated.
 2963              	.LVL66:
 2964 0000 70B4     		push	{r4, r5, r6}
 2965              		.cfi_def_cfa_offset 12
 2966              		.cfi_offset 4, -12
 2967              		.cfi_offset 5, -8
 2968              		.cfi_offset 6, -4
 2969 0002 194D     		ldr	r5, .L116
 2970 0004 EC79     		ldrb	r4, [r5, #7]	@ zero_extendqisi2
 2971              	.L105:
1043:Generated_Source\PSoC5/UART.c ****     #if (UART_TX_INTERRUPT_ENABLED)
1044:Generated_Source\PSoC5/UART.c ****         /* The temporary output pointer is used since it takes two instructions
1045:Generated_Source\PSoC5/UART.c ****         *  to increment with a wrap, and we can't risk doing that with the real
1046:Generated_Source\PSoC5/UART.c ****         *  pointer and getting an interrupt in between instructions.
1047:Generated_Source\PSoC5/UART.c ****         */
1048:Generated_Source\PSoC5/UART.c ****         uint8 locTxBufferWrite;
1049:Generated_Source\PSoC5/UART.c ****         uint8 locTxBufferRead;
1050:Generated_Source\PSoC5/UART.c **** 
1051:Generated_Source\PSoC5/UART.c ****         do
1052:Generated_Source\PSoC5/UART.c ****         { /* Block if software buffer is full, so we don't overwrite. */
1053:Generated_Source\PSoC5/UART.c **** 
1054:Generated_Source\PSoC5/UART.c ****         #if ((UART_TX_BUFFER_SIZE > UART_MAX_BYTE_VALUE) && (CY_PSOC3))
1055:Generated_Source\PSoC5/UART.c ****             /* Disable TX interrupt to protect variables from modification */
1056:Generated_Source\PSoC5/UART.c ****             UART_DisableTxInt();
1057:Generated_Source\PSoC5/UART.c ****         #endif /* (UART_TX_BUFFER_SIZE > UART_MAX_BYTE_VALUE) && (CY_PSOC3) */
1058:Generated_Source\PSoC5/UART.c **** 
1059:Generated_Source\PSoC5/UART.c ****             locTxBufferWrite = UART_txBufferWrite;
1060:Generated_Source\PSoC5/UART.c ****             locTxBufferRead  = UART_txBufferRead;
 2972              		.loc 1 1060 0
 2973 0006 AB79     		ldrb	r3, [r5, #6]	@ zero_extendqisi2
1061:Generated_Source\PSoC5/UART.c **** 
1062:Generated_Source\PSoC5/UART.c ****         #if ((UART_TX_BUFFER_SIZE > UART_MAX_BYTE_VALUE) && (CY_PSOC3))
1063:Generated_Source\PSoC5/UART.c ****             /* Enable interrupt to continue transmission */
1064:Generated_Source\PSoC5/UART.c ****             UART_EnableTxInt();
1065:Generated_Source\PSoC5/UART.c ****         #endif /* (UART_TX_BUFFER_SIZE > UART_MAX_BYTE_VALUE) && (CY_PSOC3) */
1066:Generated_Source\PSoC5/UART.c ****         }
1067:Generated_Source\PSoC5/UART.c ****         while( (locTxBufferWrite < locTxBufferRead) ? (locTxBufferWrite == (locTxBufferRead - 1u)) 
1068:Generated_Source\PSoC5/UART.c ****                                 ((locTxBufferWrite - locTxBufferRead) ==
 2974              		.loc 1 1068 0
 2975 0008 2646     		mov	r6, r4
ARM GAS  C:\Users\elias\AppData\Local\Temp\cc0Or0pr.s 			page 165


1060:Generated_Source\PSoC5/UART.c **** 
 2976              		.loc 1 1060 0
 2977 000a DBB2     		uxtb	r3, r3
1069:Generated_Source\PSoC5/UART.c ****                                 (uint8)(UART_TX_BUFFER_SIZE - 1u)) );
 2978              		.loc 1 1069 0
 2979 000c 591E     		subs	r1, r3, #1
 2980 000e E21A     		subs	r2, r4, r3
 2981 0010 091B     		subs	r1, r1, r4
 2982 0012 A2F17F02 		sub	r2, #127
 2983 0016 B1FA81F1 		clz	r1, r1
 2984 001a B2FA82F2 		clz	r2, r2
 2985 001e 4909     		lsrs	r1, r1, #5
 2986 0020 5209     		lsrs	r2, r2, #5
 2987 0022 A342     		cmp	r3, r4
 2988 0024 88BF     		it	hi
 2989 0026 0A46     		movhi	r2, r1
 2990 0028 002A     		cmp	r2, #0
 2991 002a ECD1     		bne	.L105
1070:Generated_Source\PSoC5/UART.c **** 
1071:Generated_Source\PSoC5/UART.c ****         if( (locTxBufferRead == locTxBufferWrite) &&
 2992              		.loc 1 1071 0
 2993 002c A342     		cmp	r3, r4
 2994 002e 12D0     		beq	.L115
 2995              	.L106:
1072:Generated_Source\PSoC5/UART.c ****             ((UART_TXSTATUS_REG & UART_TX_STS_FIFO_FULL) == 0u) )
1073:Generated_Source\PSoC5/UART.c ****         {
1074:Generated_Source\PSoC5/UART.c ****             /* Add directly to the FIFO */
1075:Generated_Source\PSoC5/UART.c ****             UART_TXDATA_REG = txDataByte;
1076:Generated_Source\PSoC5/UART.c ****         }
1077:Generated_Source\PSoC5/UART.c ****         else
1078:Generated_Source\PSoC5/UART.c ****         {
1079:Generated_Source\PSoC5/UART.c ****             if(locTxBufferWrite >= UART_TX_BUFFER_SIZE)
 2996              		.loc 1 1079 0
 2997 0030 2206     		lsls	r2, r4, #24
1080:Generated_Source\PSoC5/UART.c ****             {
1081:Generated_Source\PSoC5/UART.c ****                 locTxBufferWrite = 0u;
1082:Generated_Source\PSoC5/UART.c ****             }
1083:Generated_Source\PSoC5/UART.c ****             /* Add to the software buffer. */
1084:Generated_Source\PSoC5/UART.c ****             UART_txBuffer[locTxBufferWrite] = txDataByte;
 2998              		.loc 1 1084 0
 2999 0032 0E4A     		ldr	r2, .L116+4
 3000 0034 48BF     		it	mi
 3001 0036 0026     		movmi	r6, #0
1085:Generated_Source\PSoC5/UART.c ****             locTxBufferWrite++;
1086:Generated_Source\PSoC5/UART.c **** 
1087:Generated_Source\PSoC5/UART.c ****             /* Finally, update the real output pointer */
1088:Generated_Source\PSoC5/UART.c ****         #if ((UART_TX_BUFFER_SIZE > UART_MAX_BYTE_VALUE) && (CY_PSOC3))
1089:Generated_Source\PSoC5/UART.c ****             UART_DisableTxInt();
1090:Generated_Source\PSoC5/UART.c ****         #endif /* (UART_TX_BUFFER_SIZE > UART_MAX_BYTE_VALUE) && (CY_PSOC3) */
1091:Generated_Source\PSoC5/UART.c **** 
1092:Generated_Source\PSoC5/UART.c ****             UART_txBufferWrite = locTxBufferWrite;
1093:Generated_Source\PSoC5/UART.c **** 
1094:Generated_Source\PSoC5/UART.c ****         #if ((UART_TX_BUFFER_SIZE > UART_MAX_BYTE_VALUE) && (CY_PSOC3))
1095:Generated_Source\PSoC5/UART.c ****             UART_EnableTxInt();
1096:Generated_Source\PSoC5/UART.c ****         #endif /* (UART_TX_BUFFER_SIZE > UART_MAX_BYTE_VALUE) && (CY_PSOC3) */
1097:Generated_Source\PSoC5/UART.c **** 
1098:Generated_Source\PSoC5/UART.c ****             if(0u != (UART_TXSTATUS_REG & UART_TX_STS_FIFO_EMPTY))
ARM GAS  C:\Users\elias\AppData\Local\Temp\cc0Or0pr.s 			page 166


 3002              		.loc 1 1098 0
 3003 0038 0D4B     		ldr	r3, .L116+8
1084:Generated_Source\PSoC5/UART.c ****             locTxBufferWrite++;
 3004              		.loc 1 1084 0
 3005 003a 9055     		strb	r0, [r2, r6]
 3006              		.loc 1 1098 0
 3007 003c 1B78     		ldrb	r3, [r3]	@ zero_extendqisi2
 3008 003e 5ABF     		itte	pl
 3009 0040 0134     		addpl	r4, r4, #1
 3010 0042 E4B2     		uxtbpl	r4, r4
 3011 0044 0124     		movmi	r4, #1
 3012 0046 9B07     		lsls	r3, r3, #30
1092:Generated_Source\PSoC5/UART.c **** 
 3013              		.loc 1 1092 0
 3014 0048 EC71     		strb	r4, [r5, #7]
 3015              		.loc 1 1098 0
 3016 004a 02D5     		bpl	.L104
1099:Generated_Source\PSoC5/UART.c ****             {
1100:Generated_Source\PSoC5/UART.c ****                 /* Trigger TX interrupt to send software buffer */
1101:Generated_Source\PSoC5/UART.c ****                 UART_SetPendingTxInt();
 3017              		.loc 1 1101 0
 3018 004c 094B     		ldr	r3, .L116+12
 3019 004e 0222     		movs	r2, #2
 3020 0050 1A60     		str	r2, [r3]
 3021              	.L104:
1102:Generated_Source\PSoC5/UART.c ****             }
1103:Generated_Source\PSoC5/UART.c ****         }
1104:Generated_Source\PSoC5/UART.c **** 
1105:Generated_Source\PSoC5/UART.c ****     #else
1106:Generated_Source\PSoC5/UART.c **** 
1107:Generated_Source\PSoC5/UART.c ****         while((UART_TXSTATUS_REG & UART_TX_STS_FIFO_FULL) != 0u)
1108:Generated_Source\PSoC5/UART.c ****         {
1109:Generated_Source\PSoC5/UART.c ****             /* Wait for room in the FIFO */
1110:Generated_Source\PSoC5/UART.c ****         }
1111:Generated_Source\PSoC5/UART.c **** 
1112:Generated_Source\PSoC5/UART.c ****         /* Add directly to the FIFO */
1113:Generated_Source\PSoC5/UART.c ****         UART_TXDATA_REG = txDataByte;
1114:Generated_Source\PSoC5/UART.c **** 
1115:Generated_Source\PSoC5/UART.c ****     #endif /* UART_TX_INTERRUPT_ENABLED */
1116:Generated_Source\PSoC5/UART.c ****     }
 3022              		.loc 1 1116 0
 3023 0052 70BC     		pop	{r4, r5, r6}
 3024              		.cfi_remember_state
 3025              		.cfi_restore 6
 3026              		.cfi_restore 5
 3027              		.cfi_restore 4
 3028              		.cfi_def_cfa_offset 0
 3029 0054 7047     		bx	lr
 3030              	.L115:
 3031              		.cfi_restore_state
1072:Generated_Source\PSoC5/UART.c ****         {
 3032              		.loc 1 1072 0 discriminator 1
 3033 0056 064B     		ldr	r3, .L116+8
 3034 0058 1B78     		ldrb	r3, [r3]	@ zero_extendqisi2
1071:Generated_Source\PSoC5/UART.c ****             ((UART_TXSTATUS_REG & UART_TX_STS_FIFO_FULL) == 0u) )
 3035              		.loc 1 1071 0 discriminator 1
 3036 005a 5907     		lsls	r1, r3, #29
ARM GAS  C:\Users\elias\AppData\Local\Temp\cc0Or0pr.s 			page 167


 3037 005c E8D4     		bmi	.L106
1075:Generated_Source\PSoC5/UART.c ****         }
 3038              		.loc 1 1075 0
 3039 005e 064B     		ldr	r3, .L116+16
 3040 0060 1870     		strb	r0, [r3]
 3041              		.loc 1 1116 0
 3042 0062 70BC     		pop	{r4, r5, r6}
 3043              		.cfi_restore 4
 3044              		.cfi_restore 5
 3045              		.cfi_restore 6
 3046              		.cfi_def_cfa_offset 0
 3047 0064 7047     		bx	lr
 3048              	.L117:
 3049 0066 00BF     		.align	2
 3050              	.L116:
 3051 0068 00000000 		.word	.LANCHOR0
 3052 006c 00000000 		.word	UART_txBuffer
 3053 0070 6F640040 		.word	1073767535
 3054 0074 00E200E0 		.word	-536813056
 3055 0078 4F640040 		.word	1073767503
 3056              		.cfi_endproc
 3057              	.LFE19:
 3058              		.size	UART_PutChar, .-UART_PutChar
 3059              		.section	.text.UART_PutString,"ax",%progbits
 3060              		.align	2
 3061              		.global	UART_PutString
 3062              		.thumb
 3063              		.thumb_func
 3064              		.type	UART_PutString, %function
 3065              	UART_PutString:
 3066              	.LFB20:
1117:Generated_Source\PSoC5/UART.c **** 
1118:Generated_Source\PSoC5/UART.c **** 
1119:Generated_Source\PSoC5/UART.c ****     /*******************************************************************************
1120:Generated_Source\PSoC5/UART.c ****     * Function Name: UART_PutString
1121:Generated_Source\PSoC5/UART.c ****     ********************************************************************************
1122:Generated_Source\PSoC5/UART.c ****     *
1123:Generated_Source\PSoC5/UART.c ****     * Summary:
1124:Generated_Source\PSoC5/UART.c ****     *  Sends a NULL terminated string to the TX buffer for transmission.
1125:Generated_Source\PSoC5/UART.c ****     *
1126:Generated_Source\PSoC5/UART.c ****     * Parameters:
1127:Generated_Source\PSoC5/UART.c ****     *  string[]: Pointer to the null terminated string array residing in RAM or ROM
1128:Generated_Source\PSoC5/UART.c ****     *
1129:Generated_Source\PSoC5/UART.c ****     * Return:
1130:Generated_Source\PSoC5/UART.c ****     *  None.
1131:Generated_Source\PSoC5/UART.c ****     *
1132:Generated_Source\PSoC5/UART.c ****     * Global Variables:
1133:Generated_Source\PSoC5/UART.c ****     *  UART_initVar - checked to identify that the component has been
1134:Generated_Source\PSoC5/UART.c ****     *     initialized.
1135:Generated_Source\PSoC5/UART.c ****     *
1136:Generated_Source\PSoC5/UART.c ****     * Reentrant:
1137:Generated_Source\PSoC5/UART.c ****     *  No.
1138:Generated_Source\PSoC5/UART.c ****     *
1139:Generated_Source\PSoC5/UART.c ****     * Theory:
1140:Generated_Source\PSoC5/UART.c ****     *  If there is not enough memory in the TX buffer for the entire string, this
1141:Generated_Source\PSoC5/UART.c ****     *  function blocks until the last character of the string is loaded into the
1142:Generated_Source\PSoC5/UART.c ****     *  TX buffer.
ARM GAS  C:\Users\elias\AppData\Local\Temp\cc0Or0pr.s 			page 168


1143:Generated_Source\PSoC5/UART.c ****     *
1144:Generated_Source\PSoC5/UART.c ****     *******************************************************************************/
1145:Generated_Source\PSoC5/UART.c ****     void UART_PutString(const char8 string[]) 
1146:Generated_Source\PSoC5/UART.c ****     {
 3067              		.loc 1 1146 0
 3068              		.cfi_startproc
 3069              		@ args = 0, pretend = 0, frame = 0
 3070              		@ frame_needed = 0, uses_anonymous_args = 0
 3071              	.LVL67:
1147:Generated_Source\PSoC5/UART.c ****         uint16 bufIndex = 0u;
1148:Generated_Source\PSoC5/UART.c **** 
1149:Generated_Source\PSoC5/UART.c ****         /* If not Initialized then skip this function */
1150:Generated_Source\PSoC5/UART.c ****         if(UART_initVar != 0u)
 3072              		.loc 1 1150 0
 3073 0000 2649     		ldr	r1, .L138
 3074 0002 0B78     		ldrb	r3, [r1]	@ zero_extendqisi2
 3075 0004 002B     		cmp	r3, #0
 3076 0006 48D0     		beq	.L136
 3077              	.LVL68:
1146:Generated_Source\PSoC5/UART.c ****         uint16 bufIndex = 0u;
 3078              		.loc 1 1146 0
 3079 0008 2DE9F04F 		push	{r4, r5, r6, r7, r8, r9, r10, fp, lr}
 3080              		.cfi_def_cfa_offset 36
 3081              		.cfi_offset 4, -36
 3082              		.cfi_offset 5, -32
 3083              		.cfi_offset 6, -28
 3084              		.cfi_offset 7, -24
 3085              		.cfi_offset 8, -20
 3086              		.cfi_offset 9, -16
 3087              		.cfi_offset 10, -12
 3088              		.cfi_offset 11, -8
 3089              		.cfi_offset 14, -4
 3090              	.LBB35:
 3091              	.LBB36:
1151:Generated_Source\PSoC5/UART.c ****         {
1152:Generated_Source\PSoC5/UART.c ****             /* This is a blocking function, it will not exit until all data is sent */
1153:Generated_Source\PSoC5/UART.c ****             while(string[bufIndex] != (char8) 0)
 3092              		.loc 1 1153 0
 3093 000c 0678     		ldrb	r6, [r0]	@ zero_extendqisi2
 3094 000e 002E     		cmp	r6, #0
 3095 0010 3BD0     		beq	.L118
 3096              	.LBB37:
 3097              	.LBB38:
1084:Generated_Source\PSoC5/UART.c ****             locTxBufferWrite++;
 3098              		.loc 1 1084 0
 3099 0012 DFF890E0 		ldr	lr, .L138+8
1098:Generated_Source\PSoC5/UART.c ****             {
 3100              		.loc 1 1098 0
 3101 0016 224F     		ldr	r7, .L138+4
1101:Generated_Source\PSoC5/UART.c ****             }
 3102              		.loc 1 1101 0
 3103 0018 DFF88C80 		ldr	r8, .L138+12
1075:Generated_Source\PSoC5/UART.c ****         }
 3104              		.loc 1 1075 0
 3105 001c DFF88C90 		ldr	r9, .L138+16
 3106              	.LBE38:
 3107              	.LBE37:
ARM GAS  C:\Users\elias\AppData\Local\Temp\cc0Or0pr.s 			page 169


 3108              		.loc 1 1153 0
 3109 0020 0025     		movs	r5, #0
 3110              	.LBB41:
 3111              	.LBB39:
1101:Generated_Source\PSoC5/UART.c ****             }
 3112              		.loc 1 1101 0
 3113 0022 4FF0020C 		mov	ip, #2
 3114              	.LVL69:
 3115              	.L125:
 3116 0026 91F807B0 		ldrb	fp, [r1, #7]	@ zero_extendqisi2
 3117              	.L121:
1060:Generated_Source\PSoC5/UART.c **** 
 3118              		.loc 1 1060 0
 3119 002a 8B79     		ldrb	r3, [r1, #6]	@ zero_extendqisi2
1068:Generated_Source\PSoC5/UART.c ****                                 (uint8)(UART_TX_BUFFER_SIZE - 1u)) );
 3120              		.loc 1 1068 0
 3121 002c 5C46     		mov	r4, fp
1060:Generated_Source\PSoC5/UART.c **** 
 3122              		.loc 1 1060 0
 3123 002e DBB2     		uxtb	r3, r3
1069:Generated_Source\PSoC5/UART.c **** 
 3124              		.loc 1 1069 0
 3125 0030 03F1FF3A 		add	r10, r3, #-1
 3126 0034 C3EB0B02 		rsb	r2, r3, fp
 3127 0038 CBEB0A0A 		rsb	r10, fp, r10
 3128 003c A2F17F02 		sub	r2, #127
 3129 0040 BAFA8AFA 		clz	r10, r10
 3130 0044 B2FA82F2 		clz	r2, r2
 3131 0048 4FEA5A1A 		lsr	r10, r10, #5
 3132 004c 5209     		lsrs	r2, r2, #5
 3133 004e 5B45     		cmp	r3, fp
 3134 0050 88BF     		it	hi
 3135 0052 5246     		movhi	r2, r10
 3136 0054 002A     		cmp	r2, #0
 3137 0056 E8D1     		bne	.L121
1071:Generated_Source\PSoC5/UART.c ****             ((UART_TXSTATUS_REG & UART_TX_STS_FIFO_FULL) == 0u) )
 3138              		.loc 1 1071 0
 3139 0058 5B45     		cmp	r3, fp
 3140 005a 18D0     		beq	.L137
 3141              	.L122:
1079:Generated_Source\PSoC5/UART.c ****             {
 3142              		.loc 1 1079 0
 3143 005c 1BF0800F 		tst	fp, #128
 3144 0060 18BF     		it	ne
 3145 0062 0024     		movne	r4, #0
1084:Generated_Source\PSoC5/UART.c ****             locTxBufferWrite++;
 3146              		.loc 1 1084 0
 3147 0064 0EF80460 		strb	r6, [lr, r4]
 3148 0068 08BF     		it	eq
 3149 006a 0BF10103 		addeq	r3, fp, #1
1098:Generated_Source\PSoC5/UART.c ****             {
 3150              		.loc 1 1098 0
 3151 006e 3A78     		ldrb	r2, [r7]	@ zero_extendqisi2
 3152 0070 0CBF     		ite	eq
 3153 0072 DBB2     		uxtbeq	r3, r3
1079:Generated_Source\PSoC5/UART.c ****             {
 3154              		.loc 1 1079 0
ARM GAS  C:\Users\elias\AppData\Local\Temp\cc0Or0pr.s 			page 170


 3155 0074 0123     		movne	r3, #1
1092:Generated_Source\PSoC5/UART.c **** 
 3156              		.loc 1 1092 0
 3157 0076 CB71     		strb	r3, [r1, #7]
1098:Generated_Source\PSoC5/UART.c ****             {
 3158              		.loc 1 1098 0
 3159 0078 9307     		lsls	r3, r2, #30
1101:Generated_Source\PSoC5/UART.c ****             }
 3160              		.loc 1 1101 0
 3161 007a 48BF     		it	mi
 3162 007c C8F800C0 		strmi	ip, [r8]
 3163              	.L123:
 3164              	.LBE39:
 3165              	.LBE41:
1154:Generated_Source\PSoC5/UART.c ****             {
1155:Generated_Source\PSoC5/UART.c ****                 UART_PutChar((uint8)string[bufIndex]);
1156:Generated_Source\PSoC5/UART.c ****                 bufIndex++;
 3166              		.loc 1 1156 0
 3167 0080 0135     		adds	r5, r5, #1
 3168              	.LVL70:
 3169 0082 ADB2     		uxth	r5, r5
 3170              	.LVL71:
1153:Generated_Source\PSoC5/UART.c ****             {
 3171              		.loc 1 1153 0
 3172 0084 465D     		ldrb	r6, [r0, r5]	@ zero_extendqisi2
 3173 0086 002E     		cmp	r6, #0
 3174 0088 CDD1     		bne	.L125
 3175              	.LVL72:
 3176              	.L118:
 3177 008a BDE8F08F 		pop	{r4, r5, r6, r7, r8, r9, r10, fp, pc}
 3178              	.LVL73:
 3179              	.L137:
 3180              	.LBB42:
 3181              	.LBB40:
1072:Generated_Source\PSoC5/UART.c ****         {
 3182              		.loc 1 1072 0
 3183 008e 3B78     		ldrb	r3, [r7]	@ zero_extendqisi2
1071:Generated_Source\PSoC5/UART.c ****             ((UART_TXSTATUS_REG & UART_TX_STS_FIFO_FULL) == 0u) )
 3184              		.loc 1 1071 0
 3185 0090 5A07     		lsls	r2, r3, #29
 3186 0092 E3D4     		bmi	.L122
1075:Generated_Source\PSoC5/UART.c ****         }
 3187              		.loc 1 1075 0
 3188 0094 89F80060 		strb	r6, [r9]
 3189 0098 F2E7     		b	.L123
 3190              	.LVL74:
 3191              	.L136:
 3192              		.cfi_def_cfa_offset 0
 3193              		.cfi_restore 4
 3194              		.cfi_restore 5
 3195              		.cfi_restore 6
 3196              		.cfi_restore 7
 3197              		.cfi_restore 8
 3198              		.cfi_restore 9
 3199              		.cfi_restore 10
 3200              		.cfi_restore 11
 3201              		.cfi_restore 14
ARM GAS  C:\Users\elias\AppData\Local\Temp\cc0Or0pr.s 			page 171


 3202 009a 7047     		bx	lr
 3203              	.L139:
 3204              		.align	2
 3205              	.L138:
 3206 009c 00000000 		.word	.LANCHOR0
 3207 00a0 6F640040 		.word	1073767535
 3208 00a4 00000000 		.word	UART_txBuffer
 3209 00a8 00E200E0 		.word	-536813056
 3210 00ac 4F640040 		.word	1073767503
 3211              	.LBE40:
 3212              	.LBE42:
 3213              	.LBE36:
 3214              	.LBE35:
 3215              		.cfi_endproc
 3216              	.LFE20:
 3217              		.size	UART_PutString, .-UART_PutString
 3218              		.section	.text.UART_PutArray,"ax",%progbits
 3219              		.align	2
 3220              		.global	UART_PutArray
 3221              		.thumb
 3222              		.thumb_func
 3223              		.type	UART_PutArray, %function
 3224              	UART_PutArray:
 3225              	.LFB21:
1157:Generated_Source\PSoC5/UART.c ****             }
1158:Generated_Source\PSoC5/UART.c ****         }
1159:Generated_Source\PSoC5/UART.c ****     }
1160:Generated_Source\PSoC5/UART.c **** 
1161:Generated_Source\PSoC5/UART.c **** 
1162:Generated_Source\PSoC5/UART.c ****     /*******************************************************************************
1163:Generated_Source\PSoC5/UART.c ****     * Function Name: UART_PutArray
1164:Generated_Source\PSoC5/UART.c ****     ********************************************************************************
1165:Generated_Source\PSoC5/UART.c ****     *
1166:Generated_Source\PSoC5/UART.c ****     * Summary:
1167:Generated_Source\PSoC5/UART.c ****     *  Places N bytes of data from a memory array into the TX buffer for
1168:Generated_Source\PSoC5/UART.c ****     *  transmission.
1169:Generated_Source\PSoC5/UART.c ****     *
1170:Generated_Source\PSoC5/UART.c ****     * Parameters:
1171:Generated_Source\PSoC5/UART.c ****     *  string[]: Address of the memory array residing in RAM or ROM.
1172:Generated_Source\PSoC5/UART.c ****     *  byteCount: Number of bytes to be transmitted. The type depends on TX Buffer
1173:Generated_Source\PSoC5/UART.c ****     *             Size parameter.
1174:Generated_Source\PSoC5/UART.c ****     *
1175:Generated_Source\PSoC5/UART.c ****     * Return:
1176:Generated_Source\PSoC5/UART.c ****     *  None.
1177:Generated_Source\PSoC5/UART.c ****     *
1178:Generated_Source\PSoC5/UART.c ****     * Global Variables:
1179:Generated_Source\PSoC5/UART.c ****     *  UART_initVar - checked to identify that the component has been
1180:Generated_Source\PSoC5/UART.c ****     *     initialized.
1181:Generated_Source\PSoC5/UART.c ****     *
1182:Generated_Source\PSoC5/UART.c ****     * Reentrant:
1183:Generated_Source\PSoC5/UART.c ****     *  No.
1184:Generated_Source\PSoC5/UART.c ****     *
1185:Generated_Source\PSoC5/UART.c ****     * Theory:
1186:Generated_Source\PSoC5/UART.c ****     *  If there is not enough memory in the TX buffer for the entire string, this
1187:Generated_Source\PSoC5/UART.c ****     *  function blocks until the last character of the string is loaded into the
1188:Generated_Source\PSoC5/UART.c ****     *  TX buffer.
1189:Generated_Source\PSoC5/UART.c ****     *
ARM GAS  C:\Users\elias\AppData\Local\Temp\cc0Or0pr.s 			page 172


1190:Generated_Source\PSoC5/UART.c ****     *******************************************************************************/
1191:Generated_Source\PSoC5/UART.c ****     void UART_PutArray(const uint8 string[], uint8 byteCount)
1192:Generated_Source\PSoC5/UART.c ****                                                                     
1193:Generated_Source\PSoC5/UART.c ****     {
 3226              		.loc 1 1193 0
 3227              		.cfi_startproc
 3228              		@ args = 0, pretend = 0, frame = 0
 3229              		@ frame_needed = 0, uses_anonymous_args = 0
 3230              	.LVL75:
 3231 0000 2DE9F04F 		push	{r4, r5, r6, r7, r8, r9, r10, fp, lr}
 3232              		.cfi_def_cfa_offset 36
 3233              		.cfi_offset 4, -36
 3234              		.cfi_offset 5, -32
 3235              		.cfi_offset 6, -28
 3236              		.cfi_offset 7, -24
 3237              		.cfi_offset 8, -20
 3238              		.cfi_offset 9, -16
 3239              		.cfi_offset 10, -12
 3240              		.cfi_offset 11, -8
 3241              		.cfi_offset 14, -4
1194:Generated_Source\PSoC5/UART.c ****         uint8 bufIndex = 0u;
1195:Generated_Source\PSoC5/UART.c **** 
1196:Generated_Source\PSoC5/UART.c ****         /* If not Initialized then skip this function */
1197:Generated_Source\PSoC5/UART.c ****         if(UART_initVar != 0u)
 3242              		.loc 1 1197 0
 3243 0004 254C     		ldr	r4, .L159
 3244 0006 2378     		ldrb	r3, [r4]	@ zero_extendqisi2
 3245 0008 002B     		cmp	r3, #0
 3246 000a 3FD0     		beq	.L140
 3247              	.LVL76:
 3248              	.LBB47:
 3249              	.LBB48:
1198:Generated_Source\PSoC5/UART.c ****         {
1199:Generated_Source\PSoC5/UART.c ****             while(bufIndex < byteCount)
 3250              		.loc 1 1199 0
 3251 000c 0029     		cmp	r1, #0
 3252 000e 3DD0     		beq	.L140
 3253 0010 4E1E     		subs	r6, r1, #1
 3254 0012 F6B2     		uxtb	r6, r6
 3255              	.LBB49:
 3256              	.LBB50:
1084:Generated_Source\PSoC5/UART.c ****             locTxBufferWrite++;
 3257              		.loc 1 1084 0
 3258 0014 DFF88CE0 		ldr	lr, .L159+8
1098:Generated_Source\PSoC5/UART.c ****             {
 3259              		.loc 1 1098 0
 3260 0018 214F     		ldr	r7, .L159+4
1101:Generated_Source\PSoC5/UART.c ****             }
 3261              		.loc 1 1101 0
 3262 001a DFF88C80 		ldr	r8, .L159+12
1075:Generated_Source\PSoC5/UART.c ****         }
 3263              		.loc 1 1075 0
 3264 001e DFF88C90 		ldr	r9, .L159+16
 3265 0022 0644     		add	r6, r6, r0
1101:Generated_Source\PSoC5/UART.c ****             }
 3266              		.loc 1 1101 0
 3267 0024 4FF0020C 		mov	ip, #2
ARM GAS  C:\Users\elias\AppData\Local\Temp\cc0Or0pr.s 			page 173


 3268 0028 0138     		subs	r0, r0, #1
 3269              	.LVL77:
 3270              	.L147:
 3271              	.LBE50:
 3272              	.LBE49:
1200:Generated_Source\PSoC5/UART.c ****             {
1201:Generated_Source\PSoC5/UART.c ****                 UART_PutChar(string[bufIndex]);
 3273              		.loc 1 1201 0
 3274 002a 10F8015F 		ldrb	r5, [r0, #1]!	@ zero_extendqisi2
 3275              	.LVL78:
 3276 002e 94F807B0 		ldrb	fp, [r4, #7]	@ zero_extendqisi2
 3277              	.L143:
 3278              	.LBB53:
 3279              	.LBB51:
1060:Generated_Source\PSoC5/UART.c **** 
 3280              		.loc 1 1060 0
 3281 0032 A379     		ldrb	r3, [r4, #6]	@ zero_extendqisi2
1068:Generated_Source\PSoC5/UART.c ****                                 (uint8)(UART_TX_BUFFER_SIZE - 1u)) );
 3282              		.loc 1 1068 0
 3283 0034 5946     		mov	r1, fp
1060:Generated_Source\PSoC5/UART.c **** 
 3284              		.loc 1 1060 0
 3285 0036 DBB2     		uxtb	r3, r3
1069:Generated_Source\PSoC5/UART.c **** 
 3286              		.loc 1 1069 0
 3287 0038 03F1FF3A 		add	r10, r3, #-1
 3288 003c C3EB0B02 		rsb	r2, r3, fp
 3289 0040 CBEB0A0A 		rsb	r10, fp, r10
 3290 0044 A2F17F02 		sub	r2, #127
 3291 0048 BAFA8AFA 		clz	r10, r10
 3292 004c B2FA82F2 		clz	r2, r2
 3293 0050 4FEA5A1A 		lsr	r10, r10, #5
 3294 0054 5209     		lsrs	r2, r2, #5
 3295 0056 5B45     		cmp	r3, fp
 3296 0058 88BF     		it	hi
 3297 005a 5246     		movhi	r2, r10
 3298 005c 002A     		cmp	r2, #0
 3299 005e E8D1     		bne	.L143
1071:Generated_Source\PSoC5/UART.c ****             ((UART_TXSTATUS_REG & UART_TX_STS_FIFO_FULL) == 0u) )
 3300              		.loc 1 1071 0
 3301 0060 5B45     		cmp	r3, fp
 3302 0062 15D0     		beq	.L158
 3303              	.L144:
1079:Generated_Source\PSoC5/UART.c ****             {
 3304              		.loc 1 1079 0
 3305 0064 1BF0800F 		tst	fp, #128
 3306 0068 18BF     		it	ne
 3307 006a 0021     		movne	r1, #0
1084:Generated_Source\PSoC5/UART.c ****             locTxBufferWrite++;
 3308              		.loc 1 1084 0
 3309 006c 0EF80150 		strb	r5, [lr, r1]
 3310 0070 08BF     		it	eq
 3311 0072 0BF10103 		addeq	r3, fp, #1
1098:Generated_Source\PSoC5/UART.c ****             {
 3312              		.loc 1 1098 0
 3313 0076 3A78     		ldrb	r2, [r7]	@ zero_extendqisi2
 3314 0078 0CBF     		ite	eq
ARM GAS  C:\Users\elias\AppData\Local\Temp\cc0Or0pr.s 			page 174


 3315 007a DBB2     		uxtbeq	r3, r3
1079:Generated_Source\PSoC5/UART.c ****             {
 3316              		.loc 1 1079 0
 3317 007c 0123     		movne	r3, #1
1092:Generated_Source\PSoC5/UART.c **** 
 3318              		.loc 1 1092 0
 3319 007e E371     		strb	r3, [r4, #7]
1098:Generated_Source\PSoC5/UART.c ****             {
 3320              		.loc 1 1098 0
 3321 0080 9307     		lsls	r3, r2, #30
1101:Generated_Source\PSoC5/UART.c ****             }
 3322              		.loc 1 1101 0
 3323 0082 48BF     		it	mi
 3324 0084 C8F800C0 		strmi	ip, [r8]
 3325              	.L145:
 3326              	.LVL79:
 3327              	.LBE51:
 3328              	.LBE53:
1199:Generated_Source\PSoC5/UART.c ****             {
 3329              		.loc 1 1199 0
 3330 0088 8642     		cmp	r6, r0
 3331 008a CED1     		bne	.L147
 3332              	.LVL80:
 3333              	.L140:
 3334 008c BDE8F08F 		pop	{r4, r5, r6, r7, r8, r9, r10, fp, pc}
 3335              	.LVL81:
 3336              	.L158:
 3337              	.LBB54:
 3338              	.LBB52:
1072:Generated_Source\PSoC5/UART.c ****         {
 3339              		.loc 1 1072 0
 3340 0090 3B78     		ldrb	r3, [r7]	@ zero_extendqisi2
1071:Generated_Source\PSoC5/UART.c ****             ((UART_TXSTATUS_REG & UART_TX_STS_FIFO_FULL) == 0u) )
 3341              		.loc 1 1071 0
 3342 0092 5A07     		lsls	r2, r3, #29
 3343 0094 E6D4     		bmi	.L144
1075:Generated_Source\PSoC5/UART.c ****         }
 3344              		.loc 1 1075 0
 3345 0096 89F80050 		strb	r5, [r9]
 3346 009a F5E7     		b	.L145
 3347              	.L160:
 3348              		.align	2
 3349              	.L159:
 3350 009c 00000000 		.word	.LANCHOR0
 3351 00a0 6F640040 		.word	1073767535
 3352 00a4 00000000 		.word	UART_txBuffer
 3353 00a8 00E200E0 		.word	-536813056
 3354 00ac 4F640040 		.word	1073767503
 3355              	.LBE52:
 3356              	.LBE54:
 3357              	.LBE48:
 3358              	.LBE47:
 3359              		.cfi_endproc
 3360              	.LFE21:
 3361              		.size	UART_PutArray, .-UART_PutArray
 3362              		.section	.text.UART_PutCRLF,"ax",%progbits
 3363              		.align	2
ARM GAS  C:\Users\elias\AppData\Local\Temp\cc0Or0pr.s 			page 175


 3364              		.global	UART_PutCRLF
 3365              		.thumb
 3366              		.thumb_func
 3367              		.type	UART_PutCRLF, %function
 3368              	UART_PutCRLF:
 3369              	.LFB22:
1202:Generated_Source\PSoC5/UART.c ****                 bufIndex++;
1203:Generated_Source\PSoC5/UART.c ****             }
1204:Generated_Source\PSoC5/UART.c ****         }
1205:Generated_Source\PSoC5/UART.c ****     }
1206:Generated_Source\PSoC5/UART.c **** 
1207:Generated_Source\PSoC5/UART.c **** 
1208:Generated_Source\PSoC5/UART.c ****     /*******************************************************************************
1209:Generated_Source\PSoC5/UART.c ****     * Function Name: UART_PutCRLF
1210:Generated_Source\PSoC5/UART.c ****     ********************************************************************************
1211:Generated_Source\PSoC5/UART.c ****     *
1212:Generated_Source\PSoC5/UART.c ****     * Summary:
1213:Generated_Source\PSoC5/UART.c ****     *  Writes a byte of data followed by a carriage return (0x0D) and line feed
1214:Generated_Source\PSoC5/UART.c ****     *  (0x0A) to the transmit buffer.
1215:Generated_Source\PSoC5/UART.c ****     *
1216:Generated_Source\PSoC5/UART.c ****     * Parameters:
1217:Generated_Source\PSoC5/UART.c ****     *  txDataByte: Data byte to transmit before the carriage return and line feed.
1218:Generated_Source\PSoC5/UART.c ****     *
1219:Generated_Source\PSoC5/UART.c ****     * Return:
1220:Generated_Source\PSoC5/UART.c ****     *  None.
1221:Generated_Source\PSoC5/UART.c ****     *
1222:Generated_Source\PSoC5/UART.c ****     * Global Variables:
1223:Generated_Source\PSoC5/UART.c ****     *  UART_initVar - checked to identify that the component has been
1224:Generated_Source\PSoC5/UART.c ****     *     initialized.
1225:Generated_Source\PSoC5/UART.c ****     *
1226:Generated_Source\PSoC5/UART.c ****     * Reentrant:
1227:Generated_Source\PSoC5/UART.c ****     *  No.
1228:Generated_Source\PSoC5/UART.c ****     *
1229:Generated_Source\PSoC5/UART.c ****     *******************************************************************************/
1230:Generated_Source\PSoC5/UART.c ****     void UART_PutCRLF(uint8 txDataByte) 
1231:Generated_Source\PSoC5/UART.c ****     {
 3370              		.loc 1 1231 0
 3371              		.cfi_startproc
 3372              		@ args = 0, pretend = 0, frame = 0
 3373              		@ frame_needed = 0, uses_anonymous_args = 0
 3374              		@ link register save eliminated.
 3375              	.LVL82:
 3376 0000 70B4     		push	{r4, r5, r6}
 3377              		.cfi_def_cfa_offset 12
 3378              		.cfi_offset 4, -12
 3379              		.cfi_offset 5, -8
 3380              		.cfi_offset 6, -4
1232:Generated_Source\PSoC5/UART.c ****         /* If not Initialized then skip this function */
1233:Generated_Source\PSoC5/UART.c ****         if(UART_initVar != 0u)
 3381              		.loc 1 1233 0
 3382 0002 4D4C     		ldr	r4, .L196
 3383 0004 2378     		ldrb	r3, [r4]	@ zero_extendqisi2
 3384 0006 0BB9     		cbnz	r3, .L192
 3385              	.LVL83:
 3386              	.L161:
1234:Generated_Source\PSoC5/UART.c ****         {
1235:Generated_Source\PSoC5/UART.c ****             UART_PutChar(txDataByte);
ARM GAS  C:\Users\elias\AppData\Local\Temp\cc0Or0pr.s 			page 176


1236:Generated_Source\PSoC5/UART.c ****             UART_PutChar(0x0Du);
1237:Generated_Source\PSoC5/UART.c ****             UART_PutChar(0x0Au);
1238:Generated_Source\PSoC5/UART.c ****         }
1239:Generated_Source\PSoC5/UART.c ****     }
 3387              		.loc 1 1239 0
 3388 0008 70BC     		pop	{r4, r5, r6}
 3389              		.cfi_remember_state
 3390              		.cfi_restore 6
 3391              		.cfi_restore 5
 3392              		.cfi_restore 4
 3393              		.cfi_def_cfa_offset 0
 3394 000a 7047     		bx	lr
 3395              	.LVL84:
 3396              	.L192:
 3397              		.cfi_restore_state
 3398 000c E379     		ldrb	r3, [r4, #7]	@ zero_extendqisi2
 3399              	.L164:
 3400              	.LBB63:
 3401              	.LBB64:
 3402              	.LBB65:
1060:Generated_Source\PSoC5/UART.c **** 
 3403              		.loc 1 1060 0
 3404 000e A279     		ldrb	r2, [r4, #6]	@ zero_extendqisi2
 3405 0010 494E     		ldr	r6, .L196
 3406 0012 D2B2     		uxtb	r2, r2
1069:Generated_Source\PSoC5/UART.c **** 
 3407              		.loc 1 1069 0
 3408 0014 551E     		subs	r5, r2, #1
 3409 0016 991A     		subs	r1, r3, r2
 3410 0018 ED1A     		subs	r5, r5, r3
 3411 001a A1F17F01 		sub	r1, #127
 3412 001e B5FA85F5 		clz	r5, r5
 3413 0022 B1FA81F1 		clz	r1, r1
 3414 0026 6D09     		lsrs	r5, r5, #5
 3415 0028 4909     		lsrs	r1, r1, #5
 3416 002a 9A42     		cmp	r2, r3
 3417 002c 88BF     		it	hi
 3418 002e 2946     		movhi	r1, r5
1068:Generated_Source\PSoC5/UART.c ****                                 (uint8)(UART_TX_BUFFER_SIZE - 1u)) );
 3419              		.loc 1 1068 0
 3420 0030 1D46     		mov	r5, r3
1069:Generated_Source\PSoC5/UART.c **** 
 3421              		.loc 1 1069 0
 3422 0032 0029     		cmp	r1, #0
 3423 0034 EBD1     		bne	.L164
1071:Generated_Source\PSoC5/UART.c ****             ((UART_TXSTATUS_REG & UART_TX_STS_FIFO_FULL) == 0u) )
 3424              		.loc 1 1071 0
 3425 0036 9A42     		cmp	r2, r3
 3426 0038 64D0     		beq	.L193
 3427              	.L165:
1079:Generated_Source\PSoC5/UART.c ****             {
 3428              		.loc 1 1079 0
 3429 003a 1906     		lsls	r1, r3, #24
1084:Generated_Source\PSoC5/UART.c ****             locTxBufferWrite++;
 3430              		.loc 1 1084 0
 3431 003c 3F49     		ldr	r1, .L196+4
1079:Generated_Source\PSoC5/UART.c ****             {
ARM GAS  C:\Users\elias\AppData\Local\Temp\cc0Or0pr.s 			page 177


 3432              		.loc 1 1079 0
 3433 003e 48BF     		it	mi
 3434 0040 0025     		movmi	r5, #0
1098:Generated_Source\PSoC5/UART.c ****             {
 3435              		.loc 1 1098 0
 3436 0042 3F4A     		ldr	r2, .L196+8
1084:Generated_Source\PSoC5/UART.c ****             locTxBufferWrite++;
 3437              		.loc 1 1084 0
 3438 0044 4855     		strb	r0, [r1, r5]
1098:Generated_Source\PSoC5/UART.c ****             {
 3439              		.loc 1 1098 0
 3440 0046 1278     		ldrb	r2, [r2]	@ zero_extendqisi2
 3441 0048 5ABF     		itte	pl
 3442 004a 0133     		addpl	r3, r3, #1
 3443 004c DBB2     		uxtbpl	r3, r3
1079:Generated_Source\PSoC5/UART.c ****             {
 3444              		.loc 1 1079 0
 3445 004e 0123     		movmi	r3, #1
1098:Generated_Source\PSoC5/UART.c ****             {
 3446              		.loc 1 1098 0
 3447 0050 9207     		lsls	r2, r2, #30
1092:Generated_Source\PSoC5/UART.c **** 
 3448              		.loc 1 1092 0
 3449 0052 E371     		strb	r3, [r4, #7]
1098:Generated_Source\PSoC5/UART.c ****             {
 3450              		.loc 1 1098 0
 3451 0054 02D5     		bpl	.L166
1101:Generated_Source\PSoC5/UART.c ****             }
 3452              		.loc 1 1101 0
 3453 0056 3B4A     		ldr	r2, .L196+12
 3454 0058 0221     		movs	r1, #2
 3455 005a 1160     		str	r1, [r2]
 3456              	.LVL85:
 3457              	.L166:
 3458              	.LBE65:
 3459              	.LBE64:
 3460              	.LBB67:
 3461              	.LBB68:
1060:Generated_Source\PSoC5/UART.c **** 
 3462              		.loc 1 1060 0
 3463 005c A279     		ldrb	r2, [r4, #6]	@ zero_extendqisi2
 3464 005e 364D     		ldr	r5, .L196
 3465 0060 D2B2     		uxtb	r2, r2
1069:Generated_Source\PSoC5/UART.c **** 
 3466              		.loc 1 1069 0
 3467 0062 501E     		subs	r0, r2, #1
 3468 0064 991A     		subs	r1, r3, r2
 3469 0066 C01A     		subs	r0, r0, r3
 3470 0068 A1F17F01 		sub	r1, #127
 3471 006c B0FA80F0 		clz	r0, r0
 3472 0070 B1FA81F1 		clz	r1, r1
 3473 0074 4009     		lsrs	r0, r0, #5
 3474 0076 4909     		lsrs	r1, r1, #5
 3475 0078 9A42     		cmp	r2, r3
 3476 007a 88BF     		it	hi
 3477 007c 0146     		movhi	r1, r0
1068:Generated_Source\PSoC5/UART.c ****                                 (uint8)(UART_TX_BUFFER_SIZE - 1u)) );
ARM GAS  C:\Users\elias\AppData\Local\Temp\cc0Or0pr.s 			page 178


 3478              		.loc 1 1068 0
 3479 007e 1846     		mov	r0, r3
1069:Generated_Source\PSoC5/UART.c **** 
 3480              		.loc 1 1069 0
 3481 0080 0029     		cmp	r1, #0
 3482 0082 EBD1     		bne	.L166
1071:Generated_Source\PSoC5/UART.c ****             ((UART_TXSTATUS_REG & UART_TX_STS_FIFO_FULL) == 0u) )
 3483              		.loc 1 1071 0
 3484 0084 9A42     		cmp	r2, r3
 3485 0086 4DD0     		beq	.L194
 3486              	.L169:
1079:Generated_Source\PSoC5/UART.c ****             {
 3487              		.loc 1 1079 0
 3488 0088 1D06     		lsls	r5, r3, #24
1084:Generated_Source\PSoC5/UART.c ****             locTxBufferWrite++;
 3489              		.loc 1 1084 0
 3490 008a 2C49     		ldr	r1, .L196+4
1079:Generated_Source\PSoC5/UART.c ****             {
 3491              		.loc 1 1079 0
 3492 008c 48BF     		it	mi
 3493 008e 0020     		movmi	r0, #0
1084:Generated_Source\PSoC5/UART.c ****             locTxBufferWrite++;
 3494              		.loc 1 1084 0
 3495 0090 4FF00D05 		mov	r5, #13
1098:Generated_Source\PSoC5/UART.c ****             {
 3496              		.loc 1 1098 0
 3497 0094 2A4A     		ldr	r2, .L196+8
1084:Generated_Source\PSoC5/UART.c ****             locTxBufferWrite++;
 3498              		.loc 1 1084 0
 3499 0096 0D54     		strb	r5, [r1, r0]
1098:Generated_Source\PSoC5/UART.c ****             {
 3500              		.loc 1 1098 0
 3501 0098 1278     		ldrb	r2, [r2]	@ zero_extendqisi2
 3502 009a 5ABF     		itte	pl
 3503 009c 0133     		addpl	r3, r3, #1
 3504 009e DBB2     		uxtbpl	r3, r3
1079:Generated_Source\PSoC5/UART.c ****             {
 3505              		.loc 1 1079 0
 3506 00a0 0123     		movmi	r3, #1
1098:Generated_Source\PSoC5/UART.c ****             {
 3507              		.loc 1 1098 0
 3508 00a2 9007     		lsls	r0, r2, #30
1092:Generated_Source\PSoC5/UART.c **** 
 3509              		.loc 1 1092 0
 3510 00a4 E371     		strb	r3, [r4, #7]
1098:Generated_Source\PSoC5/UART.c ****             {
 3511              		.loc 1 1098 0
 3512 00a6 02D5     		bpl	.L170
1101:Generated_Source\PSoC5/UART.c ****             }
 3513              		.loc 1 1101 0
 3514 00a8 264A     		ldr	r2, .L196+12
 3515 00aa 0221     		movs	r1, #2
 3516 00ac 1160     		str	r1, [r2]
 3517              	.L170:
 3518              	.LBE68:
 3519              	.LBE67:
 3520              	.LBB70:
ARM GAS  C:\Users\elias\AppData\Local\Temp\cc0Or0pr.s 			page 179


 3521              	.LBB71:
1060:Generated_Source\PSoC5/UART.c **** 
 3522              		.loc 1 1060 0
 3523 00ae A279     		ldrb	r2, [r4, #6]	@ zero_extendqisi2
1068:Generated_Source\PSoC5/UART.c ****                                 (uint8)(UART_TX_BUFFER_SIZE - 1u)) );
 3524              		.loc 1 1068 0
 3525 00b0 1D46     		mov	r5, r3
1060:Generated_Source\PSoC5/UART.c **** 
 3526              		.loc 1 1060 0
 3527 00b2 D2B2     		uxtb	r2, r2
1069:Generated_Source\PSoC5/UART.c **** 
 3528              		.loc 1 1069 0
 3529 00b4 501E     		subs	r0, r2, #1
 3530 00b6 991A     		subs	r1, r3, r2
 3531 00b8 C01A     		subs	r0, r0, r3
 3532 00ba A1F17F01 		sub	r1, #127
 3533 00be B0FA80F0 		clz	r0, r0
 3534 00c2 B1FA81F1 		clz	r1, r1
 3535 00c6 4009     		lsrs	r0, r0, #5
 3536 00c8 4909     		lsrs	r1, r1, #5
 3537 00ca 9A42     		cmp	r2, r3
 3538 00cc 88BF     		it	hi
 3539 00ce 0146     		movhi	r1, r0
 3540 00d0 0029     		cmp	r1, #0
 3541 00d2 ECD1     		bne	.L170
1071:Generated_Source\PSoC5/UART.c ****             ((UART_TXSTATUS_REG & UART_TX_STS_FIFO_FULL) == 0u) )
 3542              		.loc 1 1071 0
 3543 00d4 9A42     		cmp	r2, r3
 3544 00d6 1DD0     		beq	.L195
 3545              	.L173:
1079:Generated_Source\PSoC5/UART.c ****             {
 3546              		.loc 1 1079 0
 3547 00d8 1A06     		lsls	r2, r3, #24
1084:Generated_Source\PSoC5/UART.c ****             locTxBufferWrite++;
 3548              		.loc 1 1084 0
 3549 00da 1849     		ldr	r1, .L196+4
1079:Generated_Source\PSoC5/UART.c ****             {
 3550              		.loc 1 1079 0
 3551 00dc 48BF     		it	mi
 3552 00de 0025     		movmi	r5, #0
1084:Generated_Source\PSoC5/UART.c ****             locTxBufferWrite++;
 3553              		.loc 1 1084 0
 3554 00e0 4FF00A00 		mov	r0, #10
1098:Generated_Source\PSoC5/UART.c ****             {
 3555              		.loc 1 1098 0
 3556 00e4 164A     		ldr	r2, .L196+8
1084:Generated_Source\PSoC5/UART.c ****             locTxBufferWrite++;
 3557              		.loc 1 1084 0
 3558 00e6 4855     		strb	r0, [r1, r5]
 3559 00e8 58BF     		it	pl
 3560 00ea 0133     		addpl	r3, r3, #1
1098:Generated_Source\PSoC5/UART.c ****             {
 3561              		.loc 1 1098 0
 3562 00ec 1278     		ldrb	r2, [r2]	@ zero_extendqisi2
 3563 00ee 54BF     		ite	pl
 3564 00f0 DBB2     		uxtbpl	r3, r3
1079:Generated_Source\PSoC5/UART.c ****             {
ARM GAS  C:\Users\elias\AppData\Local\Temp\cc0Or0pr.s 			page 180


 3565              		.loc 1 1079 0
 3566 00f2 0123     		movmi	r3, #1
1092:Generated_Source\PSoC5/UART.c **** 
 3567              		.loc 1 1092 0
 3568 00f4 E371     		strb	r3, [r4, #7]
1098:Generated_Source\PSoC5/UART.c ****             {
 3569              		.loc 1 1098 0
 3570 00f6 9307     		lsls	r3, r2, #30
 3571 00f8 86D5     		bpl	.L161
 3572              	.LBE71:
 3573              	.LBE70:
 3574              	.LBE63:
 3575              		.loc 1 1239 0
 3576 00fa 70BC     		pop	{r4, r5, r6}
 3577              		.cfi_remember_state
 3578              		.cfi_restore 4
 3579              		.cfi_restore 5
 3580              		.cfi_restore 6
 3581              		.cfi_def_cfa_offset 0
 3582              	.LBB78:
 3583              	.LBB74:
 3584              	.LBB72:
1101:Generated_Source\PSoC5/UART.c ****             }
 3585              		.loc 1 1101 0
 3586 00fc 114B     		ldr	r3, .L196+12
 3587 00fe 0222     		movs	r2, #2
 3588 0100 1A60     		str	r2, [r3]
 3589              	.LBE72:
 3590              	.LBE74:
 3591              	.LBE78:
 3592              		.loc 1 1239 0
 3593 0102 7047     		bx	lr
 3594              	.LVL86:
 3595              	.L193:
 3596              		.cfi_restore_state
 3597              	.LBB79:
 3598              	.LBB75:
 3599              	.LBB66:
1072:Generated_Source\PSoC5/UART.c ****         {
 3600              		.loc 1 1072 0
 3601 0104 0E4A     		ldr	r2, .L196+8
 3602 0106 1278     		ldrb	r2, [r2]	@ zero_extendqisi2
1071:Generated_Source\PSoC5/UART.c ****             ((UART_TXSTATUS_REG & UART_TX_STS_FIFO_FULL) == 0u) )
 3603              		.loc 1 1071 0
 3604 0108 5207     		lsls	r2, r2, #29
 3605 010a 96D4     		bmi	.L165
1075:Generated_Source\PSoC5/UART.c ****         }
 3606              		.loc 1 1075 0
 3607 010c 0E4A     		ldr	r2, .L196+16
 3608 010e F379     		ldrb	r3, [r6, #7]	@ zero_extendqisi2
 3609 0110 1070     		strb	r0, [r2]
 3610 0112 A3E7     		b	.L166
 3611              	.LVL87:
 3612              	.L195:
 3613              	.LBE66:
 3614              	.LBE75:
 3615              	.LBB76:
ARM GAS  C:\Users\elias\AppData\Local\Temp\cc0Or0pr.s 			page 181


 3616              	.LBB73:
1072:Generated_Source\PSoC5/UART.c ****         {
 3617              		.loc 1 1072 0
 3618 0114 0A4A     		ldr	r2, .L196+8
 3619 0116 1278     		ldrb	r2, [r2]	@ zero_extendqisi2
1071:Generated_Source\PSoC5/UART.c ****             ((UART_TXSTATUS_REG & UART_TX_STS_FIFO_FULL) == 0u) )
 3620              		.loc 1 1071 0
 3621 0118 5107     		lsls	r1, r2, #29
 3622 011a DDD4     		bmi	.L173
1075:Generated_Source\PSoC5/UART.c ****         }
 3623              		.loc 1 1075 0
 3624 011c 0A4B     		ldr	r3, .L196+16
 3625 011e 0A22     		movs	r2, #10
 3626 0120 1A70     		strb	r2, [r3]
 3627 0122 71E7     		b	.L161
 3628              	.L194:
 3629              	.LBE73:
 3630              	.LBE76:
 3631              	.LBB77:
 3632              	.LBB69:
1072:Generated_Source\PSoC5/UART.c ****         {
 3633              		.loc 1 1072 0
 3634 0124 064A     		ldr	r2, .L196+8
 3635 0126 1278     		ldrb	r2, [r2]	@ zero_extendqisi2
1071:Generated_Source\PSoC5/UART.c ****             ((UART_TXSTATUS_REG & UART_TX_STS_FIFO_FULL) == 0u) )
 3636              		.loc 1 1071 0
 3637 0128 5607     		lsls	r6, r2, #29
 3638 012a ADD4     		bmi	.L169
1075:Generated_Source\PSoC5/UART.c ****         }
 3639              		.loc 1 1075 0
 3640 012c 064A     		ldr	r2, .L196+16
 3641 012e 0D21     		movs	r1, #13
 3642 0130 EB79     		ldrb	r3, [r5, #7]	@ zero_extendqisi2
 3643 0132 1170     		strb	r1, [r2]
 3644 0134 BBE7     		b	.L170
 3645              	.L197:
 3646 0136 00BF     		.align	2
 3647              	.L196:
 3648 0138 00000000 		.word	.LANCHOR0
 3649 013c 00000000 		.word	UART_txBuffer
 3650 0140 6F640040 		.word	1073767535
 3651 0144 00E200E0 		.word	-536813056
 3652 0148 4F640040 		.word	1073767503
 3653              	.LBE69:
 3654              	.LBE77:
 3655              	.LBE79:
 3656              		.cfi_endproc
 3657              	.LFE22:
 3658              		.size	UART_PutCRLF, .-UART_PutCRLF
 3659              		.section	.text.UART_GetTxBufferSize,"ax",%progbits
 3660              		.align	2
 3661              		.global	UART_GetTxBufferSize
 3662              		.thumb
 3663              		.thumb_func
 3664              		.type	UART_GetTxBufferSize, %function
 3665              	UART_GetTxBufferSize:
 3666              	.LFB23:
ARM GAS  C:\Users\elias\AppData\Local\Temp\cc0Or0pr.s 			page 182


1240:Generated_Source\PSoC5/UART.c **** 
1241:Generated_Source\PSoC5/UART.c **** 
1242:Generated_Source\PSoC5/UART.c ****     /*******************************************************************************
1243:Generated_Source\PSoC5/UART.c ****     * Function Name: UART_GetTxBufferSize
1244:Generated_Source\PSoC5/UART.c ****     ********************************************************************************
1245:Generated_Source\PSoC5/UART.c ****     *
1246:Generated_Source\PSoC5/UART.c ****     * Summary:
1247:Generated_Source\PSoC5/UART.c ****     *  Returns the number of bytes in the TX buffer which are waiting to be 
1248:Generated_Source\PSoC5/UART.c ****     *  transmitted.
1249:Generated_Source\PSoC5/UART.c ****     *  * TX software buffer is disabled (TX Buffer Size parameter is equal to 4): 
1250:Generated_Source\PSoC5/UART.c ****     *    returns 0 for empty TX FIFO, 1 for not full TX FIFO or 4 for full TX FIFO.
1251:Generated_Source\PSoC5/UART.c ****     *  * TX software buffer is enabled: returns the number of bytes in the TX 
1252:Generated_Source\PSoC5/UART.c ****     *    software buffer which are waiting to be transmitted. Bytes available in the
1253:Generated_Source\PSoC5/UART.c ****     *    TX FIFO do not count.
1254:Generated_Source\PSoC5/UART.c ****     *
1255:Generated_Source\PSoC5/UART.c ****     * Parameters:
1256:Generated_Source\PSoC5/UART.c ****     *  None.
1257:Generated_Source\PSoC5/UART.c ****     *
1258:Generated_Source\PSoC5/UART.c ****     * Return:
1259:Generated_Source\PSoC5/UART.c ****     *  Number of bytes used in the TX buffer. Return value type depends on the TX 
1260:Generated_Source\PSoC5/UART.c ****     *  Buffer Size parameter.
1261:Generated_Source\PSoC5/UART.c ****     *
1262:Generated_Source\PSoC5/UART.c ****     * Global Variables:
1263:Generated_Source\PSoC5/UART.c ****     *  UART_txBufferWrite - used to calculate left space.
1264:Generated_Source\PSoC5/UART.c ****     *  UART_txBufferRead - used to calculate left space.
1265:Generated_Source\PSoC5/UART.c ****     *
1266:Generated_Source\PSoC5/UART.c ****     * Reentrant:
1267:Generated_Source\PSoC5/UART.c ****     *  No.
1268:Generated_Source\PSoC5/UART.c ****     *
1269:Generated_Source\PSoC5/UART.c ****     * Theory:
1270:Generated_Source\PSoC5/UART.c ****     *  Allows the user to find out how full the TX Buffer is.
1271:Generated_Source\PSoC5/UART.c ****     *
1272:Generated_Source\PSoC5/UART.c ****     *******************************************************************************/
1273:Generated_Source\PSoC5/UART.c ****     uint8 UART_GetTxBufferSize(void)
1274:Generated_Source\PSoC5/UART.c ****                                                             
1275:Generated_Source\PSoC5/UART.c ****     {
 3667              		.loc 1 1275 0
 3668              		.cfi_startproc
 3669              		@ args = 0, pretend = 0, frame = 0
 3670              		@ frame_needed = 0, uses_anonymous_args = 0
 3671              		@ link register save eliminated.
1276:Generated_Source\PSoC5/UART.c ****         uint8 size;
1277:Generated_Source\PSoC5/UART.c **** 
1278:Generated_Source\PSoC5/UART.c ****     #if (UART_TX_INTERRUPT_ENABLED)
1279:Generated_Source\PSoC5/UART.c **** 
1280:Generated_Source\PSoC5/UART.c ****         /* Protect variables that could change on interrupt. */
1281:Generated_Source\PSoC5/UART.c ****         UART_DisableTxInt();
 3672              		.loc 1 1281 0
 3673 0000 0B4B     		ldr	r3, .L203
 3674 0002 0221     		movs	r1, #2
1282:Generated_Source\PSoC5/UART.c **** 
1283:Generated_Source\PSoC5/UART.c ****         if(UART_txBufferRead == UART_txBufferWrite)
 3675              		.loc 1 1283 0
 3676 0004 0B4A     		ldr	r2, .L203+4
1281:Generated_Source\PSoC5/UART.c **** 
 3677              		.loc 1 1281 0
 3678 0006 1960     		str	r1, [r3]
ARM GAS  C:\Users\elias\AppData\Local\Temp\cc0Or0pr.s 			page 183


 3679              		.loc 1 1283 0
 3680 0008 9179     		ldrb	r1, [r2, #6]	@ zero_extendqisi2
 3681 000a D379     		ldrb	r3, [r2, #7]	@ zero_extendqisi2
 3682 000c 9942     		cmp	r1, r3
 3683 000e 0AD0     		beq	.L201
1284:Generated_Source\PSoC5/UART.c ****         {
1285:Generated_Source\PSoC5/UART.c ****             size = 0u;
1286:Generated_Source\PSoC5/UART.c ****         }
1287:Generated_Source\PSoC5/UART.c ****         else if(UART_txBufferRead < UART_txBufferWrite)
 3684              		.loc 1 1287 0
 3685 0010 9179     		ldrb	r1, [r2, #6]	@ zero_extendqisi2
1288:Generated_Source\PSoC5/UART.c ****         {
1289:Generated_Source\PSoC5/UART.c ****             size = (UART_txBufferWrite - UART_txBufferRead);
 3686              		.loc 1 1289 0
 3687 0012 9079     		ldrb	r0, [r2, #6]	@ zero_extendqisi2
1287:Generated_Source\PSoC5/UART.c ****         {
 3688              		.loc 1 1287 0
 3689 0014 8B42     		cmp	r3, r1
1290:Generated_Source\PSoC5/UART.c ****         }
1291:Generated_Source\PSoC5/UART.c ****         else
1292:Generated_Source\PSoC5/UART.c ****         {
1293:Generated_Source\PSoC5/UART.c ****             size = (UART_TX_BUFFER_SIZE - UART_txBufferRead) +
 3690              		.loc 1 1293 0
 3691 0016 98BF     		it	ls
 3692 0018 803B     		subls	r3, r3, #128
 3693 001a 181A     		subs	r0, r3, r0
1294:Generated_Source\PSoC5/UART.c ****                     UART_txBufferWrite;
1295:Generated_Source\PSoC5/UART.c ****         }
1296:Generated_Source\PSoC5/UART.c **** 
1297:Generated_Source\PSoC5/UART.c ****         UART_EnableTxInt();
 3694              		.loc 1 1297 0
 3695 001c 064B     		ldr	r3, .L203+8
 3696 001e 0222     		movs	r2, #2
1293:Generated_Source\PSoC5/UART.c ****                     UART_txBufferWrite;
 3697              		.loc 1 1293 0
 3698 0020 C0B2     		uxtb	r0, r0
 3699              	.LVL88:
 3700              		.loc 1 1297 0
 3701 0022 1A60     		str	r2, [r3]
1298:Generated_Source\PSoC5/UART.c **** 
1299:Generated_Source\PSoC5/UART.c ****     #else
1300:Generated_Source\PSoC5/UART.c **** 
1301:Generated_Source\PSoC5/UART.c ****         size = UART_TXSTATUS_REG;
1302:Generated_Source\PSoC5/UART.c **** 
1303:Generated_Source\PSoC5/UART.c ****         /* Is the fifo is full. */
1304:Generated_Source\PSoC5/UART.c ****         if((size & UART_TX_STS_FIFO_FULL) != 0u)
1305:Generated_Source\PSoC5/UART.c ****         {
1306:Generated_Source\PSoC5/UART.c ****             size = UART_FIFO_LENGTH;
1307:Generated_Source\PSoC5/UART.c ****         }
1308:Generated_Source\PSoC5/UART.c ****         else if((size & UART_TX_STS_FIFO_EMPTY) != 0u)
1309:Generated_Source\PSoC5/UART.c ****         {
1310:Generated_Source\PSoC5/UART.c ****             size = 0u;
1311:Generated_Source\PSoC5/UART.c ****         }
1312:Generated_Source\PSoC5/UART.c ****         else
1313:Generated_Source\PSoC5/UART.c ****         {
1314:Generated_Source\PSoC5/UART.c ****             /* We only know there is data in the fifo. */
1315:Generated_Source\PSoC5/UART.c ****             size = 1u;
ARM GAS  C:\Users\elias\AppData\Local\Temp\cc0Or0pr.s 			page 184


1316:Generated_Source\PSoC5/UART.c ****         }
1317:Generated_Source\PSoC5/UART.c **** 
1318:Generated_Source\PSoC5/UART.c ****     #endif /* (UART_TX_INTERRUPT_ENABLED) */
1319:Generated_Source\PSoC5/UART.c **** 
1320:Generated_Source\PSoC5/UART.c ****     return(size);
1321:Generated_Source\PSoC5/UART.c ****     }
 3702              		.loc 1 1321 0
 3703 0024 7047     		bx	lr
 3704              	.LVL89:
 3705              	.L201:
1297:Generated_Source\PSoC5/UART.c **** 
 3706              		.loc 1 1297 0
 3707 0026 044B     		ldr	r3, .L203+8
 3708 0028 0222     		movs	r2, #2
1285:Generated_Source\PSoC5/UART.c ****         }
 3709              		.loc 1 1285 0
 3710 002a 0020     		movs	r0, #0
 3711              	.LVL90:
1297:Generated_Source\PSoC5/UART.c **** 
 3712              		.loc 1 1297 0
 3713 002c 1A60     		str	r2, [r3]
 3714              		.loc 1 1321 0
 3715 002e 7047     		bx	lr
 3716              	.L204:
 3717              		.align	2
 3718              	.L203:
 3719 0030 80E100E0 		.word	-536813184
 3720 0034 00000000 		.word	.LANCHOR0
 3721 0038 00E100E0 		.word	-536813312
 3722              		.cfi_endproc
 3723              	.LFE23:
 3724              		.size	UART_GetTxBufferSize, .-UART_GetTxBufferSize
 3725              		.section	.text.UART_ClearTxBuffer,"ax",%progbits
 3726              		.align	2
 3727              		.global	UART_ClearTxBuffer
 3728              		.thumb
 3729              		.thumb_func
 3730              		.type	UART_ClearTxBuffer, %function
 3731              	UART_ClearTxBuffer:
 3732              	.LFB24:
1322:Generated_Source\PSoC5/UART.c **** 
1323:Generated_Source\PSoC5/UART.c **** 
1324:Generated_Source\PSoC5/UART.c ****     /*******************************************************************************
1325:Generated_Source\PSoC5/UART.c ****     * Function Name: UART_ClearTxBuffer
1326:Generated_Source\PSoC5/UART.c ****     ********************************************************************************
1327:Generated_Source\PSoC5/UART.c ****     *
1328:Generated_Source\PSoC5/UART.c ****     * Summary:
1329:Generated_Source\PSoC5/UART.c ****     *  Clears all data from the TX buffer and hardware TX FIFO.
1330:Generated_Source\PSoC5/UART.c ****     *
1331:Generated_Source\PSoC5/UART.c ****     * Parameters:
1332:Generated_Source\PSoC5/UART.c ****     *  None.
1333:Generated_Source\PSoC5/UART.c ****     *
1334:Generated_Source\PSoC5/UART.c ****     * Return:
1335:Generated_Source\PSoC5/UART.c ****     *  None.
1336:Generated_Source\PSoC5/UART.c ****     *
1337:Generated_Source\PSoC5/UART.c ****     * Global Variables:
1338:Generated_Source\PSoC5/UART.c ****     *  UART_txBufferWrite - cleared to zero.
ARM GAS  C:\Users\elias\AppData\Local\Temp\cc0Or0pr.s 			page 185


1339:Generated_Source\PSoC5/UART.c ****     *  UART_txBufferRead - cleared to zero.
1340:Generated_Source\PSoC5/UART.c ****     *
1341:Generated_Source\PSoC5/UART.c ****     * Reentrant:
1342:Generated_Source\PSoC5/UART.c ****     *  No.
1343:Generated_Source\PSoC5/UART.c ****     *
1344:Generated_Source\PSoC5/UART.c ****     * Theory:
1345:Generated_Source\PSoC5/UART.c ****     *  Setting the pointers to zero makes the system believe there is no data to
1346:Generated_Source\PSoC5/UART.c ****     *  read and writing will resume at address 0 overwriting any data that may have
1347:Generated_Source\PSoC5/UART.c ****     *  remained in the RAM.
1348:Generated_Source\PSoC5/UART.c ****     *
1349:Generated_Source\PSoC5/UART.c ****     * Side Effects:
1350:Generated_Source\PSoC5/UART.c ****     *  Data waiting in the transmit buffer is not sent; a byte that is currently
1351:Generated_Source\PSoC5/UART.c ****     *  transmitting finishes transmitting.
1352:Generated_Source\PSoC5/UART.c ****     *
1353:Generated_Source\PSoC5/UART.c ****     *******************************************************************************/
1354:Generated_Source\PSoC5/UART.c ****     void UART_ClearTxBuffer(void) 
1355:Generated_Source\PSoC5/UART.c ****     {
 3733              		.loc 1 1355 0
 3734              		.cfi_startproc
 3735              		@ args = 0, pretend = 0, frame = 0
 3736              		@ frame_needed = 0, uses_anonymous_args = 0
 3737 0000 10B5     		push	{r4, lr}
 3738              		.cfi_def_cfa_offset 8
 3739              		.cfi_offset 4, -8
 3740              		.cfi_offset 14, -4
1356:Generated_Source\PSoC5/UART.c ****         uint8 enableInterrupts;
1357:Generated_Source\PSoC5/UART.c **** 
1358:Generated_Source\PSoC5/UART.c ****         enableInterrupts = CyEnterCriticalSection();
 3741              		.loc 1 1358 0
 3742 0002 FFF7FEFF 		bl	CyEnterCriticalSection
 3743              	.LVL91:
1359:Generated_Source\PSoC5/UART.c ****         /* Clear the HW FIFO */
1360:Generated_Source\PSoC5/UART.c ****         UART_TXDATA_AUX_CTL_REG |= (uint8)  UART_TX_FIFO_CLR;
 3744              		.loc 1 1360 0
 3745 0006 0A4B     		ldr	r3, .L207
1361:Generated_Source\PSoC5/UART.c ****         UART_TXDATA_AUX_CTL_REG &= (uint8) ~UART_TX_FIFO_CLR;
1362:Generated_Source\PSoC5/UART.c ****         CyExitCriticalSection(enableInterrupts);
1363:Generated_Source\PSoC5/UART.c **** 
1364:Generated_Source\PSoC5/UART.c ****     #if (UART_TX_INTERRUPT_ENABLED)
1365:Generated_Source\PSoC5/UART.c **** 
1366:Generated_Source\PSoC5/UART.c ****         /* Protect variables that could change on interrupt. */
1367:Generated_Source\PSoC5/UART.c ****         UART_DisableTxInt();
 3746              		.loc 1 1367 0
 3747 0008 0A4C     		ldr	r4, .L207+4
1360:Generated_Source\PSoC5/UART.c ****         UART_TXDATA_AUX_CTL_REG &= (uint8) ~UART_TX_FIFO_CLR;
 3748              		.loc 1 1360 0
 3749 000a 1A78     		ldrb	r2, [r3]	@ zero_extendqisi2
 3750 000c 42F00102 		orr	r2, r2, #1
 3751 0010 1A70     		strb	r2, [r3]
1361:Generated_Source\PSoC5/UART.c ****         UART_TXDATA_AUX_CTL_REG &= (uint8) ~UART_TX_FIFO_CLR;
 3752              		.loc 1 1361 0
 3753 0012 1A78     		ldrb	r2, [r3]	@ zero_extendqisi2
 3754 0014 02F0FE02 		and	r2, r2, #254
 3755 0018 1A70     		strb	r2, [r3]
1362:Generated_Source\PSoC5/UART.c **** 
 3756              		.loc 1 1362 0
 3757 001a FFF7FEFF 		bl	CyExitCriticalSection
ARM GAS  C:\Users\elias\AppData\Local\Temp\cc0Or0pr.s 			page 186


 3758              	.LVL92:
1368:Generated_Source\PSoC5/UART.c **** 
1369:Generated_Source\PSoC5/UART.c ****         UART_txBufferRead = 0u;
 3759              		.loc 1 1369 0
 3760 001e 064A     		ldr	r2, .L207+8
1367:Generated_Source\PSoC5/UART.c **** 
 3761              		.loc 1 1367 0
 3762 0020 0223     		movs	r3, #2
 3763              		.loc 1 1369 0
 3764 0022 0021     		movs	r1, #0
1370:Generated_Source\PSoC5/UART.c ****         UART_txBufferWrite = 0u;
1371:Generated_Source\PSoC5/UART.c **** 
1372:Generated_Source\PSoC5/UART.c ****         /* Enable Tx interrupt. */
1373:Generated_Source\PSoC5/UART.c ****         UART_EnableTxInt();
 3765              		.loc 1 1373 0
 3766 0024 0548     		ldr	r0, .L207+12
1367:Generated_Source\PSoC5/UART.c **** 
 3767              		.loc 1 1367 0
 3768 0026 2360     		str	r3, [r4]
1370:Generated_Source\PSoC5/UART.c ****         UART_txBufferWrite = 0u;
 3769              		.loc 1 1370 0
 3770 0028 D171     		strb	r1, [r2, #7]
1369:Generated_Source\PSoC5/UART.c ****         UART_txBufferWrite = 0u;
 3771              		.loc 1 1369 0
 3772 002a 9171     		strb	r1, [r2, #6]
 3773              		.loc 1 1373 0
 3774 002c 0360     		str	r3, [r0]
 3775 002e 10BD     		pop	{r4, pc}
 3776              	.L208:
 3777              		.align	2
 3778              	.L207:
 3779 0030 9F640040 		.word	1073767583
 3780 0034 80E100E0 		.word	-536813184
 3781 0038 00000000 		.word	.LANCHOR0
 3782 003c 00E100E0 		.word	-536813312
 3783              		.cfi_endproc
 3784              	.LFE24:
 3785              		.size	UART_ClearTxBuffer, .-UART_ClearTxBuffer
 3786              		.section	.text.UART_SendBreak,"ax",%progbits
 3787              		.align	2
 3788              		.global	UART_SendBreak
 3789              		.thumb
 3790              		.thumb_func
 3791              		.type	UART_SendBreak, %function
 3792              	UART_SendBreak:
 3793              	.LFB25:
1374:Generated_Source\PSoC5/UART.c **** 
1375:Generated_Source\PSoC5/UART.c ****     #endif /* (UART_TX_INTERRUPT_ENABLED) */
1376:Generated_Source\PSoC5/UART.c ****     }
1377:Generated_Source\PSoC5/UART.c **** 
1378:Generated_Source\PSoC5/UART.c **** 
1379:Generated_Source\PSoC5/UART.c ****     /*******************************************************************************
1380:Generated_Source\PSoC5/UART.c ****     * Function Name: UART_SendBreak
1381:Generated_Source\PSoC5/UART.c ****     ********************************************************************************
1382:Generated_Source\PSoC5/UART.c ****     *
1383:Generated_Source\PSoC5/UART.c ****     * Summary:
1384:Generated_Source\PSoC5/UART.c ****     *  Transmits a break signal on the bus.
ARM GAS  C:\Users\elias\AppData\Local\Temp\cc0Or0pr.s 			page 187


1385:Generated_Source\PSoC5/UART.c ****     *
1386:Generated_Source\PSoC5/UART.c ****     * Parameters:
1387:Generated_Source\PSoC5/UART.c ****     *  uint8 retMode:  Send Break return mode. See the following table for options.
1388:Generated_Source\PSoC5/UART.c ****     *   UART_SEND_BREAK - Initialize registers for break, send the Break
1389:Generated_Source\PSoC5/UART.c ****     *       signal and return immediately.
1390:Generated_Source\PSoC5/UART.c ****     *   UART_WAIT_FOR_COMPLETE_REINIT - Wait until break transmission is
1391:Generated_Source\PSoC5/UART.c ****     *       complete, reinitialize registers to normal transmission mode then return
1392:Generated_Source\PSoC5/UART.c ****     *   UART_REINIT - Reinitialize registers to normal transmission mode
1393:Generated_Source\PSoC5/UART.c ****     *       then return.
1394:Generated_Source\PSoC5/UART.c ****     *   UART_SEND_WAIT_REINIT - Performs both options: 
1395:Generated_Source\PSoC5/UART.c ****     *      UART_SEND_BREAK and UART_WAIT_FOR_COMPLETE_REINIT.
1396:Generated_Source\PSoC5/UART.c ****     *      This option is recommended for most cases.
1397:Generated_Source\PSoC5/UART.c ****     *
1398:Generated_Source\PSoC5/UART.c ****     * Return:
1399:Generated_Source\PSoC5/UART.c ****     *  None.
1400:Generated_Source\PSoC5/UART.c ****     *
1401:Generated_Source\PSoC5/UART.c ****     * Global Variables:
1402:Generated_Source\PSoC5/UART.c ****     *  UART_initVar - checked to identify that the component has been
1403:Generated_Source\PSoC5/UART.c ****     *     initialized.
1404:Generated_Source\PSoC5/UART.c ****     *  txPeriod - static variable, used for keeping TX period configuration.
1405:Generated_Source\PSoC5/UART.c ****     *
1406:Generated_Source\PSoC5/UART.c ****     * Reentrant:
1407:Generated_Source\PSoC5/UART.c ****     *  No.
1408:Generated_Source\PSoC5/UART.c ****     *
1409:Generated_Source\PSoC5/UART.c ****     * Theory:
1410:Generated_Source\PSoC5/UART.c ****     *  SendBreak function initializes registers to send 13-bit break signal. It is
1411:Generated_Source\PSoC5/UART.c ****     *  important to return the registers configuration to normal for continue 8-bit
1412:Generated_Source\PSoC5/UART.c ****     *  operation.
1413:Generated_Source\PSoC5/UART.c ****     *  There are 3 variants for this API usage:
1414:Generated_Source\PSoC5/UART.c ****     *  1) SendBreak(3) - function will send the Break signal and take care on the
1415:Generated_Source\PSoC5/UART.c ****     *     configuration returning. Function will block CPU until transmission
1416:Generated_Source\PSoC5/UART.c ****     *     complete.
1417:Generated_Source\PSoC5/UART.c ****     *  2) User may want to use blocking time if UART configured to the low speed
1418:Generated_Source\PSoC5/UART.c ****     *     operation
1419:Generated_Source\PSoC5/UART.c ****     *     Example for this case:
1420:Generated_Source\PSoC5/UART.c ****     *     SendBreak(0);     - initialize Break signal transmission
1421:Generated_Source\PSoC5/UART.c ****     *         Add your code here to use CPU time
1422:Generated_Source\PSoC5/UART.c ****     *     SendBreak(1);     - complete Break operation
1423:Generated_Source\PSoC5/UART.c ****     *  3) Same to 2) but user may want to initialize and use the interrupt to
1424:Generated_Source\PSoC5/UART.c ****     *     complete break operation.
1425:Generated_Source\PSoC5/UART.c ****     *     Example for this case:
1426:Generated_Source\PSoC5/UART.c ****     *     Initialize TX interrupt with "TX - On TX Complete" parameter
1427:Generated_Source\PSoC5/UART.c ****     *     SendBreak(0);     - initialize Break signal transmission
1428:Generated_Source\PSoC5/UART.c ****     *         Add your code here to use CPU time
1429:Generated_Source\PSoC5/UART.c ****     *     When interrupt appear with UART_TX_STS_COMPLETE status:
1430:Generated_Source\PSoC5/UART.c ****     *     SendBreak(2);     - complete Break operation
1431:Generated_Source\PSoC5/UART.c ****     *
1432:Generated_Source\PSoC5/UART.c ****     * Side Effects:
1433:Generated_Source\PSoC5/UART.c ****     *  The UART_SendBreak() function initializes registers to send a
1434:Generated_Source\PSoC5/UART.c ****     *  break signal.
1435:Generated_Source\PSoC5/UART.c ****     *  Break signal length depends on the break signal bits configuration.
1436:Generated_Source\PSoC5/UART.c ****     *  The register configuration should be reinitialized before normal 8-bit
1437:Generated_Source\PSoC5/UART.c ****     *  communication can continue.
1438:Generated_Source\PSoC5/UART.c ****     *
1439:Generated_Source\PSoC5/UART.c ****     *******************************************************************************/
1440:Generated_Source\PSoC5/UART.c ****     void UART_SendBreak(uint8 retMode) 
1441:Generated_Source\PSoC5/UART.c ****     {
ARM GAS  C:\Users\elias\AppData\Local\Temp\cc0Or0pr.s 			page 188


 3794              		.loc 1 1441 0
 3795              		.cfi_startproc
 3796              		@ args = 0, pretend = 0, frame = 0
 3797              		@ frame_needed = 0, uses_anonymous_args = 0
 3798              		@ link register save eliminated.
 3799              	.LVL93:
1442:Generated_Source\PSoC5/UART.c **** 
1443:Generated_Source\PSoC5/UART.c ****         /* If not Initialized then skip this function*/
1444:Generated_Source\PSoC5/UART.c ****         if(UART_initVar != 0u)
 3800              		.loc 1 1444 0
 3801 0000 1249     		ldr	r1, .L235
 3802 0002 0B78     		ldrb	r3, [r1]	@ zero_extendqisi2
 3803 0004 C3B1     		cbz	r3, .L233
 3804              	.LVL94:
1441:Generated_Source\PSoC5/UART.c **** 
 3805              		.loc 1 1441 0
 3806 0006 F0B4     		push	{r4, r5, r6, r7}
 3807              		.cfi_def_cfa_offset 16
 3808              		.cfi_offset 4, -16
 3809              		.cfi_offset 5, -12
 3810              		.cfi_offset 6, -8
 3811              		.cfi_offset 7, -4
 3812              	.LBB84:
 3813              	.LBB85:
1445:Generated_Source\PSoC5/UART.c ****         {
1446:Generated_Source\PSoC5/UART.c ****             /* Set the Counter to 13-bits and transmit a 00 byte */
1447:Generated_Source\PSoC5/UART.c ****             /* When that is done then reset the counter value back */
1448:Generated_Source\PSoC5/UART.c ****             uint8 tmpStat;
1449:Generated_Source\PSoC5/UART.c **** 
1450:Generated_Source\PSoC5/UART.c ****         #if(UART_HD_ENABLED) /* Half Duplex mode*/
1451:Generated_Source\PSoC5/UART.c **** 
1452:Generated_Source\PSoC5/UART.c ****             if( (retMode == UART_SEND_BREAK) ||
1453:Generated_Source\PSoC5/UART.c ****                 (retMode == UART_SEND_WAIT_REINIT ) )
1454:Generated_Source\PSoC5/UART.c ****             {
1455:Generated_Source\PSoC5/UART.c ****                 /* CTRL_HD_SEND_BREAK - sends break bits in HD mode */
1456:Generated_Source\PSoC5/UART.c ****                 UART_WriteControlRegister(UART_ReadControlRegister() |
1457:Generated_Source\PSoC5/UART.c ****                                                       UART_CTRL_HD_SEND_BREAK);
1458:Generated_Source\PSoC5/UART.c ****                 /* Send zeros */
1459:Generated_Source\PSoC5/UART.c ****                 UART_TXDATA_REG = 0u;
1460:Generated_Source\PSoC5/UART.c **** 
1461:Generated_Source\PSoC5/UART.c ****                 do /* Wait until transmit starts */
1462:Generated_Source\PSoC5/UART.c ****                 {
1463:Generated_Source\PSoC5/UART.c ****                     tmpStat = UART_TXSTATUS_REG;
1464:Generated_Source\PSoC5/UART.c ****                 }
1465:Generated_Source\PSoC5/UART.c ****                 while((tmpStat & UART_TX_STS_FIFO_EMPTY) != 0u);
1466:Generated_Source\PSoC5/UART.c ****             }
1467:Generated_Source\PSoC5/UART.c **** 
1468:Generated_Source\PSoC5/UART.c ****             if( (retMode == UART_WAIT_FOR_COMPLETE_REINIT) ||
1469:Generated_Source\PSoC5/UART.c ****                 (retMode == UART_SEND_WAIT_REINIT) )
1470:Generated_Source\PSoC5/UART.c ****             {
1471:Generated_Source\PSoC5/UART.c ****                 do /* Wait until transmit complete */
1472:Generated_Source\PSoC5/UART.c ****                 {
1473:Generated_Source\PSoC5/UART.c ****                     tmpStat = UART_TXSTATUS_REG;
1474:Generated_Source\PSoC5/UART.c ****                 }
1475:Generated_Source\PSoC5/UART.c ****                 while(((uint8)~tmpStat & UART_TX_STS_COMPLETE) != 0u);
1476:Generated_Source\PSoC5/UART.c ****             }
1477:Generated_Source\PSoC5/UART.c **** 
ARM GAS  C:\Users\elias\AppData\Local\Temp\cc0Or0pr.s 			page 189


1478:Generated_Source\PSoC5/UART.c ****             if( (retMode == UART_WAIT_FOR_COMPLETE_REINIT) ||
1479:Generated_Source\PSoC5/UART.c ****                 (retMode == UART_REINIT) ||
1480:Generated_Source\PSoC5/UART.c ****                 (retMode == UART_SEND_WAIT_REINIT) )
1481:Generated_Source\PSoC5/UART.c ****             {
1482:Generated_Source\PSoC5/UART.c ****                 UART_WriteControlRegister(UART_ReadControlRegister() &
1483:Generated_Source\PSoC5/UART.c ****                                               (uint8)~UART_CTRL_HD_SEND_BREAK);
1484:Generated_Source\PSoC5/UART.c ****             }
1485:Generated_Source\PSoC5/UART.c **** 
1486:Generated_Source\PSoC5/UART.c ****         #else /* UART_HD_ENABLED Full Duplex mode */
1487:Generated_Source\PSoC5/UART.c **** 
1488:Generated_Source\PSoC5/UART.c ****             static uint8 txPeriod;
1489:Generated_Source\PSoC5/UART.c **** 
1490:Generated_Source\PSoC5/UART.c ****             if( (retMode == UART_SEND_BREAK) ||
 3814              		.loc 1 1490 0
 3815 0008 B8B9     		cbnz	r0, .L234
 3816              	.L212:
1491:Generated_Source\PSoC5/UART.c ****                 (retMode == UART_SEND_WAIT_REINIT) )
1492:Generated_Source\PSoC5/UART.c ****             {
1493:Generated_Source\PSoC5/UART.c ****                 /* CTRL_HD_SEND_BREAK - skip to send parity bit at Break signal in Full Duplex mode
1494:Generated_Source\PSoC5/UART.c ****                 #if( (UART_PARITY_TYPE != UART__B_UART__NONE_REVB) || \
1495:Generated_Source\PSoC5/UART.c ****                                     (UART_PARITY_TYPE_SW != 0u) )
1496:Generated_Source\PSoC5/UART.c ****                     UART_WriteControlRegister(UART_ReadControlRegister() |
1497:Generated_Source\PSoC5/UART.c ****                                                           UART_CTRL_HD_SEND_BREAK);
1498:Generated_Source\PSoC5/UART.c ****                 #endif /* End UART_PARITY_TYPE != UART__B_UART__NONE_REVB  */
1499:Generated_Source\PSoC5/UART.c **** 
1500:Generated_Source\PSoC5/UART.c ****                 #if(UART_TXCLKGEN_DP)
1501:Generated_Source\PSoC5/UART.c ****                     txPeriod = UART_TXBITCLKTX_COMPLETE_REG;
 3817              		.loc 1 1501 0
 3818 000a 114B     		ldr	r3, .L235+4
1502:Generated_Source\PSoC5/UART.c ****                     UART_TXBITCLKTX_COMPLETE_REG = UART_TXBITCTR_BREAKBITS;
1503:Generated_Source\PSoC5/UART.c ****                 #else
1504:Generated_Source\PSoC5/UART.c ****                     txPeriod = UART_TXBITCTR_PERIOD_REG;
1505:Generated_Source\PSoC5/UART.c ****                     UART_TXBITCTR_PERIOD_REG = UART_TXBITCTR_BREAKBITS8X;
1506:Generated_Source\PSoC5/UART.c ****                 #endif /* End UART_TXCLKGEN_DP */
1507:Generated_Source\PSoC5/UART.c **** 
1508:Generated_Source\PSoC5/UART.c ****                 /* Send zeros */
1509:Generated_Source\PSoC5/UART.c ****                 UART_TXDATA_REG = 0u;
 3819              		.loc 1 1509 0
 3820 000c 114C     		ldr	r4, .L235+8
1501:Generated_Source\PSoC5/UART.c ****                     UART_TXBITCLKTX_COMPLETE_REG = UART_TXBITCTR_BREAKBITS;
 3821              		.loc 1 1501 0
 3822 000e 1F78     		ldrb	r7, [r3]	@ zero_extendqisi2
1502:Generated_Source\PSoC5/UART.c ****                     UART_TXBITCLKTX_COMPLETE_REG = UART_TXBITCTR_BREAKBITS;
 3823              		.loc 1 1502 0
 3824 0010 6726     		movs	r6, #103
 3825              		.loc 1 1509 0
 3826 0012 0025     		movs	r5, #0
1510:Generated_Source\PSoC5/UART.c **** 
1511:Generated_Source\PSoC5/UART.c ****                 do /* Wait until transmit starts */
1512:Generated_Source\PSoC5/UART.c ****                 {
1513:Generated_Source\PSoC5/UART.c ****                     tmpStat = UART_TXSTATUS_REG;
 3827              		.loc 1 1513 0
 3828 0014 104A     		ldr	r2, .L235+12
1501:Generated_Source\PSoC5/UART.c ****                     UART_TXBITCLKTX_COMPLETE_REG = UART_TXBITCTR_BREAKBITS;
 3829              		.loc 1 1501 0
 3830 0016 0F72     		strb	r7, [r1, #8]
1502:Generated_Source\PSoC5/UART.c ****                 #else
ARM GAS  C:\Users\elias\AppData\Local\Temp\cc0Or0pr.s 			page 190


 3831              		.loc 1 1502 0
 3832 0018 1E70     		strb	r6, [r3]
1509:Generated_Source\PSoC5/UART.c **** 
 3833              		.loc 1 1509 0
 3834 001a 2570     		strb	r5, [r4]
 3835              	.L214:
 3836              		.loc 1 1513 0
 3837 001c 1378     		ldrb	r3, [r2]	@ zero_extendqisi2
 3838              	.LVL95:
1514:Generated_Source\PSoC5/UART.c ****                 }
1515:Generated_Source\PSoC5/UART.c ****                 while((tmpStat & UART_TX_STS_FIFO_EMPTY) != 0u);
 3839              		.loc 1 1515 0
 3840 001e 9C07     		lsls	r4, r3, #30
 3841 0020 FCD4     		bmi	.L214
1516:Generated_Source\PSoC5/UART.c ****             }
1517:Generated_Source\PSoC5/UART.c **** 
1518:Generated_Source\PSoC5/UART.c ****             if( (retMode == UART_WAIT_FOR_COMPLETE_REINIT) ||
 3842              		.loc 1 1518 0
 3843 0022 00F0FD03 		and	r3, r0, #253
 3844              	.LVL96:
 3845 0026 012B     		cmp	r3, #1
 3846 0028 0BD0     		beq	.L215
 3847              	.L219:
1519:Generated_Source\PSoC5/UART.c ****                 (retMode == UART_SEND_WAIT_REINIT) )
1520:Generated_Source\PSoC5/UART.c ****             {
1521:Generated_Source\PSoC5/UART.c ****                 do /* Wait until transmit complete */
1522:Generated_Source\PSoC5/UART.c ****                 {
1523:Generated_Source\PSoC5/UART.c ****                     tmpStat = UART_TXSTATUS_REG;
1524:Generated_Source\PSoC5/UART.c ****                 }
1525:Generated_Source\PSoC5/UART.c ****                 while(((uint8)~tmpStat & UART_TX_STS_COMPLETE) != 0u);
1526:Generated_Source\PSoC5/UART.c ****             }
1527:Generated_Source\PSoC5/UART.c **** 
1528:Generated_Source\PSoC5/UART.c ****             if( (retMode == UART_WAIT_FOR_COMPLETE_REINIT) ||
 3848              		.loc 1 1528 0
 3849 002a 0138     		subs	r0, r0, #1
 3850              	.LVL97:
 3851 002c 0228     		cmp	r0, #2
 3852 002e 02D8     		bhi	.L209
1529:Generated_Source\PSoC5/UART.c ****                 (retMode == UART_REINIT) ||
1530:Generated_Source\PSoC5/UART.c ****                 (retMode == UART_SEND_WAIT_REINIT) )
1531:Generated_Source\PSoC5/UART.c ****             {
1532:Generated_Source\PSoC5/UART.c **** 
1533:Generated_Source\PSoC5/UART.c ****             #if(UART_TXCLKGEN_DP)
1534:Generated_Source\PSoC5/UART.c ****                 UART_TXBITCLKTX_COMPLETE_REG = txPeriod;
 3853              		.loc 1 1534 0
 3854 0030 0A7A     		ldrb	r2, [r1, #8]	@ zero_extendqisi2
 3855 0032 074B     		ldr	r3, .L235+4
 3856 0034 1A70     		strb	r2, [r3]
 3857              	.L209:
 3858              	.LBE85:
 3859              	.LBE84:
1535:Generated_Source\PSoC5/UART.c ****             #else
1536:Generated_Source\PSoC5/UART.c ****                 UART_TXBITCTR_PERIOD_REG = txPeriod;
1537:Generated_Source\PSoC5/UART.c ****             #endif /* End UART_TXCLKGEN_DP */
1538:Generated_Source\PSoC5/UART.c **** 
1539:Generated_Source\PSoC5/UART.c ****             #if( (UART_PARITY_TYPE != UART__B_UART__NONE_REVB) || \
1540:Generated_Source\PSoC5/UART.c ****                  (UART_PARITY_TYPE_SW != 0u) )
ARM GAS  C:\Users\elias\AppData\Local\Temp\cc0Or0pr.s 			page 191


1541:Generated_Source\PSoC5/UART.c ****                 UART_WriteControlRegister(UART_ReadControlRegister() &
1542:Generated_Source\PSoC5/UART.c ****                                                       (uint8) ~UART_CTRL_HD_SEND_BREAK);
1543:Generated_Source\PSoC5/UART.c ****             #endif /* End UART_PARITY_TYPE != NONE */
1544:Generated_Source\PSoC5/UART.c ****             }
1545:Generated_Source\PSoC5/UART.c ****         #endif    /* End UART_HD_ENABLED */
1546:Generated_Source\PSoC5/UART.c ****         }
1547:Generated_Source\PSoC5/UART.c ****     }
 3860              		.loc 1 1547 0
 3861 0036 F0BC     		pop	{r4, r5, r6, r7}
 3862              		.cfi_restore 7
 3863              		.cfi_restore 6
 3864              		.cfi_restore 5
 3865              		.cfi_restore 4
 3866              		.cfi_def_cfa_offset 0
 3867              	.LVL98:
 3868              	.L233:
 3869 0038 7047     		bx	lr
 3870              	.LVL99:
 3871              	.L234:
 3872              		.cfi_def_cfa_offset 16
 3873              		.cfi_offset 4, -16
 3874              		.cfi_offset 5, -12
 3875              		.cfi_offset 6, -8
 3876              		.cfi_offset 7, -4
 3877              	.LBB87:
 3878              	.LBB86:
1490:Generated_Source\PSoC5/UART.c ****                 (retMode == UART_SEND_WAIT_REINIT) )
 3879              		.loc 1 1490 0
 3880 003a 0328     		cmp	r0, #3
 3881 003c E5D0     		beq	.L212
1518:Generated_Source\PSoC5/UART.c ****                 (retMode == UART_SEND_WAIT_REINIT) )
 3882              		.loc 1 1518 0
 3883 003e 0128     		cmp	r0, #1
 3884 0040 F3D1     		bne	.L219
 3885              	.L215:
1523:Generated_Source\PSoC5/UART.c ****                 }
 3886              		.loc 1 1523 0
 3887 0042 054A     		ldr	r2, .L235+12
 3888              	.L218:
 3889 0044 1378     		ldrb	r3, [r2]	@ zero_extendqisi2
 3890              	.LVL100:
1525:Generated_Source\PSoC5/UART.c ****             }
 3891              		.loc 1 1525 0
 3892 0046 DB07     		lsls	r3, r3, #31
 3893              	.LVL101:
 3894 0048 FCD5     		bpl	.L218
 3895 004a EEE7     		b	.L219
 3896              	.L236:
 3897              		.align	2
 3898              	.L235:
 3899 004c 00000000 		.word	.LANCHOR0
 3900 0050 3E640040 		.word	1073767486
 3901 0054 4F640040 		.word	1073767503
 3902 0058 6F640040 		.word	1073767535
 3903              	.LBE86:
 3904              	.LBE87:
 3905              		.cfi_endproc
ARM GAS  C:\Users\elias\AppData\Local\Temp\cc0Or0pr.s 			page 192


 3906              	.LFE25:
 3907              		.size	UART_SendBreak, .-UART_SendBreak
 3908              		.section	.text.UART_SetTxAddressMode,"ax",%progbits
 3909              		.align	2
 3910              		.global	UART_SetTxAddressMode
 3911              		.thumb
 3912              		.thumb_func
 3913              		.type	UART_SetTxAddressMode, %function
 3914              	UART_SetTxAddressMode:
 3915              	.LFB26:
1548:Generated_Source\PSoC5/UART.c **** 
1549:Generated_Source\PSoC5/UART.c **** 
1550:Generated_Source\PSoC5/UART.c ****     /*******************************************************************************
1551:Generated_Source\PSoC5/UART.c ****     * Function Name: UART_SetTxAddressMode
1552:Generated_Source\PSoC5/UART.c ****     ********************************************************************************
1553:Generated_Source\PSoC5/UART.c ****     *
1554:Generated_Source\PSoC5/UART.c ****     * Summary:
1555:Generated_Source\PSoC5/UART.c ****     *  Configures the transmitter to signal the next bytes is address or data.
1556:Generated_Source\PSoC5/UART.c ****     *
1557:Generated_Source\PSoC5/UART.c ****     * Parameters:
1558:Generated_Source\PSoC5/UART.c ****     *  addressMode: 
1559:Generated_Source\PSoC5/UART.c ****     *       UART_SET_SPACE - Configure the transmitter to send the next
1560:Generated_Source\PSoC5/UART.c ****     *                                    byte as a data.
1561:Generated_Source\PSoC5/UART.c ****     *       UART_SET_MARK  - Configure the transmitter to send the next
1562:Generated_Source\PSoC5/UART.c ****     *                                    byte as an address.
1563:Generated_Source\PSoC5/UART.c ****     *
1564:Generated_Source\PSoC5/UART.c ****     * Return:
1565:Generated_Source\PSoC5/UART.c ****     *  None.
1566:Generated_Source\PSoC5/UART.c ****     *
1567:Generated_Source\PSoC5/UART.c ****     * Side Effects:
1568:Generated_Source\PSoC5/UART.c ****     *  This function sets and clears UART_CTRL_MARK bit in the Control
1569:Generated_Source\PSoC5/UART.c ****     *  register.
1570:Generated_Source\PSoC5/UART.c ****     *
1571:Generated_Source\PSoC5/UART.c ****     *******************************************************************************/
1572:Generated_Source\PSoC5/UART.c ****     void UART_SetTxAddressMode(uint8 addressMode) 
1573:Generated_Source\PSoC5/UART.c ****     {
 3916              		.loc 1 1573 0
 3917              		.cfi_startproc
 3918              		@ args = 0, pretend = 0, frame = 0
 3919              		@ frame_needed = 0, uses_anonymous_args = 0
 3920              		@ link register save eliminated.
 3921              	.LVL102:
 3922 0000 7047     		bx	lr
 3923              		.cfi_endproc
 3924              	.LFE26:
 3925              		.size	UART_SetTxAddressMode, .-UART_SetTxAddressMode
 3926              		.global	UART_rxBufferOverflow
 3927              		.global	UART_rxBufferLoopDetect
 3928              		.global	UART_rxBufferWrite
 3929              		.global	UART_rxBufferRead
 3930              		.comm	UART_rxBuffer,32,4
 3931              		.global	UART_errorStatus
 3932              		.global	UART_txBufferWrite
 3933              		.global	UART_txBufferRead
 3934              		.comm	UART_txBuffer,128,4
 3935              		.global	UART_initVar
 3936 0002 00BF     		.bss
ARM GAS  C:\Users\elias\AppData\Local\Temp\cc0Or0pr.s 			page 193


 3937              		.set	.LANCHOR0,. + 0
 3938              		.type	UART_initVar, %object
 3939              		.size	UART_initVar, 1
 3940              	UART_initVar:
 3941 0000 00       		.space	1
 3942              		.type	UART_errorStatus, %object
 3943              		.size	UART_errorStatus, 1
 3944              	UART_errorStatus:
 3945 0001 00       		.space	1
 3946              		.type	UART_rxBufferRead, %object
 3947              		.size	UART_rxBufferRead, 1
 3948              	UART_rxBufferRead:
 3949 0002 00       		.space	1
 3950              		.type	UART_rxBufferWrite, %object
 3951              		.size	UART_rxBufferWrite, 1
 3952              	UART_rxBufferWrite:
 3953 0003 00       		.space	1
 3954              		.type	UART_rxBufferLoopDetect, %object
 3955              		.size	UART_rxBufferLoopDetect, 1
 3956              	UART_rxBufferLoopDetect:
 3957 0004 00       		.space	1
 3958              		.type	UART_rxBufferOverflow, %object
 3959              		.size	UART_rxBufferOverflow, 1
 3960              	UART_rxBufferOverflow:
 3961 0005 00       		.space	1
 3962              		.type	UART_txBufferRead, %object
 3963              		.size	UART_txBufferRead, 1
 3964              	UART_txBufferRead:
 3965 0006 00       		.space	1
 3966              		.type	UART_txBufferWrite, %object
 3967              		.size	UART_txBufferWrite, 1
 3968              	UART_txBufferWrite:
 3969 0007 00       		.space	1
 3970              		.type	txPeriod.5150, %object
 3971              		.size	txPeriod.5150, 1
 3972              	txPeriod.5150:
 3973 0008 00       		.space	1
 3974              		.text
 3975              	.Letext0:
 3976              		.file 2 "Generated_Source\\PSoC5\\cytypes.h"
 3977              		.file 3 "Generated_Source\\PSoC5\\CyLib.h"
 3978              		.file 4 "Generated_Source\\PSoC5\\UART_IntClock.h"
 3979              		.section	.debug_info,"",%progbits
 3980              	.Ldebug_info0:
 3981 0000 DB090000 		.4byte	0x9db
 3982 0004 0400     		.2byte	0x4
 3983 0006 00000000 		.4byte	.Ldebug_abbrev0
 3984 000a 04       		.byte	0x4
 3985 000b 01       		.uleb128 0x1
 3986 000c 0C030000 		.4byte	.LASF79
 3987 0010 0C       		.byte	0xc
 3988 0011 D5030000 		.4byte	.LASF80
 3989 0015 A5040000 		.4byte	.LASF81
 3990 0019 38010000 		.4byte	.Ldebug_ranges0+0x138
 3991 001d 00000000 		.4byte	0
 3992 0021 00000000 		.4byte	.Ldebug_line0
 3993 0025 02       		.uleb128 0x2
ARM GAS  C:\Users\elias\AppData\Local\Temp\cc0Or0pr.s 			page 194


 3994 0026 01       		.byte	0x1
 3995 0027 06       		.byte	0x6
 3996 0028 B2000000 		.4byte	.LASF0
 3997 002c 02       		.uleb128 0x2
 3998 002d 01       		.byte	0x1
 3999 002e 08       		.byte	0x8
 4000 002f 1B040000 		.4byte	.LASF1
 4001 0033 02       		.uleb128 0x2
 4002 0034 02       		.byte	0x2
 4003 0035 05       		.byte	0x5
 4004 0036 3A040000 		.4byte	.LASF2
 4005 003a 02       		.uleb128 0x2
 4006 003b 02       		.byte	0x2
 4007 003c 07       		.byte	0x7
 4008 003d 1D020000 		.4byte	.LASF3
 4009 0041 02       		.uleb128 0x2
 4010 0042 04       		.byte	0x4
 4011 0043 05       		.byte	0x5
 4012 0044 BE000000 		.4byte	.LASF4
 4013 0048 02       		.uleb128 0x2
 4014 0049 04       		.byte	0x4
 4015 004a 07       		.byte	0x7
 4016 004b B8010000 		.4byte	.LASF5
 4017 004f 02       		.uleb128 0x2
 4018 0050 08       		.byte	0x8
 4019 0051 05       		.byte	0x5
 4020 0052 A4000000 		.4byte	.LASF6
 4021 0056 02       		.uleb128 0x2
 4022 0057 08       		.byte	0x8
 4023 0058 07       		.byte	0x7
 4024 0059 42000000 		.4byte	.LASF7
 4025 005d 03       		.uleb128 0x3
 4026 005e 04       		.byte	0x4
 4027 005f 05       		.byte	0x5
 4028 0060 696E7400 		.ascii	"int\000"
 4029 0064 02       		.uleb128 0x2
 4030 0065 04       		.byte	0x4
 4031 0066 07       		.byte	0x7
 4032 0067 7C010000 		.4byte	.LASF8
 4033 006b 04       		.uleb128 0x4
 4034 006c E4000000 		.4byte	.LASF9
 4035 0070 02       		.byte	0x2
 4036 0071 E901     		.2byte	0x1e9
 4037 0073 2C000000 		.4byte	0x2c
 4038 0077 04       		.uleb128 0x4
 4039 0078 00000000 		.4byte	.LASF10
 4040 007c 02       		.byte	0x2
 4041 007d EA01     		.2byte	0x1ea
 4042 007f 3A000000 		.4byte	0x3a
 4043 0083 04       		.uleb128 0x4
 4044 0084 29010000 		.4byte	.LASF11
 4045 0088 02       		.byte	0x2
 4046 0089 EB01     		.2byte	0x1eb
 4047 008b 48000000 		.4byte	0x48
 4048 008f 02       		.uleb128 0x2
 4049 0090 04       		.byte	0x4
 4050 0091 04       		.byte	0x4
ARM GAS  C:\Users\elias\AppData\Local\Temp\cc0Or0pr.s 			page 195


 4051 0092 4E050000 		.4byte	.LASF12
 4052 0096 02       		.uleb128 0x2
 4053 0097 08       		.byte	0x8
 4054 0098 04       		.byte	0x4
 4055 0099 03010000 		.4byte	.LASF13
 4056 009d 04       		.uleb128 0x4
 4057 009e 87040000 		.4byte	.LASF14
 4058 00a2 02       		.byte	0x2
 4059 00a3 FA01     		.2byte	0x1fa
 4060 00a5 A9000000 		.4byte	0xa9
 4061 00a9 02       		.uleb128 0x2
 4062 00aa 01       		.byte	0x1
 4063 00ab 08       		.byte	0x8
 4064 00ac 82040000 		.4byte	.LASF15
 4065 00b0 04       		.uleb128 0x4
 4066 00b1 16040000 		.4byte	.LASF16
 4067 00b5 02       		.byte	0x2
 4068 00b6 9302     		.2byte	0x293
 4069 00b8 BC000000 		.4byte	0xbc
 4070 00bc 05       		.uleb128 0x5
 4071 00bd 6B000000 		.4byte	0x6b
 4072 00c1 04       		.uleb128 0x4
 4073 00c2 8E020000 		.4byte	.LASF17
 4074 00c6 02       		.byte	0x2
 4075 00c7 9502     		.2byte	0x295
 4076 00c9 CD000000 		.4byte	0xcd
 4077 00cd 05       		.uleb128 0x5
 4078 00ce 83000000 		.4byte	0x83
 4079 00d2 02       		.uleb128 0x2
 4080 00d3 08       		.byte	0x8
 4081 00d4 04       		.byte	0x4
 4082 00d5 A5020000 		.4byte	.LASF18
 4083 00d9 02       		.uleb128 0x2
 4084 00da 04       		.byte	0x4
 4085 00db 07       		.byte	0x7
 4086 00dc 9C020000 		.4byte	.LASF19
 4087 00e0 06       		.uleb128 0x6
 4088 00e1 29040000 		.4byte	.LASF20
 4089 00e5 01       		.byte	0x1
 4090 00e6 AE03     		.2byte	0x3ae
 4091 00e8 01       		.byte	0x1
 4092 00e9 FA000000 		.4byte	0xfa
 4093 00ed 07       		.uleb128 0x7
 4094 00ee 1D000000 		.4byte	.LASF22
 4095 00f2 01       		.byte	0x1
 4096 00f3 AE03     		.2byte	0x3ae
 4097 00f5 6B000000 		.4byte	0x6b
 4098 00f9 00       		.byte	0
 4099 00fa 06       		.uleb128 0x6
 4100 00fb 54050000 		.4byte	.LASF21
 4101 00ff 01       		.byte	0x1
 4102 0100 7904     		.2byte	0x479
 4103 0102 01       		.byte	0x1
 4104 0103 20010000 		.4byte	0x120
 4105 0107 07       		.uleb128 0x7
 4106 0108 3B000000 		.4byte	.LASF23
 4107 010c 01       		.byte	0x1
ARM GAS  C:\Users\elias\AppData\Local\Temp\cc0Or0pr.s 			page 196


 4108 010d 7904     		.2byte	0x479
 4109 010f 20010000 		.4byte	0x120
 4110 0113 08       		.uleb128 0x8
 4111 0114 42020000 		.4byte	.LASF26
 4112 0118 01       		.byte	0x1
 4113 0119 7B04     		.2byte	0x47b
 4114 011b 77000000 		.4byte	0x77
 4115 011f 00       		.byte	0
 4116 0120 09       		.uleb128 0x9
 4117 0121 04       		.byte	0x4
 4118 0122 26010000 		.4byte	0x126
 4119 0126 0A       		.uleb128 0xa
 4120 0127 9D000000 		.4byte	0x9d
 4121 012b 06       		.uleb128 0x6
 4122 012c DB010000 		.4byte	.LASF24
 4123 0130 01       		.byte	0x1
 4124 0131 A704     		.2byte	0x4a7
 4125 0133 01       		.byte	0x1
 4126 0134 5D010000 		.4byte	0x15d
 4127 0138 07       		.uleb128 0x7
 4128 0139 3B000000 		.4byte	.LASF23
 4129 013d 01       		.byte	0x1
 4130 013e A704     		.2byte	0x4a7
 4131 0140 5D010000 		.4byte	0x15d
 4132 0144 07       		.uleb128 0x7
 4133 0145 53040000 		.4byte	.LASF25
 4134 0149 01       		.byte	0x1
 4135 014a A704     		.2byte	0x4a7
 4136 014c 6B000000 		.4byte	0x6b
 4137 0150 08       		.uleb128 0x8
 4138 0151 42020000 		.4byte	.LASF26
 4139 0155 01       		.byte	0x1
 4140 0156 AA04     		.2byte	0x4aa
 4141 0158 6B000000 		.4byte	0x6b
 4142 015c 00       		.byte	0
 4143 015d 09       		.uleb128 0x9
 4144 015e 04       		.byte	0x4
 4145 015f 63010000 		.4byte	0x163
 4146 0163 0A       		.uleb128 0xa
 4147 0164 6B000000 		.4byte	0x6b
 4148 0168 06       		.uleb128 0x6
 4149 0169 9C010000 		.4byte	.LASF27
 4150 016d 01       		.byte	0x1
 4151 016e CE04     		.2byte	0x4ce
 4152 0170 01       		.byte	0x1
 4153 0171 82010000 		.4byte	0x182
 4154 0175 07       		.uleb128 0x7
 4155 0176 1D000000 		.4byte	.LASF22
 4156 017a 01       		.byte	0x1
 4157 017b CE04     		.2byte	0x4ce
 4158 017d 6B000000 		.4byte	0x6b
 4159 0181 00       		.byte	0
 4160 0182 06       		.uleb128 0x6
 4161 0183 44040000 		.4byte	.LASF28
 4162 0187 01       		.byte	0x1
 4163 0188 A005     		.2byte	0x5a0
 4164 018a 01       		.byte	0x1
ARM GAS  C:\Users\elias\AppData\Local\Temp\cc0Or0pr.s 			page 197


 4165 018b B6010000 		.4byte	0x1b6
 4166 018f 07       		.uleb128 0x7
 4167 0190 67010000 		.4byte	.LASF29
 4168 0194 01       		.byte	0x1
 4169 0195 A005     		.2byte	0x5a0
 4170 0197 6B000000 		.4byte	0x6b
 4171 019b 0B       		.uleb128 0xb
 4172 019c 08       		.uleb128 0x8
 4173 019d 94020000 		.4byte	.LASF30
 4174 01a1 01       		.byte	0x1
 4175 01a2 A805     		.2byte	0x5a8
 4176 01a4 6B000000 		.4byte	0x6b
 4177 01a8 08       		.uleb128 0x8
 4178 01a9 08040000 		.4byte	.LASF31
 4179 01ad 01       		.byte	0x1
 4180 01ae D005     		.2byte	0x5d0
 4181 01b0 6B000000 		.4byte	0x6b
 4182 01b4 00       		.byte	0
 4183 01b5 00       		.byte	0
 4184 01b6 0C       		.uleb128 0xc
 4185 01b7 4F010000 		.4byte	.LASF82
 4186 01bb 01       		.byte	0x1
 4187 01bc 6A       		.byte	0x6a
 4188 01bd 01       		.byte	0x1
 4189 01be 0D       		.uleb128 0xd
 4190 01bf 64040000 		.4byte	.LASF32
 4191 01c3 01       		.byte	0x1
 4192 01c4 B7       		.byte	0xb7
 4193 01c5 01       		.byte	0x1
 4194 01c6 D6010000 		.4byte	0x1d6
 4195 01ca 0E       		.uleb128 0xe
 4196 01cb FC040000 		.4byte	.LASF33
 4197 01cf 01       		.byte	0x1
 4198 01d0 B9       		.byte	0xb9
 4199 01d1 6B000000 		.4byte	0x6b
 4200 01d5 00       		.byte	0
 4201 01d6 0F       		.uleb128 0xf
 4202 01d7 59000000 		.4byte	.LASF34
 4203 01db 01       		.byte	0x1
 4204 01dc 4C       		.byte	0x4c
 4205 01dd 00000000 		.4byte	.LFB0
 4206 01e1 C0000000 		.4byte	.LFE0-.LFB0
 4207 01e5 01       		.uleb128 0x1
 4208 01e6 9C       		.byte	0x9c
 4209 01e7 8E020000 		.4byte	0x28e
 4210 01eb 10       		.uleb128 0x10
 4211 01ec B6010000 		.4byte	0x1b6
 4212 01f0 08000000 		.4byte	.LBB7
 4213 01f4 00000000 		.4byte	.Ldebug_ranges0+0
 4214 01f8 01       		.byte	0x1
 4215 01f9 51       		.byte	0x51
 4216 01fa 53020000 		.4byte	0x253
 4217 01fe 11       		.uleb128 0x11
 4218 01ff 10000000 		.4byte	.LVL0
 4219 0203 9C090000 		.4byte	0x99c
 4220 0207 12020000 		.4byte	0x212
 4221 020b 12       		.uleb128 0x12
ARM GAS  C:\Users\elias\AppData\Local\Temp\cc0Or0pr.s 			page 198


 4222 020c 01       		.uleb128 0x1
 4223 020d 50       		.byte	0x50
 4224 020e 02       		.uleb128 0x2
 4225 020f 74       		.byte	0x74
 4226 0210 00       		.sleb128 0
 4227 0211 00       		.byte	0
 4228 0212 11       		.uleb128 0x11
 4229 0213 18000000 		.4byte	.LVL1
 4230 0217 A7090000 		.4byte	0x9a7
 4231 021b 2B020000 		.4byte	0x22b
 4232 021f 12       		.uleb128 0x12
 4233 0220 01       		.uleb128 0x1
 4234 0221 50       		.byte	0x50
 4235 0222 02       		.uleb128 0x2
 4236 0223 74       		.byte	0x74
 4237 0224 00       		.sleb128 0
 4238 0225 12       		.uleb128 0x12
 4239 0226 01       		.uleb128 0x1
 4240 0227 51       		.byte	0x51
 4241 0228 01       		.uleb128 0x1
 4242 0229 37       		.byte	0x37
 4243 022a 00       		.byte	0
 4244 022b 11       		.uleb128 0x11
 4245 022c 2E000000 		.4byte	.LVL2
 4246 0230 9C090000 		.4byte	0x99c
 4247 0234 3E020000 		.4byte	0x23e
 4248 0238 12       		.uleb128 0x12
 4249 0239 01       		.uleb128 0x1
 4250 023a 50       		.byte	0x50
 4251 023b 01       		.uleb128 0x1
 4252 023c 31       		.byte	0x31
 4253 023d 00       		.byte	0
 4254 023e 13       		.uleb128 0x13
 4255 023f 36000000 		.4byte	.LVL3
 4256 0243 A7090000 		.4byte	0x9a7
 4257 0247 12       		.uleb128 0x12
 4258 0248 01       		.uleb128 0x1
 4259 0249 50       		.byte	0x50
 4260 024a 01       		.uleb128 0x1
 4261 024b 31       		.byte	0x31
 4262 024c 12       		.uleb128 0x12
 4263 024d 01       		.uleb128 0x1
 4264 024e 51       		.byte	0x51
 4265 024f 01       		.uleb128 0x1
 4266 0250 37       		.byte	0x37
 4267 0251 00       		.byte	0
 4268 0252 00       		.byte	0
 4269 0253 14       		.uleb128 0x14
 4270 0254 BE010000 		.4byte	0x1be
 4271 0258 4C000000 		.4byte	.LBB11
 4272 025c 18000000 		.4byte	.Ldebug_ranges0+0x18
 4273 0260 01       		.byte	0x1
 4274 0261 55       		.byte	0x55
 4275 0262 15       		.uleb128 0x15
 4276 0263 18000000 		.4byte	.Ldebug_ranges0+0x18
 4277 0267 16       		.uleb128 0x16
 4278 0268 CA010000 		.4byte	0x1ca
ARM GAS  C:\Users\elias\AppData\Local\Temp\cc0Or0pr.s 			page 199


 4279 026c 00000000 		.4byte	.LLST0
 4280 0270 17       		.uleb128 0x17
 4281 0271 50000000 		.4byte	.LVL4
 4282 0275 B2090000 		.4byte	0x9b2
 4283 0279 17       		.uleb128 0x17
 4284 027a 84000000 		.4byte	.LVL6
 4285 027e BD090000 		.4byte	0x9bd
 4286 0282 18       		.uleb128 0x18
 4287 0283 8E000000 		.4byte	.LVL8
 4288 0287 C8090000 		.4byte	0x9c8
 4289 028b 00       		.byte	0
 4290 028c 00       		.byte	0
 4291 028d 00       		.byte	0
 4292 028e 19       		.uleb128 0x19
 4293 028f B6010000 		.4byte	0x1b6
 4294 0293 00000000 		.4byte	.LFB1
 4295 0297 68000000 		.4byte	.LFE1-.LFB1
 4296 029b 01       		.uleb128 0x1
 4297 029c 9C       		.byte	0x9c
 4298 029d F4020000 		.4byte	0x2f4
 4299 02a1 11       		.uleb128 0x11
 4300 02a2 0A000000 		.4byte	.LVL9
 4301 02a6 9C090000 		.4byte	0x99c
 4302 02aa B4020000 		.4byte	0x2b4
 4303 02ae 12       		.uleb128 0x12
 4304 02af 01       		.uleb128 0x1
 4305 02b0 50       		.byte	0x50
 4306 02b1 01       		.uleb128 0x1
 4307 02b2 30       		.byte	0x30
 4308 02b3 00       		.byte	0
 4309 02b4 11       		.uleb128 0x11
 4310 02b5 12000000 		.4byte	.LVL10
 4311 02b9 A7090000 		.4byte	0x9a7
 4312 02bd CC020000 		.4byte	0x2cc
 4313 02c1 12       		.uleb128 0x12
 4314 02c2 01       		.uleb128 0x1
 4315 02c3 50       		.byte	0x50
 4316 02c4 01       		.uleb128 0x1
 4317 02c5 30       		.byte	0x30
 4318 02c6 12       		.uleb128 0x12
 4319 02c7 01       		.uleb128 0x1
 4320 02c8 51       		.byte	0x51
 4321 02c9 01       		.uleb128 0x1
 4322 02ca 37       		.byte	0x37
 4323 02cb 00       		.byte	0
 4324 02cc 11       		.uleb128 0x11
 4325 02cd 2C000000 		.4byte	.LVL11
 4326 02d1 9C090000 		.4byte	0x99c
 4327 02d5 DF020000 		.4byte	0x2df
 4328 02d9 12       		.uleb128 0x12
 4329 02da 01       		.uleb128 0x1
 4330 02db 50       		.byte	0x50
 4331 02dc 01       		.uleb128 0x1
 4332 02dd 31       		.byte	0x31
 4333 02de 00       		.byte	0
 4334 02df 13       		.uleb128 0x13
 4335 02e0 34000000 		.4byte	.LVL12
ARM GAS  C:\Users\elias\AppData\Local\Temp\cc0Or0pr.s 			page 200


 4336 02e4 A7090000 		.4byte	0x9a7
 4337 02e8 12       		.uleb128 0x12
 4338 02e9 01       		.uleb128 0x1
 4339 02ea 50       		.byte	0x50
 4340 02eb 01       		.uleb128 0x1
 4341 02ec 31       		.byte	0x31
 4342 02ed 12       		.uleb128 0x12
 4343 02ee 01       		.uleb128 0x1
 4344 02ef 51       		.byte	0x51
 4345 02f0 01       		.uleb128 0x1
 4346 02f1 37       		.byte	0x37
 4347 02f2 00       		.byte	0
 4348 02f3 00       		.byte	0
 4349 02f4 19       		.uleb128 0x19
 4350 02f5 BE010000 		.4byte	0x1be
 4351 02f9 00000000 		.4byte	.LFB2
 4352 02fd 54000000 		.4byte	.LFE2-.LFB2
 4353 0301 01       		.uleb128 0x1
 4354 0302 9C       		.byte	0x9c
 4355 0303 2C030000 		.4byte	0x32c
 4356 0307 16       		.uleb128 0x16
 4357 0308 CA010000 		.4byte	0x1ca
 4358 030c 13000000 		.4byte	.LLST1
 4359 0310 17       		.uleb128 0x17
 4360 0311 06000000 		.4byte	.LVL13
 4361 0315 B2090000 		.4byte	0x9b2
 4362 0319 17       		.uleb128 0x17
 4363 031a 3A000000 		.4byte	.LVL15
 4364 031e BD090000 		.4byte	0x9bd
 4365 0322 18       		.uleb128 0x18
 4366 0323 44000000 		.4byte	.LVL17
 4367 0327 C8090000 		.4byte	0x9c8
 4368 032b 00       		.byte	0
 4369 032c 0F       		.uleb128 0xf
 4370 032d 36050000 		.4byte	.LASF35
 4371 0331 01       		.byte	0x1
 4372 0332 F0       		.byte	0xf0
 4373 0333 00000000 		.4byte	.LFB3
 4374 0337 50000000 		.4byte	.LFE3-.LFB3
 4375 033b 01       		.uleb128 0x1
 4376 033c 9C       		.byte	0x9c
 4377 033d 6C030000 		.4byte	0x36c
 4378 0341 1A       		.uleb128 0x1a
 4379 0342 FC040000 		.4byte	.LASF33
 4380 0346 01       		.byte	0x1
 4381 0347 F2       		.byte	0xf2
 4382 0348 6B000000 		.4byte	0x6b
 4383 034c 26000000 		.4byte	.LLST2
 4384 0350 17       		.uleb128 0x17
 4385 0351 06000000 		.4byte	.LVL18
 4386 0355 B2090000 		.4byte	0x9b2
 4387 0359 17       		.uleb128 0x17
 4388 035a 18000000 		.4byte	.LVL20
 4389 035e D3090000 		.4byte	0x9d3
 4390 0362 18       		.uleb128 0x18
 4391 0363 3E000000 		.4byte	.LVL22
 4392 0367 C8090000 		.4byte	0x9c8
ARM GAS  C:\Users\elias\AppData\Local\Temp\cc0Or0pr.s 			page 201


 4393 036b 00       		.byte	0
 4394 036c 1B       		.uleb128 0x1b
 4395 036d EA000000 		.4byte	.LASF54
 4396 0371 01       		.byte	0x1
 4397 0372 2701     		.2byte	0x127
 4398 0374 6B000000 		.4byte	0x6b
 4399 0378 00000000 		.4byte	.LFB4
 4400 037c 04000000 		.4byte	.LFE4-.LFB4
 4401 0380 01       		.uleb128 0x1
 4402 0381 9C       		.byte	0x9c
 4403 0382 1C       		.uleb128 0x1c
 4404 0383 8D040000 		.4byte	.LASF36
 4405 0387 01       		.byte	0x1
 4406 0388 6701     		.2byte	0x167
 4407 038a 00000000 		.4byte	.LFB6
 4408 038e 0C000000 		.4byte	.LFE6-.LFB6
 4409 0392 01       		.uleb128 0x1
 4410 0393 9C       		.byte	0x9c
 4411 0394 A7030000 		.4byte	0x3a7
 4412 0398 1D       		.uleb128 0x1d
 4413 0399 4B020000 		.4byte	.LASF50
 4414 039d 01       		.byte	0x1
 4415 039e 6701     		.2byte	0x167
 4416 03a0 6B000000 		.4byte	0x6b
 4417 03a4 01       		.uleb128 0x1
 4418 03a5 50       		.byte	0x50
 4419 03a6 00       		.byte	0
 4420 03a7 1E       		.uleb128 0x1e
 4421 03a8 D4000000 		.4byte	.LASF83
 4422 03ac 01       		.byte	0x1
 4423 03ad 8801     		.2byte	0x188
 4424 03af 6B000000 		.4byte	0x6b
 4425 03b3 01       		.byte	0x1
 4426 03b4 DD030000 		.4byte	0x3dd
 4427 03b8 08       		.uleb128 0x8
 4428 03b9 5D040000 		.4byte	.LASF37
 4429 03bd 01       		.byte	0x1
 4430 03be 8A01     		.2byte	0x18a
 4431 03c0 6B000000 		.4byte	0x6b
 4432 03c4 08       		.uleb128 0x8
 4433 03c5 EC040000 		.4byte	.LASF38
 4434 03c9 01       		.byte	0x1
 4435 03ca 8E01     		.2byte	0x18e
 4436 03cc 6B000000 		.4byte	0x6b
 4437 03d0 08       		.uleb128 0x8
 4438 03d1 DF020000 		.4byte	.LASF39
 4439 03d5 01       		.byte	0x1
 4440 03d6 8F01     		.2byte	0x18f
 4441 03d8 6B000000 		.4byte	0x6b
 4442 03dc 00       		.byte	0
 4443 03dd 19       		.uleb128 0x19
 4444 03de A7030000 		.4byte	0x3a7
 4445 03e2 00000000 		.4byte	.LFB7
 4446 03e6 5C000000 		.4byte	.LFE7-.LFB7
 4447 03ea 01       		.uleb128 0x1
 4448 03eb 9C       		.byte	0x9c
 4449 03ec 0C040000 		.4byte	0x40c
ARM GAS  C:\Users\elias\AppData\Local\Temp\cc0Or0pr.s 			page 202


 4450 03f0 16       		.uleb128 0x16
 4451 03f1 B8030000 		.4byte	0x3b8
 4452 03f5 39000000 		.4byte	.LLST3
 4453 03f9 16       		.uleb128 0x16
 4454 03fa C4030000 		.4byte	0x3c4
 4455 03fe 57000000 		.4byte	.LLST4
 4456 0402 16       		.uleb128 0x16
 4457 0403 D0030000 		.4byte	0x3d0
 4458 0407 9A000000 		.4byte	.LLST5
 4459 040b 00       		.byte	0
 4460 040c 1F       		.uleb128 0x1f
 4461 040d 70040000 		.4byte	.LASF41
 4462 0411 01       		.byte	0x1
 4463 0412 E501     		.2byte	0x1e5
 4464 0414 6B000000 		.4byte	0x6b
 4465 0418 00000000 		.4byte	.LFB8
 4466 041c 20000000 		.4byte	.LFE8-.LFB8
 4467 0420 01       		.uleb128 0x1
 4468 0421 9C       		.byte	0x9c
 4469 0422 35040000 		.4byte	0x435
 4470 0426 20       		.uleb128 0x20
 4471 0427 2F050000 		.4byte	.LASF40
 4472 042b 01       		.byte	0x1
 4473 042c E701     		.2byte	0x1e7
 4474 042e 6B000000 		.4byte	0x6b
 4475 0432 01       		.uleb128 0x1
 4476 0433 50       		.byte	0x50
 4477 0434 00       		.byte	0
 4478 0435 1F       		.uleb128 0x1f
 4479 0436 DF040000 		.4byte	.LASF42
 4480 043a 01       		.byte	0x1
 4481 043b 1402     		.2byte	0x214
 4482 043d 6B000000 		.4byte	0x6b
 4483 0441 00000000 		.4byte	.LFB9
 4484 0445 78000000 		.4byte	.LFE9-.LFB9
 4485 0449 01       		.uleb128 0x1
 4486 044a 9C       		.byte	0x9c
 4487 044b 8E040000 		.4byte	0x48e
 4488 044f 21       		.uleb128 0x21
 4489 0450 5D040000 		.4byte	.LASF37
 4490 0454 01       		.byte	0x1
 4491 0455 1602     		.2byte	0x216
 4492 0457 6B000000 		.4byte	0x6b
 4493 045b B8000000 		.4byte	.LLST6
 4494 045f 20       		.uleb128 0x20
 4495 0460 F0020000 		.4byte	.LASF43
 4496 0464 01       		.byte	0x1
 4497 0465 1702     		.2byte	0x217
 4498 0467 6B000000 		.4byte	0x6b
 4499 046b 01       		.uleb128 0x1
 4500 046c 53       		.byte	0x53
 4501 046d 21       		.uleb128 0x21
 4502 046e EC040000 		.4byte	.LASF38
 4503 0472 01       		.byte	0x1
 4504 0473 1A02     		.2byte	0x21a
 4505 0475 6B000000 		.4byte	0x6b
 4506 0479 EE000000 		.4byte	.LLST7
ARM GAS  C:\Users\elias\AppData\Local\Temp\cc0Or0pr.s 			page 203


 4507 047d 21       		.uleb128 0x21
 4508 047e DF020000 		.4byte	.LASF39
 4509 0482 01       		.byte	0x1
 4510 0483 1B02     		.2byte	0x21b
 4511 0485 6B000000 		.4byte	0x6b
 4512 0489 31010000 		.4byte	.LLST8
 4513 048d 00       		.byte	0
 4514 048e 1F       		.uleb128 0x1f
 4515 048f 6F010000 		.4byte	.LASF44
 4516 0493 01       		.byte	0x1
 4517 0494 7A02     		.2byte	0x27a
 4518 0496 77000000 		.4byte	0x77
 4519 049a 00000000 		.4byte	.LFB10
 4520 049e 6C000000 		.4byte	.LFE10-.LFB10
 4521 04a2 01       		.uleb128 0x1
 4522 04a3 9C       		.byte	0x9c
 4523 04a4 EB040000 		.4byte	0x4eb
 4524 04a8 21       		.uleb128 0x21
 4525 04a9 A9010000 		.4byte	.LASF45
 4526 04ad 01       		.byte	0x1
 4527 04ae 7E02     		.2byte	0x27e
 4528 04b0 77000000 		.4byte	0x77
 4529 04b4 4F010000 		.4byte	.LLST9
 4530 04b8 22       		.uleb128 0x22
 4531 04b9 A7030000 		.4byte	0x3a7
 4532 04bd 14000000 		.4byte	.LBB17
 4533 04c1 30000000 		.4byte	.Ldebug_ranges0+0x30
 4534 04c5 01       		.byte	0x1
 4535 04c6 8402     		.2byte	0x284
 4536 04c8 15       		.uleb128 0x15
 4537 04c9 30000000 		.4byte	.Ldebug_ranges0+0x30
 4538 04cd 16       		.uleb128 0x16
 4539 04ce B8030000 		.4byte	0x3b8
 4540 04d2 62010000 		.4byte	.LLST10
 4541 04d6 16       		.uleb128 0x16
 4542 04d7 C4030000 		.4byte	0x3c4
 4543 04db 80010000 		.4byte	.LLST11
 4544 04df 16       		.uleb128 0x16
 4545 04e0 D0030000 		.4byte	0x3d0
 4546 04e4 9E010000 		.4byte	.LLST12
 4547 04e8 00       		.byte	0
 4548 04e9 00       		.byte	0
 4549 04ea 00       		.byte	0
 4550 04eb 1F       		.uleb128 0x1f
 4551 04ec 1A050000 		.4byte	.LASF46
 4552 04f0 01       		.byte	0x1
 4553 04f1 AB02     		.2byte	0x2ab
 4554 04f3 6B000000 		.4byte	0x6b
 4555 04f7 00000000 		.4byte	.LFB11
 4556 04fb 50000000 		.4byte	.LFE11-.LFB11
 4557 04ff 01       		.uleb128 0x1
 4558 0500 9C       		.byte	0x9c
 4559 0501 16050000 		.4byte	0x516
 4560 0505 21       		.uleb128 0x21
 4561 0506 18020000 		.4byte	.LASF47
 4562 050a 01       		.byte	0x1
 4563 050b AE02     		.2byte	0x2ae
ARM GAS  C:\Users\elias\AppData\Local\Temp\cc0Or0pr.s 			page 204


 4564 050d 6B000000 		.4byte	0x6b
 4565 0511 BC010000 		.4byte	.LLST13
 4566 0515 00       		.byte	0
 4567 0516 1C       		.uleb128 0x1c
 4568 0517 63050000 		.4byte	.LASF48
 4569 051b 01       		.byte	0x1
 4570 051c F502     		.2byte	0x2f5
 4571 051e 00000000 		.4byte	.LFB12
 4572 0522 44000000 		.4byte	.LFE12-.LFB12
 4573 0526 01       		.uleb128 0x1
 4574 0527 9C       		.byte	0x9c
 4575 0528 4F050000 		.4byte	0x54f
 4576 052c 21       		.uleb128 0x21
 4577 052d FC040000 		.4byte	.LASF33
 4578 0531 01       		.byte	0x1
 4579 0532 F702     		.2byte	0x2f7
 4580 0534 6B000000 		.4byte	0x6b
 4581 0538 DA010000 		.4byte	.LLST14
 4582 053c 17       		.uleb128 0x17
 4583 053d 06000000 		.4byte	.LVL57
 4584 0541 B2090000 		.4byte	0x9b2
 4585 0545 17       		.uleb128 0x17
 4586 0546 1E000000 		.4byte	.LVL58
 4587 054a C8090000 		.4byte	0x9c8
 4588 054e 00       		.byte	0
 4589 054f 1C       		.uleb128 0x1c
 4590 0550 B9020000 		.4byte	.LASF49
 4591 0554 01       		.byte	0x1
 4592 0555 5903     		.2byte	0x359
 4593 0557 00000000 		.4byte	.LFB14
 4594 055b 0C000000 		.4byte	.LFE14-.LFB14
 4595 055f 01       		.uleb128 0x1
 4596 0560 9C       		.byte	0x9c
 4597 0561 74050000 		.4byte	0x574
 4598 0565 1D       		.uleb128 0x1d
 4599 0566 B1020000 		.4byte	.LASF51
 4600 056a 01       		.byte	0x1
 4601 056b 5903     		.2byte	0x359
 4602 056d 6B000000 		.4byte	0x6b
 4603 0571 01       		.uleb128 0x1
 4604 0572 50       		.byte	0x50
 4605 0573 00       		.byte	0
 4606 0574 1C       		.uleb128 0x1c
 4607 0575 CC020000 		.4byte	.LASF52
 4608 0579 01       		.byte	0x1
 4609 057a 6D03     		.2byte	0x36d
 4610 057c 00000000 		.4byte	.LFB15
 4611 0580 0C000000 		.4byte	.LFE15-.LFB15
 4612 0584 01       		.uleb128 0x1
 4613 0585 9C       		.byte	0x9c
 4614 0586 99050000 		.4byte	0x599
 4615 058a 1D       		.uleb128 0x1d
 4616 058b B1020000 		.4byte	.LASF51
 4617 058f 01       		.byte	0x1
 4618 0590 6D03     		.2byte	0x36d
 4619 0592 6B000000 		.4byte	0x6b
 4620 0596 01       		.uleb128 0x1
ARM GAS  C:\Users\elias\AppData\Local\Temp\cc0Or0pr.s 			page 205


 4621 0597 50       		.byte	0x50
 4622 0598 00       		.byte	0
 4623 0599 1C       		.uleb128 0x1c
 4624 059a 64000000 		.4byte	.LASF53
 4625 059e 01       		.byte	0x1
 4626 059f 8C03     		.2byte	0x38c
 4627 05a1 00000000 		.4byte	.LFB16
 4628 05a5 0C000000 		.4byte	.LFE16-.LFB16
 4629 05a9 01       		.uleb128 0x1
 4630 05aa 9C       		.byte	0x9c
 4631 05ab BE050000 		.4byte	0x5be
 4632 05af 1D       		.uleb128 0x1d
 4633 05b0 4B020000 		.4byte	.LASF50
 4634 05b4 01       		.byte	0x1
 4635 05b5 8C03     		.2byte	0x38c
 4636 05b7 6B000000 		.4byte	0x6b
 4637 05bb 01       		.uleb128 0x1
 4638 05bc 50       		.byte	0x50
 4639 05bd 00       		.byte	0
 4640 05be 19       		.uleb128 0x19
 4641 05bf E0000000 		.4byte	0xe0
 4642 05c3 00000000 		.4byte	.LFB17
 4643 05c7 5C000000 		.4byte	.LFE17-.LFB17
 4644 05cb 01       		.uleb128 0x1
 4645 05cc 9C       		.byte	0x9c
 4646 05cd E8050000 		.4byte	0x5e8
 4647 05d1 23       		.uleb128 0x23
 4648 05d2 ED000000 		.4byte	0xed
 4649 05d6 01       		.uleb128 0x1
 4650 05d7 50       		.byte	0x50
 4651 05d8 15       		.uleb128 0x15
 4652 05d9 58000000 		.4byte	.Ldebug_ranges0+0x58
 4653 05dd 24       		.uleb128 0x24
 4654 05de ED000000 		.4byte	0xed
 4655 05e2 ED010000 		.4byte	.LLST15
 4656 05e6 00       		.byte	0
 4657 05e7 00       		.byte	0
 4658 05e8 1B       		.uleb128 0x1b
 4659 05e9 68020000 		.4byte	.LASF55
 4660 05ed 01       		.byte	0x1
 4661 05ee EB03     		.2byte	0x3eb
 4662 05f0 6B000000 		.4byte	0x6b
 4663 05f4 00000000 		.4byte	.LFB18
 4664 05f8 0C000000 		.4byte	.LFE18-.LFB18
 4665 05fc 01       		.uleb128 0x1
 4666 05fd 9C       		.byte	0x9c
 4667 05fe 06       		.uleb128 0x6
 4668 05ff C7000000 		.4byte	.LASF56
 4669 0603 01       		.byte	0x1
 4670 0604 1104     		.2byte	0x411
 4671 0606 01       		.byte	0x1
 4672 0607 30060000 		.4byte	0x630
 4673 060b 07       		.uleb128 0x7
 4674 060c 1D000000 		.4byte	.LASF22
 4675 0610 01       		.byte	0x1
 4676 0611 1104     		.2byte	0x411
 4677 0613 6B000000 		.4byte	0x6b
ARM GAS  C:\Users\elias\AppData\Local\Temp\cc0Or0pr.s 			page 206


 4678 0617 08       		.uleb128 0x8
 4679 0618 CA010000 		.4byte	.LASF57
 4680 061c 01       		.byte	0x1
 4681 061d 1804     		.2byte	0x418
 4682 061f 6B000000 		.4byte	0x6b
 4683 0623 08       		.uleb128 0x8
 4684 0624 3F010000 		.4byte	.LASF58
 4685 0628 01       		.byte	0x1
 4686 0629 1904     		.2byte	0x419
 4687 062b 6B000000 		.4byte	0x6b
 4688 062f 00       		.byte	0
 4689 0630 19       		.uleb128 0x19
 4690 0631 FE050000 		.4byte	0x5fe
 4691 0635 00000000 		.4byte	.LFB19
 4692 0639 7C000000 		.4byte	.LFE19-.LFB19
 4693 063d 01       		.uleb128 0x1
 4694 063e 9C       		.byte	0x9c
 4695 063f 57060000 		.4byte	0x657
 4696 0643 23       		.uleb128 0x23
 4697 0644 0B060000 		.4byte	0x60b
 4698 0648 01       		.uleb128 0x1
 4699 0649 50       		.byte	0x50
 4700 064a 25       		.uleb128 0x25
 4701 064b 17060000 		.4byte	0x617
 4702 064f 26       		.uleb128 0x26
 4703 0650 23060000 		.4byte	0x623
 4704 0654 01       		.uleb128 0x1
 4705 0655 53       		.byte	0x53
 4706 0656 00       		.byte	0
 4707 0657 19       		.uleb128 0x19
 4708 0658 FA000000 		.4byte	0xfa
 4709 065c 00000000 		.4byte	.LFB20
 4710 0660 B0000000 		.4byte	.LFE20-.LFB20
 4711 0664 01       		.uleb128 0x1
 4712 0665 9C       		.byte	0x9c
 4713 0666 C2060000 		.4byte	0x6c2
 4714 066a 23       		.uleb128 0x23
 4715 066b 07010000 		.4byte	0x107
 4716 066f 01       		.uleb128 0x1
 4717 0670 50       		.byte	0x50
 4718 0671 27       		.uleb128 0x27
 4719 0672 13010000 		.4byte	0x113
 4720 0676 00       		.byte	0
 4721 0677 28       		.uleb128 0x28
 4722 0678 0C000000 		.4byte	.LBB35
 4723 067c A4000000 		.4byte	.LBE35-.LBB35
 4724 0680 29       		.uleb128 0x29
 4725 0681 07010000 		.4byte	0x107
 4726 0685 28       		.uleb128 0x28
 4727 0686 0C000000 		.4byte	.LBB36
 4728 068a A4000000 		.4byte	.LBE36-.LBB36
 4729 068e 16       		.uleb128 0x16
 4730 068f 13010000 		.4byte	0x113
 4731 0693 0B020000 		.4byte	.LLST16
 4732 0697 22       		.uleb128 0x22
 4733 0698 FE050000 		.4byte	0x5fe
 4734 069c 12000000 		.4byte	.LBB37
ARM GAS  C:\Users\elias\AppData\Local\Temp\cc0Or0pr.s 			page 207


 4735 06a0 70000000 		.4byte	.Ldebug_ranges0+0x70
 4736 06a4 01       		.byte	0x1
 4737 06a5 8304     		.2byte	0x483
 4738 06a7 29       		.uleb128 0x29
 4739 06a8 0B060000 		.4byte	0x60b
 4740 06ac 15       		.uleb128 0x15
 4741 06ad 70000000 		.4byte	.Ldebug_ranges0+0x70
 4742 06b1 25       		.uleb128 0x25
 4743 06b2 17060000 		.4byte	0x617
 4744 06b6 26       		.uleb128 0x26
 4745 06b7 23060000 		.4byte	0x623
 4746 06bb 01       		.uleb128 0x1
 4747 06bc 53       		.byte	0x53
 4748 06bd 00       		.byte	0
 4749 06be 00       		.byte	0
 4750 06bf 00       		.byte	0
 4751 06c0 00       		.byte	0
 4752 06c1 00       		.byte	0
 4753 06c2 19       		.uleb128 0x19
 4754 06c3 2B010000 		.4byte	0x12b
 4755 06c7 00000000 		.4byte	.LFB21
 4756 06cb B0000000 		.4byte	.LFE21-.LFB21
 4757 06cf 01       		.uleb128 0x1
 4758 06d0 9C       		.byte	0x9c
 4759 06d1 41070000 		.4byte	0x741
 4760 06d5 24       		.uleb128 0x24
 4761 06d6 38010000 		.4byte	0x138
 4762 06da 40020000 		.4byte	.LLST17
 4763 06de 24       		.uleb128 0x24
 4764 06df 44010000 		.4byte	0x144
 4765 06e3 61020000 		.4byte	.LLST18
 4766 06e7 27       		.uleb128 0x27
 4767 06e8 50010000 		.4byte	0x150
 4768 06ec 00       		.byte	0
 4769 06ed 28       		.uleb128 0x28
 4770 06ee 0C000000 		.4byte	.LBB47
 4771 06f2 A4000000 		.4byte	.LBE47-.LBB47
 4772 06f6 29       		.uleb128 0x29
 4773 06f7 44010000 		.4byte	0x144
 4774 06fb 29       		.uleb128 0x29
 4775 06fc 38010000 		.4byte	0x138
 4776 0700 28       		.uleb128 0x28
 4777 0701 0C000000 		.4byte	.LBB48
 4778 0705 A4000000 		.4byte	.LBE48-.LBB48
 4779 0709 16       		.uleb128 0x16
 4780 070a 50010000 		.4byte	0x150
 4781 070e 82020000 		.4byte	.LLST19
 4782 0712 22       		.uleb128 0x22
 4783 0713 FE050000 		.4byte	0x5fe
 4784 0717 14000000 		.4byte	.LBB49
 4785 071b 90000000 		.4byte	.Ldebug_ranges0+0x90
 4786 071f 01       		.byte	0x1
 4787 0720 B104     		.2byte	0x4b1
 4788 0722 24       		.uleb128 0x24
 4789 0723 0B060000 		.4byte	0x60b
 4790 0727 BC020000 		.4byte	.LLST20
 4791 072b 15       		.uleb128 0x15
ARM GAS  C:\Users\elias\AppData\Local\Temp\cc0Or0pr.s 			page 208


 4792 072c 90000000 		.4byte	.Ldebug_ranges0+0x90
 4793 0730 25       		.uleb128 0x25
 4794 0731 17060000 		.4byte	0x617
 4795 0735 26       		.uleb128 0x26
 4796 0736 23060000 		.4byte	0x623
 4797 073a 01       		.uleb128 0x1
 4798 073b 53       		.byte	0x53
 4799 073c 00       		.byte	0
 4800 073d 00       		.byte	0
 4801 073e 00       		.byte	0
 4802 073f 00       		.byte	0
 4803 0740 00       		.byte	0
 4804 0741 19       		.uleb128 0x19
 4805 0742 68010000 		.4byte	0x168
 4806 0746 00000000 		.4byte	.LFB22
 4807 074a 4C010000 		.4byte	.LFE22-.LFB22
 4808 074e 01       		.uleb128 0x1
 4809 074f 9C       		.byte	0x9c
 4810 0750 E9070000 		.4byte	0x7e9
 4811 0754 24       		.uleb128 0x24
 4812 0755 75010000 		.4byte	0x175
 4813 0759 DA020000 		.4byte	.LLST21
 4814 075d 15       		.uleb128 0x15
 4815 075e B0000000 		.4byte	.Ldebug_ranges0+0xb0
 4816 0762 29       		.uleb128 0x29
 4817 0763 75010000 		.4byte	0x175
 4818 0767 2A       		.uleb128 0x2a
 4819 0768 FE050000 		.4byte	0x5fe
 4820 076c 0E000000 		.4byte	.LBB64
 4821 0770 D0000000 		.4byte	.Ldebug_ranges0+0xd0
 4822 0774 01       		.byte	0x1
 4823 0775 D304     		.2byte	0x4d3
 4824 0777 93070000 		.4byte	0x793
 4825 077b 29       		.uleb128 0x29
 4826 077c 0B060000 		.4byte	0x60b
 4827 0780 15       		.uleb128 0x15
 4828 0781 D0000000 		.4byte	.Ldebug_ranges0+0xd0
 4829 0785 25       		.uleb128 0x25
 4830 0786 17060000 		.4byte	0x617
 4831 078a 26       		.uleb128 0x26
 4832 078b 23060000 		.4byte	0x623
 4833 078f 01       		.uleb128 0x1
 4834 0790 52       		.byte	0x52
 4835 0791 00       		.byte	0
 4836 0792 00       		.byte	0
 4837 0793 2A       		.uleb128 0x2a
 4838 0794 FE050000 		.4byte	0x5fe
 4839 0798 5C000000 		.4byte	.LBB67
 4840 079c E8000000 		.4byte	.Ldebug_ranges0+0xe8
 4841 07a0 01       		.byte	0x1
 4842 07a1 D404     		.2byte	0x4d4
 4843 07a3 BF070000 		.4byte	0x7bf
 4844 07a7 29       		.uleb128 0x29
 4845 07a8 0B060000 		.4byte	0x60b
 4846 07ac 15       		.uleb128 0x15
 4847 07ad E8000000 		.4byte	.Ldebug_ranges0+0xe8
 4848 07b1 25       		.uleb128 0x25
ARM GAS  C:\Users\elias\AppData\Local\Temp\cc0Or0pr.s 			page 209


 4849 07b2 17060000 		.4byte	0x617
 4850 07b6 26       		.uleb128 0x26
 4851 07b7 23060000 		.4byte	0x623
 4852 07bb 01       		.uleb128 0x1
 4853 07bc 52       		.byte	0x52
 4854 07bd 00       		.byte	0
 4855 07be 00       		.byte	0
 4856 07bf 22       		.uleb128 0x22
 4857 07c0 FE050000 		.4byte	0x5fe
 4858 07c4 AE000000 		.4byte	.LBB70
 4859 07c8 00010000 		.4byte	.Ldebug_ranges0+0x100
 4860 07cc 01       		.byte	0x1
 4861 07cd D504     		.2byte	0x4d5
 4862 07cf 29       		.uleb128 0x29
 4863 07d0 0B060000 		.4byte	0x60b
 4864 07d4 15       		.uleb128 0x15
 4865 07d5 00010000 		.4byte	.Ldebug_ranges0+0x100
 4866 07d9 25       		.uleb128 0x25
 4867 07da 17060000 		.4byte	0x617
 4868 07de 26       		.uleb128 0x26
 4869 07df 23060000 		.4byte	0x623
 4870 07e3 01       		.uleb128 0x1
 4871 07e4 52       		.byte	0x52
 4872 07e5 00       		.byte	0
 4873 07e6 00       		.byte	0
 4874 07e7 00       		.byte	0
 4875 07e8 00       		.byte	0
 4876 07e9 1F       		.uleb128 0x1f
 4877 07ea F3030000 		.4byte	.LASF59
 4878 07ee 01       		.byte	0x1
 4879 07ef F904     		.2byte	0x4f9
 4880 07f1 6B000000 		.4byte	0x6b
 4881 07f5 00000000 		.4byte	.LFB23
 4882 07f9 3C000000 		.4byte	.LFE23-.LFB23
 4883 07fd 01       		.uleb128 0x1
 4884 07fe 9C       		.byte	0x9c
 4885 07ff 14080000 		.4byte	0x814
 4886 0803 21       		.uleb128 0x21
 4887 0804 18020000 		.4byte	.LASF47
 4888 0808 01       		.byte	0x1
 4889 0809 FC04     		.2byte	0x4fc
 4890 080b 6B000000 		.4byte	0x6b
 4891 080f 2D030000 		.4byte	.LLST22
 4892 0813 00       		.byte	0
 4893 0814 1C       		.uleb128 0x1c
 4894 0815 89010000 		.4byte	.LASF60
 4895 0819 01       		.byte	0x1
 4896 081a 4A05     		.2byte	0x54a
 4897 081c 00000000 		.4byte	.LFB24
 4898 0820 40000000 		.4byte	.LFE24-.LFB24
 4899 0824 01       		.uleb128 0x1
 4900 0825 9C       		.byte	0x9c
 4901 0826 4D080000 		.4byte	0x84d
 4902 082a 21       		.uleb128 0x21
 4903 082b FC040000 		.4byte	.LASF33
 4904 082f 01       		.byte	0x1
 4905 0830 4C05     		.2byte	0x54c
ARM GAS  C:\Users\elias\AppData\Local\Temp\cc0Or0pr.s 			page 210


 4906 0832 6B000000 		.4byte	0x6b
 4907 0836 4B030000 		.4byte	.LLST23
 4908 083a 17       		.uleb128 0x17
 4909 083b 06000000 		.4byte	.LVL91
 4910 083f B2090000 		.4byte	0x9b2
 4911 0843 17       		.uleb128 0x17
 4912 0844 1E000000 		.4byte	.LVL92
 4913 0848 C8090000 		.4byte	0x9c8
 4914 084c 00       		.byte	0
 4915 084d 19       		.uleb128 0x19
 4916 084e 82010000 		.4byte	0x182
 4917 0852 00000000 		.4byte	.LFB25
 4918 0856 5C000000 		.4byte	.LFE25-.LFB25
 4919 085a 01       		.uleb128 0x1
 4920 085b 9C       		.byte	0x9c
 4921 085c 93080000 		.4byte	0x893
 4922 0860 24       		.uleb128 0x24
 4923 0861 8F010000 		.4byte	0x18f
 4924 0865 5E030000 		.4byte	.LLST24
 4925 0869 15       		.uleb128 0x15
 4926 086a 20010000 		.4byte	.Ldebug_ranges0+0x120
 4927 086e 24       		.uleb128 0x24
 4928 086f 8F010000 		.4byte	0x18f
 4929 0873 8A030000 		.4byte	.LLST25
 4930 0877 15       		.uleb128 0x15
 4931 0878 20010000 		.4byte	.Ldebug_ranges0+0x120
 4932 087c 16       		.uleb128 0x16
 4933 087d 9C010000 		.4byte	0x19c
 4934 0881 B6030000 		.4byte	.LLST26
 4935 0885 26       		.uleb128 0x26
 4936 0886 A8010000 		.4byte	0x1a8
 4937 088a 05       		.uleb128 0x5
 4938 088b 03       		.byte	0x3
 4939 088c 08000000 		.4byte	txPeriod.5150
 4940 0890 00       		.byte	0
 4941 0891 00       		.byte	0
 4942 0892 00       		.byte	0
 4943 0893 06       		.uleb128 0x6
 4944 0894 52020000 		.4byte	.LASF61
 4945 0898 01       		.byte	0x1
 4946 0899 2406     		.2byte	0x624
 4947 089b 01       		.byte	0x1
 4948 089c AD080000 		.4byte	0x8ad
 4949 08a0 07       		.uleb128 0x7
 4950 08a1 0A010000 		.4byte	.LASF62
 4951 08a5 01       		.byte	0x1
 4952 08a6 2406     		.2byte	0x624
 4953 08a8 6B000000 		.4byte	0x6b
 4954 08ac 00       		.byte	0
 4955 08ad 19       		.uleb128 0x19
 4956 08ae 93080000 		.4byte	0x893
 4957 08b2 00000000 		.4byte	.LFB26
 4958 08b6 02000000 		.4byte	.LFE26-.LFB26
 4959 08ba 01       		.uleb128 0x1
 4960 08bb 9C       		.byte	0x9c
 4961 08bc C8080000 		.4byte	0x8c8
 4962 08c0 23       		.uleb128 0x23
ARM GAS  C:\Users\elias\AppData\Local\Temp\cc0Or0pr.s 			page 211


 4963 08c1 A0080000 		.4byte	0x8a0
 4964 08c5 01       		.uleb128 0x1
 4965 08c6 50       		.byte	0x50
 4966 08c7 00       		.byte	0
 4967 08c8 2B       		.uleb128 0x2b
 4968 08c9 0D050000 		.4byte	.LASF63
 4969 08cd 01       		.byte	0x1
 4970 08ce 1B       		.byte	0x1b
 4971 08cf 6B000000 		.4byte	0x6b
 4972 08d3 05       		.uleb128 0x5
 4973 08d4 03       		.byte	0x3
 4974 08d5 00000000 		.4byte	UART_initVar
 4975 08d9 2C       		.uleb128 0x2c
 4976 08da BC000000 		.4byte	0xbc
 4977 08de E9080000 		.4byte	0x8e9
 4978 08e2 2D       		.uleb128 0x2d
 4979 08e3 D9000000 		.4byte	0xd9
 4980 08e7 7F       		.byte	0x7f
 4981 08e8 00       		.byte	0
 4982 08e9 2B       		.uleb128 0x2b
 4983 08ea 59010000 		.4byte	.LASF64
 4984 08ee 01       		.byte	0x1
 4985 08ef 1E       		.byte	0x1e
 4986 08f0 FA080000 		.4byte	0x8fa
 4987 08f4 05       		.uleb128 0x5
 4988 08f5 03       		.byte	0x3
 4989 08f6 00000000 		.4byte	UART_txBuffer
 4990 08fa 05       		.uleb128 0x5
 4991 08fb D9080000 		.4byte	0x8d9
 4992 08ff 2B       		.uleb128 0x2b
 4993 0900 92000000 		.4byte	.LASF65
 4994 0904 01       		.byte	0x1
 4995 0905 1F       		.byte	0x1f
 4996 0906 BC000000 		.4byte	0xbc
 4997 090a 05       		.uleb128 0x5
 4998 090b 03       		.byte	0x3
 4999 090c 00000000 		.4byte	UART_txBufferRead
 5000 0910 2B       		.uleb128 0x2b
 5001 0911 28000000 		.4byte	.LASF66
 5002 0915 01       		.byte	0x1
 5003 0916 20       		.byte	0x20
 5004 0917 6B000000 		.4byte	0x6b
 5005 091b 05       		.uleb128 0x5
 5006 091c 03       		.byte	0x3
 5007 091d 00000000 		.4byte	UART_txBufferWrite
 5008 0921 2B       		.uleb128 0x2b
 5009 0922 C4030000 		.4byte	.LASF67
 5010 0926 01       		.byte	0x1
 5011 0927 24       		.byte	0x24
 5012 0928 6B000000 		.4byte	0x6b
 5013 092c 05       		.uleb128 0x5
 5014 092d 03       		.byte	0x3
 5015 092e 00000000 		.4byte	UART_errorStatus
 5016 0932 2C       		.uleb128 0x2c
 5017 0933 BC000000 		.4byte	0xbc
 5018 0937 42090000 		.4byte	0x942
 5019 093b 2D       		.uleb128 0x2d
ARM GAS  C:\Users\elias\AppData\Local\Temp\cc0Or0pr.s 			page 212


 5020 093c D9000000 		.4byte	0xd9
 5021 0940 1F       		.byte	0x1f
 5022 0941 00       		.byte	0
 5023 0942 2B       		.uleb128 0x2b
 5024 0943 40050000 		.4byte	.LASF68
 5025 0947 01       		.byte	0x1
 5026 0948 25       		.byte	0x25
 5027 0949 53090000 		.4byte	0x953
 5028 094d 05       		.uleb128 0x5
 5029 094e 03       		.byte	0x3
 5030 094f 00000000 		.4byte	UART_rxBuffer
 5031 0953 05       		.uleb128 0x5
 5032 0954 32090000 		.4byte	0x932
 5033 0958 2B       		.uleb128 0x2b
 5034 0959 30020000 		.4byte	.LASF69
 5035 095d 01       		.byte	0x1
 5036 095e 26       		.byte	0x26
 5037 095f BC000000 		.4byte	0xbc
 5038 0963 05       		.uleb128 0x5
 5039 0964 03       		.byte	0x3
 5040 0965 00000000 		.4byte	UART_rxBufferRead
 5041 0969 2B       		.uleb128 0x2b
 5042 096a 16010000 		.4byte	.LASF70
 5043 096e 01       		.byte	0x1
 5044 096f 27       		.byte	0x27
 5045 0970 BC000000 		.4byte	0xbc
 5046 0974 05       		.uleb128 0x5
 5047 0975 03       		.byte	0x3
 5048 0976 00000000 		.4byte	UART_rxBufferWrite
 5049 097a 2B       		.uleb128 0x2b
 5050 097b 00020000 		.4byte	.LASF71
 5051 097f 01       		.byte	0x1
 5052 0980 28       		.byte	0x28
 5053 0981 BC000000 		.4byte	0xbc
 5054 0985 05       		.uleb128 0x5
 5055 0986 03       		.byte	0x3
 5056 0987 00000000 		.4byte	UART_rxBufferLoopDetect
 5057 098b 2B       		.uleb128 0x2b
 5058 098c 7C000000 		.4byte	.LASF72
 5059 0990 01       		.byte	0x1
 5060 0991 29       		.byte	0x29
 5061 0992 BC000000 		.4byte	0xbc
 5062 0996 05       		.uleb128 0x5
 5063 0997 03       		.byte	0x3
 5064 0998 00000000 		.4byte	UART_rxBufferOverflow
 5065 099c 2E       		.uleb128 0x2e
 5066 099d 30010000 		.4byte	.LASF73
 5067 09a1 30010000 		.4byte	.LASF73
 5068 09a5 03       		.byte	0x3
 5069 09a6 88       		.byte	0x88
 5070 09a7 2E       		.uleb128 0x2e
 5071 09a8 B3030000 		.4byte	.LASF74
 5072 09ac B3030000 		.4byte	.LASF74
 5073 09b0 03       		.byte	0x3
 5074 09b1 8B       		.byte	0x8b
 5075 09b2 2E       		.uleb128 0x2e
 5076 09b3 E9010000 		.4byte	.LASF75
ARM GAS  C:\Users\elias\AppData\Local\Temp\cc0Or0pr.s 			page 213


 5077 09b7 E9010000 		.4byte	.LASF75
 5078 09bb 03       		.byte	0x3
 5079 09bc 7D       		.byte	0x7d
 5080 09bd 2E       		.uleb128 0x2e
 5081 09be 7A020000 		.4byte	.LASF76
 5082 09c2 7A020000 		.4byte	.LASF76
 5083 09c6 04       		.byte	0x4
 5084 09c7 27       		.byte	0x27
 5085 09c8 2E       		.uleb128 0x2e
 5086 09c9 07000000 		.4byte	.LASF77
 5087 09cd 07000000 		.4byte	.LASF77
 5088 09d1 03       		.byte	0x3
 5089 09d2 7E       		.byte	0x7e
 5090 09d3 2E       		.uleb128 0x2e
 5091 09d4 F9020000 		.4byte	.LASF78
 5092 09d8 F9020000 		.4byte	.LASF78
 5093 09dc 04       		.byte	0x4
 5094 09dd 28       		.byte	0x28
 5095 09de 00       		.byte	0
 5096              		.section	.debug_abbrev,"",%progbits
 5097              	.Ldebug_abbrev0:
 5098 0000 01       		.uleb128 0x1
 5099 0001 11       		.uleb128 0x11
 5100 0002 01       		.byte	0x1
 5101 0003 25       		.uleb128 0x25
 5102 0004 0E       		.uleb128 0xe
 5103 0005 13       		.uleb128 0x13
 5104 0006 0B       		.uleb128 0xb
 5105 0007 03       		.uleb128 0x3
 5106 0008 0E       		.uleb128 0xe
 5107 0009 1B       		.uleb128 0x1b
 5108 000a 0E       		.uleb128 0xe
 5109 000b 55       		.uleb128 0x55
 5110 000c 17       		.uleb128 0x17
 5111 000d 11       		.uleb128 0x11
 5112 000e 01       		.uleb128 0x1
 5113 000f 10       		.uleb128 0x10
 5114 0010 17       		.uleb128 0x17
 5115 0011 00       		.byte	0
 5116 0012 00       		.byte	0
 5117 0013 02       		.uleb128 0x2
 5118 0014 24       		.uleb128 0x24
 5119 0015 00       		.byte	0
 5120 0016 0B       		.uleb128 0xb
 5121 0017 0B       		.uleb128 0xb
 5122 0018 3E       		.uleb128 0x3e
 5123 0019 0B       		.uleb128 0xb
 5124 001a 03       		.uleb128 0x3
 5125 001b 0E       		.uleb128 0xe
 5126 001c 00       		.byte	0
 5127 001d 00       		.byte	0
 5128 001e 03       		.uleb128 0x3
 5129 001f 24       		.uleb128 0x24
 5130 0020 00       		.byte	0
 5131 0021 0B       		.uleb128 0xb
 5132 0022 0B       		.uleb128 0xb
 5133 0023 3E       		.uleb128 0x3e
ARM GAS  C:\Users\elias\AppData\Local\Temp\cc0Or0pr.s 			page 214


 5134 0024 0B       		.uleb128 0xb
 5135 0025 03       		.uleb128 0x3
 5136 0026 08       		.uleb128 0x8
 5137 0027 00       		.byte	0
 5138 0028 00       		.byte	0
 5139 0029 04       		.uleb128 0x4
 5140 002a 16       		.uleb128 0x16
 5141 002b 00       		.byte	0
 5142 002c 03       		.uleb128 0x3
 5143 002d 0E       		.uleb128 0xe
 5144 002e 3A       		.uleb128 0x3a
 5145 002f 0B       		.uleb128 0xb
 5146 0030 3B       		.uleb128 0x3b
 5147 0031 05       		.uleb128 0x5
 5148 0032 49       		.uleb128 0x49
 5149 0033 13       		.uleb128 0x13
 5150 0034 00       		.byte	0
 5151 0035 00       		.byte	0
 5152 0036 05       		.uleb128 0x5
 5153 0037 35       		.uleb128 0x35
 5154 0038 00       		.byte	0
 5155 0039 49       		.uleb128 0x49
 5156 003a 13       		.uleb128 0x13
 5157 003b 00       		.byte	0
 5158 003c 00       		.byte	0
 5159 003d 06       		.uleb128 0x6
 5160 003e 2E       		.uleb128 0x2e
 5161 003f 01       		.byte	0x1
 5162 0040 3F       		.uleb128 0x3f
 5163 0041 19       		.uleb128 0x19
 5164 0042 03       		.uleb128 0x3
 5165 0043 0E       		.uleb128 0xe
 5166 0044 3A       		.uleb128 0x3a
 5167 0045 0B       		.uleb128 0xb
 5168 0046 3B       		.uleb128 0x3b
 5169 0047 05       		.uleb128 0x5
 5170 0048 27       		.uleb128 0x27
 5171 0049 19       		.uleb128 0x19
 5172 004a 20       		.uleb128 0x20
 5173 004b 0B       		.uleb128 0xb
 5174 004c 01       		.uleb128 0x1
 5175 004d 13       		.uleb128 0x13
 5176 004e 00       		.byte	0
 5177 004f 00       		.byte	0
 5178 0050 07       		.uleb128 0x7
 5179 0051 05       		.uleb128 0x5
 5180 0052 00       		.byte	0
 5181 0053 03       		.uleb128 0x3
 5182 0054 0E       		.uleb128 0xe
 5183 0055 3A       		.uleb128 0x3a
 5184 0056 0B       		.uleb128 0xb
 5185 0057 3B       		.uleb128 0x3b
 5186 0058 05       		.uleb128 0x5
 5187 0059 49       		.uleb128 0x49
 5188 005a 13       		.uleb128 0x13
 5189 005b 00       		.byte	0
 5190 005c 00       		.byte	0
ARM GAS  C:\Users\elias\AppData\Local\Temp\cc0Or0pr.s 			page 215


 5191 005d 08       		.uleb128 0x8
 5192 005e 34       		.uleb128 0x34
 5193 005f 00       		.byte	0
 5194 0060 03       		.uleb128 0x3
 5195 0061 0E       		.uleb128 0xe
 5196 0062 3A       		.uleb128 0x3a
 5197 0063 0B       		.uleb128 0xb
 5198 0064 3B       		.uleb128 0x3b
 5199 0065 05       		.uleb128 0x5
 5200 0066 49       		.uleb128 0x49
 5201 0067 13       		.uleb128 0x13
 5202 0068 00       		.byte	0
 5203 0069 00       		.byte	0
 5204 006a 09       		.uleb128 0x9
 5205 006b 0F       		.uleb128 0xf
 5206 006c 00       		.byte	0
 5207 006d 0B       		.uleb128 0xb
 5208 006e 0B       		.uleb128 0xb
 5209 006f 49       		.uleb128 0x49
 5210 0070 13       		.uleb128 0x13
 5211 0071 00       		.byte	0
 5212 0072 00       		.byte	0
 5213 0073 0A       		.uleb128 0xa
 5214 0074 26       		.uleb128 0x26
 5215 0075 00       		.byte	0
 5216 0076 49       		.uleb128 0x49
 5217 0077 13       		.uleb128 0x13
 5218 0078 00       		.byte	0
 5219 0079 00       		.byte	0
 5220 007a 0B       		.uleb128 0xb
 5221 007b 0B       		.uleb128 0xb
 5222 007c 01       		.byte	0x1
 5223 007d 00       		.byte	0
 5224 007e 00       		.byte	0
 5225 007f 0C       		.uleb128 0xc
 5226 0080 2E       		.uleb128 0x2e
 5227 0081 00       		.byte	0
 5228 0082 3F       		.uleb128 0x3f
 5229 0083 19       		.uleb128 0x19
 5230 0084 03       		.uleb128 0x3
 5231 0085 0E       		.uleb128 0xe
 5232 0086 3A       		.uleb128 0x3a
 5233 0087 0B       		.uleb128 0xb
 5234 0088 3B       		.uleb128 0x3b
 5235 0089 0B       		.uleb128 0xb
 5236 008a 27       		.uleb128 0x27
 5237 008b 19       		.uleb128 0x19
 5238 008c 20       		.uleb128 0x20
 5239 008d 0B       		.uleb128 0xb
 5240 008e 00       		.byte	0
 5241 008f 00       		.byte	0
 5242 0090 0D       		.uleb128 0xd
 5243 0091 2E       		.uleb128 0x2e
 5244 0092 01       		.byte	0x1
 5245 0093 3F       		.uleb128 0x3f
 5246 0094 19       		.uleb128 0x19
 5247 0095 03       		.uleb128 0x3
ARM GAS  C:\Users\elias\AppData\Local\Temp\cc0Or0pr.s 			page 216


 5248 0096 0E       		.uleb128 0xe
 5249 0097 3A       		.uleb128 0x3a
 5250 0098 0B       		.uleb128 0xb
 5251 0099 3B       		.uleb128 0x3b
 5252 009a 0B       		.uleb128 0xb
 5253 009b 27       		.uleb128 0x27
 5254 009c 19       		.uleb128 0x19
 5255 009d 20       		.uleb128 0x20
 5256 009e 0B       		.uleb128 0xb
 5257 009f 01       		.uleb128 0x1
 5258 00a0 13       		.uleb128 0x13
 5259 00a1 00       		.byte	0
 5260 00a2 00       		.byte	0
 5261 00a3 0E       		.uleb128 0xe
 5262 00a4 34       		.uleb128 0x34
 5263 00a5 00       		.byte	0
 5264 00a6 03       		.uleb128 0x3
 5265 00a7 0E       		.uleb128 0xe
 5266 00a8 3A       		.uleb128 0x3a
 5267 00a9 0B       		.uleb128 0xb
 5268 00aa 3B       		.uleb128 0x3b
 5269 00ab 0B       		.uleb128 0xb
 5270 00ac 49       		.uleb128 0x49
 5271 00ad 13       		.uleb128 0x13
 5272 00ae 00       		.byte	0
 5273 00af 00       		.byte	0
 5274 00b0 0F       		.uleb128 0xf
 5275 00b1 2E       		.uleb128 0x2e
 5276 00b2 01       		.byte	0x1
 5277 00b3 3F       		.uleb128 0x3f
 5278 00b4 19       		.uleb128 0x19
 5279 00b5 03       		.uleb128 0x3
 5280 00b6 0E       		.uleb128 0xe
 5281 00b7 3A       		.uleb128 0x3a
 5282 00b8 0B       		.uleb128 0xb
 5283 00b9 3B       		.uleb128 0x3b
 5284 00ba 0B       		.uleb128 0xb
 5285 00bb 27       		.uleb128 0x27
 5286 00bc 19       		.uleb128 0x19
 5287 00bd 11       		.uleb128 0x11
 5288 00be 01       		.uleb128 0x1
 5289 00bf 12       		.uleb128 0x12
 5290 00c0 06       		.uleb128 0x6
 5291 00c1 40       		.uleb128 0x40
 5292 00c2 18       		.uleb128 0x18
 5293 00c3 9742     		.uleb128 0x2117
 5294 00c5 19       		.uleb128 0x19
 5295 00c6 01       		.uleb128 0x1
 5296 00c7 13       		.uleb128 0x13
 5297 00c8 00       		.byte	0
 5298 00c9 00       		.byte	0
 5299 00ca 10       		.uleb128 0x10
 5300 00cb 1D       		.uleb128 0x1d
 5301 00cc 01       		.byte	0x1
 5302 00cd 31       		.uleb128 0x31
 5303 00ce 13       		.uleb128 0x13
 5304 00cf 52       		.uleb128 0x52
ARM GAS  C:\Users\elias\AppData\Local\Temp\cc0Or0pr.s 			page 217


 5305 00d0 01       		.uleb128 0x1
 5306 00d1 55       		.uleb128 0x55
 5307 00d2 17       		.uleb128 0x17
 5308 00d3 58       		.uleb128 0x58
 5309 00d4 0B       		.uleb128 0xb
 5310 00d5 59       		.uleb128 0x59
 5311 00d6 0B       		.uleb128 0xb
 5312 00d7 01       		.uleb128 0x1
 5313 00d8 13       		.uleb128 0x13
 5314 00d9 00       		.byte	0
 5315 00da 00       		.byte	0
 5316 00db 11       		.uleb128 0x11
 5317 00dc 898201   		.uleb128 0x4109
 5318 00df 01       		.byte	0x1
 5319 00e0 11       		.uleb128 0x11
 5320 00e1 01       		.uleb128 0x1
 5321 00e2 31       		.uleb128 0x31
 5322 00e3 13       		.uleb128 0x13
 5323 00e4 01       		.uleb128 0x1
 5324 00e5 13       		.uleb128 0x13
 5325 00e6 00       		.byte	0
 5326 00e7 00       		.byte	0
 5327 00e8 12       		.uleb128 0x12
 5328 00e9 8A8201   		.uleb128 0x410a
 5329 00ec 00       		.byte	0
 5330 00ed 02       		.uleb128 0x2
 5331 00ee 18       		.uleb128 0x18
 5332 00ef 9142     		.uleb128 0x2111
 5333 00f1 18       		.uleb128 0x18
 5334 00f2 00       		.byte	0
 5335 00f3 00       		.byte	0
 5336 00f4 13       		.uleb128 0x13
 5337 00f5 898201   		.uleb128 0x4109
 5338 00f8 01       		.byte	0x1
 5339 00f9 11       		.uleb128 0x11
 5340 00fa 01       		.uleb128 0x1
 5341 00fb 31       		.uleb128 0x31
 5342 00fc 13       		.uleb128 0x13
 5343 00fd 00       		.byte	0
 5344 00fe 00       		.byte	0
 5345 00ff 14       		.uleb128 0x14
 5346 0100 1D       		.uleb128 0x1d
 5347 0101 01       		.byte	0x1
 5348 0102 31       		.uleb128 0x31
 5349 0103 13       		.uleb128 0x13
 5350 0104 52       		.uleb128 0x52
 5351 0105 01       		.uleb128 0x1
 5352 0106 55       		.uleb128 0x55
 5353 0107 17       		.uleb128 0x17
 5354 0108 58       		.uleb128 0x58
 5355 0109 0B       		.uleb128 0xb
 5356 010a 59       		.uleb128 0x59
 5357 010b 0B       		.uleb128 0xb
 5358 010c 00       		.byte	0
 5359 010d 00       		.byte	0
 5360 010e 15       		.uleb128 0x15
 5361 010f 0B       		.uleb128 0xb
ARM GAS  C:\Users\elias\AppData\Local\Temp\cc0Or0pr.s 			page 218


 5362 0110 01       		.byte	0x1
 5363 0111 55       		.uleb128 0x55
 5364 0112 17       		.uleb128 0x17
 5365 0113 00       		.byte	0
 5366 0114 00       		.byte	0
 5367 0115 16       		.uleb128 0x16
 5368 0116 34       		.uleb128 0x34
 5369 0117 00       		.byte	0
 5370 0118 31       		.uleb128 0x31
 5371 0119 13       		.uleb128 0x13
 5372 011a 02       		.uleb128 0x2
 5373 011b 17       		.uleb128 0x17
 5374 011c 00       		.byte	0
 5375 011d 00       		.byte	0
 5376 011e 17       		.uleb128 0x17
 5377 011f 898201   		.uleb128 0x4109
 5378 0122 00       		.byte	0
 5379 0123 11       		.uleb128 0x11
 5380 0124 01       		.uleb128 0x1
 5381 0125 31       		.uleb128 0x31
 5382 0126 13       		.uleb128 0x13
 5383 0127 00       		.byte	0
 5384 0128 00       		.byte	0
 5385 0129 18       		.uleb128 0x18
 5386 012a 898201   		.uleb128 0x4109
 5387 012d 00       		.byte	0
 5388 012e 11       		.uleb128 0x11
 5389 012f 01       		.uleb128 0x1
 5390 0130 9542     		.uleb128 0x2115
 5391 0132 19       		.uleb128 0x19
 5392 0133 31       		.uleb128 0x31
 5393 0134 13       		.uleb128 0x13
 5394 0135 00       		.byte	0
 5395 0136 00       		.byte	0
 5396 0137 19       		.uleb128 0x19
 5397 0138 2E       		.uleb128 0x2e
 5398 0139 01       		.byte	0x1
 5399 013a 31       		.uleb128 0x31
 5400 013b 13       		.uleb128 0x13
 5401 013c 11       		.uleb128 0x11
 5402 013d 01       		.uleb128 0x1
 5403 013e 12       		.uleb128 0x12
 5404 013f 06       		.uleb128 0x6
 5405 0140 40       		.uleb128 0x40
 5406 0141 18       		.uleb128 0x18
 5407 0142 9742     		.uleb128 0x2117
 5408 0144 19       		.uleb128 0x19
 5409 0145 01       		.uleb128 0x1
 5410 0146 13       		.uleb128 0x13
 5411 0147 00       		.byte	0
 5412 0148 00       		.byte	0
 5413 0149 1A       		.uleb128 0x1a
 5414 014a 34       		.uleb128 0x34
 5415 014b 00       		.byte	0
 5416 014c 03       		.uleb128 0x3
 5417 014d 0E       		.uleb128 0xe
 5418 014e 3A       		.uleb128 0x3a
ARM GAS  C:\Users\elias\AppData\Local\Temp\cc0Or0pr.s 			page 219


 5419 014f 0B       		.uleb128 0xb
 5420 0150 3B       		.uleb128 0x3b
 5421 0151 0B       		.uleb128 0xb
 5422 0152 49       		.uleb128 0x49
 5423 0153 13       		.uleb128 0x13
 5424 0154 02       		.uleb128 0x2
 5425 0155 17       		.uleb128 0x17
 5426 0156 00       		.byte	0
 5427 0157 00       		.byte	0
 5428 0158 1B       		.uleb128 0x1b
 5429 0159 2E       		.uleb128 0x2e
 5430 015a 00       		.byte	0
 5431 015b 3F       		.uleb128 0x3f
 5432 015c 19       		.uleb128 0x19
 5433 015d 03       		.uleb128 0x3
 5434 015e 0E       		.uleb128 0xe
 5435 015f 3A       		.uleb128 0x3a
 5436 0160 0B       		.uleb128 0xb
 5437 0161 3B       		.uleb128 0x3b
 5438 0162 05       		.uleb128 0x5
 5439 0163 27       		.uleb128 0x27
 5440 0164 19       		.uleb128 0x19
 5441 0165 49       		.uleb128 0x49
 5442 0166 13       		.uleb128 0x13
 5443 0167 11       		.uleb128 0x11
 5444 0168 01       		.uleb128 0x1
 5445 0169 12       		.uleb128 0x12
 5446 016a 06       		.uleb128 0x6
 5447 016b 40       		.uleb128 0x40
 5448 016c 18       		.uleb128 0x18
 5449 016d 9742     		.uleb128 0x2117
 5450 016f 19       		.uleb128 0x19
 5451 0170 00       		.byte	0
 5452 0171 00       		.byte	0
 5453 0172 1C       		.uleb128 0x1c
 5454 0173 2E       		.uleb128 0x2e
 5455 0174 01       		.byte	0x1
 5456 0175 3F       		.uleb128 0x3f
 5457 0176 19       		.uleb128 0x19
 5458 0177 03       		.uleb128 0x3
 5459 0178 0E       		.uleb128 0xe
 5460 0179 3A       		.uleb128 0x3a
 5461 017a 0B       		.uleb128 0xb
 5462 017b 3B       		.uleb128 0x3b
 5463 017c 05       		.uleb128 0x5
 5464 017d 27       		.uleb128 0x27
 5465 017e 19       		.uleb128 0x19
 5466 017f 11       		.uleb128 0x11
 5467 0180 01       		.uleb128 0x1
 5468 0181 12       		.uleb128 0x12
 5469 0182 06       		.uleb128 0x6
 5470 0183 40       		.uleb128 0x40
 5471 0184 18       		.uleb128 0x18
 5472 0185 9742     		.uleb128 0x2117
 5473 0187 19       		.uleb128 0x19
 5474 0188 01       		.uleb128 0x1
 5475 0189 13       		.uleb128 0x13
ARM GAS  C:\Users\elias\AppData\Local\Temp\cc0Or0pr.s 			page 220


 5476 018a 00       		.byte	0
 5477 018b 00       		.byte	0
 5478 018c 1D       		.uleb128 0x1d
 5479 018d 05       		.uleb128 0x5
 5480 018e 00       		.byte	0
 5481 018f 03       		.uleb128 0x3
 5482 0190 0E       		.uleb128 0xe
 5483 0191 3A       		.uleb128 0x3a
 5484 0192 0B       		.uleb128 0xb
 5485 0193 3B       		.uleb128 0x3b
 5486 0194 05       		.uleb128 0x5
 5487 0195 49       		.uleb128 0x49
 5488 0196 13       		.uleb128 0x13
 5489 0197 02       		.uleb128 0x2
 5490 0198 18       		.uleb128 0x18
 5491 0199 00       		.byte	0
 5492 019a 00       		.byte	0
 5493 019b 1E       		.uleb128 0x1e
 5494 019c 2E       		.uleb128 0x2e
 5495 019d 01       		.byte	0x1
 5496 019e 3F       		.uleb128 0x3f
 5497 019f 19       		.uleb128 0x19
 5498 01a0 03       		.uleb128 0x3
 5499 01a1 0E       		.uleb128 0xe
 5500 01a2 3A       		.uleb128 0x3a
 5501 01a3 0B       		.uleb128 0xb
 5502 01a4 3B       		.uleb128 0x3b
 5503 01a5 05       		.uleb128 0x5
 5504 01a6 27       		.uleb128 0x27
 5505 01a7 19       		.uleb128 0x19
 5506 01a8 49       		.uleb128 0x49
 5507 01a9 13       		.uleb128 0x13
 5508 01aa 20       		.uleb128 0x20
 5509 01ab 0B       		.uleb128 0xb
 5510 01ac 01       		.uleb128 0x1
 5511 01ad 13       		.uleb128 0x13
 5512 01ae 00       		.byte	0
 5513 01af 00       		.byte	0
 5514 01b0 1F       		.uleb128 0x1f
 5515 01b1 2E       		.uleb128 0x2e
 5516 01b2 01       		.byte	0x1
 5517 01b3 3F       		.uleb128 0x3f
 5518 01b4 19       		.uleb128 0x19
 5519 01b5 03       		.uleb128 0x3
 5520 01b6 0E       		.uleb128 0xe
 5521 01b7 3A       		.uleb128 0x3a
 5522 01b8 0B       		.uleb128 0xb
 5523 01b9 3B       		.uleb128 0x3b
 5524 01ba 05       		.uleb128 0x5
 5525 01bb 27       		.uleb128 0x27
 5526 01bc 19       		.uleb128 0x19
 5527 01bd 49       		.uleb128 0x49
 5528 01be 13       		.uleb128 0x13
 5529 01bf 11       		.uleb128 0x11
 5530 01c0 01       		.uleb128 0x1
 5531 01c1 12       		.uleb128 0x12
 5532 01c2 06       		.uleb128 0x6
ARM GAS  C:\Users\elias\AppData\Local\Temp\cc0Or0pr.s 			page 221


 5533 01c3 40       		.uleb128 0x40
 5534 01c4 18       		.uleb128 0x18
 5535 01c5 9742     		.uleb128 0x2117
 5536 01c7 19       		.uleb128 0x19
 5537 01c8 01       		.uleb128 0x1
 5538 01c9 13       		.uleb128 0x13
 5539 01ca 00       		.byte	0
 5540 01cb 00       		.byte	0
 5541 01cc 20       		.uleb128 0x20
 5542 01cd 34       		.uleb128 0x34
 5543 01ce 00       		.byte	0
 5544 01cf 03       		.uleb128 0x3
 5545 01d0 0E       		.uleb128 0xe
 5546 01d1 3A       		.uleb128 0x3a
 5547 01d2 0B       		.uleb128 0xb
 5548 01d3 3B       		.uleb128 0x3b
 5549 01d4 05       		.uleb128 0x5
 5550 01d5 49       		.uleb128 0x49
 5551 01d6 13       		.uleb128 0x13
 5552 01d7 02       		.uleb128 0x2
 5553 01d8 18       		.uleb128 0x18
 5554 01d9 00       		.byte	0
 5555 01da 00       		.byte	0
 5556 01db 21       		.uleb128 0x21
 5557 01dc 34       		.uleb128 0x34
 5558 01dd 00       		.byte	0
 5559 01de 03       		.uleb128 0x3
 5560 01df 0E       		.uleb128 0xe
 5561 01e0 3A       		.uleb128 0x3a
 5562 01e1 0B       		.uleb128 0xb
 5563 01e2 3B       		.uleb128 0x3b
 5564 01e3 05       		.uleb128 0x5
 5565 01e4 49       		.uleb128 0x49
 5566 01e5 13       		.uleb128 0x13
 5567 01e6 02       		.uleb128 0x2
 5568 01e7 17       		.uleb128 0x17
 5569 01e8 00       		.byte	0
 5570 01e9 00       		.byte	0
 5571 01ea 22       		.uleb128 0x22
 5572 01eb 1D       		.uleb128 0x1d
 5573 01ec 01       		.byte	0x1
 5574 01ed 31       		.uleb128 0x31
 5575 01ee 13       		.uleb128 0x13
 5576 01ef 52       		.uleb128 0x52
 5577 01f0 01       		.uleb128 0x1
 5578 01f1 55       		.uleb128 0x55
 5579 01f2 17       		.uleb128 0x17
 5580 01f3 58       		.uleb128 0x58
 5581 01f4 0B       		.uleb128 0xb
 5582 01f5 59       		.uleb128 0x59
 5583 01f6 05       		.uleb128 0x5
 5584 01f7 00       		.byte	0
 5585 01f8 00       		.byte	0
 5586 01f9 23       		.uleb128 0x23
 5587 01fa 05       		.uleb128 0x5
 5588 01fb 00       		.byte	0
 5589 01fc 31       		.uleb128 0x31
ARM GAS  C:\Users\elias\AppData\Local\Temp\cc0Or0pr.s 			page 222


 5590 01fd 13       		.uleb128 0x13
 5591 01fe 02       		.uleb128 0x2
 5592 01ff 18       		.uleb128 0x18
 5593 0200 00       		.byte	0
 5594 0201 00       		.byte	0
 5595 0202 24       		.uleb128 0x24
 5596 0203 05       		.uleb128 0x5
 5597 0204 00       		.byte	0
 5598 0205 31       		.uleb128 0x31
 5599 0206 13       		.uleb128 0x13
 5600 0207 02       		.uleb128 0x2
 5601 0208 17       		.uleb128 0x17
 5602 0209 00       		.byte	0
 5603 020a 00       		.byte	0
 5604 020b 25       		.uleb128 0x25
 5605 020c 34       		.uleb128 0x34
 5606 020d 00       		.byte	0
 5607 020e 31       		.uleb128 0x31
 5608 020f 13       		.uleb128 0x13
 5609 0210 00       		.byte	0
 5610 0211 00       		.byte	0
 5611 0212 26       		.uleb128 0x26
 5612 0213 34       		.uleb128 0x34
 5613 0214 00       		.byte	0
 5614 0215 31       		.uleb128 0x31
 5615 0216 13       		.uleb128 0x13
 5616 0217 02       		.uleb128 0x2
 5617 0218 18       		.uleb128 0x18
 5618 0219 00       		.byte	0
 5619 021a 00       		.byte	0
 5620 021b 27       		.uleb128 0x27
 5621 021c 34       		.uleb128 0x34
 5622 021d 00       		.byte	0
 5623 021e 31       		.uleb128 0x31
 5624 021f 13       		.uleb128 0x13
 5625 0220 1C       		.uleb128 0x1c
 5626 0221 0B       		.uleb128 0xb
 5627 0222 00       		.byte	0
 5628 0223 00       		.byte	0
 5629 0224 28       		.uleb128 0x28
 5630 0225 0B       		.uleb128 0xb
 5631 0226 01       		.byte	0x1
 5632 0227 11       		.uleb128 0x11
 5633 0228 01       		.uleb128 0x1
 5634 0229 12       		.uleb128 0x12
 5635 022a 06       		.uleb128 0x6
 5636 022b 00       		.byte	0
 5637 022c 00       		.byte	0
 5638 022d 29       		.uleb128 0x29
 5639 022e 05       		.uleb128 0x5
 5640 022f 00       		.byte	0
 5641 0230 31       		.uleb128 0x31
 5642 0231 13       		.uleb128 0x13
 5643 0232 00       		.byte	0
 5644 0233 00       		.byte	0
 5645 0234 2A       		.uleb128 0x2a
 5646 0235 1D       		.uleb128 0x1d
ARM GAS  C:\Users\elias\AppData\Local\Temp\cc0Or0pr.s 			page 223


 5647 0236 01       		.byte	0x1
 5648 0237 31       		.uleb128 0x31
 5649 0238 13       		.uleb128 0x13
 5650 0239 52       		.uleb128 0x52
 5651 023a 01       		.uleb128 0x1
 5652 023b 55       		.uleb128 0x55
 5653 023c 17       		.uleb128 0x17
 5654 023d 58       		.uleb128 0x58
 5655 023e 0B       		.uleb128 0xb
 5656 023f 59       		.uleb128 0x59
 5657 0240 05       		.uleb128 0x5
 5658 0241 01       		.uleb128 0x1
 5659 0242 13       		.uleb128 0x13
 5660 0243 00       		.byte	0
 5661 0244 00       		.byte	0
 5662 0245 2B       		.uleb128 0x2b
 5663 0246 34       		.uleb128 0x34
 5664 0247 00       		.byte	0
 5665 0248 03       		.uleb128 0x3
 5666 0249 0E       		.uleb128 0xe
 5667 024a 3A       		.uleb128 0x3a
 5668 024b 0B       		.uleb128 0xb
 5669 024c 3B       		.uleb128 0x3b
 5670 024d 0B       		.uleb128 0xb
 5671 024e 49       		.uleb128 0x49
 5672 024f 13       		.uleb128 0x13
 5673 0250 3F       		.uleb128 0x3f
 5674 0251 19       		.uleb128 0x19
 5675 0252 02       		.uleb128 0x2
 5676 0253 18       		.uleb128 0x18
 5677 0254 00       		.byte	0
 5678 0255 00       		.byte	0
 5679 0256 2C       		.uleb128 0x2c
 5680 0257 01       		.uleb128 0x1
 5681 0258 01       		.byte	0x1
 5682 0259 49       		.uleb128 0x49
 5683 025a 13       		.uleb128 0x13
 5684 025b 01       		.uleb128 0x1
 5685 025c 13       		.uleb128 0x13
 5686 025d 00       		.byte	0
 5687 025e 00       		.byte	0
 5688 025f 2D       		.uleb128 0x2d
 5689 0260 21       		.uleb128 0x21
 5690 0261 00       		.byte	0
 5691 0262 49       		.uleb128 0x49
 5692 0263 13       		.uleb128 0x13
 5693 0264 2F       		.uleb128 0x2f
 5694 0265 0B       		.uleb128 0xb
 5695 0266 00       		.byte	0
 5696 0267 00       		.byte	0
 5697 0268 2E       		.uleb128 0x2e
 5698 0269 2E       		.uleb128 0x2e
 5699 026a 00       		.byte	0
 5700 026b 3F       		.uleb128 0x3f
 5701 026c 19       		.uleb128 0x19
 5702 026d 3C       		.uleb128 0x3c
 5703 026e 19       		.uleb128 0x19
ARM GAS  C:\Users\elias\AppData\Local\Temp\cc0Or0pr.s 			page 224


 5704 026f 6E       		.uleb128 0x6e
 5705 0270 0E       		.uleb128 0xe
 5706 0271 03       		.uleb128 0x3
 5707 0272 0E       		.uleb128 0xe
 5708 0273 3A       		.uleb128 0x3a
 5709 0274 0B       		.uleb128 0xb
 5710 0275 3B       		.uleb128 0x3b
 5711 0276 0B       		.uleb128 0xb
 5712 0277 00       		.byte	0
 5713 0278 00       		.byte	0
 5714 0279 00       		.byte	0
 5715              		.section	.debug_loc,"",%progbits
 5716              	.Ldebug_loc0:
 5717              	.LLST0:
 5718 0000 52000000 		.4byte	.LVL5
 5719 0004 8A000000 		.4byte	.LVL7
 5720 0008 0100     		.2byte	0x1
 5721 000a 55       		.byte	0x55
 5722 000b 00000000 		.4byte	0
 5723 000f 00000000 		.4byte	0
 5724              	.LLST1:
 5725 0013 08000000 		.4byte	.LVL14
 5726 0017 40000000 		.4byte	.LVL16
 5727 001b 0100     		.2byte	0x1
 5728 001d 55       		.byte	0x55
 5729 001e 00000000 		.4byte	0
 5730 0022 00000000 		.4byte	0
 5731              	.LLST2:
 5732 0026 08000000 		.4byte	.LVL19
 5733 002a 3A000000 		.4byte	.LVL21
 5734 002e 0100     		.2byte	0x1
 5735 0030 55       		.byte	0x55
 5736 0031 00000000 		.4byte	0
 5737 0035 00000000 		.4byte	0
 5738              	.LLST3:
 5739 0039 30000000 		.4byte	.LVL26
 5740 003d 40000000 		.4byte	.LVL29
 5741 0041 0100     		.2byte	0x1
 5742 0043 50       		.byte	0x50
 5743 0044 46000000 		.4byte	.LVL31
 5744 0048 5C000000 		.4byte	.LFE7
 5745 004c 0100     		.2byte	0x1
 5746 004e 50       		.byte	0x50
 5747 004f 00000000 		.4byte	0
 5748 0053 00000000 		.4byte	0
 5749              	.LLST4:
 5750 0057 12000000 		.4byte	.LVL24
 5751 005b 30000000 		.4byte	.LVL26
 5752 005f 0100     		.2byte	0x1
 5753 0061 51       		.byte	0x51
 5754 0062 32000000 		.4byte	.LVL27
 5755 0066 36000000 		.4byte	.LVL28
 5756 006a 1B00     		.2byte	0x1b
 5757 006c 30       		.byte	0x30
 5758 006d 71       		.byte	0x71
 5759 006e 01       		.sleb128 1
 5760 006f 08       		.byte	0x8
ARM GAS  C:\Users\elias\AppData\Local\Temp\cc0Or0pr.s 			page 225


 5761 0070 FF       		.byte	0xff
 5762 0071 1A       		.byte	0x1a
 5763 0072 71       		.byte	0x71
 5764 0073 01       		.sleb128 1
 5765 0074 08       		.byte	0x8
 5766 0075 FF       		.byte	0xff
 5767 0076 1A       		.byte	0x1a
 5768 0077 40       		.byte	0x40
 5769 0078 4B       		.byte	0x4b
 5770 0079 24       		.byte	0x24
 5771 007a 22       		.byte	0x22
 5772 007b 0C       		.byte	0xc
 5773 007c 20000080 		.4byte	0x80000020
 5774 0080 2A       		.byte	0x2a
 5775 0081 28       		.byte	0x28
 5776 0082 0100     		.2byte	0x1
 5777 0084 16       		.byte	0x16
 5778 0085 13       		.byte	0x13
 5779 0086 9F       		.byte	0x9f
 5780 0087 40000000 		.4byte	.LVL29
 5781 008b 5C000000 		.4byte	.LFE7
 5782 008f 0100     		.2byte	0x1
 5783 0091 51       		.byte	0x51
 5784 0092 00000000 		.4byte	0
 5785 0096 00000000 		.4byte	0
 5786              	.LLST5:
 5787 009a 12000000 		.4byte	.LVL24
 5788 009e 1A000000 		.4byte	.LVL25
 5789 00a2 0100     		.2byte	0x1
 5790 00a4 53       		.byte	0x53
 5791 00a5 40000000 		.4byte	.LVL29
 5792 00a9 42000000 		.4byte	.LVL30
 5793 00ad 0100     		.2byte	0x1
 5794 00af 53       		.byte	0x53
 5795 00b0 00000000 		.4byte	0
 5796 00b4 00000000 		.4byte	0
 5797              	.LLST6:
 5798 00b8 00000000 		.4byte	.LVL34
 5799 00bc 30000000 		.4byte	.LVL37
 5800 00c0 0200     		.2byte	0x2
 5801 00c2 30       		.byte	0x30
 5802 00c3 9F       		.byte	0x9f
 5803 00c4 30000000 		.4byte	.LVL37
 5804 00c8 40000000 		.4byte	.LVL40
 5805 00cc 0100     		.2byte	0x1
 5806 00ce 50       		.byte	0x50
 5807 00cf 40000000 		.4byte	.LVL40
 5808 00d3 5A000000 		.4byte	.LVL43
 5809 00d7 0200     		.2byte	0x2
 5810 00d9 30       		.byte	0x30
 5811 00da 9F       		.byte	0x9f
 5812 00db 5A000000 		.4byte	.LVL43
 5813 00df 5E000000 		.4byte	.LVL44
 5814 00e3 0100     		.2byte	0x1
 5815 00e5 50       		.byte	0x50
 5816 00e6 00000000 		.4byte	0
 5817 00ea 00000000 		.4byte	0
ARM GAS  C:\Users\elias\AppData\Local\Temp\cc0Or0pr.s 			page 226


 5818              	.LLST7:
 5819 00ee 12000000 		.4byte	.LVL35
 5820 00f2 30000000 		.4byte	.LVL37
 5821 00f6 0100     		.2byte	0x1
 5822 00f8 51       		.byte	0x51
 5823 00f9 32000000 		.4byte	.LVL38
 5824 00fd 36000000 		.4byte	.LVL39
 5825 0101 1B00     		.2byte	0x1b
 5826 0103 30       		.byte	0x30
 5827 0104 71       		.byte	0x71
 5828 0105 01       		.sleb128 1
 5829 0106 08       		.byte	0x8
 5830 0107 FF       		.byte	0xff
 5831 0108 1A       		.byte	0x1a
 5832 0109 71       		.byte	0x71
 5833 010a 01       		.sleb128 1
 5834 010b 08       		.byte	0x8
 5835 010c FF       		.byte	0xff
 5836 010d 1A       		.byte	0x1a
 5837 010e 40       		.byte	0x40
 5838 010f 4B       		.byte	0x4b
 5839 0110 24       		.byte	0x24
 5840 0111 22       		.byte	0x22
 5841 0112 0C       		.byte	0xc
 5842 0113 20000080 		.4byte	0x80000020
 5843 0117 2A       		.byte	0x2a
 5844 0118 28       		.byte	0x28
 5845 0119 0100     		.2byte	0x1
 5846 011b 16       		.byte	0x16
 5847 011c 13       		.byte	0x13
 5848 011d 9F       		.byte	0x9f
 5849 011e 40000000 		.4byte	.LVL40
 5850 0122 78000000 		.4byte	.LFE9
 5851 0126 0100     		.2byte	0x1
 5852 0128 51       		.byte	0x51
 5853 0129 00000000 		.4byte	0
 5854 012d 00000000 		.4byte	0
 5855              	.LLST8:
 5856 0131 12000000 		.4byte	.LVL35
 5857 0135 1A000000 		.4byte	.LVL36
 5858 0139 0100     		.2byte	0x1
 5859 013b 53       		.byte	0x53
 5860 013c 40000000 		.4byte	.LVL40
 5861 0140 42000000 		.4byte	.LVL41
 5862 0144 0100     		.2byte	0x1
 5863 0146 53       		.byte	0x53
 5864 0147 00000000 		.4byte	0
 5865 014b 00000000 		.4byte	0
 5866              	.LLST9:
 5867 014f 10000000 		.4byte	.LVL45
 5868 0153 1E000000 		.4byte	.LVL46
 5869 0157 0100     		.2byte	0x1
 5870 0159 50       		.byte	0x50
 5871 015a 00000000 		.4byte	0
 5872 015e 00000000 		.4byte	0
 5873              	.LLST10:
 5874 0162 3E000000 		.4byte	.LVL50
ARM GAS  C:\Users\elias\AppData\Local\Temp\cc0Or0pr.s 			page 227


 5875 0166 4C000000 		.4byte	.LVL51
 5876 016a 0100     		.2byte	0x1
 5877 016c 53       		.byte	0x53
 5878 016d 56000000 		.4byte	.LVL53
 5879 0171 6C000000 		.4byte	.LFE10
 5880 0175 0100     		.2byte	0x1
 5881 0177 53       		.byte	0x53
 5882 0178 00000000 		.4byte	0
 5883 017c 00000000 		.4byte	0
 5884              	.LLST11:
 5885 0180 20000000 		.4byte	.LVL47
 5886 0184 36000000 		.4byte	.LVL49
 5887 0188 0100     		.2byte	0x1
 5888 018a 51       		.byte	0x51
 5889 018b 50000000 		.4byte	.LVL52
 5890 018f 6C000000 		.4byte	.LFE10
 5891 0193 0100     		.2byte	0x1
 5892 0195 51       		.byte	0x51
 5893 0196 00000000 		.4byte	0
 5894 019a 00000000 		.4byte	0
 5895              	.LLST12:
 5896 019e 20000000 		.4byte	.LVL47
 5897 01a2 28000000 		.4byte	.LVL48
 5898 01a6 0100     		.2byte	0x1
 5899 01a8 52       		.byte	0x52
 5900 01a9 50000000 		.4byte	.LVL52
 5901 01ad 6C000000 		.4byte	.LFE10
 5902 01b1 0100     		.2byte	0x1
 5903 01b3 52       		.byte	0x52
 5904 01b4 00000000 		.4byte	0
 5905 01b8 00000000 		.4byte	0
 5906              	.LLST13:
 5907 01bc 2C000000 		.4byte	.LVL54
 5908 01c0 30000000 		.4byte	.LVL55
 5909 01c4 0100     		.2byte	0x1
 5910 01c6 50       		.byte	0x50
 5911 01c7 3E000000 		.4byte	.LVL56
 5912 01cb 50000000 		.4byte	.LFE11
 5913 01cf 0100     		.2byte	0x1
 5914 01d1 50       		.byte	0x50
 5915 01d2 00000000 		.4byte	0
 5916 01d6 00000000 		.4byte	0
 5917              	.LLST14:
 5918 01da 06000000 		.4byte	.LVL57
 5919 01de 1D000000 		.4byte	.LVL58-1
 5920 01e2 0100     		.2byte	0x1
 5921 01e4 50       		.byte	0x50
 5922 01e5 00000000 		.4byte	0
 5923 01e9 00000000 		.4byte	0
 5924              	.LLST15:
 5925 01ed 08000000 		.4byte	.LVL63
 5926 01f1 30000000 		.4byte	.LVL64
 5927 01f5 0100     		.2byte	0x1
 5928 01f7 50       		.byte	0x50
 5929 01f8 34000000 		.4byte	.LVL65
 5930 01fc 5C000000 		.4byte	.LFE17
 5931 0200 0100     		.2byte	0x1
ARM GAS  C:\Users\elias\AppData\Local\Temp\cc0Or0pr.s 			page 228


 5932 0202 50       		.byte	0x50
 5933 0203 00000000 		.4byte	0
 5934 0207 00000000 		.4byte	0
 5935              	.LLST16:
 5936 020b 08000000 		.4byte	.LVL68
 5937 020f 26000000 		.4byte	.LVL69
 5938 0213 0200     		.2byte	0x2
 5939 0215 30       		.byte	0x30
 5940 0216 9F       		.byte	0x9f
 5941 0217 26000000 		.4byte	.LVL69
 5942 021b 82000000 		.4byte	.LVL70
 5943 021f 0100     		.2byte	0x1
 5944 0221 55       		.byte	0x55
 5945 0222 84000000 		.4byte	.LVL71
 5946 0226 8A000000 		.4byte	.LVL72
 5947 022a 0100     		.2byte	0x1
 5948 022c 55       		.byte	0x55
 5949 022d 8E000000 		.4byte	.LVL73
 5950 0231 9A000000 		.4byte	.LVL74
 5951 0235 0100     		.2byte	0x1
 5952 0237 55       		.byte	0x55
 5953 0238 00000000 		.4byte	0
 5954 023c 00000000 		.4byte	0
 5955              	.LLST17:
 5956 0240 00000000 		.4byte	.LVL75
 5957 0244 2A000000 		.4byte	.LVL77
 5958 0248 0100     		.2byte	0x1
 5959 024a 50       		.byte	0x50
 5960 024b 2A000000 		.4byte	.LVL77
 5961 024f B0000000 		.4byte	.LFE21
 5962 0253 0400     		.2byte	0x4
 5963 0255 F3       		.byte	0xf3
 5964 0256 01       		.uleb128 0x1
 5965 0257 50       		.byte	0x50
 5966 0258 9F       		.byte	0x9f
 5967 0259 00000000 		.4byte	0
 5968 025d 00000000 		.4byte	0
 5969              	.LLST18:
 5970 0261 00000000 		.4byte	.LVL75
 5971 0265 2A000000 		.4byte	.LVL77
 5972 0269 0100     		.2byte	0x1
 5973 026b 51       		.byte	0x51
 5974 026c 2A000000 		.4byte	.LVL77
 5975 0270 B0000000 		.4byte	.LFE21
 5976 0274 0400     		.2byte	0x4
 5977 0276 F3       		.byte	0xf3
 5978 0277 01       		.uleb128 0x1
 5979 0278 51       		.byte	0x51
 5980 0279 9F       		.byte	0x9f
 5981 027a 00000000 		.4byte	0
 5982 027e 00000000 		.4byte	0
 5983              	.LLST19:
 5984 0282 0C000000 		.4byte	.LVL76
 5985 0286 2A000000 		.4byte	.LVL77
 5986 028a 0200     		.2byte	0x2
 5987 028c 30       		.byte	0x30
 5988 028d 9F       		.byte	0x9f
ARM GAS  C:\Users\elias\AppData\Local\Temp\cc0Or0pr.s 			page 229


 5989 028e 2A000000 		.4byte	.LVL77
 5990 0292 2E000000 		.4byte	.LVL78
 5991 0296 0900     		.2byte	0x9
 5992 0298 70       		.byte	0x70
 5993 0299 00       		.sleb128 0
 5994 029a F3       		.byte	0xf3
 5995 029b 01       		.uleb128 0x1
 5996 029c 50       		.byte	0x50
 5997 029d 31       		.byte	0x31
 5998 029e 1C       		.byte	0x1c
 5999 029f 1C       		.byte	0x1c
 6000 02a0 9F       		.byte	0x9f
 6001 02a1 88000000 		.4byte	.LVL79
 6002 02a5 8C000000 		.4byte	.LVL80
 6003 02a9 0900     		.2byte	0x9
 6004 02ab 70       		.byte	0x70
 6005 02ac 00       		.sleb128 0
 6006 02ad F3       		.byte	0xf3
 6007 02ae 01       		.uleb128 0x1
 6008 02af 50       		.byte	0x50
 6009 02b0 31       		.byte	0x31
 6010 02b1 1C       		.byte	0x1c
 6011 02b2 1C       		.byte	0x1c
 6012 02b3 9F       		.byte	0x9f
 6013 02b4 00000000 		.4byte	0
 6014 02b8 00000000 		.4byte	0
 6015              	.LLST20:
 6016 02bc 2E000000 		.4byte	.LVL78
 6017 02c0 88000000 		.4byte	.LVL79
 6018 02c4 0100     		.2byte	0x1
 6019 02c6 55       		.byte	0x55
 6020 02c7 90000000 		.4byte	.LVL81
 6021 02cb B0000000 		.4byte	.LFE21
 6022 02cf 0100     		.2byte	0x1
 6023 02d1 55       		.byte	0x55
 6024 02d2 00000000 		.4byte	0
 6025 02d6 00000000 		.4byte	0
 6026              	.LLST21:
 6027 02da 00000000 		.4byte	.LVL82
 6028 02de 08000000 		.4byte	.LVL83
 6029 02e2 0100     		.2byte	0x1
 6030 02e4 50       		.byte	0x50
 6031 02e5 08000000 		.4byte	.LVL83
 6032 02e9 0C000000 		.4byte	.LVL84
 6033 02ed 0400     		.2byte	0x4
 6034 02ef F3       		.byte	0xf3
 6035 02f0 01       		.uleb128 0x1
 6036 02f1 50       		.byte	0x50
 6037 02f2 9F       		.byte	0x9f
 6038 02f3 0C000000 		.4byte	.LVL84
 6039 02f7 5C000000 		.4byte	.LVL85
 6040 02fb 0100     		.2byte	0x1
 6041 02fd 50       		.byte	0x50
 6042 02fe 5C000000 		.4byte	.LVL85
 6043 0302 04010000 		.4byte	.LVL86
 6044 0306 0400     		.2byte	0x4
 6045 0308 F3       		.byte	0xf3
ARM GAS  C:\Users\elias\AppData\Local\Temp\cc0Or0pr.s 			page 230


 6046 0309 01       		.uleb128 0x1
 6047 030a 50       		.byte	0x50
 6048 030b 9F       		.byte	0x9f
 6049 030c 04010000 		.4byte	.LVL86
 6050 0310 14010000 		.4byte	.LVL87
 6051 0314 0100     		.2byte	0x1
 6052 0316 50       		.byte	0x50
 6053 0317 14010000 		.4byte	.LVL87
 6054 031b 4C010000 		.4byte	.LFE22
 6055 031f 0400     		.2byte	0x4
 6056 0321 F3       		.byte	0xf3
 6057 0322 01       		.uleb128 0x1
 6058 0323 50       		.byte	0x50
 6059 0324 9F       		.byte	0x9f
 6060 0325 00000000 		.4byte	0
 6061 0329 00000000 		.4byte	0
 6062              	.LLST22:
 6063 032d 22000000 		.4byte	.LVL88
 6064 0331 26000000 		.4byte	.LVL89
 6065 0335 0100     		.2byte	0x1
 6066 0337 50       		.byte	0x50
 6067 0338 2C000000 		.4byte	.LVL90
 6068 033c 3C000000 		.4byte	.LFE23
 6069 0340 0100     		.2byte	0x1
 6070 0342 50       		.byte	0x50
 6071 0343 00000000 		.4byte	0
 6072 0347 00000000 		.4byte	0
 6073              	.LLST23:
 6074 034b 06000000 		.4byte	.LVL91
 6075 034f 1D000000 		.4byte	.LVL92-1
 6076 0353 0100     		.2byte	0x1
 6077 0355 50       		.byte	0x50
 6078 0356 00000000 		.4byte	0
 6079 035a 00000000 		.4byte	0
 6080              	.LLST24:
 6081 035e 00000000 		.4byte	.LVL93
 6082 0362 2C000000 		.4byte	.LVL97
 6083 0366 0100     		.2byte	0x1
 6084 0368 50       		.byte	0x50
 6085 0369 2C000000 		.4byte	.LVL97
 6086 036d 3A000000 		.4byte	.LVL99
 6087 0371 0400     		.2byte	0x4
 6088 0373 F3       		.byte	0xf3
 6089 0374 01       		.uleb128 0x1
 6090 0375 50       		.byte	0x50
 6091 0376 9F       		.byte	0x9f
 6092 0377 3A000000 		.4byte	.LVL99
 6093 037b 5C000000 		.4byte	.LFE25
 6094 037f 0100     		.2byte	0x1
 6095 0381 50       		.byte	0x50
 6096 0382 00000000 		.4byte	0
 6097 0386 00000000 		.4byte	0
 6098              	.LLST25:
 6099 038a 06000000 		.4byte	.LVL94
 6100 038e 2C000000 		.4byte	.LVL97
 6101 0392 0100     		.2byte	0x1
 6102 0394 50       		.byte	0x50
ARM GAS  C:\Users\elias\AppData\Local\Temp\cc0Or0pr.s 			page 231


 6103 0395 2C000000 		.4byte	.LVL97
 6104 0399 38000000 		.4byte	.LVL98
 6105 039d 0400     		.2byte	0x4
 6106 039f F3       		.byte	0xf3
 6107 03a0 01       		.uleb128 0x1
 6108 03a1 50       		.byte	0x50
 6109 03a2 9F       		.byte	0x9f
 6110 03a3 3A000000 		.4byte	.LVL99
 6111 03a7 5C000000 		.4byte	.LFE25
 6112 03ab 0100     		.2byte	0x1
 6113 03ad 50       		.byte	0x50
 6114 03ae 00000000 		.4byte	0
 6115 03b2 00000000 		.4byte	0
 6116              	.LLST26:
 6117 03b6 1E000000 		.4byte	.LVL95
 6118 03ba 26000000 		.4byte	.LVL96
 6119 03be 0100     		.2byte	0x1
 6120 03c0 53       		.byte	0x53
 6121 03c1 46000000 		.4byte	.LVL100
 6122 03c5 48000000 		.4byte	.LVL101
 6123 03c9 0100     		.2byte	0x1
 6124 03cb 53       		.byte	0x53
 6125 03cc 00000000 		.4byte	0
 6126 03d0 00000000 		.4byte	0
 6127              		.section	.debug_aranges,"",%progbits
 6128 0000 DC000000 		.4byte	0xdc
 6129 0004 0200     		.2byte	0x2
 6130 0006 00000000 		.4byte	.Ldebug_info0
 6131 000a 04       		.byte	0x4
 6132 000b 00       		.byte	0
 6133 000c 0000     		.2byte	0
 6134 000e 0000     		.2byte	0
 6135 0010 00000000 		.4byte	.LFB0
 6136 0014 C0000000 		.4byte	.LFE0-.LFB0
 6137 0018 00000000 		.4byte	.LFB1
 6138 001c 68000000 		.4byte	.LFE1-.LFB1
 6139 0020 00000000 		.4byte	.LFB2
 6140 0024 54000000 		.4byte	.LFE2-.LFB2
 6141 0028 00000000 		.4byte	.LFB3
 6142 002c 50000000 		.4byte	.LFE3-.LFB3
 6143 0030 00000000 		.4byte	.LFB4
 6144 0034 04000000 		.4byte	.LFE4-.LFB4
 6145 0038 00000000 		.4byte	.LFB6
 6146 003c 0C000000 		.4byte	.LFE6-.LFB6
 6147 0040 00000000 		.4byte	.LFB7
 6148 0044 5C000000 		.4byte	.LFE7-.LFB7
 6149 0048 00000000 		.4byte	.LFB8
 6150 004c 20000000 		.4byte	.LFE8-.LFB8
 6151 0050 00000000 		.4byte	.LFB9
 6152 0054 78000000 		.4byte	.LFE9-.LFB9
 6153 0058 00000000 		.4byte	.LFB10
 6154 005c 6C000000 		.4byte	.LFE10-.LFB10
 6155 0060 00000000 		.4byte	.LFB11
 6156 0064 50000000 		.4byte	.LFE11-.LFB11
 6157 0068 00000000 		.4byte	.LFB12
 6158 006c 44000000 		.4byte	.LFE12-.LFB12
 6159 0070 00000000 		.4byte	.LFB14
ARM GAS  C:\Users\elias\AppData\Local\Temp\cc0Or0pr.s 			page 232


 6160 0074 0C000000 		.4byte	.LFE14-.LFB14
 6161 0078 00000000 		.4byte	.LFB15
 6162 007c 0C000000 		.4byte	.LFE15-.LFB15
 6163 0080 00000000 		.4byte	.LFB16
 6164 0084 0C000000 		.4byte	.LFE16-.LFB16
 6165 0088 00000000 		.4byte	.LFB17
 6166 008c 5C000000 		.4byte	.LFE17-.LFB17
 6167 0090 00000000 		.4byte	.LFB18
 6168 0094 0C000000 		.4byte	.LFE18-.LFB18
 6169 0098 00000000 		.4byte	.LFB19
 6170 009c 7C000000 		.4byte	.LFE19-.LFB19
 6171 00a0 00000000 		.4byte	.LFB20
 6172 00a4 B0000000 		.4byte	.LFE20-.LFB20
 6173 00a8 00000000 		.4byte	.LFB21
 6174 00ac B0000000 		.4byte	.LFE21-.LFB21
 6175 00b0 00000000 		.4byte	.LFB22
 6176 00b4 4C010000 		.4byte	.LFE22-.LFB22
 6177 00b8 00000000 		.4byte	.LFB23
 6178 00bc 3C000000 		.4byte	.LFE23-.LFB23
 6179 00c0 00000000 		.4byte	.LFB24
 6180 00c4 40000000 		.4byte	.LFE24-.LFB24
 6181 00c8 00000000 		.4byte	.LFB25
 6182 00cc 5C000000 		.4byte	.LFE25-.LFB25
 6183 00d0 00000000 		.4byte	.LFB26
 6184 00d4 02000000 		.4byte	.LFE26-.LFB26
 6185 00d8 00000000 		.4byte	0
 6186 00dc 00000000 		.4byte	0
 6187              		.section	.debug_ranges,"",%progbits
 6188              	.Ldebug_ranges0:
 6189 0000 08000000 		.4byte	.LBB7
 6190 0004 42000000 		.4byte	.LBE7
 6191 0008 44000000 		.4byte	.LBB10
 6192 000c 4A000000 		.4byte	.LBE10
 6193 0010 00000000 		.4byte	0
 6194 0014 00000000 		.4byte	0
 6195 0018 4C000000 		.4byte	.LBB11
 6196 001c 86000000 		.4byte	.LBE11
 6197 0020 8A000000 		.4byte	.LBB14
 6198 0024 C0000000 		.4byte	.LBE14
 6199 0028 00000000 		.4byte	0
 6200 002c 00000000 		.4byte	0
 6201 0030 14000000 		.4byte	.LBB17
 6202 0034 1C000000 		.4byte	.LBE17
 6203 0038 1E000000 		.4byte	.LBB22
 6204 003c 48000000 		.4byte	.LBE22
 6205 0040 4A000000 		.4byte	.LBB23
 6206 0044 4C000000 		.4byte	.LBE23
 6207 0048 50000000 		.4byte	.LBB24
 6208 004c 6C000000 		.4byte	.LBE24
 6209 0050 00000000 		.4byte	0
 6210 0054 00000000 		.4byte	0
 6211 0058 08000000 		.4byte	.LBB27
 6212 005c 30000000 		.4byte	.LBE27
 6213 0060 34000000 		.4byte	.LBB30
 6214 0064 5C000000 		.4byte	.LBE30
 6215 0068 00000000 		.4byte	0
 6216 006c 00000000 		.4byte	0
ARM GAS  C:\Users\elias\AppData\Local\Temp\cc0Or0pr.s 			page 233


 6217 0070 12000000 		.4byte	.LBB37
 6218 0074 20000000 		.4byte	.LBE37
 6219 0078 22000000 		.4byte	.LBB41
 6220 007c 80000000 		.4byte	.LBE41
 6221 0080 8E000000 		.4byte	.LBB42
 6222 0084 B0000000 		.4byte	.LBE42
 6223 0088 00000000 		.4byte	0
 6224 008c 00000000 		.4byte	0
 6225 0090 14000000 		.4byte	.LBB49
 6226 0094 2A000000 		.4byte	.LBE49
 6227 0098 32000000 		.4byte	.LBB53
 6228 009c 88000000 		.4byte	.LBE53
 6229 00a0 90000000 		.4byte	.LBB54
 6230 00a4 B0000000 		.4byte	.LBE54
 6231 00a8 00000000 		.4byte	0
 6232 00ac 00000000 		.4byte	0
 6233 00b0 0E000000 		.4byte	.LBB63
 6234 00b4 FA000000 		.4byte	.LBE63
 6235 00b8 FC000000 		.4byte	.LBB78
 6236 00bc 02010000 		.4byte	.LBE78
 6237 00c0 04010000 		.4byte	.LBB79
 6238 00c4 4C010000 		.4byte	.LBE79
 6239 00c8 00000000 		.4byte	0
 6240 00cc 00000000 		.4byte	0
 6241 00d0 0E000000 		.4byte	.LBB64
 6242 00d4 5C000000 		.4byte	.LBE64
 6243 00d8 04010000 		.4byte	.LBB75
 6244 00dc 14010000 		.4byte	.LBE75
 6245 00e0 00000000 		.4byte	0
 6246 00e4 00000000 		.4byte	0
 6247 00e8 5C000000 		.4byte	.LBB67
 6248 00ec AE000000 		.4byte	.LBE67
 6249 00f0 24010000 		.4byte	.LBB77
 6250 00f4 4C010000 		.4byte	.LBE77
 6251 00f8 00000000 		.4byte	0
 6252 00fc 00000000 		.4byte	0
 6253 0100 AE000000 		.4byte	.LBB70
 6254 0104 FA000000 		.4byte	.LBE70
 6255 0108 FC000000 		.4byte	.LBB74
 6256 010c 02010000 		.4byte	.LBE74
 6257 0110 14010000 		.4byte	.LBB76
 6258 0114 24010000 		.4byte	.LBE76
 6259 0118 00000000 		.4byte	0
 6260 011c 00000000 		.4byte	0
 6261 0120 08000000 		.4byte	.LBB84
 6262 0124 36000000 		.4byte	.LBE84
 6263 0128 3A000000 		.4byte	.LBB87
 6264 012c 5C000000 		.4byte	.LBE87
 6265 0130 00000000 		.4byte	0
 6266 0134 00000000 		.4byte	0
 6267 0138 00000000 		.4byte	.LFB0
 6268 013c C0000000 		.4byte	.LFE0
 6269 0140 00000000 		.4byte	.LFB1
 6270 0144 68000000 		.4byte	.LFE1
 6271 0148 00000000 		.4byte	.LFB2
 6272 014c 54000000 		.4byte	.LFE2
 6273 0150 00000000 		.4byte	.LFB3
ARM GAS  C:\Users\elias\AppData\Local\Temp\cc0Or0pr.s 			page 234


 6274 0154 50000000 		.4byte	.LFE3
 6275 0158 00000000 		.4byte	.LFB4
 6276 015c 04000000 		.4byte	.LFE4
 6277 0160 00000000 		.4byte	.LFB6
 6278 0164 0C000000 		.4byte	.LFE6
 6279 0168 00000000 		.4byte	.LFB7
 6280 016c 5C000000 		.4byte	.LFE7
 6281 0170 00000000 		.4byte	.LFB8
 6282 0174 20000000 		.4byte	.LFE8
 6283 0178 00000000 		.4byte	.LFB9
 6284 017c 78000000 		.4byte	.LFE9
 6285 0180 00000000 		.4byte	.LFB10
 6286 0184 6C000000 		.4byte	.LFE10
 6287 0188 00000000 		.4byte	.LFB11
 6288 018c 50000000 		.4byte	.LFE11
 6289 0190 00000000 		.4byte	.LFB12
 6290 0194 44000000 		.4byte	.LFE12
 6291 0198 00000000 		.4byte	.LFB14
 6292 019c 0C000000 		.4byte	.LFE14
 6293 01a0 00000000 		.4byte	.LFB15
 6294 01a4 0C000000 		.4byte	.LFE15
 6295 01a8 00000000 		.4byte	.LFB16
 6296 01ac 0C000000 		.4byte	.LFE16
 6297 01b0 00000000 		.4byte	.LFB17
 6298 01b4 5C000000 		.4byte	.LFE17
 6299 01b8 00000000 		.4byte	.LFB18
 6300 01bc 0C000000 		.4byte	.LFE18
 6301 01c0 00000000 		.4byte	.LFB19
 6302 01c4 7C000000 		.4byte	.LFE19
 6303 01c8 00000000 		.4byte	.LFB20
 6304 01cc B0000000 		.4byte	.LFE20
 6305 01d0 00000000 		.4byte	.LFB21
 6306 01d4 B0000000 		.4byte	.LFE21
 6307 01d8 00000000 		.4byte	.LFB22
 6308 01dc 4C010000 		.4byte	.LFE22
 6309 01e0 00000000 		.4byte	.LFB23
 6310 01e4 3C000000 		.4byte	.LFE23
 6311 01e8 00000000 		.4byte	.LFB24
 6312 01ec 40000000 		.4byte	.LFE24
 6313 01f0 00000000 		.4byte	.LFB25
 6314 01f4 5C000000 		.4byte	.LFE25
 6315 01f8 00000000 		.4byte	.LFB26
 6316 01fc 02000000 		.4byte	.LFE26
 6317 0200 00000000 		.4byte	0
 6318 0204 00000000 		.4byte	0
 6319              		.section	.debug_line,"",%progbits
 6320              	.Ldebug_line0:
 6321 0000 02050000 		.section	.debug_str,"MS",%progbits,1
 6321      02005F00 
 6321      00000201 
 6321      FB0E0D00 
 6321      01010101 
 6322              	.LASF10:
 6323 0000 75696E74 		.ascii	"uint16\000"
 6323      313600
 6324              	.LASF77:
 6325 0007 43794578 		.ascii	"CyExitCriticalSection\000"
ARM GAS  C:\Users\elias\AppData\Local\Temp\cc0Or0pr.s 			page 235


 6325      69744372 
 6325      69746963 
 6325      616C5365 
 6325      6374696F 
 6326              	.LASF22:
 6327 001d 74784461 		.ascii	"txDataByte\000"
 6327      74614279 
 6327      746500
 6328              	.LASF66:
 6329 0028 55415254 		.ascii	"UART_txBufferWrite\000"
 6329      5F747842 
 6329      75666665 
 6329      72577269 
 6329      746500
 6330              	.LASF23:
 6331 003b 73747269 		.ascii	"string\000"
 6331      6E6700
 6332              	.LASF7:
 6333 0042 6C6F6E67 		.ascii	"long long unsigned int\000"
 6333      206C6F6E 
 6333      6720756E 
 6333      7369676E 
 6333      65642069 
 6334              	.LASF34:
 6335 0059 55415254 		.ascii	"UART_Start\000"
 6335      5F537461 
 6335      727400
 6336              	.LASF53:
 6337 0064 55415254 		.ascii	"UART_SetTxInterruptMode\000"
 6337      5F536574 
 6337      5478496E 
 6337      74657272 
 6337      7570744D 
 6338              	.LASF72:
 6339 007c 55415254 		.ascii	"UART_rxBufferOverflow\000"
 6339      5F727842 
 6339      75666665 
 6339      724F7665 
 6339      72666C6F 
 6340              	.LASF65:
 6341 0092 55415254 		.ascii	"UART_txBufferRead\000"
 6341      5F747842 
 6341      75666665 
 6341      72526561 
 6341      6400
 6342              	.LASF6:
 6343 00a4 6C6F6E67 		.ascii	"long long int\000"
 6343      206C6F6E 
 6343      6720696E 
 6343      7400
 6344              	.LASF0:
 6345 00b2 7369676E 		.ascii	"signed char\000"
 6345      65642063 
 6345      68617200 
 6346              	.LASF4:
 6347 00be 6C6F6E67 		.ascii	"long int\000"
 6347      20696E74 
ARM GAS  C:\Users\elias\AppData\Local\Temp\cc0Or0pr.s 			page 236


 6347      00
 6348              	.LASF56:
 6349 00c7 55415254 		.ascii	"UART_PutChar\000"
 6349      5F507574 
 6349      43686172 
 6349      00
 6350              	.LASF83:
 6351 00d4 55415254 		.ascii	"UART_ReadRxData\000"
 6351      5F526561 
 6351      64527844 
 6351      61746100 
 6352              	.LASF9:
 6353 00e4 75696E74 		.ascii	"uint8\000"
 6353      3800
 6354              	.LASF54:
 6355 00ea 55415254 		.ascii	"UART_ReadControlRegister\000"
 6355      5F526561 
 6355      64436F6E 
 6355      74726F6C 
 6355      52656769 
 6356              	.LASF13:
 6357 0103 646F7562 		.ascii	"double\000"
 6357      6C6500
 6358              	.LASF62:
 6359 010a 61646472 		.ascii	"addressMode\000"
 6359      6573734D 
 6359      6F646500 
 6360              	.LASF70:
 6361 0116 55415254 		.ascii	"UART_rxBufferWrite\000"
 6361      5F727842 
 6361      75666665 
 6361      72577269 
 6361      746500
 6362              	.LASF11:
 6363 0129 75696E74 		.ascii	"uint32\000"
 6363      333200
 6364              	.LASF73:
 6365 0130 4379496E 		.ascii	"CyIntSetVector\000"
 6365      74536574 
 6365      56656374 
 6365      6F7200
 6366              	.LASF58:
 6367 013f 6C6F6354 		.ascii	"locTxBufferRead\000"
 6367      78427566 
 6367      66657252 
 6367      65616400 
 6368              	.LASF82:
 6369 014f 55415254 		.ascii	"UART_Init\000"
 6369      5F496E69 
 6369      7400
 6370              	.LASF64:
 6371 0159 55415254 		.ascii	"UART_txBuffer\000"
 6371      5F747842 
 6371      75666665 
 6371      7200
 6372              	.LASF29:
 6373 0167 7265744D 		.ascii	"retMode\000"
ARM GAS  C:\Users\elias\AppData\Local\Temp\cc0Or0pr.s 			page 237


 6373      6F646500 
 6374              	.LASF44:
 6375 016f 55415254 		.ascii	"UART_GetByte\000"
 6375      5F476574 
 6375      42797465 
 6375      00
 6376              	.LASF8:
 6377 017c 756E7369 		.ascii	"unsigned int\000"
 6377      676E6564 
 6377      20696E74 
 6377      00
 6378              	.LASF60:
 6379 0189 55415254 		.ascii	"UART_ClearTxBuffer\000"
 6379      5F436C65 
 6379      61725478 
 6379      42756666 
 6379      657200
 6380              	.LASF27:
 6381 019c 55415254 		.ascii	"UART_PutCRLF\000"
 6381      5F507574 
 6381      43524C46 
 6381      00
 6382              	.LASF45:
 6383 01a9 6C6F6345 		.ascii	"locErrorStatus\000"
 6383      72726F72 
 6383      53746174 
 6383      757300
 6384              	.LASF5:
 6385 01b8 6C6F6E67 		.ascii	"long unsigned int\000"
 6385      20756E73 
 6385      69676E65 
 6385      6420696E 
 6385      7400
 6386              	.LASF57:
 6387 01ca 6C6F6354 		.ascii	"locTxBufferWrite\000"
 6387      78427566 
 6387      66657257 
 6387      72697465 
 6387      00
 6388              	.LASF24:
 6389 01db 55415254 		.ascii	"UART_PutArray\000"
 6389      5F507574 
 6389      41727261 
 6389      7900
 6390              	.LASF75:
 6391 01e9 4379456E 		.ascii	"CyEnterCriticalSection\000"
 6391      74657243 
 6391      72697469 
 6391      63616C53 
 6391      65637469 
 6392              	.LASF71:
 6393 0200 55415254 		.ascii	"UART_rxBufferLoopDetect\000"
 6393      5F727842 
 6393      75666665 
 6393      724C6F6F 
 6393      70446574 
 6394              	.LASF47:
ARM GAS  C:\Users\elias\AppData\Local\Temp\cc0Or0pr.s 			page 238


 6395 0218 73697A65 		.ascii	"size\000"
 6395      00
 6396              	.LASF3:
 6397 021d 73686F72 		.ascii	"short unsigned int\000"
 6397      7420756E 
 6397      7369676E 
 6397      65642069 
 6397      6E7400
 6398              	.LASF69:
 6399 0230 55415254 		.ascii	"UART_rxBufferRead\000"
 6399      5F727842 
 6399      75666665 
 6399      72526561 
 6399      6400
 6400              	.LASF26:
 6401 0242 62756649 		.ascii	"bufIndex\000"
 6401      6E646578 
 6401      00
 6402              	.LASF50:
 6403 024b 696E7453 		.ascii	"intSrc\000"
 6403      726300
 6404              	.LASF61:
 6405 0252 55415254 		.ascii	"UART_SetTxAddressMode\000"
 6405      5F536574 
 6405      54784164 
 6405      64726573 
 6405      734D6F64 
 6406              	.LASF55:
 6407 0268 55415254 		.ascii	"UART_ReadTxStatus\000"
 6407      5F526561 
 6407      64547853 
 6407      74617475 
 6407      7300
 6408              	.LASF76:
 6409 027a 55415254 		.ascii	"UART_IntClock_Start\000"
 6409      5F496E74 
 6409      436C6F63 
 6409      6B5F5374 
 6409      61727400 
 6410              	.LASF17:
 6411 028e 72656733 		.ascii	"reg32\000"
 6411      3200
 6412              	.LASF30:
 6413 0294 746D7053 		.ascii	"tmpStat\000"
 6413      74617400 
 6414              	.LASF19:
 6415 029c 73697A65 		.ascii	"sizetype\000"
 6415      74797065 
 6415      00
 6416              	.LASF18:
 6417 02a5 6C6F6E67 		.ascii	"long double\000"
 6417      20646F75 
 6417      626C6500 
 6418              	.LASF51:
 6419 02b1 61646472 		.ascii	"address\000"
 6419      65737300 
 6420              	.LASF49:
ARM GAS  C:\Users\elias\AppData\Local\Temp\cc0Or0pr.s 			page 239


 6421 02b9 55415254 		.ascii	"UART_SetRxAddress1\000"
 6421      5F536574 
 6421      52784164 
 6421      64726573 
 6421      733100
 6422              	.LASF52:
 6423 02cc 55415254 		.ascii	"UART_SetRxAddress2\000"
 6423      5F536574 
 6423      52784164 
 6423      64726573 
 6423      733200
 6424              	.LASF39:
 6425 02df 6C6F6352 		.ascii	"locRxBufferWrite\000"
 6425      78427566 
 6425      66657257 
 6425      72697465 
 6425      00
 6426              	.LASF43:
 6427 02f0 72785374 		.ascii	"rxStatus\000"
 6427      61747573 
 6427      00
 6428              	.LASF78:
 6429 02f9 55415254 		.ascii	"UART_IntClock_Stop\000"
 6429      5F496E74 
 6429      436C6F63 
 6429      6B5F5374 
 6429      6F7000
 6430              	.LASF79:
 6431 030c 474E5520 		.ascii	"GNU C11 5.4.1 20160609 (release) [ARM/embedded-5-br"
 6431      43313120 
 6431      352E342E 
 6431      31203230 
 6431      31363036 
 6432 033f 616E6368 		.ascii	"anch revision 237715] -mcpu=cortex-m3 -mthumb -g -O"
 6432      20726576 
 6432      6973696F 
 6432      6E203233 
 6432      37373135 
 6433 0372 33202D66 		.ascii	"3 -ffunction-sections -ffat-lto-objects -finline-fu"
 6433      66756E63 
 6433      74696F6E 
 6433      2D736563 
 6433      74696F6E 
 6434 03a5 6E637469 		.ascii	"nctions -flto\000"
 6434      6F6E7320 
 6434      2D666C74 
 6434      6F00
 6435              	.LASF74:
 6436 03b3 4379496E 		.ascii	"CyIntSetPriority\000"
 6436      74536574 
 6436      5072696F 
 6436      72697479 
 6436      00
 6437              	.LASF67:
 6438 03c4 55415254 		.ascii	"UART_errorStatus\000"
 6438      5F657272 
 6438      6F725374 
ARM GAS  C:\Users\elias\AppData\Local\Temp\cc0Or0pr.s 			page 240


 6438      61747573 
 6438      00
 6439              	.LASF80:
 6440 03d5 47656E65 		.ascii	"Generated_Source\\PSoC5\\UART.c\000"
 6440      72617465 
 6440      645F536F 
 6440      75726365 
 6440      5C50536F 
 6441              	.LASF59:
 6442 03f3 55415254 		.ascii	"UART_GetTxBufferSize\000"
 6442      5F476574 
 6442      54784275 
 6442      66666572 
 6442      53697A65 
 6443              	.LASF31:
 6444 0408 74785065 		.ascii	"txPeriod.5150\000"
 6444      72696F64 
 6444      2E353135 
 6444      3000
 6445              	.LASF16:
 6446 0416 72656738 		.ascii	"reg8\000"
 6446      00
 6447              	.LASF1:
 6448 041b 756E7369 		.ascii	"unsigned char\000"
 6448      676E6564 
 6448      20636861 
 6448      7200
 6449              	.LASF20:
 6450 0429 55415254 		.ascii	"UART_WriteTxData\000"
 6450      5F577269 
 6450      74655478 
 6450      44617461 
 6450      00
 6451              	.LASF2:
 6452 043a 73686F72 		.ascii	"short int\000"
 6452      7420696E 
 6452      7400
 6453              	.LASF28:
 6454 0444 55415254 		.ascii	"UART_SendBreak\000"
 6454      5F53656E 
 6454      64427265 
 6454      616B00
 6455              	.LASF25:
 6456 0453 62797465 		.ascii	"byteCount\000"
 6456      436F756E 
 6456      7400
 6457              	.LASF37:
 6458 045d 72784461 		.ascii	"rxData\000"
 6458      746100
 6459              	.LASF32:
 6460 0464 55415254 		.ascii	"UART_Enable\000"
 6460      5F456E61 
 6460      626C6500 
 6461              	.LASF41:
 6462 0470 55415254 		.ascii	"UART_ReadRxStatus\000"
 6462      5F526561 
 6462      64527853 
ARM GAS  C:\Users\elias\AppData\Local\Temp\cc0Or0pr.s 			page 241


 6462      74617475 
 6462      7300
 6463              	.LASF15:
 6464 0482 63686172 		.ascii	"char\000"
 6464      00
 6465              	.LASF14:
 6466 0487 63686172 		.ascii	"char8\000"
 6466      3800
 6467              	.LASF36:
 6468 048d 55415254 		.ascii	"UART_SetRxInterruptMode\000"
 6468      5F536574 
 6468      5278496E 
 6468      74657272 
 6468      7570744D 
 6469              	.LASF81:
 6470 04a5 433A5C47 		.ascii	"C:\\Github\\Tesis\\src\\psoc\\AcondicionamientoAnal"
 6470      69746875 
 6470      625C5465 
 6470      7369735C 
 6470      7372635C 
 6471 04d3 6F676963 		.ascii	"ogico.cydsn\000"
 6471      6F2E6379 
 6471      64736E00 
 6472              	.LASF42:
 6473 04df 55415254 		.ascii	"UART_GetChar\000"
 6473      5F476574 
 6473      43686172 
 6473      00
 6474              	.LASF38:
 6475 04ec 6C6F6352 		.ascii	"locRxBufferRead\000"
 6475      78427566 
 6475      66657252 
 6475      65616400 
 6476              	.LASF33:
 6477 04fc 656E6162 		.ascii	"enableInterrupts\000"
 6477      6C65496E 
 6477      74657272 
 6477      75707473 
 6477      00
 6478              	.LASF63:
 6479 050d 55415254 		.ascii	"UART_initVar\000"
 6479      5F696E69 
 6479      74566172 
 6479      00
 6480              	.LASF46:
 6481 051a 55415254 		.ascii	"UART_GetRxBufferSize\000"
 6481      5F476574 
 6481      52784275 
 6481      66666572 
 6481      53697A65 
 6482              	.LASF40:
 6483 052f 73746174 		.ascii	"status\000"
 6483      757300
 6484              	.LASF35:
 6485 0536 55415254 		.ascii	"UART_Stop\000"
 6485      5F53746F 
 6485      7000
ARM GAS  C:\Users\elias\AppData\Local\Temp\cc0Or0pr.s 			page 242


 6486              	.LASF68:
 6487 0540 55415254 		.ascii	"UART_rxBuffer\000"
 6487      5F727842 
 6487      75666665 
 6487      7200
 6488              	.LASF12:
 6489 054e 666C6F61 		.ascii	"float\000"
 6489      7400
 6490              	.LASF21:
 6491 0554 55415254 		.ascii	"UART_PutString\000"
 6491      5F507574 
 6491      53747269 
 6491      6E6700
 6492              	.LASF48:
 6493 0563 55415254 		.ascii	"UART_ClearRxBuffer\000"
 6493      5F436C65 
 6493      61725278 
 6493      42756666 
 6493      657200
 6494              		.comm	__gnu_lto_v1,1,1
 6495              		.ident	"GCC: (GNU Tools for ARM Embedded Processors) 5.4.1 20160609 (release) [ARM/embedded-5-bran
