Loading plugins phase: Elapsed time ==> 0s.117ms
<CYPRESSTAG name="CyDsfit arguments...">
cydsfit arguments: -.fdsnotice -.fdswarpdepfile=warp_dependencies.txt -.fdselabdepfile=elab_dependencies.txt -.fdsbldfile=generated_files.txt -.fdsreffile=referenced_files.txt -p C:\Github\Tesis\src\psoc\ComparacionDiferencial_Copy_01.cydsn\ComparacionDiferencial_Copy_01.cyprj -d CY8C5888LTI-LP097 -s C:\Github\Tesis\src\psoc\ComparacionDiferencial_Copy_01.cydsn\Generated_Source\PSoC5 -- -yv2 -q10 -ygs -o2 -v3 -.fftcfgtype=LE
</CYPRESSTAG>
<CYPRESSTAG name="Design elaboration results...">
</CYPRESSTAG>
Elaboration phase: Elapsed time ==> 1s.387ms
<CYPRESSTAG name="HDL generation results...">
</CYPRESSTAG>
HDL generation phase: Elapsed time ==> 0s.045ms
<CYPRESSTAG name="Synthesis results...">

     | | | | | | |
   _________________
  -|               |-
  -|               |-
  -|               |-
  -|    CYPRESS    |-
  -|               |-
  -|               |-   Warp Verilog Synthesis Compiler: Version 6.3 IR 41
  -|               |-   Copyright (C) 1991-2001 Cypress Semiconductor
   |_______________|
     | | | | | | |

======================================================================
Compiling:  ComparacionDiferencial_Copy_01.v
Program  :   C:\Program Files (x86)\Cypress\PSoC Creator\4.4\PSoC Creator\warp\bin\warp.exe
Options  :    -yv2 -q10 -ygs -o2 -v3 -.fftcfgtype=LE -ya -.fftprj=C:\Github\Tesis\src\psoc\ComparacionDiferencial_Copy_01.cydsn\ComparacionDiferencial_Copy_01.cyprj -dcpsoc3 ComparacionDiferencial_Copy_01.v -verilog
======================================================================

======================================================================
Compiling:  ComparacionDiferencial_Copy_01.v
Program  :   C:\Program Files (x86)\Cypress\PSoC Creator\4.4\PSoC Creator\warp\bin\warp.exe
Options  :    -yv2 -q10 -ygs -o2 -v3 -.fftcfgtype=LE -ya -.fftprj=C:\Github\Tesis\src\psoc\ComparacionDiferencial_Copy_01.cydsn\ComparacionDiferencial_Copy_01.cyprj -dcpsoc3 ComparacionDiferencial_Copy_01.v -verilog
======================================================================

======================================================================
Compiling:  ComparacionDiferencial_Copy_01.v
Program  :   vlogfe
Options  :    -yv2 -q10 -ygs -o2 -v3 -.fftcfgtype=LE -ya -.fftprj=C:\Github\Tesis\src\psoc\ComparacionDiferencial_Copy_01.cydsn\ComparacionDiferencial_Copy_01.cyprj -dcpsoc3 -verilog ComparacionDiferencial_Copy_01.v
======================================================================

vlogfe V6.3 IR 41:  Verilog parser
Sun May 10 18:15:52 2026


======================================================================
Compiling:  ComparacionDiferencial_Copy_01.v
Program  :   vpp
Options  :    -yv2 -q10 ComparacionDiferencial_Copy_01.v
======================================================================

vpp V6.3 IR 41:  Verilog Pre-Processor
Sun May 10 18:15:52 2026

Flattening file 'C:\Program Files (x86)\Cypress\PSoC Creator\4.4\PSoC Creator\psoc\content\CyPrimitives\cyprimitives.cylib\cy_analog_virtualmux_v1_0\cy_analog_virtualmux_v1_0.v'
Flattening file 'C:\Program Files (x86)\Cypress\PSoC Creator\4.4\PSoC Creator\psoc\content\CyPrimitives\cyprimitives.cylib\cy_virtualmux_v1_0\cy_virtualmux_v1_0.v'
Flattening file 'C:\Program Files (x86)\Cypress\PSoC Creator\4.4\PSoC Creator\psoc\content\CyPrimitives\cyprimitives.cylib\ZeroTerminal\ZeroTerminal.v'
Flattening file 'C:\Program Files (x86)\Cypress\PSoC Creator\4.4\PSoC Creator\psoc\content\CyPrimitives\cyprimitives.cylib\or_v1_0\or_v1_0.v'
Flattening file 'C:\Program Files (x86)\Cypress\PSoC Creator\4.4\PSoC Creator\psoc\content\CyPrimitives\cyprimitives.cylib\cy_vref_v1_70\cy_vref_v1_70.v'
Flattening file 'C:\Program Files (x86)\Cypress\PSoC Creator\4.4\PSoC Creator\psoc\content\CyComponentLibrary\CyComponentLibrary.cylib\B_UART_v2_50\B_UART_v2_50.v'
Flattening file 'C:\Program Files (x86)\Cypress\PSoC Creator\4.4\PSoC Creator\warp\lib\common\cypress.v'
Flattening file 'C:\Program Files (x86)\Cypress\PSoC Creator\4.4\PSoC Creator\warp\lib\common\cy_psoc3_inc.v'

vpp:  No errors.

Library 'work' => directory 'lcpsoc3'
General_symbol_table
General_symbol_table
Linking 'C:\Program Files (x86)\Cypress\PSoC Creator\4.4\PSoC Creator\warp\lib\common\std.vhd'.
Linking 'C:\Program Files (x86)\Cypress\PSoC Creator\4.4\PSoC Creator\warp\lib\common\cypress.vhd'.
Linking 'C:\Program Files (x86)\Cypress\PSoC Creator\4.4\PSoC Creator\warp\lib\common\work\cypress.vif'.
Linking 'C:\Program Files (x86)\Cypress\PSoC Creator\4.4\PSoC Creator\warp\lib\ieee\work\stdlogic.vif'.
Linking 'C:\Program Files (x86)\Cypress\PSoC Creator\4.4\PSoC Creator\warp\lib\common\stdlogic\lpmpkg.vif'.
Linking 'C:\Program Files (x86)\Cypress\PSoC Creator\4.4\PSoC Creator\warp\lib\common\stdlogic\rtlpkg.vif'.
Linking 'C:\Program Files (x86)\Cypress\PSoC Creator\4.4\PSoC Creator\warp\lib\common\stdlogic\mod_cnst.vif'.
Linking 'C:\Program Files (x86)\Cypress\PSoC Creator\4.4\PSoC Creator\warp\lib\common\stdlogic\mod_mthv.vif'.
Linking 'C:\Program Files (x86)\Cypress\PSoC Creator\4.4\PSoC Creator\warp\lib\common\stdlogic\mod_genv.vif'.
Using control file 'ComparacionDiferencial_Copy_01.ctl'.
C:\Program Files (x86)\Cypress\PSoC Creator\4.4\PSoC Creator\psoc\content\CyComponentLibrary\CyComponentLibrary.cylib\B_UART_v2_50\B_UART_v2_50.v (line 1113, col 55):  Note: Substituting module 'add_vv_vv' for '+'.
C:\Program Files (x86)\Cypress\PSoC Creator\4.4\PSoC Creator\psoc\content\CyComponentLibrary\CyComponentLibrary.cylib\B_UART_v2_50\B_UART_v2_50.v (line 1122, col 48):  Note: Substituting module 'cmp_vv_vv' for '<'.
C:\Program Files (x86)\Cypress\PSoC Creator\4.4\PSoC Creator\psoc\content\CyComponentLibrary\CyComponentLibrary.cylib\B_UART_v2_50\B_UART_v2_50.v (line 1122, col 77):  Note: Substituting module 'cmp_vv_vv' for '<'.
C:\Program Files (x86)\Cypress\PSoC Creator\4.4\PSoC Creator\psoc\content\CyComponentLibrary\CyComponentLibrary.cylib\B_UART_v2_50\B_UART_v2_50.v (line 1389, col 59):  Note: Substituting module 'cmp_vv_vv' for '<'.
C:\Program Files (x86)\Cypress\PSoC Creator\4.4\PSoC Creator\psoc\content\CyComponentLibrary\CyComponentLibrary.cylib\B_UART_v2_50\B_UART_v2_50.v (line 1424, col 61):  Note: Substituting module 'cmp_vv_vv' for '/='.
C:\Program Files (x86)\Cypress\PSoC Creator\4.4\PSoC Creator\psoc\content\CyComponentLibrary\CyComponentLibrary.cylib\B_UART_v2_50\B_UART_v2_50.v (line 1547, col 106):  Note: Substituting module 'cmp_vv_vv' for '<'.
C:\Program Files (x86)\Cypress\PSoC Creator\4.4\PSoC Creator\psoc\content\CyComponentLibrary\CyComponentLibrary.cylib\B_UART_v2_50\B_UART_v2_50.v (line 1603, col 68):  Note: Substituting module 'cmp_vv_vv' for '<'.
C:\Program Files (x86)\Cypress\PSoC Creator\4.4\PSoC Creator\psoc\content\CyComponentLibrary\CyComponentLibrary.cylib\B_UART_v2_50\B_UART_v2_50.v (line 1604, col 68):  Note: Substituting module 'cmp_vv_vv' for '<'.
Linking 'C:\Program Files (x86)\Cypress\PSoC Creator\4.4\PSoC Creator\warp\lib\common\stdlogic\cy_psoc3pkg.vif'.
Linking 'C:\Program Files (x86)\Cypress\PSoC Creator\4.4\PSoC Creator\warp\lib\common\stdlogic\cy_psoc3.vif'.

vlogfe:  No errors.


======================================================================
Compiling:  ComparacionDiferencial_Copy_01.v
Program  :   tovif
Options  :    -yv2 -q10 -ygs -o2 -v3 -.fftcfgtype=LE -ya -.fftprj=C:\Github\Tesis\src\psoc\ComparacionDiferencial_Copy_01.cydsn\ComparacionDiferencial_Copy_01.cyprj -dcpsoc3 -verilog ComparacionDiferencial_Copy_01.v
======================================================================

tovif V6.3 IR 41:  High-level synthesis
Sun May 10 18:15:52 2026

Linking 'C:\Program Files (x86)\Cypress\PSoC Creator\4.4\PSoC Creator\warp\lib\common\std.vhd'.
Linking 'C:\Program Files (x86)\Cypress\PSoC Creator\4.4\PSoC Creator\warp\lib\common\cypress.vhd'.
Linking 'C:\Program Files (x86)\Cypress\PSoC Creator\4.4\PSoC Creator\warp\lib\common\work\cypress.vif'.
Linking 'C:\Program Files (x86)\Cypress\PSoC Creator\4.4\PSoC Creator\warp\lib\ieee\work\stdlogic.vif'.
Linking 'C:\Program Files (x86)\Cypress\PSoC Creator\4.4\PSoC Creator\warp\lib\common\stdlogic\lpmpkg.vif'.
Linking 'C:\Program Files (x86)\Cypress\PSoC Creator\4.4\PSoC Creator\warp\lib\common\stdlogic\rtlpkg.vif'.
Linking 'C:\Program Files (x86)\Cypress\PSoC Creator\4.4\PSoC Creator\warp\lib\common\stdlogic\mod_cnst.vif'.
Linking 'C:\Program Files (x86)\Cypress\PSoC Creator\4.4\PSoC Creator\warp\lib\common\stdlogic\mod_mthv.vif'.
Linking 'C:\Program Files (x86)\Cypress\PSoC Creator\4.4\PSoC Creator\warp\lib\common\stdlogic\mod_genv.vif'.
Linking 'C:\Github\Tesis\src\psoc\ComparacionDiferencial_Copy_01.cydsn\codegentemp\ComparacionDiferencial_Copy_01.ctl'.
Linking 'C:\Program Files (x86)\Cypress\PSoC Creator\4.4\PSoC Creator\psoc\content\CyPrimitives\cyprimitives.cylib\cy_analog_virtualmux_v1_0\cy_analog_virtualmux_v1_0.v'.
Linking 'C:\Github\Tesis\src\psoc\ComparacionDiferencial_Copy_01.cydsn\codegentemp\ComparacionDiferencial_Copy_01.v'.
Linking 'C:\Program Files (x86)\Cypress\PSoC Creator\4.4\PSoC Creator\psoc\content\CyPrimitives\cyprimitives.cylib\cy_virtualmux_v1_0\cy_virtualmux_v1_0.v'.
Linking 'C:\Program Files (x86)\Cypress\PSoC Creator\4.4\PSoC Creator\psoc\content\CyPrimitives\cyprimitives.cylib\ZeroTerminal\ZeroTerminal.v'.
Linking 'C:\Program Files (x86)\Cypress\PSoC Creator\4.4\PSoC Creator\psoc\content\CyPrimitives\cyprimitives.cylib\or_v1_0\or_v1_0.v'.
Linking 'C:\Program Files (x86)\Cypress\PSoC Creator\4.4\PSoC Creator\psoc\content\CyPrimitives\cyprimitives.cylib\cy_vref_v1_70\cy_vref_v1_70.v'.
Linking 'C:\Program Files (x86)\Cypress\PSoC Creator\4.4\PSoC Creator\psoc\content\CyComponentLibrary\CyComponentLibrary.cylib\B_UART_v2_50\B_UART_v2_50.v'.
Linking 'C:\Program Files (x86)\Cypress\PSoC Creator\4.4\PSoC Creator\warp\lib\common\cypress.v'.
Linking 'C:\Program Files (x86)\Cypress\PSoC Creator\4.4\PSoC Creator\warp\lib\common\cy_psoc3_inc.v'.
Linking 'C:\Program Files (x86)\Cypress\PSoC Creator\4.4\PSoC Creator\warp\lib\common\stdlogic\cy_psoc3pkg.vif'.
Linking 'C:\Program Files (x86)\Cypress\PSoC Creator\4.4\PSoC Creator\warp\lib\common\stdlogic\cy_psoc3.vif'.
Linking 'C:\Program Files (x86)\Cypress\PSoC Creator\4.4\PSoC Creator\warp\lib\lcpsoc3\stdlogic\mod_cnst.vif'.
Linking 'C:\Program Files (x86)\Cypress\PSoC Creator\4.4\PSoC Creator\warp\lib\common\stdlogic\mcompare.vif'.

tovif:  No errors.


======================================================================
Compiling:  ComparacionDiferencial_Copy_01.v
Program  :   topld
Options  :    -yv2 -q10 -ygs -o2 -v3 -.fftcfgtype=LE -ya -.fftprj=C:\Github\Tesis\src\psoc\ComparacionDiferencial_Copy_01.cydsn\ComparacionDiferencial_Copy_01.cyprj -dcpsoc3 -verilog ComparacionDiferencial_Copy_01.v
======================================================================

topld V6.3 IR 41:  Synthesis and optimization
Sun May 10 18:15:52 2026

Linking 'C:\Program Files (x86)\Cypress\PSoC Creator\4.4\PSoC Creator\warp\lib\common\std.vhd'.
Linking 'C:\Program Files (x86)\Cypress\PSoC Creator\4.4\PSoC Creator\warp\lib\common\cypress.vhd'.
Linking 'C:\Program Files (x86)\Cypress\PSoC Creator\4.4\PSoC Creator\warp\lib\common\work\cypress.vif'.
Linking 'C:\Program Files (x86)\Cypress\PSoC Creator\4.4\PSoC Creator\warp\lib\ieee\work\stdlogic.vif'.
Linking 'C:\Program Files (x86)\Cypress\PSoC Creator\4.4\PSoC Creator\warp\lib\common\stdlogic\lpmpkg.vif'.
Linking 'C:\Program Files (x86)\Cypress\PSoC Creator\4.4\PSoC Creator\warp\lib\common\stdlogic\rtlpkg.vif'.
Linking 'C:\Program Files (x86)\Cypress\PSoC Creator\4.4\PSoC Creator\warp\lib\common\stdlogic\mod_cnst.vif'.
Linking 'C:\Program Files (x86)\Cypress\PSoC Creator\4.4\PSoC Creator\warp\lib\common\stdlogic\mod_mthv.vif'.
Linking 'C:\Program Files (x86)\Cypress\PSoC Creator\4.4\PSoC Creator\warp\lib\common\stdlogic\mod_genv.vif'.
Linking 'C:\Github\Tesis\src\psoc\ComparacionDiferencial_Copy_01.cydsn\codegentemp\ComparacionDiferencial_Copy_01.ctl'.
Linking 'C:\Program Files (x86)\Cypress\PSoC Creator\4.4\PSoC Creator\psoc\content\CyPrimitives\cyprimitives.cylib\cy_analog_virtualmux_v1_0\cy_analog_virtualmux_v1_0.v'.
Linking 'C:\Github\Tesis\src\psoc\ComparacionDiferencial_Copy_01.cydsn\codegentemp\ComparacionDiferencial_Copy_01.v'.
Linking 'C:\Program Files (x86)\Cypress\PSoC Creator\4.4\PSoC Creator\psoc\content\CyPrimitives\cyprimitives.cylib\cy_virtualmux_v1_0\cy_virtualmux_v1_0.v'.
Linking 'C:\Program Files (x86)\Cypress\PSoC Creator\4.4\PSoC Creator\psoc\content\CyPrimitives\cyprimitives.cylib\ZeroTerminal\ZeroTerminal.v'.
Linking 'C:\Program Files (x86)\Cypress\PSoC Creator\4.4\PSoC Creator\psoc\content\CyPrimitives\cyprimitives.cylib\or_v1_0\or_v1_0.v'.
Linking 'C:\Program Files (x86)\Cypress\PSoC Creator\4.4\PSoC Creator\psoc\content\CyPrimitives\cyprimitives.cylib\cy_vref_v1_70\cy_vref_v1_70.v'.
Linking 'C:\Program Files (x86)\Cypress\PSoC Creator\4.4\PSoC Creator\psoc\content\CyComponentLibrary\CyComponentLibrary.cylib\B_UART_v2_50\B_UART_v2_50.v'.
Linking 'C:\Program Files (x86)\Cypress\PSoC Creator\4.4\PSoC Creator\warp\lib\common\cypress.v'.
Linking 'C:\Program Files (x86)\Cypress\PSoC Creator\4.4\PSoC Creator\warp\lib\common\cy_psoc3_inc.v'.
Linking 'C:\Program Files (x86)\Cypress\PSoC Creator\4.4\PSoC Creator\warp\lib\common\stdlogic\cy_psoc3pkg.vif'.
Linking 'C:\Program Files (x86)\Cypress\PSoC Creator\4.4\PSoC Creator\warp\lib\common\stdlogic\cy_psoc3.vif'.
Linking 'C:\Program Files (x86)\Cypress\PSoC Creator\4.4\PSoC Creator\warp\lib\lcpsoc3\stdlogic\mod_cnst.vif'.
Linking 'C:\Program Files (x86)\Cypress\PSoC Creator\4.4\PSoC Creator\warp\lib\common\stdlogic\mcompare.vif'.
Linking 'C:\Program Files (x86)\Cypress\PSoC Creator\4.4\PSoC Creator\warp\lib\lcpsoc3\stdlogic\cpsoc3.vif'.

----------------------------------------------------------
Detecting unused logic.
----------------------------------------------------------
    User names
	\ADC_DelSig:Net_268\
	\ADC_DelSig:Net_270\
	\UART_PC:BUART:reset_sr\
	Net_1060
	Net_1055
	\UART_PC:BUART:sRX:s23Poll:MODULE_1:g2:a0:b_1\
	\UART_PC:BUART:sRX:s23Poll:MODULE_1:g2:a0:b_0\
	\UART_PC:BUART:sRX:s23Poll:MODULE_2:g2:a0:gta_0\
	\UART_PC:BUART:sRX:s23Poll:MODULE_3:g2:a0:gta_0\
	Net_1051
	\UART_PC:BUART:sRX:MODULE_4:g2:a0:gta_0\
	\UART_PC:BUART:sRX:MODULE_5:g1:a0:gx:u0:albi_1\
	\UART_PC:BUART:sRX:MODULE_5:g1:a0:gx:u0:agbi_1\
	\UART_PC:BUART:sRX:MODULE_5:g1:a0:gx:u0:lt_0\
	\UART_PC:BUART:sRX:MODULE_5:g1:a0:gx:u0:gt_0\
	\UART_PC:BUART:sRX:MODULE_5:g1:a0:gx:u0:lti_0\
	\UART_PC:BUART:sRX:MODULE_5:g1:a0:gx:u0:gti_0\
	\UART_PC:BUART:sRX:MODULE_5:g1:a0:gx:u0:albi_0\
	\UART_PC:BUART:sRX:MODULE_5:g1:a0:gx:u0:agbi_0\
	\UART_PC:BUART:sRX:MODULE_5:g1:a0:xeq\
	\UART_PC:BUART:sRX:MODULE_5:g1:a0:xlt\
	\UART_PC:BUART:sRX:MODULE_5:g1:a0:xlte\
	\UART_PC:BUART:sRX:MODULE_5:g1:a0:xgt\
	\UART_PC:BUART:sRX:MODULE_5:g1:a0:xgte\
	\UART_PC:BUART:sRX:MODULE_5:lt\
	\UART_PC:BUART:sRX:MODULE_5:eq\
	\UART_PC:BUART:sRX:MODULE_5:gt\
	\UART_PC:BUART:sRX:MODULE_5:gte\
	\UART_PC:BUART:sRX:MODULE_5:lte\


Deleted 29 User equations/components.
Deleted 0 Synthesized equations/components.

------------------------------------------------------
Alias Detection
------------------------------------------------------
Aliasing one to tmpOE__BPout_p_net_0
Aliasing tmpOE__ADC_p_net_0 to tmpOE__BPout_p_net_0
Aliasing tmpOE__ADC_n_net_0 to tmpOE__BPout_p_net_0
Aliasing \ADC_DelSig:Net_482\ to zero
Aliasing \ADC_DelSig:Net_252\ to zero
Aliasing \ADC_DelSig:soc\ to tmpOE__BPout_p_net_0
Aliasing tmpOE__FDA_n_net_0 to tmpOE__BPout_p_net_0
Aliasing tmpOE__FDA_p_net_0 to tmpOE__BPout_p_net_0
Aliasing tmpOE__LPout_p_net_0 to tmpOE__BPout_p_net_0
Aliasing tmpOE__BPref_n_net_0 to tmpOE__BPout_p_net_0
Aliasing tmpOE__BPout_n_net_0 to tmpOE__BPout_p_net_0
Aliasing \TIA_n:Net_37\ to zero
Aliasing \TIA_n:Net_52\ to zero
Aliasing \TIA_n:Net_38\ to zero
Aliasing \TIA_n:Net_39\ to zero
Aliasing tmpOE__LPin_p_net_0 to tmpOE__BPout_p_net_0
Aliasing tmpOE__refIn_net_0 to tmpOE__BPout_p_net_0
Aliasing tmpOE__BPin_p_net_0 to tmpOE__BPout_p_net_0
Aliasing tmpOE__BPin_n_net_0 to tmpOE__BPout_p_net_0
Aliasing \TIA_p:Net_37\ to zero
Aliasing \TIA_p:Net_52\ to zero
Aliasing \TIA_p:Net_38\ to zero
Aliasing \TIA_p:Net_39\ to zero
Aliasing tmpOE__In_n_net_0 to tmpOE__BPout_p_net_0
Aliasing tmpOE__In_p_net_0 to tmpOE__BPout_p_net_0
Aliasing tmpOE__TIAref_n_net_0 to tmpOE__BPout_p_net_0
Aliasing \VDAC_p:Net_83\ to zero
Aliasing \VDAC_p:Net_81\ to zero
Aliasing \VDAC_p:Net_82\ to zero
Aliasing \PGA_n:Net_37\ to zero
Aliasing \PGA_n:Net_40\ to zero
Aliasing \PGA_n:Net_38\ to zero
Aliasing \PGA_n:Net_39\ to zero
Aliasing \PGA_p:Net_37\ to zero
Aliasing \PGA_p:Net_40\ to zero
Aliasing \PGA_p:Net_38\ to zero
Aliasing \PGA_p:Net_39\ to zero
Aliasing tmpOE__LPin_n_net_0 to tmpOE__BPout_p_net_0
Aliasing tmpOE__LPout_n_net_0 to tmpOE__BPout_p_net_0
Aliasing tmpOE__BPref_p_net_0 to tmpOE__BPout_p_net_0
Aliasing \Filter:Net_1\ to zero
Aliasing \Filter:Net_4\ to zero
Aliasing \Filter:Net_5\ to zero
Aliasing \UART_PC:BUART:tx_hd_send_break\ to zero
Aliasing \UART_PC:BUART:HalfDuplexSend\ to zero
Aliasing \UART_PC:BUART:FinalParityType_1\ to zero
Aliasing \UART_PC:BUART:FinalParityType_0\ to zero
Aliasing \UART_PC:BUART:FinalAddrMode_2\ to zero
Aliasing \UART_PC:BUART:FinalAddrMode_1\ to zero
Aliasing \UART_PC:BUART:FinalAddrMode_0\ to zero
Aliasing \UART_PC:BUART:tx_ctrl_mark\ to zero
Aliasing \UART_PC:BUART:tx_status_6\ to zero
Aliasing \UART_PC:BUART:tx_status_5\ to zero
Aliasing \UART_PC:BUART:tx_status_4\ to zero
Aliasing \UART_PC:BUART:rx_count7_bit8_wire\ to zero
Aliasing \UART_PC:BUART:sRX:s23Poll:MODULE_1:g2:a0:g1:z1:s0:g1:u0:b_0\ to tmpOE__BPout_p_net_0
Aliasing \UART_PC:BUART:sRX:s23Poll:MODIN2_1\ to \UART_PC:BUART:sRX:s23Poll:MODIN1_1\
Aliasing \UART_PC:BUART:sRX:s23Poll:MODIN2_0\ to \UART_PC:BUART:sRX:s23Poll:MODIN1_0\
Aliasing \UART_PC:BUART:sRX:s23Poll:MODULE_2:g2:a0:newb_1\ to zero
Aliasing \UART_PC:BUART:sRX:s23Poll:MODULE_2:g2:a0:newb_0\ to tmpOE__BPout_p_net_0
Aliasing \UART_PC:BUART:sRX:s23Poll:MODIN3_1\ to \UART_PC:BUART:sRX:s23Poll:MODIN1_1\
Aliasing \UART_PC:BUART:sRX:s23Poll:MODIN3_0\ to \UART_PC:BUART:sRX:s23Poll:MODIN1_0\
Aliasing \UART_PC:BUART:sRX:s23Poll:MODULE_3:g2:a0:newb_1\ to tmpOE__BPout_p_net_0
Aliasing \UART_PC:BUART:sRX:s23Poll:MODULE_3:g2:a0:newb_0\ to zero
Aliasing \UART_PC:BUART:rx_status_1\ to zero
Aliasing \UART_PC:BUART:sRX:MODULE_4:g2:a0:newa_6\ to zero
Aliasing \UART_PC:BUART:sRX:MODULE_4:g2:a0:newa_5\ to zero
Aliasing \UART_PC:BUART:sRX:MODULE_4:g2:a0:newa_4\ to zero
Aliasing \UART_PC:BUART:sRX:MODULE_4:g2:a0:newb_6\ to zero
Aliasing \UART_PC:BUART:sRX:MODULE_4:g2:a0:newb_5\ to zero
Aliasing \UART_PC:BUART:sRX:MODULE_4:g2:a0:newb_4\ to zero
Aliasing \UART_PC:BUART:sRX:MODULE_4:g2:a0:newb_3\ to zero
Aliasing \UART_PC:BUART:sRX:MODULE_4:g2:a0:newb_2\ to tmpOE__BPout_p_net_0
Aliasing \UART_PC:BUART:sRX:MODULE_4:g2:a0:newb_1\ to tmpOE__BPout_p_net_0
Aliasing \UART_PC:BUART:sRX:MODULE_4:g2:a0:newb_0\ to zero
Aliasing \UART_PC:BUART:sRX:MODULE_5:g1:a0:gx:u0:aeqb_0\ to tmpOE__BPout_p_net_0
Aliasing tmpOE__Rx_1_net_0 to tmpOE__BPout_p_net_0
Aliasing tmpOE__Tx_1_net_0 to tmpOE__BPout_p_net_0
Aliasing tmpOE__LPref_n_net_0 to tmpOE__BPout_p_net_0
Aliasing tmpOE__LPref_p_net_0 to tmpOE__BPout_p_net_0
Aliasing \VDAC_n:Net_83\ to zero
Aliasing \VDAC_n:Net_81\ to zero
Aliasing \VDAC_n:Net_82\ to zero
Aliasing tmpOE__TIAref_p_net_0 to tmpOE__BPout_p_net_0
Aliasing \UART_PC:BUART:reset_reg\\D\ to zero
Aliasing \UART_PC:BUART:rx_break_status\\D\ to zero
Removing Lhs of wire one[8] = tmpOE__BPout_p_net_0[1]
Removing Lhs of wire tmpOE__ADC_p_net_0[20] = tmpOE__BPout_p_net_0[1]
Removing Lhs of wire tmpOE__ADC_n_net_0[27] = tmpOE__BPout_p_net_0[1]
Removing Rhs of wire \ADC_DelSig:Net_488\[41] = \ADC_DelSig:Net_250\[76]
Removing Lhs of wire \ADC_DelSig:Net_481\[43] = zero[2]
Removing Lhs of wire \ADC_DelSig:Net_482\[44] = zero[2]
Removing Lhs of wire \ADC_DelSig:Net_252\[78] = zero[2]
Removing Lhs of wire \ADC_DelSig:soc\[80] = tmpOE__BPout_p_net_0[1]
Removing Lhs of wire tmpOE__FDA_n_net_0[87] = tmpOE__BPout_p_net_0[1]
Removing Lhs of wire tmpOE__FDA_p_net_0[96] = tmpOE__BPout_p_net_0[1]
Removing Lhs of wire tmpOE__LPout_p_net_0[104] = tmpOE__BPout_p_net_0[1]
Removing Lhs of wire tmpOE__BPref_n_net_0[113] = tmpOE__BPout_p_net_0[1]
Removing Lhs of wire tmpOE__BPout_n_net_0[121] = tmpOE__BPout_p_net_0[1]
Removing Lhs of wire \TIA_n:Net_37\[139] = zero[2]
Removing Lhs of wire \TIA_n:Net_52\[140] = zero[2]
Removing Lhs of wire \TIA_n:Net_38\[141] = zero[2]
Removing Lhs of wire \TIA_n:Net_39\[142] = zero[2]
Removing Lhs of wire tmpOE__LPin_p_net_0[148] = tmpOE__BPout_p_net_0[1]
Removing Lhs of wire tmpOE__refIn_net_0[165] = tmpOE__BPout_p_net_0[1]
Removing Lhs of wire tmpOE__BPin_p_net_0[175] = tmpOE__BPout_p_net_0[1]
Removing Lhs of wire tmpOE__BPin_n_net_0[181] = tmpOE__BPout_p_net_0[1]
Removing Lhs of wire \TIA_p:Net_37\[189] = zero[2]
Removing Lhs of wire \TIA_p:Net_52\[190] = zero[2]
Removing Lhs of wire \TIA_p:Net_38\[191] = zero[2]
Removing Lhs of wire \TIA_p:Net_39\[192] = zero[2]
Removing Lhs of wire tmpOE__In_n_net_0[202] = tmpOE__BPout_p_net_0[1]
Removing Lhs of wire tmpOE__In_p_net_0[212] = tmpOE__BPout_p_net_0[1]
Removing Lhs of wire tmpOE__TIAref_n_net_0[222] = tmpOE__BPout_p_net_0[1]
Removing Lhs of wire \VDAC_p:Net_83\[230] = zero[2]
Removing Lhs of wire \VDAC_p:Net_81\[231] = zero[2]
Removing Lhs of wire \VDAC_p:Net_82\[232] = zero[2]
Removing Lhs of wire \PGA_n:Net_37\[238] = zero[2]
Removing Lhs of wire \PGA_n:Net_40\[239] = zero[2]
Removing Lhs of wire \PGA_n:Net_38\[240] = zero[2]
Removing Lhs of wire \PGA_n:Net_39\[241] = zero[2]
Removing Lhs of wire \PGA_p:Net_37\[248] = zero[2]
Removing Lhs of wire \PGA_p:Net_40\[249] = zero[2]
Removing Lhs of wire \PGA_p:Net_38\[250] = zero[2]
Removing Lhs of wire \PGA_p:Net_39\[251] = zero[2]
Removing Lhs of wire tmpOE__LPin_n_net_0[262] = tmpOE__BPout_p_net_0[1]
Removing Lhs of wire tmpOE__LPout_n_net_0[270] = tmpOE__BPout_p_net_0[1]
Removing Lhs of wire tmpOE__BPref_p_net_0[278] = tmpOE__BPout_p_net_0[1]
Removing Lhs of wire \Filter:Net_1\[284] = zero[2]
Removing Lhs of wire \Filter:Net_4\[286] = zero[2]
Removing Lhs of wire \Filter:Net_5\[287] = zero[2]
Removing Lhs of wire \UART_PC:Net_61\[296] = \UART_PC:Net_9\[295]
Removing Lhs of wire \UART_PC:BUART:tx_hd_send_break\[300] = zero[2]
Removing Lhs of wire \UART_PC:BUART:HalfDuplexSend\[301] = zero[2]
Removing Lhs of wire \UART_PC:BUART:FinalParityType_1\[302] = zero[2]
Removing Lhs of wire \UART_PC:BUART:FinalParityType_0\[303] = zero[2]
Removing Lhs of wire \UART_PC:BUART:FinalAddrMode_2\[304] = zero[2]
Removing Lhs of wire \UART_PC:BUART:FinalAddrMode_1\[305] = zero[2]
Removing Lhs of wire \UART_PC:BUART:FinalAddrMode_0\[306] = zero[2]
Removing Lhs of wire \UART_PC:BUART:tx_ctrl_mark\[307] = zero[2]
Removing Rhs of wire \UART_PC:BUART:tx_bitclk_enable_pre\[319] = \UART_PC:BUART:tx_bitclk_dp\[355]
Removing Lhs of wire \UART_PC:BUART:tx_counter_tc\[365] = \UART_PC:BUART:tx_counter_dp\[356]
Removing Lhs of wire \UART_PC:BUART:tx_status_6\[366] = zero[2]
Removing Lhs of wire \UART_PC:BUART:tx_status_5\[367] = zero[2]
Removing Lhs of wire \UART_PC:BUART:tx_status_4\[368] = zero[2]
Removing Lhs of wire \UART_PC:BUART:tx_status_1\[370] = \UART_PC:BUART:tx_fifo_empty\[333]
Removing Lhs of wire \UART_PC:BUART:tx_status_3\[372] = \UART_PC:BUART:tx_fifo_notfull\[332]
Removing Lhs of wire \UART_PC:BUART:rx_count7_bit8_wire\[432] = zero[2]
Removing Lhs of wire \UART_PC:BUART:sRX:s23Poll:add_vv_vv_MODGEN_1_1\[440] = \UART_PC:BUART:sRX:s23Poll:MODULE_1:g2:a0:s_1\[451]
Removing Lhs of wire \UART_PC:BUART:sRX:s23Poll:add_vv_vv_MODGEN_1_0\[442] = \UART_PC:BUART:sRX:s23Poll:MODULE_1:g2:a0:s_0\[452]
Removing Lhs of wire \UART_PC:BUART:sRX:s23Poll:cmp_vv_vv_MODGEN_2\[443] = \UART_PC:BUART:sRX:s23Poll:MODULE_2:g2:a0:lta_0\[468]
Removing Lhs of wire \UART_PC:BUART:sRX:s23Poll:cmp_vv_vv_MODGEN_3\[444] = \UART_PC:BUART:sRX:s23Poll:MODULE_3:g2:a0:lta_0\[482]
Removing Lhs of wire \UART_PC:BUART:sRX:s23Poll:MODULE_1:g2:a0:a_1\[445] = \UART_PC:BUART:sRX:s23Poll:MODIN1_1\[446]
Removing Lhs of wire \UART_PC:BUART:sRX:s23Poll:MODIN1_1\[446] = \UART_PC:BUART:pollcount_1\[438]
Removing Lhs of wire \UART_PC:BUART:sRX:s23Poll:MODULE_1:g2:a0:a_0\[447] = \UART_PC:BUART:sRX:s23Poll:MODIN1_0\[448]
Removing Lhs of wire \UART_PC:BUART:sRX:s23Poll:MODIN1_0\[448] = \UART_PC:BUART:pollcount_0\[441]
Removing Lhs of wire \UART_PC:BUART:sRX:s23Poll:MODULE_1:g2:a0:g1:z1:s0:g1:u0:c_0\[454] = tmpOE__BPout_p_net_0[1]
Removing Lhs of wire \UART_PC:BUART:sRX:s23Poll:MODULE_1:g2:a0:g1:z1:s0:g1:u0:b_0\[455] = tmpOE__BPout_p_net_0[1]
Removing Lhs of wire \UART_PC:BUART:sRX:s23Poll:MODULE_2:g2:a0:newa_1\[456] = \UART_PC:BUART:pollcount_1\[438]
Removing Lhs of wire \UART_PC:BUART:sRX:s23Poll:MODIN2_1\[457] = \UART_PC:BUART:pollcount_1\[438]
Removing Lhs of wire \UART_PC:BUART:sRX:s23Poll:MODULE_2:g2:a0:newa_0\[458] = \UART_PC:BUART:pollcount_0\[441]
Removing Lhs of wire \UART_PC:BUART:sRX:s23Poll:MODIN2_0\[459] = \UART_PC:BUART:pollcount_0\[441]
Removing Lhs of wire \UART_PC:BUART:sRX:s23Poll:MODULE_2:g2:a0:newb_1\[460] = zero[2]
Removing Lhs of wire \UART_PC:BUART:sRX:s23Poll:MODULE_2:g2:a0:newb_0\[461] = tmpOE__BPout_p_net_0[1]
Removing Lhs of wire \UART_PC:BUART:sRX:s23Poll:MODULE_2:g2:a0:dataa_1\[462] = \UART_PC:BUART:pollcount_1\[438]
Removing Lhs of wire \UART_PC:BUART:sRX:s23Poll:MODULE_2:g2:a0:dataa_0\[463] = \UART_PC:BUART:pollcount_0\[441]
Removing Lhs of wire \UART_PC:BUART:sRX:s23Poll:MODULE_2:g2:a0:datab_1\[464] = zero[2]
Removing Lhs of wire \UART_PC:BUART:sRX:s23Poll:MODULE_2:g2:a0:datab_0\[465] = tmpOE__BPout_p_net_0[1]
Removing Lhs of wire \UART_PC:BUART:sRX:s23Poll:MODULE_3:g2:a0:newa_1\[470] = \UART_PC:BUART:pollcount_1\[438]
Removing Lhs of wire \UART_PC:BUART:sRX:s23Poll:MODIN3_1\[471] = \UART_PC:BUART:pollcount_1\[438]
Removing Lhs of wire \UART_PC:BUART:sRX:s23Poll:MODULE_3:g2:a0:newa_0\[472] = \UART_PC:BUART:pollcount_0\[441]
Removing Lhs of wire \UART_PC:BUART:sRX:s23Poll:MODIN3_0\[473] = \UART_PC:BUART:pollcount_0\[441]
Removing Lhs of wire \UART_PC:BUART:sRX:s23Poll:MODULE_3:g2:a0:newb_1\[474] = tmpOE__BPout_p_net_0[1]
Removing Lhs of wire \UART_PC:BUART:sRX:s23Poll:MODULE_3:g2:a0:newb_0\[475] = zero[2]
Removing Lhs of wire \UART_PC:BUART:sRX:s23Poll:MODULE_3:g2:a0:dataa_1\[476] = \UART_PC:BUART:pollcount_1\[438]
Removing Lhs of wire \UART_PC:BUART:sRX:s23Poll:MODULE_3:g2:a0:dataa_0\[477] = \UART_PC:BUART:pollcount_0\[441]
Removing Lhs of wire \UART_PC:BUART:sRX:s23Poll:MODULE_3:g2:a0:datab_1\[478] = tmpOE__BPout_p_net_0[1]
Removing Lhs of wire \UART_PC:BUART:sRX:s23Poll:MODULE_3:g2:a0:datab_0\[479] = zero[2]
Removing Lhs of wire \UART_PC:BUART:rx_status_1\[486] = zero[2]
Removing Rhs of wire \UART_PC:BUART:rx_status_2\[487] = \UART_PC:BUART:rx_parity_error_status\[488]
Removing Rhs of wire \UART_PC:BUART:rx_status_3\[489] = \UART_PC:BUART:rx_stop_bit_error\[490]
Removing Lhs of wire \UART_PC:BUART:sRX:cmp_vv_vv_MODGEN_4\[500] = \UART_PC:BUART:sRX:MODULE_4:g2:a0:lta_0\[549]
Removing Lhs of wire \UART_PC:BUART:sRX:cmp_vv_vv_MODGEN_5\[504] = \UART_PC:BUART:sRX:MODULE_5:g1:a0:xneq\[571]
Removing Lhs of wire \UART_PC:BUART:sRX:MODULE_4:g2:a0:newa_6\[505] = zero[2]
Removing Lhs of wire \UART_PC:BUART:sRX:MODULE_4:g2:a0:newa_5\[506] = zero[2]
Removing Lhs of wire \UART_PC:BUART:sRX:MODULE_4:g2:a0:newa_4\[507] = zero[2]
Removing Lhs of wire \UART_PC:BUART:sRX:MODULE_4:g2:a0:newa_3\[508] = \UART_PC:BUART:sRX:MODIN4_6\[509]
Removing Lhs of wire \UART_PC:BUART:sRX:MODIN4_6\[509] = \UART_PC:BUART:rx_count_6\[427]
Removing Lhs of wire \UART_PC:BUART:sRX:MODULE_4:g2:a0:newa_2\[510] = \UART_PC:BUART:sRX:MODIN4_5\[511]
Removing Lhs of wire \UART_PC:BUART:sRX:MODIN4_5\[511] = \UART_PC:BUART:rx_count_5\[428]
Removing Lhs of wire \UART_PC:BUART:sRX:MODULE_4:g2:a0:newa_1\[512] = \UART_PC:BUART:sRX:MODIN4_4\[513]
Removing Lhs of wire \UART_PC:BUART:sRX:MODIN4_4\[513] = \UART_PC:BUART:rx_count_4\[429]
Removing Lhs of wire \UART_PC:BUART:sRX:MODULE_4:g2:a0:newa_0\[514] = \UART_PC:BUART:sRX:MODIN4_3\[515]
Removing Lhs of wire \UART_PC:BUART:sRX:MODIN4_3\[515] = \UART_PC:BUART:rx_count_3\[430]
Removing Lhs of wire \UART_PC:BUART:sRX:MODULE_4:g2:a0:newb_6\[516] = zero[2]
Removing Lhs of wire \UART_PC:BUART:sRX:MODULE_4:g2:a0:newb_5\[517] = zero[2]
Removing Lhs of wire \UART_PC:BUART:sRX:MODULE_4:g2:a0:newb_4\[518] = zero[2]
Removing Lhs of wire \UART_PC:BUART:sRX:MODULE_4:g2:a0:newb_3\[519] = zero[2]
Removing Lhs of wire \UART_PC:BUART:sRX:MODULE_4:g2:a0:newb_2\[520] = tmpOE__BPout_p_net_0[1]
Removing Lhs of wire \UART_PC:BUART:sRX:MODULE_4:g2:a0:newb_1\[521] = tmpOE__BPout_p_net_0[1]
Removing Lhs of wire \UART_PC:BUART:sRX:MODULE_4:g2:a0:newb_0\[522] = zero[2]
Removing Lhs of wire \UART_PC:BUART:sRX:MODULE_4:g2:a0:dataa_6\[523] = zero[2]
Removing Lhs of wire \UART_PC:BUART:sRX:MODULE_4:g2:a0:dataa_5\[524] = zero[2]
Removing Lhs of wire \UART_PC:BUART:sRX:MODULE_4:g2:a0:dataa_4\[525] = zero[2]
Removing Lhs of wire \UART_PC:BUART:sRX:MODULE_4:g2:a0:dataa_3\[526] = \UART_PC:BUART:rx_count_6\[427]
Removing Lhs of wire \UART_PC:BUART:sRX:MODULE_4:g2:a0:dataa_2\[527] = \UART_PC:BUART:rx_count_5\[428]
Removing Lhs of wire \UART_PC:BUART:sRX:MODULE_4:g2:a0:dataa_1\[528] = \UART_PC:BUART:rx_count_4\[429]
Removing Lhs of wire \UART_PC:BUART:sRX:MODULE_4:g2:a0:dataa_0\[529] = \UART_PC:BUART:rx_count_3\[430]
Removing Lhs of wire \UART_PC:BUART:sRX:MODULE_4:g2:a0:datab_6\[530] = zero[2]
Removing Lhs of wire \UART_PC:BUART:sRX:MODULE_4:g2:a0:datab_5\[531] = zero[2]
Removing Lhs of wire \UART_PC:BUART:sRX:MODULE_4:g2:a0:datab_4\[532] = zero[2]
Removing Lhs of wire \UART_PC:BUART:sRX:MODULE_4:g2:a0:datab_3\[533] = zero[2]
Removing Lhs of wire \UART_PC:BUART:sRX:MODULE_4:g2:a0:datab_2\[534] = tmpOE__BPout_p_net_0[1]
Removing Lhs of wire \UART_PC:BUART:sRX:MODULE_4:g2:a0:datab_1\[535] = tmpOE__BPout_p_net_0[1]
Removing Lhs of wire \UART_PC:BUART:sRX:MODULE_4:g2:a0:datab_0\[536] = zero[2]
Removing Lhs of wire \UART_PC:BUART:sRX:MODULE_5:g1:a0:newa_0\[551] = \UART_PC:BUART:rx_postpoll\[386]
Removing Lhs of wire \UART_PC:BUART:sRX:MODULE_5:g1:a0:newb_0\[552] = \UART_PC:BUART:rx_parity_bit\[503]
Removing Lhs of wire \UART_PC:BUART:sRX:MODULE_5:g1:a0:dataa_0\[553] = \UART_PC:BUART:rx_postpoll\[386]
Removing Lhs of wire \UART_PC:BUART:sRX:MODULE_5:g1:a0:datab_0\[554] = \UART_PC:BUART:rx_parity_bit\[503]
Removing Lhs of wire \UART_PC:BUART:sRX:MODULE_5:g1:a0:gx:u0:a_0\[555] = \UART_PC:BUART:rx_postpoll\[386]
Removing Lhs of wire \UART_PC:BUART:sRX:MODULE_5:g1:a0:gx:u0:b_0\[556] = \UART_PC:BUART:rx_parity_bit\[503]
Removing Lhs of wire \UART_PC:BUART:sRX:MODULE_5:g1:a0:gx:u0:aeqb_0\[558] = tmpOE__BPout_p_net_0[1]
Removing Lhs of wire \UART_PC:BUART:sRX:MODULE_5:g1:a0:gx:u0:eq_0\[559] = \UART_PC:BUART:sRX:MODULE_5:g1:a0:gx:u0:xnor_array_0\[557]
Removing Lhs of wire \UART_PC:BUART:sRX:MODULE_5:g1:a0:gx:u0:eqi_0\[560] = \UART_PC:BUART:sRX:MODULE_5:g1:a0:gx:u0:xnor_array_0\[557]
Removing Lhs of wire tmpOE__Rx_1_net_0[582] = tmpOE__BPout_p_net_0[1]
Removing Lhs of wire tmpOE__Tx_1_net_0[587] = tmpOE__BPout_p_net_0[1]
Removing Lhs of wire tmpOE__LPref_n_net_0[593] = tmpOE__BPout_p_net_0[1]
Removing Lhs of wire tmpOE__LPref_p_net_0[600] = tmpOE__BPout_p_net_0[1]
Removing Lhs of wire \VDAC_n:Net_83\[612] = zero[2]
Removing Lhs of wire \VDAC_n:Net_81\[613] = zero[2]
Removing Lhs of wire \VDAC_n:Net_82\[614] = zero[2]
Removing Lhs of wire tmpOE__TIAref_p_net_0[618] = tmpOE__BPout_p_net_0[1]
Removing Lhs of wire \UART_PC:BUART:reset_reg\\D\[623] = zero[2]
Removing Lhs of wire \UART_PC:BUART:rx_bitclk\\D\[638] = \UART_PC:BUART:rx_bitclk_pre\[421]
Removing Lhs of wire \UART_PC:BUART:rx_parity_error_pre\\D\[647] = \UART_PC:BUART:rx_parity_error_pre\[498]
Removing Lhs of wire \UART_PC:BUART:rx_break_status\\D\[648] = zero[2]

------------------------------------------------------
Aliased 0 equations, 150 wires.
------------------------------------------------------

----------------------------------------------------------
Circuit simplification
----------------------------------------------------------

Substituting virtuals - pass 1:

Note:  Expanding virtual equation for 'tmpOE__BPout_p_net_0' (cost = 0):
tmpOE__BPout_p_net_0 <=  ('1') ;

Note:  Expanding virtual equation for 'zero' (cost = 0):
zero <=  ('0') ;

Note:  Expanding virtual equation for '\UART_PC:BUART:rx_addressmatch\' (cost = 0):
\UART_PC:BUART:rx_addressmatch\ <= (\UART_PC:BUART:rx_addressmatch2\
	OR \UART_PC:BUART:rx_addressmatch1\);

Note:  Expanding virtual equation for '\UART_PC:BUART:rx_bitclk_pre\' (cost = 1):
\UART_PC:BUART:rx_bitclk_pre\ <= ((not \UART_PC:BUART:rx_count_2\ and not \UART_PC:BUART:rx_count_1\ and not \UART_PC:BUART:rx_count_0\));

Note:  Expanding virtual equation for '\UART_PC:BUART:rx_bitclk_pre16x\' (cost = 0):
\UART_PC:BUART:rx_bitclk_pre16x\ <= ((not \UART_PC:BUART:rx_count_2\ and \UART_PC:BUART:rx_count_1\ and \UART_PC:BUART:rx_count_0\));

Note:  Expanding virtual equation for '\UART_PC:BUART:rx_poll_bit1\' (cost = 1):
\UART_PC:BUART:rx_poll_bit1\ <= ((not \UART_PC:BUART:rx_count_2\ and not \UART_PC:BUART:rx_count_1\ and \UART_PC:BUART:rx_count_0\));

Note:  Expanding virtual equation for '\UART_PC:BUART:rx_poll_bit2\' (cost = 1):
\UART_PC:BUART:rx_poll_bit2\ <= ((not \UART_PC:BUART:rx_count_2\ and not \UART_PC:BUART:rx_count_1\ and not \UART_PC:BUART:rx_count_0\));

Note:  Expanding virtual equation for '\UART_PC:BUART:pollingrange\' (cost = 4):
\UART_PC:BUART:pollingrange\ <= ((not \UART_PC:BUART:rx_count_2\ and not \UART_PC:BUART:rx_count_1\));

Note:  Expanding virtual equation for '\UART_PC:BUART:sRX:s23Poll:MODULE_1:g2:a0:g1:z1:s0:g1:u0:c_1\' (cost = 0):
\UART_PC:BUART:sRX:s23Poll:MODULE_1:g2:a0:g1:z1:s0:g1:u0:c_1\ <= (\UART_PC:BUART:pollcount_0\);

Note:  Expanding virtual equation for '\UART_PC:BUART:sRX:s23Poll:MODULE_1:g2:a0:s_0\' (cost = 0):
\UART_PC:BUART:sRX:s23Poll:MODULE_1:g2:a0:s_0\ <= (not \UART_PC:BUART:pollcount_0\);

Note:  Expanding virtual equation for '\UART_PC:BUART:sRX:s23Poll:MODULE_2:g2:a0:lta_1\' (cost = 0):
\UART_PC:BUART:sRX:s23Poll:MODULE_2:g2:a0:lta_1\ <=  ('0') ;

Note:  Expanding virtual equation for '\UART_PC:BUART:sRX:s23Poll:MODULE_2:g2:a0:gta_1\' (cost = 0):
\UART_PC:BUART:sRX:s23Poll:MODULE_2:g2:a0:gta_1\ <= (\UART_PC:BUART:pollcount_1\);

Note:  Expanding virtual equation for '\UART_PC:BUART:sRX:s23Poll:MODULE_3:g2:a0:lta_1\' (cost = 0):
\UART_PC:BUART:sRX:s23Poll:MODULE_3:g2:a0:lta_1\ <= (not \UART_PC:BUART:pollcount_1\);

Note:  Expanding virtual equation for '\UART_PC:BUART:sRX:s23Poll:MODULE_3:g2:a0:gta_1\' (cost = 0):
\UART_PC:BUART:sRX:s23Poll:MODULE_3:g2:a0:gta_1\ <=  ('0') ;

Note:  Expanding virtual equation for '\UART_PC:BUART:sRX:MODULE_4:g2:a0:lta_6\' (cost = 0):
\UART_PC:BUART:sRX:MODULE_4:g2:a0:lta_6\ <=  ('0') ;

Note:  Expanding virtual equation for '\UART_PC:BUART:sRX:MODULE_4:g2:a0:gta_6\' (cost = 0):
\UART_PC:BUART:sRX:MODULE_4:g2:a0:gta_6\ <=  ('0') ;

Note:  Expanding virtual equation for '\UART_PC:BUART:sRX:MODULE_4:g2:a0:lta_5\' (cost = 0):
\UART_PC:BUART:sRX:MODULE_4:g2:a0:lta_5\ <=  ('0') ;

Note:  Expanding virtual equation for '\UART_PC:BUART:sRX:MODULE_4:g2:a0:gta_5\' (cost = 0):
\UART_PC:BUART:sRX:MODULE_4:g2:a0:gta_5\ <=  ('0') ;

Note:  Expanding virtual equation for '\UART_PC:BUART:sRX:MODULE_4:g2:a0:lta_4\' (cost = 0):
\UART_PC:BUART:sRX:MODULE_4:g2:a0:lta_4\ <=  ('0') ;

Note:  Expanding virtual equation for '\UART_PC:BUART:sRX:MODULE_4:g2:a0:gta_4\' (cost = 0):
\UART_PC:BUART:sRX:MODULE_4:g2:a0:gta_4\ <=  ('0') ;

Note:  Expanding virtual equation for '\UART_PC:BUART:sRX:MODULE_4:g2:a0:lta_3\' (cost = 0):
\UART_PC:BUART:sRX:MODULE_4:g2:a0:lta_3\ <=  ('0') ;

Note:  Expanding virtual equation for '\UART_PC:BUART:sRX:MODULE_4:g2:a0:gta_3\' (cost = 0):
\UART_PC:BUART:sRX:MODULE_4:g2:a0:gta_3\ <= (\UART_PC:BUART:rx_count_6\);

Note:  Expanding virtual equation for '\UART_PC:BUART:sRX:MODULE_4:g2:a0:lta_2\' (cost = 1):
\UART_PC:BUART:sRX:MODULE_4:g2:a0:lta_2\ <= ((not \UART_PC:BUART:rx_count_6\ and not \UART_PC:BUART:rx_count_5\));

Note:  Expanding virtual equation for '\UART_PC:BUART:sRX:MODULE_4:g2:a0:gta_2\' (cost = 0):
\UART_PC:BUART:sRX:MODULE_4:g2:a0:gta_2\ <= (\UART_PC:BUART:rx_count_6\);

Note:  Expanding virtual equation for '\UART_PC:BUART:sRX:MODULE_4:g2:a0:lta_1\' (cost = 2):
\UART_PC:BUART:sRX:MODULE_4:g2:a0:lta_1\ <= ((not \UART_PC:BUART:rx_count_6\ and not \UART_PC:BUART:rx_count_4\)
	OR (not \UART_PC:BUART:rx_count_6\ and not \UART_PC:BUART:rx_count_5\));

Note:  Expanding virtual equation for '\UART_PC:BUART:sRX:MODULE_4:g2:a0:gta_1\' (cost = 0):
\UART_PC:BUART:sRX:MODULE_4:g2:a0:gta_1\ <= (\UART_PC:BUART:rx_count_6\);

Note:  Expanding virtual equation for '\UART_PC:BUART:sRX:MODULE_4:g2:a0:lta_0\' (cost = 8):
\UART_PC:BUART:sRX:MODULE_4:g2:a0:lta_0\ <= ((not \UART_PC:BUART:rx_count_6\ and not \UART_PC:BUART:rx_count_4\)
	OR (not \UART_PC:BUART:rx_count_6\ and not \UART_PC:BUART:rx_count_5\));


Substituting virtuals - pass 2:

Note:  Expanding virtual equation for '\UART_PC:BUART:sRX:s23Poll:MODULE_2:g2:a0:lta_0\' (cost = 4):
\UART_PC:BUART:sRX:s23Poll:MODULE_2:g2:a0:lta_0\ <= ((not \UART_PC:BUART:pollcount_1\ and not \UART_PC:BUART:pollcount_0\));

Note:  Expanding virtual equation for '\UART_PC:BUART:sRX:s23Poll:MODULE_3:g2:a0:lta_0\' (cost = 0):
\UART_PC:BUART:sRX:s23Poll:MODULE_3:g2:a0:lta_0\ <= (not \UART_PC:BUART:pollcount_1\);

Note:  Expanding virtual equation for '\UART_PC:BUART:sRX:s23Poll:MODULE_1:g2:a0:s_1\' (cost = 2):
\UART_PC:BUART:sRX:s23Poll:MODULE_1:g2:a0:s_1\ <= ((not \UART_PC:BUART:pollcount_0\ and \UART_PC:BUART:pollcount_1\)
	OR (not \UART_PC:BUART:pollcount_1\ and \UART_PC:BUART:pollcount_0\));


Substituting virtuals - pass 3:

Note:  Expanding virtual equation for '\UART_PC:BUART:rx_postpoll\' (cost = 72):
\UART_PC:BUART:rx_postpoll\ <= (\UART_PC:BUART:pollcount_1\
	OR (Net_1052 and \UART_PC:BUART:pollcount_0\));

Note:  Expanding virtual equation for '\UART_PC:BUART:sRX:MODULE_5:g1:a0:gx:u0:xnor_array_0\' (cost = 4):
\UART_PC:BUART:sRX:MODULE_5:g1:a0:gx:u0:xnor_array_0\ <= ((not \UART_PC:BUART:pollcount_1\ and not Net_1052 and not \UART_PC:BUART:rx_parity_bit\)
	OR (not \UART_PC:BUART:pollcount_1\ and not \UART_PC:BUART:pollcount_0\ and not \UART_PC:BUART:rx_parity_bit\)
	OR (\UART_PC:BUART:pollcount_1\ and \UART_PC:BUART:rx_parity_bit\)
	OR (Net_1052 and \UART_PC:BUART:pollcount_0\ and \UART_PC:BUART:rx_parity_bit\));

Note:  Expanding virtual equation for '\UART_PC:BUART:sRX:MODULE_5:g1:a0:gx:u0:aeqb_1\' (cost = 4):
\UART_PC:BUART:sRX:MODULE_5:g1:a0:gx:u0:aeqb_1\ <= ((not \UART_PC:BUART:pollcount_1\ and not Net_1052 and not \UART_PC:BUART:rx_parity_bit\)
	OR (not \UART_PC:BUART:pollcount_1\ and not \UART_PC:BUART:pollcount_0\ and not \UART_PC:BUART:rx_parity_bit\)
	OR (\UART_PC:BUART:pollcount_1\ and \UART_PC:BUART:rx_parity_bit\)
	OR (Net_1052 and \UART_PC:BUART:pollcount_0\ and \UART_PC:BUART:rx_parity_bit\));


Substituting virtuals - pass 4:


----------------------------------------------------------
Circuit simplification results:

	Expanded 33 signals.
	Turned 0 signals into soft nodes.
	Maximum default expansion cost was set at 3.
----------------------------------------------------------

------------------------------------------------------
Alias Detection
------------------------------------------------------
Aliasing \UART_PC:BUART:rx_status_0\ to zero
Aliasing \UART_PC:BUART:rx_status_6\ to zero
Aliasing \UART_PC:BUART:rx_markspace_status\\D\ to zero
Aliasing \UART_PC:BUART:rx_parity_error_status\\D\ to zero
Aliasing \UART_PC:BUART:rx_addr_match_status\\D\ to zero
Removing Rhs of wire \UART_PC:BUART:rx_bitclk_enable\[385] = \UART_PC:BUART:rx_bitclk\[433]
Removing Lhs of wire \UART_PC:BUART:rx_status_0\[484] = zero[2]
Removing Lhs of wire \UART_PC:BUART:rx_status_6\[493] = zero[2]
Removing Lhs of wire \UART_PC:BUART:tx_ctrl_mark_last\\D\[630] = \UART_PC:BUART:tx_ctrl_mark_last\[376]
Removing Lhs of wire \UART_PC:BUART:rx_markspace_status\\D\[642] = zero[2]
Removing Lhs of wire \UART_PC:BUART:rx_parity_error_status\\D\[643] = zero[2]
Removing Lhs of wire \UART_PC:BUART:rx_addr_match_status\\D\[645] = zero[2]
Removing Lhs of wire \UART_PC:BUART:rx_markspace_pre\\D\[646] = \UART_PC:BUART:rx_markspace_pre\[497]
Removing Lhs of wire \UART_PC:BUART:rx_parity_bit\\D\[651] = \UART_PC:BUART:rx_parity_bit\[503]

------------------------------------------------------
Aliased 0 equations, 9 wires.
------------------------------------------------------

----------------------------------------------------------
Circuit simplification
----------------------------------------------------------

Eliminating unused logic - pass 1:

Note:  Deleted unused equation:
\UART_PC:BUART:sRX:MODULE_5:g1:a0:xneq\ <= ((not \UART_PC:BUART:rx_parity_bit\ and Net_1052 and \UART_PC:BUART:pollcount_0\)
	OR (not \UART_PC:BUART:pollcount_1\ and not \UART_PC:BUART:pollcount_0\ and \UART_PC:BUART:rx_parity_bit\)
	OR (not \UART_PC:BUART:pollcount_1\ and not Net_1052 and \UART_PC:BUART:rx_parity_bit\)
	OR (not \UART_PC:BUART:rx_parity_bit\ and \UART_PC:BUART:pollcount_1\));


Eliminating unused logic - pass 2:


Substituting virtuals - pass 1:


----------------------------------------------------------
Circuit simplification results:

	Expanded 0 signals.
	Turned 0 signals into soft nodes.
	Maximum default expansion cost was set at 3.
----------------------------------------------------------

topld:  No errors.

CYPRESS_DIR    : C:\Program Files (x86)\Cypress\PSoC Creator\4.4\PSoC Creator\warp
Warp Program   : C:\Program Files (x86)\Cypress\PSoC Creator\4.4\PSoC Creator\warp\bin\warp.exe
Warp Arguments : -yv2 -q10 -ygs -o2 -v3 -.fftcfgtype=LE -ya -.fftprj=C:\Github\Tesis\src\psoc\ComparacionDiferencial_Copy_01.cydsn\ComparacionDiferencial_Copy_01.cyprj -dcpsoc3 ComparacionDiferencial_Copy_01.v -verilog
</CYPRESSTAG>
Warp synthesis phase: Elapsed time ==> 0s.656ms
<CYPRESSTAG name="Fitter results...">
<CYPRESSTAG name="Fitter startup details...">
cyp3fit: V4.4.0.80, Family: PSoC3, Started at: Sunday, 10 May 2026 18:15:52
Options: -yv2 -q10 -ygs -o2 -v3 -.fftcfgtype=LE -ya -.fftprj=C:\Github\Tesis\src\psoc\ComparacionDiferencial_Copy_01.cydsn\ComparacionDiferencial_Copy_01.cyprj -d CY8C5888LTI-LP097 ComparacionDiferencial_Copy_01.v -verilog
</CYPRESSTAG>
<CYPRESSTAG name="Design parsing">
Design parsing phase: Elapsed time ==> 0s.013ms
</CYPRESSTAG>
<CYPRESSTAG name="Tech Mapping">
<CYPRESSTAG name="Initial Mapping" icon="FILE_RPT_TECHM">
    Converted constant MacroCell: \UART_PC:BUART:reset_reg\ from registered to combinatorial
    Converted constant MacroCell: \UART_PC:BUART:rx_markspace_status\ from registered to combinatorial
    Converted constant MacroCell: \UART_PC:BUART:rx_status_2\ from registered to combinatorial
    Converted constant MacroCell: \UART_PC:BUART:rx_addr_match_status\ from registered to combinatorial
    Converted constant MacroCell: \UART_PC:BUART:rx_break_status\ from registered to combinatorial
<CYPRESSTAG name="Global Clock Selection" icon="FILE_RPT_TECHM">
    Digital Clock 0: Automatic-assigning  clock 'ADC_DelSig_Ext_CP_Clk'. Fanout=1, Signal=\ADC_DelSig:Net_93\
    Analog  Clock 0: Automatic-assigning  clock 'ADC_DelSig_theACLK'. Fanout=1, Signal=\ADC_DelSig:Net_488\
    Digital Clock 1: Automatic-assigning  clock 'UART_PC_IntClock'. Fanout=1, Signal=\UART_PC:Net_9\
</CYPRESSTAG>

Removing unused cells resulting from optimization
Done removing unused cells.
<CYPRESSTAG name="UDB Clock/Enable Remapping Results">
    UDB Clk/Enable \UART_PC:BUART:ClkSync\: with output requested to be synchronous
        ClockIn: UART_PC_IntClock was determined to be a global clock that is synchronous to BUS_CLK
        EnableIn: Constant 1 was determined to be synchronous to ClockIn
        ClockOut: UART_PC_IntClock, EnableOut: Constant 1
</CYPRESSTAG>
ADD: pft.M0040: information: The following 4 pin(s) will be assigned a location by the fitter: LPref_n(0), LPref_p(0), TIAref_n(0), TIAref_p(0)


Removing unused cells resulting from optimization
Done removing unused cells.
<CYPRESSTAG name="Duplicate Macrocell detection">
</CYPRESSTAG>
</CYPRESSTAG>
<CYPRESSTAG name="Duplicate Macrocell detection">

Removing duplicate macrocells
    Removing \UART_PC:BUART:rx_parity_bit\, Duplicate of \UART_PC:BUART:tx_ctrl_mark_last\ 
    MacroCell: Name=\UART_PC:BUART:rx_parity_bit\, Mode=(T-Register)
        Total # of inputs        : 0
        Total # of product terms : 0
        List of special equations: 
            Clock  = (\UART_PC:Net_9\) => Global
            Clock Enable: True
        Main Equation            : 0 pterms
        (
            0
        );
        Output = \UART_PC:BUART:rx_parity_bit\ (fanout=0)

    Removing \UART_PC:BUART:rx_address_detected\, Duplicate of \UART_PC:BUART:tx_ctrl_mark_last\ 
    MacroCell: Name=\UART_PC:BUART:rx_address_detected\, Mode=(T-Register)
        Total # of inputs        : 0
        Total # of product terms : 0
        List of special equations: 
            Clock  = (\UART_PC:Net_9\) => Global
            Clock Enable: True
        Main Equation            : 0 pterms
        (
            0
        );
        Output = \UART_PC:BUART:rx_address_detected\ (fanout=0)

    Removing \UART_PC:BUART:rx_parity_error_pre\, Duplicate of \UART_PC:BUART:tx_ctrl_mark_last\ 
    MacroCell: Name=\UART_PC:BUART:rx_parity_error_pre\, Mode=(T-Register)
        Total # of inputs        : 0
        Total # of product terms : 0
        List of special equations: 
            Clock  = (\UART_PC:Net_9\) => Global
            Clock Enable: True
        Main Equation            : 0 pterms
        (
            0
        );
        Output = \UART_PC:BUART:rx_parity_error_pre\ (fanout=0)

    Removing \UART_PC:BUART:rx_markspace_pre\, Duplicate of \UART_PC:BUART:tx_ctrl_mark_last\ 
    MacroCell: Name=\UART_PC:BUART:rx_markspace_pre\, Mode=(T-Register)
        Total # of inputs        : 0
        Total # of product terms : 0
        List of special equations: 
            Clock  = (\UART_PC:Net_9\) => Global
            Clock Enable: True
        Main Equation            : 0 pterms
        (
            0
        );
        Output = \UART_PC:BUART:rx_markspace_pre\ (fanout=0)

    Removing \UART_PC:BUART:rx_state_1\, Duplicate of \UART_PC:BUART:tx_ctrl_mark_last\ 
    MacroCell: Name=\UART_PC:BUART:rx_state_1\, Mode=(T-Register)
        Total # of inputs        : 0
        Total # of product terms : 0
        List of special equations: 
            Clock  = (\UART_PC:Net_9\) => Global
            Clock Enable: True
        Main Equation            : 0 pterms
        (
            0
        );
        Output = \UART_PC:BUART:rx_state_1\ (fanout=8)

    Removing \UART_PC:BUART:tx_parity_bit\, Duplicate of \UART_PC:BUART:tx_ctrl_mark_last\ 
    MacroCell: Name=\UART_PC:BUART:tx_parity_bit\, Mode=(T-Register)
        Total # of inputs        : 0
        Total # of product terms : 0
        List of special equations: 
            Clock  = (\UART_PC:Net_9\) => Global
            Clock Enable: True
        Main Equation            : 0 pterms
        (
            0
        );
        Output = \UART_PC:BUART:tx_parity_bit\ (fanout=0)

    Removing \UART_PC:BUART:tx_mark\, Duplicate of \UART_PC:BUART:tx_ctrl_mark_last\ 
    MacroCell: Name=\UART_PC:BUART:tx_mark\, Mode=(T-Register)
        Total # of inputs        : 0
        Total # of product terms : 0
        List of special equations: 
            Clock  = (\UART_PC:Net_9\) => Global
            Clock Enable: True
        Main Equation            : 0 pterms
        (
            0
        );
        Output = \UART_PC:BUART:tx_mark\ (fanout=0)

End removing duplicate macrocells: used 1 pass
</CYPRESSTAG>
<CYPRESSTAG name="Design Equations" icon="FILE_RPT_EQUATION">

------------------------------------------------------------
Design Equations
------------------------------------------------------------
    <CYPRESSTAG name="Pin listing">

    ------------------------------------------------------------
    Pin listing
    ------------------------------------------------------------

    Pin : Name = BPout_p(0)
        Attributes:
            In Group/Port: True
            In Sync Option: AUTO
            Out Sync Option: AUTO
            Interrupt generated: False
            Interrupt mode: NONE
            Drive mode: HI_Z_ANALOG
            VTrip: EITHER
            Slew: FAST
            Input Sync needed: False
            Output Sync needed: False
            SC shield enabled: False
            POR State: ANY
            LCD Mode: COMMON
            Register Mode: RegComb
            CaSense Mode: NEITHER
            Treat as pin: True
            Is OE Registered: False
            Uses Analog: True
            Can contain Digital: False
            Is SIO: False
            SIO Output Buf: NONREGULATED
            SIO Input Buf: SINGLE_ENDED
            SIO HiFreq: LOW
            SIO Hyst: DISABLED
            SIO Vtrip: MULTIPLIER_0_5
            SIO Multiplier Index: 0
            SIO RefSel: VCC_IO
            Required Capabilities: ANALOG
            Initial Value: 0
            IO Voltage: 0
        PORT MAP (
            pa_out => BPout_p(0)__PA ,
            analog_term => Net_1132 ,
            annotation => Net_1113 ,
            pad => BPout_p(0)_PAD );
        Properties:
        {
        }

    Pin : Name = ADC_p(0)
        Attributes:
            In Group/Port: True
            In Sync Option: AUTO
            Out Sync Option: AUTO
            Interrupt generated: False
            Interrupt mode: NONE
            Drive mode: HI_Z_ANALOG
            VTrip: EITHER
            Slew: FAST
            Input Sync needed: False
            Output Sync needed: False
            SC shield enabled: False
            POR State: ANY
            LCD Mode: COMMON
            Register Mode: RegComb
            CaSense Mode: NEITHER
            Treat as pin: True
            Is OE Registered: False
            Uses Analog: True
            Can contain Digital: False
            Is SIO: False
            SIO Output Buf: NONREGULATED
            SIO Input Buf: SINGLE_ENDED
            SIO HiFreq: LOW
            SIO Hyst: DISABLED
            SIO Vtrip: MULTIPLIER_0_5
            SIO Multiplier Index: 0
            SIO RefSel: VCC_IO
            Required Capabilities: ANALOG
            Initial Value: 0
            IO Voltage: 0
        PORT MAP (
            pa_out => ADC_p(0)__PA ,
            analog_term => Net_142 ,
            annotation => Net_206 ,
            pad => ADC_p(0)_PAD );
        Properties:
        {
        }

    Pin : Name = ADC_n(0)
        Attributes:
            In Group/Port: True
            In Sync Option: AUTO
            Out Sync Option: AUTO
            Interrupt generated: False
            Interrupt mode: NONE
            Drive mode: HI_Z_ANALOG
            VTrip: EITHER
            Slew: FAST
            Input Sync needed: False
            Output Sync needed: False
            SC shield enabled: False
            POR State: ANY
            LCD Mode: COMMON
            Register Mode: RegComb
            CaSense Mode: NEITHER
            Treat as pin: True
            Is OE Registered: False
            Uses Analog: True
            Can contain Digital: False
            Is SIO: False
            SIO Output Buf: NONREGULATED
            SIO Input Buf: SINGLE_ENDED
            SIO HiFreq: LOW
            SIO Hyst: DISABLED
            SIO Vtrip: MULTIPLIER_0_5
            SIO Multiplier Index: 0
            SIO RefSel: VCC_IO
            Required Capabilities: ANALOG
            Initial Value: 0
            IO Voltage: 0
        PORT MAP (
            pa_out => ADC_n(0)__PA ,
            analog_term => Net_143 ,
            annotation => Net_1202 ,
            pad => ADC_n(0)_PAD );
        Properties:
        {
        }

    Pin : Name = FDA_n(0)
        Attributes:
            In Group/Port: True
            In Sync Option: AUTO
            Out Sync Option: AUTO
            Interrupt generated: False
            Interrupt mode: NONE
            Drive mode: HI_Z_ANALOG
            VTrip: EITHER
            Slew: FAST
            Input Sync needed: False
            Output Sync needed: False
            SC shield enabled: False
            POR State: ANY
            LCD Mode: COMMON
            Register Mode: RegComb
            CaSense Mode: NEITHER
            Treat as pin: True
            Is OE Registered: False
            Uses Analog: True
            Can contain Digital: False
            Is SIO: False
            SIO Output Buf: NONREGULATED
            SIO Input Buf: SINGLE_ENDED
            SIO HiFreq: LOW
            SIO Hyst: DISABLED
            SIO Vtrip: MULTIPLIER_0_5
            SIO Multiplier Index: 0
            SIO RefSel: VCC_IO
            Required Capabilities: ANALOG
            Initial Value: 0
            IO Voltage: 0
        PORT MAP (
            pa_out => FDA_n(0)__PA ,
            analog_term => Net_1124 ,
            annotation => Net_1373 ,
            pad => FDA_n(0)_PAD );
        Properties:
        {
        }

    Pin : Name = FDA_p(0)
        Attributes:
            In Group/Port: True
            In Sync Option: AUTO
            Out Sync Option: AUTO
            Interrupt generated: False
            Interrupt mode: NONE
            Drive mode: HI_Z_ANALOG
            VTrip: EITHER
            Slew: FAST
            Input Sync needed: False
            Output Sync needed: False
            SC shield enabled: False
            POR State: ANY
            LCD Mode: COMMON
            Register Mode: RegComb
            CaSense Mode: NEITHER
            Treat as pin: True
            Is OE Registered: False
            Uses Analog: True
            Can contain Digital: False
            Is SIO: False
            SIO Output Buf: NONREGULATED
            SIO Input Buf: SINGLE_ENDED
            SIO HiFreq: LOW
            SIO Hyst: DISABLED
            SIO Vtrip: MULTIPLIER_0_5
            SIO Multiplier Index: 0
            SIO RefSel: VCC_IO
            Required Capabilities: ANALOG
            Initial Value: 0
            IO Voltage: 0
        PORT MAP (
            pa_out => FDA_p(0)__PA ,
            analog_term => Net_1123 ,
            annotation => Net_1372 ,
            pad => FDA_p(0)_PAD );
        Properties:
        {
        }

    Pin : Name = LPout_p(0)
        Attributes:
            In Group/Port: True
            In Sync Option: AUTO
            Out Sync Option: AUTO
            Interrupt generated: False
            Interrupt mode: NONE
            Drive mode: HI_Z_ANALOG
            VTrip: EITHER
            Slew: FAST
            Input Sync needed: False
            Output Sync needed: False
            SC shield enabled: False
            POR State: ANY
            LCD Mode: COMMON
            Register Mode: RegComb
            CaSense Mode: NEITHER
            Treat as pin: True
            Is OE Registered: False
            Uses Analog: True
            Can contain Digital: False
            Is SIO: False
            SIO Output Buf: NONREGULATED
            SIO Input Buf: SINGLE_ENDED
            SIO HiFreq: LOW
            SIO Hyst: DISABLED
            SIO Vtrip: MULTIPLIER_0_5
            SIO Multiplier Index: 0
            SIO RefSel: VCC_IO
            Required Capabilities: ANALOG
            Initial Value: 0
            IO Voltage: 0
        PORT MAP (
            pa_out => LPout_p(0)__PA ,
            analog_term => Net_1419 ,
            annotation => Net_1187 ,
            pad => LPout_p(0)_PAD );
        Properties:
        {
        }

    Pin : Name = BPref_n(0)
        Attributes:
            In Group/Port: True
            In Sync Option: AUTO
            Out Sync Option: AUTO
            Interrupt generated: False
            Interrupt mode: NONE
            Drive mode: HI_Z_ANALOG
            VTrip: EITHER
            Slew: FAST
            Input Sync needed: False
            Output Sync needed: False
            SC shield enabled: False
            POR State: ANY
            LCD Mode: COMMON
            Register Mode: RegComb
            CaSense Mode: NEITHER
            Treat as pin: True
            Is OE Registered: False
            Uses Analog: True
            Can contain Digital: False
            Is SIO: False
            SIO Output Buf: NONREGULATED
            SIO Input Buf: SINGLE_ENDED
            SIO HiFreq: LOW
            SIO Hyst: DISABLED
            SIO Vtrip: MULTIPLIER_0_5
            SIO Multiplier Index: 0
            SIO RefSel: VCC_IO
            Required Capabilities: ANALOG
            Initial Value: 0
            IO Voltage: 0
        PORT MAP (
            pa_out => BPref_n(0)__PA ,
            analog_term => Net_1384 ,
            annotation => Net_1369 ,
            pad => BPref_n(0)_PAD );
        Properties:
        {
        }

    Pin : Name = BPout_n(0)
        Attributes:
            In Group/Port: True
            In Sync Option: AUTO
            Out Sync Option: AUTO
            Interrupt generated: False
            Interrupt mode: NONE
            Drive mode: HI_Z_ANALOG
            VTrip: EITHER
            Slew: FAST
            Input Sync needed: False
            Output Sync needed: False
            SC shield enabled: False
            POR State: ANY
            LCD Mode: COMMON
            Register Mode: RegComb
            CaSense Mode: NEITHER
            Treat as pin: True
            Is OE Registered: False
            Uses Analog: True
            Can contain Digital: False
            Is SIO: False
            SIO Output Buf: NONREGULATED
            SIO Input Buf: SINGLE_ENDED
            SIO HiFreq: LOW
            SIO Hyst: DISABLED
            SIO Vtrip: MULTIPLIER_0_5
            SIO Multiplier Index: 0
            SIO RefSel: VCC_IO
            Required Capabilities: ANALOG
            Initial Value: 0
            IO Voltage: 0
        PORT MAP (
            pa_out => BPout_n(0)__PA ,
            analog_term => Net_1090 ,
            annotation => Net_1111 ,
            pad => BPout_n(0)_PAD );
        Properties:
        {
        }

    Pin : Name = LPin_p(0)
        Attributes:
            In Group/Port: True
            In Sync Option: AUTO
            Out Sync Option: AUTO
            Interrupt generated: False
            Interrupt mode: NONE
            Drive mode: HI_Z_ANALOG
            VTrip: EITHER
            Slew: FAST
            Input Sync needed: False
            Output Sync needed: False
            SC shield enabled: False
            POR State: ANY
            LCD Mode: COMMON
            Register Mode: RegComb
            CaSense Mode: NEITHER
            Treat as pin: True
            Is OE Registered: False
            Uses Analog: True
            Can contain Digital: False
            Is SIO: False
            SIO Output Buf: NONREGULATED
            SIO Input Buf: SINGLE_ENDED
            SIO HiFreq: LOW
            SIO Hyst: DISABLED
            SIO Vtrip: MULTIPLIER_0_5
            SIO Multiplier Index: 0
            SIO RefSel: VCC_IO
            Required Capabilities: ANALOG
            Initial Value: 0
            IO Voltage: 0
        PORT MAP (
            pa_out => LPin_p(0)__PA ,
            analog_term => Net_1422 ,
            annotation => Net_1120 ,
            pad => LPin_p(0)_PAD );
        Properties:
        {
        }

    Pin : Name = refIn(0)
        Attributes:
            In Group/Port: True
            In Sync Option: AUTO
            Out Sync Option: AUTO
            Interrupt generated: False
            Interrupt mode: NONE
            Drive mode: HI_Z_ANALOG
            VTrip: EITHER
            Slew: FAST
            Input Sync needed: False
            Output Sync needed: False
            SC shield enabled: False
            POR State: ANY
            LCD Mode: COMMON
            Register Mode: RegComb
            CaSense Mode: NEITHER
            Treat as pin: True
            Is OE Registered: False
            Uses Analog: True
            Can contain Digital: False
            Is SIO: False
            SIO Output Buf: NONREGULATED
            SIO Input Buf: SINGLE_ENDED
            SIO HiFreq: LOW
            SIO Hyst: DISABLED
            SIO Vtrip: MULTIPLIER_0_5
            SIO Multiplier Index: 0
            SIO RefSel: VCC_IO
            Required Capabilities: ANALOG
            Initial Value: 0
            IO Voltage: 0
        PORT MAP (
            pa_out => refIn(0)__PA ,
            analog_term => Vcomun ,
            annotation => Net_1458 ,
            pad => refIn(0)_PAD );
        Properties:
        {
        }

    Pin : Name = BPin_p(0)
        Attributes:
            In Group/Port: True
            In Sync Option: AUTO
            Out Sync Option: AUTO
            Interrupt generated: False
            Interrupt mode: NONE
            Drive mode: HI_Z_ANALOG
            VTrip: EITHER
            Slew: FAST
            Input Sync needed: False
            Output Sync needed: False
            SC shield enabled: False
            POR State: ANY
            LCD Mode: COMMON
            Register Mode: RegComb
            CaSense Mode: NEITHER
            Treat as pin: True
            Is OE Registered: False
            Uses Analog: True
            Can contain Digital: False
            Is SIO: False
            SIO Output Buf: NONREGULATED
            SIO Input Buf: SINGLE_ENDED
            SIO HiFreq: LOW
            SIO Hyst: DISABLED
            SIO Vtrip: MULTIPLIER_0_5
            SIO Multiplier Index: 0
            SIO RefSel: VCC_IO
            Required Capabilities: ANALOG
            Initial Value: 0
            IO Voltage: 0
        PORT MAP (
            pa_out => BPin_p(0)__PA ,
            analog_term => Net_1399 ,
            annotation => Net_1162 ,
            pad => BPin_p(0)_PAD );
        Properties:
        {
        }

    Pin : Name = BPin_n(0)
        Attributes:
            In Group/Port: True
            In Sync Option: AUTO
            Out Sync Option: AUTO
            Interrupt generated: False
            Interrupt mode: NONE
            Drive mode: HI_Z_ANALOG
            VTrip: EITHER
            Slew: FAST
            Input Sync needed: False
            Output Sync needed: False
            SC shield enabled: False
            POR State: ANY
            LCD Mode: COMMON
            Register Mode: RegComb
            CaSense Mode: NEITHER
            Treat as pin: True
            Is OE Registered: False
            Uses Analog: True
            Can contain Digital: False
            Is SIO: False
            SIO Output Buf: NONREGULATED
            SIO Input Buf: SINGLE_ENDED
            SIO HiFreq: LOW
            SIO Hyst: DISABLED
            SIO Vtrip: MULTIPLIER_0_5
            SIO Multiplier Index: 0
            SIO RefSel: VCC_IO
            Required Capabilities: ANALOG
            Initial Value: 0
            IO Voltage: 0
        PORT MAP (
            pa_out => BPin_n(0)__PA ,
            analog_term => Net_1374 ,
            annotation => Net_1161 ,
            pad => BPin_n(0)_PAD );
        Properties:
        {
        }

    Pin : Name = In_n(0)
        Attributes:
            In Group/Port: True
            In Sync Option: AUTO
            Out Sync Option: AUTO
            Interrupt generated: False
            Interrupt mode: NONE
            Drive mode: HI_Z_ANALOG
            VTrip: EITHER
            Slew: FAST
            Input Sync needed: False
            Output Sync needed: False
            SC shield enabled: False
            POR State: ANY
            LCD Mode: COMMON
            Register Mode: RegComb
            CaSense Mode: NEITHER
            Treat as pin: True
            Is OE Registered: False
            Uses Analog: True
            Can contain Digital: False
            Is SIO: False
            SIO Output Buf: NONREGULATED
            SIO Input Buf: SINGLE_ENDED
            SIO HiFreq: LOW
            SIO Hyst: DISABLED
            SIO Vtrip: MULTIPLIER_0_5
            SIO Multiplier Index: 0
            SIO RefSel: VCC_IO
            Required Capabilities: ANALOG
            Initial Value: 0
            IO Voltage: 0
        PORT MAP (
            pa_out => In_n(0)__PA ,
            analog_term => Net_1176 ,
            annotation => Net_1189 ,
            pad => In_n(0)_PAD );
        Properties:
        {
        }

    Pin : Name = In_p(0)
        Attributes:
            In Group/Port: True
            In Sync Option: AUTO
            Out Sync Option: AUTO
            Interrupt generated: False
            Interrupt mode: NONE
            Drive mode: HI_Z_ANALOG
            VTrip: EITHER
            Slew: FAST
            Input Sync needed: False
            Output Sync needed: False
            SC shield enabled: False
            POR State: ANY
            LCD Mode: COMMON
            Register Mode: RegComb
            CaSense Mode: NEITHER
            Treat as pin: True
            Is OE Registered: False
            Uses Analog: True
            Can contain Digital: False
            Is SIO: False
            SIO Output Buf: NONREGULATED
            SIO Input Buf: SINGLE_ENDED
            SIO HiFreq: LOW
            SIO Hyst: DISABLED
            SIO Vtrip: MULTIPLIER_0_5
            SIO Multiplier Index: 0
            SIO RefSel: VCC_IO
            Required Capabilities: ANALOG
            Initial Value: 0
            IO Voltage: 0
        PORT MAP (
            pa_out => In_p(0)__PA ,
            analog_term => Net_769 ,
            annotation => Net_1190 ,
            pad => In_p(0)_PAD );
        Properties:
        {
        }

    Pin : Name = TIAref_n(0)
        Attributes:
            In Group/Port: True
            In Sync Option: AUTO
            Out Sync Option: AUTO
            Interrupt generated: False
            Interrupt mode: NONE
            Drive mode: HI_Z_ANALOG
            VTrip: EITHER
            Slew: FAST
            Input Sync needed: False
            Output Sync needed: False
            SC shield enabled: False
            POR State: ANY
            LCD Mode: COMMON
            Register Mode: RegComb
            CaSense Mode: NEITHER
            Treat as pin: True
            Is OE Registered: False
            Uses Analog: True
            Can contain Digital: False
            Is SIO: False
            SIO Output Buf: NONREGULATED
            SIO Input Buf: SINGLE_ENDED
            SIO HiFreq: LOW
            SIO Hyst: DISABLED
            SIO Vtrip: MULTIPLIER_0_5
            SIO Multiplier Index: 0
            SIO RefSel: VCC_IO
            Required Capabilities: ANALOG
            Initial Value: 0
            IO Voltage: 0
        PORT MAP (
            pa_out => TIAref_n(0)__PA ,
            analog_term => Net_1473 ,
            annotation => Net_1470 ,
            pad => TIAref_n(0)_PAD );

    Pin : Name = LPin_n(0)
        Attributes:
            In Group/Port: True
            In Sync Option: AUTO
            Out Sync Option: AUTO
            Interrupt generated: False
            Interrupt mode: NONE
            Drive mode: HI_Z_ANALOG
            VTrip: EITHER
            Slew: FAST
            Input Sync needed: False
            Output Sync needed: False
            SC shield enabled: False
            POR State: ANY
            LCD Mode: COMMON
            Register Mode: RegComb
            CaSense Mode: NEITHER
            Treat as pin: True
            Is OE Registered: False
            Uses Analog: True
            Can contain Digital: False
            Is SIO: False
            SIO Output Buf: NONREGULATED
            SIO Input Buf: SINGLE_ENDED
            SIO HiFreq: LOW
            SIO Hyst: DISABLED
            SIO Vtrip: MULTIPLIER_0_5
            SIO Multiplier Index: 0
            SIO RefSel: VCC_IO
            Required Capabilities: ANALOG
            Initial Value: 0
            IO Voltage: 0
        PORT MAP (
            pa_out => LPin_n(0)__PA ,
            analog_term => Net_1410 ,
            annotation => Net_1405 ,
            pad => LPin_n(0)_PAD );
        Properties:
        {
        }

    Pin : Name = LPout_n(0)
        Attributes:
            In Group/Port: True
            In Sync Option: AUTO
            Out Sync Option: AUTO
            Interrupt generated: False
            Interrupt mode: NONE
            Drive mode: HI_Z_ANALOG
            VTrip: EITHER
            Slew: FAST
            Input Sync needed: False
            Output Sync needed: False
            SC shield enabled: False
            POR State: ANY
            LCD Mode: COMMON
            Register Mode: RegComb
            CaSense Mode: NEITHER
            Treat as pin: True
            Is OE Registered: False
            Uses Analog: True
            Can contain Digital: False
            Is SIO: False
            SIO Output Buf: NONREGULATED
            SIO Input Buf: SINGLE_ENDED
            SIO HiFreq: LOW
            SIO Hyst: DISABLED
            SIO Vtrip: MULTIPLIER_0_5
            SIO Multiplier Index: 0
            SIO RefSel: VCC_IO
            Required Capabilities: ANALOG
            Initial Value: 0
            IO Voltage: 0
        PORT MAP (
            pa_out => LPout_n(0)__PA ,
            analog_term => Net_1379 ,
            annotation => Net_1183 ,
            pad => LPout_n(0)_PAD );
        Properties:
        {
        }

    Pin : Name = BPref_p(0)
        Attributes:
            In Group/Port: True
            In Sync Option: AUTO
            Out Sync Option: AUTO
            Interrupt generated: False
            Interrupt mode: NONE
            Drive mode: HI_Z_ANALOG
            VTrip: EITHER
            Slew: FAST
            Input Sync needed: False
            Output Sync needed: False
            SC shield enabled: False
            POR State: ANY
            LCD Mode: COMMON
            Register Mode: RegComb
            CaSense Mode: NEITHER
            Treat as pin: True
            Is OE Registered: False
            Uses Analog: True
            Can contain Digital: False
            Is SIO: False
            SIO Output Buf: NONREGULATED
            SIO Input Buf: SINGLE_ENDED
            SIO HiFreq: LOW
            SIO Hyst: DISABLED
            SIO Vtrip: MULTIPLIER_0_5
            SIO Multiplier Index: 0
            SIO RefSel: VCC_IO
            Required Capabilities: ANALOG
            Initial Value: 0
            IO Voltage: 0
        PORT MAP (
            pa_out => BPref_p(0)__PA ,
            analog_term => Net_1397 ,
            annotation => Net_1448 ,
            pad => BPref_p(0)_PAD );
        Properties:
        {
        }

    Pin : Name = Rx_1(0)
        Attributes:
            In Group/Port: True
            In Sync Option: SYNC
            Out Sync Option: AUTO
            Interrupt generated: False
            Interrupt mode: NONE
            Drive mode: HI_Z_DIGITAL
            VTrip: CMOS
            Slew: FAST
            Input Sync needed: True
            Output Sync needed: False
            SC shield enabled: False
            POR State: ANY
            LCD Mode: COMMON
            Register Mode: RegComb
            CaSense Mode: NEITHER
            Treat as pin: True
            Is OE Registered: False
            Uses Analog: False
            Can contain Digital: True
            Is SIO: False
            SIO Output Buf: NONREGULATED
            SIO Input Buf: SINGLE_ENDED
            SIO HiFreq: LOW
            SIO Hyst: DISABLED
            SIO Vtrip: MULTIPLIER_0_5
            SIO Multiplier Index: 0
            SIO RefSel: VCC_IO
            Required Capabilities: DIGITAL, ROUTABLE
            Initial Value: 0
            IO Voltage: 0
        PORT MAP (
            pa_out => Rx_1(0)__PA ,
            fb => Net_1052 ,
            pad => Rx_1(0)_PAD );
        Properties:
        {
        }

    Pin : Name = Tx_1(0)
        Attributes:
            In Group/Port: True
            In Sync Option: AUTO
            Out Sync Option: NOSYNC
            Interrupt generated: False
            Interrupt mode: NONE
            Drive mode: CMOS_OUT
            VTrip: EITHER
            Slew: FAST
            Input Sync needed: False
            Output Sync needed: False
            SC shield enabled: False
            POR State: ANY
            LCD Mode: COMMON
            Register Mode: RegComb
            CaSense Mode: NEITHER
            Treat as pin: True
            Is OE Registered: False
            Uses Analog: False
            Can contain Digital: True
            Is SIO: False
            SIO Output Buf: NONREGULATED
            SIO Input Buf: SINGLE_ENDED
            SIO HiFreq: LOW
            SIO Hyst: DISABLED
            SIO Vtrip: MULTIPLIER_0_5
            SIO Multiplier Index: 0
            SIO RefSel: VCC_IO
            Required Capabilities: DIGITAL, ROUTABLE
            Initial Value: 1
            IO Voltage: 0
        PORT MAP (
            pa_out => Tx_1(0)__PA ,
            pin_input => Net_1056 ,
            pad => Tx_1(0)_PAD );
        Properties:
        {
        }

    Pin : Name = LPref_n(0)
        Attributes:
            In Group/Port: True
            In Sync Option: AUTO
            Out Sync Option: AUTO
            Interrupt generated: False
            Interrupt mode: NONE
            Drive mode: HI_Z_ANALOG
            VTrip: EITHER
            Slew: FAST
            Input Sync needed: False
            Output Sync needed: False
            SC shield enabled: False
            POR State: ANY
            LCD Mode: COMMON
            Register Mode: RegComb
            CaSense Mode: NEITHER
            Treat as pin: True
            Is OE Registered: False
            Uses Analog: True
            Can contain Digital: False
            Is SIO: False
            SIO Output Buf: NONREGULATED
            SIO Input Buf: SINGLE_ENDED
            SIO HiFreq: LOW
            SIO Hyst: DISABLED
            SIO Vtrip: MULTIPLIER_0_5
            SIO Multiplier Index: 0
            SIO RefSel: VCC_IO
            Required Capabilities: ANALOG
            Initial Value: 0
            IO Voltage: 0
        PORT MAP (
            pa_out => LPref_n(0)__PA ,
            analog_term => Net_1411 ,
            annotation => Net_1486 ,
            pad => LPref_n(0)_PAD );

    Pin : Name = LPref_p(0)
        Attributes:
            In Group/Port: True
            In Sync Option: AUTO
            Out Sync Option: AUTO
            Interrupt generated: False
            Interrupt mode: NONE
            Drive mode: HI_Z_ANALOG
            VTrip: EITHER
            Slew: FAST
            Input Sync needed: False
            Output Sync needed: False
            SC shield enabled: False
            POR State: ANY
            LCD Mode: COMMON
            Register Mode: RegComb
            CaSense Mode: NEITHER
            Treat as pin: True
            Is OE Registered: False
            Uses Analog: True
            Can contain Digital: False
            Is SIO: False
            SIO Output Buf: NONREGULATED
            SIO Input Buf: SINGLE_ENDED
            SIO HiFreq: LOW
            SIO Hyst: DISABLED
            SIO Vtrip: MULTIPLIER_0_5
            SIO Multiplier Index: 0
            SIO RefSel: VCC_IO
            Required Capabilities: ANALOG
            Initial Value: 0
            IO Voltage: 0
        PORT MAP (
            pa_out => LPref_p(0)__PA ,
            analog_term => Net_1441 ,
            annotation => Net_1442 ,
            pad => LPref_p(0)_PAD );

    Pin : Name = TIAref_p(0)
        Attributes:
            In Group/Port: True
            In Sync Option: AUTO
            Out Sync Option: AUTO
            Interrupt generated: False
            Interrupt mode: NONE
            Drive mode: HI_Z_ANALOG
            VTrip: EITHER
            Slew: FAST
            Input Sync needed: False
            Output Sync needed: False
            SC shield enabled: False
            POR State: ANY
            LCD Mode: COMMON
            Register Mode: RegComb
            CaSense Mode: NEITHER
            Treat as pin: True
            Is OE Registered: False
            Uses Analog: True
            Can contain Digital: False
            Is SIO: False
            SIO Output Buf: NONREGULATED
            SIO Input Buf: SINGLE_ENDED
            SIO HiFreq: LOW
            SIO Hyst: DISABLED
            SIO Vtrip: MULTIPLIER_0_5
            SIO Multiplier Index: 0
            SIO RefSel: VCC_IO
            Required Capabilities: ANALOG
            Initial Value: 0
            IO Voltage: 0
        PORT MAP (
            pa_out => TIAref_p(0)__PA ,
            analog_term => Net_1481 ,
            annotation => Net_1471 ,
            pad => TIAref_p(0)_PAD );
    </CYPRESSTAG>
    <CYPRESSTAG name="Macrocell listing" icon="FILE_RPT_EQUATION">

    ------------------------------------------------------------
    Macrocell listing
    ------------------------------------------------------------

    MacroCell: Name=Net_1056, Mode=(Combinatorial)
        Total # of inputs        : 1
        Total # of product terms : 1
            Clock Enable: True
        Main Equation            : 1 pterm
        (
              !\UART_PC:BUART:txn\
        );
        Output = Net_1056 (fanout=1)

    MacroCell: Name=\UART_PC:BUART:counter_load_not\, Mode=(Combinatorial)
        Total # of inputs        : 4
        Total # of product terms : 2
            Clock Enable: True
        Main Equation            : 2 pterms
        !(
              !\UART_PC:BUART:tx_state_1\ * !\UART_PC:BUART:tx_state_0\ * 
              \UART_PC:BUART:tx_bitclk_enable_pre\
            + !\UART_PC:BUART:tx_state_1\ * !\UART_PC:BUART:tx_state_0\ * 
              !\UART_PC:BUART:tx_state_2\
        );
        Output = \UART_PC:BUART:counter_load_not\ (fanout=1)

    MacroCell: Name=\UART_PC:BUART:tx_status_0\, Mode=(Combinatorial)
        Total # of inputs        : 5
        Total # of product terms : 1
            Clock Enable: True
        Main Equation            : 1 pterm
        (
              !\UART_PC:BUART:tx_state_1\ * !\UART_PC:BUART:tx_state_0\ * 
              \UART_PC:BUART:tx_bitclk_enable_pre\ * 
              \UART_PC:BUART:tx_fifo_empty\ * \UART_PC:BUART:tx_state_2\
        );
        Output = \UART_PC:BUART:tx_status_0\ (fanout=1)

    MacroCell: Name=\UART_PC:BUART:tx_status_2\, Mode=(Combinatorial)
        Total # of inputs        : 1
        Total # of product terms : 1
            Clock Enable: True
        Main Equation            : 1 pterm
        (
              !\UART_PC:BUART:tx_fifo_notfull\
        );
        Output = \UART_PC:BUART:tx_status_2\ (fanout=1)

    MacroCell: Name=\UART_PC:BUART:rx_counter_load\, Mode=(Combinatorial)
        Total # of inputs        : 4
        Total # of product terms : 1
            Clock Enable: True
        Main Equation            : 1 pterm
        (
              !\UART_PC:BUART:tx_ctrl_mark_last\ * 
              !\UART_PC:BUART:rx_state_0\ * !\UART_PC:BUART:rx_state_3\ * 
              !\UART_PC:BUART:rx_state_2\
        );
        Output = \UART_PC:BUART:rx_counter_load\ (fanout=1)

    MacroCell: Name=\UART_PC:BUART:rx_postpoll\, Mode=(Combinatorial)
        Total # of inputs        : 3
        Total # of product terms : 2
            Clock Enable: True
        Main Equation            : 2 pterms
        (
              \UART_PC:BUART:pollcount_1\
            + Net_1052 * \UART_PC:BUART:pollcount_0\
        );
        Output = \UART_PC:BUART:rx_postpoll\ (fanout=1)

    MacroCell: Name=\UART_PC:BUART:rx_status_4\, Mode=(Combinatorial)
        Total # of inputs        : 2
        Total # of product terms : 1
            Clock Enable: True
        Main Equation            : 1 pterm
        (
              \UART_PC:BUART:rx_load_fifo\ * \UART_PC:BUART:rx_fifofull\
        );
        Output = \UART_PC:BUART:rx_status_4\ (fanout=1)

    MacroCell: Name=\UART_PC:BUART:rx_status_5\, Mode=(Combinatorial)
        Total # of inputs        : 2
        Total # of product terms : 1
            Clock Enable: True
        Main Equation            : 1 pterm
        (
              \UART_PC:BUART:rx_fifonotempty\ * 
              \UART_PC:BUART:rx_state_stop1_reg\
        );
        Output = \UART_PC:BUART:rx_status_5\ (fanout=1)

    MacroCell: Name=__ONE__, Mode=(Combinatorial)
        Total # of inputs        : 0
        Total # of product terms : 0
            Clock Enable: True
        Main Equation            : 0 pterms
        !(
            0
        );
        Output = __ONE__ (fanout=1)

    MacroCell: Name=\UART_PC:BUART:txn\, Mode=(D-Register)
        Total # of inputs        : 7
        Total # of product terms : 5
        List of special equations: 
            Clock  = (\UART_PC:Net_9\) => Global
            Clock Enable: True
        Main Equation            : 5 pterms
        (
              \UART_PC:BUART:txn\ * \UART_PC:BUART:tx_state_1\ * 
              !\UART_PC:BUART:tx_bitclk\
            + \UART_PC:BUART:txn\ * \UART_PC:BUART:tx_state_2\
            + !\UART_PC:BUART:tx_state_1\ * \UART_PC:BUART:tx_state_0\ * 
              !\UART_PC:BUART:tx_shift_out\ * !\UART_PC:BUART:tx_state_2\
            + !\UART_PC:BUART:tx_state_1\ * \UART_PC:BUART:tx_state_0\ * 
              !\UART_PC:BUART:tx_state_2\ * !\UART_PC:BUART:tx_bitclk\
            + \UART_PC:BUART:tx_state_1\ * !\UART_PC:BUART:tx_state_0\ * 
              !\UART_PC:BUART:tx_shift_out\ * !\UART_PC:BUART:tx_state_2\ * 
              !\UART_PC:BUART:tx_counter_dp\ * \UART_PC:BUART:tx_bitclk\
        );
        Output = \UART_PC:BUART:txn\ (fanout=2)

    MacroCell: Name=\UART_PC:BUART:tx_state_1\, Mode=(T-Register)
        Total # of inputs        : 6
        Total # of product terms : 3
        List of special equations: 
            Clock  = (\UART_PC:Net_9\) => Global
            Clock Enable: True
        Main Equation            : 3 pterms
        (
              \UART_PC:BUART:tx_state_1\ * \UART_PC:BUART:tx_state_0\ * 
              \UART_PC:BUART:tx_bitclk_enable_pre\ * 
              \UART_PC:BUART:tx_state_2\
            + \UART_PC:BUART:tx_state_1\ * !\UART_PC:BUART:tx_state_2\ * 
              \UART_PC:BUART:tx_counter_dp\ * \UART_PC:BUART:tx_bitclk\
            + \UART_PC:BUART:tx_state_0\ * !\UART_PC:BUART:tx_state_2\ * 
              \UART_PC:BUART:tx_bitclk\
        );
        Output = \UART_PC:BUART:tx_state_1\ (fanout=8)

    MacroCell: Name=\UART_PC:BUART:tx_state_0\, Mode=(T-Register)
        Total # of inputs        : 6
        Total # of product terms : 4
        List of special equations: 
            Clock  = (\UART_PC:Net_9\) => Global
            Clock Enable: True
        Main Equation            : 4 pterms
        (
              !\UART_PC:BUART:tx_state_1\ * !\UART_PC:BUART:tx_state_0\ * 
              \UART_PC:BUART:tx_bitclk_enable_pre\ * 
              !\UART_PC:BUART:tx_fifo_empty\
            + !\UART_PC:BUART:tx_state_1\ * !\UART_PC:BUART:tx_state_0\ * 
              !\UART_PC:BUART:tx_fifo_empty\ * !\UART_PC:BUART:tx_state_2\
            + \UART_PC:BUART:tx_state_1\ * \UART_PC:BUART:tx_state_0\ * 
              \UART_PC:BUART:tx_bitclk_enable_pre\ * 
              \UART_PC:BUART:tx_fifo_empty\ * \UART_PC:BUART:tx_state_2\
            + \UART_PC:BUART:tx_state_0\ * !\UART_PC:BUART:tx_state_2\ * 
              \UART_PC:BUART:tx_bitclk\
        );
        Output = \UART_PC:BUART:tx_state_0\ (fanout=8)

    MacroCell: Name=\UART_PC:BUART:tx_state_2\, Mode=(T-Register)
        Total # of inputs        : 6
        Total # of product terms : 4
        List of special equations: 
            Clock  = (\UART_PC:Net_9\) => Global
            Clock Enable: True
        Main Equation            : 4 pterms
        (
              !\UART_PC:BUART:tx_state_1\ * !\UART_PC:BUART:tx_state_0\ * 
              \UART_PC:BUART:tx_bitclk_enable_pre\ * 
              \UART_PC:BUART:tx_state_2\
            + \UART_PC:BUART:tx_state_1\ * \UART_PC:BUART:tx_state_0\ * 
              \UART_PC:BUART:tx_bitclk_enable_pre\ * 
              \UART_PC:BUART:tx_state_2\
            + \UART_PC:BUART:tx_state_1\ * \UART_PC:BUART:tx_state_0\ * 
              !\UART_PC:BUART:tx_state_2\ * \UART_PC:BUART:tx_bitclk\
            + \UART_PC:BUART:tx_state_1\ * !\UART_PC:BUART:tx_state_2\ * 
              \UART_PC:BUART:tx_counter_dp\ * \UART_PC:BUART:tx_bitclk\
        );
        Output = \UART_PC:BUART:tx_state_2\ (fanout=7)

    MacroCell: Name=\UART_PC:BUART:tx_bitclk\, Mode=(D-Register)
        Total # of inputs        : 4
        Total # of product terms : 2
        List of special equations: 
            Clock  = (\UART_PC:Net_9\) => Global
            Clock Enable: True
        Main Equation            : 2 pterms
        !(
              !\UART_PC:BUART:tx_state_1\ * !\UART_PC:BUART:tx_state_0\ * 
              \UART_PC:BUART:tx_state_2\
            + !\UART_PC:BUART:tx_bitclk_enable_pre\
        );
        Output = \UART_PC:BUART:tx_bitclk\ (fanout=4)

    MacroCell: Name=\UART_PC:BUART:tx_ctrl_mark_last\, Mode=(T-Register)
        Total # of inputs        : 0
        Total # of product terms : 0
        List of special equations: 
            Clock  = (\UART_PC:Net_9\) => Global
            Clock Enable: True
        Main Equation            : 0 pterms
        (
            0
        );
        Output = \UART_PC:BUART:tx_ctrl_mark_last\ (fanout=8)

    MacroCell: Name=\UART_PC:BUART:rx_state_0\, Mode=(T-Register)
        Total # of inputs        : 11
        Total # of product terms : 4
        List of special equations: 
            Clock  = (\UART_PC:Net_9\) => Global
            Clock Enable: True
        Main Equation            : 4 pterms
        (
              !\UART_PC:BUART:tx_ctrl_mark_last\ * 
              !\UART_PC:BUART:rx_state_0\ * \UART_PC:BUART:rx_bitclk_enable\ * 
              !\UART_PC:BUART:rx_state_3\ * \UART_PC:BUART:rx_state_2\ * 
              !\UART_PC:BUART:pollcount_1\ * !Net_1052
            + !\UART_PC:BUART:tx_ctrl_mark_last\ * 
              !\UART_PC:BUART:rx_state_0\ * \UART_PC:BUART:rx_bitclk_enable\ * 
              !\UART_PC:BUART:rx_state_3\ * \UART_PC:BUART:rx_state_2\ * 
              !\UART_PC:BUART:pollcount_1\ * !\UART_PC:BUART:pollcount_0\
            + !\UART_PC:BUART:tx_ctrl_mark_last\ * \UART_PC:BUART:rx_state_0\ * 
              !\UART_PC:BUART:rx_state_3\ * !\UART_PC:BUART:rx_state_2\ * 
              !\UART_PC:BUART:rx_count_6\ * !\UART_PC:BUART:rx_count_5\
            + !\UART_PC:BUART:tx_ctrl_mark_last\ * \UART_PC:BUART:rx_state_0\ * 
              !\UART_PC:BUART:rx_state_3\ * !\UART_PC:BUART:rx_state_2\ * 
              !\UART_PC:BUART:rx_count_6\ * !\UART_PC:BUART:rx_count_4\
        );
        Output = \UART_PC:BUART:rx_state_0\ (fanout=8)

    MacroCell: Name=\UART_PC:BUART:rx_load_fifo\, Mode=(D-Register)
        Total # of inputs        : 8
        Total # of product terms : 3
        List of special equations: 
            Clock  = (\UART_PC:Net_9\) => Global
            Clock Enable: True
        Main Equation            : 3 pterms
        (
              !\UART_PC:BUART:tx_ctrl_mark_last\ * 
              !\UART_PC:BUART:rx_state_0\ * \UART_PC:BUART:rx_bitclk_enable\ * 
              \UART_PC:BUART:rx_state_3\ * !\UART_PC:BUART:rx_state_2\
            + !\UART_PC:BUART:tx_ctrl_mark_last\ * \UART_PC:BUART:rx_state_0\ * 
              !\UART_PC:BUART:rx_state_3\ * !\UART_PC:BUART:rx_state_2\ * 
              !\UART_PC:BUART:rx_count_6\ * !\UART_PC:BUART:rx_count_5\
            + !\UART_PC:BUART:tx_ctrl_mark_last\ * \UART_PC:BUART:rx_state_0\ * 
              !\UART_PC:BUART:rx_state_3\ * !\UART_PC:BUART:rx_state_2\ * 
              !\UART_PC:BUART:rx_count_6\ * !\UART_PC:BUART:rx_count_4\
        );
        Output = \UART_PC:BUART:rx_load_fifo\ (fanout=2)

    MacroCell: Name=\UART_PC:BUART:rx_state_3\, Mode=(T-Register)
        Total # of inputs        : 8
        Total # of product terms : 3
        List of special equations: 
            Clock  = (\UART_PC:Net_9\) => Global
            Clock Enable: True
        Main Equation            : 3 pterms
        (
              !\UART_PC:BUART:tx_ctrl_mark_last\ * 
              !\UART_PC:BUART:rx_state_0\ * \UART_PC:BUART:rx_bitclk_enable\ * 
              \UART_PC:BUART:rx_state_3\ * \UART_PC:BUART:rx_state_2\
            + !\UART_PC:BUART:tx_ctrl_mark_last\ * \UART_PC:BUART:rx_state_0\ * 
              !\UART_PC:BUART:rx_state_3\ * !\UART_PC:BUART:rx_state_2\ * 
              !\UART_PC:BUART:rx_count_6\ * !\UART_PC:BUART:rx_count_5\
            + !\UART_PC:BUART:tx_ctrl_mark_last\ * \UART_PC:BUART:rx_state_0\ * 
              !\UART_PC:BUART:rx_state_3\ * !\UART_PC:BUART:rx_state_2\ * 
              !\UART_PC:BUART:rx_count_6\ * !\UART_PC:BUART:rx_count_4\
        );
        Output = \UART_PC:BUART:rx_state_3\ (fanout=7)

    MacroCell: Name=\UART_PC:BUART:rx_state_2\, Mode=(T-Register)
        Total # of inputs        : 10
        Total # of product terms : 5
        List of special equations: 
            Clock  = (\UART_PC:Net_9\) => Global
            Clock Enable: True
        Main Equation            : 5 pterms
        (
              !\UART_PC:BUART:tx_ctrl_mark_last\ * 
              !\UART_PC:BUART:rx_state_0\ * \UART_PC:BUART:rx_bitclk_enable\ * 
              \UART_PC:BUART:rx_state_3\
            + !\UART_PC:BUART:tx_ctrl_mark_last\ * 
              !\UART_PC:BUART:rx_state_0\ * \UART_PC:BUART:rx_bitclk_enable\ * 
              \UART_PC:BUART:rx_state_2\
            + !\UART_PC:BUART:tx_ctrl_mark_last\ * 
              !\UART_PC:BUART:rx_state_0\ * !\UART_PC:BUART:rx_state_3\ * 
              !\UART_PC:BUART:rx_state_2\ * !Net_1052 * 
              \UART_PC:BUART:rx_last\
            + !\UART_PC:BUART:tx_ctrl_mark_last\ * \UART_PC:BUART:rx_state_0\ * 
              !\UART_PC:BUART:rx_state_3\ * !\UART_PC:BUART:rx_state_2\ * 
              !\UART_PC:BUART:rx_count_6\ * !\UART_PC:BUART:rx_count_5\
            + !\UART_PC:BUART:tx_ctrl_mark_last\ * \UART_PC:BUART:rx_state_0\ * 
              !\UART_PC:BUART:rx_state_3\ * !\UART_PC:BUART:rx_state_2\ * 
              !\UART_PC:BUART:rx_count_6\ * !\UART_PC:BUART:rx_count_4\
        );
        Output = \UART_PC:BUART:rx_state_2\ (fanout=7)

    MacroCell: Name=\UART_PC:BUART:rx_bitclk_enable\, Mode=(D-Register)
        Total # of inputs        : 3
        Total # of product terms : 1
        List of special equations: 
            Clock  = (\UART_PC:Net_9\) => Global
            Clock Enable: True
        Main Equation            : 1 pterm
        (
              !\UART_PC:BUART:rx_count_2\ * !\UART_PC:BUART:rx_count_1\ * 
              !\UART_PC:BUART:rx_count_0\
        );
        Output = \UART_PC:BUART:rx_bitclk_enable\ (fanout=6)

    MacroCell: Name=\UART_PC:BUART:rx_state_stop1_reg\, Mode=(D-Register)
        Total # of inputs        : 4
        Total # of product terms : 1
        List of special equations: 
            Clock  = (\UART_PC:Net_9\) => Global
            Clock Enable: True
        Main Equation            : 1 pterm
        !(
              !\UART_PC:BUART:tx_ctrl_mark_last\ * 
              !\UART_PC:BUART:rx_state_0\ * \UART_PC:BUART:rx_state_3\ * 
              \UART_PC:BUART:rx_state_2\
        );
        Output = \UART_PC:BUART:rx_state_stop1_reg\ (fanout=1)

    MacroCell: Name=\UART_PC:BUART:pollcount_1\, Mode=(D-Register)
        Total # of inputs        : 5
        Total # of product terms : 3
        List of special equations: 
            Clock  = (\UART_PC:Net_9\) => Global
            Clock Enable: True
        Main Equation            : 3 pterms
        (
              !\UART_PC:BUART:rx_count_2\ * !\UART_PC:BUART:rx_count_1\ * 
              !\UART_PC:BUART:pollcount_1\ * Net_1052 * 
              \UART_PC:BUART:pollcount_0\
            + !\UART_PC:BUART:rx_count_2\ * !\UART_PC:BUART:rx_count_1\ * 
              \UART_PC:BUART:pollcount_1\ * !Net_1052
            + !\UART_PC:BUART:rx_count_2\ * !\UART_PC:BUART:rx_count_1\ * 
              \UART_PC:BUART:pollcount_1\ * !\UART_PC:BUART:pollcount_0\
        );
        Output = \UART_PC:BUART:pollcount_1\ (fanout=4)

    MacroCell: Name=\UART_PC:BUART:pollcount_0\, Mode=(D-Register)
        Total # of inputs        : 4
        Total # of product terms : 2
        List of special equations: 
            Clock  = (\UART_PC:Net_9\) => Global
            Clock Enable: True
        Main Equation            : 2 pterms
        (
              !\UART_PC:BUART:rx_count_2\ * !\UART_PC:BUART:rx_count_1\ * 
              !Net_1052 * \UART_PC:BUART:pollcount_0\
            + !\UART_PC:BUART:rx_count_2\ * !\UART_PC:BUART:rx_count_1\ * 
              Net_1052 * !\UART_PC:BUART:pollcount_0\
        );
        Output = \UART_PC:BUART:pollcount_0\ (fanout=5)

    MacroCell: Name=\UART_PC:BUART:rx_status_3\, Mode=(D-Register)
        Total # of inputs        : 8
        Total # of product terms : 2
        List of special equations: 
            Clock  = (\UART_PC:Net_9\) => Global
            Clock Enable: True
        Main Equation            : 2 pterms
        (
              !\UART_PC:BUART:tx_ctrl_mark_last\ * 
              !\UART_PC:BUART:rx_state_0\ * \UART_PC:BUART:rx_bitclk_enable\ * 
              \UART_PC:BUART:rx_state_3\ * \UART_PC:BUART:rx_state_2\ * 
              !\UART_PC:BUART:pollcount_1\ * !Net_1052
            + !\UART_PC:BUART:tx_ctrl_mark_last\ * 
              !\UART_PC:BUART:rx_state_0\ * \UART_PC:BUART:rx_bitclk_enable\ * 
              \UART_PC:BUART:rx_state_3\ * \UART_PC:BUART:rx_state_2\ * 
              !\UART_PC:BUART:pollcount_1\ * !\UART_PC:BUART:pollcount_0\
        );
        Output = \UART_PC:BUART:rx_status_3\ (fanout=1)

    MacroCell: Name=\UART_PC:BUART:rx_last\, Mode=(D-Register)
        Total # of inputs        : 1
        Total # of product terms : 1
        List of special equations: 
            Clock  = (\UART_PC:Net_9\) => Global
            Clock Enable: True
        Main Equation            : 1 pterm
        (
              Net_1052
        );
        Output = \UART_PC:BUART:rx_last\ (fanout=1)
    </CYPRESSTAG>
    <CYPRESSTAG name="Datapath listing">

    ------------------------------------------------------------
    Datapath listing
    ------------------------------------------------------------

    datapathcell: Name =\UART_PC:BUART:sTX:TxShifter:u0\
        PORT MAP (
            clock => \UART_PC:Net_9\ ,
            cs_addr_2 => \UART_PC:BUART:tx_state_1\ ,
            cs_addr_1 => \UART_PC:BUART:tx_state_0\ ,
            cs_addr_0 => \UART_PC:BUART:tx_bitclk_enable_pre\ ,
            so_comb => \UART_PC:BUART:tx_shift_out\ ,
            f0_bus_stat_comb => \UART_PC:BUART:tx_fifo_notfull\ ,
            f0_blk_stat_comb => \UART_PC:BUART:tx_fifo_empty\ );
        Properties:
        {
            a0_init = "00000000"
            a1_init = "00000000"
            ce0_sync = 1
            ce1_sync = 1
            cl0_sync = 1
            cl1_sync = 1
            cmsb_sync = 1
            co_msb_sync = 1
            cy_dpconfig = "0000000000000000000000000000000000000000000000000000000011000000000000000000000000000010010000000000000000000000000000000000000011111111000000001111111111111111000000000000000001000100111100000000000000001100"
            d0_init = "00000000"
            d1_init = "00000000"
            f0_blk_sync = 1
            f0_bus_sync = 1
            f1_blk_sync = 1
            f1_bus_sync = 1
            ff0_sync = 1
            ff1_sync = 1
            ov_msb_sync = 1
            so_sync = 1
            z0_sync = 1
            z1_sync = 1
        }
        Clock Polarity: Active High
        Clock Enable: True

    datapathcell: Name =\UART_PC:BUART:sTX:sCLOCK:TxBitClkGen\
        PORT MAP (
            clock => \UART_PC:Net_9\ ,
            cs_addr_0 => \UART_PC:BUART:counter_load_not\ ,
            ce0_reg => \UART_PC:BUART:tx_bitclk_enable_pre\ ,
            ce1_reg => \UART_PC:BUART:tx_counter_dp\ );
        Properties:
        {
            a0_init = "00000000"
            a1_init = "00000000"
            ce0_sync = 1
            ce1_sync = 1
            cl0_sync = 1
            cl1_sync = 1
            cmsb_sync = 1
            co_msb_sync = 1
            cy_dpconfig = "1010100001000000001000000100000000000000000000000000000000000000000000000000000000000000000000000000000000000000000000000000000011111111000000001111111100000111001000000100000000000101111100000000000000001000"
            d0_init = "00000000"
            d1_init = "00000000"
            f0_blk_sync = 1
            f0_bus_sync = 1
            f1_blk_sync = 1
            f1_bus_sync = 1
            ff0_sync = 1
            ff1_sync = 1
            ov_msb_sync = 1
            so_sync = 1
            z0_sync = 1
            z1_sync = 1
        }
        Clock Polarity: Active High
        Clock Enable: True

    datapathcell: Name =\UART_PC:BUART:sRX:RxShifter:u0\
        PORT MAP (
            clock => \UART_PC:Net_9\ ,
            cs_addr_2 => \UART_PC:BUART:tx_ctrl_mark_last\ ,
            cs_addr_1 => \UART_PC:BUART:rx_state_0\ ,
            cs_addr_0 => \UART_PC:BUART:rx_bitclk_enable\ ,
            route_si => \UART_PC:BUART:rx_postpoll\ ,
            f0_load => \UART_PC:BUART:rx_load_fifo\ ,
            f0_bus_stat_comb => \UART_PC:BUART:rx_fifonotempty\ ,
            f0_blk_stat_comb => \UART_PC:BUART:rx_fifofull\ );
        Properties:
        {
            a0_init = "00000000"
            a1_init = "00000000"
            ce0_sync = 1
            ce1_sync = 1
            cl0_sync = 1
            cl1_sync = 1
            cmsb_sync = 1
            co_msb_sync = 1
            cy_dpconfig = "0000000000000000000000000000000000000000000000000000001001000000000100000000000000010000001100000001000000000000000100100001000011111111000000001111111111111111101000000110001001000001111100000000000000001100"
            d0_init = "00000000"
            d1_init = "00000000"
            f0_blk_sync = 1
            f0_bus_sync = 1
            f1_blk_sync = 1
            f1_bus_sync = 1
            ff0_sync = 1
            ff1_sync = 1
            ov_msb_sync = 1
            so_sync = 1
            z0_sync = 1
            z1_sync = 1
        }
        Clock Polarity: Active High
        Clock Enable: True
    </CYPRESSTAG>
    <CYPRESSTAG name="Status register listing">
    </CYPRESSTAG>
    <CYPRESSTAG name="StatusI register listing">

    ------------------------------------------------------------
    StatusI register listing
    ------------------------------------------------------------

    statusicell: Name =\UART_PC:BUART:sTX:TxSts\
        PORT MAP (
            clock => \UART_PC:Net_9\ ,
            status_3 => \UART_PC:BUART:tx_fifo_notfull\ ,
            status_2 => \UART_PC:BUART:tx_status_2\ ,
            status_1 => \UART_PC:BUART:tx_fifo_empty\ ,
            status_0 => \UART_PC:BUART:tx_status_0\ );
        Properties:
        {
            cy_force_order = 1
            cy_int_mask = "1111111"
            cy_md_select = "0000001"
        }
        Clock Polarity: Active High
        Clock Enable: True

    statusicell: Name =\UART_PC:BUART:sRX:RxSts\
        PORT MAP (
            clock => \UART_PC:Net_9\ ,
            status_5 => \UART_PC:BUART:rx_status_5\ ,
            status_4 => \UART_PC:BUART:rx_status_4\ ,
            status_3 => \UART_PC:BUART:rx_status_3\ );
        Properties:
        {
            cy_force_order = 1
            cy_int_mask = "1111111"
            cy_md_select = "1011111"
        }
        Clock Polarity: Active High
        Clock Enable: True
    </CYPRESSTAG>
    <CYPRESSTAG name="Sync listing">
    </CYPRESSTAG>
    <CYPRESSTAG name="Control register listing">
    </CYPRESSTAG>
    <CYPRESSTAG name="Count7 listing">

    ------------------------------------------------------------
    Count7 listing
    ------------------------------------------------------------

    count7cell: Name =\UART_PC:BUART:sRX:RxBitCounter\
        PORT MAP (
            clock => \UART_PC:Net_9\ ,
            load => \UART_PC:BUART:rx_counter_load\ ,
            count_6 => \UART_PC:BUART:rx_count_6\ ,
            count_5 => \UART_PC:BUART:rx_count_5\ ,
            count_4 => \UART_PC:BUART:rx_count_4\ ,
            count_3 => \UART_PC:BUART:rx_count_3\ ,
            count_2 => \UART_PC:BUART:rx_count_2\ ,
            count_1 => \UART_PC:BUART:rx_count_1\ ,
            count_0 => \UART_PC:BUART:rx_count_0\ ,
            tc => \UART_PC:BUART:rx_count7_tc\ );
        Properties:
        {
            cy_alt_mode = 0
            cy_init_value = "0000000"
            cy_period = "1110010"
            cy_route_en = 1
            cy_route_ld = 1
        }
        Clock Polarity: Active High
        Clock Enable: True
    </CYPRESSTAG>
    <CYPRESSTAG name="DRQ listing">
    </CYPRESSTAG>
    <CYPRESSTAG name="Interrupt listing">

    ------------------------------------------------------------
    Interrupt listing
    ------------------------------------------------------------

    interrupt: Name =\ADC_DelSig:IRQ\
        PORT MAP (
            interrupt => Net_1211 );
        Properties:
        {
            int_type = "10"
            is_nmi = 0
        }

    interrupt: Name =isr_DelSig
        PORT MAP (
            interrupt => Net_1211 );
        Properties:
        {
            int_type = "10"
            is_nmi = 0
        }

    interrupt: Name =isr_Filter
        PORT MAP (
            interrupt => Net_1061 );
        Properties:
        {
            int_type = "10"
            is_nmi = 0
        }
    </CYPRESSTAG>
</CYPRESSTAG>
<CYPRESSTAG name="Technology mapping summary" expanded>

------------------------------------------------------------
Technology mapping summary
------------------------------------------------------------

Resource Type                 : Used : Free :  Max :  % Used
============================================================
Digital Clocks                :    2 :    6 :    8 : 25.00 %
Analog Clocks                 :    1 :    3 :    4 : 25.00 %
CapSense Buffers              :    0 :    2 :    2 :  0.00 %
Digital Filter Block          :    1 :    0 :    1 : 100.00 %
Interrupts                    :    3 :   29 :   32 :  9.38 %
IO                            :   26 :   22 :   48 : 54.17 %
Segment LCD                   :    0 :    1 :    1 :  0.00 %
CAN 2.0b                      :    0 :    1 :    1 :  0.00 %
I2C                           :    0 :    1 :    1 :  0.00 %
USB                           :    0 :    1 :    1 :  0.00 %
DMA Channels                  :    0 :   24 :   24 :  0.00 %
Timer                         :    0 :    4 :    4 :  0.00 %
UDB                           :      :      :      :        
  Macrocells                  :   25 :  167 :  192 : 13.02 %
  Unique P-terms              :   44 :  340 :  384 : 11.46 %
  Total P-terms               :   53 :      :      :        
  Datapath Cells              :    3 :   21 :   24 : 12.50 %
  Status Cells                :    3 :   21 :   24 : 12.50 %
    StatusI Registers         :    2 :      :      :        
    Routed Count7 Load/Enable :    1 :      :      :        
  Control Cells               :    1 :   23 :   24 :  4.17 %
    Count7 Cells              :    1 :      :      :        
Opamp                         :    3 :    1 :    4 : 75.00 %
Comparator                    :    0 :    4 :    4 :  0.00 %
Delta-Sigma ADC               :    1 :    0 :    1 : 100.00 %
LPF                           :    0 :    2 :    2 :  0.00 %
SAR ADC                       :    0 :    2 :    2 :  0.00 %
Analog (SC/CT) Blocks         :    4 :    0 :    4 : 100.00 %
DAC                           :      :      :      :        
  VIDAC                       :    2 :    2 :    4 : 50.00 %
</CYPRESSTAG>
Technology Mapping: Elapsed time ==> 0s.083ms
Tech Mapping phase: Elapsed time ==> 0s.128ms
</CYPRESSTAG>
<CYPRESSTAG name="Analog Placement">
Initial Analog Placement Results:
IO_4@[IOP=(15)][IoId=(4)] : ADC_n(0) (fixed)
IO_5@[IOP=(15)][IoId=(5)] : ADC_p(0) (fixed)
IO_3@[IOP=(0)][IoId=(3)] : BPin_n(0) (fixed)
IO_5@[IOP=(0)][IoId=(5)] : BPin_p(0) (fixed)
IO_1@[IOP=(0)][IoId=(1)] : BPout_n(0) (fixed)
IO_0@[IOP=(0)][IoId=(0)] : BPout_p(0) (fixed)
IO_2@[IOP=(0)][IoId=(2)] : BPref_n(0) (fixed)
IO_4@[IOP=(0)][IoId=(4)] : BPref_p(0) (fixed)
IO_6@[IOP=(0)][IoId=(6)] : FDA_n(0) (fixed)
IO_7@[IOP=(0)][IoId=(7)] : FDA_p(0) (fixed)
IO_0@[IOP=(3)][IoId=(0)] : In_n(0) (fixed)
IO_1@[IOP=(3)][IoId=(1)] : In_p(0) (fixed)
IO_2@[IOP=(3)][IoId=(2)] : LPin_n(0) (fixed)
IO_3@[IOP=(3)][IoId=(3)] : LPin_p(0) (fixed)
IO_4@[IOP=(3)][IoId=(4)] : LPout_n(0) (fixed)
IO_5@[IOP=(3)][IoId=(5)] : LPout_p(0) (fixed)
IO_6@[IOP=(12)][IoId=(6)] : Rx_1(0) (fixed)
IO_7@[IOP=(12)][IoId=(7)] : Tx_1(0) (fixed)
IO_7@[IOP=(3)][IoId=(7)] : refIn(0) (fixed)
OpAmp[3]@[FFB(OpAmp,3)] : \Opa_ref:ABuf\ (fixed)
OpAmp[2]@[FFB(OpAmp,2)] : \OpaBP_p:ABuf\ (fixed)
OpAmp[0]@[FFB(OpAmp,0)] : \OpaBP_n:ABuf\ (fixed)
IO_2@[IOP=(2)][IoId=(2)] : LPref_n(0)
IO_4@[IOP=(2)][IoId=(4)] : LPref_p(0)
IO_4@[IOP=(1)][IoId=(4)] : TIAref_n(0)
IO_6@[IOP=(3)][IoId=(6)] : TIAref_p(0)
DSM[0]@[FFB(DSM,0)] : \ADC_DelSig:DSM\
SC[3]@[FFB(SC,3)] : \PGA_n:SC\
SC[0]@[FFB(SC,0)] : \PGA_p:SC\
SC[2]@[FFB(SC,2)] : \TIA_n:SC\
SC[1]@[FFB(SC,1)] : \TIA_p:SC\
VIDAC[0]@[FFB(VIDAC,0)] : \VDAC_n:viDAC8\
VIDAC[1]@[FFB(VIDAC,1)] : \VDAC_p:viDAC8\
Vref[1]@[FFB(Vref,1)] : vRef_1
Log: apr.M0058: The analog placement iterative improvement is 41% done. (App=cydsfit)
Log: apr.M0058: The analog placement iterative improvement is 79% done. (App=cydsfit)
Analog Placement Results:
IO_4@[IOP=(15)][IoId=(4)] : ADC_n(0) (fixed)
IO_5@[IOP=(15)][IoId=(5)] : ADC_p(0) (fixed)
IO_3@[IOP=(0)][IoId=(3)] : BPin_n(0) (fixed)
IO_5@[IOP=(0)][IoId=(5)] : BPin_p(0) (fixed)
IO_1@[IOP=(0)][IoId=(1)] : BPout_n(0) (fixed)
IO_0@[IOP=(0)][IoId=(0)] : BPout_p(0) (fixed)
IO_2@[IOP=(0)][IoId=(2)] : BPref_n(0) (fixed)
IO_4@[IOP=(0)][IoId=(4)] : BPref_p(0) (fixed)
IO_6@[IOP=(0)][IoId=(6)] : FDA_n(0) (fixed)
IO_7@[IOP=(0)][IoId=(7)] : FDA_p(0) (fixed)
IO_0@[IOP=(3)][IoId=(0)] : In_n(0) (fixed)
IO_1@[IOP=(3)][IoId=(1)] : In_p(0) (fixed)
IO_2@[IOP=(3)][IoId=(2)] : LPin_n(0) (fixed)
IO_3@[IOP=(3)][IoId=(3)] : LPin_p(0) (fixed)
IO_4@[IOP=(3)][IoId=(4)] : LPout_n(0) (fixed)
IO_5@[IOP=(3)][IoId=(5)] : LPout_p(0) (fixed)
IO_6@[IOP=(12)][IoId=(6)] : Rx_1(0) (fixed)
IO_7@[IOP=(12)][IoId=(7)] : Tx_1(0) (fixed)
IO_7@[IOP=(3)][IoId=(7)] : refIn(0) (fixed)
OpAmp[3]@[FFB(OpAmp,3)] : \Opa_ref:ABuf\ (fixed)
OpAmp[2]@[FFB(OpAmp,2)] : \OpaBP_p:ABuf\ (fixed)
OpAmp[0]@[FFB(OpAmp,0)] : \OpaBP_n:ABuf\ (fixed)
IO_2@[IOP=(2)][IoId=(2)] : LPref_n(0)
IO_6@[IOP=(1)][IoId=(6)] : LPref_p(0)
IO_1@[IOP=(2)][IoId=(1)] : TIAref_n(0)
IO_7@[IOP=(1)][IoId=(7)] : TIAref_p(0)
DSM[0]@[FFB(DSM,0)] : \ADC_DelSig:DSM\
SC[3]@[FFB(SC,3)] : \PGA_n:SC\
SC[2]@[FFB(SC,2)] : \PGA_p:SC\
SC[0]@[FFB(SC,0)] : \TIA_n:SC\
SC[1]@[FFB(SC,1)] : \TIA_p:SC\
VIDAC[0]@[FFB(VIDAC,0)] : \VDAC_n:viDAC8\
VIDAC[1]@[FFB(VIDAC,1)] : \VDAC_p:viDAC8\
Vref[1]@[FFB(Vref,1)] : vRef_1

Analog Placement phase: Elapsed time ==> 1s.556ms
</CYPRESSTAG>
<CYPRESSTAG name="Analog Routing">
Net "Net_1124" overuses wire "sc3 out Wire"
Net "Net_1124" overuses wire "AGR[6]"
Net "Net_1124" overuses wire "AGL2AGR[6] Sw__0b"
Net "Net_1124" overuses wire "AGL[6]"
Net "Net_1176" overuses wire "AGR[4]"
Net "Net_769" overuses wire "sc3 out Wire"
Net "Net_769" overuses wire "AGR[4]"
Net "Net_1410" overuses wire "AGL[6]"
Net "Net_1410" overuses wire "AGL2AGR[6] Sw__0b"
Net "Net_1410" overuses wire "AGR[6]"
Net "Net_1422" overuses wire "sc1 Vin Wire"
Net "Net_1422" overuses wire "AGR[7]"
Net "Net_1379" overuses wire "sc1 Vin Wire"
Net "Net_1379" overuses wire "AGR[4]"
Net "Vcomun" overuses wire "AGR[7]"
Net "Vcomun" overuses wire "AGR[7]"
Net "Net_143" overuses wire "AGL[5]"
Net "Net_1124" overuses wire "sc2 Vin Wire"
Net "Net_1124" overuses wire "AGL[6]"
Net "Net_769" overuses wire "sc2 Vin Wire"
Net "Net_769" overuses wire "AGL[5]"
Net "Net_769" overuses wire "AGR[5]"
Net "Net_1410" overuses wire "AGL[6]"
Net "Net_1422" overuses wire "sc1 Vin Wire"
Net "Net_1422" overuses wire "AGR[7]"
Net "Net_1379" overuses wire "sc1 Vin Wire"
Net "Net_1419" overuses wire "AGR[5]"
Net "Vcomun" overuses wire "AGR[7]"
Net "Vcomun" overuses wire "AGR[7]"
Net "Net_142" overuses wire "dsm0+ Wire"
Net "Net_1124" overuses wire "sc2 Vin Wire"
Net "Net_1124" overuses wire "AGL[6]"
Net "Net_1123" overuses wire "AGL[4]"
Net "Net_769" overuses wire "sc2 Vin Wire"
Net "Net_769" overuses wire "AGR[5]"
Net "Net_1410" overuses wire "AGL[6]"
Net "Net_1422" overuses wire "AGR[7]"
Net "Net_1379" overuses wire "AGL[7]"
Net "Net_1379" overuses wire "dsm0+ Wire"
Net "Net_1379" overuses wire "AGL[4]"
Net "Net_1419" overuses wire "AGR[5]"
Net "Vcomun" overuses wire "AGR[7]"
Net "Vcomun" overuses wire "AGL[7]"
Net "Vcomun" overuses wire "AGR[7]"
Net "Net_1124" overuses wire "AGR[6]"
Net "Net_1176" overuses wire "amuxbusR"
Net "Net_769" overuses wire "AGR[5]"
Net "Net_1410" overuses wire "sc1 out Wire"
Net "Net_1410" overuses wire "AGR[6]"
Net "Net_1422" overuses wire "sc1 Vin Wire"
Net "Net_1422" overuses wire "amuxbusR"
Net "Net_1379" overuses wire "sc1 Vin Wire"
Net "Net_1419" overuses wire "sc1 out Wire"
Net "Net_1419" overuses wire "AGR[5]"
Net "Net_1124" overuses wire "AGR[6]"
Net "Net_1176" overuses wire "AGR[4]"
Net "Net_769" overuses wire "AGR[5]"
Net "Net_1410" overuses wire "sc1 out Wire"
Net "Net_1410" overuses wire "AGR[6]"
Net "Net_1422" overuses wire "sc1 Vin Wire"
Net "Net_1379" overuses wire "sc1 Vin Wire"
Net "Net_1379" overuses wire "AGR[4]"
Net "Net_1419" overuses wire "sc1 out Wire"
Net "Net_1419" overuses wire "AGR[5]"
Net "Net_1124" overuses wire "sc2 Vin Wire"
Net "Net_1124" overuses wire "AGL[6]"
Net "Net_1123" overuses wire "AGL[4]"
Net "Net_1176" overuses wire "AGR[4]"
Net "Net_769" overuses wire "sc2 Vin Wire"
Net "Net_769" overuses wire "AGL[5]"
Net "Net_1410" overuses wire "AGL[6]"
Net "Net_1379" overuses wire "AGL[5]"
Net "Net_1379" overuses wire "SIO Ref[1] Sw__1b"
Net "Net_1379" overuses wire "SIO Ref[1] Sw__0b"
Net "Net_1379" overuses wire "AGL[4]"
Net "Net_1379" overuses wire "AGR[4]"
Net "Net_143" overuses wire "amuxbusL"
Net "Net_1124" overuses wire "AGL[0]"
Net "Net_1124" overuses wire "amuxbusL"
Net "Net_1176" overuses wire "amuxbusR"
Net "Net_1422" overuses wire "sc1 Vin Wire"
Net "Net_1422" overuses wire "amuxbusR"
Net "Net_1379" overuses wire "sc1 Vin Wire"
Net "Net_1473" overuses wire "AGL[0]"
Net "Net_143" overuses wire "AGL[3]"
Net "Net_143" overuses wire "amuxbusL"
Net "Net_1124" overuses wire "amuxbusL"
Net "Net_1422" overuses wire "amuxbusR"
Net "Net_1379" overuses wire "AGL[3]"
Net "Net_1379" overuses wire "amuxbusR"
Net "Net_143" overuses wire "AGL[1]"
Net "Net_143" overuses wire "SIO Ref[2] Sw__1b"
Net "Net_143" overuses wire "SIO Ref[2] Sw__0b"
Net "Net_143" overuses wire "AGL[0]"
Net "Net_142" overuses wire "AGL[1]"
Net "Net_1422" overuses wire "AGR[7]"
Net "Net_1473" overuses wire "AGL[0]"
Net "Vcomun" overuses wire "AGR[7]"
Net "Vcomun" overuses wire "AGR[7]"
Net "Net_143" overuses wire "v0 Wire"
Net "Net_142" overuses wire "AGL[1]"
Net "Net_1422" overuses wire "AGR[7]"
Net "Net_1473" overuses wire "v0 Wire"
Net "Net_1473" overuses wire "AGL[1]"
Net "Vcomun" overuses wire "AGR[7]"
Net "Vcomun" overuses wire "AGR[7]"
Net "Net_143" overuses wire "v0 Wire"
Net "Net_142" overuses wire "AGL[1]"
Net "Net_1422" overuses wire "AGR[7]"
Net "Net_1473" overuses wire "v0 Wire"
Net "Net_1473" overuses wire "AGL[1]"
Net "Vcomun" overuses wire "AGR[7]"
Net "Vcomun" overuses wire "AGR[7]"
Net "Net_143" overuses wire "AGL[7]"
Net "Net_143" overuses wire "dsm0+ Wire"
Net "Net_143" overuses wire "AGL[0]"
Net "Net_142" overuses wire "dsm0+ Wire"
Net "Net_1422" overuses wire "GPIO P3[3] Mux__8b"
Net "Net_1422" overuses wire "abuf3+ Wire"
Net "Net_1473" overuses wire "AGL[0]"
Net "Net_1391" overuses wire "GPIO P3[3] Mux__5b"
Net "Net_1391" overuses wire "abuf3+ Wire"
Net "Vcomun" overuses wire "AGL[7]"
Net "Net_142" overuses wire "AGL[1]"
Net "Net_1422" overuses wire "amuxbusR"
Net "Net_1379" overuses wire "amuxbusR"
Net "Net_1473" overuses wire "AGL[1]"
Net "Net_143" overuses wire "AGL[0]"
Net "Net_1422" overuses wire "AGR[7]"
Net "Net_1473" overuses wire "AGL[0]"
Net "Vcomun" overuses wire "AGR[7]"
Net "Vcomun" overuses wire "AGR[7]"
Net "Net_143" overuses wire "AGL[7]"
Net "Net_143" overuses wire "amuxbusL"
Net "Net_1124" overuses wire "amuxbusL"
Net "Net_1422" overuses wire "AGR[7]"
Net "Net_1419" overuses wire "abusR1"
Net "Vcomun" overuses wire "AGR[7]"
Net "Vcomun" overuses wire "AGL[7]"
Net "Vcomun" overuses wire "abusR1"
Net "Net_143" overuses wire "AGL[0]"
Net "Net_1422" overuses wire "amuxbusR"
Net "Net_1379" overuses wire "amuxbusR"
Net "Net_1473" overuses wire "AGL[0]"
Net "Net_143" overuses wire "AGL[5]"
Net "Net_143" overuses wire "amuxbusL"
Net "Net_1124" overuses wire "amuxbusL"
Net "Net_769" overuses wire "AGL[5]"
Net "Net_1422" overuses wire "AGR[7]"
Net "Vcomun" overuses wire "AGR[7]"
Net "Vcomun" overuses wire "AGR[7]"
Net "Net_143" overuses wire "AGL[0]"
Net "Net_1422" overuses wire "amuxbusR"
Net "Net_1379" overuses wire "amuxbusR"
Net "Net_1473" overuses wire "AGL[0]"
Net "Net_143" overuses wire "AGL[3]"
Net "Net_143" overuses wire "amuxbusL"
Net "Net_1124" overuses wire "amuxbusL"
Net "Net_1422" overuses wire "AGR[7]"
Net "Net_1379" overuses wire "AGL[3]"
Net "Vcomun" overuses wire "AGR[7]"
Net "Vcomun" overuses wire "AGR[7]"
Net "Net_143" overuses wire "AGL[0]"
Net "Net_1176" overuses wire "AGR[4]"
Net "Net_1379" overuses wire "AGR[4]"
Net "Net_1473" overuses wire "AGL[0]"
Net "Net_142" overuses wire "AGL[1]"
Net "Net_1176" overuses wire "AGR[4]"
Net "Net_1379" overuses wire "AGR[4]"
Net "Net_1473" overuses wire "AGL[1]"
Net "Net_142" overuses wire "AGL[1]"
Net "Net_1410" overuses wire "AGR[6]"
Net "Net_1379" overuses wire "AGR[6]"
Net "Net_1473" overuses wire "AGL[1]"
Net "Net_142" overuses wire "AGL[1]"
Net "Net_1176" overuses wire "AGR[4]"
Net "Net_1379" overuses wire "AGR[4]"
Net "Net_1473" overuses wire "AGL[1]"
Net "Net_142" overuses wire "amuxbusL"
Net "Net_1124" overuses wire "amuxbusL"
Net "Net_1176" overuses wire "AGR[4]"
Net "Net_1379" overuses wire "AGR[4]"
Net "Net_142" overuses wire "AGL[1]"
Net "Net_1410" overuses wire "AGR[6]"
Net "Net_1379" overuses wire "AGR[6]"
Net "Net_1473" overuses wire "AGL[1]"
Net "Net_143" overuses wire "abusL1"
Net "Net_1176" overuses wire "AGR[4]"
Net "Net_1379" overuses wire "AGR[4]"
Net "Net_1473" overuses wire "abusL1"
Net "Net_1473" overuses wire "v1 Wire"
Net "Net_1481" overuses wire "v1 Wire"
Net "Net_1176" overuses wire "amuxbusR"
Net "Net_1422" overuses wire "sc1 Vin Wire"
Net "Net_1422" overuses wire "amuxbusR"
Net "Net_1379" overuses wire "sc1 Vin Wire"
Net "Net_1411" overuses wire "AGL[2]"
Net "Net_1473" overuses wire "AGL[2]"
Net "Net_143" overuses wire "abusL3"
Net "Net_1410" overuses wire "AGR[6]"
Net "Net_1379" overuses wire "sc0 out Wire"
Net "Net_1379" overuses wire "abusL3"
Net "Net_1379" overuses wire "AGR[6]"
Net "Net_1473" overuses wire "sc0 out Wire"
Net "Net_1473" overuses wire "AGL[3]"
Net "Vcomun" overuses wire "AGL[3]"
Net "Net_143" overuses wire "AGL[0]"
Net "Net_1176" overuses wire "AGR[4]"
Net "Net_1379" overuses wire "AGR[4]"
Net "Net_1473" overuses wire "AGL[0]"
Net "Net_143" overuses wire "amuxbusL"
Net "Net_1124" overuses wire "amuxbusL"
Net "Net_1410" overuses wire "AGR[6]"
Net "Net_1379" overuses wire "AGR[6]"
Net "Net_1124" overuses wire "sc2 Vin Wire"
Net "Net_769" overuses wire "sc2 Vin Wire"
Net "Net_769" overuses wire "AGR[5]"
Net "Net_1410" overuses wire "sc1 out Wire"
Net "Net_1410" overuses wire "AGR[5]"
Net "Net_1410" overuses wire "abuf3- Wire"
Net "Net_1419" overuses wire "sc1 out Wire"
Net "Vcomun" overuses wire "abuf3- Wire"
Net "Net_1124" overuses wire "sc2 out Wire"
Net "Net_1124" overuses wire "AGL[6]"
Net "Net_1123" overuses wire "sc2 out Wire"
Net "Net_1410" overuses wire "AGL[6]"
Net "Net_1410" overuses wire "AGR[6]"
Net "Net_1379" overuses wire "AGR[6]"
Net "Net_1124" overuses wire "sc2 out Wire"
Net "Net_1123" overuses wire "sc2 out Wire"
Net "Net_769" overuses wire "AGR[5]"
Net "Net_1410" overuses wire "sc1 out Wire"
Net "Net_1410" overuses wire "AGR[5]"
Net "Net_1410" overuses wire "abuf3- Wire"
Net "Net_1419" overuses wire "sc1 out Wire"
Net "Vcomun" overuses wire "abuf3- Wire"
Net "Net_1124" overuses wire "sc3 out Wire"
Net "Net_1124" overuses wire "sc2 Vin Wire"
Net "Net_769" overuses wire "sc2 Vin Wire"
Net "Net_1410" overuses wire "sc3 out Wire"
Net "Net_1410" overuses wire "AGR[6]"
Net "Net_1379" overuses wire "AGR[6]"
Net "Net_1124" overuses wire "sc2 Vin Wire"
Net "Net_769" overuses wire "sc2 Vin Wire"
Net "Net_1410" overuses wire "amuxbusR"
Net "Net_1422" overuses wire "amuxbusR"
Net "Net_1124" overuses wire "sc2 Vin Wire"
Net "Net_1124" overuses wire "AGL[6]"
Net "Net_769" overuses wire "sc2 Vin Wire"
Net "Net_1410" overuses wire "AGL[6]"
Net "Net_1410" overuses wire "AGR[6]"
Net "Net_1379" overuses wire "AGR[6]"
Net "Net_142" overuses wire "dsm0+ Wire"
Net "Net_1124" overuses wire "dsm0+ Wire"
Net "Net_769" overuses wire "AGR[5]"
Net "Net_1410" overuses wire "sc1 out Wire"
Net "Net_1410" overuses wire "AGR[5]"
Net "Net_1410" overuses wire "abuf3- Wire"
Net "Net_1419" overuses wire "sc1 out Wire"
Net "Vcomun" overuses wire "abuf3- Wire"
Net "Net_1124" overuses wire "sc0 Vin Wire"
Net "Net_1410" overuses wire "sc0 Vin Wire"
Net "Net_1410" overuses wire "AGL[2]"
Net "Net_1410" overuses wire "AGR[2]"
Net "Net_1410" overuses wire "amuxbusR"
Net "Net_1422" overuses wire "amuxbusR"
Net "Net_1411" overuses wire "AGL[2]"
Net "Net_1441" overuses wire "AGR[2]"
Net "Net_1124" overuses wire "comp0- Wire"
Net "Net_1124" overuses wire "AGL[6]"
Net "Net_1410" overuses wire "AGL[6]"
Net "Net_1410" overuses wire "AGR[6]"
Net "Net_1379" overuses wire "comp0- Wire"
Net "Net_1379" overuses wire "AGR[6]"
Net "Net_1124" overuses wire "sc2 out Wire"
Net "Net_1123" overuses wire "sc2 out Wire"
Net "Net_769" overuses wire "AGL[5]"
Net "Net_769" overuses wire "AGL2AGR[5] Sw__0b"
Net "Net_769" overuses wire "AGR[5]"
Net "Net_1410" overuses wire "AGL[5]"
Net "Net_1410" overuses wire "AGL2AGR[5] Sw__0b"
Net "Net_1410" overuses wire "AGR[5]"
Net "Net_1410" overuses wire "abuf3- Wire"
Net "Vcomun" overuses wire "abuf3- Wire"
Net "Net_1124" overuses wire "sc3 out Wire"
Net "Net_1176" overuses wire "AGR[4]"
Net "Net_769" overuses wire "sc3 out Wire"
Net "Net_769" overuses wire "AGR[4]"
Net "Net_1410" overuses wire "abuf3- Wire"
Net "Vcomun" overuses wire "abuf3- Wire"
Net "Net_1384" overuses wire "abuf0+ Wire"
Net "Net_1124" overuses wire "GPIO P0[2] Mux__7b"
Net "Net_1124" overuses wire "abuf0+ Wire"
Net "Net_1124" overuses wire "GPIO P0[2] Mux__3b"
Net "Net_1410" overuses wire "sc1 out Wire"
Net "Net_1410" overuses wire "amuxbusR"
Net "Net_1422" overuses wire "amuxbusR"
Net "Net_1419" overuses wire "sc1 out Wire"
Net "Net_1397" overuses wire "abuf2+ Wire"
Net "Net_1124" overuses wire "GPIO P0[4] Mux__7b"
Net "Net_1124" overuses wire "abuf2+ Wire"
Net "Net_1124" overuses wire "GPIO P0[4] Mux__3b"
Net "Net_1124" overuses wire "AGL[6]"
Net "Net_1410" overuses wire "AGL[6]"
Net "Net_1410" overuses wire "AGR[6]"
Net "Net_1379" overuses wire "AGR[6]"
Net "Net_143" overuses wire "amuxbusL"
Net "Net_1124" overuses wire "amuxbusL"
Net "Net_1176" overuses wire "AGR[4]"
Net "Net_1379" overuses wire "AGR[4]"
Net "Net_143" overuses wire "AGL[0]"
Net "Net_1422" overuses wire "amuxbusR"
Net "Net_1379" overuses wire "amuxbusR"
Net "Net_1473" overuses wire "AGL[0]"
Net "Net_1422" overuses wire "abusR0"
Net "Net_1422" overuses wire "GPIO P3[3] Mux abusR0"
Net "Net_1422" overuses wire "GPIO P3[3] Mux__5b"
Net "Net_1422" overuses wire "abuf3+ Wire"
Net "Net_1391" overuses wire "abusR0"
Net "Net_1391" overuses wire "GPIO P3[3] Mux abusR0"
Net "Net_1391" overuses wire "GPIO P3[3] Mux__5b"
Net "Net_1391" overuses wire "abuf3+ Wire"
Net "Net_1422" overuses wire "AGR[7]"
Net "Vcomun" overuses wire "AGR[7]"
Net "Vcomun" overuses wire "AGR[7]"
Net "Net_143" overuses wire "abusL1"
Net "Net_1422" overuses wire "AGR[7]"
Net "Vcomun" overuses wire "AGR[7]"
Net "Vcomun" overuses wire "abusL1"
Net "Net_143" overuses wire "AGL[7]"
Net "Net_1422" overuses wire "abusR3"
Net "Net_1422" overuses wire "GPIO P3[3] Mux__8b"
Net "Net_1422" overuses wire "abuf3+ Wire"
Net "Net_1419" overuses wire "abusR3"
Net "Net_1391" overuses wire "GPIO P3[3] Mux__5b"
Net "Net_1391" overuses wire "abuf3+ Wire"
Net "Vcomun" overuses wire "AGL[7]"
Net "Net_1422" overuses wire "AGR[7]"
Net "Net_1379" overuses wire "AGL[3]"
Net "Net_1379" overuses wire "AGL2AGR[3] Sw__0b"
Net "Net_1379" overuses wire "AGR[3]"
Net "Vcomun" overuses wire "AGR[7]"
Net "Vcomun" overuses wire "AGL[3]"
Net "Vcomun" overuses wire "AGL2AGR[3] Sw__0b"
Net "Vcomun" overuses wire "AGR[3]"
Net "Net_1422" overuses wire "sc1 Vin Wire"
Net "Net_1422" overuses wire "GPIO P3[3] Mux__8b"
Net "Net_1422" overuses wire "abuf3+ Wire"
Net "Net_1379" overuses wire "sc1 Vin Wire"
Net "Net_1391" overuses wire "GPIO P3[3] Mux__5b"
Net "Net_1391" overuses wire "abuf3+ Wire"
Net "Net_1422" overuses wire "AGR[7]"
Net "Vcomun" overuses wire "AGR[7]"
Net "Vcomun" overuses wire "AGR[7]"
Net "Net_1422" overuses wire "amuxbusR"
Net "Net_1379" overuses wire "amuxbusR"
Net "Net_1422" overuses wire "AGR[7]"
Net "Vcomun" overuses wire "AGR[7]"
Net "Vcomun" overuses wire "AGR[7]"
Net "Net_1422" overuses wire "GPIO P3[3] Mux__8b"
Net "Net_1422" overuses wire "abuf3+ Wire"
Net "Net_1391" overuses wire "GPIO P3[3] Mux__5b"
Net "Net_1391" overuses wire "abuf3+ Wire"
Net "Net_1422" overuses wire "amuxbusR"
Net "Net_1379" overuses wire "amuxbusR"
Net "Net_1422" overuses wire "AGR[7]"
Net "Vcomun" overuses wire "AGR[7]"
Net "Vcomun" overuses wire "AGR[7]"
Net "Net_1422" overuses wire "amuxbusR"
Net "Net_1379" overuses wire "amuxbusR"
Net "Net_1422" overuses wire "AGR[7]"
Net "Vcomun" overuses wire "AGR[7]"
Net "Vcomun" overuses wire "AGR[7]"
Net "Net_1422" overuses wire "GPIO P3[3] Mux__8b"
Net "Net_1422" overuses wire "abuf3+ Wire"
Net "Net_1391" overuses wire "GPIO P3[3] Mux__5b"
Net "Net_1391" overuses wire "abuf3+ Wire"
Net "Net_1422" overuses wire "amuxbusR"
Net "Net_1379" overuses wire "amuxbusR"
Net "Net_1422" overuses wire "AGR[7]"
Net "Vcomun" overuses wire "AGR[7]"
Net "Vcomun" overuses wire "AGR[7]"
Net "Net_769" overuses wire "AGL[5]"
Net "Net_769" overuses wire "AGL2AGR[5] Sw__0b"
Net "Net_769" overuses wire "AGR[5]"
Net "Vcomun" overuses wire "AGR[5]"
Net "Vcomun" overuses wire "AGL2AGR[5] Sw__0b"
Net "Vcomun" overuses wire "AGL[5]"
Net "Vcomun" overuses wire "AGR[5]"
Net "Net_1124" overuses wire "sc3 out Wire"
Net "Net_1176" overuses wire "AGR[4]"
Net "Net_769" overuses wire "sc3 out Wire"
Net "Net_769" overuses wire "AGR[4]"
Net "Net_1124" overuses wire "abusR2"
Net "Net_1124" overuses wire "abusL2abusR[2]__0b"
Net "Net_1124" overuses wire "abusL2"
Net "Net_769" overuses wire "abusL2"
Net "Net_769" overuses wire "abusL2abusR[2]__0b"
Net "Net_769" overuses wire "abusR2"
Net "Net_769" overuses wire "AGR[5]"
Net "Vcomun" overuses wire "AGR[5]"
Net "Vcomun" overuses wire "AGR[5]"
Net "Net_1124" overuses wire "AGR[0]"
Net "Net_1124" overuses wire "cmp1_vref"
Net "Net_769" overuses wire "AGR[5]"
Net "Net_1473" overuses wire "cmp1_vref"
Net "Net_1481" overuses wire "AGR[0]"
Net "Vcomun" overuses wire "AGR[5]"
Net "Vcomun" overuses wire "AGR[5]"
Net "Net_1124" overuses wire "AGR[2]"
Net "Net_1124" overuses wire "AGL[2]"
Net "Net_1422" overuses wire "AGR[7]"
Net "Net_1411" overuses wire "AGL[2]"
Net "Net_1441" overuses wire "AGR[2]"
Net "Net_1473" overuses wire "v1 Wire"
Net "Net_1473" overuses wire "AGR[1]"
Net "Net_1481" overuses wire "v1 Wire"
Net "Vcomun" overuses wire "AGR[7]"
Net "Vcomun" overuses wire "AGR[1]"
Net "Net_142" overuses wire "AGL[1]"
Net "Net_1124" overuses wire "abusR0"
Net "Net_1124" overuses wire "abusL2abusR[0]__0b"
Net "Net_1124" overuses wire "abusL0"
Net "Net_1422" overuses wire "amuxbusR"
Net "Net_1379" overuses wire "amuxbusR"
Net "Net_1473" overuses wire "AGL[1]"
Net "Net_1391" overuses wire "abusL0"
Net "Net_1391" overuses wire "abusL2abusR[0]__0b"
Net "Net_1391" overuses wire "abusR0"
Net "Net_143" overuses wire "dsm0- Wire"
Net "Net_1124" overuses wire "AGR[0]"
Net "Net_1422" overuses wire "GPIO P3[3] Mux__8b"
Net "Net_1422" overuses wire "abuf3+ Wire"
Net "Net_1379" overuses wire "AGL[3]"
Net "Net_1473" overuses wire "dsm0- Wire"
Net "Net_1473" overuses wire "AGL[3]"
Net "Net_1481" overuses wire "AGR[0]"
Net "Net_1391" overuses wire "GPIO P3[3] Mux__5b"
Net "Net_1391" overuses wire "abuf3+ Wire"
Net "Net_1124" overuses wire "sc2 Vin Wire"
Net "Net_769" overuses wire "sc2 Vin Wire"
Net "Net_1422" overuses wire "AGR[7]"
Net "Net_1379" overuses wire "sc0 out Wire"
Net "Net_1473" overuses wire "sc0 out Wire"
Net "Vcomun" overuses wire "AGR[7]"
Net "Vcomun" overuses wire "AGR[7]"
Net "Net_143" overuses wire "dsm0- Wire"
Net "Net_1123" overuses wire "AGL[4]"
Net "Net_1176" overuses wire "AGR[4]"
Net "Net_1379" overuses wire "AGL[4]"
Net "Net_1379" overuses wire "AGR[4]"
Net "Net_1473" overuses wire "dsm0- Wire"
Net "Net_1123" overuses wire "AGL[4]"
Net "Net_1176" overuses wire "AGR[4]"
Net "Net_1379" overuses wire "AGL[4]"
Net "Net_1379" overuses wire "AGR[4]"
Net "Net_1176" overuses wire "AGR[4]"
Net "Net_1422" overuses wire "sc1 Vin Wire"
Net "Net_1379" overuses wire "sc1 Vin Wire"
Net "Net_1379" overuses wire "AGR[4]"
Net "Net_1410" overuses wire "AGR[6]"
Net "Net_1422" overuses wire "sc1 Vin Wire"
Net "Net_1379" overuses wire "sc1 Vin Wire"
Net "Net_1379" overuses wire "AGR[6]"
Net "Net_1123" overuses wire "AGL[4]"
Net "Net_1176" overuses wire "AGR[4]"
Net "Net_1379" overuses wire "AGL[4]"
Net "Net_1379" overuses wire "AGR[4]"
Net "Net_1124" overuses wire "comp1- Wire"
Net "Net_1410" overuses wire "AGR[6]"
Net "Net_1379" overuses wire "abusL3"
Net "Net_1379" overuses wire "comp1- Wire"
Net "Net_1379" overuses wire "AGR[6]"
Net "Net_1473" overuses wire "abusL3"
Net "Net_1123" overuses wire "AGL[4]"
Net "Net_1176" overuses wire "AGR[4]"
Net "Net_1379" overuses wire "sc0 out Wire"
Net "Net_1379" overuses wire "AGL[4]"
Net "Net_1379" overuses wire "AGR[4]"
Net "Net_1473" overuses wire "sc0 out Wire"
Net "Net_143" overuses wire "dsm0- Wire"
Net "Net_1410" overuses wire "AGR[6]"
Net "Net_1422" overuses wire "sc1 Vin Wire"
Net "Net_1379" overuses wire "sc1 Vin Wire"
Net "Net_1379" overuses wire "AGR[6]"
Net "Net_1473" overuses wire "dsm0- Wire"
Net "Net_142" overuses wire "AGL[1]"
Net "Net_1176" overuses wire "sc3 Vin Wire"
Net "Net_1410" overuses wire "AGR[6]"
Net "Net_1379" overuses wire "sc3 Vin Wire"
Net "Net_1379" overuses wire "AGR[6]"
Net "Net_1473" overuses wire "AGL[1]"
Net "Net_142" overuses wire "amuxbusL"
Net "Net_1124" overuses wire "amuxbusL"
Net "Net_1422" overuses wire "amuxbusR"
Net "Net_1379" overuses wire "amuxbusR"
Net "Net_142" overuses wire "AGL[1]"
Net "Net_1422" overuses wire "AGR[7]"
Net "Net_1473" overuses wire "AGL[1]"
Net "Vcomun" overuses wire "AGR[7]"
Net "Vcomun" overuses wire "AGR[7]"
Net "Net_143" overuses wire "AGL[0]"
Net "Net_1422" overuses wire "amuxbusR"
Net "Net_1379" overuses wire "amuxbusR"
Net "Net_1473" overuses wire "AGL[0]"
Net "Net_143" overuses wire "amuxbusL"
Net "Net_1124" overuses wire "amuxbusL"
Net "Net_1422" overuses wire "GPIO P3[3] Mux__8b"
Net "Net_1422" overuses wire "abuf3+ Wire"
Net "Net_1391" overuses wire "GPIO P3[3] Mux__5b"
Net "Net_1391" overuses wire "abuf3+ Wire"
Net "Net_143" overuses wire "AGL[0]"
Net "Net_1422" overuses wire "AGR[7]"
Net "Net_1473" overuses wire "AGL[0]"
Net "Vcomun" overuses wire "AGR[7]"
Net "Vcomun" overuses wire "AGR[7]"
Net "Net_143" overuses wire "amuxbusL"
Net "Net_1124" overuses wire "amuxbusL"
Net "Net_1422" overuses wire "amuxbusR"
Net "Net_1379" overuses wire "amuxbusR"
Net "Net_1419" overuses wire "abusR1"
Net "Vcomun" overuses wire "abusR1"
Net "Net_143" overuses wire "AGL[0]"
Net "Net_769" overuses wire "AGR[5]"
Net "Net_1473" overuses wire "AGL[0]"
Net "Vcomun" overuses wire "AGR[5]"
Net "Net_143" overuses wire "amuxbusL"
Net "Net_1124" overuses wire "amuxbusL"
Net "Net_769" overuses wire "AGR[5]"
Net "Vcomun" overuses wire "AGR[5]"
Net "Net_1124" overuses wire "AGL[6]"
Net "Net_769" overuses wire "AGR[5]"
Net "Net_1410" overuses wire "AGL[6]"
Net "Vcomun" overuses wire "AGR[5]"
Net "Net_1124" overuses wire "AGL[6]"
Net "Net_769" overuses wire "AGR[5]"
Net "Net_1410" overuses wire "AGL[6]"
Net "Vcomun" overuses wire "AGR[5]"
Net "Net_1124" overuses wire "comp1- Wire"
Net "Net_1124" overuses wire "CMP1 Vref Mux alt__0b"
Net "Net_1124" overuses wire "cmp1_vref"
Net "Net_769" overuses wire "AGR[5]"
Net "Net_1410" overuses wire "cmp1_vref"
Net "Net_1410" overuses wire "CMP1 Vref Mux alt__0b"
Net "Net_1410" overuses wire "comp1- Wire"
Net "Vcomun" overuses wire "AGR[5]"
Net "Net_1124" overuses wire "sc3 Vin Wire"
Net "Net_1124" overuses wire "sc2 out Wire"
Net "Net_1123" overuses wire "sc2 out Wire"
Net "Net_1176" overuses wire "sc3 Vin Wire"
Net "Net_769" overuses wire "AGR[5]"
Net "Vcomun" overuses wire "AGR[5]"
Net "Net_1124" overuses wire "sc2 Vin Wire"
Net "Net_769" overuses wire "sc2 Vin Wire"
Net "Net_769" overuses wire "AGR[5]"
Net "Vcomun" overuses wire "AGR[5]"
Net "Net_1124" overuses wire "sc3 out Wire"
Net "Net_1124" overuses wire "sc2vin2sc3out Sw__0b"
Net "Net_1124" overuses wire "sc2 Vin Wire"
Net "Net_1176" overuses wire "AGR[4]"
Net "Net_769" overuses wire "sc2 Vin Wire"
Net "Net_769" overuses wire "sc2vin2sc3out Sw__0b"
Net "Net_769" overuses wire "sc3 out Wire"
Net "Net_769" overuses wire "AGR[4]"
Net "Net_1124" overuses wire "sc3 out Wire"
Net "Net_1176" overuses wire "AGR[4]"
Net "Net_769" overuses wire "sc3 out Wire"
Net "Net_769" overuses wire "AGR[4]"
Net "Net_769" overuses wire "AGL[5]"
Net "Net_769" overuses wire "AGL2AGR[5] Sw__0b"
Net "Net_769" overuses wire "AGR[5]"
Net "Vcomun" overuses wire "AGR[5]"
Net "Vcomun" overuses wire "AGL2AGR[5] Sw__0b"
Net "Vcomun" overuses wire "AGL[5]"
Net "Net_1124" overuses wire "sc3 out Wire"
Net "Net_1176" overuses wire "AGR[4]"
Net "Net_769" overuses wire "sc3 out Wire"
Net "Net_769" overuses wire "AGR[4]"
Net "Net_1123" overuses wire "AGL[4]"
Net "Net_1176" overuses wire "AGR[4]"
Net "Net_769" overuses wire "AGL[4]"
Net "Net_769" overuses wire "AGR[4]"
Net "Net_769" overuses wire "AGL[5]"
Net "Net_769" overuses wire "AGL2AGR[5] Sw__0b"
Net "Net_769" overuses wire "AGR[5]"
Net "Vcomun" overuses wire "AGR[5]"
Net "Vcomun" overuses wire "AGL2AGR[5] Sw__0b"
Net "Vcomun" overuses wire "AGL[5]"
Net "Net_1124" overuses wire "sc3 out Wire"
Net "Net_1176" overuses wire "AGR[4]"
Net "Net_769" overuses wire "sc3 out Wire"
Net "Net_769" overuses wire "AGR[4]"
Net "Net_1123" overuses wire "AGL[4]"
Net "Net_769" overuses wire "AGL[4]"
Net "Net_1410" overuses wire "AGR[6]"
Net "Net_1379" overuses wire "AGR[6]"
Net "Net_1124" overuses wire "sc3 out Wire"
Net "Net_1176" overuses wire "amuxbusR"
Net "Net_769" overuses wire "sc3 out Wire"
Net "Net_1379" overuses wire "amuxbusR"
Net "Net_1123" overuses wire "AGL[4]"
Net "Net_769" overuses wire "AGL[4]"
Net "Net_1410" overuses wire "AGR[6]"
Net "Net_1379" overuses wire "AGR[6]"
Net "Net_1124" overuses wire "sc3 out Wire"
Net "Net_1176" overuses wire "amuxbusR"
Net "Net_769" overuses wire "sc3 out Wire"
Net "Net_1379" overuses wire "amuxbusR"
Net "Net_769" overuses wire "AGL[2]"
Net "Net_769" overuses wire "AGR[5]"
Net "Net_1411" overuses wire "AGL[2]"
Net "Vcomun" overuses wire "AGR[5]"
Net "Net_143" overuses wire "AGL[7]"
Net "Net_1124" overuses wire "abusR2"
Net "Net_1124" overuses wire "abusL2abusR[2]__0b"
Net "Net_1124" overuses wire "abusL2"
Net "Net_769" overuses wire "abusL2"
Net "Net_769" overuses wire "abusL2abusR[2]__0b"
Net "Net_769" overuses wire "abusR2"
Net "Net_1422" overuses wire "AGR[7]"
Net "Vcomun" overuses wire "AGR[7]"
Net "Vcomun" overuses wire "AGL[7]"
Net "Net_1124" overuses wire "AGL[2]"
Net "Net_1422" overuses wire "AGR[7]"
Net "Net_1411" overuses wire "AGL[2]"
Net "Vcomun" overuses wire "AGR[7]"
Net "Net_1124" overuses wire "sc3 Vin Wire"
Net "Net_1124" overuses wire "sc2 out Wire"
Net "Net_1123" overuses wire "sc2 out Wire"
Net "Net_1176" overuses wire "sc3 Vin Wire"
Net "Net_1422" overuses wire "AGR[7]"
Net "Vcomun" overuses wire "AGR[7]"
Net "Net_1124" overuses wire "sc2 Vin Wire"
Net "Net_769" overuses wire "sc2 Vin Wire"
Net "Net_1422" overuses wire "amuxbusR"
Net "Net_1379" overuses wire "amuxbusR"
Net "Net_1124" overuses wire "AGL[2]"
Net "Net_1422" overuses wire "abusR3"
Net "Net_1422" overuses wire "GPIO P3[3] Mux__8b"
Net "Net_1422" overuses wire "abuf3+ Wire"
Net "Net_1419" overuses wire "abusR3"
Net "Net_1411" overuses wire "AGL[2]"
Net "Net_1391" overuses wire "GPIO P3[3] Mux__5b"
Net "Net_1391" overuses wire "abuf3+ Wire"
Net "Net_1124" overuses wire "abusR2"
Net "Net_1124" overuses wire "cmp1_vref"
Net "Net_769" overuses wire "abusR2"
Net "Net_1410" overuses wire "cmp1_vref"
Net "Net_1422" overuses wire "AGR[7]"
Net "Vcomun" overuses wire "AGR[7]"
Net "Net_1124" overuses wire "AGL[2]"
Net "Net_1422" overuses wire "amuxbusR"
Net "Net_1379" overuses wire "amuxbusR"
Net "Net_1411" overuses wire "AGL[2]"
Net "Net_1124" overuses wire "sc2 Vin Wire"
Net "Net_769" overuses wire "sc2 Vin Wire"
Net "Net_1422" overuses wire "AGR[7]"
Net "Vcomun" overuses wire "AGR[7]"
Net "Net_1124" overuses wire "sc3 Vin Wire"
Net "Net_1124" overuses wire "sc2 out Wire"
Net "Net_1123" overuses wire "sc2 out Wire"
Net "Net_1176" overuses wire "sc3 Vin Wire"
Net "Net_1422" overuses wire "amuxbusR"
Net "Net_1379" overuses wire "amuxbusR"
Net "Net_1124" overuses wire "abusR0"
Net "Net_1124" overuses wire "abusL2abusR[0]__0b"
Net "Net_1124" overuses wire "abusL0"
Net "Net_1422" overuses wire "abusR3"
Net "Net_1422" overuses wire "GPIO P3[3] Mux__8b"
Net "Net_1422" overuses wire "abuf3+ Wire"
Net "Net_1419" overuses wire "abusR3"
Net "Net_1391" overuses wire "abusL0"
Net "Net_1391" overuses wire "abusL2abusR[0]__0b"
Net "Net_1391" overuses wire "abusR0"
Net "Net_1391" overuses wire "GPIO P3[3] Mux__5b"
Net "Net_1391" overuses wire "abuf3+ Wire"
Net "Net_1124" overuses wire "AGL[2]"
Net "Net_1422" overuses wire "AGR[7]"
Net "Net_1411" overuses wire "AGL[2]"
Net "Vcomun" overuses wire "AGR[7]"
Net "Net_1124" overuses wire "sc2 Vin Wire"
Net "Net_769" overuses wire "sc2 Vin Wire"
Net "Net_1422" overuses wire "amuxbusR"
Net "Net_1379" overuses wire "amuxbusR"
Net "Net_1124" overuses wire "comp1- Wire"
Net "Net_1124" overuses wire "CMP1 Vref Mux alt__0b"
Net "Net_1124" overuses wire "cmp1_vref"
Net "Net_1410" overuses wire "cmp1_vref"
Net "Net_1410" overuses wire "CMP1 Vref Mux alt__0b"
Net "Net_1410" overuses wire "comp1- Wire"
Net "Net_1422" overuses wire "AGR[7]"
Net "Vcomun" overuses wire "AGR[7]"
Net "Net_1124" overuses wire "AGL[2]"
Net "Net_1124" overuses wire "AGL[6]"
Net "Net_1410" overuses wire "AGL[6]"
Net "Net_1422" overuses wire "amuxbusR"
Net "Net_1379" overuses wire "amuxbusR"
Net "Net_1411" overuses wire "AGL[2]"
Net "Net_1124" overuses wire "AGL[6]"
Net "Net_1410" overuses wire "AGL[6]"
Net "Net_1422" overuses wire "AGR[7]"
Net "Vcomun" overuses wire "AGR[7]"
Net "Net_1410" overuses wire "sc1 out Wire"
Net "Net_1410" overuses wire "AGR[1]"
Net "Net_1422" overuses wire "amuxbusR"
Net "Net_1379" overuses wire "amuxbusR"
Net "Net_1419" overuses wire "sc1 out Wire"
Net "Net_1481" overuses wire "AGR[1]"
Net "Net_1410" overuses wire "sc1 out Wire"
Net "Net_1410" overuses wire "AGR[3]"
Net "Net_1422" overuses wire "AGR[7]"
Net "Net_1379" overuses wire "AGR[3]"
Net "Net_1419" overuses wire "sc1 out Wire"
Net "Vcomun" overuses wire "AGR[7]"
Net "Net_1124" overuses wire "AGL[6]"
Net "Net_1410" overuses wire "AGL[6]"
Net "Net_1410" overuses wire "AGR[6]"
Net "Net_1379" overuses wire "AGR[6]"
Net "Net_1124" overuses wire "AGL[6]"
Net "Net_1410" overuses wire "AGL[6]"
Net "Net_1410" overuses wire "AGR[6]"
Net "Net_1379" overuses wire "AGR[6]"
Net "Net_1176" overuses wire "AGR[4]"
Net "Net_1410" overuses wire "sc1 out Wire"
Net "Net_1410" overuses wire "AGR[1]"
Net "Net_1379" overuses wire "AGR[4]"
Net "Net_1419" overuses wire "sc1 out Wire"
Net "Net_1481" overuses wire "AGR[1]"
Net "Net_1410" overuses wire "GPIO P3[5] Mux__8b"
Net "Net_1410" overuses wire "abuf1+ Wire"
Net "Net_1410" overuses wire "GPIO P3[5] Mux__3b"
Net "Net_1410" overuses wire "AGR[6]"
Net "Net_1379" overuses wire "AGR[6]"
Net "Net_1419" overuses wire "abusR1"
Net "Net_1419" overuses wire "GPIO P3[5] Mux__6b"
Net "Net_1419" overuses wire "abuf1+ Wire"
Net "Vcomun" overuses wire "abusR1"
Net "Net_1124" overuses wire "comp1- Wire"
Net "Net_1176" overuses wire "AGR[4]"
Net "Net_1410" overuses wire "comp1- Wire"
Net "Net_1379" overuses wire "AGR[4]"
Net "Net_1419" overuses wire "abusR1"
Net "Vcomun" overuses wire "abusR1"
Net "Net_1124" overuses wire "abusR2"
Net "Net_769" overuses wire "abusR2"
Net "Net_1410" overuses wire "abusR3"
Net "Net_1410" overuses wire "AGR[6]"
Net "Net_1379" overuses wire "AGR[6]"
Net "Net_1419" overuses wire "abusR3"
Net "Net_143" overuses wire "AGL[5]"
Net "Net_1124" overuses wire "cmp1_vref"
Net "Net_1176" overuses wire "AGR[4]"
Net "Net_769" overuses wire "AGL[5]"
Net "Net_1410" overuses wire "cmp1_vref"
Net "Net_1379" overuses wire "AGR[4]"
Net "Net_143" overuses wire "AGL[7]"
Net "Net_1410" overuses wire "AGR[6]"
Net "Net_1379" overuses wire "AGR[6]"
Net "Vcomun" overuses wire "AGL[7]"
Net "Net_1176" overuses wire "AGR[4]"
Net "Net_1422" overuses wire "sc1 Vin Wire"
Net "Net_1379" overuses wire "sc1 Vin Wire"
Net "Net_1379" overuses wire "AGR[4]"
Net "Net_143" overuses wire "AGL[3]"
Net "Net_1410" overuses wire "AGR[6]"
Net "Net_1379" overuses wire "AGL[3]"
Net "Net_1379" overuses wire "AGR[6]"
Net "Net_143" overuses wire "abusL1"
Net "Net_1176" overuses wire "AGR[4]"
Net "Net_1379" overuses wire "AGR[4]"
Net "Vcomun" overuses wire "abusL1"
Net "Net_143" overuses wire "AGL[7]"
Net "Net_1410" overuses wire "AGR[6]"
Net "Net_1379" overuses wire "AGR[6]"
Net "Vcomun" overuses wire "AGL[7]"
Net "Net_143" overuses wire "v0 Wire"
Net "Net_769" overuses wire "AGR[5]"
Net "Net_1410" overuses wire "sc1 out Wire"
Net "Net_1410" overuses wire "AGR[5]"
Net "Net_1410" overuses wire "abuf3- Wire"
Net "Net_1419" overuses wire "sc1 out Wire"
Net "Net_1473" overuses wire "v0 Wire"
Net "Vcomun" overuses wire "abuf3- Wire"
Net "Net_1410" overuses wire "abusL0"
Net "Net_1410" overuses wire "vref6 to abusL0__0b"
Net "Net_1410" overuses wire "vref6"
Net "Net_1410" overuses wire "AGR[6]"
Net "Net_1379" overuses wire "AGR[6]"
Net "Net_1391" overuses wire "vref6"
Net "Net_1391" overuses wire "vref6 to abusL0__0b"
Net "Net_1391" overuses wire "abusL0"
Net "Net_1124" overuses wire "AGL[6]"
Net "Net_1410" overuses wire "AGL[6]"
Net "Net_1422" overuses wire "amuxbusR"
Net "Net_1379" overuses wire "amuxbusR"
Net "Net_143" overuses wire "amuxbusL"
Net "Net_1124" overuses wire "amuxbusL"
Net "Net_1176" overuses wire "AGR[4]"
Net "Net_1379" overuses wire "AGR[4]"
Net "Net_143" overuses wire "AGL[0]"
Net "Net_1176" overuses wire "AGR[4]"
Net "Net_1379" overuses wire "AGR[4]"
Net "Net_1473" overuses wire "AGL[0]"
Net "Net_142" overuses wire "AGL[1]"
Net "Net_1422" overuses wire "amuxbusR"
Net "Net_1379" overuses wire "amuxbusR"
Net "Net_1473" overuses wire "AGL[1]"
Net "Net_142" overuses wire "AGL[1]"
Net "Net_1422" overuses wire "AGR[7]"
Net "Net_1473" overuses wire "AGL[1]"
Net "Vcomun" overuses wire "AGR[7]"
Net "Net_142" overuses wire "AGL[1]"
Net "Net_1124" overuses wire "abusR2"
Net "Net_1422" overuses wire "abusR2"
Net "Net_1422" overuses wire "GPIO P3[3] Mux__7b"
Net "Net_1422" overuses wire "abuf3+ Wire"
Net "Net_1473" overuses wire "AGL[1]"
Net "Net_1391" overuses wire "GPIO P3[3] Mux__5b"
Net "Net_1391" overuses wire "abuf3+ Wire"
Net "Net_143" overuses wire "AGL[0]"
Net "Net_1422" overuses wire "GPIO P3[3] Mux__7b"
Net "Net_1422" overuses wire "abuf3+ Wire"
Net "Net_1473" overuses wire "AGL[0]"
Net "Net_1391" overuses wire "GPIO P3[3] Mux__5b"
Net "Net_1391" overuses wire "abuf3+ Wire"
Net "Net_142" overuses wire "AGL[1]"
Net "Net_1422" overuses wire "amuxbusR"
Net "Net_1379" overuses wire "amuxbusR"
Net "Net_1473" overuses wire "AGL[1]"
Net "Net_143" overuses wire "AGL[0]"
Net "Net_1422" overuses wire "AGR[7]"
Net "Net_1473" overuses wire "AGL[0]"
Net "Vcomun" overuses wire "AGR[7]"
Net "Net_143" overuses wire "amuxbusL"
Net "Net_1124" overuses wire "amuxbusL"
Net "Net_1422" overuses wire "GPIO P3[3] Mux__7b"
Net "Net_1422" overuses wire "abuf3+ Wire"
Net "Net_1391" overuses wire "GPIO P3[3] Mux__5b"
Net "Net_1391" overuses wire "abuf3+ Wire"
Net "Net_143" overuses wire "AGL[0]"
Net "Net_1422" overuses wire "AGR[7]"
Net "Net_1473" overuses wire "AGL[0]"
Net "Vcomun" overuses wire "AGR[7]"
Net "Net_142" overuses wire "AGL[1]"
Net "Net_1422" overuses wire "amuxbusR"
Net "Net_1379" overuses wire "amuxbusR"
Net "Net_1473" overuses wire "AGL[1]"
Net "Net_143" overuses wire "abusL3"
Net "Net_1124" overuses wire "comp2- Wire"
Net "Net_1410" overuses wire "AGR[6]"
Net "Net_1379" overuses wire "AGL[3]"
Net "Net_1379" overuses wire "AGR[6]"
Net "Net_1473" overuses wire "abusL3"
Net "Net_1473" overuses wire "comp2- Wire"
Net "Net_1473" overuses wire "AGL[3]"
Net "Net_143" overuses wire "abusL1"
Net "Net_1410" overuses wire "AGR[6]"
Net "Net_1422" overuses wire "sc1 Vin Wire"
Net "Net_1379" overuses wire "sc1 Vin Wire"
Net "Net_1379" overuses wire "AGR[6]"
Net "Vcomun" overuses wire "abusL1"
Net "Net_143" overuses wire "abusL3"
Net "Net_1176" overuses wire "AGR[4]"
Net "Net_1422" overuses wire "sc1 Vin Wire"
Net "Net_1379" overuses wire "sc1 Vin Wire"
Net "Net_1379" overuses wire "AGR[4]"
Net "Net_1473" overuses wire "abusL3"
Net "Net_143" overuses wire "abusL1"
Net "Net_1176" overuses wire "AGR[4]"
Net "Net_1379" overuses wire "AGR[3]"
Net "Net_1379" overuses wire "AGR[4]"
Net "Net_1473" overuses wire "AGR[3]"
Net "Vcomun" overuses wire "abusL1"
Net "Net_1124" overuses wire "amuxbusL"
Net "Net_1410" overuses wire "AGR[6]"
Net "Net_1379" overuses wire "AGR[6]"
Net "Net_1473" overuses wire "amuxbusL"
Net "Net_143" overuses wire "AGL[0]"
Net "Net_1422" overuses wire "amuxbusR"
Net "Net_1379" overuses wire "amuxbusR"
Net "Net_1473" overuses wire "AGL[0]"
Net "Net_143" overuses wire "amuxbusL"
Net "Net_1124" overuses wire "amuxbusL"
Net "Net_1422" overuses wire "AGR[7]"
Net "Vcomun" overuses wire "AGR[7]"
Net "Net_143" overuses wire "AGL[0]"
Net "Net_769" overuses wire "AGR[5]"
Net "Net_1473" overuses wire "AGL[0]"
Net "Vcomun" overuses wire "AGR[5]"
Net "Net_143" overuses wire "amuxbusL"
Net "Net_1124" overuses wire "amuxbusL"
Net "Net_769" overuses wire "AGR[5]"
Net "Vcomun" overuses wire "AGR[5]"
Net "Net_1124" overuses wire "AGL[6]"
Net "Net_769" overuses wire "AGR[5]"
Net "Net_1410" overuses wire "AGL[6]"
Net "Vcomun" overuses wire "AGR[5]"
Net "Net_769" overuses wire "AGR[5]"
Net "Vcomun" overuses wire "AGR[5]"
Net "Net_769" overuses wire "AGR[5]"
Net "Vcomun" overuses wire "AGR[5]"
Net "Net_143" overuses wire "AGL[7]"
Net "Net_1422" overuses wire "AGR[7]"
Net "Vcomun" overuses wire "AGR[7]"
Net "Vcomun" overuses wire "AGL[7]"
Net "Net_143" overuses wire "AGL[3]"
Net "Net_1422" overuses wire "amuxbusR"
Net "Net_1379" overuses wire "AGL[3]"
Net "Net_1379" overuses wire "amuxbusR"
Net "Net_143" overuses wire "AGL[5]"
Net "Net_769" overuses wire "AGL[5]"
Net "Net_1422" overuses wire "AGR[7]"
Net "Vcomun" overuses wire "AGR[7]"
Net "Net_143" overuses wire "AGL[7]"
Net "Net_1422" overuses wire "amuxbusR"
Net "Net_1379" overuses wire "amuxbusR"
Net "Vcomun" overuses wire "AGL[7]"
Net "Net_1176" overuses wire "AGR[4]"
Net "Net_1422" overuses wire "sc1 Vin Wire"
Net "Net_1379" overuses wire "sc1 Vin Wire"
Net "Net_1379" overuses wire "AGR[4]"
Net "Net_1410" overuses wire "AGR[6]"
Net "Net_1422" overuses wire "sc1 Vin Wire"
Net "Net_1379" overuses wire "sc1 Vin Wire"
Net "Net_1379" overuses wire "AGR[6]"
Net "Net_143" overuses wire "AGL[3]"
Net "Net_1176" overuses wire "AGR[4]"
Net "Net_1379" overuses wire "AGL[3]"
Net "Net_1379" overuses wire "AGR[4]"
Net "Net_143" overuses wire "AGL[7]"
Net "Net_1410" overuses wire "AGR[6]"
Net "Net_1379" overuses wire "AGR[6]"
Net "Vcomun" overuses wire "AGL[7]"
Net "Net_143" overuses wire "AGL[5]"
Net "Net_1176" overuses wire "AGR[4]"
Net "Net_769" overuses wire "AGL[5]"
Net "Net_1379" overuses wire "AGR[4]"
Net "Net_143" overuses wire "abusL1"
Net "Net_1410" overuses wire "AGR[6]"
Net "Net_1379" overuses wire "AGR[6]"
Net "Vcomun" overuses wire "abusL1"
Net "Net_143" overuses wire "comp0- Wire"
Net "Net_1124" overuses wire "comp0- Wire"
Net "Net_769" overuses wire "AGR[5]"
Net "Net_1410" overuses wire "sc1 out Wire"
Net "Net_1410" overuses wire "AGR[5]"
Net "Net_1410" overuses wire "abuf3- Wire"
Net "Net_1419" overuses wire "sc1 out Wire"
Net "Vcomun" overuses wire "abuf3- Wire"
Net "Net_1410" overuses wire "AGL[2]"
Net "Net_1410" overuses wire "AGR[6]"
Net "Net_1379" overuses wire "AGR[6]"
Net "Net_1411" overuses wire "AGL[2]"
Net "Net_769" overuses wire "AGR[5]"
Net "Net_1410" overuses wire "sc1 out Wire"
Net "Net_1410" overuses wire "AGR[5]"
Net "Net_1410" overuses wire "abuf3- Wire"
Net "Net_1419" overuses wire "sc1 out Wire"
Net "Vcomun" overuses wire "abuf3- Wire"
Net "Net_143" overuses wire "comp2- Wire"
Net "Net_1124" overuses wire "abusL2"
Net "Net_1410" overuses wire "abusL2"
Net "Net_1410" overuses wire "comp2- Wire"
Net "Net_1410" overuses wire "AGR[6]"
Net "Net_1379" overuses wire "AGR[6]"
Net "Net_143" overuses wire "sc0 Vin Wire"
Net "Net_1124" overuses wire "AGL[6]"
Net "Net_1176" overuses wire "AGR[4]"
Net "Net_1410" overuses wire "sc0 Vin Wire"
Net "Net_1410" overuses wire "AGL[6]"
Net "Net_1379" overuses wire "AGR[4]"
Net "Net_143" overuses wire "amuxbusL"
Net "Net_1124" overuses wire "amuxbusL"
Net "Net_1422" overuses wire "amuxbusR"
Net "Net_1379" overuses wire "amuxbusR"
Net "Net_143" overuses wire "AGL[0]"
Net "Net_1422" overuses wire "AGR[7]"
Net "Net_1473" overuses wire "AGL[0]"
Net "Vcomun" overuses wire "AGR[7]"
Net "Net_142" overuses wire "AGL[1]"
Net "Net_1422" overuses wire "abusR0"
Net "Net_1422" overuses wire "GPIO P3[3] Mux abusR0"
Net "Net_1422" overuses wire "GPIO P3[3] Mux__5b"
Net "Net_1422" overuses wire "abuf3+ Wire"
Net "Net_1473" overuses wire "AGL[1]"
Net "Net_1391" overuses wire "abusR0"
Net "Net_1391" overuses wire "GPIO P3[3] Mux abusR0"
Net "Net_1391" overuses wire "GPIO P3[3] Mux__5b"
Net "Net_1391" overuses wire "abuf3+ Wire"
Net "Net_142" overuses wire "AGL[1]"
Net "Net_1422" overuses wire "AGR[7]"
Net "Net_1473" overuses wire "AGL[1]"
Net "Vcomun" overuses wire "AGR[7]"
Net "Net_142" overuses wire "AGL[1]"
Net "Net_1422" overuses wire "amuxbusR"
Net "Net_1379" overuses wire "amuxbusR"
Net "Net_1473" overuses wire "AGL[1]"
Net "Net_143" overuses wire "abusL3"
Net "Net_1422" overuses wire "AGR[7]"
Net "Net_1473" overuses wire "abusL3"
Net "Vcomun" overuses wire "AGR[7]"
Net "Net_142" overuses wire "AGL[1]"
Net "Net_1422" overuses wire "amuxbusR"
Net "Net_1379" overuses wire "amuxbusR"
Net "Net_1473" overuses wire "AGL[1]"
Net "Net_143" overuses wire "AGL[0]"
Net "Net_1422" overuses wire "abusR3"
Net "Net_1422" overuses wire "GPIO P3[3] Mux__8b"
Net "Net_1422" overuses wire "abuf3+ Wire"
Net "Net_1419" overuses wire "abusR3"
Net "Net_1473" overuses wire "AGL[0]"
Net "Net_1391" overuses wire "GPIO P3[3] Mux__5b"
Net "Net_1391" overuses wire "abuf3+ Wire"
Net "Net_143" overuses wire "amuxbusL"
Net "Net_1124" overuses wire "amuxbusL"
Net "Net_1422" overuses wire "AGR[7]"
Net "Vcomun" overuses wire "AGR[7]"
Net "Net_143" overuses wire "AGL[0]"
Net "Net_1422" overuses wire "amuxbusR"
Net "Net_1379" overuses wire "amuxbusR"
Net "Net_1473" overuses wire "AGL[0]"
Net "Net_142" overuses wire "AGL[1]"
Net "Net_1176" overuses wire "AGR[4]"
Net "Net_1379" overuses wire "AGR[4]"
Net "Net_1473" overuses wire "AGL[1]"
Net "Net_142" overuses wire "amuxbusL"
Net "Net_1124" overuses wire "amuxbusL"
Net "Net_1176" overuses wire "AGR[4]"
Net "Net_1379" overuses wire "AGR[4]"
Net "Net_142" overuses wire "AGL[1]"
Net "Net_1410" overuses wire "AGR[6]"
Net "Net_1379" overuses wire "AGR[6]"
Net "Net_1473" overuses wire "AGL[1]"
Net "Net_142" overuses wire "amuxbusL"
Net "Net_1124" overuses wire "amuxbusL"
Net "Net_1176" overuses wire "AGR[4]"
Net "Net_1379" overuses wire "AGR[4]"
Net "Net_142" overuses wire "AGL[1]"
Net "Net_1410" overuses wire "AGR[6]"
Net "Net_1379" overuses wire "AGR[6]"
Net "Net_1473" overuses wire "AGL[1]"
Net "Net_143" overuses wire "abusL3"
Net "Net_1176" overuses wire "AGR[4]"
Net "Net_1379" overuses wire "AGR[3]"
Net "Net_1379" overuses wire "AGR[4]"
Net "Net_1473" overuses wire "abusL3"
Net "Net_1473" overuses wire "AGR[3]"
Net "Net_143" overuses wire "abusL1"
Net "Net_1410" overuses wire "AGR[6]"
Net "Net_1379" overuses wire "AGR[6]"
Net "Vcomun" overuses wire "abusL1"
Net "Net_143" overuses wire "abusL1"
Net "Net_1422" overuses wire "amuxbusR"
Net "Net_1379" overuses wire "amuxbusR"
Net "Vcomun" overuses wire "abusL1"
Net "Net_143" overuses wire "abusL3"
Net "Net_1422" overuses wire "AGR[7]"
Net "Net_1473" overuses wire "abusL3"
Net "Vcomun" overuses wire "AGR[7]"
Net "Net_143" overuses wire "AGL[0]"
Net "Net_1422" overuses wire "amuxbusR"
Net "Net_1379" overuses wire "amuxbusR"
Net "Net_1473" overuses wire "AGL[0]"
Net "Net_143" overuses wire "AGL[0]"
Net "Net_1422" overuses wire "AGR[7]"
Net "Net_1473" overuses wire "AGL[0]"
Net "Vcomun" overuses wire "AGR[7]"
Net "Net_143" overuses wire "abusL3"
Net "Net_1422" overuses wire "abusR3"
Net "Net_1422" overuses wire "GPIO P3[3] Mux__8b"
Net "Net_1422" overuses wire "abuf3+ Wire"
Net "Net_1419" overuses wire "abusR3"
Net "Net_1473" overuses wire "abusL3"
Net "Net_1391" overuses wire "GPIO P3[3] Mux__5b"
Net "Net_1391" overuses wire "abuf3+ Wire"
Net "Net_143" overuses wire "AGL[3]"
Net "Net_1422" overuses wire "amuxbusR"
Net "Net_1379" overuses wire "AGL[3]"
Net "Net_1379" overuses wire "amuxbusR"
Net "Net_143" overuses wire "AGL[7]"
Net "Net_1422" overuses wire "AGR[7]"
Net "Vcomun" overuses wire "AGR[7]"
Net "Vcomun" overuses wire "AGL[7]"
Net "Net_143" overuses wire "abusL1"
Net "Net_1422" overuses wire "AGR[7]"
Net "Vcomun" overuses wire "AGR[7]"
Net "Vcomun" overuses wire "abusL1"
Net "Net_143" overuses wire "AGL[5]"
Net "Net_1176" overuses wire "AGR[4]"
Net "Net_769" overuses wire "AGL[5]"
Net "Net_1379" overuses wire "AGR[4]"
Net "Net_143" overuses wire "abusL3"
Net "Net_1410" overuses wire "AGR[6]"
Net "Net_1379" overuses wire "AGR[6]"
Net "Net_1473" overuses wire "abusL3"
Net "Net_1176" overuses wire "AGR[4]"
Net "Net_1422" overuses wire "sc1 Vin Wire"
Net "Net_1379" overuses wire "sc1 Vin Wire"
Net "Net_1379" overuses wire "AGR[4]"
Net "Net_1410" overuses wire "AGR[6]"
Net "Net_1422" overuses wire "sc1 Vin Wire"
Net "Net_1379" overuses wire "sc1 Vin Wire"
Net "Net_1379" overuses wire "AGR[6]"
Net "Net_1176" overuses wire "AGR[4]"
Net "Net_1422" overuses wire "sc1 Vin Wire"
Net "Net_1379" overuses wire "sc1 Vin Wire"
Net "Net_1379" overuses wire "AGR[4]"
Net "Net_1410" overuses wire "AGR[6]"
Net "Net_1422" overuses wire "sc1 Vin Wire"
Net "Net_1379" overuses wire "sc1 Vin Wire"
Net "Net_1379" overuses wire "AGR[6]"
Net "Net_1176" overuses wire "AGR[4]"
Net "Net_1422" overuses wire "sc1 Vin Wire"
Net "Net_1379" overuses wire "sc1 Vin Wire"
Net "Net_1379" overuses wire "AGR[4]"
Net "Net_143" overuses wire "AGL[3]"
Net "Net_1422" overuses wire "amuxbusR"
Net "Net_1379" overuses wire "AGL[3]"
Net "Net_1379" overuses wire "AGR[3]"
Net "Net_1379" overuses wire "amuxbusR"
Net "Net_1473" overuses wire "AGR[3]"
Net "Net_143" overuses wire "AGL[7]"
Net "Net_1124" overuses wire "abusR2"
Net "Net_1422" overuses wire "abusR2"
Net "Net_1422" overuses wire "GPIO P3[3] Mux__7b"
Net "Net_1422" overuses wire "abuf3+ Wire"
Net "Net_1391" overuses wire "GPIO P3[3] Mux__5b"
Net "Net_1391" overuses wire "abuf3+ Wire"
Net "Vcomun" overuses wire "AGL[7]"
Net "Net_143" overuses wire "abusL1"
Net "Net_1422" overuses wire "AGR[7]"
Net "Vcomun" overuses wire "AGR[7]"
Net "Vcomun" overuses wire "abusL1"
Net "Net_143" overuses wire "AGL[5]"
Net "Net_769" overuses wire "AGL[5]"
Net "Net_1422" overuses wire "amuxbusR"
Net "Net_1379" overuses wire "amuxbusR"
Net "Net_143" overuses wire "abusL3"
Net "Net_1422" overuses wire "AGR[7]"
Net "Net_1473" overuses wire "abusL3"
Net "Vcomun" overuses wire "AGR[7]"
Net "Net_143" overuses wire "AGL[3]"
Net "Net_1422" overuses wire "amuxbusR"
Net "Net_1379" overuses wire "AGL[3]"
Net "Net_1379" overuses wire "amuxbusR"
Net "Net_143" overuses wire "AGL[7]"
Net "Net_1410" overuses wire "AGR[6]"
Net "Net_1379" overuses wire "AGR[6]"
Net "Vcomun" overuses wire "AGL[7]"
Net "Net_143" overuses wire "abusL1"
Net "Net_1176" overuses wire "AGR[4]"
Net "Net_1379" overuses wire "AGR[4]"
Net "Vcomun" overuses wire "abusL1"
Net "Net_143" overuses wire "AGL[5]"
Net "Net_769" overuses wire "AGL[5]"
Net "Net_1410" overuses wire "AGR[6]"
Net "Net_1379" overuses wire "AGR[6]"
Net "Net_143" overuses wire "abusL3"
Net "Net_1422" overuses wire "amuxbusR"
Net "Net_1379" overuses wire "amuxbusR"
Net "Net_1473" overuses wire "abusL3"
Net "Net_143" overuses wire "AGL[3]"
Net "Net_1422" overuses wire "AGR[7]"
Net "Net_1379" overuses wire "AGL[3]"
Net "Vcomun" overuses wire "AGR[7]"
Net "Net_143" overuses wire "AGL[7]"
Net "Net_1422" overuses wire "abusR0"
Net "Net_1422" overuses wire "GPIO P3[3] Mux abusR0"
Net "Net_1422" overuses wire "GPIO P3[3] Mux__5b"
Net "Net_1422" overuses wire "abuf3+ Wire"
Net "Net_1391" overuses wire "abusR0"
Net "Net_1391" overuses wire "GPIO P3[3] Mux abusR0"
Net "Net_1391" overuses wire "GPIO P3[3] Mux__5b"
Net "Net_1391" overuses wire "abuf3+ Wire"
Net "Vcomun" overuses wire "AGL[7]"
Net "Net_143" overuses wire "abusL1"
Net "Net_769" overuses wire "AGL[5]"
Net "Net_769" overuses wire "AGL2AGR[5] Sw__0b"
Net "Net_769" overuses wire "AGR[5]"
Net "Vcomun" overuses wire "AGR[5]"
Net "Vcomun" overuses wire "AGL2AGR[5] Sw__0b"
Net "Vcomun" overuses wire "AGL[5]"
Net "Vcomun" overuses wire "abusL1"
Net "Net_1124" overuses wire "abusL2"
Net "Net_769" overuses wire "abusL2"
Net "Net_769" overuses wire "cmp1_vref"
Net "Net_769" overuses wire "AGR[5]"
Net "Net_1473" overuses wire "cmp1_vref"
Net "Vcomun" overuses wire "AGR[5]"
Net "Net_1124" overuses wire "sc3 out Wire"
Net "Net_769" overuses wire "sc3 out Wire"
Net "Net_769" overuses wire "AGR[0]"
Net "Net_769" overuses wire "AGR[5]"
Net "Net_1441" overuses wire "AGR[0]"
Net "Vcomun" overuses wire "AGR[5]"
Net "Net_1124" overuses wire "sc3 out Wire"
Net "Net_769" overuses wire "sc3 out Wire"
Net "Net_769" overuses wire "AGR[2]"
Net "Net_769" overuses wire "AGR[5]"
Net "Net_1473" overuses wire "AGR[2]"
Net "Vcomun" overuses wire "AGR[5]"
Net "Net_1124" overuses wire "abusL2"
Net "Net_769" overuses wire "abusL2"
Net "Net_769" overuses wire "AGR[5]"
Net "Net_1419" overuses wire "abusR3"
Net "Net_1473" overuses wire "abusR3"
Net "Vcomun" overuses wire "AGR[5]"
Net "Net_1124" overuses wire "abusL2"
Net "Net_769" overuses wire "abusL2"
Net "Net_769" overuses wire "AGR[5]"
Net "Net_1419" overuses wire "abusR1"
Net "Vcomun" overuses wire "AGR[5]"
Net "Vcomun" overuses wire "abusR1"
Net "Net_1124" overuses wire "sc2 Vin Wire"
Net "Net_769" overuses wire "sc2 Vin Wire"
Net "Net_769" overuses wire "AGR[5]"
Net "Net_1419" overuses wire "abusR1"
Net "Vcomun" overuses wire "AGR[5]"
Net "Vcomun" overuses wire "abusR1"
Net "Net_1124" overuses wire "sc2 Vin Wire"
Net "Net_769" overuses wire "sc2 Vin Wire"
Net "Net_769" overuses wire "AGR[5]"
Net "Net_1419" overuses wire "abusR1"
Net "Vcomun" overuses wire "AGR[5]"
Net "Vcomun" overuses wire "abusR1"
Net "Net_1124" overuses wire "sc2 Vin Wire"
Net "Net_769" overuses wire "sc2 Vin Wire"
Net "Net_769" overuses wire "AGR[5]"
Net "Net_1419" overuses wire "abusR1"
Net "Vcomun" overuses wire "AGR[5]"
Net "Vcomun" overuses wire "abusR1"
Net "Net_1124" overuses wire "abusR2"
Net "Net_769" overuses wire "abusR2"
Net "Net_769" overuses wire "AGR[5]"
Net "Net_1419" overuses wire "abusR3"
Net "Net_1473" overuses wire "abusR3"
Net "Vcomun" overuses wire "AGR[5]"
Net "Net_1124" overuses wire "abusR0"
Net "Net_1124" overuses wire "abusL2abusR[0]__0b"
Net "Net_1124" overuses wire "abusL0"
Net "Net_769" overuses wire "AGR[5]"
Net "Net_1419" overuses wire "abusR1"
Net "Net_1391" overuses wire "abusL0"
Net "Net_1391" overuses wire "abusL2abusR[0]__0b"
Net "Net_1391" overuses wire "abusR0"
Net "Vcomun" overuses wire "AGR[5]"
Net "Vcomun" overuses wire "abusR1"
Net "Net_1124" overuses wire "AGR[2]"
Net "Net_1124" overuses wire "AGL[2]"
Net "Net_769" overuses wire "AGR[5]"
Net "Net_1419" overuses wire "abusR3"
Net "Net_1411" overuses wire "AGL[2]"
Net "Net_1473" overuses wire "abusR3"
Net "Net_1473" overuses wire "AGR[2]"
Net "Vcomun" overuses wire "AGR[5]"
Net "Net_1124" overuses wire "sc2 Vin Wire"
Net "Net_769" overuses wire "sc2 Vin Wire"
Net "Net_769" overuses wire "AGR[5]"
Net "Net_1481" overuses wire "AGR[1]"
Net "Vcomun" overuses wire "AGR[5]"
Net "Vcomun" overuses wire "AGR[1]"
Net "Net_1124" overuses wire "sc2 Vin Wire"
Net "Net_769" overuses wire "sc2 Vin Wire"
Net "Net_769" overuses wire "AGR[5]"
Net "Net_1419" overuses wire "abusR1"
Net "Vcomun" overuses wire "AGR[5]"
Net "Vcomun" overuses wire "abusR1"
Net "Net_1123" overuses wire "AGL[4]"
Net "Net_1176" overuses wire "AGR[4]"
Net "Net_769" overuses wire "AGL[4]"
Net "Net_769" overuses wire "AGR[4]"
Net "Net_1419" overuses wire "abusR3"
Net "Net_1473" overuses wire "abusR3"
Net "Net_1123" overuses wire "AGL[4]"
Net "Net_1176" overuses wire "AGR[4]"
Net "Net_769" overuses wire "AGL[4]"
Net "Net_769" overuses wire "AGR[4]"
Net "Net_1411" overuses wire "AGL[2]"
Net "Net_1473" overuses wire "AGL[2]"
Net "Net_1124" overuses wire "abusR2"
Net "Net_1124" overuses wire "amuxbusL"
Net "Net_769" overuses wire "abusR2"
Net "Net_769" overuses wire "AGR[5]"
Net "Net_1473" overuses wire "amuxbusL"
Net "Vcomun" overuses wire "AGR[5]"
Net "Net_1124" overuses wire "AGL[6]"
Net "Net_769" overuses wire "AGR[5]"
Net "Net_1410" overuses wire "AGL[6]"
Net "Vcomun" overuses wire "AGR[5]"
Net "Net_1124" overuses wire "AGL[6]"
Net "Net_769" overuses wire "AGR[5]"
Net "Net_1410" overuses wire "AGL[6]"
Net "Vcomun" overuses wire "AGR[5]"
Net "Net_143" overuses wire "AGL[7]"
Net "Net_1124" overuses wire "AGL[6]"
Net "Net_1410" overuses wire "AGL[6]"
Net "Net_1422" overuses wire "AGR[7]"
Net "Vcomun" overuses wire "AGR[7]"
Net "Vcomun" overuses wire "AGL[7]"
Net "Net_1123" overuses wire "sc2 out Wire"
Net "Net_1176" overuses wire "sc3 Vin Wire"
Net "Net_1410" overuses wire "abusL0"
Net "Net_1410" overuses wire "sc2 out Wire"
Net "Net_1410" overuses wire "sc3 Vin Wire"
Net "Net_1422" overuses wire "amuxbusR"
Net "Net_1379" overuses wire "amuxbusR"
Net "Net_1391" overuses wire "abusL0"
Net "Net_1410" overuses wire "sc1 out Wire"
Net "Net_1410" overuses wire "AGR[1]"
Net "Net_1410" overuses wire "AGR[6]"
Net "Net_1379" overuses wire "AGR[6]"
Net "Net_1419" overuses wire "sc1 out Wire"
Net "Net_1481" overuses wire "AGR[1]"
Net "Net_1124" overuses wire "AGL[6]"
Net "Net_1410" overuses wire "AGL[6]"
Net "Net_1410" overuses wire "AGR[6]"
Net "Net_1379" overuses wire "AGR[6]"
Net "Net_1124" overuses wire "AGL[6]"
Net "Net_1410" overuses wire "AGL[6]"
Net "Net_1422" overuses wire "amuxbusR"
Net "Net_1379" overuses wire "amuxbusR"
Net "Net_1124" overuses wire "AGL[6]"
Net "Net_1410" overuses wire "AGL[6]"
Net "Net_1422" overuses wire "AGR[7]"
Net "Vcomun" overuses wire "AGR[7]"
Net "Net_1410" overuses wire "sc1 out Wire"
Net "Net_1410" overuses wire "AGR[3]"
Net "Net_1422" overuses wire "AGR[7]"
Net "Net_1379" overuses wire "AGR[3]"
Net "Net_1419" overuses wire "sc1 out Wire"
Net "Vcomun" overuses wire "AGR[7]"
Net "Net_1124" overuses wire "AGR[2]"
Net "Net_1176" overuses wire "AGR[4]"
Net "Net_1410" overuses wire "AGL[2]"
Net "Net_1410" overuses wire "AGR[2]"
Net "Net_1379" overuses wire "AGR[4]"
Net "Net_1411" overuses wire "AGL[2]"
Net "Net_1124" overuses wire "AGR[0]"
Net "Net_1410" overuses wire "AGL[2]"
Net "Net_1410" overuses wire "AGR[6]"
Net "Net_1379" overuses wire "AGR[6]"
Net "Net_1411" overuses wire "AGL[2]"
Net "Net_1441" overuses wire "AGR[0]"
Net "Net_1124" overuses wire "AGR[0]"
Net "Net_1176" overuses wire "AGR[4]"
Net "Net_1410" overuses wire "AGL[2]"
Net "Net_1379" overuses wire "AGR[4]"
Net "Net_1411" overuses wire "AGL[2]"
Net "Net_1441" overuses wire "AGR[0]"
Net "Net_1123" overuses wire "sc2 out Wire"
Net "Net_1176" overuses wire "sc3 Vin Wire"
Net "Net_1410" overuses wire "abusL0"
Net "Net_1410" overuses wire "sc2 out Wire"
Net "Net_1410" overuses wire "sc3 Vin Wire"
Net "Net_1422" overuses wire "amuxbusR"
Net "Net_1379" overuses wire "amuxbusR"
Net "Net_1391" overuses wire "abusL0"
Net "Net_1124" overuses wire "AGL[6]"
Net "Net_769" overuses wire "abusR2"
Net "Net_1410" overuses wire "AGL[6]"
Net "Net_1422" overuses wire "abusR2"
Net "Net_1422" overuses wire "GPIO P3[3] Mux__7b"
Net "Net_1422" overuses wire "abuf3+ Wire"
Net "Net_1391" overuses wire "GPIO P3[3] Mux__5b"
Net "Net_1391" overuses wire "abuf3+ Wire"
Net "Net_1124" overuses wire "cmp1_vref"
Net "Net_769" overuses wire "cmp1_vref"
Net "Net_1410" overuses wire "sc1 out Wire"
Net "Net_1410" overuses wire "AGR[1]"
Net "Net_1422" overuses wire "GPIO P3[3] Mux__7b"
Net "Net_1422" overuses wire "abuf3+ Wire"
Net "Net_1419" overuses wire "sc1 out Wire"
Net "Net_1481" overuses wire "AGR[1]"
Net "Net_1391" overuses wire "GPIO P3[3] Mux__5b"
Net "Net_1391" overuses wire "abuf3+ Wire"
Net "Net_143" overuses wire "AGL[5]"
Net "Net_1123" overuses wire "sc2 out Wire"
Net "Net_1176" overuses wire "sc3 Vin Wire"
Net "Net_769" overuses wire "AGL[5]"
Net "Net_1410" overuses wire "sc2 out Wire"
Net "Net_1410" overuses wire "sc3 Vin Wire"
Net "Net_1422" overuses wire "GPIO P3[3] Mux__7b"
Net "Net_1422" overuses wire "abuf3+ Wire"
Net "Net_1391" overuses wire "GPIO P3[3] Mux__5b"
Net "Net_1391" overuses wire "abuf3+ Wire"
Net "Net_143" overuses wire "v0 Wire"
Net "Net_1123" overuses wire "sc2 out Wire"
Net "Net_1176" overuses wire "sc3 Vin Wire"
Net "Net_1410" overuses wire "sc2 out Wire"
Net "Net_1410" overuses wire "sc3 Vin Wire"
Net "Net_1422" overuses wire "AGR[7]"
Net "Net_1473" overuses wire "v0 Wire"
Net "Vcomun" overuses wire "AGR[7]"
Net "Net_143" overuses wire "v0 Wire"
Net "Net_1124" overuses wire "comp1- Wire"
Net "Net_1410" overuses wire "comp1- Wire"
Net "Net_1422" overuses wire "amuxbusR"
Net "Net_1379" overuses wire "amuxbusR"
Net "Net_1473" overuses wire "v0 Wire"
Net "Net_143" overuses wire "sc0 Vin Wire"
Net "Net_1124" overuses wire "comp1- Wire"
Net "Net_1410" overuses wire "sc0 Vin Wire"
Net "Net_1410" overuses wire "comp1- Wire"
Net "Net_1422" overuses wire "AGR[7]"
Net "Vcomun" overuses wire "AGR[7]"
Net "Net_1124" overuses wire "sc2 Vin Wire"
Net "Net_769" overuses wire "sc2 Vin Wire"
Net "Net_1422" overuses wire "amuxbusR"
Net "Net_1379" overuses wire "amuxbusR"
Net "Net_1124" overuses wire "sc2 Vin Wire"
Net "Net_769" overuses wire "sc2 Vin Wire"
Net "Net_1422" overuses wire "AGR[7]"
Net "Vcomun" overuses wire "AGR[7]"
Net "Net_143" overuses wire "comp0- Wire"
Net "Net_1124" overuses wire "comp1- Wire"
Net "Net_1124" overuses wire "comp0- Wire"
Net "Net_1410" overuses wire "comp1- Wire"
Net "Net_1422" overuses wire "amuxbusR"
Net "Net_1379" overuses wire "amuxbusR"
Net "Net_143" overuses wire "v0 Wire"
Net "Net_1124" overuses wire "cmp1_vref"
Net "Net_1410" overuses wire "cmp1_vref"
Net "Net_1422" overuses wire "AGR[7]"
Net "Net_1473" overuses wire "v0 Wire"
Net "Vcomun" overuses wire "AGR[7]"
Net "Net_143" overuses wire "sc0 Vin Wire"
Net "Net_142" overuses wire "dsm0+ Wire"
Net "Net_1124" overuses wire "abusL2"
Net "Net_1124" overuses wire "dsm0+ Wire"
Net "Net_1410" overuses wire "sc0 Vin Wire"
Net "Net_1410" overuses wire "abusL2"
Net "Net_1422" overuses wire "amuxbusR"
Net "Net_1379" overuses wire "amuxbusR"
Net "Net_1124" overuses wire "sc2 Vin Wire"
Net "Net_769" overuses wire "sc2 Vin Wire"
Net "Net_1410" overuses wire "AGR[6]"
Net "Net_1379" overuses wire "AGR[6]"
Net "Net_1124" overuses wire "sc2 Vin Wire"
Net "Net_1176" overuses wire "AGR[4]"
Net "Net_769" overuses wire "sc2 Vin Wire"
Net "Net_1379" overuses wire "AGR[4]"
Net "Net_1124" overuses wire "AGL[2]"
Net "Net_1410" overuses wire "AGR[6]"
Net "Net_1379" overuses wire "AGR[6]"
Net "Net_1411" overuses wire "AGL[2]"
Net "Net_143" overuses wire "comp0- Wire"
Net "Net_1124" overuses wire "cmp1_vref"
Net "Net_1124" overuses wire "comp0- Wire"
Net "Net_1176" overuses wire "AGR[4]"
Net "Net_1410" overuses wire "cmp1_vref"
Net "Net_1379" overuses wire "AGR[4]"
Net "Net_143" overuses wire "v0 Wire"
Net "Net_1124" overuses wire "abusR2"
Net "Net_1410" overuses wire "abusR2"
Net "Net_1410" overuses wire "AGR[6]"
Net "Net_1379" overuses wire "AGR[6]"
Net "Net_1473" overuses wire "v0 Wire"
Net "Net_143" overuses wire "sc0 Vin Wire"
Net "Net_1410" overuses wire "sc0 Vin Wire"
Net "Net_1410" overuses wire "amuxbusR"
Net "Net_1422" overuses wire "amuxbusR"
Net "Net_143" overuses wire "comp0- Wire"
Net "Net_1124" overuses wire "comp0- Wire"
Net "Net_1422" overuses wire "AGR[7]"
Net "Vcomun" overuses wire "AGR[7]"
Net "Net_143" overuses wire "v0 Wire"
Net "Net_1410" overuses wire "amuxbusR"
Net "Net_1422" overuses wire "amuxbusR"
Net "Net_1473" overuses wire "v0 Wire"
Net "Net_143" overuses wire "comp0- Wire"
Net "Net_1124" overuses wire "comp0- Wire"
Net "Net_1422" overuses wire "AGR[7]"
Net "Vcomun" overuses wire "AGR[7]"
Net "Net_143" overuses wire "sc0 Vin Wire"
Net "Net_1410" overuses wire "sc0 Vin Wire"
Net "Net_1422" overuses wire "AGR[7]"
Net "Vcomun" overuses wire "AGR[7]"
Net "Net_143" overuses wire "v0 Wire"
Net "Net_1410" overuses wire "amuxbusR"
Net "Net_1422" overuses wire "amuxbusR"
Net "Net_1473" overuses wire "v0 Wire"
Net "Net_143" overuses wire "comp0- Wire"
Net "Net_1124" overuses wire "comp1- Wire"
Net "Net_1124" overuses wire "comp0- Wire"
Net "Net_1410" overuses wire "comp1- Wire"
Net "Net_1410" overuses wire "AGR[6]"
Net "Net_1379" overuses wire "AGR[6]"
Net "Net_143" overuses wire "sc0 Vin Wire"
Net "Net_1124" overuses wire "sc2 Vin Wire"
Net "Net_1176" overuses wire "AGR[4]"
Net "Net_769" overuses wire "sc2 Vin Wire"
Net "Net_1410" overuses wire "sc0 Vin Wire"
Net "Net_1379" overuses wire "AGR[4]"
Net "Net_1124" overuses wire "abusR0"
Net "Net_1124" overuses wire "abusL2abusR[0]__0b"
Net "Net_1124" overuses wire "abusL0"
Net "Net_1176" overuses wire "AGR[4]"
Net "Net_1379" overuses wire "AGR[4]"
Net "Net_1391" overuses wire "abusL0"
Net "Net_1391" overuses wire "abusL2abusR[0]__0b"
Net "Net_1391" overuses wire "abusR0"
Net "Net_1124" overuses wire "AGL[2]"
Net "Net_1410" overuses wire "AGR[6]"
Net "Net_1379" overuses wire "AGR[6]"
Net "Net_1411" overuses wire "AGL[2]"
Net "Net_1124" overuses wire "sc3 Vin Wire"
Net "Net_1124" overuses wire "sc2 out Wire"
Net "Net_1123" overuses wire "sc2 out Wire"
Net "Net_1176" overuses wire "sc3 Vin Wire"
Net "Net_1176" overuses wire "AGR[4]"
Net "Net_1379" overuses wire "AGR[4]"
Net "Net_1124" overuses wire "sc2 Vin Wire"
Net "Net_769" overuses wire "sc2 Vin Wire"
Net "Net_1410" overuses wire "AGR[6]"
Net "Net_1379" overuses wire "AGR[6]"
Net "Net_1124" overuses wire "AGL[2]"
Net "Net_1176" overuses wire "AGR[4]"
Net "Net_1379" overuses wire "AGR[4]"
Net "Net_1411" overuses wire "AGL[2]"
Net "Net_1124" overuses wire "sc2 Vin Wire"
Net "Net_769" overuses wire "sc2 Vin Wire"
Net "Net_1410" overuses wire "AGR[6]"
Net "Net_1379" overuses wire "AGR[6]"
Net "Net_1124" overuses wire "AGL[2]"
Net "Net_769" overuses wire "AGR[5]"
Net "Net_1410" overuses wire "AGR[5]"
Net "Net_1410" overuses wire "abuf3- Wire"
Net "Net_1411" overuses wire "AGL[2]"
Net "Vcomun" overuses wire "abuf3- Wire"
Net "Net_143" overuses wire "comp0- Wire"
Net "Net_1124" overuses wire "comp0- Wire"
Net "Net_1410" overuses wire "amuxbusR"
Net "Net_1422" overuses wire "amuxbusR"
Net "Net_143" overuses wire "v0 Wire"
Net "Net_1422" overuses wire "AGR[7]"
Net "Net_1473" overuses wire "v0 Wire"
Net "Vcomun" overuses wire "AGR[7]"
Net "Net_143" overuses wire "sc0 Vin Wire"
Net "Net_1410" overuses wire "sc0 Vin Wire"
Net "Net_1422" overuses wire "abusR0"
Net "Net_1422" overuses wire "GPIO P3[3] Mux abusR0"
Net "Net_1422" overuses wire "GPIO P3[3] Mux__5b"
Net "Net_1422" overuses wire "abuf3+ Wire"
Net "Net_1391" overuses wire "abusR0"
Net "Net_1391" overuses wire "GPIO P3[3] Mux abusR0"
Net "Net_1391" overuses wire "GPIO P3[3] Mux__5b"
Net "Net_1391" overuses wire "abuf3+ Wire"
Net "Net_143" overuses wire "abusL1"
Net "Net_1410" overuses wire "amuxbusR"
Net "Net_1422" overuses wire "amuxbusR"
Net "Vcomun" overuses wire "abusL1"
Net "Net_143" overuses wire "AGL[3]"
Net "Net_769" overuses wire "AGR[5]"
Net "Net_1410" overuses wire "AGR[5]"
Net "Net_1410" overuses wire "abuf3- Wire"
Net "Net_1379" overuses wire "AGL[3]"
Net "Vcomun" overuses wire "abuf3- Wire"
Net "Net_143" overuses wire "v0 Wire"
Net "Net_1410" overuses wire "amuxbusR"
Net "Net_1422" overuses wire "amuxbusR"
Net "Net_1473" overuses wire "v0 Wire"
Net "Net_143" overuses wire "sc0 Vin Wire"
Net "Net_1410" overuses wire "sc0 Vin Wire"
Net "Net_1422" overuses wire "AGR[7]"
Net "Vcomun" overuses wire "AGR[7]"
Net "Net_143" overuses wire "comp0- Wire"
Net "Net_1124" overuses wire "comp0- Wire"
Net "Net_1422" overuses wire "AGR[7]"
Net "Vcomun" overuses wire "AGR[7]"
Net "Net_143" overuses wire "abusL1"
Net "Net_1422" overuses wire "AGR[7]"
Net "Vcomun" overuses wire "AGR[7]"
Net "Vcomun" overuses wire "abusL1"
Net "Net_143" overuses wire "AGL[5]"
Net "Net_769" overuses wire "AGL[5]"
Net "Net_1410" overuses wire "amuxbusR"
Net "Net_1422" overuses wire "amuxbusR"
Net "Net_143" overuses wire "AGL[7]"
Net "Net_769" overuses wire "AGR[5]"
Net "Net_1410" overuses wire "AGR[5]"
Net "Net_1410" overuses wire "abuf3- Wire"
Net "Vcomun" overuses wire "AGL[7]"
Net "Vcomun" overuses wire "abuf3- Wire"
Net "Net_143" overuses wire "AGL[3]"
Net "Net_1410" overuses wire "amuxbusR"
Net "Net_1422" overuses wire "amuxbusR"
Net "Net_1379" overuses wire "AGL[3]"
Net "Net_143" overuses wire "sc0 Vin Wire"
Net "Net_1124" overuses wire "comp1- Wire"
Net "Net_1410" overuses wire "sc0 Vin Wire"
Net "Net_1410" overuses wire "comp1- Wire"
Net "Net_1410" overuses wire "AGR[6]"
Net "Net_1379" overuses wire "AGR[6]"
Net "Net_143" overuses wire "v0 Wire"
Net "Net_1124" overuses wire "AGL[6]"
Net "Net_1176" overuses wire "AGR[4]"
Net "Net_1410" overuses wire "AGL[6]"
Net "Net_1379" overuses wire "AGR[4]"
Net "Net_1473" overuses wire "v0 Wire"
Net "Net_143" overuses wire "dsm0+ Wire"
Net "Net_143" overuses wire "AGL[0]"
Net "Net_142" overuses wire "dsm0+ Wire"
Net "Net_1176" overuses wire "AGR[4]"
Net "Net_1379" overuses wire "AGR[4]"
Net "Net_1473" overuses wire "AGL[0]"
Net "Net_143" overuses wire "comp2- Wire"
Net "Net_143" overuses wire "comp2- Sw__0b"
Net "Net_143" overuses wire "amuxbusL"
Net "Net_1124" overuses wire "comp2- Wire"
Net "Net_1124" overuses wire "comp2- Sw__0b"
Net "Net_1124" overuses wire "amuxbusL"
Net "Net_1410" overuses wire "AGR[6]"
Net "Net_1379" overuses wire "AGR[6]"
Net "Net_143" overuses wire "AGL[0]"
Net "Net_1176" overuses wire "AGR[4]"
Net "Net_1379" overuses wire "AGR[4]"
Net "Net_1473" overuses wire "AGL[0]"
Net "Net_143" overuses wire "amuxbusL"
Net "Net_1124" overuses wire "amuxbusL"
Net "Net_1410" overuses wire "AGR[6]"
Net "Net_1379" overuses wire "AGR[6]"
Net "Net_143" overuses wire "amuxbusL"
Net "Net_1124" overuses wire "amuxbusL"
Net "Net_1176" overuses wire "AGR[4]"
Net "Net_1379" overuses wire "AGR[4]"
Net "Net_143" overuses wire "amuxbusL"
Net "Net_1124" overuses wire "amuxbusL"
Net "Net_1410" overuses wire "AGR[6]"
Net "Net_1379" overuses wire "AGR[6]"
Net "Net_142" overuses wire "AGL[1]"
Net "Net_1176" overuses wire "AGR[4]"
Net "Net_1379" overuses wire "AGR[4]"
Net "Net_1473" overuses wire "AGL[1]"
Net "Net_142" overuses wire "AGL[1]"
Net "Net_1410" overuses wire "AGR[6]"
Net "Net_1379" overuses wire "AGR[6]"
Net "Net_1473" overuses wire "AGL[1]"
Net "Net_143" overuses wire "AGL[0]"
Net "Net_1176" overuses wire "AGR[4]"
Net "Net_1379" overuses wire "AGR[4]"
Net "Net_1473" overuses wire "AGL[0]"
Net "Net_143" overuses wire "amuxbusL"
Net "Net_1124" overuses wire "amuxbusL"
Net "Net_1410" overuses wire "AGR[6]"
Net "Net_1379" overuses wire "AGR[6]"
Net "Net_143" overuses wire "AGL[0]"
Net "Net_1176" overuses wire "AGR[4]"
Net "Net_1379" overuses wire "AGR[4]"
Net "Net_1473" overuses wire "AGL[0]"
Net "Net_143" overuses wire "amuxbusL"
Net "Net_1124" overuses wire "amuxbusL"
Net "Net_1422" overuses wire "amuxbusR"
Net "Net_1379" overuses wire "amuxbusR"
Net "Net_143" overuses wire "AGL[0]"
Net "Net_1124" overuses wire "abusR2"
Net "Net_1422" overuses wire "abusR2"
Net "Net_1422" overuses wire "GPIO P3[3] Mux__7b"
Net "Net_1422" overuses wire "abuf3+ Wire"
Net "Net_1473" overuses wire "AGL[0]"
Net "Net_1391" overuses wire "GPIO P3[3] Mux__5b"
Net "Net_1391" overuses wire "abuf3+ Wire"
Net "Net_1124" overuses wire "AGL[6]"
Net "Net_1410" overuses wire "AGL[6]"
Net "Net_1422" overuses wire "GPIO P3[3] Mux__7b"
Net "Net_1422" overuses wire "abuf3+ Wire"
Net "Net_1391" overuses wire "GPIO P3[3] Mux__5b"
Net "Net_1391" overuses wire "abuf3+ Wire"
Net "Net_1410" overuses wire "sc1 out Wire"
Net "Net_1410" overuses wire "AGR[1]"
Net "Net_1422" overuses wire "GPIO P3[3] Mux__7b"
Net "Net_1422" overuses wire "abuf3+ Wire"
Net "Net_1419" overuses wire "sc1 out Wire"
Net "Net_1481" overuses wire "AGR[1]"
Net "Net_1391" overuses wire "GPIO P3[3] Mux__5b"
Net "Net_1391" overuses wire "abuf3+ Wire"
Net "Net_1410" overuses wire "sc1 out Wire"
Net "Net_1410" overuses wire "AGR[3]"
Net "Net_1422" overuses wire "GPIO P3[3] Mux__7b"
Net "Net_1422" overuses wire "abuf3+ Wire"
Net "Net_1379" overuses wire "AGR[3]"
Net "Net_1419" overuses wire "sc1 out Wire"
Net "Net_1391" overuses wire "GPIO P3[3] Mux__5b"
Net "Net_1391" overuses wire "abuf3+ Wire"
Net "Net_1124" overuses wire "AGL[6]"
Net "Net_1410" overuses wire "AGL[6]"
Net "Net_1422" overuses wire "AGR[7]"
Net "Vcomun" overuses wire "AGR[7]"
Net "Net_143" overuses wire "amuxbusL"
Net "Net_1124" overuses wire "amuxbusL"
Net "Net_1422" overuses wire "AGR[7]"
Net "Vcomun" overuses wire "AGR[7]"
Net "Net_143" overuses wire "AGL[0]"
Net "Net_1422" overuses wire "amuxbusR"
Net "Net_1379" overuses wire "amuxbusR"
Net "Net_1473" overuses wire "AGL[0]"
Net "Net_143" overuses wire "amuxbusL"
Net "Net_1124" overuses wire "amuxbusL"
Net "Net_1422" overuses wire "AGR[7]"
Net "Vcomun" overuses wire "AGR[7]"
Net "Net_143" overuses wire "AGL[0]"
Net "Net_1422" overuses wire "AGR[7]"
Net "Net_1473" overuses wire "AGL[0]"
Net "Vcomun" overuses wire "AGR[7]"
Net "Net_143" overuses wire "amuxbusL"
Net "Net_1124" overuses wire "amuxbusL"
Net "Net_1422" overuses wire "amuxbusR"
Net "Net_1379" overuses wire "amuxbusR"
Net "Net_143" overuses wire "AGL[0]"
Net "Net_1422" overuses wire "AGR[7]"
Net "Net_1473" overuses wire "AGL[0]"
Net "Vcomun" overuses wire "AGR[7]"
Net "Net_143" overuses wire "amuxbusL"
Net "Net_1124" overuses wire "amuxbusL"
Net "Net_1422" overuses wire "amuxbusR"
Net "Net_1379" overuses wire "amuxbusR"
Net "Net_143" overuses wire "AGL[0]"
Net "Net_1422" overuses wire "AGR[7]"
Net "Net_1473" overuses wire "AGL[0]"
Net "Vcomun" overuses wire "AGR[7]"
Net "Net_143" overuses wire "amuxbusL"
Net "Net_1124" overuses wire "amuxbusL"
Net "Net_1422" overuses wire "amuxbusR"
Net "Net_1379" overuses wire "amuxbusR"
Net "Net_143" overuses wire "AGL[0]"
Net "Net_1422" overuses wire "AGR[7]"
Net "Net_1473" overuses wire "AGL[0]"
Net "Vcomun" overuses wire "AGR[7]"
Net "Net_143" overuses wire "amuxbusL"
Net "Net_1124" overuses wire "amuxbusL"
Net "Net_1422" overuses wire "amuxbusR"
Net "Net_1379" overuses wire "amuxbusR"
Net "Net_143" overuses wire "AGL[0]"
Net "Net_1410" overuses wire "AGR[6]"
Net "Net_1379" overuses wire "AGR[6]"
Net "Net_1473" overuses wire "AGL[0]"
Net "Net_143" overuses wire "amuxbusL"
Net "Net_1124" overuses wire "amuxbusL"
Net "Net_1176" overuses wire "AGR[4]"
Net "Net_1379" overuses wire "AGR[4]"
Net "Net_143" overuses wire "AGL[0]"
Net "Net_1410" overuses wire "AGR[6]"
Net "Net_1379" overuses wire "AGR[6]"
Net "Net_1473" overuses wire "AGL[0]"
Net "Net_143" overuses wire "amuxbusL"
Net "Net_1124" overuses wire "amuxbusL"
Net "Net_1176" overuses wire "AGR[4]"
Net "Net_1379" overuses wire "AGR[4]"
Net "Net_143" overuses wire "AGL[0]"
Net "Net_1410" overuses wire "AGR[6]"
Net "Net_1379" overuses wire "AGR[6]"
Net "Net_1473" overuses wire "AGL[0]"
Net "Net_143" overuses wire "amuxbusL"
Net "Net_1124" overuses wire "amuxbusL"
Net "Net_1410" overuses wire "AGR[6]"
Net "Net_1379" overuses wire "AGR[6]"
Net "Net_143" overuses wire "AGL[0]"
Net "Net_1176" overuses wire "AGR[4]"
Net "Net_1379" overuses wire "AGR[4]"
Net "Net_1473" overuses wire "AGL[0]"
Net "Net_143" overuses wire "amuxbusL"
Net "Net_1124" overuses wire "amuxbusL"
Net "Net_1176" overuses wire "AGR[4]"
Net "Net_1379" overuses wire "AGR[4]"
Net "Net_143" overuses wire "AGL[0]"
Net "Net_1410" overuses wire "AGR[6]"
Net "Net_1379" overuses wire "AGR[6]"
Net "Net_1473" overuses wire "AGL[0]"
Net "Net_143" overuses wire "amuxbusL"
Net "Net_1124" overuses wire "amuxbusL"
Net "Net_1410" overuses wire "AGR[6]"
Net "Net_1379" overuses wire "AGR[6]"
Net "Net_143" overuses wire "AGL[0]"
Net "Net_1176" overuses wire "AGR[4]"
Net "Net_1379" overuses wire "AGR[4]"
Net "Net_1473" overuses wire "AGL[0]"
Net "Net_143" overuses wire "amuxbusL"
Net "Net_1124" overuses wire "amuxbusL"
Net "Net_1176" overuses wire "AGR[4]"
Net "Net_1379" overuses wire "AGR[4]"
Net "Net_143" overuses wire "AGL[0]"
Net "Net_1422" overuses wire "amuxbusR"
Net "Net_1379" overuses wire "amuxbusR"
Net "Net_1473" overuses wire "AGL[0]"
Net "Net_143" overuses wire "amuxbusL"
Net "Net_1124" overuses wire "amuxbusL"
Net "Net_1422" overuses wire "abusR3"
Net "Net_1422" overuses wire "GPIO P3[3] Mux__8b"
Net "Net_1422" overuses wire "abuf3+ Wire"
Net "Net_1419" overuses wire "abusR3"
Net "Net_1391" overuses wire "GPIO P3[3] Mux__5b"
Net "Net_1391" overuses wire "abuf3+ Wire"
Net "Net_143" overuses wire "AGL[0]"
Net "Net_1422" overuses wire "AGR[7]"
Net "Net_1473" overuses wire "AGL[0]"
Net "Vcomun" overuses wire "AGR[7]"
Net "Net_143" overuses wire "amuxbusL"
Net "Net_1124" overuses wire "amuxbusL"
Net "Net_769" overuses wire "AGR[5]"
Net "Vcomun" overuses wire "AGR[5]"
Net "Net_143" overuses wire "AGL[0]"
Net "Net_769" overuses wire "AGR[5]"
Net "Net_1473" overuses wire "AGL[0]"
Net "Vcomun" overuses wire "AGR[5]"
Net "Net_143" overuses wire "amuxbusL"
Net "Net_1124" overuses wire "amuxbusL"
Net "Net_769" overuses wire "AGR[5]"
Net "Vcomun" overuses wire "AGR[5]"
Net "Net_143" overuses wire "AGL[0]"
Net "Net_769" overuses wire "AGR[5]"
Net "Net_1473" overuses wire "AGL[0]"
Net "Vcomun" overuses wire "AGR[5]"
Net "Net_143" overuses wire "amuxbusL"
Net "Net_1124" overuses wire "amuxbusL"
Net "Net_769" overuses wire "AGR[5]"
Net "Vcomun" overuses wire "AGR[5]"
Net "Net_143" overuses wire "AGL[0]"
Net "Net_769" overuses wire "AGR[5]"
Net "Net_1473" overuses wire "AGL[0]"
Net "Vcomun" overuses wire "AGR[5]"
Net "Net_143" overuses wire "amuxbusL"
Net "Net_1124" overuses wire "amuxbusL"
Net "Net_769" overuses wire "AGR[5]"
Net "Vcomun" overuses wire "AGR[5]"
Net "Net_143" overuses wire "AGL[0]"
Net "Net_769" overuses wire "AGR[5]"
Net "Net_1473" overuses wire "AGL[0]"
Net "Vcomun" overuses wire "AGR[5]"
Net "Net_143" overuses wire "amuxbusL"
Net "Net_1124" overuses wire "amuxbusL"
Net "Net_769" overuses wire "AGR[5]"
Net "Vcomun" overuses wire "AGR[5]"
Net "Net_143" overuses wire "AGL[0]"
Net "Net_769" overuses wire "AGR[5]"
Net "Net_1473" overuses wire "AGL[0]"
Net "Vcomun" overuses wire "AGR[5]"
Net "Net_143" overuses wire "amuxbusL"
Net "Net_1124" overuses wire "amuxbusL"
Net "Net_769" overuses wire "AGR[5]"
Net "Vcomun" overuses wire "AGR[5]"
Net "Net_143" overuses wire "AGL[7]"
Net "Net_143" overuses wire "AGL[0]"
Net "Net_1422" overuses wire "AGR[7]"
Net "Net_1473" overuses wire "AGL[0]"
Net "Vcomun" overuses wire "AGR[7]"
Net "Vcomun" overuses wire "AGL[7]"
Net "Net_143" overuses wire "amuxbusL"
Net "Net_1124" overuses wire "amuxbusL"
Net "Net_1422" overuses wire "amuxbusR"
Net "Net_1379" overuses wire "amuxbusR"
Net "Net_143" overuses wire "AGL[0]"
Net "Net_1422" overuses wire "AGR[7]"
Net "Net_1473" overuses wire "AGL[0]"
Net "Vcomun" overuses wire "AGR[7]"
Net "Net_143" overuses wire "amuxbusL"
Net "Net_1124" overuses wire "amuxbusL"
Net "Net_1422" overuses wire "amuxbusR"
Net "Net_1379" overuses wire "amuxbusR"
Net "Net_143" overuses wire "AGL[0]"
Net "Net_1410" overuses wire "AGR[6]"
Net "Net_1379" overuses wire "AGR[6]"
Net "Net_1473" overuses wire "AGL[0]"
Net "Net_143" overuses wire "amuxbusL"
Net "Net_1124" overuses wire "amuxbusL"
Net "Net_1176" overuses wire "AGR[4]"
Net "Net_1379" overuses wire "AGR[4]"
Net "Net_143" overuses wire "AGL[0]"
Net "Net_1410" overuses wire "AGR[6]"
Net "Net_1379" overuses wire "AGR[6]"
Net "Net_1473" overuses wire "AGL[0]"
Net "Net_143" overuses wire "amuxbusL"
Net "Net_1124" overuses wire "amuxbusL"
Net "Net_1176" overuses wire "AGR[4]"
Net "Net_1379" overuses wire "AGR[4]"
Net "Net_143" overuses wire "AGL[0]"
Net "Net_1410" overuses wire "AGR[6]"
Net "Net_1379" overuses wire "AGR[6]"
Net "Net_1473" overuses wire "AGL[0]"
Net "Net_143" overuses wire "amuxbusL"
Net "Net_1124" overuses wire "amuxbusL"
Net "Net_1176" overuses wire "AGR[4]"
Net "Net_1379" overuses wire "AGR[4]"
Net "Net_143" overuses wire "AGL[0]"
Net "Net_1410" overuses wire "AGR[6]"
Net "Net_1379" overuses wire "AGR[6]"
Net "Net_1473" overuses wire "AGL[0]"
Net "Net_143" overuses wire "amuxbusL"
Net "Net_1124" overuses wire "amuxbusL"
Net "Net_1422" overuses wire "amuxbusR"
Net "Net_1379" overuses wire "amuxbusR"
Net "Net_143" overuses wire "AGL[0]"
Net "Net_1422" overuses wire "AGR[7]"
Net "Net_1473" overuses wire "AGL[0]"
Net "Vcomun" overuses wire "AGR[7]"
Net "Net_143" overuses wire "amuxbusL"
Net "Net_142" overuses wire "AGL[1]"
Net "Net_1124" overuses wire "amuxbusL"
Net "Net_1422" overuses wire "abusR3"
Net "Net_1422" overuses wire "GPIO P3[3] Mux__8b"
Net "Net_1422" overuses wire "abuf3+ Wire"
Net "Net_1419" overuses wire "abusR3"
Net "Net_1473" overuses wire "AGL[1]"
Net "Net_1391" overuses wire "GPIO P3[3] Mux__5b"
Net "Net_1391" overuses wire "abuf3+ Wire"
Net "Net_142" overuses wire "AGL[1]"
Net "Net_1422" overuses wire "amuxbusR"
Net "Net_1379" overuses wire "amuxbusR"
Net "Net_1473" overuses wire "AGL[1]"
Net "Net_142" overuses wire "AGL[1]"
Net "Net_1422" overuses wire "AGR[7]"
Net "Net_1473" overuses wire "AGL[1]"
Net "Vcomun" overuses wire "AGR[7]"
Net "Net_142" overuses wire "AGL[1]"
Net "Net_1422" overuses wire "amuxbusR"
Net "Net_1379" overuses wire "amuxbusR"
Net "Net_1473" overuses wire "AGL[1]"
Net "Net_142" overuses wire "AGL[1]"
Net "Net_1422" overuses wire "AGR[7]"
Net "Net_1473" overuses wire "AGL[1]"
Net "Vcomun" overuses wire "AGR[7]"
Net "Net_142" overuses wire "AGL[1]"
Net "Net_1124" overuses wire "abusR2"
Net "Net_1422" overuses wire "abusR2"
Net "Net_1422" overuses wire "GPIO P3[3] Mux__7b"
Net "Net_1422" overuses wire "abuf3+ Wire"
Net "Net_1473" overuses wire "AGL[1]"
Net "Net_1391" overuses wire "GPIO P3[3] Mux__5b"
Net "Net_1391" overuses wire "abuf3+ Wire"
Net "Net_142" overuses wire "AGL[1]"
Net "Net_1422" overuses wire "GPIO P3[3] Mux__7b"
Net "Net_1422" overuses wire "abuf3+ Wire"
Net "Net_1473" overuses wire "AGL[1]"
Net "Net_1391" overuses wire "GPIO P3[3] Mux__5b"
Net "Net_1391" overuses wire "abuf3+ Wire"
Net "Net_142" overuses wire "AGL[1]"
Net "Net_1422" overuses wire "GPIO P3[3] Mux__7b"
Net "Net_1422" overuses wire "abuf3+ Wire"
Net "Net_1473" overuses wire "AGL[1]"
Net "Net_1391" overuses wire "GPIO P3[3] Mux__5b"
Net "Net_1391" overuses wire "abuf3+ Wire"
Net "Net_142" overuses wire "AGL[1]"
Net "Net_1422" overuses wire "GPIO P3[3] Mux__7b"
Net "Net_1422" overuses wire "abuf3+ Wire"
Net "Net_1473" overuses wire "AGL[1]"
Net "Net_1391" overuses wire "GPIO P3[3] Mux__5b"
Net "Net_1391" overuses wire "abuf3+ Wire"
Net "Net_142" overuses wire "AGL[1]"
Net "Net_1422" overuses wire "AGR[7]"
Net "Net_1473" overuses wire "AGL[1]"
Net "Vcomun" overuses wire "AGR[7]"
Net "Net_143" overuses wire "dsm0- Wire"
Net "Net_143" overuses wire "DSM- Sw__3b"
Net "Net_143" overuses wire "abusL3"
Net "Net_1422" overuses wire "amuxbusR"
Net "Net_1379" overuses wire "AGL[3]"
Net "Net_1379" overuses wire "amuxbusR"
Net "Net_1473" overuses wire "abusL3"
Net "Net_1473" overuses wire "DSM- Sw__3b"
Net "Net_1473" overuses wire "dsm0- Wire"
Net "Net_1473" overuses wire "AGL[3]"
Net "Net_143" overuses wire "abusL1"
Net "Net_1422" overuses wire "sc1 Vin Wire"
Net "Net_1422" overuses wire "GPIO P3[3] Mux__7b"
Net "Net_1422" overuses wire "abuf3+ Wire"
Net "Net_1379" overuses wire "sc0 out Wire"
Net "Net_1379" overuses wire "sc1 Vin Wire"
Net "Net_1473" overuses wire "sc0 out Wire"
Net "Net_1391" overuses wire "GPIO P3[3] Mux__5b"
Net "Net_1391" overuses wire "abuf3+ Wire"
Net "Vcomun" overuses wire "abusL1"
Net "Net_143" overuses wire "AGL[5]"
Net "Net_769" overuses wire "AGL[5]"
Net "Net_1422" overuses wire "sc1 Vin Wire"
Net "Net_1422" overuses wire "AGR[7]"
Net "Net_1379" overuses wire "sc0 out Wire"
Net "Net_1379" overuses wire "sc1 Vin Wire"
Net "Net_1473" overuses wire "sc0 out Wire"
Net "Vcomun" overuses wire "AGR[7]"
Net "Net_1124" overuses wire "cmp1_vref"
Net "Net_1124" overuses wire "CMP2 Vref Mux alt__0b"
Net "Net_1124" overuses wire "comp2- Wire"
Net "Net_1422" overuses wire "sc1 Vin Wire"
Net "Net_1422" overuses wire "AGR[7]"
Net "Net_1379" overuses wire "sc1 Vin Wire"
Net "Net_1473" overuses wire "comp2- Wire"
Net "Net_1473" overuses wire "CMP2 Vref Mux alt__0b"
Net "Net_1473" overuses wire "cmp1_vref"
Net "Vcomun" overuses wire "AGR[7]"
Net "Net_1176" overuses wire "AGR[4]"
Net "Net_1422" overuses wire "sc1 Vin Wire"
Net "Net_1379" overuses wire "sc1 Vin Wire"
Net "Net_1379" overuses wire "AGR[4]"
Net "Net_1410" overuses wire "AGR[6]"
Net "Net_1422" overuses wire "sc1 Vin Wire"
Net "Net_1379" overuses wire "sc1 Vin Wire"
Net "Net_1379" overuses wire "AGR[6]"
Net "Net_1176" overuses wire "AGR[4]"
Net "Net_1422" overuses wire "sc1 Vin Wire"
Net "Net_1379" overuses wire "sc1 Vin Wire"
Net "Net_1379" overuses wire "AGR[4]"
Net "Net_1410" overuses wire "AGR[6]"
Net "Net_1422" overuses wire "sc1 Vin Wire"
Net "Net_1379" overuses wire "sc1 Vin Wire"
Net "Net_1379" overuses wire "AGR[6]"
Net "Net_1176" overuses wire "AGR[4]"
Net "Net_1422" overuses wire "sc1 Vin Wire"
Net "Net_1379" overuses wire "sc1 Vin Wire"
Net "Net_1379" overuses wire "AGR[4]"
Net "Net_1410" overuses wire "AGR[6]"
Net "Net_1422" overuses wire "sc1 Vin Wire"
Net "Net_1379" overuses wire "sc1 Vin Wire"
Net "Net_1379" overuses wire "AGR[6]"
Net "Net_1176" overuses wire "AGR[4]"
Net "Net_1422" overuses wire "sc1 Vin Wire"
Net "Net_1379" overuses wire "sc1 Vin Wire"
Net "Net_1379" overuses wire "AGR[4]"
Net "Net_143" overuses wire "AGL[3]"
Net "Net_1422" overuses wire "amuxbusR"
Net "Net_1379" overuses wire "AGL[3]"
Net "Net_1379" overuses wire "AGR[3]"
Net "Net_1379" overuses wire "amuxbusR"
Net "Net_1473" overuses wire "AGR[3]"
Net "Net_143" overuses wire "AGL[7]"
Net "Net_1410" overuses wire "AGR[6]"
Net "Net_1379" overuses wire "AGR[6]"
Net "Vcomun" overuses wire "AGL[7]"
Net "Net_143" overuses wire "AGL[5]"
Net "Net_769" overuses wire "AGL[5]"
Net "Net_1410" overuses wire "AGR[6]"
Net "Net_1379" overuses wire "AGR[6]"
Net "Net_143" overuses wire "abusL1"
Net "Net_1422" overuses wire "amuxbusR"
Net "Net_1379" overuses wire "amuxbusR"
Net "Vcomun" overuses wire "abusL1"
Net "Net_769" overuses wire "AGR[5]"
Net "Vcomun" overuses wire "AGR[5]"
Net "Net_769" overuses wire "AGR[5]"
Net "Vcomun" overuses wire "AGR[5]"
Net "Net_769" overuses wire "AGR[5]"
Net "Vcomun" overuses wire "AGR[5]"
Net "Net_769" overuses wire "AGR[5]"
Net "Vcomun" overuses wire "AGR[5]"
Net "Net_769" overuses wire "AGR[5]"
Net "Vcomun" overuses wire "AGR[5]"
Net "Net_769" overuses wire "AGR[5]"
Net "Vcomun" overuses wire "AGR[5]"
Net "Net_769" overuses wire "AGR[5]"
Net "Vcomun" overuses wire "AGR[5]"
Net "Net_769" overuses wire "AGR[5]"
Net "Vcomun" overuses wire "AGR[5]"
Net "Net_769" overuses wire "AGR[5]"
Net "Vcomun" overuses wire "AGR[5]"
Net "Net_769" overuses wire "AGR[5]"
Net "Vcomun" overuses wire "AGR[5]"
Net "Net_143" overuses wire "AGL[7]"
Net "Net_1422" overuses wire "AGR[7]"
Net "Vcomun" overuses wire "AGR[7]"
Net "Vcomun" overuses wire "AGL[7]"
Net "Net_143" overuses wire "AGL[3]"
Net "Net_1422" overuses wire "amuxbusR"
Net "Net_1379" overuses wire "AGL[3]"
Net "Net_1379" overuses wire "amuxbusR"
Net "Net_143" overuses wire "abusL1"
Net "Net_1176" overuses wire "AGR[4]"
Net "Net_1379" overuses wire "AGR[4]"
Net "Vcomun" overuses wire "abusL1"
Net "Net_143" overuses wire "AGL[5]"
Net "Net_1176" overuses wire "AGR[4]"
Net "Net_769" overuses wire "AGL[5]"
Net "Net_1379" overuses wire "AGR[4]"
Net "Net_143" overuses wire "AGL[7]"
Net "Net_1410" overuses wire "AGR[6]"
Net "Net_1379" overuses wire "AGR[6]"
Net "Vcomun" overuses wire "AGL[7]"
Net "Net_143" overuses wire "AGL[5]"
Net "Net_1176" overuses wire "AGR[4]"
Net "Net_769" overuses wire "AGL[5]"
Net "Net_1379" overuses wire "AGR[4]"
Net "Net_143" overuses wire "abusL1"
Net "Net_1410" overuses wire "AGR[6]"
Net "Net_1379" overuses wire "AGR[6]"
Net "Vcomun" overuses wire "abusL1"
Net "Net_143" overuses wire "AGL[3]"
Net "Net_1422" overuses wire "amuxbusR"
Net "Net_1379" overuses wire "AGL[3]"
Net "Net_1379" overuses wire "amuxbusR"
Net "Net_143" overuses wire "abusL3"
Net "Net_1422" overuses wire "AGR[7]"
Net "Net_1473" overuses wire "abusL3"
Net "Vcomun" overuses wire "AGR[7]"
Net "Net_1422" overuses wire "amuxbusR"
Net "Net_1379" overuses wire "amuxbusR"
Net "Net_1422" overuses wire "AGR[7]"
Net "Vcomun" overuses wire "AGR[7]"
Net "Net_769" overuses wire "AGR[5]"
Net "Vcomun" overuses wire "AGR[5]"
Net "Net_769" overuses wire "AGR[5]"
Net "Vcomun" overuses wire "AGR[5]"
Net "Net_769" overuses wire "AGR[5]"
Net "Vcomun" overuses wire "AGR[5]"
Net "Net_1422" overuses wire "AGR[7]"
Net "Vcomun" overuses wire "AGR[7]"
Net "Net_1422" overuses wire "amuxbusR"
Net "Net_1379" overuses wire "amuxbusR"
Net "Net_1176" overuses wire "AGR[4]"
Net "Net_1379" overuses wire "AGR[4]"
Net "Net_1410" overuses wire "AGR[6]"
Net "Net_1379" overuses wire "AGR[6]"
Net "Net_1410" overuses wire "AGR[6]"
Net "Net_1379" overuses wire "AGR[6]"
Net "Net_1176" overuses wire "AGR[4]"
Net "Net_1379" overuses wire "AGR[4]"
Net "Net_1176" overuses wire "AGR[4]"
Net "Net_1379" overuses wire "AGR[4]"
Net "Net_1410" overuses wire "AGR[6]"
Net "Net_1379" overuses wire "AGR[6]"
Net "Net_1422" overuses wire "amuxbusR"
Net "Net_1379" overuses wire "amuxbusR"
Net "Net_1422" overuses wire "AGR[7]"
Net "Vcomun" overuses wire "AGR[7]"
Net "Net_769" overuses wire "AGR[5]"
Net "Vcomun" overuses wire "AGR[5]"
Net "Net_769" overuses wire "AGR[5]"
Net "Vcomun" overuses wire "AGR[5]"
Net "Net_1422" overuses wire "AGR[7]"
Net "Vcomun" overuses wire "AGR[7]"
Net "Net_1422" overuses wire "amuxbusR"
Net "Net_1379" overuses wire "amuxbusR"
Net "Net_1422" overuses wire "AGR[7]"
Net "Vcomun" overuses wire "AGR[7]"
Net "Net_1422" overuses wire "amuxbusR"
Net "Net_1379" overuses wire "amuxbusR"
Net "Net_1422" overuses wire "AGR[7]"
Net "Vcomun" overuses wire "AGR[7]"
Net "Net_1422" overuses wire "amuxbusR"
Net "Net_1379" overuses wire "amuxbusR"
Net "Net_1422" overuses wire "abusR0"
Net "Net_1422" overuses wire "GPIO P3[3] Mux abusR0"
Net "Net_1422" overuses wire "GPIO P3[3] Mux__5b"
Net "Net_1422" overuses wire "abuf3+ Wire"
Net "Net_1391" overuses wire "abusR0"
Net "Net_1391" overuses wire "GPIO P3[3] Mux abusR0"
Net "Net_1391" overuses wire "GPIO P3[3] Mux__5b"
Net "Net_1391" overuses wire "abuf3+ Wire"
Net "Net_1422" overuses wire "amuxbusR"
Net "Net_1379" overuses wire "amuxbusR"
Net "Net_1422" overuses wire "AGR[7]"
Net "Vcomun" overuses wire "AGR[7]"
Net "Net_1422" overuses wire "amuxbusR"
Net "Net_1379" overuses wire "amuxbusR"
Net "Net_1422" overuses wire "AGR[7]"
Net "Vcomun" overuses wire "AGR[7]"
Net "Net_1124" overuses wire "abusR2"
Net "Net_1422" overuses wire "abusR2"
Net "Net_1422" overuses wire "GPIO P3[3] Mux__7b"
Net "Net_1422" overuses wire "abuf3+ Wire"
Net "Net_1391" overuses wire "GPIO P3[3] Mux__5b"
Net "Net_1391" overuses wire "abuf3+ Wire"
Net "Net_1422" overuses wire "AGR[7]"
Net "Vcomun" overuses wire "AGR[7]"
Net "Net_1422" overuses wire "amuxbusR"
Net "Net_1379" overuses wire "amuxbusR"
Net "Net_1422" overuses wire "AGR[7]"
Net "Vcomun" overuses wire "AGR[7]"
Net "Net_1422" overuses wire "amuxbusR"
Net "Net_1379" overuses wire "amuxbusR"
Net "Net_1422" overuses wire "abusR3"
Net "Net_1422" overuses wire "GPIO P3[3] Mux__8b"
Net "Net_1422" overuses wire "abuf3+ Wire"
Net "Net_1419" overuses wire "abusR3"
Net "Net_1391" overuses wire "GPIO P3[3] Mux__5b"
Net "Net_1391" overuses wire "abuf3+ Wire"
Net "Net_1422" overuses wire "AGR[7]"
Net "Vcomun" overuses wire "AGR[7]"
Net "Net_1422" overuses wire "amuxbusR"
Net "Net_1379" overuses wire "amuxbusR"
Net "Net_1176" overuses wire "AGR[4]"
Net "Net_1379" overuses wire "AGR[4]"
Net "Net_1410" overuses wire "AGR[6]"
Net "Net_1379" overuses wire "AGR[6]"
Net "Net_1176" overuses wire "AGR[4]"
Net "Net_1379" overuses wire "AGR[4]"
Net "Net_1410" overuses wire "AGR[6]"
Net "Net_1379" overuses wire "AGR[6]"
Net "Net_1176" overuses wire "AGR[4]"
Net "Net_1379" overuses wire "AGR[4]"
Net "Net_1410" overuses wire "AGR[6]"
Net "Net_1379" overuses wire "AGR[6]"
Net "Net_1176" overuses wire "AGR[4]"
Net "Net_1379" overuses wire "AGR[4]"
Net "Net_1410" overuses wire "AGR[6]"
Net "Net_1379" overuses wire "AGR[6]"
Net "Net_1176" overuses wire "AGR[4]"
Net "Net_1379" overuses wire "AGR[4]"
Net "Net_1410" overuses wire "AGR[6]"
Net "Net_1379" overuses wire "AGR[6]"
Net "Net_1176" overuses wire "AGR[4]"
Net "Net_1379" overuses wire "AGR[4]"
Net "Net_1410" overuses wire "AGR[6]"
Net "Net_1379" overuses wire "AGR[6]"
Net "Net_1176" overuses wire "AGR[4]"
Net "Net_1379" overuses wire "AGR[4]"
Net "Net_1410" overuses wire "AGR[6]"
Net "Net_1379" overuses wire "AGR[6]"
Net "Net_1176" overuses wire "AGR[4]"
Net "Net_1379" overuses wire "AGR[4]"
Net "Net_1410" overuses wire "AGR[6]"
Net "Net_1379" overuses wire "AGR[6]"
Net "Net_1176" overuses wire "AGR[4]"
Net "Net_1379" overuses wire "AGR[4]"
Net "Net_1422" overuses wire "amuxbusR"
Net "Net_1379" overuses wire "amuxbusR"
Net "Net_1422" overuses wire "AGR[7]"
Net "Vcomun" overuses wire "AGR[7]"
Net "Net_769" overuses wire "AGR[5]"
Net "Vcomun" overuses wire "AGR[5]"
Net "Net_769" overuses wire "AGR[5]"
Net "Vcomun" overuses wire "AGR[5]"
Net "Net_769" overuses wire "AGR[5]"
Net "Vcomun" overuses wire "AGR[5]"
Net "Net_769" overuses wire "AGR[5]"
Net "Vcomun" overuses wire "AGR[5]"
Net "Net_769" overuses wire "AGR[5]"
Net "Vcomun" overuses wire "AGR[5]"
Net "Net_769" overuses wire "AGR[5]"
Net "Vcomun" overuses wire "AGR[5]"
Net "Net_769" overuses wire "AGR[5]"
Net "Vcomun" overuses wire "AGR[5]"
Net "Net_769" overuses wire "AGR[5]"
Net "Vcomun" overuses wire "AGR[5]"
Net "Net_769" overuses wire "AGR[5]"
Net "Vcomun" overuses wire "AGR[5]"
Net "Net_1422" overuses wire "AGR[7]"
Net "Vcomun" overuses wire "AGR[7]"
Net "Net_1422" overuses wire "amuxbusR"
Net "Net_1379" overuses wire "amuxbusR"
Net "Net_1124" overuses wire "abusR2"
Net "Net_1422" overuses wire "abusR2"
Net "Net_1422" overuses wire "GPIO P3[3] Mux__7b"
Net "Net_1422" overuses wire "abuf3+ Wire"
Net "Net_1391" overuses wire "GPIO P3[3] Mux__5b"
Net "Net_1391" overuses wire "abuf3+ Wire"
Net "Net_1422" overuses wire "AGR[7]"
Net "Vcomun" overuses wire "AGR[7]"
Net "Net_1422" overuses wire "amuxbusR"
Net "Net_1379" overuses wire "amuxbusR"
Net "Net_1422" overuses wire "AGR[7]"
Net "Vcomun" overuses wire "AGR[7]"
Net "Net_1422" overuses wire "amuxbusR"
Net "Net_1379" overuses wire "amuxbusR"
Net "Net_1422" overuses wire "abusR3"
Net "Net_1422" overuses wire "GPIO P3[3] Mux__8b"
Net "Net_1422" overuses wire "abuf3+ Wire"
Net "Net_1419" overuses wire "abusR3"
Net "Net_1391" overuses wire "GPIO P3[3] Mux__5b"
Net "Net_1391" overuses wire "abuf3+ Wire"
Net "Net_1422" overuses wire "AGR[7]"
Net "Vcomun" overuses wire "AGR[7]"
Net "Net_1422" overuses wire "amuxbusR"
Net "Net_1379" overuses wire "amuxbusR"
Net "Net_1410" overuses wire "AGR[6]"
Net "Net_1379" overuses wire "AGR[6]"
Net "Net_1176" overuses wire "AGR[4]"
Net "Net_1379" overuses wire "AGR[4]"
Net "Net_1410" overuses wire "AGR[6]"
Net "Net_1379" overuses wire "AGR[6]"
Net "Net_1176" overuses wire "AGR[4]"
Net "Net_1379" overuses wire "AGR[4]"
Net "Net_1410" overuses wire "AGR[6]"
Net "Net_1379" overuses wire "AGR[6]"
Net "Net_1176" overuses wire "AGR[4]"
Net "Net_1379" overuses wire "AGR[4]"
Net "Net_1410" overuses wire "AGR[6]"
Net "Net_1379" overuses wire "AGR[6]"
Net "Net_1410" overuses wire "AGR[6]"
Net "Net_1379" overuses wire "AGR[6]"
Net "Net_1176" overuses wire "AGR[4]"
Net "Net_1379" overuses wire "AGR[4]"
Net "Net_1176" overuses wire "AGR[4]"
Net "Net_1379" overuses wire "AGR[4]"
Net "Net_1410" overuses wire "AGR[6]"
Net "Net_1379" overuses wire "AGR[6]"
Net "Net_1422" overuses wire "amuxbusR"
Net "Net_1379" overuses wire "amuxbusR"
Net "Net_1422" overuses wire "AGR[7]"
Net "Vcomun" overuses wire "AGR[7]"
Net "Net_769" overuses wire "AGR[5]"
Net "Vcomun" overuses wire "AGR[5]"
Net "Net_769" overuses wire "AGR[5]"
Net "Vcomun" overuses wire "AGR[5]"
Net "Net_769" overuses wire "AGR[5]"
Net "Vcomun" overuses wire "AGR[5]"
Net "Net_769" overuses wire "AGR[5]"
Net "Vcomun" overuses wire "AGR[5]"
Net "Net_769" overuses wire "AGR[5]"
Net "Vcomun" overuses wire "AGR[5]"
Net "Net_1422" overuses wire "AGR[7]"
Net "Vcomun" overuses wire "AGR[7]"
Net "Net_1422" overuses wire "amuxbusR"
Net "Net_1379" overuses wire "amuxbusR"
Net "Net_1422" overuses wire "abusR3"
Net "Net_1422" overuses wire "GPIO P3[3] Mux__8b"
Net "Net_1422" overuses wire "abuf3+ Wire"
Net "Net_1419" overuses wire "abusR3"
Net "Net_1391" overuses wire "GPIO P3[3] Mux__5b"
Net "Net_1391" overuses wire "abuf3+ Wire"
Net "Net_769" overuses wire "AGR[5]"
Net "Vcomun" overuses wire "AGR[5]"
Net "Net_1379" overuses wire "amuxbusR"
Net "Vcomun" overuses wire "amuxbusR"
Net "Net_1176" overuses wire "AGR[4]"
Net "Net_1379" overuses wire "AGR[4]"
Net "Net_1410" overuses wire "AGR[6]"
Net "Net_1379" overuses wire "AGR[6]"
Net "Net_1410" overuses wire "AGR[6]"
Net "Net_1379" overuses wire "AGR[6]"
Net "Net_1176" overuses wire "AGR[4]"
Net "Net_1379" overuses wire "AGR[4]"
Net "Net_1379" overuses wire "amuxbusR"
Net "Vcomun" overuses wire "amuxbusR"
Net "Net_1176" overuses wire "AGR[4]"
Net "Net_1379" overuses wire "AGR[4]"
Net "Net_1410" overuses wire "AGR[6]"
Net "Net_1379" overuses wire "AGR[6]"
Net "Net_1176" overuses wire "AGR[4]"
Net "Net_1379" overuses wire "AGR[4]"
Net "Net_1410" overuses wire "AGR[6]"
Net "Net_1379" overuses wire "AGR[6]"
Net "Net_1379" overuses wire "amuxbusR"
Net "Vcomun" overuses wire "amuxbusR"
Net "Net_1422" overuses wire "AGR[7]"
Net "Vcomun" overuses wire "AGR[7]"
Net "Net_769" overuses wire "AGR[5]"
Net "Vcomun" overuses wire "AGR[5]"
Net "Net_1422" overuses wire "AGR[7]"
Net "Vcomun" overuses wire "AGR[7]"
Net "Net_1124" overuses wire "abusR2"
Net "Net_1422" overuses wire "abusR2"
Net "Net_1422" overuses wire "GPIO P3[3] Mux__7b"
Net "Net_1422" overuses wire "abuf3+ Wire"
Net "Net_1391" overuses wire "GPIO P3[3] Mux__5b"
Net "Net_1391" overuses wire "abuf3+ Wire"
Net "Net_1422" overuses wire "AGR[7]"
Net "Vcomun" overuses wire "AGR[7]"
Net "Net_1422" overuses wire "amuxbusR"
Net "Net_1379" overuses wire "amuxbusR"
Net "Net_1422" overuses wire "abusR0"
Net "Net_1422" overuses wire "GPIO P3[3] Mux abusR0"
Net "Net_1422" overuses wire "GPIO P3[3] Mux__5b"
Net "Net_1422" overuses wire "abuf3+ Wire"
Net "Net_1391" overuses wire "abusR0"
Net "Net_1391" overuses wire "GPIO P3[3] Mux abusR0"
Net "Net_1391" overuses wire "GPIO P3[3] Mux__5b"
Net "Net_1391" overuses wire "abuf3+ Wire"
Net "Net_1422" overuses wire "AGR[7]"
Net "Vcomun" overuses wire "AGR[7]"
Net "Net_1422" overuses wire "amuxbusR"
Net "Net_1379" overuses wire "amuxbusR"
Net "Net_1422" overuses wire "AGR[7]"
Net "Vcomun" overuses wire "AGR[7]"
Net "Net_769" overuses wire "AGR[5]"
Net "Vcomun" overuses wire "AGR[5]"
Net "Net_769" overuses wire "AGR[5]"
Net "Vcomun" overuses wire "AGR[5]"
Net "Net_769" overuses wire "AGR[5]"
Net "Vcomun" overuses wire "AGR[5]"
Net "Net_769" overuses wire "AGR[5]"
Net "Vcomun" overuses wire "AGR[5]"
Net "Net_1379" overuses wire "amuxbusR"
Net "Vcomun" overuses wire "amuxbusR"
Net "Net_1176" overuses wire "AGR[4]"
Net "Net_1379" overuses wire "AGR[4]"
Net "Net_1410" overuses wire "AGR[6]"
Net "Net_1379" overuses wire "AGR[6]"
Net "Net_1176" overuses wire "AGR[4]"
Net "Net_1379" overuses wire "AGR[4]"
Net "Net_1410" overuses wire "AGR[6]"
Net "Net_1379" overuses wire "AGR[6]"
Net "Net_1176" overuses wire "AGR[4]"
Net "Net_1379" overuses wire "AGR[4]"
Net "Net_1410" overuses wire "AGR[6]"
Net "Net_1379" overuses wire "AGR[6]"
Net "Net_1410" overuses wire "AGR[6]"
Net "Net_1379" overuses wire "AGR[6]"
Net "Net_1379" overuses wire "amuxbusR"
Net "Vcomun" overuses wire "amuxbusR"
Net "Net_1176" overuses wire "AGR[4]"
Net "Net_1379" overuses wire "AGR[4]"
Net "Net_1410" overuses wire "AGR[6]"
Net "Net_1379" overuses wire "AGR[6]"
Net "Net_1176" overuses wire "AGR[4]"
Net "Net_1379" overuses wire "AGR[4]"
Net "Net_1379" overuses wire "amuxbusR"
Net "Vcomun" overuses wire "amuxbusR"
Net "Net_1176" overuses wire "AGR[4]"
Net "Net_1379" overuses wire "AGR[4]"
Net "Net_1379" overuses wire "amuxbusR"
Net "Vcomun" overuses wire "amuxbusR"
Net "Net_1410" overuses wire "AGR[6]"
Net "Net_1379" overuses wire "AGR[6]"
Net "Net_1379" overuses wire "amuxbusR"
Net "Vcomun" overuses wire "amuxbusR"
Net "Net_1176" overuses wire "AGR[4]"
Net "Net_1379" overuses wire "AGR[4]"
Net "Net_1410" overuses wire "AGR[6]"
Net "Net_1379" overuses wire "AGR[6]"
Net "Net_1379" overuses wire "amuxbusR"
Net "Vcomun" overuses wire "amuxbusR"
Net "Net_1176" overuses wire "AGR[4]"
Net "Net_1379" overuses wire "AGR[4]"
Net "Net_1410" overuses wire "AGR[6]"
Net "Net_1379" overuses wire "AGR[6]"
Net "Net_1176" overuses wire "AGR[4]"
Net "Net_1379" overuses wire "AGR[4]"
Net "Net_1379" overuses wire "amuxbusR"
Net "Vcomun" overuses wire "amuxbusR"
Net "Net_1410" overuses wire "AGR[6]"
Net "Net_1379" overuses wire "AGR[6]"
Net "Net_1176" overuses wire "AGR[4]"
Net "Net_1379" overuses wire "AGR[4]"
Net "Net_1379" overuses wire "amuxbusR"
Net "Vcomun" overuses wire "amuxbusR"
Net "Net_1410" overuses wire "AGR[6]"
Net "Net_1379" overuses wire "AGR[6]"
Net "Net_1176" overuses wire "AGR[4]"
Net "Net_1379" overuses wire "AGR[4]"
Net "Net_1379" overuses wire "amuxbusR"
Net "Vcomun" overuses wire "amuxbusR"
Net "Net_1410" overuses wire "AGR[6]"
Net "Net_1379" overuses wire "AGR[6]"
Net "Net_1176" overuses wire "AGR[4]"
Net "Net_1379" overuses wire "AGR[4]"
Net "Net_1379" overuses wire "amuxbusR"
Net "Vcomun" overuses wire "amuxbusR"
Net "Net_1410" overuses wire "AGR[6]"
Net "Net_1379" overuses wire "AGR[6]"
Net "Net_1379" overuses wire "amuxbusR"
Net "Vcomun" overuses wire "amuxbusR"
Net "Net_1176" overuses wire "AGR[4]"
Net "Net_1379" overuses wire "AGR[4]"
Net "Net_1410" overuses wire "AGR[6]"
Net "Net_1379" overuses wire "AGR[6]"
Net "Net_1410" overuses wire "AGR[6]"
Net "Net_1379" overuses wire "AGR[6]"
Net "Net_1379" overuses wire "amuxbusR"
Net "Vcomun" overuses wire "amuxbusR"
Net "Net_1176" overuses wire "AGR[4]"
Net "Net_1379" overuses wire "AGR[4]"
Net "Net_1379" overuses wire "amuxbusR"
Net "Vcomun" overuses wire "amuxbusR"
Net "Net_1176" overuses wire "AGR[4]"
Net "Net_1379" overuses wire "AGR[4]"
Net "Net_1410" overuses wire "AGR[6]"
Net "Net_1379" overuses wire "AGR[6]"
Net "Net_1379" overuses wire "amuxbusR"
Net "Vcomun" overuses wire "amuxbusR"
Net "Net_1176" overuses wire "AGR[4]"
Net "Net_1379" overuses wire "AGR[4]"
Net "Net_1410" overuses wire "AGR[6]"
Net "Net_1379" overuses wire "AGR[6]"
Net "Net_769" overuses wire "AGR[5]"
Net "Net_1410" overuses wire "sc1 out Wire"
Net "Net_1410" overuses wire "AGR[5]"
Net "Net_1410" overuses wire "abuf3- Wire"
Net "Net_1419" overuses wire "sc1 out Wire"
Net "Vcomun" overuses wire "abuf3- Wire"
Net "Net_1410" overuses wire "AGR[6]"
Net "Net_1379" overuses wire "AGR[6]"
Net "Net_1379" overuses wire "amuxbusR"
Net "Vcomun" overuses wire "amuxbusR"
Net "Net_1176" overuses wire "AGR[4]"
Net "Net_1379" overuses wire "AGR[4]"
Net "Net_1379" overuses wire "amuxbusR"
Net "Vcomun" overuses wire "amuxbusR"
Net "Net_1176" overuses wire "AGR[4]"
Net "Net_1379" overuses wire "AGR[4]"
Net "Net_1410" overuses wire "AGR[6]"
Net "Net_1379" overuses wire "AGR[6]"
Net "Net_1176" overuses wire "AGR[4]"
Net "Net_1379" overuses wire "AGR[4]"
Net "Net_1379" overuses wire "amuxbusR"
Net "Vcomun" overuses wire "amuxbusR"
Net "Net_1410" overuses wire "AGR[6]"
Net "Net_1379" overuses wire "AGR[6]"
Net "Net_1379" overuses wire "amuxbusR"
Net "Vcomun" overuses wire "amuxbusR"
Net "Net_1176" overuses wire "AGR[4]"
Net "Net_1379" overuses wire "AGR[4]"
Net "Net_1410" overuses wire "AGR[6]"
Net "Net_1379" overuses wire "AGR[6]"
Net "Net_769" overuses wire "AGR[5]"
Net "Net_1410" overuses wire "sc1 out Wire"
Net "Net_1410" overuses wire "AGR[5]"
Net "Net_1410" overuses wire "abuf3- Wire"
Net "Net_1419" overuses wire "sc1 out Wire"
Net "Vcomun" overuses wire "abuf3- Wire"
Net "Net_1410" overuses wire "AGR[6]"
Net "Net_1379" overuses wire "AGR[6]"
Net "Net_1379" overuses wire "amuxbusR"
Net "Vcomun" overuses wire "amuxbusR"
Net "Net_1176" overuses wire "AGR[4]"
Net "Net_1379" overuses wire "AGR[4]"
Net "Net_1379" overuses wire "amuxbusR"
Net "Vcomun" overuses wire "amuxbusR"
Net "Net_1176" overuses wire "AGR[4]"
Net "Net_1379" overuses wire "AGR[4]"
Net "Net_1410" overuses wire "AGR[6]"
Net "Net_1379" overuses wire "AGR[6]"
Net "Net_1379" overuses wire "amuxbusR"
Net "Vcomun" overuses wire "amuxbusR"
Net "Net_1176" overuses wire "AGR[4]"
Net "Net_1379" overuses wire "AGR[4]"
Net "Net_1410" overuses wire "AGR[6]"
Net "Net_1379" overuses wire "AGR[6]"
Net "Net_769" overuses wire "AGR[5]"
Net "Net_1410" overuses wire "sc1 out Wire"
Net "Net_1410" overuses wire "AGR[5]"
Net "Net_1410" overuses wire "abuf3- Wire"
Net "Net_1419" overuses wire "sc1 out Wire"
Net "Vcomun" overuses wire "abuf3- Wire"
Net "Net_1410" overuses wire "AGR[6]"
Net "Net_1379" overuses wire "AGR[6]"
Net "Net_1176" overuses wire "AGR[4]"
Net "Net_1379" overuses wire "AGR[4]"
Net "Net_1379" overuses wire "amuxbusR"
Net "Vcomun" overuses wire "amuxbusR"
Net "Net_1176" overuses wire "AGR[4]"
Net "Net_1379" overuses wire "AGR[4]"
Net "Net_1410" overuses wire "AGR[6]"
Net "Net_1379" overuses wire "AGR[6]"
Log: apr.M0019: The analog placement iterative improvement phase is beginning. (App=cydsfit)
Log: apr.M0058: The analog placement iterative improvement is 6% done. (App=cydsfit)
Log: apr.M0058: The analog placement iterative improvement is 13% done. (App=cydsfit)
Log: apr.M0058: The analog placement iterative improvement is 20% done. (App=cydsfit)
Log: apr.M0058: The analog placement iterative improvement is 26% done. (App=cydsfit)
Log: apr.M0058: The analog placement iterative improvement is 33% done. (App=cydsfit)
Log: apr.M0058: The analog placement iterative improvement is 40% done. (App=cydsfit)
Log: apr.M0058: The analog placement iterative improvement is 47% done. (App=cydsfit)
Log: apr.M0058: The analog placement iterative improvement is 53% done. (App=cydsfit)
Log: apr.M0058: The analog placement iterative improvement is 60% done. (App=cydsfit)
Log: apr.M0058: The analog placement iterative improvement is 67% done. (App=cydsfit)
Log: apr.M0058: The analog placement iterative improvement is 74% done. (App=cydsfit)
Log: apr.M0058: The analog placement iterative improvement is 80% done. (App=cydsfit)
Log: apr.M0058: The analog placement iterative improvement is 87% done. (App=cydsfit)
Log: apr.M0058: The analog placement iterative improvement is 94% done. (App=cydsfit)
Analog Placement Results:
IO_4@[IOP=(15)][IoId=(4)] : ADC_n(0) (fixed)
IO_5@[IOP=(15)][IoId=(5)] : ADC_p(0) (fixed)
IO_3@[IOP=(0)][IoId=(3)] : BPin_n(0) (fixed)
IO_5@[IOP=(0)][IoId=(5)] : BPin_p(0) (fixed)
IO_1@[IOP=(0)][IoId=(1)] : BPout_n(0) (fixed)
IO_0@[IOP=(0)][IoId=(0)] : BPout_p(0) (fixed)
IO_2@[IOP=(0)][IoId=(2)] : BPref_n(0) (fixed)
IO_4@[IOP=(0)][IoId=(4)] : BPref_p(0) (fixed)
IO_6@[IOP=(0)][IoId=(6)] : FDA_n(0) (fixed)
IO_7@[IOP=(0)][IoId=(7)] : FDA_p(0) (fixed)
IO_0@[IOP=(3)][IoId=(0)] : In_n(0) (fixed)
IO_1@[IOP=(3)][IoId=(1)] : In_p(0) (fixed)
IO_2@[IOP=(3)][IoId=(2)] : LPin_n(0) (fixed)
IO_3@[IOP=(3)][IoId=(3)] : LPin_p(0) (fixed)
IO_4@[IOP=(3)][IoId=(4)] : LPout_n(0) (fixed)
IO_5@[IOP=(3)][IoId=(5)] : LPout_p(0) (fixed)
IO_6@[IOP=(12)][IoId=(6)] : Rx_1(0) (fixed)
IO_7@[IOP=(12)][IoId=(7)] : Tx_1(0) (fixed)
IO_7@[IOP=(3)][IoId=(7)] : refIn(0) (fixed)
OpAmp[3]@[FFB(OpAmp,3)] : \Opa_ref:ABuf\ (fixed)
OpAmp[2]@[FFB(OpAmp,2)] : \OpaBP_p:ABuf\ (fixed)
OpAmp[0]@[FFB(OpAmp,0)] : \OpaBP_n:ABuf\ (fixed)
DSM[0]@[FFB(DSM,0)] : \ADC_DelSig:DSM\ (fixed)
SC[3]@[FFB(SC,3)] : \PGA_n:SC\ (fixed)
SC[2]@[FFB(SC,2)] : \PGA_p:SC\ (fixed)
SC[0]@[FFB(SC,0)] : \TIA_n:SC\ (fixed)
SC[1]@[FFB(SC,1)] : \TIA_p:SC\ (fixed)
VIDAC[0]@[FFB(VIDAC,0)] : \VDAC_n:viDAC8\ (fixed)
VIDAC[1]@[FFB(VIDAC,1)] : \VDAC_p:viDAC8\ (fixed)
Vref[1]@[FFB(Vref,1)] : vRef_1 (fixed)
IO_0@[IOP=(2)][IoId=(0)] : TIAref_n(0)
IO_7@[IOP=(1)][IoId=(7)] : TIAref_p(0)
IO_2@[IOP=(2)][IoId=(2)] : LPref_n(0)
IO_6@[IOP=(1)][IoId=(6)] : LPref_p(0)

Net "Net_1124" overuses wire "sc3 out Wire"
Net "Net_1124" overuses wire "AGR[6]"
Net "Net_1124" overuses wire "AGL2AGR[6] Sw__0b"
Net "Net_1124" overuses wire "AGL[6]"
Net "Net_1176" overuses wire "AGR[4]"
Net "Net_769" overuses wire "sc3 out Wire"
Net "Net_769" overuses wire "AGR[4]"
Net "Net_1410" overuses wire "AGL[6]"
Net "Net_1410" overuses wire "AGL2AGR[6] Sw__0b"
Net "Net_1410" overuses wire "AGR[6]"
Net "Net_1422" overuses wire "sc1 Vin Wire"
Net "Net_1422" overuses wire "AGR[7]"
Net "Net_1379" overuses wire "sc1 Vin Wire"
Net "Net_1379" overuses wire "AGR[4]"
Net "Vcomun" overuses wire "AGR[7]"
Net "Vcomun" overuses wire "AGR[7]"
Net "Net_143" overuses wire "AGL[5]"
Net "Net_1124" overuses wire "sc2 Vin Wire"
Net "Net_1124" overuses wire "AGL[6]"
Net "Net_769" overuses wire "sc2 Vin Wire"
Net "Net_769" overuses wire "AGL[5]"
Net "Net_769" overuses wire "AGR[5]"
Net "Net_1410" overuses wire "AGL[6]"
Net "Net_1422" overuses wire "sc1 Vin Wire"
Net "Net_1422" overuses wire "AGR[7]"
Net "Net_1379" overuses wire "sc1 Vin Wire"
Net "Net_1419" overuses wire "AGR[5]"
Net "Vcomun" overuses wire "AGR[7]"
Net "Vcomun" overuses wire "AGR[7]"
Net "Net_142" overuses wire "dsm0+ Wire"
Net "Net_1124" overuses wire "sc2 Vin Wire"
Net "Net_1124" overuses wire "AGL[6]"
Net "Net_1123" overuses wire "AGL[4]"
Net "Net_769" overuses wire "sc2 Vin Wire"
Net "Net_769" overuses wire "AGR[5]"
Net "Net_1410" overuses wire "AGL[6]"
Net "Net_1422" overuses wire "AGR[7]"
Net "Net_1379" overuses wire "AGL[7]"
Net "Net_1379" overuses wire "dsm0+ Wire"
Net "Net_1379" overuses wire "AGL[4]"
Net "Net_1419" overuses wire "AGR[5]"
Net "Vcomun" overuses wire "AGR[7]"
Net "Vcomun" overuses wire "AGL[7]"
Net "Vcomun" overuses wire "AGR[7]"
Net "Net_1124" overuses wire "AGR[6]"
Net "Net_1176" overuses wire "amuxbusR"
Net "Net_769" overuses wire "AGR[5]"
Net "Net_1410" overuses wire "sc1 out Wire"
Net "Net_1410" overuses wire "AGR[6]"
Net "Net_1422" overuses wire "sc1 Vin Wire"
Net "Net_1422" overuses wire "amuxbusR"
Net "Net_1379" overuses wire "sc1 Vin Wire"
Net "Net_1419" overuses wire "sc1 out Wire"
Net "Net_1419" overuses wire "AGR[5]"
Net "Net_1124" overuses wire "AGR[6]"
Net "Net_1176" overuses wire "AGR[4]"
Net "Net_769" overuses wire "AGR[5]"
Net "Net_1410" overuses wire "sc1 out Wire"
Net "Net_1410" overuses wire "AGR[6]"
Net "Net_1422" overuses wire "sc1 Vin Wire"
Net "Net_1379" overuses wire "sc1 Vin Wire"
Net "Net_1379" overuses wire "AGR[4]"
Net "Net_1419" overuses wire "sc1 out Wire"
Net "Net_1419" overuses wire "AGR[5]"
Net "Net_1124" overuses wire "sc2 Vin Wire"
Net "Net_1124" overuses wire "AGL[6]"
Net "Net_1123" overuses wire "AGL[4]"
Net "Net_1176" overuses wire "AGR[4]"
Net "Net_769" overuses wire "sc2 Vin Wire"
Net "Net_769" overuses wire "AGL[5]"
Net "Net_1410" overuses wire "AGL[6]"
Net "Net_1379" overuses wire "AGL[5]"
Net "Net_1379" overuses wire "SIO Ref[1] Sw__1b"
Net "Net_1379" overuses wire "SIO Ref[1] Sw__0b"
Net "Net_1379" overuses wire "AGL[4]"
Net "Net_1379" overuses wire "AGR[4]"
Net "Net_143" overuses wire "amuxbusL"
Net "Net_1124" overuses wire "AGL[0]"
Net "Net_1124" overuses wire "amuxbusL"
Net "Net_1176" overuses wire "amuxbusR"
Net "Net_1422" overuses wire "sc1 Vin Wire"
Net "Net_1422" overuses wire "amuxbusR"
Net "Net_1379" overuses wire "sc1 Vin Wire"
Net "Net_1473" overuses wire "AGL[0]"
Net "Net_143" overuses wire "AGL[3]"
Net "Net_143" overuses wire "amuxbusL"
Net "Net_1124" overuses wire "amuxbusL"
Net "Net_1422" overuses wire "amuxbusR"
Net "Net_1379" overuses wire "AGL[3]"
Net "Net_1379" overuses wire "amuxbusR"
Net "Net_143" overuses wire "AGL[1]"
Net "Net_143" overuses wire "SIO Ref[2] Sw__1b"
Net "Net_143" overuses wire "SIO Ref[2] Sw__0b"
Net "Net_143" overuses wire "AGL[0]"
Net "Net_142" overuses wire "AGL[1]"
Net "Net_1422" overuses wire "AGR[7]"
Net "Net_1473" overuses wire "AGL[0]"
Net "Vcomun" overuses wire "AGR[7]"
Net "Vcomun" overuses wire "AGR[7]"
Net "Net_143" overuses wire "v0 Wire"
Net "Net_142" overuses wire "AGL[1]"
Net "Net_1422" overuses wire "AGR[7]"
Net "Net_1473" overuses wire "v0 Wire"
Net "Net_1473" overuses wire "AGL[1]"
Net "Vcomun" overuses wire "AGR[7]"
Net "Vcomun" overuses wire "AGR[7]"
Net "Net_143" overuses wire "v0 Wire"
Net "Net_142" overuses wire "AGL[1]"
Net "Net_1422" overuses wire "AGR[7]"
Net "Net_1473" overuses wire "v0 Wire"
Net "Net_1473" overuses wire "AGL[1]"
Net "Vcomun" overuses wire "AGR[7]"
Net "Vcomun" overuses wire "AGR[7]"
Net "Net_143" overuses wire "AGL[7]"
Net "Net_143" overuses wire "dsm0+ Wire"
Net "Net_143" overuses wire "AGL[0]"
Net "Net_142" overuses wire "dsm0+ Wire"
Net "Net_1422" overuses wire "GPIO P3[3] Mux__8b"
Net "Net_1422" overuses wire "abuf3+ Wire"
Net "Net_1473" overuses wire "AGL[0]"
Net "Net_1391" overuses wire "GPIO P3[3] Mux__5b"
Net "Net_1391" overuses wire "abuf3+ Wire"
Net "Vcomun" overuses wire "AGL[7]"
Net "Net_142" overuses wire "AGL[1]"
Net "Net_1422" overuses wire "amuxbusR"
Net "Net_1379" overuses wire "amuxbusR"
Net "Net_1473" overuses wire "AGL[1]"
Net "Net_143" overuses wire "AGL[0]"
Net "Net_1422" overuses wire "AGR[7]"
Net "Net_1473" overuses wire "AGL[0]"
Net "Vcomun" overuses wire "AGR[7]"
Net "Vcomun" overuses wire "AGR[7]"
Net "Net_143" overuses wire "AGL[7]"
Net "Net_143" overuses wire "amuxbusL"
Net "Net_1124" overuses wire "amuxbusL"
Net "Net_1422" overuses wire "AGR[7]"
Net "Net_1419" overuses wire "abusR1"
Net "Vcomun" overuses wire "AGR[7]"
Net "Vcomun" overuses wire "AGL[7]"
Net "Vcomun" overuses wire "abusR1"
Net "Net_143" overuses wire "AGL[0]"
Net "Net_1422" overuses wire "amuxbusR"
Net "Net_1379" overuses wire "amuxbusR"
Net "Net_1473" overuses wire "AGL[0]"
Net "Net_143" overuses wire "AGL[5]"
Net "Net_143" overuses wire "amuxbusL"
Net "Net_1124" overuses wire "amuxbusL"
Net "Net_769" overuses wire "AGL[5]"
Net "Net_1422" overuses wire "AGR[7]"
Net "Vcomun" overuses wire "AGR[7]"
Net "Vcomun" overuses wire "AGR[7]"
Net "Net_143" overuses wire "AGL[0]"
Net "Net_1422" overuses wire "amuxbusR"
Net "Net_1379" overuses wire "amuxbusR"
Net "Net_1473" overuses wire "AGL[0]"
Net "Net_143" overuses wire "AGL[3]"
Net "Net_143" overuses wire "amuxbusL"
Net "Net_1124" overuses wire "amuxbusL"
Net "Net_1422" overuses wire "AGR[7]"
Net "Net_1379" overuses wire "AGL[3]"
Net "Vcomun" overuses wire "AGR[7]"
Net "Vcomun" overuses wire "AGR[7]"
Net "Net_143" overuses wire "AGL[0]"
Net "Net_1176" overuses wire "AGR[4]"
Net "Net_1379" overuses wire "AGR[4]"
Net "Net_1473" overuses wire "AGL[0]"
Net "Net_142" overuses wire "AGL[1]"
Net "Net_1176" overuses wire "AGR[4]"
Net "Net_1379" overuses wire "AGR[4]"
Net "Net_1473" overuses wire "AGL[1]"
Net "Net_142" overuses wire "AGL[1]"
Net "Net_1410" overuses wire "AGR[6]"
Net "Net_1379" overuses wire "AGR[6]"
Net "Net_1473" overuses wire "AGL[1]"
Net "Net_142" overuses wire "AGL[1]"
Net "Net_1176" overuses wire "AGR[4]"
Net "Net_1379" overuses wire "AGR[4]"
Net "Net_1473" overuses wire "AGL[1]"
Net "Net_142" overuses wire "amuxbusL"
Net "Net_1124" overuses wire "amuxbusL"
Net "Net_1176" overuses wire "AGR[4]"
Net "Net_1379" overuses wire "AGR[4]"
Net "Net_142" overuses wire "AGL[1]"
Net "Net_1410" overuses wire "AGR[6]"
Net "Net_1379" overuses wire "AGR[6]"
Net "Net_1473" overuses wire "AGL[1]"
Net "Net_143" overuses wire "abusL1"
Net "Net_1176" overuses wire "AGR[4]"
Net "Net_1379" overuses wire "AGR[4]"
Net "Net_1473" overuses wire "abusL1"
Net "Net_1473" overuses wire "v1 Wire"
Net "Net_1481" overuses wire "v1 Wire"
Net "Net_1176" overuses wire "amuxbusR"
Net "Net_1422" overuses wire "sc1 Vin Wire"
Net "Net_1422" overuses wire "amuxbusR"
Net "Net_1379" overuses wire "sc1 Vin Wire"
Net "Net_1411" overuses wire "AGL[2]"
Net "Net_1473" overuses wire "AGL[2]"
Net "Net_143" overuses wire "abusL3"
Net "Net_1410" overuses wire "AGR[6]"
Net "Net_1379" overuses wire "sc0 out Wire"
Net "Net_1379" overuses wire "abusL3"
Net "Net_1379" overuses wire "AGR[6]"
Net "Net_1473" overuses wire "sc0 out Wire"
Net "Net_1473" overuses wire "AGL[3]"
Net "Vcomun" overuses wire "AGL[3]"
Net "Net_143" overuses wire "AGL[0]"
Net "Net_1176" overuses wire "AGR[4]"
Net "Net_1379" overuses wire "AGR[4]"
Net "Net_1473" overuses wire "AGL[0]"
Net "Net_143" overuses wire "amuxbusL"
Net "Net_1124" overuses wire "amuxbusL"
Net "Net_1410" overuses wire "AGR[6]"
Net "Net_1379" overuses wire "AGR[6]"
Net "Net_1124" overuses wire "sc2 Vin Wire"
Net "Net_769" overuses wire "sc2 Vin Wire"
Net "Net_769" overuses wire "AGR[5]"
Net "Net_1410" overuses wire "sc1 out Wire"
Net "Net_1410" overuses wire "AGR[5]"
Net "Net_1410" overuses wire "abuf3- Wire"
Net "Net_1419" overuses wire "sc1 out Wire"
Net "Vcomun" overuses wire "abuf3- Wire"
Net "Net_1124" overuses wire "sc2 out Wire"
Net "Net_1124" overuses wire "AGL[6]"
Net "Net_1123" overuses wire "sc2 out Wire"
Net "Net_1410" overuses wire "AGL[6]"
Net "Net_1410" overuses wire "AGR[6]"
Net "Net_1379" overuses wire "AGR[6]"
Net "Net_1124" overuses wire "sc2 out Wire"
Net "Net_1123" overuses wire "sc2 out Wire"
Net "Net_769" overuses wire "AGR[5]"
Net "Net_1410" overuses wire "sc1 out Wire"
Net "Net_1410" overuses wire "AGR[5]"
Net "Net_1410" overuses wire "abuf3- Wire"
Net "Net_1419" overuses wire "sc1 out Wire"
Net "Vcomun" overuses wire "abuf3- Wire"
Net "Net_1124" overuses wire "sc3 out Wire"
Net "Net_1124" overuses wire "sc2 Vin Wire"
Net "Net_769" overuses wire "sc2 Vin Wire"
Net "Net_1410" overuses wire "sc3 out Wire"
Net "Net_1410" overuses wire "AGR[6]"
Net "Net_1379" overuses wire "AGR[6]"
Net "Net_1124" overuses wire "sc2 Vin Wire"
Net "Net_769" overuses wire "sc2 Vin Wire"
Net "Net_1410" overuses wire "amuxbusR"
Net "Net_1422" overuses wire "amuxbusR"
Net "Net_1124" overuses wire "sc2 Vin Wire"
Net "Net_1124" overuses wire "AGL[6]"
Net "Net_769" overuses wire "sc2 Vin Wire"
Net "Net_1410" overuses wire "AGL[6]"
Net "Net_1410" overuses wire "AGR[6]"
Net "Net_1379" overuses wire "AGR[6]"
Net "Net_142" overuses wire "dsm0+ Wire"
Net "Net_1124" overuses wire "dsm0+ Wire"
Net "Net_769" overuses wire "AGR[5]"
Net "Net_1410" overuses wire "sc1 out Wire"
Net "Net_1410" overuses wire "AGR[5]"
Net "Net_1410" overuses wire "abuf3- Wire"
Net "Net_1419" overuses wire "sc1 out Wire"
Net "Vcomun" overuses wire "abuf3- Wire"
Net "Net_1124" overuses wire "sc0 Vin Wire"
Net "Net_1410" overuses wire "sc0 Vin Wire"
Net "Net_1410" overuses wire "AGL[2]"
Net "Net_1410" overuses wire "AGR[2]"
Net "Net_1410" overuses wire "amuxbusR"
Net "Net_1422" overuses wire "amuxbusR"
Net "Net_1411" overuses wire "AGL[2]"
Net "Net_1441" overuses wire "AGR[2]"
Net "Net_1124" overuses wire "comp0- Wire"
Net "Net_1124" overuses wire "AGL[6]"
Net "Net_1410" overuses wire "AGL[6]"
Net "Net_1410" overuses wire "AGR[6]"
Net "Net_1379" overuses wire "comp0- Wire"
Net "Net_1379" overuses wire "AGR[6]"
Net "Net_1124" overuses wire "sc2 out Wire"
Net "Net_1123" overuses wire "sc2 out Wire"
Net "Net_769" overuses wire "AGL[5]"
Net "Net_769" overuses wire "AGL2AGR[5] Sw__0b"
Net "Net_769" overuses wire "AGR[5]"
Net "Net_1410" overuses wire "AGL[5]"
Net "Net_1410" overuses wire "AGL2AGR[5] Sw__0b"
Net "Net_1410" overuses wire "AGR[5]"
Net "Net_1410" overuses wire "abuf3- Wire"
Net "Vcomun" overuses wire "abuf3- Wire"
Net "Net_1124" overuses wire "sc3 out Wire"
Net "Net_1176" overuses wire "AGR[4]"
Net "Net_769" overuses wire "sc3 out Wire"
Net "Net_769" overuses wire "AGR[4]"
Net "Net_1410" overuses wire "abuf3- Wire"
Net "Vcomun" overuses wire "abuf3- Wire"
Net "Net_1384" overuses wire "abuf0+ Wire"
Net "Net_1124" overuses wire "GPIO P0[2] Mux__7b"
Net "Net_1124" overuses wire "abuf0+ Wire"
Net "Net_1124" overuses wire "GPIO P0[2] Mux__3b"
Net "Net_1410" overuses wire "sc1 out Wire"
Net "Net_1410" overuses wire "amuxbusR"
Net "Net_1422" overuses wire "amuxbusR"
Net "Net_1419" overuses wire "sc1 out Wire"
Net "Net_1397" overuses wire "abuf2+ Wire"
Net "Net_1124" overuses wire "GPIO P0[4] Mux__7b"
Net "Net_1124" overuses wire "abuf2+ Wire"
Net "Net_1124" overuses wire "GPIO P0[4] Mux__3b"
Net "Net_1124" overuses wire "AGL[6]"
Net "Net_1410" overuses wire "AGL[6]"
Net "Net_1410" overuses wire "AGR[6]"
Net "Net_1379" overuses wire "AGR[6]"
Net "Net_143" overuses wire "amuxbusL"
Net "Net_1124" overuses wire "amuxbusL"
Net "Net_1176" overuses wire "AGR[4]"
Net "Net_1379" overuses wire "AGR[4]"
Net "Net_143" overuses wire "AGL[0]"
Net "Net_1422" overuses wire "amuxbusR"
Net "Net_1379" overuses wire "amuxbusR"
Net "Net_1473" overuses wire "AGL[0]"
Net "Net_1422" overuses wire "abusR0"
Net "Net_1422" overuses wire "GPIO P3[3] Mux abusR0"
Net "Net_1422" overuses wire "GPIO P3[3] Mux__5b"
Net "Net_1422" overuses wire "abuf3+ Wire"
Net "Net_1391" overuses wire "abusR0"
Net "Net_1391" overuses wire "GPIO P3[3] Mux abusR0"
Net "Net_1391" overuses wire "GPIO P3[3] Mux__5b"
Net "Net_1391" overuses wire "abuf3+ Wire"
Net "Net_1422" overuses wire "AGR[7]"
Net "Vcomun" overuses wire "AGR[7]"
Net "Vcomun" overuses wire "AGR[7]"
Net "Net_143" overuses wire "abusL1"
Net "Net_1422" overuses wire "AGR[7]"
Net "Vcomun" overuses wire "AGR[7]"
Net "Vcomun" overuses wire "abusL1"
Net "Net_143" overuses wire "AGL[7]"
Net "Net_1422" overuses wire "abusR3"
Net "Net_1422" overuses wire "GPIO P3[3] Mux__8b"
Net "Net_1422" overuses wire "abuf3+ Wire"
Net "Net_1419" overuses wire "abusR3"
Net "Net_1391" overuses wire "GPIO P3[3] Mux__5b"
Net "Net_1391" overuses wire "abuf3+ Wire"
Net "Vcomun" overuses wire "AGL[7]"
Net "Net_1422" overuses wire "AGR[7]"
Net "Net_1379" overuses wire "AGL[3]"
Net "Net_1379" overuses wire "AGL2AGR[3] Sw__0b"
Net "Net_1379" overuses wire "AGR[3]"
Net "Vcomun" overuses wire "AGR[7]"
Net "Vcomun" overuses wire "AGL[3]"
Net "Vcomun" overuses wire "AGL2AGR[3] Sw__0b"
Net "Vcomun" overuses wire "AGR[3]"
Net "Net_1422" overuses wire "sc1 Vin Wire"
Net "Net_1422" overuses wire "GPIO P3[3] Mux__8b"
Net "Net_1422" overuses wire "abuf3+ Wire"
Net "Net_1379" overuses wire "sc1 Vin Wire"
Net "Net_1391" overuses wire "GPIO P3[3] Mux__5b"
Net "Net_1391" overuses wire "abuf3+ Wire"
Net "Net_1422" overuses wire "AGR[7]"
Net "Vcomun" overuses wire "AGR[7]"
Net "Vcomun" overuses wire "AGR[7]"
Net "Net_1422" overuses wire "amuxbusR"
Net "Net_1379" overuses wire "amuxbusR"
Net "Net_1422" overuses wire "AGR[7]"
Net "Vcomun" overuses wire "AGR[7]"
Net "Vcomun" overuses wire "AGR[7]"
Net "Net_1422" overuses wire "GPIO P3[3] Mux__8b"
Net "Net_1422" overuses wire "abuf3+ Wire"
Net "Net_1391" overuses wire "GPIO P3[3] Mux__5b"
Net "Net_1391" overuses wire "abuf3+ Wire"
Net "Net_1422" overuses wire "amuxbusR"
Net "Net_1379" overuses wire "amuxbusR"
Net "Net_1422" overuses wire "AGR[7]"
Net "Vcomun" overuses wire "AGR[7]"
Net "Vcomun" overuses wire "AGR[7]"
Net "Net_1422" overuses wire "amuxbusR"
Net "Net_1379" overuses wire "amuxbusR"
Net "Net_1422" overuses wire "AGR[7]"
Net "Vcomun" overuses wire "AGR[7]"
Net "Vcomun" overuses wire "AGR[7]"
Net "Net_1422" overuses wire "GPIO P3[3] Mux__8b"
Net "Net_1422" overuses wire "abuf3+ Wire"
Net "Net_1391" overuses wire "GPIO P3[3] Mux__5b"
Net "Net_1391" overuses wire "abuf3+ Wire"
Net "Net_1422" overuses wire "amuxbusR"
Net "Net_1379" overuses wire "amuxbusR"
Net "Net_1422" overuses wire "AGR[7]"
Net "Vcomun" overuses wire "AGR[7]"
Net "Vcomun" overuses wire "AGR[7]"
Net "Net_769" overuses wire "AGL[5]"
Net "Net_769" overuses wire "AGL2AGR[5] Sw__0b"
Net "Net_769" overuses wire "AGR[5]"
Net "Vcomun" overuses wire "AGR[5]"
Net "Vcomun" overuses wire "AGL2AGR[5] Sw__0b"
Net "Vcomun" overuses wire "AGL[5]"
Net "Vcomun" overuses wire "AGR[5]"
Net "Net_1124" overuses wire "sc3 out Wire"
Net "Net_1176" overuses wire "AGR[4]"
Net "Net_769" overuses wire "sc3 out Wire"
Net "Net_769" overuses wire "AGR[4]"
Net "Net_1124" overuses wire "abusR2"
Net "Net_1124" overuses wire "abusL2abusR[2]__0b"
Net "Net_1124" overuses wire "abusL2"
Net "Net_769" overuses wire "abusL2"
Net "Net_769" overuses wire "abusL2abusR[2]__0b"
Net "Net_769" overuses wire "abusR2"
Net "Net_769" overuses wire "AGR[5]"
Net "Vcomun" overuses wire "AGR[5]"
Net "Vcomun" overuses wire "AGR[5]"
Net "Net_1124" overuses wire "AGR[0]"
Net "Net_1124" overuses wire "cmp1_vref"
Net "Net_769" overuses wire "AGR[5]"
Net "Net_1473" overuses wire "cmp1_vref"
Net "Net_1481" overuses wire "AGR[0]"
Net "Vcomun" overuses wire "AGR[5]"
Net "Vcomun" overuses wire "AGR[5]"
Net "Net_1124" overuses wire "AGR[2]"
Net "Net_1124" overuses wire "AGL[2]"
Net "Net_1422" overuses wire "AGR[7]"
Net "Net_1411" overuses wire "AGL[2]"
Net "Net_1441" overuses wire "AGR[2]"
Net "Net_1473" overuses wire "v1 Wire"
Net "Net_1473" overuses wire "AGR[1]"
Net "Net_1481" overuses wire "v1 Wire"
Net "Vcomun" overuses wire "AGR[7]"
Net "Vcomun" overuses wire "AGR[1]"
Net "Net_142" overuses wire "AGL[1]"
Net "Net_1124" overuses wire "abusR0"
Net "Net_1124" overuses wire "abusL2abusR[0]__0b"
Net "Net_1124" overuses wire "abusL0"
Net "Net_1422" overuses wire "amuxbusR"
Net "Net_1379" overuses wire "amuxbusR"
Net "Net_1473" overuses wire "AGL[1]"
Net "Net_1391" overuses wire "abusL0"
Net "Net_1391" overuses wire "abusL2abusR[0]__0b"
Net "Net_1391" overuses wire "abusR0"
Net "Net_143" overuses wire "dsm0- Wire"
Net "Net_1124" overuses wire "AGR[0]"
Net "Net_1422" overuses wire "GPIO P3[3] Mux__8b"
Net "Net_1422" overuses wire "abuf3+ Wire"
Net "Net_1379" overuses wire "AGL[3]"
Net "Net_1473" overuses wire "dsm0- Wire"
Net "Net_1473" overuses wire "AGL[3]"
Net "Net_1481" overuses wire "AGR[0]"
Net "Net_1391" overuses wire "GPIO P3[3] Mux__5b"
Net "Net_1391" overuses wire "abuf3+ Wire"
Net "Net_1124" overuses wire "sc2 Vin Wire"
Net "Net_769" overuses wire "sc2 Vin Wire"
Net "Net_1422" overuses wire "AGR[7]"
Net "Net_1379" overuses wire "sc0 out Wire"
Net "Net_1473" overuses wire "sc0 out Wire"
Net "Vcomun" overuses wire "AGR[7]"
Net "Vcomun" overuses wire "AGR[7]"
Net "Net_143" overuses wire "dsm0- Wire"
Net "Net_1123" overuses wire "AGL[4]"
Net "Net_1176" overuses wire "AGR[4]"
Net "Net_1379" overuses wire "AGL[4]"
Net "Net_1379" overuses wire "AGR[4]"
Net "Net_1473" overuses wire "dsm0- Wire"
Net "Net_1123" overuses wire "AGL[4]"
Net "Net_1176" overuses wire "AGR[4]"
Net "Net_1379" overuses wire "AGL[4]"
Net "Net_1379" overuses wire "AGR[4]"
Net "Net_1176" overuses wire "AGR[4]"
Net "Net_1422" overuses wire "sc1 Vin Wire"
Net "Net_1379" overuses wire "sc1 Vin Wire"
Net "Net_1379" overuses wire "AGR[4]"
Net "Net_1410" overuses wire "AGR[6]"
Net "Net_1422" overuses wire "sc1 Vin Wire"
Net "Net_1379" overuses wire "sc1 Vin Wire"
Net "Net_1379" overuses wire "AGR[6]"
Net "Net_1123" overuses wire "AGL[4]"
Net "Net_1176" overuses wire "AGR[4]"
Net "Net_1379" overuses wire "AGL[4]"
Net "Net_1379" overuses wire "AGR[4]"
Net "Net_1124" overuses wire "comp1- Wire"
Net "Net_1410" overuses wire "AGR[6]"
Net "Net_1379" overuses wire "abusL3"
Net "Net_1379" overuses wire "comp1- Wire"
Net "Net_1379" overuses wire "AGR[6]"
Net "Net_1473" overuses wire "abusL3"
Net "Net_1123" overuses wire "AGL[4]"
Net "Net_1176" overuses wire "AGR[4]"
Net "Net_1379" overuses wire "sc0 out Wire"
Net "Net_1379" overuses wire "AGL[4]"
Net "Net_1379" overuses wire "AGR[4]"
Net "Net_1473" overuses wire "sc0 out Wire"
Net "Net_143" overuses wire "dsm0- Wire"
Net "Net_1410" overuses wire "AGR[6]"
Net "Net_1422" overuses wire "sc1 Vin Wire"
Net "Net_1379" overuses wire "sc1 Vin Wire"
Net "Net_1379" overuses wire "AGR[6]"
Net "Net_1473" overuses wire "dsm0- Wire"
Net "Net_142" overuses wire "AGL[1]"
Net "Net_1176" overuses wire "sc3 Vin Wire"
Net "Net_1410" overuses wire "AGR[6]"
Net "Net_1379" overuses wire "sc3 Vin Wire"
Net "Net_1379" overuses wire "AGR[6]"
Net "Net_1473" overuses wire "AGL[1]"
Net "Net_142" overuses wire "amuxbusL"
Net "Net_1124" overuses wire "amuxbusL"
Net "Net_1422" overuses wire "amuxbusR"
Net "Net_1379" overuses wire "amuxbusR"
Net "Net_142" overuses wire "AGL[1]"
Net "Net_1422" overuses wire "AGR[7]"
Net "Net_1473" overuses wire "AGL[1]"
Net "Vcomun" overuses wire "AGR[7]"
Net "Vcomun" overuses wire "AGR[7]"
Net "Net_143" overuses wire "AGL[0]"
Net "Net_1422" overuses wire "amuxbusR"
Net "Net_1379" overuses wire "amuxbusR"
Net "Net_1473" overuses wire "AGL[0]"
Net "Net_143" overuses wire "amuxbusL"
Net "Net_1124" overuses wire "amuxbusL"
Net "Net_1422" overuses wire "GPIO P3[3] Mux__8b"
Net "Net_1422" overuses wire "abuf3+ Wire"
Net "Net_1391" overuses wire "GPIO P3[3] Mux__5b"
Net "Net_1391" overuses wire "abuf3+ Wire"
Net "Net_143" overuses wire "AGL[0]"
Net "Net_1422" overuses wire "AGR[7]"
Net "Net_1473" overuses wire "AGL[0]"
Net "Vcomun" overuses wire "AGR[7]"
Net "Vcomun" overuses wire "AGR[7]"
Net "Net_143" overuses wire "amuxbusL"
Net "Net_1124" overuses wire "amuxbusL"
Net "Net_1422" overuses wire "amuxbusR"
Net "Net_1379" overuses wire "amuxbusR"
Net "Net_1419" overuses wire "abusR1"
Net "Vcomun" overuses wire "abusR1"
Net "Net_143" overuses wire "AGL[0]"
Net "Net_769" overuses wire "AGR[5]"
Net "Net_1473" overuses wire "AGL[0]"
Net "Vcomun" overuses wire "AGR[5]"
Net "Net_143" overuses wire "amuxbusL"
Net "Net_1124" overuses wire "amuxbusL"
Net "Net_769" overuses wire "AGR[5]"
Net "Vcomun" overuses wire "AGR[5]"
Net "Net_1124" overuses wire "AGL[6]"
Net "Net_769" overuses wire "AGR[5]"
Net "Net_1410" overuses wire "AGL[6]"
Net "Vcomun" overuses wire "AGR[5]"
Net "Net_1124" overuses wire "AGL[6]"
Net "Net_769" overuses wire "AGR[5]"
Net "Net_1410" overuses wire "AGL[6]"
Net "Vcomun" overuses wire "AGR[5]"
Net "Net_1124" overuses wire "comp1- Wire"
Net "Net_1124" overuses wire "CMP1 Vref Mux alt__0b"
Net "Net_1124" overuses wire "cmp1_vref"
Net "Net_769" overuses wire "AGR[5]"
Net "Net_1410" overuses wire "cmp1_vref"
Net "Net_1410" overuses wire "CMP1 Vref Mux alt__0b"
Net "Net_1410" overuses wire "comp1- Wire"
Net "Vcomun" overuses wire "AGR[5]"
Net "Net_1124" overuses wire "sc3 Vin Wire"
Net "Net_1124" overuses wire "sc2 out Wire"
Net "Net_1123" overuses wire "sc2 out Wire"
Net "Net_1176" overuses wire "sc3 Vin Wire"
Net "Net_769" overuses wire "AGR[5]"
Net "Vcomun" overuses wire "AGR[5]"
Net "Net_1124" overuses wire "sc2 Vin Wire"
Net "Net_769" overuses wire "sc2 Vin Wire"
Net "Net_769" overuses wire "AGR[5]"
Net "Vcomun" overuses wire "AGR[5]"
Net "Net_1124" overuses wire "sc3 out Wire"
Net "Net_1124" overuses wire "sc2vin2sc3out Sw__0b"
Net "Net_1124" overuses wire "sc2 Vin Wire"
Net "Net_1176" overuses wire "AGR[4]"
Net "Net_769" overuses wire "sc2 Vin Wire"
Net "Net_769" overuses wire "sc2vin2sc3out Sw__0b"
Net "Net_769" overuses wire "sc3 out Wire"
Net "Net_769" overuses wire "AGR[4]"
Net "Net_1124" overuses wire "sc3 out Wire"
Net "Net_1176" overuses wire "AGR[4]"
Net "Net_769" overuses wire "sc3 out Wire"
Net "Net_769" overuses wire "AGR[4]"
Net "Net_769" overuses wire "AGL[5]"
Net "Net_769" overuses wire "AGL2AGR[5] Sw__0b"
Net "Net_769" overuses wire "AGR[5]"
Net "Vcomun" overuses wire "AGR[5]"
Net "Vcomun" overuses wire "AGL2AGR[5] Sw__0b"
Net "Vcomun" overuses wire "AGL[5]"
Net "Net_1124" overuses wire "sc3 out Wire"
Net "Net_1176" overuses wire "AGR[4]"
Net "Net_769" overuses wire "sc3 out Wire"
Net "Net_769" overuses wire "AGR[4]"
Net "Net_1123" overuses wire "AGL[4]"
Net "Net_1176" overuses wire "AGR[4]"
Net "Net_769" overuses wire "AGL[4]"
Net "Net_769" overuses wire "AGR[4]"
Net "Net_769" overuses wire "AGL[5]"
Net "Net_769" overuses wire "AGL2AGR[5] Sw__0b"
Net "Net_769" overuses wire "AGR[5]"
Net "Vcomun" overuses wire "AGR[5]"
Net "Vcomun" overuses wire "AGL2AGR[5] Sw__0b"
Net "Vcomun" overuses wire "AGL[5]"
Net "Net_1124" overuses wire "sc3 out Wire"
Net "Net_1176" overuses wire "AGR[4]"
Net "Net_769" overuses wire "sc3 out Wire"
Net "Net_769" overuses wire "AGR[4]"
Net "Net_1123" overuses wire "AGL[4]"
Net "Net_769" overuses wire "AGL[4]"
Net "Net_1410" overuses wire "AGR[6]"
Net "Net_1379" overuses wire "AGR[6]"
Net "Net_1124" overuses wire "sc3 out Wire"
Net "Net_1176" overuses wire "amuxbusR"
Net "Net_769" overuses wire "sc3 out Wire"
Net "Net_1379" overuses wire "amuxbusR"
Net "Net_1123" overuses wire "AGL[4]"
Net "Net_769" overuses wire "AGL[4]"
Net "Net_1410" overuses wire "AGR[6]"
Net "Net_1379" overuses wire "AGR[6]"
Net "Net_1124" overuses wire "sc3 out Wire"
Net "Net_1176" overuses wire "amuxbusR"
Net "Net_769" overuses wire "sc3 out Wire"
Net "Net_1379" overuses wire "amuxbusR"
Net "Net_769" overuses wire "AGL[2]"
Net "Net_769" overuses wire "AGR[5]"
Net "Net_1411" overuses wire "AGL[2]"
Net "Vcomun" overuses wire "AGR[5]"
Net "Net_143" overuses wire "AGL[7]"
Net "Net_1124" overuses wire "abusR2"
Net "Net_1124" overuses wire "abusL2abusR[2]__0b"
Net "Net_1124" overuses wire "abusL2"
Net "Net_769" overuses wire "abusL2"
Net "Net_769" overuses wire "abusL2abusR[2]__0b"
Net "Net_769" overuses wire "abusR2"
Net "Net_1422" overuses wire "AGR[7]"
Net "Vcomun" overuses wire "AGR[7]"
Net "Vcomun" overuses wire "AGL[7]"
Net "Net_1124" overuses wire "AGL[2]"
Net "Net_1422" overuses wire "AGR[7]"
Net "Net_1411" overuses wire "AGL[2]"
Net "Vcomun" overuses wire "AGR[7]"
Net "Net_1124" overuses wire "sc3 Vin Wire"
Net "Net_1124" overuses wire "sc2 out Wire"
Net "Net_1123" overuses wire "sc2 out Wire"
Net "Net_1176" overuses wire "sc3 Vin Wire"
Net "Net_1422" overuses wire "AGR[7]"
Net "Vcomun" overuses wire "AGR[7]"
Net "Net_1124" overuses wire "sc2 Vin Wire"
Net "Net_769" overuses wire "sc2 Vin Wire"
Net "Net_1422" overuses wire "amuxbusR"
Net "Net_1379" overuses wire "amuxbusR"
Net "Net_1124" overuses wire "AGL[2]"
Net "Net_1422" overuses wire "abusR3"
Net "Net_1422" overuses wire "GPIO P3[3] Mux__8b"
Net "Net_1422" overuses wire "abuf3+ Wire"
Net "Net_1419" overuses wire "abusR3"
Net "Net_1411" overuses wire "AGL[2]"
Net "Net_1391" overuses wire "GPIO P3[3] Mux__5b"
Net "Net_1391" overuses wire "abuf3+ Wire"
Net "Net_1124" overuses wire "abusR2"
Net "Net_1124" overuses wire "cmp1_vref"
Net "Net_769" overuses wire "abusR2"
Net "Net_1410" overuses wire "cmp1_vref"
Net "Net_1422" overuses wire "AGR[7]"
Net "Vcomun" overuses wire "AGR[7]"
Net "Net_1124" overuses wire "AGL[2]"
Net "Net_1422" overuses wire "amuxbusR"
Net "Net_1379" overuses wire "amuxbusR"
Net "Net_1411" overuses wire "AGL[2]"
Net "Net_1124" overuses wire "sc2 Vin Wire"
Net "Net_769" overuses wire "sc2 Vin Wire"
Net "Net_1422" overuses wire "AGR[7]"
Net "Vcomun" overuses wire "AGR[7]"
Net "Net_1124" overuses wire "sc3 Vin Wire"
Net "Net_1124" overuses wire "sc2 out Wire"
Net "Net_1123" overuses wire "sc2 out Wire"
Net "Net_1176" overuses wire "sc3 Vin Wire"
Net "Net_1422" overuses wire "amuxbusR"
Net "Net_1379" overuses wire "amuxbusR"
Net "Net_1124" overuses wire "abusR0"
Net "Net_1124" overuses wire "abusL2abusR[0]__0b"
Net "Net_1124" overuses wire "abusL0"
Net "Net_1422" overuses wire "abusR3"
Net "Net_1422" overuses wire "GPIO P3[3] Mux__8b"
Net "Net_1422" overuses wire "abuf3+ Wire"
Net "Net_1419" overuses wire "abusR3"
Net "Net_1391" overuses wire "abusL0"
Net "Net_1391" overuses wire "abusL2abusR[0]__0b"
Net "Net_1391" overuses wire "abusR0"
Net "Net_1391" overuses wire "GPIO P3[3] Mux__5b"
Net "Net_1391" overuses wire "abuf3+ Wire"
Net "Net_1124" overuses wire "AGL[2]"
Net "Net_1422" overuses wire "AGR[7]"
Net "Net_1411" overuses wire "AGL[2]"
Net "Vcomun" overuses wire "AGR[7]"
Net "Net_1124" overuses wire "sc2 Vin Wire"
Net "Net_769" overuses wire "sc2 Vin Wire"
Net "Net_1422" overuses wire "amuxbusR"
Net "Net_1379" overuses wire "amuxbusR"
Net "Net_1124" overuses wire "comp1- Wire"
Net "Net_1124" overuses wire "CMP1 Vref Mux alt__0b"
Net "Net_1124" overuses wire "cmp1_vref"
Net "Net_1410" overuses wire "cmp1_vref"
Net "Net_1410" overuses wire "CMP1 Vref Mux alt__0b"
Net "Net_1410" overuses wire "comp1- Wire"
Net "Net_1422" overuses wire "AGR[7]"
Net "Vcomun" overuses wire "AGR[7]"
Net "Net_1124" overuses wire "AGL[2]"
Net "Net_1124" overuses wire "AGL[6]"
Net "Net_1410" overuses wire "AGL[6]"
Net "Net_1422" overuses wire "amuxbusR"
Net "Net_1379" overuses wire "amuxbusR"
Net "Net_1411" overuses wire "AGL[2]"
Net "Net_1124" overuses wire "AGL[6]"
Net "Net_1410" overuses wire "AGL[6]"
Net "Net_1422" overuses wire "AGR[7]"
Net "Vcomun" overuses wire "AGR[7]"
Net "Net_1410" overuses wire "sc1 out Wire"
Net "Net_1410" overuses wire "AGR[1]"
Net "Net_1422" overuses wire "amuxbusR"
Net "Net_1379" overuses wire "amuxbusR"
Net "Net_1419" overuses wire "sc1 out Wire"
Net "Net_1481" overuses wire "AGR[1]"
Net "Net_1410" overuses wire "sc1 out Wire"
Net "Net_1410" overuses wire "AGR[3]"
Net "Net_1422" overuses wire "AGR[7]"
Net "Net_1379" overuses wire "AGR[3]"
Net "Net_1419" overuses wire "sc1 out Wire"
Net "Vcomun" overuses wire "AGR[7]"
Net "Net_1124" overuses wire "AGL[6]"
Net "Net_1410" overuses wire "AGL[6]"
Net "Net_1410" overuses wire "AGR[6]"
Net "Net_1379" overuses wire "AGR[6]"
Net "Net_1124" overuses wire "AGL[6]"
Net "Net_1410" overuses wire "AGL[6]"
Net "Net_1410" overuses wire "AGR[6]"
Net "Net_1379" overuses wire "AGR[6]"
Net "Net_1176" overuses wire "AGR[4]"
Net "Net_1410" overuses wire "sc1 out Wire"
Net "Net_1410" overuses wire "AGR[1]"
Net "Net_1379" overuses wire "AGR[4]"
Net "Net_1419" overuses wire "sc1 out Wire"
Net "Net_1481" overuses wire "AGR[1]"
Net "Net_1410" overuses wire "GPIO P3[5] Mux__8b"
Net "Net_1410" overuses wire "abuf1+ Wire"
Net "Net_1410" overuses wire "GPIO P3[5] Mux__3b"
Net "Net_1410" overuses wire "AGR[6]"
Net "Net_1379" overuses wire "AGR[6]"
Net "Net_1419" overuses wire "abusR1"
Net "Net_1419" overuses wire "GPIO P3[5] Mux__6b"
Net "Net_1419" overuses wire "abuf1+ Wire"
Net "Vcomun" overuses wire "abusR1"
Net "Net_1124" overuses wire "comp1- Wire"
Net "Net_1176" overuses wire "AGR[4]"
Net "Net_1410" overuses wire "comp1- Wire"
Net "Net_1379" overuses wire "AGR[4]"
Net "Net_1419" overuses wire "abusR1"
Net "Vcomun" overuses wire "abusR1"
Net "Net_1124" overuses wire "abusR2"
Net "Net_769" overuses wire "abusR2"
Net "Net_1410" overuses wire "abusR3"
Net "Net_1410" overuses wire "AGR[6]"
Net "Net_1379" overuses wire "AGR[6]"
Net "Net_1419" overuses wire "abusR3"
Net "Net_143" overuses wire "AGL[5]"
Net "Net_1124" overuses wire "cmp1_vref"
Net "Net_1176" overuses wire "AGR[4]"
Net "Net_769" overuses wire "AGL[5]"
Net "Net_1410" overuses wire "cmp1_vref"
Net "Net_1379" overuses wire "AGR[4]"
Net "Net_143" overuses wire "AGL[7]"
Net "Net_1410" overuses wire "AGR[6]"
Net "Net_1379" overuses wire "AGR[6]"
Net "Vcomun" overuses wire "AGL[7]"
Net "Net_1176" overuses wire "AGR[4]"
Net "Net_1422" overuses wire "sc1 Vin Wire"
Net "Net_1379" overuses wire "sc1 Vin Wire"
Net "Net_1379" overuses wire "AGR[4]"
Net "Net_143" overuses wire "AGL[3]"
Net "Net_1410" overuses wire "AGR[6]"
Net "Net_1379" overuses wire "AGL[3]"
Net "Net_1379" overuses wire "AGR[6]"
Net "Net_143" overuses wire "abusL1"
Net "Net_1176" overuses wire "AGR[4]"
Net "Net_1379" overuses wire "AGR[4]"
Net "Vcomun" overuses wire "abusL1"
Net "Net_143" overuses wire "AGL[7]"
Net "Net_1410" overuses wire "AGR[6]"
Net "Net_1379" overuses wire "AGR[6]"
Net "Vcomun" overuses wire "AGL[7]"
Net "Net_143" overuses wire "v0 Wire"
Net "Net_769" overuses wire "AGR[5]"
Net "Net_1410" overuses wire "sc1 out Wire"
Net "Net_1410" overuses wire "AGR[5]"
Net "Net_1410" overuses wire "abuf3- Wire"
Net "Net_1419" overuses wire "sc1 out Wire"
Net "Net_1473" overuses wire "v0 Wire"
Net "Vcomun" overuses wire "abuf3- Wire"
Net "Net_1410" overuses wire "abusL0"
Net "Net_1410" overuses wire "vref6 to abusL0__0b"
Net "Net_1410" overuses wire "vref6"
Net "Net_1410" overuses wire "AGR[6]"
Net "Net_1379" overuses wire "AGR[6]"
Net "Net_1391" overuses wire "vref6"
Net "Net_1391" overuses wire "vref6 to abusL0__0b"
Net "Net_1391" overuses wire "abusL0"
Net "Net_1124" overuses wire "AGL[6]"
Net "Net_1410" overuses wire "AGL[6]"
Net "Net_1422" overuses wire "amuxbusR"
Net "Net_1379" overuses wire "amuxbusR"
Net "Net_143" overuses wire "amuxbusL"
Net "Net_1124" overuses wire "amuxbusL"
Net "Net_1176" overuses wire "AGR[4]"
Net "Net_1379" overuses wire "AGR[4]"
Net "Net_143" overuses wire "AGL[0]"
Net "Net_1176" overuses wire "AGR[4]"
Net "Net_1379" overuses wire "AGR[4]"
Net "Net_1473" overuses wire "AGL[0]"
Net "Net_142" overuses wire "AGL[1]"
Net "Net_1422" overuses wire "amuxbusR"
Net "Net_1379" overuses wire "amuxbusR"
Net "Net_1473" overuses wire "AGL[1]"
Net "Net_142" overuses wire "AGL[1]"
Net "Net_1422" overuses wire "AGR[7]"
Net "Net_1473" overuses wire "AGL[1]"
Net "Vcomun" overuses wire "AGR[7]"
Net "Net_142" overuses wire "AGL[1]"
Net "Net_1124" overuses wire "abusR2"
Net "Net_1422" overuses wire "abusR2"
Net "Net_1422" overuses wire "GPIO P3[3] Mux__7b"
Net "Net_1422" overuses wire "abuf3+ Wire"
Net "Net_1473" overuses wire "AGL[1]"
Net "Net_1391" overuses wire "GPIO P3[3] Mux__5b"
Net "Net_1391" overuses wire "abuf3+ Wire"
Net "Net_143" overuses wire "AGL[0]"
Net "Net_1422" overuses wire "GPIO P3[3] Mux__7b"
Net "Net_1422" overuses wire "abuf3+ Wire"
Net "Net_1473" overuses wire "AGL[0]"
Net "Net_1391" overuses wire "GPIO P3[3] Mux__5b"
Net "Net_1391" overuses wire "abuf3+ Wire"
Net "Net_142" overuses wire "AGL[1]"
Net "Net_1422" overuses wire "amuxbusR"
Net "Net_1379" overuses wire "amuxbusR"
Net "Net_1473" overuses wire "AGL[1]"
Net "Net_143" overuses wire "AGL[0]"
Net "Net_1422" overuses wire "AGR[7]"
Net "Net_1473" overuses wire "AGL[0]"
Net "Vcomun" overuses wire "AGR[7]"
Net "Net_143" overuses wire "amuxbusL"
Net "Net_1124" overuses wire "amuxbusL"
Net "Net_1422" overuses wire "GPIO P3[3] Mux__7b"
Net "Net_1422" overuses wire "abuf3+ Wire"
Net "Net_1391" overuses wire "GPIO P3[3] Mux__5b"
Net "Net_1391" overuses wire "abuf3+ Wire"
Net "Net_143" overuses wire "AGL[0]"
Net "Net_1422" overuses wire "AGR[7]"
Net "Net_1473" overuses wire "AGL[0]"
Net "Vcomun" overuses wire "AGR[7]"
Net "Net_142" overuses wire "AGL[1]"
Net "Net_1422" overuses wire "amuxbusR"
Net "Net_1379" overuses wire "amuxbusR"
Net "Net_1473" overuses wire "AGL[1]"
Net "Net_143" overuses wire "abusL3"
Net "Net_1124" overuses wire "comp2- Wire"
Net "Net_1410" overuses wire "AGR[6]"
Net "Net_1379" overuses wire "AGL[3]"
Net "Net_1379" overuses wire "AGR[6]"
Net "Net_1473" overuses wire "abusL3"
Net "Net_1473" overuses wire "comp2- Wire"
Net "Net_1473" overuses wire "AGL[3]"
Net "Net_143" overuses wire "abusL1"
Net "Net_1410" overuses wire "AGR[6]"
Net "Net_1422" overuses wire "sc1 Vin Wire"
Net "Net_1379" overuses wire "sc1 Vin Wire"
Net "Net_1379" overuses wire "AGR[6]"
Net "Vcomun" overuses wire "abusL1"
Net "Net_143" overuses wire "abusL3"
Net "Net_1176" overuses wire "AGR[4]"
Net "Net_1422" overuses wire "sc1 Vin Wire"
Net "Net_1379" overuses wire "sc1 Vin Wire"
Net "Net_1379" overuses wire "AGR[4]"
Net "Net_1473" overuses wire "abusL3"
Log: apr.M0019: The analog placement iterative improvement phase is beginning. (App=cydsfit)
Log: apr.M0058: The analog placement iterative improvement is 6% done. (App=cydsfit)
Log: apr.M0058: The analog placement iterative improvement is 12% done. (App=cydsfit)
Log: apr.M0058: The analog placement iterative improvement is 19% done. (App=cydsfit)
Log: apr.M0058: The analog placement iterative improvement is 25% done. (App=cydsfit)
Log: apr.M0058: The analog placement iterative improvement is 32% done. (App=cydsfit)
Log: apr.M0058: The analog placement iterative improvement is 38% done. (App=cydsfit)
Log: apr.M0058: The analog placement iterative improvement is 44% done. (App=cydsfit)
Log: apr.M0058: The analog placement iterative improvement is 51% done. (App=cydsfit)
Log: apr.M0058: The analog placement iterative improvement is 57% done. (App=cydsfit)
Log: apr.M0058: The analog placement iterative improvement is 64% done. (App=cydsfit)
Log: apr.M0058: The analog placement iterative improvement is 70% done. (App=cydsfit)
Log: apr.M0058: The analog placement iterative improvement is 76% done. (App=cydsfit)
Log: apr.M0058: The analog placement iterative improvement is 83% done. (App=cydsfit)
Log: apr.M0058: The analog placement iterative improvement is 89% done. (App=cydsfit)
Log: apr.M0058: The analog placement iterative improvement is 96% done. (App=cydsfit)
Analog Placement Results:
IO_4@[IOP=(15)][IoId=(4)] : ADC_n(0) (fixed)
IO_5@[IOP=(15)][IoId=(5)] : ADC_p(0) (fixed)
IO_3@[IOP=(0)][IoId=(3)] : BPin_n(0) (fixed)
IO_5@[IOP=(0)][IoId=(5)] : BPin_p(0) (fixed)
IO_1@[IOP=(0)][IoId=(1)] : BPout_n(0) (fixed)
IO_0@[IOP=(0)][IoId=(0)] : BPout_p(0) (fixed)
IO_2@[IOP=(0)][IoId=(2)] : BPref_n(0) (fixed)
IO_4@[IOP=(0)][IoId=(4)] : BPref_p(0) (fixed)
IO_6@[IOP=(0)][IoId=(6)] : FDA_n(0) (fixed)
IO_7@[IOP=(0)][IoId=(7)] : FDA_p(0) (fixed)
IO_0@[IOP=(3)][IoId=(0)] : In_n(0) (fixed)
IO_1@[IOP=(3)][IoId=(1)] : In_p(0) (fixed)
IO_2@[IOP=(3)][IoId=(2)] : LPin_n(0) (fixed)
IO_3@[IOP=(3)][IoId=(3)] : LPin_p(0) (fixed)
IO_4@[IOP=(3)][IoId=(4)] : LPout_n(0) (fixed)
IO_5@[IOP=(3)][IoId=(5)] : LPout_p(0) (fixed)
IO_6@[IOP=(12)][IoId=(6)] : Rx_1(0) (fixed)
IO_7@[IOP=(12)][IoId=(7)] : Tx_1(0) (fixed)
IO_7@[IOP=(3)][IoId=(7)] : refIn(0) (fixed)
OpAmp[3]@[FFB(OpAmp,3)] : \Opa_ref:ABuf\ (fixed)
OpAmp[2]@[FFB(OpAmp,2)] : \OpaBP_p:ABuf\ (fixed)
OpAmp[0]@[FFB(OpAmp,0)] : \OpaBP_n:ABuf\ (fixed)
DSM[0]@[FFB(DSM,0)] : \ADC_DelSig:DSM\ (fixed)
SC[3]@[FFB(SC,3)] : \PGA_n:SC\ (fixed)
SC[2]@[FFB(SC,2)] : \PGA_p:SC\ (fixed)
SC[0]@[FFB(SC,0)] : \TIA_n:SC\ (fixed)
SC[1]@[FFB(SC,1)] : \TIA_p:SC\ (fixed)
VIDAC[0]@[FFB(VIDAC,0)] : \VDAC_n:viDAC8\ (fixed)
VIDAC[1]@[FFB(VIDAC,1)] : \VDAC_p:viDAC8\ (fixed)
Vref[1]@[FFB(Vref,1)] : vRef_1 (fixed)
IO_2@[IOP=(2)][IoId=(2)] : LPref_n(0)
IO_6@[IOP=(1)][IoId=(6)] : LPref_p(0)
IO_1@[IOP=(2)][IoId=(1)] : TIAref_n(0)
IO_7@[IOP=(1)][IoId=(7)] : TIAref_p(0)

Net "Net_1124" overuses wire "sc3 out Wire"
Net "Net_1124" overuses wire "AGR[6]"
Net "Net_1124" overuses wire "AGL2AGR[6] Sw__0b"
Net "Net_1124" overuses wire "AGL[6]"
Net "Net_1176" overuses wire "AGR[4]"
Net "Net_769" overuses wire "sc3 out Wire"
Net "Net_769" overuses wire "AGR[4]"
Net "Net_1410" overuses wire "AGL[6]"
Net "Net_1410" overuses wire "AGL2AGR[6] Sw__0b"
Net "Net_1410" overuses wire "AGR[6]"
Net "Net_1422" overuses wire "sc1 Vin Wire"
Net "Net_1422" overuses wire "AGR[7]"
Net "Net_1379" overuses wire "sc1 Vin Wire"
Net "Net_1379" overuses wire "AGR[4]"
Net "Vcomun" overuses wire "AGR[7]"
Net "Vcomun" overuses wire "AGR[7]"
Net "Net_143" overuses wire "AGL[5]"
Net "Net_1124" overuses wire "sc2 Vin Wire"
Net "Net_1124" overuses wire "AGL[6]"
Net "Net_769" overuses wire "sc2 Vin Wire"
Net "Net_769" overuses wire "AGL[5]"
Net "Net_769" overuses wire "AGR[5]"
Net "Net_1410" overuses wire "AGL[6]"
Net "Net_1422" overuses wire "sc1 Vin Wire"
Net "Net_1422" overuses wire "AGR[7]"
Net "Net_1379" overuses wire "sc1 Vin Wire"
Net "Net_1419" overuses wire "AGR[5]"
Net "Vcomun" overuses wire "AGR[7]"
Net "Vcomun" overuses wire "AGR[7]"
Net "Net_142" overuses wire "dsm0+ Wire"
Net "Net_1124" overuses wire "sc2 Vin Wire"
Net "Net_1124" overuses wire "AGL[6]"
Net "Net_1123" overuses wire "AGL[4]"
Net "Net_769" overuses wire "sc2 Vin Wire"
Net "Net_769" overuses wire "AGR[5]"
Net "Net_1410" overuses wire "AGL[6]"
Net "Net_1422" overuses wire "AGR[7]"
Net "Net_1379" overuses wire "AGL[7]"
Net "Net_1379" overuses wire "dsm0+ Wire"
Net "Net_1379" overuses wire "AGL[4]"
Net "Net_1419" overuses wire "AGR[5]"
Net "Vcomun" overuses wire "AGR[7]"
Net "Vcomun" overuses wire "AGL[7]"
Net "Vcomun" overuses wire "AGR[7]"
Net "Net_1124" overuses wire "AGR[6]"
Net "Net_1176" overuses wire "amuxbusR"
Net "Net_769" overuses wire "AGR[5]"
Net "Net_1410" overuses wire "sc1 out Wire"
Net "Net_1410" overuses wire "AGR[6]"
Net "Net_1422" overuses wire "sc1 Vin Wire"
Net "Net_1422" overuses wire "amuxbusR"
Net "Net_1379" overuses wire "sc1 Vin Wire"
Net "Net_1419" overuses wire "sc1 out Wire"
Net "Net_1419" overuses wire "AGR[5]"
Net "Net_1124" overuses wire "AGR[6]"
Net "Net_1176" overuses wire "AGR[4]"
Net "Net_769" overuses wire "AGR[5]"
Net "Net_1410" overuses wire "sc1 out Wire"
Net "Net_1410" overuses wire "AGR[6]"
Net "Net_1422" overuses wire "sc1 Vin Wire"
Net "Net_1379" overuses wire "sc1 Vin Wire"
Net "Net_1379" overuses wire "AGR[4]"
Net "Net_1419" overuses wire "sc1 out Wire"
Net "Net_1419" overuses wire "AGR[5]"
Net "Net_1124" overuses wire "sc2 Vin Wire"
Net "Net_1124" overuses wire "AGL[6]"
Net "Net_1123" overuses wire "AGL[4]"
Net "Net_1176" overuses wire "AGR[4]"
Net "Net_769" overuses wire "sc2 Vin Wire"
Net "Net_769" overuses wire "AGL[5]"
Net "Net_1410" overuses wire "AGL[6]"
Net "Net_1379" overuses wire "AGL[5]"
Net "Net_1379" overuses wire "SIO Ref[1] Sw__1b"
Net "Net_1379" overuses wire "SIO Ref[1] Sw__0b"
Net "Net_1379" overuses wire "AGL[4]"
Net "Net_1379" overuses wire "AGR[4]"
Net "Net_143" overuses wire "amuxbusL"
Net "Net_1124" overuses wire "AGL[0]"
Net "Net_1124" overuses wire "amuxbusL"
Net "Net_1176" overuses wire "amuxbusR"
Net "Net_1422" overuses wire "sc1 Vin Wire"
Net "Net_1422" overuses wire "amuxbusR"
Net "Net_1379" overuses wire "sc1 Vin Wire"
Net "Net_1473" overuses wire "AGL[0]"
Net "Net_143" overuses wire "AGL[3]"
Net "Net_143" overuses wire "amuxbusL"
Net "Net_1124" overuses wire "amuxbusL"
Net "Net_1422" overuses wire "amuxbusR"
Net "Net_1379" overuses wire "AGL[3]"
Net "Net_1379" overuses wire "amuxbusR"
Net "Net_143" overuses wire "AGL[1]"
Net "Net_143" overuses wire "SIO Ref[2] Sw__1b"
Net "Net_143" overuses wire "SIO Ref[2] Sw__0b"
Net "Net_143" overuses wire "AGL[0]"
Net "Net_142" overuses wire "AGL[1]"
Net "Net_1422" overuses wire "AGR[7]"
Net "Net_1473" overuses wire "AGL[0]"
Net "Vcomun" overuses wire "AGR[7]"
Net "Vcomun" overuses wire "AGR[7]"
Net "Net_143" overuses wire "v0 Wire"
Net "Net_142" overuses wire "AGL[1]"
Net "Net_1422" overuses wire "AGR[7]"
Net "Net_1473" overuses wire "v0 Wire"
Net "Net_1473" overuses wire "AGL[1]"
Net "Vcomun" overuses wire "AGR[7]"
Net "Vcomun" overuses wire "AGR[7]"
Net "Net_143" overuses wire "v0 Wire"
Net "Net_142" overuses wire "AGL[1]"
Net "Net_1422" overuses wire "AGR[7]"
Net "Net_1473" overuses wire "v0 Wire"
Net "Net_1473" overuses wire "AGL[1]"
Net "Vcomun" overuses wire "AGR[7]"
Net "Vcomun" overuses wire "AGR[7]"
Net "Net_143" overuses wire "AGL[7]"
Net "Net_143" overuses wire "dsm0+ Wire"
Net "Net_143" overuses wire "AGL[0]"
Net "Net_142" overuses wire "dsm0+ Wire"
Net "Net_1422" overuses wire "GPIO P3[3] Mux__8b"
Net "Net_1422" overuses wire "abuf3+ Wire"
Net "Net_1473" overuses wire "AGL[0]"
Net "Net_1391" overuses wire "GPIO P3[3] Mux__5b"
Net "Net_1391" overuses wire "abuf3+ Wire"
Net "Vcomun" overuses wire "AGL[7]"
Net "Net_142" overuses wire "AGL[1]"
Net "Net_1422" overuses wire "amuxbusR"
Net "Net_1379" overuses wire "amuxbusR"
Net "Net_1473" overuses wire "AGL[1]"
Net "Net_143" overuses wire "AGL[0]"
Net "Net_1422" overuses wire "AGR[7]"
Net "Net_1473" overuses wire "AGL[0]"
Net "Vcomun" overuses wire "AGR[7]"
Net "Vcomun" overuses wire "AGR[7]"
Net "Net_143" overuses wire "AGL[7]"
Net "Net_143" overuses wire "amuxbusL"
Net "Net_1124" overuses wire "amuxbusL"
Net "Net_1422" overuses wire "AGR[7]"
Net "Net_1419" overuses wire "abusR1"
Net "Vcomun" overuses wire "AGR[7]"
Net "Vcomun" overuses wire "AGL[7]"
Net "Vcomun" overuses wire "abusR1"
Net "Net_143" overuses wire "AGL[0]"
Net "Net_1422" overuses wire "amuxbusR"
Net "Net_1379" overuses wire "amuxbusR"
Net "Net_1473" overuses wire "AGL[0]"
Net "Net_143" overuses wire "AGL[5]"
Net "Net_143" overuses wire "amuxbusL"
Net "Net_1124" overuses wire "amuxbusL"
Net "Net_769" overuses wire "AGL[5]"
Net "Net_1422" overuses wire "AGR[7]"
Net "Vcomun" overuses wire "AGR[7]"
Net "Vcomun" overuses wire "AGR[7]"
Net "Net_143" overuses wire "AGL[0]"
Net "Net_1422" overuses wire "amuxbusR"
Net "Net_1379" overuses wire "amuxbusR"
Net "Net_1473" overuses wire "AGL[0]"
Net "Net_143" overuses wire "AGL[3]"
Net "Net_143" overuses wire "amuxbusL"
Net "Net_1124" overuses wire "amuxbusL"
Net "Net_1422" overuses wire "AGR[7]"
Net "Net_1379" overuses wire "AGL[3]"
Net "Vcomun" overuses wire "AGR[7]"
Net "Vcomun" overuses wire "AGR[7]"
Net "Net_143" overuses wire "AGL[0]"
Net "Net_1176" overuses wire "AGR[4]"
Net "Net_1379" overuses wire "AGR[4]"
Net "Net_1473" overuses wire "AGL[0]"
Net "Net_142" overuses wire "AGL[1]"
Net "Net_1176" overuses wire "AGR[4]"
Net "Net_1379" overuses wire "AGR[4]"
Net "Net_1473" overuses wire "AGL[1]"
Net "Net_142" overuses wire "AGL[1]"
Net "Net_1410" overuses wire "AGR[6]"
Net "Net_1379" overuses wire "AGR[6]"
Net "Net_1473" overuses wire "AGL[1]"
Net "Net_142" overuses wire "AGL[1]"
Net "Net_1176" overuses wire "AGR[4]"
Net "Net_1379" overuses wire "AGR[4]"
Net "Net_1473" overuses wire "AGL[1]"
Net "Net_142" overuses wire "amuxbusL"
Net "Net_1124" overuses wire "amuxbusL"
Net "Net_1176" overuses wire "AGR[4]"
Net "Net_1379" overuses wire "AGR[4]"
Net "Net_142" overuses wire "AGL[1]"
Net "Net_1410" overuses wire "AGR[6]"
Net "Net_1379" overuses wire "AGR[6]"
Net "Net_1473" overuses wire "AGL[1]"
Net "Net_143" overuses wire "abusL1"
Net "Net_1176" overuses wire "AGR[4]"
Net "Net_1379" overuses wire "AGR[4]"
Net "Net_1473" overuses wire "abusL1"
Net "Net_1473" overuses wire "v1 Wire"
Net "Net_1481" overuses wire "v1 Wire"
Net "Net_1176" overuses wire "amuxbusR"
Net "Net_1422" overuses wire "sc1 Vin Wire"
Net "Net_1422" overuses wire "amuxbusR"
Net "Net_1379" overuses wire "sc1 Vin Wire"
Net "Net_1411" overuses wire "AGL[2]"
Net "Net_1473" overuses wire "AGL[2]"
Net "Net_143" overuses wire "abusL3"
Net "Net_1410" overuses wire "AGR[6]"
Net "Net_1379" overuses wire "sc0 out Wire"
Net "Net_1379" overuses wire "abusL3"
Net "Net_1379" overuses wire "AGR[6]"
Net "Net_1473" overuses wire "sc0 out Wire"
Net "Net_1473" overuses wire "AGL[3]"
Net "Vcomun" overuses wire "AGL[3]"
Net "Net_143" overuses wire "AGL[0]"
Net "Net_1176" overuses wire "AGR[4]"
Net "Net_1379" overuses wire "AGR[4]"
Net "Net_1473" overuses wire "AGL[0]"
Net "Net_143" overuses wire "amuxbusL"
Net "Net_1124" overuses wire "amuxbusL"
Net "Net_1410" overuses wire "AGR[6]"
Net "Net_1379" overuses wire "AGR[6]"
Net "Net_1124" overuses wire "sc2 Vin Wire"
Net "Net_769" overuses wire "sc2 Vin Wire"
Net "Net_769" overuses wire "AGR[5]"
Net "Net_1410" overuses wire "sc1 out Wire"
Net "Net_1410" overuses wire "AGR[5]"
Net "Net_1410" overuses wire "abuf3- Wire"
Net "Net_1419" overuses wire "sc1 out Wire"
Net "Vcomun" overuses wire "abuf3- Wire"
Net "Net_1124" overuses wire "sc2 out Wire"
Net "Net_1124" overuses wire "AGL[6]"
Net "Net_1123" overuses wire "sc2 out Wire"
Net "Net_1410" overuses wire "AGL[6]"
Net "Net_1410" overuses wire "AGR[6]"
Net "Net_1379" overuses wire "AGR[6]"
Net "Net_1124" overuses wire "sc2 out Wire"
Net "Net_1123" overuses wire "sc2 out Wire"
Net "Net_769" overuses wire "AGR[5]"
Net "Net_1410" overuses wire "sc1 out Wire"
Net "Net_1410" overuses wire "AGR[5]"
Net "Net_1410" overuses wire "abuf3- Wire"
Net "Net_1419" overuses wire "sc1 out Wire"
Net "Vcomun" overuses wire "abuf3- Wire"
Net "Net_1124" overuses wire "sc3 out Wire"
Net "Net_1124" overuses wire "sc2 Vin Wire"
Net "Net_769" overuses wire "sc2 Vin Wire"
Net "Net_1410" overuses wire "sc3 out Wire"
Net "Net_1410" overuses wire "AGR[6]"
Net "Net_1379" overuses wire "AGR[6]"
Net "Net_1124" overuses wire "sc2 Vin Wire"
Net "Net_769" overuses wire "sc2 Vin Wire"
Net "Net_1410" overuses wire "amuxbusR"
Net "Net_1422" overuses wire "amuxbusR"
Net "Net_1124" overuses wire "sc2 Vin Wire"
Net "Net_1124" overuses wire "AGL[6]"
Net "Net_769" overuses wire "sc2 Vin Wire"
Net "Net_1410" overuses wire "AGL[6]"
Net "Net_1410" overuses wire "AGR[6]"
Net "Net_1379" overuses wire "AGR[6]"
Net "Net_142" overuses wire "dsm0+ Wire"
Net "Net_1124" overuses wire "dsm0+ Wire"
Net "Net_769" overuses wire "AGR[5]"
Net "Net_1410" overuses wire "sc1 out Wire"
Net "Net_1410" overuses wire "AGR[5]"
Net "Net_1410" overuses wire "abuf3- Wire"
Net "Net_1419" overuses wire "sc1 out Wire"
Net "Vcomun" overuses wire "abuf3- Wire"
Net "Net_1124" overuses wire "sc0 Vin Wire"
Net "Net_1410" overuses wire "sc0 Vin Wire"
Net "Net_1410" overuses wire "AGL[2]"
Net "Net_1410" overuses wire "AGR[2]"
Net "Net_1410" overuses wire "amuxbusR"
Net "Net_1422" overuses wire "amuxbusR"
Net "Net_1411" overuses wire "AGL[2]"
Net "Net_1441" overuses wire "AGR[2]"
Net "Net_1124" overuses wire "comp0- Wire"
Net "Net_1124" overuses wire "AGL[6]"
Net "Net_1410" overuses wire "AGL[6]"
Net "Net_1410" overuses wire "AGR[6]"
Net "Net_1379" overuses wire "comp0- Wire"
Net "Net_1379" overuses wire "AGR[6]"
Net "Net_1124" overuses wire "sc2 out Wire"
Net "Net_1123" overuses wire "sc2 out Wire"
Net "Net_769" overuses wire "AGL[5]"
Net "Net_769" overuses wire "AGL2AGR[5] Sw__0b"
Net "Net_769" overuses wire "AGR[5]"
Net "Net_1410" overuses wire "AGL[5]"
Net "Net_1410" overuses wire "AGL2AGR[5] Sw__0b"
Net "Net_1410" overuses wire "AGR[5]"
Net "Net_1410" overuses wire "abuf3- Wire"
Net "Vcomun" overuses wire "abuf3- Wire"
Net "Net_1124" overuses wire "sc3 out Wire"
Net "Net_1176" overuses wire "AGR[4]"
Net "Net_769" overuses wire "sc3 out Wire"
Net "Net_769" overuses wire "AGR[4]"
Net "Net_1410" overuses wire "abuf3- Wire"
Net "Vcomun" overuses wire "abuf3- Wire"
Net "Net_1384" overuses wire "abuf0+ Wire"
Net "Net_1124" overuses wire "GPIO P0[2] Mux__7b"
Net "Net_1124" overuses wire "abuf0+ Wire"
Net "Net_1124" overuses wire "GPIO P0[2] Mux__3b"
Net "Net_1410" overuses wire "sc1 out Wire"
Net "Net_1410" overuses wire "amuxbusR"
Net "Net_1422" overuses wire "amuxbusR"
Net "Net_1419" overuses wire "sc1 out Wire"
Net "Net_1397" overuses wire "abuf2+ Wire"
Net "Net_1124" overuses wire "GPIO P0[4] Mux__7b"
Net "Net_1124" overuses wire "abuf2+ Wire"
Net "Net_1124" overuses wire "GPIO P0[4] Mux__3b"
Net "Net_1124" overuses wire "AGL[6]"
Net "Net_1410" overuses wire "AGL[6]"
Net "Net_1410" overuses wire "AGR[6]"
Net "Net_1379" overuses wire "AGR[6]"
Net "Net_143" overuses wire "amuxbusL"
Net "Net_1124" overuses wire "amuxbusL"
Net "Net_1176" overuses wire "AGR[4]"
Net "Net_1379" overuses wire "AGR[4]"
Net "Net_143" overuses wire "AGL[0]"
Net "Net_1422" overuses wire "amuxbusR"
Net "Net_1379" overuses wire "amuxbusR"
Net "Net_1473" overuses wire "AGL[0]"
Net "Net_1422" overuses wire "abusR0"
Net "Net_1422" overuses wire "GPIO P3[3] Mux abusR0"
Net "Net_1422" overuses wire "GPIO P3[3] Mux__5b"
Net "Net_1422" overuses wire "abuf3+ Wire"
Net "Net_1391" overuses wire "abusR0"
Net "Net_1391" overuses wire "GPIO P3[3] Mux abusR0"
Net "Net_1391" overuses wire "GPIO P3[3] Mux__5b"
Net "Net_1391" overuses wire "abuf3+ Wire"
Net "Net_1422" overuses wire "AGR[7]"
Net "Vcomun" overuses wire "AGR[7]"
Net "Vcomun" overuses wire "AGR[7]"
Net "Net_143" overuses wire "abusL1"
Net "Net_1422" overuses wire "AGR[7]"
Net "Vcomun" overuses wire "AGR[7]"
Net "Vcomun" overuses wire "abusL1"
Net "Net_143" overuses wire "AGL[7]"
Net "Net_1422" overuses wire "abusR3"
Net "Net_1422" overuses wire "GPIO P3[3] Mux__8b"
Net "Net_1422" overuses wire "abuf3+ Wire"
Net "Net_1419" overuses wire "abusR3"
Net "Net_1391" overuses wire "GPIO P3[3] Mux__5b"
Net "Net_1391" overuses wire "abuf3+ Wire"
Net "Vcomun" overuses wire "AGL[7]"
Net "Net_1422" overuses wire "AGR[7]"
Net "Net_1379" overuses wire "AGL[3]"
Net "Net_1379" overuses wire "AGL2AGR[3] Sw__0b"
Net "Net_1379" overuses wire "AGR[3]"
Net "Vcomun" overuses wire "AGR[7]"
Net "Vcomun" overuses wire "AGL[3]"
Net "Vcomun" overuses wire "AGL2AGR[3] Sw__0b"
Net "Vcomun" overuses wire "AGR[3]"
Net "Net_1422" overuses wire "sc1 Vin Wire"
Net "Net_1422" overuses wire "GPIO P3[3] Mux__8b"
Net "Net_1422" overuses wire "abuf3+ Wire"
Net "Net_1379" overuses wire "sc1 Vin Wire"
Net "Net_1391" overuses wire "GPIO P3[3] Mux__5b"
Net "Net_1391" overuses wire "abuf3+ Wire"
Net "Net_1422" overuses wire "AGR[7]"
Net "Vcomun" overuses wire "AGR[7]"
Net "Vcomun" overuses wire "AGR[7]"
Net "Net_1422" overuses wire "amuxbusR"
Net "Net_1379" overuses wire "amuxbusR"
Net "Net_1422" overuses wire "AGR[7]"
Net "Vcomun" overuses wire "AGR[7]"
Net "Vcomun" overuses wire "AGR[7]"
Net "Net_1422" overuses wire "GPIO P3[3] Mux__8b"
Net "Net_1422" overuses wire "abuf3+ Wire"
Net "Net_1391" overuses wire "GPIO P3[3] Mux__5b"
Net "Net_1391" overuses wire "abuf3+ Wire"
Net "Net_1422" overuses wire "amuxbusR"
Net "Net_1379" overuses wire "amuxbusR"
Net "Net_1422" overuses wire "AGR[7]"
Net "Vcomun" overuses wire "AGR[7]"
Net "Vcomun" overuses wire "AGR[7]"
Net "Net_1422" overuses wire "amuxbusR"
Net "Net_1379" overuses wire "amuxbusR"
Net "Net_1422" overuses wire "AGR[7]"
Net "Vcomun" overuses wire "AGR[7]"
Net "Vcomun" overuses wire "AGR[7]"
Net "Net_1422" overuses wire "GPIO P3[3] Mux__8b"
Net "Net_1422" overuses wire "abuf3+ Wire"
Net "Net_1391" overuses wire "GPIO P3[3] Mux__5b"
Net "Net_1391" overuses wire "abuf3+ Wire"
Net "Net_1422" overuses wire "amuxbusR"
Net "Net_1379" overuses wire "amuxbusR"
Net "Net_1422" overuses wire "AGR[7]"
Net "Vcomun" overuses wire "AGR[7]"
Net "Vcomun" overuses wire "AGR[7]"
Net "Net_769" overuses wire "AGL[5]"
Net "Net_769" overuses wire "AGL2AGR[5] Sw__0b"
Net "Net_769" overuses wire "AGR[5]"
Net "Vcomun" overuses wire "AGR[5]"
Net "Vcomun" overuses wire "AGL2AGR[5] Sw__0b"
Net "Vcomun" overuses wire "AGL[5]"
Net "Vcomun" overuses wire "AGR[5]"
Net "Net_1124" overuses wire "sc3 out Wire"
Net "Net_1176" overuses wire "AGR[4]"
Net "Net_769" overuses wire "sc3 out Wire"
Net "Net_769" overuses wire "AGR[4]"
Net "Net_1124" overuses wire "abusR2"
Net "Net_1124" overuses wire "abusL2abusR[2]__0b"
Net "Net_1124" overuses wire "abusL2"
Net "Net_769" overuses wire "abusL2"
Net "Net_769" overuses wire "abusL2abusR[2]__0b"
Net "Net_769" overuses wire "abusR2"
Net "Net_769" overuses wire "AGR[5]"
Net "Vcomun" overuses wire "AGR[5]"
Net "Vcomun" overuses wire "AGR[5]"
Net "Net_1124" overuses wire "AGR[0]"
Net "Net_1124" overuses wire "cmp1_vref"
Net "Net_769" overuses wire "AGR[5]"
Net "Net_1473" overuses wire "cmp1_vref"
Net "Net_1481" overuses wire "AGR[0]"
Net "Vcomun" overuses wire "AGR[5]"
Net "Vcomun" overuses wire "AGR[5]"
Net "Net_1124" overuses wire "AGR[2]"
Net "Net_1124" overuses wire "AGL[2]"
Net "Net_1422" overuses wire "AGR[7]"
Net "Net_1411" overuses wire "AGL[2]"
Net "Net_1441" overuses wire "AGR[2]"
Net "Net_1473" overuses wire "v1 Wire"
Net "Net_1473" overuses wire "AGR[1]"
Net "Net_1481" overuses wire "v1 Wire"
Net "Vcomun" overuses wire "AGR[7]"
Net "Vcomun" overuses wire "AGR[1]"
Net "Net_142" overuses wire "AGL[1]"
Net "Net_1124" overuses wire "abusR0"
Net "Net_1124" overuses wire "abusL2abusR[0]__0b"
Net "Net_1124" overuses wire "abusL0"
Net "Net_1422" overuses wire "amuxbusR"
Net "Net_1379" overuses wire "amuxbusR"
Net "Net_1473" overuses wire "AGL[1]"
Net "Net_1391" overuses wire "abusL0"
Net "Net_1391" overuses wire "abusL2abusR[0]__0b"
Net "Net_1391" overuses wire "abusR0"
Net "Net_143" overuses wire "dsm0- Wire"
Net "Net_1124" overuses wire "AGR[0]"
Net "Net_1422" overuses wire "GPIO P3[3] Mux__8b"
Net "Net_1422" overuses wire "abuf3+ Wire"
Net "Net_1379" overuses wire "AGL[3]"
Net "Net_1473" overuses wire "dsm0- Wire"
Net "Net_1473" overuses wire "AGL[3]"
Net "Net_1481" overuses wire "AGR[0]"
Net "Net_1391" overuses wire "GPIO P3[3] Mux__5b"
Net "Net_1391" overuses wire "abuf3+ Wire"
Net "Net_1124" overuses wire "sc2 Vin Wire"
Net "Net_769" overuses wire "sc2 Vin Wire"
Net "Net_1422" overuses wire "AGR[7]"
Net "Net_1379" overuses wire "sc0 out Wire"
Net "Net_1473" overuses wire "sc0 out Wire"
Net "Vcomun" overuses wire "AGR[7]"
Net "Vcomun" overuses wire "AGR[7]"
Net "Net_143" overuses wire "dsm0- Wire"
Net "Net_1123" overuses wire "AGL[4]"
Net "Net_1176" overuses wire "AGR[4]"
Net "Net_1379" overuses wire "AGL[4]"
Net "Net_1379" overuses wire "AGR[4]"
Net "Net_1473" overuses wire "dsm0- Wire"
Net "Net_1123" overuses wire "AGL[4]"
Net "Net_1176" overuses wire "AGR[4]"
Net "Net_1379" overuses wire "AGL[4]"
Net "Net_1379" overuses wire "AGR[4]"
Net "Net_1176" overuses wire "AGR[4]"
Net "Net_1422" overuses wire "sc1 Vin Wire"
Net "Net_1379" overuses wire "sc1 Vin Wire"
Net "Net_1379" overuses wire "AGR[4]"
Net "Net_1410" overuses wire "AGR[6]"
Net "Net_1422" overuses wire "sc1 Vin Wire"
Net "Net_1379" overuses wire "sc1 Vin Wire"
Net "Net_1379" overuses wire "AGR[6]"
Net "Net_1123" overuses wire "AGL[4]"
Net "Net_1176" overuses wire "AGR[4]"
Net "Net_1379" overuses wire "AGL[4]"
Net "Net_1379" overuses wire "AGR[4]"
Net "Net_1124" overuses wire "comp1- Wire"
Net "Net_1410" overuses wire "AGR[6]"
Net "Net_1379" overuses wire "abusL3"
Net "Net_1379" overuses wire "comp1- Wire"
Net "Net_1379" overuses wire "AGR[6]"
Net "Net_1473" overuses wire "abusL3"
Net "Net_1123" overuses wire "AGL[4]"
Net "Net_1176" overuses wire "AGR[4]"
Net "Net_1379" overuses wire "sc0 out Wire"
Net "Net_1379" overuses wire "AGL[4]"
Net "Net_1379" overuses wire "AGR[4]"
Net "Net_1473" overuses wire "sc0 out Wire"
Net "Net_143" overuses wire "dsm0- Wire"
Net "Net_1410" overuses wire "AGR[6]"
Net "Net_1422" overuses wire "sc1 Vin Wire"
Net "Net_1379" overuses wire "sc1 Vin Wire"
Net "Net_1379" overuses wire "AGR[6]"
Net "Net_1473" overuses wire "dsm0- Wire"
Net "Net_142" overuses wire "AGL[1]"
Net "Net_1176" overuses wire "sc3 Vin Wire"
Net "Net_1410" overuses wire "AGR[6]"
Net "Net_1379" overuses wire "sc3 Vin Wire"
Net "Net_1379" overuses wire "AGR[6]"
Net "Net_1473" overuses wire "AGL[1]"
Net "Net_142" overuses wire "amuxbusL"
Net "Net_1124" overuses wire "amuxbusL"
Net "Net_1422" overuses wire "amuxbusR"
Net "Net_1379" overuses wire "amuxbusR"
Net "Net_142" overuses wire "AGL[1]"
Net "Net_1422" overuses wire "AGR[7]"
Net "Net_1473" overuses wire "AGL[1]"
Net "Vcomun" overuses wire "AGR[7]"
Net "Vcomun" overuses wire "AGR[7]"
Net "Net_143" overuses wire "AGL[0]"
Net "Net_1422" overuses wire "amuxbusR"
Net "Net_1379" overuses wire "amuxbusR"
Net "Net_1473" overuses wire "AGL[0]"
Net "Net_143" overuses wire "amuxbusL"
Net "Net_1124" overuses wire "amuxbusL"
Net "Net_1422" overuses wire "GPIO P3[3] Mux__8b"
Net "Net_1422" overuses wire "abuf3+ Wire"
Net "Net_1391" overuses wire "GPIO P3[3] Mux__5b"
Net "Net_1391" overuses wire "abuf3+ Wire"
Net "Net_143" overuses wire "AGL[0]"
Net "Net_1422" overuses wire "AGR[7]"
Net "Net_1473" overuses wire "AGL[0]"
Net "Vcomun" overuses wire "AGR[7]"
Net "Vcomun" overuses wire "AGR[7]"
Net "Net_143" overuses wire "amuxbusL"
Net "Net_1124" overuses wire "amuxbusL"
Net "Net_1422" overuses wire "amuxbusR"
Net "Net_1379" overuses wire "amuxbusR"
Net "Net_1419" overuses wire "abusR1"
Net "Vcomun" overuses wire "abusR1"
Net "Net_143" overuses wire "AGL[0]"
Net "Net_769" overuses wire "AGR[5]"
Net "Net_1473" overuses wire "AGL[0]"
Net "Vcomun" overuses wire "AGR[5]"
Net "Net_143" overuses wire "amuxbusL"
Net "Net_1124" overuses wire "amuxbusL"
Net "Net_769" overuses wire "AGR[5]"
Net "Vcomun" overuses wire "AGR[5]"
Net "Net_1124" overuses wire "AGL[6]"
Net "Net_769" overuses wire "AGR[5]"
Net "Net_1410" overuses wire "AGL[6]"
Net "Vcomun" overuses wire "AGR[5]"
Net "Net_1124" overuses wire "AGL[6]"
Net "Net_769" overuses wire "AGR[5]"
Net "Net_1410" overuses wire "AGL[6]"
Net "Vcomun" overuses wire "AGR[5]"
Net "Net_1124" overuses wire "comp1- Wire"
Net "Net_1124" overuses wire "CMP1 Vref Mux alt__0b"
Net "Net_1124" overuses wire "cmp1_vref"
Net "Net_769" overuses wire "AGR[5]"
Net "Net_1410" overuses wire "cmp1_vref"
Net "Net_1410" overuses wire "CMP1 Vref Mux alt__0b"
Net "Net_1410" overuses wire "comp1- Wire"
Net "Vcomun" overuses wire "AGR[5]"
Net "Net_1124" overuses wire "sc3 Vin Wire"
Net "Net_1124" overuses wire "sc2 out Wire"
Net "Net_1123" overuses wire "sc2 out Wire"
Net "Net_1176" overuses wire "sc3 Vin Wire"
Net "Net_769" overuses wire "AGR[5]"
Net "Vcomun" overuses wire "AGR[5]"
Net "Net_1124" overuses wire "sc2 Vin Wire"
Net "Net_769" overuses wire "sc2 Vin Wire"
Net "Net_769" overuses wire "AGR[5]"
Net "Vcomun" overuses wire "AGR[5]"
Net "Net_1124" overuses wire "sc3 out Wire"
Net "Net_1124" overuses wire "sc2vin2sc3out Sw__0b"
Net "Net_1124" overuses wire "sc2 Vin Wire"
Net "Net_1176" overuses wire "AGR[4]"
Net "Net_769" overuses wire "sc2 Vin Wire"
Net "Net_769" overuses wire "sc2vin2sc3out Sw__0b"
Net "Net_769" overuses wire "sc3 out Wire"
Net "Net_769" overuses wire "AGR[4]"
Net "Net_1124" overuses wire "sc3 out Wire"
Net "Net_1176" overuses wire "AGR[4]"
Net "Net_769" overuses wire "sc3 out Wire"
Net "Net_769" overuses wire "AGR[4]"
Net "Net_769" overuses wire "AGL[5]"
Net "Net_769" overuses wire "AGL2AGR[5] Sw__0b"
Net "Net_769" overuses wire "AGR[5]"
Net "Vcomun" overuses wire "AGR[5]"
Net "Vcomun" overuses wire "AGL2AGR[5] Sw__0b"
Net "Vcomun" overuses wire "AGL[5]"
Net "Net_1124" overuses wire "sc3 out Wire"
Net "Net_1176" overuses wire "AGR[4]"
Net "Net_769" overuses wire "sc3 out Wire"
Net "Net_769" overuses wire "AGR[4]"
Net "Net_1123" overuses wire "AGL[4]"
Net "Net_1176" overuses wire "AGR[4]"
Net "Net_769" overuses wire "AGL[4]"
Net "Net_769" overuses wire "AGR[4]"
Net "Net_769" overuses wire "AGL[5]"
Net "Net_769" overuses wire "AGL2AGR[5] Sw__0b"
Net "Net_769" overuses wire "AGR[5]"
Net "Vcomun" overuses wire "AGR[5]"
Net "Vcomun" overuses wire "AGL2AGR[5] Sw__0b"
Net "Vcomun" overuses wire "AGL[5]"
Net "Net_1124" overuses wire "sc3 out Wire"
Net "Net_1176" overuses wire "AGR[4]"
Net "Net_769" overuses wire "sc3 out Wire"
Net "Net_769" overuses wire "AGR[4]"
Net "Net_1123" overuses wire "AGL[4]"
Net "Net_769" overuses wire "AGL[4]"
Net "Net_1410" overuses wire "AGR[6]"
Net "Net_1379" overuses wire "AGR[6]"
Net "Net_1124" overuses wire "sc3 out Wire"
Net "Net_1176" overuses wire "amuxbusR"
Net "Net_769" overuses wire "sc3 out Wire"
Net "Net_1379" overuses wire "amuxbusR"
Net "Net_1123" overuses wire "AGL[4]"
Net "Net_769" overuses wire "AGL[4]"
Net "Net_1410" overuses wire "AGR[6]"
Net "Net_1379" overuses wire "AGR[6]"
Net "Net_1124" overuses wire "sc3 out Wire"
Net "Net_1176" overuses wire "amuxbusR"
Net "Net_769" overuses wire "sc3 out Wire"
Net "Net_1379" overuses wire "amuxbusR"
Net "Net_769" overuses wire "AGL[2]"
Net "Net_769" overuses wire "AGR[5]"
Net "Net_1411" overuses wire "AGL[2]"
Net "Vcomun" overuses wire "AGR[5]"
Net "Net_143" overuses wire "AGL[7]"
Net "Net_1124" overuses wire "abusR2"
Net "Net_1124" overuses wire "abusL2abusR[2]__0b"
Net "Net_1124" overuses wire "abusL2"
Net "Net_769" overuses wire "abusL2"
Net "Net_769" overuses wire "abusL2abusR[2]__0b"
Net "Net_769" overuses wire "abusR2"
Net "Net_1422" overuses wire "AGR[7]"
Net "Vcomun" overuses wire "AGR[7]"
Net "Vcomun" overuses wire "AGL[7]"
Net "Net_1124" overuses wire "AGL[2]"
Net "Net_1422" overuses wire "AGR[7]"
Net "Net_1411" overuses wire "AGL[2]"
Net "Vcomun" overuses wire "AGR[7]"
Net "Net_1124" overuses wire "sc3 Vin Wire"
Net "Net_1124" overuses wire "sc2 out Wire"
Net "Net_1123" overuses wire "sc2 out Wire"
Net "Net_1176" overuses wire "sc3 Vin Wire"
Net "Net_1422" overuses wire "AGR[7]"
Net "Vcomun" overuses wire "AGR[7]"
Net "Net_1124" overuses wire "sc2 Vin Wire"
Net "Net_769" overuses wire "sc2 Vin Wire"
Net "Net_1422" overuses wire "amuxbusR"
Net "Net_1379" overuses wire "amuxbusR"
Net "Net_1124" overuses wire "AGL[2]"
Net "Net_1422" overuses wire "abusR3"
Net "Net_1422" overuses wire "GPIO P3[3] Mux__8b"
Net "Net_1422" overuses wire "abuf3+ Wire"
Net "Net_1419" overuses wire "abusR3"
Net "Net_1411" overuses wire "AGL[2]"
Net "Net_1391" overuses wire "GPIO P3[3] Mux__5b"
Net "Net_1391" overuses wire "abuf3+ Wire"
Net "Net_1124" overuses wire "abusR2"
Net "Net_1124" overuses wire "cmp1_vref"
Net "Net_769" overuses wire "abusR2"
Net "Net_1410" overuses wire "cmp1_vref"
Net "Net_1422" overuses wire "AGR[7]"
Net "Vcomun" overuses wire "AGR[7]"
Net "Net_1124" overuses wire "AGL[2]"
Net "Net_1422" overuses wire "amuxbusR"
Net "Net_1379" overuses wire "amuxbusR"
Net "Net_1411" overuses wire "AGL[2]"
Net "Net_1124" overuses wire "sc2 Vin Wire"
Net "Net_769" overuses wire "sc2 Vin Wire"
Net "Net_1422" overuses wire "AGR[7]"
Net "Vcomun" overuses wire "AGR[7]"
Net "Net_1124" overuses wire "sc3 Vin Wire"
Net "Net_1124" overuses wire "sc2 out Wire"
Net "Net_1123" overuses wire "sc2 out Wire"
Net "Net_1176" overuses wire "sc3 Vin Wire"
Net "Net_1422" overuses wire "amuxbusR"
Net "Net_1379" overuses wire "amuxbusR"
Net "Net_1124" overuses wire "abusR0"
Net "Net_1124" overuses wire "abusL2abusR[0]__0b"
Net "Net_1124" overuses wire "abusL0"
Net "Net_1422" overuses wire "abusR3"
Net "Net_1422" overuses wire "GPIO P3[3] Mux__8b"
Net "Net_1422" overuses wire "abuf3+ Wire"
Net "Net_1419" overuses wire "abusR3"
Net "Net_1391" overuses wire "abusL0"
Net "Net_1391" overuses wire "abusL2abusR[0]__0b"
Net "Net_1391" overuses wire "abusR0"
Net "Net_1391" overuses wire "GPIO P3[3] Mux__5b"
Net "Net_1391" overuses wire "abuf3+ Wire"
Net "Net_1124" overuses wire "AGL[2]"
Net "Net_1422" overuses wire "AGR[7]"
Net "Net_1411" overuses wire "AGL[2]"
Net "Vcomun" overuses wire "AGR[7]"
Net "Net_1124" overuses wire "sc2 Vin Wire"
Net "Net_769" overuses wire "sc2 Vin Wire"
Net "Net_1422" overuses wire "amuxbusR"
Net "Net_1379" overuses wire "amuxbusR"
Net "Net_1124" overuses wire "comp1- Wire"
Net "Net_1124" overuses wire "CMP1 Vref Mux alt__0b"
Net "Net_1124" overuses wire "cmp1_vref"
Net "Net_1410" overuses wire "cmp1_vref"
Net "Net_1410" overuses wire "CMP1 Vref Mux alt__0b"
Net "Net_1410" overuses wire "comp1- Wire"
Net "Net_1422" overuses wire "AGR[7]"
Net "Vcomun" overuses wire "AGR[7]"
Net "Net_1124" overuses wire "AGL[2]"
Net "Net_1124" overuses wire "AGL[6]"
Net "Net_1410" overuses wire "AGL[6]"
Net "Net_1422" overuses wire "amuxbusR"
Net "Net_1379" overuses wire "amuxbusR"
Net "Net_1411" overuses wire "AGL[2]"
Net "Net_1124" overuses wire "AGL[6]"
Net "Net_1410" overuses wire "AGL[6]"
Net "Net_1422" overuses wire "AGR[7]"
Net "Vcomun" overuses wire "AGR[7]"
Net "Net_1410" overuses wire "sc1 out Wire"
Net "Net_1410" overuses wire "AGR[1]"
Net "Net_1422" overuses wire "amuxbusR"
Net "Net_1379" overuses wire "amuxbusR"
Net "Net_1419" overuses wire "sc1 out Wire"
Net "Net_1481" overuses wire "AGR[1]"
Net "Net_1410" overuses wire "sc1 out Wire"
Net "Net_1410" overuses wire "AGR[3]"
Net "Net_1422" overuses wire "AGR[7]"
Net "Net_1379" overuses wire "AGR[3]"
Net "Net_1419" overuses wire "sc1 out Wire"
Net "Vcomun" overuses wire "AGR[7]"
Net "Net_1124" overuses wire "AGL[6]"
Net "Net_1410" overuses wire "AGL[6]"
Net "Net_1410" overuses wire "AGR[6]"
Net "Net_1379" overuses wire "AGR[6]"
Net "Net_1124" overuses wire "AGL[6]"
Net "Net_1410" overuses wire "AGL[6]"
Net "Net_1410" overuses wire "AGR[6]"
Net "Net_1379" overuses wire "AGR[6]"
Net "Net_1176" overuses wire "AGR[4]"
Net "Net_1410" overuses wire "sc1 out Wire"
Net "Net_1410" overuses wire "AGR[1]"
Net "Net_1379" overuses wire "AGR[4]"
Net "Net_1419" overuses wire "sc1 out Wire"
Net "Net_1481" overuses wire "AGR[1]"
Net "Net_1410" overuses wire "GPIO P3[5] Mux__8b"
Net "Net_1410" overuses wire "abuf1+ Wire"
Net "Net_1410" overuses wire "GPIO P3[5] Mux__3b"
Net "Net_1410" overuses wire "AGR[6]"
Net "Net_1379" overuses wire "AGR[6]"
Net "Net_1419" overuses wire "abusR1"
Net "Net_1419" overuses wire "GPIO P3[5] Mux__6b"
Net "Net_1419" overuses wire "abuf1+ Wire"
Net "Vcomun" overuses wire "abusR1"
Net "Net_1124" overuses wire "comp1- Wire"
Net "Net_1176" overuses wire "AGR[4]"
Net "Net_1410" overuses wire "comp1- Wire"
Net "Net_1379" overuses wire "AGR[4]"
Net "Net_1419" overuses wire "abusR1"
Net "Vcomun" overuses wire "abusR1"
Net "Net_1124" overuses wire "abusR2"
Net "Net_769" overuses wire "abusR2"
Net "Net_1410" overuses wire "abusR3"
Net "Net_1410" overuses wire "AGR[6]"
Net "Net_1379" overuses wire "AGR[6]"
Net "Net_1419" overuses wire "abusR3"
Net "Net_143" overuses wire "AGL[5]"
Net "Net_1124" overuses wire "cmp1_vref"
Net "Net_1176" overuses wire "AGR[4]"
Net "Net_769" overuses wire "AGL[5]"
Net "Net_1410" overuses wire "cmp1_vref"
Net "Net_1379" overuses wire "AGR[4]"
Net "Net_143" overuses wire "AGL[7]"
Net "Net_1410" overuses wire "AGR[6]"
Net "Net_1379" overuses wire "AGR[6]"
Net "Vcomun" overuses wire "AGL[7]"
Net "Net_1176" overuses wire "AGR[4]"
Net "Net_1422" overuses wire "sc1 Vin Wire"
Net "Net_1379" overuses wire "sc1 Vin Wire"
Net "Net_1379" overuses wire "AGR[4]"
Net "Net_143" overuses wire "AGL[3]"
Net "Net_1410" overuses wire "AGR[6]"
Net "Net_1379" overuses wire "AGL[3]"
Net "Net_1379" overuses wire "AGR[6]"
Net "Net_143" overuses wire "abusL1"
Net "Net_1176" overuses wire "AGR[4]"
Net "Net_1379" overuses wire "AGR[4]"
Net "Vcomun" overuses wire "abusL1"
Net "Net_143" overuses wire "AGL[7]"
Net "Net_1410" overuses wire "AGR[6]"
Net "Net_1379" overuses wire "AGR[6]"
Net "Vcomun" overuses wire "AGL[7]"
Net "Net_143" overuses wire "v0 Wire"
Net "Net_769" overuses wire "AGR[5]"
Net "Net_1410" overuses wire "sc1 out Wire"
Net "Net_1410" overuses wire "AGR[5]"
Net "Net_1410" overuses wire "abuf3- Wire"
Net "Net_1419" overuses wire "sc1 out Wire"
Net "Net_1473" overuses wire "v0 Wire"
Net "Vcomun" overuses wire "abuf3- Wire"
Net "Net_1410" overuses wire "abusL0"
Net "Net_1410" overuses wire "vref6 to abusL0__0b"
Net "Net_1410" overuses wire "vref6"
Net "Net_1410" overuses wire "AGR[6]"
Net "Net_1379" overuses wire "AGR[6]"
Net "Net_1391" overuses wire "vref6"
Net "Net_1391" overuses wire "vref6 to abusL0__0b"
Net "Net_1391" overuses wire "abusL0"
Net "Net_1124" overuses wire "AGL[6]"
Net "Net_1410" overuses wire "AGL[6]"
Net "Net_1422" overuses wire "amuxbusR"
Net "Net_1379" overuses wire "amuxbusR"
Net "Net_143" overuses wire "amuxbusL"
Net "Net_1124" overuses wire "amuxbusL"
Net "Net_1176" overuses wire "AGR[4]"
Net "Net_1379" overuses wire "AGR[4]"
Net "Net_143" overuses wire "AGL[0]"
Net "Net_1176" overuses wire "AGR[4]"
Net "Net_1379" overuses wire "AGR[4]"
Net "Net_1473" overuses wire "AGL[0]"
Net "Net_142" overuses wire "AGL[1]"
Net "Net_1422" overuses wire "amuxbusR"
Net "Net_1379" overuses wire "amuxbusR"
Net "Net_1473" overuses wire "AGL[1]"
Net "Net_142" overuses wire "AGL[1]"
Net "Net_1422" overuses wire "AGR[7]"
Net "Net_1473" overuses wire "AGL[1]"
Net "Vcomun" overuses wire "AGR[7]"
Net "Net_142" overuses wire "AGL[1]"
Net "Net_1124" overuses wire "abusR2"
Net "Net_1422" overuses wire "abusR2"
Net "Net_1422" overuses wire "GPIO P3[3] Mux__7b"
Net "Net_1422" overuses wire "abuf3+ Wire"
Net "Net_1473" overuses wire "AGL[1]"
Net "Net_1391" overuses wire "GPIO P3[3] Mux__5b"
Net "Net_1391" overuses wire "abuf3+ Wire"
Net "Net_143" overuses wire "AGL[0]"
Net "Net_1422" overuses wire "GPIO P3[3] Mux__7b"
Net "Net_1422" overuses wire "abuf3+ Wire"
Net "Net_1473" overuses wire "AGL[0]"
Net "Net_1391" overuses wire "GPIO P3[3] Mux__5b"
Net "Net_1391" overuses wire "abuf3+ Wire"
Net "Net_142" overuses wire "AGL[1]"
Net "Net_1422" overuses wire "amuxbusR"
Net "Net_1379" overuses wire "amuxbusR"
Net "Net_1473" overuses wire "AGL[1]"
Net "Net_143" overuses wire "AGL[0]"
Net "Net_1422" overuses wire "AGR[7]"
Net "Net_1473" overuses wire "AGL[0]"
Net "Vcomun" overuses wire "AGR[7]"
Net "Net_143" overuses wire "amuxbusL"
Net "Net_1124" overuses wire "amuxbusL"
Net "Net_1422" overuses wire "GPIO P3[3] Mux__7b"
Net "Net_1422" overuses wire "abuf3+ Wire"
Net "Net_1391" overuses wire "GPIO P3[3] Mux__5b"
Net "Net_1391" overuses wire "abuf3+ Wire"
Net "Net_143" overuses wire "AGL[0]"
Net "Net_1422" overuses wire "AGR[7]"
Net "Net_1473" overuses wire "AGL[0]"
Net "Vcomun" overuses wire "AGR[7]"
Net "Net_142" overuses wire "AGL[1]"
Net "Net_1422" overuses wire "amuxbusR"
Net "Net_1379" overuses wire "amuxbusR"
Net "Net_1473" overuses wire "AGL[1]"
Net "Net_143" overuses wire "abusL3"
Net "Net_1124" overuses wire "comp2- Wire"
Net "Net_1410" overuses wire "AGR[6]"
Net "Net_1379" overuses wire "AGL[3]"
Net "Net_1379" overuses wire "AGR[6]"
Net "Net_1473" overuses wire "abusL3"
Net "Net_1473" overuses wire "comp2- Wire"
Net "Net_1473" overuses wire "AGL[3]"
Net "Net_143" overuses wire "abusL1"
Net "Net_1410" overuses wire "AGR[6]"
Net "Net_1422" overuses wire "sc1 Vin Wire"
Net "Net_1379" overuses wire "sc1 Vin Wire"
Net "Net_1379" overuses wire "AGR[6]"
Net "Vcomun" overuses wire "abusL1"
Net "Net_143" overuses wire "abusL3"
Net "Net_1176" overuses wire "AGR[4]"
Net "Net_1422" overuses wire "sc1 Vin Wire"
Net "Net_1379" overuses wire "sc1 Vin Wire"
Net "Net_1379" overuses wire "AGR[4]"
Net "Net_1473" overuses wire "abusL3"
Log: apr.M0019: The analog placement iterative improvement phase is beginning. (App=cydsfit)
Log: apr.M0058: The analog placement iterative improvement is 6% done. (App=cydsfit)
Log: apr.M0058: The analog placement iterative improvement is 12% done. (App=cydsfit)
Log: apr.M0058: The analog placement iterative improvement is 18% done. (App=cydsfit)
Log: apr.M0058: The analog placement iterative improvement is 24% done. (App=cydsfit)
Log: apr.M0058: The analog placement iterative improvement is 30% done. (App=cydsfit)
Log: apr.M0058: The analog placement iterative improvement is 36% done. (App=cydsfit)
Log: apr.M0058: The analog placement iterative improvement is 42% done. (App=cydsfit)
Log: apr.M0058: The analog placement iterative improvement is 48% done. (App=cydsfit)
Log: apr.M0058: The analog placement iterative improvement is 54% done. (App=cydsfit)
Log: apr.M0058: The analog placement iterative improvement is 60% done. (App=cydsfit)
Log: apr.M0058: The analog placement iterative improvement is 66% done. (App=cydsfit)
Log: apr.M0058: The analog placement iterative improvement is 72% done. (App=cydsfit)
Log: apr.M0058: The analog placement iterative improvement is 78% done. (App=cydsfit)
Log: apr.M0058: The analog placement iterative improvement is 84% done. (App=cydsfit)
Log: apr.M0058: The analog placement iterative improvement is 90% done. (App=cydsfit)
Log: apr.M0058: The analog placement iterative improvement is 96% done. (App=cydsfit)
Analog Placement Results:
IO_4@[IOP=(15)][IoId=(4)] : ADC_n(0) (fixed)
IO_5@[IOP=(15)][IoId=(5)] : ADC_p(0) (fixed)
IO_3@[IOP=(0)][IoId=(3)] : BPin_n(0) (fixed)
IO_5@[IOP=(0)][IoId=(5)] : BPin_p(0) (fixed)
IO_1@[IOP=(0)][IoId=(1)] : BPout_n(0) (fixed)
IO_0@[IOP=(0)][IoId=(0)] : BPout_p(0) (fixed)
IO_2@[IOP=(0)][IoId=(2)] : BPref_n(0) (fixed)
IO_4@[IOP=(0)][IoId=(4)] : BPref_p(0) (fixed)
IO_6@[IOP=(0)][IoId=(6)] : FDA_n(0) (fixed)
IO_7@[IOP=(0)][IoId=(7)] : FDA_p(0) (fixed)
IO_0@[IOP=(3)][IoId=(0)] : In_n(0) (fixed)
IO_1@[IOP=(3)][IoId=(1)] : In_p(0) (fixed)
IO_2@[IOP=(3)][IoId=(2)] : LPin_n(0) (fixed)
IO_3@[IOP=(3)][IoId=(3)] : LPin_p(0) (fixed)
IO_4@[IOP=(3)][IoId=(4)] : LPout_n(0) (fixed)
IO_5@[IOP=(3)][IoId=(5)] : LPout_p(0) (fixed)
IO_6@[IOP=(12)][IoId=(6)] : Rx_1(0) (fixed)
IO_7@[IOP=(12)][IoId=(7)] : Tx_1(0) (fixed)
IO_7@[IOP=(3)][IoId=(7)] : refIn(0) (fixed)
OpAmp[3]@[FFB(OpAmp,3)] : \Opa_ref:ABuf\ (fixed)
OpAmp[2]@[FFB(OpAmp,2)] : \OpaBP_p:ABuf\ (fixed)
OpAmp[0]@[FFB(OpAmp,0)] : \OpaBP_n:ABuf\ (fixed)
DSM[0]@[FFB(DSM,0)] : \ADC_DelSig:DSM\ (fixed)
SC[3]@[FFB(SC,3)] : \PGA_n:SC\ (fixed)
SC[2]@[FFB(SC,2)] : \PGA_p:SC\ (fixed)
SC[0]@[FFB(SC,0)] : \TIA_n:SC\ (fixed)
SC[1]@[FFB(SC,1)] : \TIA_p:SC\ (fixed)
VIDAC[0]@[FFB(VIDAC,0)] : \VDAC_n:viDAC8\ (fixed)
VIDAC[1]@[FFB(VIDAC,1)] : \VDAC_p:viDAC8\ (fixed)
Vref[1]@[FFB(Vref,1)] : vRef_1 (fixed)
IO_0@[IOP=(2)][IoId=(0)] : TIAref_n(0)
IO_7@[IOP=(1)][IoId=(7)] : TIAref_p(0)
IO_2@[IOP=(2)][IoId=(2)] : LPref_n(0)
IO_6@[IOP=(1)][IoId=(6)] : LPref_p(0)

Net "Net_1124" overuses wire "sc3 out Wire"
Net "Net_1124" overuses wire "AGR[6]"
Net "Net_1124" overuses wire "AGL2AGR[6] Sw__0b"
Net "Net_1124" overuses wire "AGL[6]"
Net "Net_1176" overuses wire "AGR[4]"
Net "Net_769" overuses wire "sc3 out Wire"
Net "Net_769" overuses wire "AGR[4]"
Net "Net_1410" overuses wire "AGL[6]"
Net "Net_1410" overuses wire "AGL2AGR[6] Sw__0b"
Net "Net_1410" overuses wire "AGR[6]"
Net "Net_1422" overuses wire "sc1 Vin Wire"
Net "Net_1422" overuses wire "AGR[7]"
Net "Net_1379" overuses wire "sc1 Vin Wire"
Net "Net_1379" overuses wire "AGR[4]"
Net "Vcomun" overuses wire "AGR[7]"
Net "Vcomun" overuses wire "AGR[7]"
Net "Net_143" overuses wire "AGL[5]"
Net "Net_1124" overuses wire "sc2 Vin Wire"
Net "Net_1124" overuses wire "AGL[6]"
Net "Net_769" overuses wire "sc2 Vin Wire"
Net "Net_769" overuses wire "AGL[5]"
Net "Net_769" overuses wire "AGR[5]"
Net "Net_1410" overuses wire "AGL[6]"
Net "Net_1422" overuses wire "sc1 Vin Wire"
Net "Net_1422" overuses wire "AGR[7]"
Net "Net_1379" overuses wire "sc1 Vin Wire"
Net "Net_1419" overuses wire "AGR[5]"
Net "Vcomun" overuses wire "AGR[7]"
Net "Vcomun" overuses wire "AGR[7]"
Net "Net_142" overuses wire "dsm0+ Wire"
Net "Net_1124" overuses wire "sc2 Vin Wire"
Net "Net_1124" overuses wire "AGL[6]"
Net "Net_1123" overuses wire "AGL[4]"
Net "Net_769" overuses wire "sc2 Vin Wire"
Net "Net_769" overuses wire "AGR[5]"
Net "Net_1410" overuses wire "AGL[6]"
Net "Net_1422" overuses wire "AGR[7]"
Net "Net_1379" overuses wire "AGL[7]"
Net "Net_1379" overuses wire "dsm0+ Wire"
Net "Net_1379" overuses wire "AGL[4]"
Net "Net_1419" overuses wire "AGR[5]"
Net "Vcomun" overuses wire "AGR[7]"
Net "Vcomun" overuses wire "AGL[7]"
Net "Vcomun" overuses wire "AGR[7]"
Net "Net_1124" overuses wire "AGR[6]"
Net "Net_1176" overuses wire "amuxbusR"
Net "Net_769" overuses wire "AGR[5]"
Net "Net_1410" overuses wire "sc1 out Wire"
Net "Net_1410" overuses wire "AGR[6]"
Net "Net_1422" overuses wire "sc1 Vin Wire"
Net "Net_1422" overuses wire "amuxbusR"
Net "Net_1379" overuses wire "sc1 Vin Wire"
Net "Net_1419" overuses wire "sc1 out Wire"
Net "Net_1419" overuses wire "AGR[5]"
Net "Net_1124" overuses wire "AGR[6]"
Net "Net_1176" overuses wire "AGR[4]"
Net "Net_769" overuses wire "AGR[5]"
Net "Net_1410" overuses wire "sc1 out Wire"
Net "Net_1410" overuses wire "AGR[6]"
Net "Net_1422" overuses wire "sc1 Vin Wire"
Net "Net_1379" overuses wire "sc1 Vin Wire"
Net "Net_1379" overuses wire "AGR[4]"
Net "Net_1419" overuses wire "sc1 out Wire"
Net "Net_1419" overuses wire "AGR[5]"
Net "Net_1124" overuses wire "sc2 Vin Wire"
Net "Net_1124" overuses wire "AGL[6]"
Net "Net_1123" overuses wire "AGL[4]"
Net "Net_1176" overuses wire "AGR[4]"
Net "Net_769" overuses wire "sc2 Vin Wire"
Net "Net_769" overuses wire "AGL[5]"
Net "Net_1410" overuses wire "AGL[6]"
Net "Net_1379" overuses wire "AGL[5]"
Net "Net_1379" overuses wire "SIO Ref[1] Sw__1b"
Net "Net_1379" overuses wire "SIO Ref[1] Sw__0b"
Net "Net_1379" overuses wire "AGL[4]"
Net "Net_1379" overuses wire "AGR[4]"
Net "Net_143" overuses wire "amuxbusL"
Net "Net_1124" overuses wire "AGL[0]"
Net "Net_1124" overuses wire "amuxbusL"
Net "Net_1176" overuses wire "amuxbusR"
Net "Net_1422" overuses wire "sc1 Vin Wire"
Net "Net_1422" overuses wire "amuxbusR"
Net "Net_1379" overuses wire "sc1 Vin Wire"
Net "Net_1473" overuses wire "AGL[0]"
Net "Net_143" overuses wire "AGL[3]"
Net "Net_143" overuses wire "amuxbusL"
Net "Net_1124" overuses wire "amuxbusL"
Net "Net_1422" overuses wire "amuxbusR"
Net "Net_1379" overuses wire "AGL[3]"
Net "Net_1379" overuses wire "amuxbusR"
Net "Net_143" overuses wire "AGL[1]"
Net "Net_143" overuses wire "SIO Ref[2] Sw__1b"
Net "Net_143" overuses wire "SIO Ref[2] Sw__0b"
Net "Net_143" overuses wire "AGL[0]"
Net "Net_142" overuses wire "AGL[1]"
Net "Net_1422" overuses wire "AGR[7]"
Net "Net_1473" overuses wire "AGL[0]"
Net "Vcomun" overuses wire "AGR[7]"
Net "Vcomun" overuses wire "AGR[7]"
Net "Net_143" overuses wire "v0 Wire"
Net "Net_142" overuses wire "AGL[1]"
Net "Net_1422" overuses wire "AGR[7]"
Net "Net_1473" overuses wire "v0 Wire"
Net "Net_1473" overuses wire "AGL[1]"
Net "Vcomun" overuses wire "AGR[7]"
Net "Vcomun" overuses wire "AGR[7]"
Net "Net_143" overuses wire "v0 Wire"
Net "Net_142" overuses wire "AGL[1]"
Net "Net_1422" overuses wire "AGR[7]"
Net "Net_1473" overuses wire "v0 Wire"
Net "Net_1473" overuses wire "AGL[1]"
Net "Vcomun" overuses wire "AGR[7]"
Net "Vcomun" overuses wire "AGR[7]"
Net "Net_143" overuses wire "AGL[7]"
Net "Net_143" overuses wire "dsm0+ Wire"
Net "Net_143" overuses wire "AGL[0]"
Net "Net_142" overuses wire "dsm0+ Wire"
Net "Net_1422" overuses wire "GPIO P3[3] Mux__8b"
Net "Net_1422" overuses wire "abuf3+ Wire"
Net "Net_1473" overuses wire "AGL[0]"
Net "Net_1391" overuses wire "GPIO P3[3] Mux__5b"
Net "Net_1391" overuses wire "abuf3+ Wire"
Net "Vcomun" overuses wire "AGL[7]"
Net "Net_142" overuses wire "AGL[1]"
Net "Net_1422" overuses wire "amuxbusR"
Net "Net_1379" overuses wire "amuxbusR"
Net "Net_1473" overuses wire "AGL[1]"
Net "Net_143" overuses wire "AGL[0]"
Net "Net_1422" overuses wire "AGR[7]"
Net "Net_1473" overuses wire "AGL[0]"
Net "Vcomun" overuses wire "AGR[7]"
Net "Vcomun" overuses wire "AGR[7]"
Net "Net_143" overuses wire "AGL[7]"
Net "Net_143" overuses wire "amuxbusL"
Net "Net_1124" overuses wire "amuxbusL"
Net "Net_1422" overuses wire "AGR[7]"
Net "Net_1419" overuses wire "abusR1"
Net "Vcomun" overuses wire "AGR[7]"
Net "Vcomun" overuses wire "AGL[7]"
Net "Vcomun" overuses wire "abusR1"
Net "Net_143" overuses wire "AGL[0]"
Net "Net_1422" overuses wire "amuxbusR"
Net "Net_1379" overuses wire "amuxbusR"
Net "Net_1473" overuses wire "AGL[0]"
Net "Net_143" overuses wire "AGL[5]"
Net "Net_143" overuses wire "amuxbusL"
Net "Net_1124" overuses wire "amuxbusL"
Net "Net_769" overuses wire "AGL[5]"
Net "Net_1422" overuses wire "AGR[7]"
Net "Vcomun" overuses wire "AGR[7]"
Net "Vcomun" overuses wire "AGR[7]"
Net "Net_143" overuses wire "AGL[0]"
Net "Net_1422" overuses wire "amuxbusR"
Net "Net_1379" overuses wire "amuxbusR"
Net "Net_1473" overuses wire "AGL[0]"
Net "Net_143" overuses wire "AGL[3]"
Net "Net_143" overuses wire "amuxbusL"
Net "Net_1124" overuses wire "amuxbusL"
Net "Net_1422" overuses wire "AGR[7]"
Net "Net_1379" overuses wire "AGL[3]"
Net "Vcomun" overuses wire "AGR[7]"
Net "Vcomun" overuses wire "AGR[7]"
Net "Net_143" overuses wire "AGL[0]"
Net "Net_1176" overuses wire "AGR[4]"
Net "Net_1379" overuses wire "AGR[4]"
Net "Net_1473" overuses wire "AGL[0]"
Net "Net_142" overuses wire "AGL[1]"
Net "Net_1176" overuses wire "AGR[4]"
Net "Net_1379" overuses wire "AGR[4]"
Net "Net_1473" overuses wire "AGL[1]"
Net "Net_142" overuses wire "AGL[1]"
Net "Net_1410" overuses wire "AGR[6]"
Net "Net_1379" overuses wire "AGR[6]"
Net "Net_1473" overuses wire "AGL[1]"
Net "Net_142" overuses wire "AGL[1]"
Net "Net_1176" overuses wire "AGR[4]"
Net "Net_1379" overuses wire "AGR[4]"
Net "Net_1473" overuses wire "AGL[1]"
Net "Net_142" overuses wire "amuxbusL"
Net "Net_1124" overuses wire "amuxbusL"
Net "Net_1176" overuses wire "AGR[4]"
Net "Net_1379" overuses wire "AGR[4]"
Net "Net_142" overuses wire "AGL[1]"
Net "Net_1410" overuses wire "AGR[6]"
Net "Net_1379" overuses wire "AGR[6]"
Net "Net_1473" overuses wire "AGL[1]"
Net "Net_143" overuses wire "abusL1"
Net "Net_1176" overuses wire "AGR[4]"
Net "Net_1379" overuses wire "AGR[4]"
Net "Net_1473" overuses wire "abusL1"
Net "Net_1473" overuses wire "v1 Wire"
Net "Net_1481" overuses wire "v1 Wire"
Net "Net_1176" overuses wire "amuxbusR"
Net "Net_1422" overuses wire "sc1 Vin Wire"
Net "Net_1422" overuses wire "amuxbusR"
Net "Net_1379" overuses wire "sc1 Vin Wire"
Net "Net_1411" overuses wire "AGL[2]"
Net "Net_1473" overuses wire "AGL[2]"
Net "Net_143" overuses wire "abusL3"
Net "Net_1410" overuses wire "AGR[6]"
Net "Net_1379" overuses wire "sc0 out Wire"
Net "Net_1379" overuses wire "abusL3"
Net "Net_1379" overuses wire "AGR[6]"
Net "Net_1473" overuses wire "sc0 out Wire"
Net "Net_1473" overuses wire "AGL[3]"
Net "Vcomun" overuses wire "AGL[3]"
Net "Net_143" overuses wire "AGL[0]"
Net "Net_1176" overuses wire "AGR[4]"
Net "Net_1379" overuses wire "AGR[4]"
Net "Net_1473" overuses wire "AGL[0]"
Net "Net_143" overuses wire "amuxbusL"
Net "Net_1124" overuses wire "amuxbusL"
Net "Net_1410" overuses wire "AGR[6]"
Net "Net_1379" overuses wire "AGR[6]"
Net "Net_1124" overuses wire "sc2 Vin Wire"
Net "Net_769" overuses wire "sc2 Vin Wire"
Net "Net_769" overuses wire "AGR[5]"
Net "Net_1410" overuses wire "sc1 out Wire"
Net "Net_1410" overuses wire "AGR[5]"
Net "Net_1410" overuses wire "abuf3- Wire"
Net "Net_1419" overuses wire "sc1 out Wire"
Net "Vcomun" overuses wire "abuf3- Wire"
Net "Net_1124" overuses wire "sc2 out Wire"
Net "Net_1124" overuses wire "AGL[6]"
Net "Net_1123" overuses wire "sc2 out Wire"
Net "Net_1410" overuses wire "AGL[6]"
Net "Net_1410" overuses wire "AGR[6]"
Net "Net_1379" overuses wire "AGR[6]"
Net "Net_1124" overuses wire "sc2 out Wire"
Net "Net_1123" overuses wire "sc2 out Wire"
Net "Net_769" overuses wire "AGR[5]"
Net "Net_1410" overuses wire "sc1 out Wire"
Net "Net_1410" overuses wire "AGR[5]"
Net "Net_1410" overuses wire "abuf3- Wire"
Net "Net_1419" overuses wire "sc1 out Wire"
Net "Vcomun" overuses wire "abuf3- Wire"
Net "Net_1124" overuses wire "sc3 out Wire"
Net "Net_1124" overuses wire "sc2 Vin Wire"
Net "Net_769" overuses wire "sc2 Vin Wire"
Net "Net_1410" overuses wire "sc3 out Wire"
Net "Net_1410" overuses wire "AGR[6]"
Net "Net_1379" overuses wire "AGR[6]"
Net "Net_1124" overuses wire "sc2 Vin Wire"
Net "Net_769" overuses wire "sc2 Vin Wire"
Net "Net_1410" overuses wire "amuxbusR"
Net "Net_1422" overuses wire "amuxbusR"
Net "Net_1124" overuses wire "sc2 Vin Wire"
Net "Net_1124" overuses wire "AGL[6]"
Net "Net_769" overuses wire "sc2 Vin Wire"
Net "Net_1410" overuses wire "AGL[6]"
Net "Net_1410" overuses wire "AGR[6]"
Net "Net_1379" overuses wire "AGR[6]"
Net "Net_142" overuses wire "dsm0+ Wire"
Net "Net_1124" overuses wire "dsm0+ Wire"
Net "Net_769" overuses wire "AGR[5]"
Net "Net_1410" overuses wire "sc1 out Wire"
Net "Net_1410" overuses wire "AGR[5]"
Net "Net_1410" overuses wire "abuf3- Wire"
Net "Net_1419" overuses wire "sc1 out Wire"
Net "Vcomun" overuses wire "abuf3- Wire"
Net "Net_1124" overuses wire "sc0 Vin Wire"
Net "Net_1410" overuses wire "sc0 Vin Wire"
Net "Net_1410" overuses wire "AGL[2]"
Net "Net_1410" overuses wire "AGR[2]"
Net "Net_1410" overuses wire "amuxbusR"
Net "Net_1422" overuses wire "amuxbusR"
Net "Net_1411" overuses wire "AGL[2]"
Net "Net_1441" overuses wire "AGR[2]"
Net "Net_1124" overuses wire "comp0- Wire"
Net "Net_1124" overuses wire "AGL[6]"
Net "Net_1410" overuses wire "AGL[6]"
Net "Net_1410" overuses wire "AGR[6]"
Net "Net_1379" overuses wire "comp0- Wire"
Net "Net_1379" overuses wire "AGR[6]"
Net "Net_1124" overuses wire "sc2 out Wire"
Net "Net_1123" overuses wire "sc2 out Wire"
Net "Net_769" overuses wire "AGL[5]"
Net "Net_769" overuses wire "AGL2AGR[5] Sw__0b"
Net "Net_769" overuses wire "AGR[5]"
Net "Net_1410" overuses wire "AGL[5]"
Net "Net_1410" overuses wire "AGL2AGR[5] Sw__0b"
Net "Net_1410" overuses wire "AGR[5]"
Net "Net_1410" overuses wire "abuf3- Wire"
Net "Vcomun" overuses wire "abuf3- Wire"
Net "Net_1124" overuses wire "sc3 out Wire"
Net "Net_1176" overuses wire "AGR[4]"
Net "Net_769" overuses wire "sc3 out Wire"
Net "Net_769" overuses wire "AGR[4]"
Net "Net_1410" overuses wire "abuf3- Wire"
Net "Vcomun" overuses wire "abuf3- Wire"
Net "Net_1384" overuses wire "abuf0+ Wire"
Net "Net_1124" overuses wire "GPIO P0[2] Mux__7b"
Net "Net_1124" overuses wire "abuf0+ Wire"
Net "Net_1124" overuses wire "GPIO P0[2] Mux__3b"
Net "Net_1410" overuses wire "sc1 out Wire"
Net "Net_1410" overuses wire "amuxbusR"
Net "Net_1422" overuses wire "amuxbusR"
Net "Net_1419" overuses wire "sc1 out Wire"
Net "Net_1397" overuses wire "abuf2+ Wire"
Net "Net_1124" overuses wire "GPIO P0[4] Mux__7b"
Net "Net_1124" overuses wire "abuf2+ Wire"
Net "Net_1124" overuses wire "GPIO P0[4] Mux__3b"
Net "Net_1124" overuses wire "AGL[6]"
Net "Net_1410" overuses wire "AGL[6]"
Net "Net_1410" overuses wire "AGR[6]"
Net "Net_1379" overuses wire "AGR[6]"
Net "Net_143" overuses wire "amuxbusL"
Net "Net_1124" overuses wire "amuxbusL"
Net "Net_1176" overuses wire "AGR[4]"
Net "Net_1379" overuses wire "AGR[4]"
Net "Net_143" overuses wire "AGL[0]"
Net "Net_1422" overuses wire "amuxbusR"
Net "Net_1379" overuses wire "amuxbusR"
Net "Net_1473" overuses wire "AGL[0]"
Net "Net_1422" overuses wire "abusR0"
Net "Net_1422" overuses wire "GPIO P3[3] Mux abusR0"
Net "Net_1422" overuses wire "GPIO P3[3] Mux__5b"
Net "Net_1422" overuses wire "abuf3+ Wire"
Net "Net_1391" overuses wire "abusR0"
Net "Net_1391" overuses wire "GPIO P3[3] Mux abusR0"
Net "Net_1391" overuses wire "GPIO P3[3] Mux__5b"
Net "Net_1391" overuses wire "abuf3+ Wire"
Net "Net_1422" overuses wire "AGR[7]"
Net "Vcomun" overuses wire "AGR[7]"
Net "Vcomun" overuses wire "AGR[7]"
Net "Net_143" overuses wire "abusL1"
Net "Net_1422" overuses wire "AGR[7]"
Net "Vcomun" overuses wire "AGR[7]"
Net "Vcomun" overuses wire "abusL1"
Net "Net_143" overuses wire "AGL[7]"
Net "Net_1422" overuses wire "abusR3"
Net "Net_1422" overuses wire "GPIO P3[3] Mux__8b"
Net "Net_1422" overuses wire "abuf3+ Wire"
Net "Net_1419" overuses wire "abusR3"
Net "Net_1391" overuses wire "GPIO P3[3] Mux__5b"
Net "Net_1391" overuses wire "abuf3+ Wire"
Net "Vcomun" overuses wire "AGL[7]"
Net "Net_1422" overuses wire "AGR[7]"
Net "Net_1379" overuses wire "AGL[3]"
Net "Net_1379" overuses wire "AGL2AGR[3] Sw__0b"
Net "Net_1379" overuses wire "AGR[3]"
Net "Vcomun" overuses wire "AGR[7]"
Net "Vcomun" overuses wire "AGL[3]"
Net "Vcomun" overuses wire "AGL2AGR[3] Sw__0b"
Net "Vcomun" overuses wire "AGR[3]"
Net "Net_1422" overuses wire "sc1 Vin Wire"
Net "Net_1422" overuses wire "GPIO P3[3] Mux__8b"
Net "Net_1422" overuses wire "abuf3+ Wire"
Net "Net_1379" overuses wire "sc1 Vin Wire"
Net "Net_1391" overuses wire "GPIO P3[3] Mux__5b"
Net "Net_1391" overuses wire "abuf3+ Wire"
Net "Net_1422" overuses wire "AGR[7]"
Net "Vcomun" overuses wire "AGR[7]"
Net "Vcomun" overuses wire "AGR[7]"
Net "Net_1422" overuses wire "amuxbusR"
Net "Net_1379" overuses wire "amuxbusR"
Net "Net_1422" overuses wire "AGR[7]"
Net "Vcomun" overuses wire "AGR[7]"
Net "Vcomun" overuses wire "AGR[7]"
Net "Net_1422" overuses wire "GPIO P3[3] Mux__8b"
Net "Net_1422" overuses wire "abuf3+ Wire"
Net "Net_1391" overuses wire "GPIO P3[3] Mux__5b"
Net "Net_1391" overuses wire "abuf3+ Wire"
Net "Net_1422" overuses wire "amuxbusR"
Net "Net_1379" overuses wire "amuxbusR"
Net "Net_1422" overuses wire "AGR[7]"
Net "Vcomun" overuses wire "AGR[7]"
Net "Vcomun" overuses wire "AGR[7]"
Net "Net_1422" overuses wire "amuxbusR"
Net "Net_1379" overuses wire "amuxbusR"
Net "Net_1422" overuses wire "AGR[7]"
Net "Vcomun" overuses wire "AGR[7]"
Net "Vcomun" overuses wire "AGR[7]"
Net "Net_1422" overuses wire "GPIO P3[3] Mux__8b"
Net "Net_1422" overuses wire "abuf3+ Wire"
Net "Net_1391" overuses wire "GPIO P3[3] Mux__5b"
Net "Net_1391" overuses wire "abuf3+ Wire"
Net "Net_1422" overuses wire "amuxbusR"
Net "Net_1379" overuses wire "amuxbusR"
Net "Net_1422" overuses wire "AGR[7]"
Net "Vcomun" overuses wire "AGR[7]"
Net "Vcomun" overuses wire "AGR[7]"
Net "Net_769" overuses wire "AGL[5]"
Net "Net_769" overuses wire "AGL2AGR[5] Sw__0b"
Net "Net_769" overuses wire "AGR[5]"
Net "Vcomun" overuses wire "AGR[5]"
Net "Vcomun" overuses wire "AGL2AGR[5] Sw__0b"
Net "Vcomun" overuses wire "AGL[5]"
Net "Vcomun" overuses wire "AGR[5]"
Net "Net_1124" overuses wire "sc3 out Wire"
Net "Net_1176" overuses wire "AGR[4]"
Net "Net_769" overuses wire "sc3 out Wire"
Net "Net_769" overuses wire "AGR[4]"
Net "Net_1124" overuses wire "abusR2"
Net "Net_1124" overuses wire "abusL2abusR[2]__0b"
Net "Net_1124" overuses wire "abusL2"
Net "Net_769" overuses wire "abusL2"
Net "Net_769" overuses wire "abusL2abusR[2]__0b"
Net "Net_769" overuses wire "abusR2"
Net "Net_769" overuses wire "AGR[5]"
Net "Vcomun" overuses wire "AGR[5]"
Net "Vcomun" overuses wire "AGR[5]"
Net "Net_1124" overuses wire "AGR[0]"
Net "Net_1124" overuses wire "cmp1_vref"
Net "Net_769" overuses wire "AGR[5]"
Net "Net_1473" overuses wire "cmp1_vref"
Net "Net_1481" overuses wire "AGR[0]"
Net "Vcomun" overuses wire "AGR[5]"
Net "Vcomun" overuses wire "AGR[5]"
Net "Net_1124" overuses wire "AGR[2]"
Net "Net_1124" overuses wire "AGL[2]"
Net "Net_1422" overuses wire "AGR[7]"
Net "Net_1411" overuses wire "AGL[2]"
Net "Net_1441" overuses wire "AGR[2]"
Net "Net_1473" overuses wire "v1 Wire"
Net "Net_1473" overuses wire "AGR[1]"
Net "Net_1481" overuses wire "v1 Wire"
Net "Vcomun" overuses wire "AGR[7]"
Net "Vcomun" overuses wire "AGR[1]"
Net "Net_142" overuses wire "AGL[1]"
Net "Net_1124" overuses wire "abusR0"
Net "Net_1124" overuses wire "abusL2abusR[0]__0b"
Net "Net_1124" overuses wire "abusL0"
Net "Net_1422" overuses wire "amuxbusR"
Net "Net_1379" overuses wire "amuxbusR"
Net "Net_1473" overuses wire "AGL[1]"
Net "Net_1391" overuses wire "abusL0"
Net "Net_1391" overuses wire "abusL2abusR[0]__0b"
Net "Net_1391" overuses wire "abusR0"
Net "Net_143" overuses wire "dsm0- Wire"
Net "Net_1124" overuses wire "AGR[0]"
Net "Net_1422" overuses wire "GPIO P3[3] Mux__8b"
Net "Net_1422" overuses wire "abuf3+ Wire"
Net "Net_1379" overuses wire "AGL[3]"
Net "Net_1473" overuses wire "dsm0- Wire"
Net "Net_1473" overuses wire "AGL[3]"
Net "Net_1481" overuses wire "AGR[0]"
Net "Net_1391" overuses wire "GPIO P3[3] Mux__5b"
Net "Net_1391" overuses wire "abuf3+ Wire"
Net "Net_1124" overuses wire "sc2 Vin Wire"
Net "Net_769" overuses wire "sc2 Vin Wire"
Net "Net_1422" overuses wire "AGR[7]"
Net "Net_1379" overuses wire "sc0 out Wire"
Net "Net_1473" overuses wire "sc0 out Wire"
Net "Vcomun" overuses wire "AGR[7]"
Net "Vcomun" overuses wire "AGR[7]"
Net "Net_143" overuses wire "dsm0- Wire"
Net "Net_1123" overuses wire "AGL[4]"
Net "Net_1176" overuses wire "AGR[4]"
Net "Net_1379" overuses wire "AGL[4]"
Net "Net_1379" overuses wire "AGR[4]"
Net "Net_1473" overuses wire "dsm0- Wire"
Net "Net_1123" overuses wire "AGL[4]"
Net "Net_1176" overuses wire "AGR[4]"
Net "Net_1379" overuses wire "AGL[4]"
Net "Net_1379" overuses wire "AGR[4]"
Net "Net_1176" overuses wire "AGR[4]"
Net "Net_1422" overuses wire "sc1 Vin Wire"
Net "Net_1379" overuses wire "sc1 Vin Wire"
Net "Net_1379" overuses wire "AGR[4]"
Net "Net_1410" overuses wire "AGR[6]"
Net "Net_1422" overuses wire "sc1 Vin Wire"
Net "Net_1379" overuses wire "sc1 Vin Wire"
Net "Net_1379" overuses wire "AGR[6]"
Net "Net_1123" overuses wire "AGL[4]"
Net "Net_1176" overuses wire "AGR[4]"
Net "Net_1379" overuses wire "AGL[4]"
Net "Net_1379" overuses wire "AGR[4]"
Net "Net_1124" overuses wire "comp1- Wire"
Net "Net_1410" overuses wire "AGR[6]"
Net "Net_1379" overuses wire "abusL3"
Net "Net_1379" overuses wire "comp1- Wire"
Net "Net_1379" overuses wire "AGR[6]"
Net "Net_1473" overuses wire "abusL3"
Net "Net_1123" overuses wire "AGL[4]"
Net "Net_1176" overuses wire "AGR[4]"
Net "Net_1379" overuses wire "sc0 out Wire"
Net "Net_1379" overuses wire "AGL[4]"
Net "Net_1379" overuses wire "AGR[4]"
Net "Net_1473" overuses wire "sc0 out Wire"
Net "Net_143" overuses wire "dsm0- Wire"
Net "Net_1410" overuses wire "AGR[6]"
Net "Net_1422" overuses wire "sc1 Vin Wire"
Net "Net_1379" overuses wire "sc1 Vin Wire"
Net "Net_1379" overuses wire "AGR[6]"
Net "Net_1473" overuses wire "dsm0- Wire"
Net "Net_142" overuses wire "AGL[1]"
Net "Net_1176" overuses wire "sc3 Vin Wire"
Net "Net_1410" overuses wire "AGR[6]"
Net "Net_1379" overuses wire "sc3 Vin Wire"
Net "Net_1379" overuses wire "AGR[6]"
Net "Net_1473" overuses wire "AGL[1]"
Net "Net_142" overuses wire "amuxbusL"
Net "Net_1124" overuses wire "amuxbusL"
Net "Net_1422" overuses wire "amuxbusR"
Net "Net_1379" overuses wire "amuxbusR"
Net "Net_142" overuses wire "AGL[1]"
Net "Net_1422" overuses wire "AGR[7]"
Net "Net_1473" overuses wire "AGL[1]"
Net "Vcomun" overuses wire "AGR[7]"
Net "Vcomun" overuses wire "AGR[7]"
Net "Net_143" overuses wire "AGL[0]"
Net "Net_1422" overuses wire "amuxbusR"
Net "Net_1379" overuses wire "amuxbusR"
Net "Net_1473" overuses wire "AGL[0]"
Net "Net_143" overuses wire "amuxbusL"
Net "Net_1124" overuses wire "amuxbusL"
Net "Net_1422" overuses wire "GPIO P3[3] Mux__8b"
Net "Net_1422" overuses wire "abuf3+ Wire"
Net "Net_1391" overuses wire "GPIO P3[3] Mux__5b"
Net "Net_1391" overuses wire "abuf3+ Wire"
Net "Net_143" overuses wire "AGL[0]"
Net "Net_1422" overuses wire "AGR[7]"
Net "Net_1473" overuses wire "AGL[0]"
Net "Vcomun" overuses wire "AGR[7]"
Net "Vcomun" overuses wire "AGR[7]"
Net "Net_143" overuses wire "amuxbusL"
Net "Net_1124" overuses wire "amuxbusL"
Net "Net_1422" overuses wire "amuxbusR"
Net "Net_1379" overuses wire "amuxbusR"
Net "Net_1419" overuses wire "abusR1"
Net "Vcomun" overuses wire "abusR1"
Net "Net_143" overuses wire "AGL[0]"
Net "Net_769" overuses wire "AGR[5]"
Net "Net_1473" overuses wire "AGL[0]"
Net "Vcomun" overuses wire "AGR[5]"
Net "Net_143" overuses wire "amuxbusL"
Net "Net_1124" overuses wire "amuxbusL"
Net "Net_769" overuses wire "AGR[5]"
Net "Vcomun" overuses wire "AGR[5]"
Net "Net_1124" overuses wire "AGL[6]"
Net "Net_769" overuses wire "AGR[5]"
Net "Net_1410" overuses wire "AGL[6]"
Net "Vcomun" overuses wire "AGR[5]"
Net "Net_1124" overuses wire "AGL[6]"
Net "Net_769" overuses wire "AGR[5]"
Net "Net_1410" overuses wire "AGL[6]"
Net "Vcomun" overuses wire "AGR[5]"
Net "Net_1124" overuses wire "comp1- Wire"
Net "Net_1124" overuses wire "CMP1 Vref Mux alt__0b"
Net "Net_1124" overuses wire "cmp1_vref"
Net "Net_769" overuses wire "AGR[5]"
Net "Net_1410" overuses wire "cmp1_vref"
Net "Net_1410" overuses wire "CMP1 Vref Mux alt__0b"
Net "Net_1410" overuses wire "comp1- Wire"
Net "Vcomun" overuses wire "AGR[5]"
Net "Net_1124" overuses wire "sc3 Vin Wire"
Net "Net_1124" overuses wire "sc2 out Wire"
Net "Net_1123" overuses wire "sc2 out Wire"
Net "Net_1176" overuses wire "sc3 Vin Wire"
Net "Net_769" overuses wire "AGR[5]"
Net "Vcomun" overuses wire "AGR[5]"
Net "Net_1124" overuses wire "sc2 Vin Wire"
Net "Net_769" overuses wire "sc2 Vin Wire"
Net "Net_769" overuses wire "AGR[5]"
Net "Vcomun" overuses wire "AGR[5]"
Net "Net_1124" overuses wire "sc3 out Wire"
Net "Net_1124" overuses wire "sc2vin2sc3out Sw__0b"
Net "Net_1124" overuses wire "sc2 Vin Wire"
Net "Net_1176" overuses wire "AGR[4]"
Net "Net_769" overuses wire "sc2 Vin Wire"
Net "Net_769" overuses wire "sc2vin2sc3out Sw__0b"
Net "Net_769" overuses wire "sc3 out Wire"
Net "Net_769" overuses wire "AGR[4]"
Net "Net_1124" overuses wire "sc3 out Wire"
Net "Net_1176" overuses wire "AGR[4]"
Net "Net_769" overuses wire "sc3 out Wire"
Net "Net_769" overuses wire "AGR[4]"
Net "Net_769" overuses wire "AGL[5]"
Net "Net_769" overuses wire "AGL2AGR[5] Sw__0b"
Net "Net_769" overuses wire "AGR[5]"
Net "Vcomun" overuses wire "AGR[5]"
Net "Vcomun" overuses wire "AGL2AGR[5] Sw__0b"
Net "Vcomun" overuses wire "AGL[5]"
Net "Net_1124" overuses wire "sc3 out Wire"
Net "Net_1176" overuses wire "AGR[4]"
Net "Net_769" overuses wire "sc3 out Wire"
Net "Net_769" overuses wire "AGR[4]"
Net "Net_1123" overuses wire "AGL[4]"
Net "Net_1176" overuses wire "AGR[4]"
Net "Net_769" overuses wire "AGL[4]"
Net "Net_769" overuses wire "AGR[4]"
Net "Net_769" overuses wire "AGL[5]"
Net "Net_769" overuses wire "AGL2AGR[5] Sw__0b"
Net "Net_769" overuses wire "AGR[5]"
Net "Vcomun" overuses wire "AGR[5]"
Net "Vcomun" overuses wire "AGL2AGR[5] Sw__0b"
Net "Vcomun" overuses wire "AGL[5]"
Net "Net_1124" overuses wire "sc3 out Wire"
Net "Net_1176" overuses wire "AGR[4]"
Net "Net_769" overuses wire "sc3 out Wire"
Net "Net_769" overuses wire "AGR[4]"
Net "Net_1123" overuses wire "AGL[4]"
Net "Net_769" overuses wire "AGL[4]"
Net "Net_1410" overuses wire "AGR[6]"
Net "Net_1379" overuses wire "AGR[6]"
Net "Net_1124" overuses wire "sc3 out Wire"
Net "Net_1176" overuses wire "amuxbusR"
Net "Net_769" overuses wire "sc3 out Wire"
Net "Net_1379" overuses wire "amuxbusR"
Net "Net_1123" overuses wire "AGL[4]"
Net "Net_769" overuses wire "AGL[4]"
Net "Net_1410" overuses wire "AGR[6]"
Net "Net_1379" overuses wire "AGR[6]"
Net "Net_1124" overuses wire "sc3 out Wire"
Net "Net_1176" overuses wire "amuxbusR"
Net "Net_769" overuses wire "sc3 out Wire"
Net "Net_1379" overuses wire "amuxbusR"
Net "Net_769" overuses wire "AGL[2]"
Net "Net_769" overuses wire "AGR[5]"
Net "Net_1411" overuses wire "AGL[2]"
Net "Vcomun" overuses wire "AGR[5]"
Net "Net_143" overuses wire "AGL[7]"
Net "Net_1124" overuses wire "abusR2"
Net "Net_1124" overuses wire "abusL2abusR[2]__0b"
Net "Net_1124" overuses wire "abusL2"
Net "Net_769" overuses wire "abusL2"
Net "Net_769" overuses wire "abusL2abusR[2]__0b"
Net "Net_769" overuses wire "abusR2"
Net "Net_1422" overuses wire "AGR[7]"
Net "Vcomun" overuses wire "AGR[7]"
Net "Vcomun" overuses wire "AGL[7]"
Net "Net_1124" overuses wire "AGL[2]"
Net "Net_1422" overuses wire "AGR[7]"
Net "Net_1411" overuses wire "AGL[2]"
Net "Vcomun" overuses wire "AGR[7]"
Net "Net_1124" overuses wire "sc3 Vin Wire"
Net "Net_1124" overuses wire "sc2 out Wire"
Net "Net_1123" overuses wire "sc2 out Wire"
Net "Net_1176" overuses wire "sc3 Vin Wire"
Net "Net_1422" overuses wire "AGR[7]"
Net "Vcomun" overuses wire "AGR[7]"
Net "Net_1124" overuses wire "sc2 Vin Wire"
Net "Net_769" overuses wire "sc2 Vin Wire"
Net "Net_1422" overuses wire "amuxbusR"
Net "Net_1379" overuses wire "amuxbusR"
Net "Net_1124" overuses wire "AGL[2]"
Net "Net_1422" overuses wire "abusR3"
Net "Net_1422" overuses wire "GPIO P3[3] Mux__8b"
Net "Net_1422" overuses wire "abuf3+ Wire"
Net "Net_1419" overuses wire "abusR3"
Net "Net_1411" overuses wire "AGL[2]"
Net "Net_1391" overuses wire "GPIO P3[3] Mux__5b"
Net "Net_1391" overuses wire "abuf3+ Wire"
Net "Net_1124" overuses wire "abusR2"
Net "Net_1124" overuses wire "cmp1_vref"
Net "Net_769" overuses wire "abusR2"
Net "Net_1410" overuses wire "cmp1_vref"
Net "Net_1422" overuses wire "AGR[7]"
Net "Vcomun" overuses wire "AGR[7]"
Net "Net_1124" overuses wire "AGL[2]"
Net "Net_1422" overuses wire "amuxbusR"
Net "Net_1379" overuses wire "amuxbusR"
Net "Net_1411" overuses wire "AGL[2]"
Net "Net_1124" overuses wire "sc2 Vin Wire"
Net "Net_769" overuses wire "sc2 Vin Wire"
Net "Net_1422" overuses wire "AGR[7]"
Net "Vcomun" overuses wire "AGR[7]"
Net "Net_1124" overuses wire "sc3 Vin Wire"
Net "Net_1124" overuses wire "sc2 out Wire"
Net "Net_1123" overuses wire "sc2 out Wire"
Net "Net_1176" overuses wire "sc3 Vin Wire"
Net "Net_1422" overuses wire "amuxbusR"
Net "Net_1379" overuses wire "amuxbusR"
Net "Net_1124" overuses wire "abusR0"
Net "Net_1124" overuses wire "abusL2abusR[0]__0b"
Net "Net_1124" overuses wire "abusL0"
Net "Net_1422" overuses wire "abusR3"
Net "Net_1422" overuses wire "GPIO P3[3] Mux__8b"
Net "Net_1422" overuses wire "abuf3+ Wire"
Net "Net_1419" overuses wire "abusR3"
Net "Net_1391" overuses wire "abusL0"
Net "Net_1391" overuses wire "abusL2abusR[0]__0b"
Net "Net_1391" overuses wire "abusR0"
Net "Net_1391" overuses wire "GPIO P3[3] Mux__5b"
Net "Net_1391" overuses wire "abuf3+ Wire"
Net "Net_1124" overuses wire "AGL[2]"
Net "Net_1422" overuses wire "AGR[7]"
Net "Net_1411" overuses wire "AGL[2]"
Net "Vcomun" overuses wire "AGR[7]"
Net "Net_1124" overuses wire "sc2 Vin Wire"
Net "Net_769" overuses wire "sc2 Vin Wire"
Net "Net_1422" overuses wire "amuxbusR"
Net "Net_1379" overuses wire "amuxbusR"
Net "Net_1124" overuses wire "comp1- Wire"
Net "Net_1124" overuses wire "CMP1 Vref Mux alt__0b"
Net "Net_1124" overuses wire "cmp1_vref"
Net "Net_1410" overuses wire "cmp1_vref"
Net "Net_1410" overuses wire "CMP1 Vref Mux alt__0b"
Net "Net_1410" overuses wire "comp1- Wire"
Net "Net_1422" overuses wire "AGR[7]"
Net "Vcomun" overuses wire "AGR[7]"
Net "Net_1124" overuses wire "AGL[2]"
Net "Net_1124" overuses wire "AGL[6]"
Net "Net_1410" overuses wire "AGL[6]"
Net "Net_1422" overuses wire "amuxbusR"
Net "Net_1379" overuses wire "amuxbusR"
Net "Net_1411" overuses wire "AGL[2]"
Net "Net_1124" overuses wire "AGL[6]"
Net "Net_1410" overuses wire "AGL[6]"
Net "Net_1422" overuses wire "AGR[7]"
Net "Vcomun" overuses wire "AGR[7]"
Net "Net_1410" overuses wire "sc1 out Wire"
Net "Net_1410" overuses wire "AGR[1]"
Net "Net_1422" overuses wire "amuxbusR"
Net "Net_1379" overuses wire "amuxbusR"
Net "Net_1419" overuses wire "sc1 out Wire"
Net "Net_1481" overuses wire "AGR[1]"
Net "Net_1410" overuses wire "sc1 out Wire"
Net "Net_1410" overuses wire "AGR[3]"
Net "Net_1422" overuses wire "AGR[7]"
Net "Net_1379" overuses wire "AGR[3]"
Net "Net_1419" overuses wire "sc1 out Wire"
Net "Vcomun" overuses wire "AGR[7]"
Net "Net_1124" overuses wire "AGL[6]"
Net "Net_1410" overuses wire "AGL[6]"
Net "Net_1410" overuses wire "AGR[6]"
Net "Net_1379" overuses wire "AGR[6]"
Net "Net_1124" overuses wire "AGL[6]"
Net "Net_1410" overuses wire "AGL[6]"
Net "Net_1410" overuses wire "AGR[6]"
Net "Net_1379" overuses wire "AGR[6]"
Net "Net_1176" overuses wire "AGR[4]"
Net "Net_1410" overuses wire "sc1 out Wire"
Net "Net_1410" overuses wire "AGR[1]"
Net "Net_1379" overuses wire "AGR[4]"
Net "Net_1419" overuses wire "sc1 out Wire"
Net "Net_1481" overuses wire "AGR[1]"
Net "Net_1410" overuses wire "GPIO P3[5] Mux__8b"
Net "Net_1410" overuses wire "abuf1+ Wire"
Net "Net_1410" overuses wire "GPIO P3[5] Mux__3b"
Net "Net_1410" overuses wire "AGR[6]"
Net "Net_1379" overuses wire "AGR[6]"
Net "Net_1419" overuses wire "abusR1"
Net "Net_1419" overuses wire "GPIO P3[5] Mux__6b"
Net "Net_1419" overuses wire "abuf1+ Wire"
Net "Vcomun" overuses wire "abusR1"
Net "Net_1124" overuses wire "comp1- Wire"
Net "Net_1176" overuses wire "AGR[4]"
Net "Net_1410" overuses wire "comp1- Wire"
Net "Net_1379" overuses wire "AGR[4]"
Net "Net_1419" overuses wire "abusR1"
Net "Vcomun" overuses wire "abusR1"
Net "Net_1124" overuses wire "abusR2"
Net "Net_769" overuses wire "abusR2"
Net "Net_1410" overuses wire "abusR3"
Net "Net_1410" overuses wire "AGR[6]"
Net "Net_1379" overuses wire "AGR[6]"
Net "Net_1419" overuses wire "abusR3"
Net "Net_143" overuses wire "AGL[5]"
Net "Net_1124" overuses wire "cmp1_vref"
Net "Net_1176" overuses wire "AGR[4]"
Net "Net_769" overuses wire "AGL[5]"
Net "Net_1410" overuses wire "cmp1_vref"
Net "Net_1379" overuses wire "AGR[4]"
Net "Net_143" overuses wire "AGL[7]"
Net "Net_1410" overuses wire "AGR[6]"
Net "Net_1379" overuses wire "AGR[6]"
Net "Vcomun" overuses wire "AGL[7]"
Net "Net_1176" overuses wire "AGR[4]"
Net "Net_1422" overuses wire "sc1 Vin Wire"
Net "Net_1379" overuses wire "sc1 Vin Wire"
Net "Net_1379" overuses wire "AGR[4]"
Net "Net_143" overuses wire "AGL[3]"
Net "Net_1410" overuses wire "AGR[6]"
Net "Net_1379" overuses wire "AGL[3]"
Net "Net_1379" overuses wire "AGR[6]"
Net "Net_143" overuses wire "abusL1"
Net "Net_1176" overuses wire "AGR[4]"
Net "Net_1379" overuses wire "AGR[4]"
Net "Vcomun" overuses wire "abusL1"
Net "Net_143" overuses wire "AGL[7]"
Net "Net_1410" overuses wire "AGR[6]"
Net "Net_1379" overuses wire "AGR[6]"
Net "Vcomun" overuses wire "AGL[7]"
Net "Net_143" overuses wire "v0 Wire"
Net "Net_769" overuses wire "AGR[5]"
Net "Net_1410" overuses wire "sc1 out Wire"
Net "Net_1410" overuses wire "AGR[5]"
Net "Net_1410" overuses wire "abuf3- Wire"
Net "Net_1419" overuses wire "sc1 out Wire"
Net "Net_1473" overuses wire "v0 Wire"
Net "Vcomun" overuses wire "abuf3- Wire"
Net "Net_1410" overuses wire "abusL0"
Net "Net_1410" overuses wire "vref6 to abusL0__0b"
Net "Net_1410" overuses wire "vref6"
Net "Net_1410" overuses wire "AGR[6]"
Net "Net_1379" overuses wire "AGR[6]"
Net "Net_1391" overuses wire "vref6"
Net "Net_1391" overuses wire "vref6 to abusL0__0b"
Net "Net_1391" overuses wire "abusL0"
Net "Net_1124" overuses wire "AGL[6]"
Net "Net_1410" overuses wire "AGL[6]"
Net "Net_1422" overuses wire "amuxbusR"
Net "Net_1379" overuses wire "amuxbusR"
Net "Net_143" overuses wire "amuxbusL"
Net "Net_1124" overuses wire "amuxbusL"
Net "Net_1176" overuses wire "AGR[4]"
Net "Net_1379" overuses wire "AGR[4]"
Net "Net_143" overuses wire "AGL[0]"
Net "Net_1176" overuses wire "AGR[4]"
Net "Net_1379" overuses wire "AGR[4]"
Net "Net_1473" overuses wire "AGL[0]"
Net "Net_142" overuses wire "AGL[1]"
Net "Net_1422" overuses wire "amuxbusR"
Net "Net_1379" overuses wire "amuxbusR"
Net "Net_1473" overuses wire "AGL[1]"
Net "Net_142" overuses wire "AGL[1]"
Net "Net_1422" overuses wire "AGR[7]"
Net "Net_1473" overuses wire "AGL[1]"
Net "Vcomun" overuses wire "AGR[7]"
Net "Net_142" overuses wire "AGL[1]"
Net "Net_1124" overuses wire "abusR2"
Net "Net_1422" overuses wire "abusR2"
Net "Net_1422" overuses wire "GPIO P3[3] Mux__7b"
Net "Net_1422" overuses wire "abuf3+ Wire"
Net "Net_1473" overuses wire "AGL[1]"
Net "Net_1391" overuses wire "GPIO P3[3] Mux__5b"
Net "Net_1391" overuses wire "abuf3+ Wire"
Net "Net_143" overuses wire "AGL[0]"
Net "Net_1422" overuses wire "GPIO P3[3] Mux__7b"
Net "Net_1422" overuses wire "abuf3+ Wire"
Net "Net_1473" overuses wire "AGL[0]"
Net "Net_1391" overuses wire "GPIO P3[3] Mux__5b"
Net "Net_1391" overuses wire "abuf3+ Wire"
Net "Net_142" overuses wire "AGL[1]"
Net "Net_1422" overuses wire "amuxbusR"
Net "Net_1379" overuses wire "amuxbusR"
Net "Net_1473" overuses wire "AGL[1]"
Net "Net_143" overuses wire "AGL[0]"
Net "Net_1422" overuses wire "AGR[7]"
Net "Net_1473" overuses wire "AGL[0]"
Net "Vcomun" overuses wire "AGR[7]"
Net "Net_143" overuses wire "amuxbusL"
Net "Net_1124" overuses wire "amuxbusL"
Net "Net_1422" overuses wire "GPIO P3[3] Mux__7b"
Net "Net_1422" overuses wire "abuf3+ Wire"
Net "Net_1391" overuses wire "GPIO P3[3] Mux__5b"
Net "Net_1391" overuses wire "abuf3+ Wire"
Net "Net_143" overuses wire "AGL[0]"
Net "Net_1422" overuses wire "AGR[7]"
Net "Net_1473" overuses wire "AGL[0]"
Net "Vcomun" overuses wire "AGR[7]"
Net "Net_142" overuses wire "AGL[1]"
Net "Net_1422" overuses wire "amuxbusR"
Net "Net_1379" overuses wire "amuxbusR"
Net "Net_1473" overuses wire "AGL[1]"
Net "Net_143" overuses wire "abusL3"
Net "Net_1124" overuses wire "comp2- Wire"
Net "Net_1410" overuses wire "AGR[6]"
Net "Net_1379" overuses wire "AGL[3]"
Net "Net_1379" overuses wire "AGR[6]"
Net "Net_1473" overuses wire "abusL3"
Net "Net_1473" overuses wire "comp2- Wire"
Net "Net_1473" overuses wire "AGL[3]"
Net "Net_143" overuses wire "abusL1"
Net "Net_1410" overuses wire "AGR[6]"
Net "Net_1422" overuses wire "sc1 Vin Wire"
Net "Net_1379" overuses wire "sc1 Vin Wire"
Net "Net_1379" overuses wire "AGR[6]"
Net "Vcomun" overuses wire "abusL1"
Net "Net_143" overuses wire "abusL3"
Net "Net_1176" overuses wire "AGR[4]"
Net "Net_1422" overuses wire "sc1 Vin Wire"
Net "Net_1379" overuses wire "sc1 Vin Wire"
Net "Net_1379" overuses wire "AGR[4]"
Net "Net_1473" overuses wire "abusL3"
Log: apr.M0019: The analog placement iterative improvement phase is beginning. (App=cydsfit)
Log: apr.M0058: The analog placement iterative improvement is 5% done. (App=cydsfit)
Log: apr.M0058: The analog placement iterative improvement is 11% done. (App=cydsfit)
Log: apr.M0058: The analog placement iterative improvement is 17% done. (App=cydsfit)
Log: apr.M0058: The analog placement iterative improvement is 22% done. (App=cydsfit)
Log: apr.M0058: The analog placement iterative improvement is 28% done. (App=cydsfit)
Log: apr.M0058: The analog placement iterative improvement is 34% done. (App=cydsfit)
Log: apr.M0058: The analog placement iterative improvement is 39% done. (App=cydsfit)
Log: apr.M0058: The analog placement iterative improvement is 45% done. (App=cydsfit)
Log: apr.M0058: The analog placement iterative improvement is 51% done. (App=cydsfit)
Log: apr.M0058: The analog placement iterative improvement is 57% done. (App=cydsfit)
Log: apr.M0058: The analog placement iterative improvement is 62% done. (App=cydsfit)
Log: apr.M0058: The analog placement iterative improvement is 68% done. (App=cydsfit)
Log: apr.M0058: The analog placement iterative improvement is 74% done. (App=cydsfit)
Log: apr.M0058: The analog placement iterative improvement is 79% done. (App=cydsfit)
Log: apr.M0058: The analog placement iterative improvement is 85% done. (App=cydsfit)
Log: apr.M0058: The analog placement iterative improvement is 91% done. (App=cydsfit)
Log: apr.M0058: The analog placement iterative improvement is 97% done. (App=cydsfit)
Analog Placement Results:
IO_4@[IOP=(15)][IoId=(4)] : ADC_n(0) (fixed)
IO_5@[IOP=(15)][IoId=(5)] : ADC_p(0) (fixed)
IO_3@[IOP=(0)][IoId=(3)] : BPin_n(0) (fixed)
IO_5@[IOP=(0)][IoId=(5)] : BPin_p(0) (fixed)
IO_1@[IOP=(0)][IoId=(1)] : BPout_n(0) (fixed)
IO_0@[IOP=(0)][IoId=(0)] : BPout_p(0) (fixed)
IO_2@[IOP=(0)][IoId=(2)] : BPref_n(0) (fixed)
IO_4@[IOP=(0)][IoId=(4)] : BPref_p(0) (fixed)
IO_6@[IOP=(0)][IoId=(6)] : FDA_n(0) (fixed)
IO_7@[IOP=(0)][IoId=(7)] : FDA_p(0) (fixed)
IO_0@[IOP=(3)][IoId=(0)] : In_n(0) (fixed)
IO_1@[IOP=(3)][IoId=(1)] : In_p(0) (fixed)
IO_2@[IOP=(3)][IoId=(2)] : LPin_n(0) (fixed)
IO_3@[IOP=(3)][IoId=(3)] : LPin_p(0) (fixed)
IO_4@[IOP=(3)][IoId=(4)] : LPout_n(0) (fixed)
IO_5@[IOP=(3)][IoId=(5)] : LPout_p(0) (fixed)
IO_6@[IOP=(12)][IoId=(6)] : Rx_1(0) (fixed)
IO_7@[IOP=(12)][IoId=(7)] : Tx_1(0) (fixed)
IO_7@[IOP=(3)][IoId=(7)] : refIn(0) (fixed)
OpAmp[3]@[FFB(OpAmp,3)] : \Opa_ref:ABuf\ (fixed)
OpAmp[2]@[FFB(OpAmp,2)] : \OpaBP_p:ABuf\ (fixed)
OpAmp[0]@[FFB(OpAmp,0)] : \OpaBP_n:ABuf\ (fixed)
DSM[0]@[FFB(DSM,0)] : \ADC_DelSig:DSM\ (fixed)
SC[3]@[FFB(SC,3)] : \PGA_n:SC\ (fixed)
SC[2]@[FFB(SC,2)] : \PGA_p:SC\ (fixed)
SC[0]@[FFB(SC,0)] : \TIA_n:SC\ (fixed)
SC[1]@[FFB(SC,1)] : \TIA_p:SC\ (fixed)
VIDAC[0]@[FFB(VIDAC,0)] : \VDAC_n:viDAC8\ (fixed)
VIDAC[1]@[FFB(VIDAC,1)] : \VDAC_p:viDAC8\ (fixed)
Vref[1]@[FFB(Vref,1)] : vRef_1 (fixed)
IO_2@[IOP=(2)][IoId=(2)] : LPref_n(0)
IO_6@[IOP=(1)][IoId=(6)] : LPref_p(0)
IO_0@[IOP=(2)][IoId=(0)] : TIAref_n(0)
IO_7@[IOP=(1)][IoId=(7)] : TIAref_p(0)

Net "Net_1124" overuses wire "sc3 out Wire"
Net "Net_1124" overuses wire "AGR[6]"
Net "Net_1124" overuses wire "AGL2AGR[6] Sw__0b"
Net "Net_1124" overuses wire "AGL[6]"
Net "Net_1176" overuses wire "AGR[4]"
Net "Net_769" overuses wire "sc3 out Wire"
Net "Net_769" overuses wire "AGR[4]"
Net "Net_1410" overuses wire "AGL[6]"
Net "Net_1410" overuses wire "AGL2AGR[6] Sw__0b"
Net "Net_1410" overuses wire "AGR[6]"
Net "Net_1422" overuses wire "sc1 Vin Wire"
Net "Net_1422" overuses wire "AGR[7]"
Net "Net_1379" overuses wire "sc1 Vin Wire"
Net "Net_1379" overuses wire "AGR[4]"
Net "Vcomun" overuses wire "AGR[7]"
Net "Vcomun" overuses wire "AGR[7]"
Net "Net_143" overuses wire "AGL[5]"
Net "Net_1124" overuses wire "sc2 Vin Wire"
Net "Net_1124" overuses wire "AGL[6]"
Net "Net_769" overuses wire "sc2 Vin Wire"
Net "Net_769" overuses wire "AGL[5]"
Net "Net_769" overuses wire "AGR[5]"
Net "Net_1410" overuses wire "AGL[6]"
Net "Net_1422" overuses wire "sc1 Vin Wire"
Net "Net_1422" overuses wire "AGR[7]"
Net "Net_1379" overuses wire "sc1 Vin Wire"
Net "Net_1419" overuses wire "AGR[5]"
Net "Vcomun" overuses wire "AGR[7]"
Net "Vcomun" overuses wire "AGR[7]"
Net "Net_142" overuses wire "dsm0+ Wire"
Net "Net_1124" overuses wire "sc2 Vin Wire"
Net "Net_1124" overuses wire "AGL[6]"
Net "Net_1123" overuses wire "AGL[4]"
Net "Net_769" overuses wire "sc2 Vin Wire"
Net "Net_769" overuses wire "AGR[5]"
Net "Net_1410" overuses wire "AGL[6]"
Net "Net_1422" overuses wire "AGR[7]"
Net "Net_1379" overuses wire "AGL[7]"
Net "Net_1379" overuses wire "dsm0+ Wire"
Net "Net_1379" overuses wire "AGL[4]"
Net "Net_1419" overuses wire "AGR[5]"
Net "Vcomun" overuses wire "AGR[7]"
Net "Vcomun" overuses wire "AGL[7]"
Net "Vcomun" overuses wire "AGR[7]"
Net "Net_1124" overuses wire "AGR[6]"
Net "Net_1176" overuses wire "amuxbusR"
Net "Net_769" overuses wire "AGR[5]"
Net "Net_1410" overuses wire "sc1 out Wire"
Net "Net_1410" overuses wire "AGR[6]"
Net "Net_1422" overuses wire "sc1 Vin Wire"
Net "Net_1422" overuses wire "amuxbusR"
Net "Net_1379" overuses wire "sc1 Vin Wire"
Net "Net_1419" overuses wire "sc1 out Wire"
Net "Net_1419" overuses wire "AGR[5]"
Net "Net_1124" overuses wire "AGR[6]"
Net "Net_1176" overuses wire "AGR[4]"
Net "Net_769" overuses wire "AGR[5]"
Net "Net_1410" overuses wire "sc1 out Wire"
Net "Net_1410" overuses wire "AGR[6]"
Net "Net_1422" overuses wire "sc1 Vin Wire"
Net "Net_1379" overuses wire "sc1 Vin Wire"
Net "Net_1379" overuses wire "AGR[4]"
Net "Net_1419" overuses wire "sc1 out Wire"
Net "Net_1419" overuses wire "AGR[5]"
Net "Net_1124" overuses wire "sc2 Vin Wire"
Net "Net_1124" overuses wire "AGL[6]"
Net "Net_1123" overuses wire "AGL[4]"
Net "Net_1176" overuses wire "AGR[4]"
Net "Net_769" overuses wire "sc2 Vin Wire"
Net "Net_769" overuses wire "AGL[5]"
Net "Net_1410" overuses wire "AGL[6]"
Net "Net_1379" overuses wire "AGL[5]"
Net "Net_1379" overuses wire "SIO Ref[1] Sw__1b"
Net "Net_1379" overuses wire "SIO Ref[1] Sw__0b"
Net "Net_1379" overuses wire "AGL[4]"
Net "Net_1379" overuses wire "AGR[4]"
Net "Net_143" overuses wire "amuxbusL"
Net "Net_1124" overuses wire "AGL[0]"
Net "Net_1124" overuses wire "amuxbusL"
Net "Net_1176" overuses wire "amuxbusR"
Net "Net_1422" overuses wire "sc1 Vin Wire"
Net "Net_1422" overuses wire "amuxbusR"
Net "Net_1379" overuses wire "sc1 Vin Wire"
Net "Net_1473" overuses wire "AGL[0]"
Net "Net_143" overuses wire "AGL[3]"
Net "Net_143" overuses wire "amuxbusL"
Net "Net_1124" overuses wire "amuxbusL"
Net "Net_1422" overuses wire "amuxbusR"
Net "Net_1379" overuses wire "AGL[3]"
Net "Net_1379" overuses wire "amuxbusR"
Net "Net_143" overuses wire "AGL[1]"
Net "Net_143" overuses wire "SIO Ref[2] Sw__1b"
Net "Net_143" overuses wire "SIO Ref[2] Sw__0b"
Net "Net_143" overuses wire "AGL[0]"
Net "Net_142" overuses wire "AGL[1]"
Net "Net_1422" overuses wire "AGR[7]"
Net "Net_1473" overuses wire "AGL[0]"
Net "Vcomun" overuses wire "AGR[7]"
Net "Vcomun" overuses wire "AGR[7]"
Net "Net_143" overuses wire "v0 Wire"
Net "Net_142" overuses wire "AGL[1]"
Net "Net_1422" overuses wire "AGR[7]"
Net "Net_1473" overuses wire "v0 Wire"
Net "Net_1473" overuses wire "AGL[1]"
Net "Vcomun" overuses wire "AGR[7]"
Net "Vcomun" overuses wire "AGR[7]"
Net "Net_143" overuses wire "v0 Wire"
Net "Net_142" overuses wire "AGL[1]"
Net "Net_1422" overuses wire "AGR[7]"
Net "Net_1473" overuses wire "v0 Wire"
Net "Net_1473" overuses wire "AGL[1]"
Net "Vcomun" overuses wire "AGR[7]"
Net "Vcomun" overuses wire "AGR[7]"
Net "Net_143" overuses wire "AGL[7]"
Net "Net_143" overuses wire "dsm0+ Wire"
Net "Net_143" overuses wire "AGL[0]"
Net "Net_142" overuses wire "dsm0+ Wire"
Net "Net_1422" overuses wire "GPIO P3[3] Mux__8b"
Net "Net_1422" overuses wire "abuf3+ Wire"
Net "Net_1473" overuses wire "AGL[0]"
Net "Net_1391" overuses wire "GPIO P3[3] Mux__5b"
Net "Net_1391" overuses wire "abuf3+ Wire"
Net "Vcomun" overuses wire "AGL[7]"
Net "Net_142" overuses wire "AGL[1]"
Net "Net_1422" overuses wire "amuxbusR"
Net "Net_1379" overuses wire "amuxbusR"
Net "Net_1473" overuses wire "AGL[1]"
Net "Net_143" overuses wire "AGL[0]"
Net "Net_1422" overuses wire "AGR[7]"
Net "Net_1473" overuses wire "AGL[0]"
Net "Vcomun" overuses wire "AGR[7]"
Net "Vcomun" overuses wire "AGR[7]"
Net "Net_143" overuses wire "AGL[7]"
Net "Net_143" overuses wire "amuxbusL"
Net "Net_1124" overuses wire "amuxbusL"
Net "Net_1422" overuses wire "AGR[7]"
Net "Net_1419" overuses wire "abusR1"
Net "Vcomun" overuses wire "AGR[7]"
Net "Vcomun" overuses wire "AGL[7]"
Net "Vcomun" overuses wire "abusR1"
Net "Net_143" overuses wire "AGL[0]"
Net "Net_1422" overuses wire "amuxbusR"
Net "Net_1379" overuses wire "amuxbusR"
Net "Net_1473" overuses wire "AGL[0]"
Net "Net_143" overuses wire "AGL[5]"
Net "Net_143" overuses wire "amuxbusL"
Net "Net_1124" overuses wire "amuxbusL"
Net "Net_769" overuses wire "AGL[5]"
Net "Net_1422" overuses wire "AGR[7]"
Net "Vcomun" overuses wire "AGR[7]"
Net "Vcomun" overuses wire "AGR[7]"
Net "Net_143" overuses wire "AGL[0]"
Net "Net_1422" overuses wire "amuxbusR"
Net "Net_1379" overuses wire "amuxbusR"
Net "Net_1473" overuses wire "AGL[0]"
Net "Net_143" overuses wire "AGL[3]"
Net "Net_143" overuses wire "amuxbusL"
Net "Net_1124" overuses wire "amuxbusL"
Net "Net_1422" overuses wire "AGR[7]"
Net "Net_1379" overuses wire "AGL[3]"
Net "Vcomun" overuses wire "AGR[7]"
Net "Vcomun" overuses wire "AGR[7]"
Net "Net_143" overuses wire "AGL[0]"
Net "Net_1176" overuses wire "AGR[4]"
Net "Net_1379" overuses wire "AGR[4]"
Net "Net_1473" overuses wire "AGL[0]"
Net "Net_142" overuses wire "AGL[1]"
Net "Net_1176" overuses wire "AGR[4]"
Net "Net_1379" overuses wire "AGR[4]"
Net "Net_1473" overuses wire "AGL[1]"
Net "Net_142" overuses wire "AGL[1]"
Net "Net_1410" overuses wire "AGR[6]"
Net "Net_1379" overuses wire "AGR[6]"
Net "Net_1473" overuses wire "AGL[1]"
Net "Net_142" overuses wire "AGL[1]"
Net "Net_1176" overuses wire "AGR[4]"
Net "Net_1379" overuses wire "AGR[4]"
Net "Net_1473" overuses wire "AGL[1]"
Net "Net_142" overuses wire "amuxbusL"
Net "Net_1124" overuses wire "amuxbusL"
Net "Net_1176" overuses wire "AGR[4]"
Net "Net_1379" overuses wire "AGR[4]"
Net "Net_142" overuses wire "AGL[1]"
Net "Net_1410" overuses wire "AGR[6]"
Net "Net_1379" overuses wire "AGR[6]"
Net "Net_1473" overuses wire "AGL[1]"
Net "Net_143" overuses wire "abusL1"
Net "Net_1176" overuses wire "AGR[4]"
Net "Net_1379" overuses wire "AGR[4]"
Net "Net_1473" overuses wire "abusL1"
Net "Net_1473" overuses wire "v1 Wire"
Net "Net_1481" overuses wire "v1 Wire"
Net "Net_1176" overuses wire "amuxbusR"
Net "Net_1422" overuses wire "sc1 Vin Wire"
Net "Net_1422" overuses wire "amuxbusR"
Net "Net_1379" overuses wire "sc1 Vin Wire"
Net "Net_1411" overuses wire "AGL[2]"
Net "Net_1473" overuses wire "AGL[2]"
Net "Net_143" overuses wire "abusL3"
Net "Net_1410" overuses wire "AGR[6]"
Net "Net_1379" overuses wire "sc0 out Wire"
Net "Net_1379" overuses wire "abusL3"
Net "Net_1379" overuses wire "AGR[6]"
Net "Net_1473" overuses wire "sc0 out Wire"
Net "Net_1473" overuses wire "AGL[3]"
Net "Vcomun" overuses wire "AGL[3]"
Net "Net_143" overuses wire "AGL[0]"
Net "Net_1176" overuses wire "AGR[4]"
Net "Net_1379" overuses wire "AGR[4]"
Net "Net_1473" overuses wire "AGL[0]"
Net "Net_143" overuses wire "amuxbusL"
Net "Net_1124" overuses wire "amuxbusL"
Net "Net_1410" overuses wire "AGR[6]"
Net "Net_1379" overuses wire "AGR[6]"
Net "Net_1124" overuses wire "sc2 Vin Wire"
Net "Net_769" overuses wire "sc2 Vin Wire"
Net "Net_769" overuses wire "AGR[5]"
Net "Net_1410" overuses wire "sc1 out Wire"
Net "Net_1410" overuses wire "AGR[5]"
Net "Net_1410" overuses wire "abuf3- Wire"
Net "Net_1419" overuses wire "sc1 out Wire"
Net "Vcomun" overuses wire "abuf3- Wire"
Net "Net_1124" overuses wire "sc2 out Wire"
Net "Net_1124" overuses wire "AGL[6]"
Net "Net_1123" overuses wire "sc2 out Wire"
Net "Net_1410" overuses wire "AGL[6]"
Net "Net_1410" overuses wire "AGR[6]"
Net "Net_1379" overuses wire "AGR[6]"
Net "Net_1124" overuses wire "sc2 out Wire"
Net "Net_1123" overuses wire "sc2 out Wire"
Net "Net_769" overuses wire "AGR[5]"
Net "Net_1410" overuses wire "sc1 out Wire"
Net "Net_1410" overuses wire "AGR[5]"
Net "Net_1410" overuses wire "abuf3- Wire"
Net "Net_1419" overuses wire "sc1 out Wire"
Net "Vcomun" overuses wire "abuf3- Wire"
Net "Net_1124" overuses wire "sc3 out Wire"
Net "Net_1124" overuses wire "sc2 Vin Wire"
Net "Net_769" overuses wire "sc2 Vin Wire"
Net "Net_1410" overuses wire "sc3 out Wire"
Net "Net_1410" overuses wire "AGR[6]"
Net "Net_1379" overuses wire "AGR[6]"
Net "Net_1124" overuses wire "sc2 Vin Wire"
Net "Net_769" overuses wire "sc2 Vin Wire"
Net "Net_1410" overuses wire "amuxbusR"
Net "Net_1422" overuses wire "amuxbusR"
Net "Net_1124" overuses wire "sc2 Vin Wire"
Net "Net_1124" overuses wire "AGL[6]"
Net "Net_769" overuses wire "sc2 Vin Wire"
Net "Net_1410" overuses wire "AGL[6]"
Net "Net_1410" overuses wire "AGR[6]"
Net "Net_1379" overuses wire "AGR[6]"
Net "Net_142" overuses wire "dsm0+ Wire"
Net "Net_1124" overuses wire "dsm0+ Wire"
Net "Net_769" overuses wire "AGR[5]"
Net "Net_1410" overuses wire "sc1 out Wire"
Net "Net_1410" overuses wire "AGR[5]"
Net "Net_1410" overuses wire "abuf3- Wire"
Net "Net_1419" overuses wire "sc1 out Wire"
Net "Vcomun" overuses wire "abuf3- Wire"
Net "Net_1124" overuses wire "sc0 Vin Wire"
Net "Net_1410" overuses wire "sc0 Vin Wire"
Net "Net_1410" overuses wire "AGL[2]"
Net "Net_1410" overuses wire "AGR[2]"
Net "Net_1410" overuses wire "amuxbusR"
Net "Net_1422" overuses wire "amuxbusR"
Net "Net_1411" overuses wire "AGL[2]"
Net "Net_1441" overuses wire "AGR[2]"
Net "Net_1124" overuses wire "comp0- Wire"
Net "Net_1124" overuses wire "AGL[6]"
Net "Net_1410" overuses wire "AGL[6]"
Net "Net_1410" overuses wire "AGR[6]"
Net "Net_1379" overuses wire "comp0- Wire"
Net "Net_1379" overuses wire "AGR[6]"
Net "Net_1124" overuses wire "sc2 out Wire"
Net "Net_1123" overuses wire "sc2 out Wire"
Net "Net_769" overuses wire "AGL[5]"
Net "Net_769" overuses wire "AGL2AGR[5] Sw__0b"
Net "Net_769" overuses wire "AGR[5]"
Net "Net_1410" overuses wire "AGL[5]"
Net "Net_1410" overuses wire "AGL2AGR[5] Sw__0b"
Net "Net_1410" overuses wire "AGR[5]"
Net "Net_1410" overuses wire "abuf3- Wire"
Net "Vcomun" overuses wire "abuf3- Wire"
Net "Net_1124" overuses wire "sc3 out Wire"
Net "Net_1176" overuses wire "AGR[4]"
Net "Net_769" overuses wire "sc3 out Wire"
Net "Net_769" overuses wire "AGR[4]"
Net "Net_1410" overuses wire "abuf3- Wire"
Net "Vcomun" overuses wire "abuf3- Wire"
Net "Net_1384" overuses wire "abuf0+ Wire"
Net "Net_1124" overuses wire "GPIO P0[2] Mux__7b"
Net "Net_1124" overuses wire "abuf0+ Wire"
Net "Net_1124" overuses wire "GPIO P0[2] Mux__3b"
Net "Net_1410" overuses wire "sc1 out Wire"
Net "Net_1410" overuses wire "amuxbusR"
Net "Net_1422" overuses wire "amuxbusR"
Net "Net_1419" overuses wire "sc1 out Wire"
Net "Net_1397" overuses wire "abuf2+ Wire"
Net "Net_1124" overuses wire "GPIO P0[4] Mux__7b"
Net "Net_1124" overuses wire "abuf2+ Wire"
Net "Net_1124" overuses wire "GPIO P0[4] Mux__3b"
Net "Net_1124" overuses wire "AGL[6]"
Net "Net_1410" overuses wire "AGL[6]"
Net "Net_1410" overuses wire "AGR[6]"
Net "Net_1379" overuses wire "AGR[6]"
Net "Net_143" overuses wire "amuxbusL"
Net "Net_1124" overuses wire "amuxbusL"
Net "Net_1176" overuses wire "AGR[4]"
Net "Net_1379" overuses wire "AGR[4]"
Net "Net_143" overuses wire "AGL[0]"
Net "Net_1422" overuses wire "amuxbusR"
Net "Net_1379" overuses wire "amuxbusR"
Net "Net_1473" overuses wire "AGL[0]"
Net "Net_1422" overuses wire "abusR0"
Net "Net_1422" overuses wire "GPIO P3[3] Mux abusR0"
Net "Net_1422" overuses wire "GPIO P3[3] Mux__5b"
Net "Net_1422" overuses wire "abuf3+ Wire"
Net "Net_1391" overuses wire "abusR0"
Net "Net_1391" overuses wire "GPIO P3[3] Mux abusR0"
Net "Net_1391" overuses wire "GPIO P3[3] Mux__5b"
Net "Net_1391" overuses wire "abuf3+ Wire"
Net "Net_1422" overuses wire "AGR[7]"
Net "Vcomun" overuses wire "AGR[7]"
Net "Vcomun" overuses wire "AGR[7]"
Net "Net_143" overuses wire "abusL1"
Net "Net_1422" overuses wire "AGR[7]"
Net "Vcomun" overuses wire "AGR[7]"
Net "Vcomun" overuses wire "abusL1"
Net "Net_143" overuses wire "AGL[7]"
Net "Net_1422" overuses wire "abusR3"
Net "Net_1422" overuses wire "GPIO P3[3] Mux__8b"
Net "Net_1422" overuses wire "abuf3+ Wire"
Net "Net_1419" overuses wire "abusR3"
Net "Net_1391" overuses wire "GPIO P3[3] Mux__5b"
Net "Net_1391" overuses wire "abuf3+ Wire"
Net "Vcomun" overuses wire "AGL[7]"
Net "Net_1422" overuses wire "AGR[7]"
Net "Net_1379" overuses wire "AGL[3]"
Net "Net_1379" overuses wire "AGL2AGR[3] Sw__0b"
Net "Net_1379" overuses wire "AGR[3]"
Net "Vcomun" overuses wire "AGR[7]"
Net "Vcomun" overuses wire "AGL[3]"
Net "Vcomun" overuses wire "AGL2AGR[3] Sw__0b"
Net "Vcomun" overuses wire "AGR[3]"
Net "Net_1422" overuses wire "sc1 Vin Wire"
Net "Net_1422" overuses wire "GPIO P3[3] Mux__8b"
Net "Net_1422" overuses wire "abuf3+ Wire"
Net "Net_1379" overuses wire "sc1 Vin Wire"
Net "Net_1391" overuses wire "GPIO P3[3] Mux__5b"
Net "Net_1391" overuses wire "abuf3+ Wire"
Net "Net_1422" overuses wire "AGR[7]"
Net "Vcomun" overuses wire "AGR[7]"
Net "Vcomun" overuses wire "AGR[7]"
Net "Net_1422" overuses wire "amuxbusR"
Net "Net_1379" overuses wire "amuxbusR"
Net "Net_1422" overuses wire "AGR[7]"
Net "Vcomun" overuses wire "AGR[7]"
Net "Vcomun" overuses wire "AGR[7]"
Net "Net_1422" overuses wire "GPIO P3[3] Mux__8b"
Net "Net_1422" overuses wire "abuf3+ Wire"
Net "Net_1391" overuses wire "GPIO P3[3] Mux__5b"
Net "Net_1391" overuses wire "abuf3+ Wire"
Net "Net_1422" overuses wire "amuxbusR"
Net "Net_1379" overuses wire "amuxbusR"
Net "Net_1422" overuses wire "AGR[7]"
Net "Vcomun" overuses wire "AGR[7]"
Net "Vcomun" overuses wire "AGR[7]"
Net "Net_1422" overuses wire "amuxbusR"
Net "Net_1379" overuses wire "amuxbusR"
Net "Net_1422" overuses wire "AGR[7]"
Net "Vcomun" overuses wire "AGR[7]"
Net "Vcomun" overuses wire "AGR[7]"
Net "Net_1422" overuses wire "GPIO P3[3] Mux__8b"
Net "Net_1422" overuses wire "abuf3+ Wire"
Net "Net_1391" overuses wire "GPIO P3[3] Mux__5b"
Net "Net_1391" overuses wire "abuf3+ Wire"
Net "Net_1422" overuses wire "amuxbusR"
Net "Net_1379" overuses wire "amuxbusR"
Net "Net_1422" overuses wire "AGR[7]"
Net "Vcomun" overuses wire "AGR[7]"
Net "Vcomun" overuses wire "AGR[7]"
Net "Net_769" overuses wire "AGL[5]"
Net "Net_769" overuses wire "AGL2AGR[5] Sw__0b"
Net "Net_769" overuses wire "AGR[5]"
Net "Vcomun" overuses wire "AGR[5]"
Net "Vcomun" overuses wire "AGL2AGR[5] Sw__0b"
Net "Vcomun" overuses wire "AGL[5]"
Net "Vcomun" overuses wire "AGR[5]"
Net "Net_1124" overuses wire "sc3 out Wire"
Net "Net_1176" overuses wire "AGR[4]"
Net "Net_769" overuses wire "sc3 out Wire"
Net "Net_769" overuses wire "AGR[4]"
Net "Net_1124" overuses wire "abusR2"
Net "Net_1124" overuses wire "abusL2abusR[2]__0b"
Net "Net_1124" overuses wire "abusL2"
Net "Net_769" overuses wire "abusL2"
Net "Net_769" overuses wire "abusL2abusR[2]__0b"
Net "Net_769" overuses wire "abusR2"
Net "Net_769" overuses wire "AGR[5]"
Net "Vcomun" overuses wire "AGR[5]"
Net "Vcomun" overuses wire "AGR[5]"
Net "Net_1124" overuses wire "AGR[0]"
Net "Net_1124" overuses wire "cmp1_vref"
Net "Net_769" overuses wire "AGR[5]"
Net "Net_1473" overuses wire "cmp1_vref"
Net "Net_1481" overuses wire "AGR[0]"
Net "Vcomun" overuses wire "AGR[5]"
Net "Vcomun" overuses wire "AGR[5]"
Net "Net_1124" overuses wire "AGR[2]"
Net "Net_1124" overuses wire "AGL[2]"
Net "Net_1422" overuses wire "AGR[7]"
Net "Net_1411" overuses wire "AGL[2]"
Net "Net_1441" overuses wire "AGR[2]"
Net "Net_1473" overuses wire "v1 Wire"
Net "Net_1473" overuses wire "AGR[1]"
Net "Net_1481" overuses wire "v1 Wire"
Net "Vcomun" overuses wire "AGR[7]"
Net "Vcomun" overuses wire "AGR[1]"
Net "Net_142" overuses wire "AGL[1]"
Net "Net_1124" overuses wire "abusR0"
Net "Net_1124" overuses wire "abusL2abusR[0]__0b"
Net "Net_1124" overuses wire "abusL0"
Net "Net_1422" overuses wire "amuxbusR"
Net "Net_1379" overuses wire "amuxbusR"
Net "Net_1473" overuses wire "AGL[1]"
Net "Net_1391" overuses wire "abusL0"
Net "Net_1391" overuses wire "abusL2abusR[0]__0b"
Net "Net_1391" overuses wire "abusR0"
Net "Net_143" overuses wire "dsm0- Wire"
Net "Net_1124" overuses wire "AGR[0]"
Net "Net_1422" overuses wire "GPIO P3[3] Mux__8b"
Net "Net_1422" overuses wire "abuf3+ Wire"
Net "Net_1379" overuses wire "AGL[3]"
Net "Net_1473" overuses wire "dsm0- Wire"
Net "Net_1473" overuses wire "AGL[3]"
Net "Net_1481" overuses wire "AGR[0]"
Net "Net_1391" overuses wire "GPIO P3[3] Mux__5b"
Net "Net_1391" overuses wire "abuf3+ Wire"
Net "Net_1124" overuses wire "sc2 Vin Wire"
Net "Net_769" overuses wire "sc2 Vin Wire"
Net "Net_1422" overuses wire "AGR[7]"
Net "Net_1379" overuses wire "sc0 out Wire"
Net "Net_1473" overuses wire "sc0 out Wire"
Net "Vcomun" overuses wire "AGR[7]"
Net "Vcomun" overuses wire "AGR[7]"
Net "Net_143" overuses wire "dsm0- Wire"
Net "Net_1123" overuses wire "AGL[4]"
Net "Net_1176" overuses wire "AGR[4]"
Net "Net_1379" overuses wire "AGL[4]"
Net "Net_1379" overuses wire "AGR[4]"
Net "Net_1473" overuses wire "dsm0- Wire"
Net "Net_1123" overuses wire "AGL[4]"
Net "Net_1176" overuses wire "AGR[4]"
Net "Net_1379" overuses wire "AGL[4]"
Net "Net_1379" overuses wire "AGR[4]"
Net "Net_1176" overuses wire "AGR[4]"
Net "Net_1422" overuses wire "sc1 Vin Wire"
Net "Net_1379" overuses wire "sc1 Vin Wire"
Net "Net_1379" overuses wire "AGR[4]"
Net "Net_1410" overuses wire "AGR[6]"
Net "Net_1422" overuses wire "sc1 Vin Wire"
Net "Net_1379" overuses wire "sc1 Vin Wire"
Net "Net_1379" overuses wire "AGR[6]"
Net "Net_1123" overuses wire "AGL[4]"
Net "Net_1176" overuses wire "AGR[4]"
Net "Net_1379" overuses wire "AGL[4]"
Net "Net_1379" overuses wire "AGR[4]"
Net "Net_1124" overuses wire "comp1- Wire"
Net "Net_1410" overuses wire "AGR[6]"
Net "Net_1379" overuses wire "abusL3"
Net "Net_1379" overuses wire "comp1- Wire"
Net "Net_1379" overuses wire "AGR[6]"
Net "Net_1473" overuses wire "abusL3"
Net "Net_1123" overuses wire "AGL[4]"
Net "Net_1176" overuses wire "AGR[4]"
Net "Net_1379" overuses wire "sc0 out Wire"
Net "Net_1379" overuses wire "AGL[4]"
Net "Net_1379" overuses wire "AGR[4]"
Net "Net_1473" overuses wire "sc0 out Wire"
Net "Net_143" overuses wire "dsm0- Wire"
Net "Net_1410" overuses wire "AGR[6]"
Net "Net_1422" overuses wire "sc1 Vin Wire"
Net "Net_1379" overuses wire "sc1 Vin Wire"
Net "Net_1379" overuses wire "AGR[6]"
Net "Net_1473" overuses wire "dsm0- Wire"
Net "Net_142" overuses wire "AGL[1]"
Net "Net_1176" overuses wire "sc3 Vin Wire"
Net "Net_1410" overuses wire "AGR[6]"
Net "Net_1379" overuses wire "sc3 Vin Wire"
Net "Net_1379" overuses wire "AGR[6]"
Net "Net_1473" overuses wire "AGL[1]"
Net "Net_142" overuses wire "amuxbusL"
Net "Net_1124" overuses wire "amuxbusL"
Net "Net_1422" overuses wire "amuxbusR"
Net "Net_1379" overuses wire "amuxbusR"
Net "Net_142" overuses wire "AGL[1]"
Net "Net_1422" overuses wire "AGR[7]"
Net "Net_1473" overuses wire "AGL[1]"
Net "Vcomun" overuses wire "AGR[7]"
Net "Vcomun" overuses wire "AGR[7]"
Net "Net_143" overuses wire "AGL[0]"
Net "Net_1422" overuses wire "amuxbusR"
Net "Net_1379" overuses wire "amuxbusR"
Net "Net_1473" overuses wire "AGL[0]"
Net "Net_143" overuses wire "amuxbusL"
Net "Net_1124" overuses wire "amuxbusL"
Net "Net_1422" overuses wire "GPIO P3[3] Mux__8b"
Net "Net_1422" overuses wire "abuf3+ Wire"
Net "Net_1391" overuses wire "GPIO P3[3] Mux__5b"
Net "Net_1391" overuses wire "abuf3+ Wire"
Net "Net_143" overuses wire "AGL[0]"
Net "Net_1422" overuses wire "AGR[7]"
Net "Net_1473" overuses wire "AGL[0]"
Net "Vcomun" overuses wire "AGR[7]"
Net "Vcomun" overuses wire "AGR[7]"
Net "Net_143" overuses wire "amuxbusL"
Net "Net_1124" overuses wire "amuxbusL"
Net "Net_1422" overuses wire "amuxbusR"
Net "Net_1379" overuses wire "amuxbusR"
Net "Net_1419" overuses wire "abusR1"
Net "Vcomun" overuses wire "abusR1"
Net "Net_143" overuses wire "AGL[0]"
Net "Net_769" overuses wire "AGR[5]"
Net "Net_1473" overuses wire "AGL[0]"
Net "Vcomun" overuses wire "AGR[5]"
Net "Net_143" overuses wire "amuxbusL"
Net "Net_1124" overuses wire "amuxbusL"
Net "Net_769" overuses wire "AGR[5]"
Net "Vcomun" overuses wire "AGR[5]"
Net "Net_1124" overuses wire "AGL[6]"
Net "Net_769" overuses wire "AGR[5]"
Net "Net_1410" overuses wire "AGL[6]"
Net "Vcomun" overuses wire "AGR[5]"
Net "Net_1124" overuses wire "AGL[6]"
Net "Net_769" overuses wire "AGR[5]"
Net "Net_1410" overuses wire "AGL[6]"
Net "Vcomun" overuses wire "AGR[5]"
Net "Net_1124" overuses wire "comp1- Wire"
Net "Net_1124" overuses wire "CMP1 Vref Mux alt__0b"
Net "Net_1124" overuses wire "cmp1_vref"
Net "Net_769" overuses wire "AGR[5]"
Net "Net_1410" overuses wire "cmp1_vref"
Net "Net_1410" overuses wire "CMP1 Vref Mux alt__0b"
Net "Net_1410" overuses wire "comp1- Wire"
Net "Vcomun" overuses wire "AGR[5]"
Net "Net_1124" overuses wire "sc3 Vin Wire"
Net "Net_1124" overuses wire "sc2 out Wire"
Net "Net_1123" overuses wire "sc2 out Wire"
Net "Net_1176" overuses wire "sc3 Vin Wire"
Net "Net_769" overuses wire "AGR[5]"
Net "Vcomun" overuses wire "AGR[5]"
Net "Net_1124" overuses wire "sc2 Vin Wire"
Net "Net_769" overuses wire "sc2 Vin Wire"
Net "Net_769" overuses wire "AGR[5]"
Net "Vcomun" overuses wire "AGR[5]"
Net "Net_1124" overuses wire "sc3 out Wire"
Net "Net_1124" overuses wire "sc2vin2sc3out Sw__0b"
Net "Net_1124" overuses wire "sc2 Vin Wire"
Net "Net_1176" overuses wire "AGR[4]"
Net "Net_769" overuses wire "sc2 Vin Wire"
Net "Net_769" overuses wire "sc2vin2sc3out Sw__0b"
Net "Net_769" overuses wire "sc3 out Wire"
Net "Net_769" overuses wire "AGR[4]"
Net "Net_1124" overuses wire "sc3 out Wire"
Net "Net_1176" overuses wire "AGR[4]"
Net "Net_769" overuses wire "sc3 out Wire"
Net "Net_769" overuses wire "AGR[4]"
Net "Net_769" overuses wire "AGL[5]"
Net "Net_769" overuses wire "AGL2AGR[5] Sw__0b"
Net "Net_769" overuses wire "AGR[5]"
Net "Vcomun" overuses wire "AGR[5]"
Net "Vcomun" overuses wire "AGL2AGR[5] Sw__0b"
Net "Vcomun" overuses wire "AGL[5]"
Net "Net_1124" overuses wire "sc3 out Wire"
Net "Net_1176" overuses wire "AGR[4]"
Net "Net_769" overuses wire "sc3 out Wire"
Net "Net_769" overuses wire "AGR[4]"
Net "Net_1123" overuses wire "AGL[4]"
Net "Net_1176" overuses wire "AGR[4]"
Net "Net_769" overuses wire "AGL[4]"
Net "Net_769" overuses wire "AGR[4]"
Net "Net_769" overuses wire "AGL[5]"
Net "Net_769" overuses wire "AGL2AGR[5] Sw__0b"
Net "Net_769" overuses wire "AGR[5]"
Net "Vcomun" overuses wire "AGR[5]"
Net "Vcomun" overuses wire "AGL2AGR[5] Sw__0b"
Net "Vcomun" overuses wire "AGL[5]"
Net "Net_1124" overuses wire "sc3 out Wire"
Net "Net_1176" overuses wire "AGR[4]"
Net "Net_769" overuses wire "sc3 out Wire"
Net "Net_769" overuses wire "AGR[4]"
Net "Net_1123" overuses wire "AGL[4]"
Net "Net_769" overuses wire "AGL[4]"
Net "Net_1410" overuses wire "AGR[6]"
Net "Net_1379" overuses wire "AGR[6]"
Net "Net_1124" overuses wire "sc3 out Wire"
Net "Net_1176" overuses wire "amuxbusR"
Net "Net_769" overuses wire "sc3 out Wire"
Net "Net_1379" overuses wire "amuxbusR"
Net "Net_1123" overuses wire "AGL[4]"
Net "Net_769" overuses wire "AGL[4]"
Net "Net_1410" overuses wire "AGR[6]"
Net "Net_1379" overuses wire "AGR[6]"
Net "Net_1124" overuses wire "sc3 out Wire"
Net "Net_1176" overuses wire "amuxbusR"
Net "Net_769" overuses wire "sc3 out Wire"
Net "Net_1379" overuses wire "amuxbusR"
Net "Net_769" overuses wire "AGL[2]"
Net "Net_769" overuses wire "AGR[5]"
Net "Net_1411" overuses wire "AGL[2]"
Net "Vcomun" overuses wire "AGR[5]"
Net "Net_143" overuses wire "AGL[7]"
Net "Net_1124" overuses wire "abusR2"
Net "Net_1124" overuses wire "abusL2abusR[2]__0b"
Net "Net_1124" overuses wire "abusL2"
Net "Net_769" overuses wire "abusL2"
Net "Net_769" overuses wire "abusL2abusR[2]__0b"
Net "Net_769" overuses wire "abusR2"
Net "Net_1422" overuses wire "AGR[7]"
Net "Vcomun" overuses wire "AGR[7]"
Net "Vcomun" overuses wire "AGL[7]"
Net "Net_1124" overuses wire "AGL[2]"
Net "Net_1422" overuses wire "AGR[7]"
Net "Net_1411" overuses wire "AGL[2]"
Net "Vcomun" overuses wire "AGR[7]"
Net "Net_1124" overuses wire "sc3 Vin Wire"
Net "Net_1124" overuses wire "sc2 out Wire"
Net "Net_1123" overuses wire "sc2 out Wire"
Net "Net_1176" overuses wire "sc3 Vin Wire"
Net "Net_1422" overuses wire "AGR[7]"
Net "Vcomun" overuses wire "AGR[7]"
Net "Net_1124" overuses wire "sc2 Vin Wire"
Net "Net_769" overuses wire "sc2 Vin Wire"
Net "Net_1422" overuses wire "amuxbusR"
Net "Net_1379" overuses wire "amuxbusR"
Net "Net_1124" overuses wire "AGL[2]"
Net "Net_1422" overuses wire "abusR3"
Net "Net_1422" overuses wire "GPIO P3[3] Mux__8b"
Net "Net_1422" overuses wire "abuf3+ Wire"
Net "Net_1419" overuses wire "abusR3"
Net "Net_1411" overuses wire "AGL[2]"
Net "Net_1391" overuses wire "GPIO P3[3] Mux__5b"
Net "Net_1391" overuses wire "abuf3+ Wire"
Net "Net_1124" overuses wire "abusR2"
Net "Net_1124" overuses wire "cmp1_vref"
Net "Net_769" overuses wire "abusR2"
Net "Net_1410" overuses wire "cmp1_vref"
Net "Net_1422" overuses wire "AGR[7]"
Net "Vcomun" overuses wire "AGR[7]"
Net "Net_1124" overuses wire "AGL[2]"
Net "Net_1422" overuses wire "amuxbusR"
Net "Net_1379" overuses wire "amuxbusR"
Net "Net_1411" overuses wire "AGL[2]"
Net "Net_1124" overuses wire "sc2 Vin Wire"
Net "Net_769" overuses wire "sc2 Vin Wire"
Net "Net_1422" overuses wire "AGR[7]"
Net "Vcomun" overuses wire "AGR[7]"
Net "Net_1124" overuses wire "sc3 Vin Wire"
Net "Net_1124" overuses wire "sc2 out Wire"
Net "Net_1123" overuses wire "sc2 out Wire"
Net "Net_1176" overuses wire "sc3 Vin Wire"
Net "Net_1422" overuses wire "amuxbusR"
Net "Net_1379" overuses wire "amuxbusR"
Net "Net_1124" overuses wire "abusR0"
Net "Net_1124" overuses wire "abusL2abusR[0]__0b"
Net "Net_1124" overuses wire "abusL0"
Net "Net_1422" overuses wire "abusR3"
Net "Net_1422" overuses wire "GPIO P3[3] Mux__8b"
Net "Net_1422" overuses wire "abuf3+ Wire"
Net "Net_1419" overuses wire "abusR3"
Net "Net_1391" overuses wire "abusL0"
Net "Net_1391" overuses wire "abusL2abusR[0]__0b"
Net "Net_1391" overuses wire "abusR0"
Net "Net_1391" overuses wire "GPIO P3[3] Mux__5b"
Net "Net_1391" overuses wire "abuf3+ Wire"
Net "Net_1124" overuses wire "AGL[2]"
Net "Net_1422" overuses wire "AGR[7]"
Net "Net_1411" overuses wire "AGL[2]"
Net "Vcomun" overuses wire "AGR[7]"
Net "Net_1124" overuses wire "sc2 Vin Wire"
Net "Net_769" overuses wire "sc2 Vin Wire"
Net "Net_1422" overuses wire "amuxbusR"
Net "Net_1379" overuses wire "amuxbusR"
Net "Net_1124" overuses wire "comp1- Wire"
Net "Net_1124" overuses wire "CMP1 Vref Mux alt__0b"
Net "Net_1124" overuses wire "cmp1_vref"
Net "Net_1410" overuses wire "cmp1_vref"
Net "Net_1410" overuses wire "CMP1 Vref Mux alt__0b"
Net "Net_1410" overuses wire "comp1- Wire"
Net "Net_1422" overuses wire "AGR[7]"
Net "Vcomun" overuses wire "AGR[7]"
Net "Net_1124" overuses wire "AGL[2]"
Net "Net_1124" overuses wire "AGL[6]"
Net "Net_1410" overuses wire "AGL[6]"
Net "Net_1422" overuses wire "amuxbusR"
Net "Net_1379" overuses wire "amuxbusR"
Net "Net_1411" overuses wire "AGL[2]"
Net "Net_1124" overuses wire "AGL[6]"
Net "Net_1410" overuses wire "AGL[6]"
Net "Net_1422" overuses wire "AGR[7]"
Net "Vcomun" overuses wire "AGR[7]"
Net "Net_1410" overuses wire "sc1 out Wire"
Net "Net_1410" overuses wire "AGR[1]"
Net "Net_1422" overuses wire "amuxbusR"
Net "Net_1379" overuses wire "amuxbusR"
Net "Net_1419" overuses wire "sc1 out Wire"
Net "Net_1481" overuses wire "AGR[1]"
Net "Net_1410" overuses wire "sc1 out Wire"
Net "Net_1410" overuses wire "AGR[3]"
Net "Net_1422" overuses wire "AGR[7]"
Net "Net_1379" overuses wire "AGR[3]"
Net "Net_1419" overuses wire "sc1 out Wire"
Net "Vcomun" overuses wire "AGR[7]"
Net "Net_1124" overuses wire "AGL[6]"
Net "Net_1410" overuses wire "AGL[6]"
Net "Net_1410" overuses wire "AGR[6]"
Net "Net_1379" overuses wire "AGR[6]"
Net "Net_1124" overuses wire "AGL[6]"
Net "Net_1410" overuses wire "AGL[6]"
Net "Net_1410" overuses wire "AGR[6]"
Net "Net_1379" overuses wire "AGR[6]"
Net "Net_1176" overuses wire "AGR[4]"
Net "Net_1410" overuses wire "sc1 out Wire"
Net "Net_1410" overuses wire "AGR[1]"
Net "Net_1379" overuses wire "AGR[4]"
Net "Net_1419" overuses wire "sc1 out Wire"
Net "Net_1481" overuses wire "AGR[1]"
Net "Net_1410" overuses wire "GPIO P3[5] Mux__8b"
Net "Net_1410" overuses wire "abuf1+ Wire"
Net "Net_1410" overuses wire "GPIO P3[5] Mux__3b"
Net "Net_1410" overuses wire "AGR[6]"
Net "Net_1379" overuses wire "AGR[6]"
Net "Net_1419" overuses wire "abusR1"
Net "Net_1419" overuses wire "GPIO P3[5] Mux__6b"
Net "Net_1419" overuses wire "abuf1+ Wire"
Net "Vcomun" overuses wire "abusR1"
Net "Net_1124" overuses wire "comp1- Wire"
Net "Net_1176" overuses wire "AGR[4]"
Net "Net_1410" overuses wire "comp1- Wire"
Net "Net_1379" overuses wire "AGR[4]"
Net "Net_1419" overuses wire "abusR1"
Net "Vcomun" overuses wire "abusR1"
Net "Net_1124" overuses wire "abusR2"
Net "Net_769" overuses wire "abusR2"
Net "Net_1410" overuses wire "abusR3"
Net "Net_1410" overuses wire "AGR[6]"
Net "Net_1379" overuses wire "AGR[6]"
Net "Net_1419" overuses wire "abusR3"
Net "Net_143" overuses wire "AGL[5]"
Net "Net_1124" overuses wire "cmp1_vref"
Net "Net_1176" overuses wire "AGR[4]"
Net "Net_769" overuses wire "AGL[5]"
Net "Net_1410" overuses wire "cmp1_vref"
Net "Net_1379" overuses wire "AGR[4]"
Net "Net_143" overuses wire "AGL[7]"
Net "Net_1410" overuses wire "AGR[6]"
Net "Net_1379" overuses wire "AGR[6]"
Net "Vcomun" overuses wire "AGL[7]"
Net "Net_1176" overuses wire "AGR[4]"
Net "Net_1422" overuses wire "sc1 Vin Wire"
Net "Net_1379" overuses wire "sc1 Vin Wire"
Net "Net_1379" overuses wire "AGR[4]"
Net "Net_143" overuses wire "AGL[3]"
Net "Net_1410" overuses wire "AGR[6]"
Net "Net_1379" overuses wire "AGL[3]"
Net "Net_1379" overuses wire "AGR[6]"
Net "Net_143" overuses wire "abusL1"
Net "Net_1176" overuses wire "AGR[4]"
Net "Net_1379" overuses wire "AGR[4]"
Net "Vcomun" overuses wire "abusL1"
Net "Net_143" overuses wire "AGL[7]"
Net "Net_1410" overuses wire "AGR[6]"
Net "Net_1379" overuses wire "AGR[6]"
Net "Vcomun" overuses wire "AGL[7]"
Net "Net_143" overuses wire "v0 Wire"
Net "Net_769" overuses wire "AGR[5]"
Net "Net_1410" overuses wire "sc1 out Wire"
Net "Net_1410" overuses wire "AGR[5]"
Net "Net_1410" overuses wire "abuf3- Wire"
Net "Net_1419" overuses wire "sc1 out Wire"
Net "Net_1473" overuses wire "v0 Wire"
Net "Vcomun" overuses wire "abuf3- Wire"
Net "Net_1410" overuses wire "abusL0"
Net "Net_1410" overuses wire "vref6 to abusL0__0b"
Net "Net_1410" overuses wire "vref6"
Net "Net_1410" overuses wire "AGR[6]"
Net "Net_1379" overuses wire "AGR[6]"
Net "Net_1391" overuses wire "vref6"
Net "Net_1391" overuses wire "vref6 to abusL0__0b"
Net "Net_1391" overuses wire "abusL0"
Net "Net_1124" overuses wire "AGL[6]"
Net "Net_1410" overuses wire "AGL[6]"
Net "Net_1422" overuses wire "amuxbusR"
Net "Net_1379" overuses wire "amuxbusR"
Net "Net_143" overuses wire "amuxbusL"
Net "Net_1124" overuses wire "amuxbusL"
Net "Net_1176" overuses wire "AGR[4]"
Net "Net_1379" overuses wire "AGR[4]"
Net "Net_143" overuses wire "AGL[0]"
Net "Net_1176" overuses wire "AGR[4]"
Net "Net_1379" overuses wire "AGR[4]"
Net "Net_1473" overuses wire "AGL[0]"
Net "Net_142" overuses wire "AGL[1]"
Net "Net_1422" overuses wire "amuxbusR"
Net "Net_1379" overuses wire "amuxbusR"
Net "Net_1473" overuses wire "AGL[1]"
Net "Net_142" overuses wire "AGL[1]"
Net "Net_1422" overuses wire "AGR[7]"
Net "Net_1473" overuses wire "AGL[1]"
Net "Vcomun" overuses wire "AGR[7]"
Net "Net_142" overuses wire "AGL[1]"
Net "Net_1124" overuses wire "abusR2"
Net "Net_1422" overuses wire "abusR2"
Net "Net_1422" overuses wire "GPIO P3[3] Mux__7b"
Net "Net_1422" overuses wire "abuf3+ Wire"
Net "Net_1473" overuses wire "AGL[1]"
Net "Net_1391" overuses wire "GPIO P3[3] Mux__5b"
Net "Net_1391" overuses wire "abuf3+ Wire"
Net "Net_143" overuses wire "AGL[0]"
Net "Net_1422" overuses wire "GPIO P3[3] Mux__7b"
Net "Net_1422" overuses wire "abuf3+ Wire"
Net "Net_1473" overuses wire "AGL[0]"
Net "Net_1391" overuses wire "GPIO P3[3] Mux__5b"
Net "Net_1391" overuses wire "abuf3+ Wire"
Net "Net_142" overuses wire "AGL[1]"
Net "Net_1422" overuses wire "amuxbusR"
Net "Net_1379" overuses wire "amuxbusR"
Net "Net_1473" overuses wire "AGL[1]"
Net "Net_143" overuses wire "AGL[0]"
Net "Net_1422" overuses wire "AGR[7]"
Net "Net_1473" overuses wire "AGL[0]"
Net "Vcomun" overuses wire "AGR[7]"
Net "Net_143" overuses wire "amuxbusL"
Net "Net_1124" overuses wire "amuxbusL"
Net "Net_1422" overuses wire "GPIO P3[3] Mux__7b"
Net "Net_1422" overuses wire "abuf3+ Wire"
Net "Net_1391" overuses wire "GPIO P3[3] Mux__5b"
Net "Net_1391" overuses wire "abuf3+ Wire"
Net "Net_143" overuses wire "AGL[0]"
Net "Net_1422" overuses wire "AGR[7]"
Net "Net_1473" overuses wire "AGL[0]"
Net "Vcomun" overuses wire "AGR[7]"
Net "Net_142" overuses wire "AGL[1]"
Net "Net_1422" overuses wire "amuxbusR"
Net "Net_1379" overuses wire "amuxbusR"
Net "Net_1473" overuses wire "AGL[1]"
Net "Net_143" overuses wire "abusL3"
Net "Net_1124" overuses wire "comp2- Wire"
Net "Net_1410" overuses wire "AGR[6]"
Net "Net_1379" overuses wire "AGL[3]"
Net "Net_1379" overuses wire "AGR[6]"
Net "Net_1473" overuses wire "abusL3"
Net "Net_1473" overuses wire "comp2- Wire"
Net "Net_1473" overuses wire "AGL[3]"
Net "Net_143" overuses wire "abusL1"
Net "Net_1410" overuses wire "AGR[6]"
Net "Net_1422" overuses wire "sc1 Vin Wire"
Net "Net_1379" overuses wire "sc1 Vin Wire"
Net "Net_1379" overuses wire "AGR[6]"
Net "Vcomun" overuses wire "abusL1"
Net "Net_143" overuses wire "abusL3"
Net "Net_1176" overuses wire "AGR[4]"
Net "Net_1422" overuses wire "sc1 Vin Wire"
Net "Net_1379" overuses wire "sc1 Vin Wire"
Net "Net_1379" overuses wire "AGR[4]"
Net "Net_1473" overuses wire "abusL3"
Log: apr.M0019: The analog placement iterative improvement phase is beginning. (App=cydsfit)
Log: apr.M0058: The analog placement iterative improvement is 5% done. (App=cydsfit)
Log: apr.M0058: The analog placement iterative improvement is 10% done. (App=cydsfit)
Log: apr.M0058: The analog placement iterative improvement is 16% done. (App=cydsfit)
Log: apr.M0058: The analog placement iterative improvement is 21% done. (App=cydsfit)
Log: apr.M0058: The analog placement iterative improvement is 26% done. (App=cydsfit)
Log: apr.M0058: The analog placement iterative improvement is 32% done. (App=cydsfit)
Log: apr.M0058: The analog placement iterative improvement is 37% done. (App=cydsfit)
Log: apr.M0058: The analog placement iterative improvement is 42% done. (App=cydsfit)
Log: apr.M0058: The analog placement iterative improvement is 48% done. (App=cydsfit)
Log: apr.M0058: The analog placement iterative improvement is 53% done. (App=cydsfit)
Log: apr.M0058: The analog placement iterative improvement is 59% done. (App=cydsfit)
Log: apr.M0058: The analog placement iterative improvement is 64% done. (App=cydsfit)
Log: apr.M0058: The analog placement iterative improvement is 69% done. (App=cydsfit)
Log: apr.M0058: The analog placement iterative improvement is 75% done. (App=cydsfit)
Log: apr.M0058: The analog placement iterative improvement is 80% done. (App=cydsfit)
Log: apr.M0058: The analog placement iterative improvement is 85% done. (App=cydsfit)
Log: apr.M0058: The analog placement iterative improvement is 91% done. (App=cydsfit)
Log: apr.M0058: The analog placement iterative improvement is 96% done. (App=cydsfit)
Analog Placement Results:
IO_4@[IOP=(15)][IoId=(4)] : ADC_n(0) (fixed)
IO_5@[IOP=(15)][IoId=(5)] : ADC_p(0) (fixed)
IO_3@[IOP=(0)][IoId=(3)] : BPin_n(0) (fixed)
IO_5@[IOP=(0)][IoId=(5)] : BPin_p(0) (fixed)
IO_1@[IOP=(0)][IoId=(1)] : BPout_n(0) (fixed)
IO_0@[IOP=(0)][IoId=(0)] : BPout_p(0) (fixed)
IO_2@[IOP=(0)][IoId=(2)] : BPref_n(0) (fixed)
IO_4@[IOP=(0)][IoId=(4)] : BPref_p(0) (fixed)
IO_6@[IOP=(0)][IoId=(6)] : FDA_n(0) (fixed)
IO_7@[IOP=(0)][IoId=(7)] : FDA_p(0) (fixed)
IO_0@[IOP=(3)][IoId=(0)] : In_n(0) (fixed)
IO_1@[IOP=(3)][IoId=(1)] : In_p(0) (fixed)
IO_2@[IOP=(3)][IoId=(2)] : LPin_n(0) (fixed)
IO_3@[IOP=(3)][IoId=(3)] : LPin_p(0) (fixed)
IO_4@[IOP=(3)][IoId=(4)] : LPout_n(0) (fixed)
IO_5@[IOP=(3)][IoId=(5)] : LPout_p(0) (fixed)
IO_6@[IOP=(12)][IoId=(6)] : Rx_1(0) (fixed)
IO_7@[IOP=(12)][IoId=(7)] : Tx_1(0) (fixed)
IO_7@[IOP=(3)][IoId=(7)] : refIn(0) (fixed)
OpAmp[3]@[FFB(OpAmp,3)] : \Opa_ref:ABuf\ (fixed)
OpAmp[2]@[FFB(OpAmp,2)] : \OpaBP_p:ABuf\ (fixed)
OpAmp[0]@[FFB(OpAmp,0)] : \OpaBP_n:ABuf\ (fixed)
DSM[0]@[FFB(DSM,0)] : \ADC_DelSig:DSM\ (fixed)
SC[3]@[FFB(SC,3)] : \PGA_n:SC\ (fixed)
SC[2]@[FFB(SC,2)] : \PGA_p:SC\ (fixed)
SC[0]@[FFB(SC,0)] : \TIA_n:SC\ (fixed)
SC[1]@[FFB(SC,1)] : \TIA_p:SC\ (fixed)
VIDAC[0]@[FFB(VIDAC,0)] : \VDAC_n:viDAC8\ (fixed)
VIDAC[1]@[FFB(VIDAC,1)] : \VDAC_p:viDAC8\ (fixed)
Vref[1]@[FFB(Vref,1)] : vRef_1 (fixed)
IO_1@[IOP=(2)][IoId=(1)] : TIAref_n(0)
IO_0@[IOP=(2)][IoId=(0)] : TIAref_p(0)
IO_2@[IOP=(2)][IoId=(2)] : LPref_n(0)
IO_6@[IOP=(1)][IoId=(6)] : LPref_p(0)

Net "Net_1124" overuses wire "sc3 out Wire"
Net "Net_1124" overuses wire "AGR[6]"
Net "Net_1124" overuses wire "AGL2AGR[6] Sw__0b"
Net "Net_1124" overuses wire "AGL[6]"
Net "Net_1176" overuses wire "AGR[4]"
Net "Net_769" overuses wire "sc3 out Wire"
Net "Net_769" overuses wire "AGR[4]"
Net "Net_1410" overuses wire "AGL[6]"
Net "Net_1410" overuses wire "AGL2AGR[6] Sw__0b"
Net "Net_1410" overuses wire "AGR[6]"
Net "Net_1422" overuses wire "sc1 Vin Wire"
Net "Net_1422" overuses wire "AGR[7]"
Net "Net_1379" overuses wire "sc1 Vin Wire"
Net "Net_1379" overuses wire "AGR[4]"
Net "Vcomun" overuses wire "AGR[7]"
Net "Vcomun" overuses wire "AGR[7]"
Net "Net_143" overuses wire "AGL[5]"
Net "Net_1124" overuses wire "sc2 Vin Wire"
Net "Net_1124" overuses wire "AGL[6]"
Net "Net_769" overuses wire "sc2 Vin Wire"
Net "Net_769" overuses wire "AGL[5]"
Net "Net_769" overuses wire "AGR[5]"
Net "Net_1410" overuses wire "AGL[6]"
Net "Net_1422" overuses wire "sc1 Vin Wire"
Net "Net_1422" overuses wire "AGR[7]"
Net "Net_1379" overuses wire "sc1 Vin Wire"
Net "Net_1419" overuses wire "AGR[5]"
Net "Vcomun" overuses wire "AGR[7]"
Net "Vcomun" overuses wire "AGR[7]"
Net "Net_142" overuses wire "dsm0+ Wire"
Net "Net_1124" overuses wire "sc2 Vin Wire"
Net "Net_1124" overuses wire "AGL[6]"
Net "Net_1123" overuses wire "AGL[4]"
Net "Net_769" overuses wire "sc2 Vin Wire"
Net "Net_769" overuses wire "AGR[5]"
Net "Net_1410" overuses wire "AGL[6]"
Net "Net_1422" overuses wire "AGR[7]"
Net "Net_1379" overuses wire "AGL[7]"
Net "Net_1379" overuses wire "dsm0+ Wire"
Net "Net_1379" overuses wire "AGL[4]"
Net "Net_1419" overuses wire "AGR[5]"
Net "Vcomun" overuses wire "AGR[7]"
Net "Vcomun" overuses wire "AGL[7]"
Net "Vcomun" overuses wire "AGR[7]"
Net "Net_1124" overuses wire "AGR[6]"
Net "Net_1176" overuses wire "amuxbusR"
Net "Net_769" overuses wire "AGR[5]"
Net "Net_1410" overuses wire "sc1 out Wire"
Net "Net_1410" overuses wire "AGR[6]"
Net "Net_1422" overuses wire "sc1 Vin Wire"
Net "Net_1422" overuses wire "amuxbusR"
Net "Net_1379" overuses wire "sc1 Vin Wire"
Net "Net_1419" overuses wire "sc1 out Wire"
Net "Net_1419" overuses wire "AGR[5]"
Net "Net_1124" overuses wire "AGR[6]"
Net "Net_1176" overuses wire "AGR[4]"
Net "Net_769" overuses wire "AGR[5]"
Net "Net_1410" overuses wire "sc1 out Wire"
Net "Net_1410" overuses wire "AGR[6]"
Net "Net_1422" overuses wire "sc1 Vin Wire"
Net "Net_1379" overuses wire "sc1 Vin Wire"
Net "Net_1379" overuses wire "AGR[4]"
Net "Net_1419" overuses wire "sc1 out Wire"
Net "Net_1419" overuses wire "AGR[5]"
Net "Net_1124" overuses wire "sc2 Vin Wire"
Net "Net_1124" overuses wire "AGL[6]"
Net "Net_1123" overuses wire "AGL[4]"
Net "Net_1176" overuses wire "AGR[4]"
Net "Net_769" overuses wire "sc2 Vin Wire"
Net "Net_769" overuses wire "AGL[5]"
Net "Net_1410" overuses wire "AGL[6]"
Net "Net_1379" overuses wire "AGL[5]"
Net "Net_1379" overuses wire "SIO Ref[1] Sw__1b"
Net "Net_1379" overuses wire "SIO Ref[1] Sw__0b"
Net "Net_1379" overuses wire "AGL[4]"
Net "Net_1379" overuses wire "AGR[4]"
Net "Net_143" overuses wire "amuxbusL"
Net "Net_1124" overuses wire "AGL[0]"
Net "Net_1124" overuses wire "amuxbusL"
Net "Net_1176" overuses wire "amuxbusR"
Net "Net_1422" overuses wire "sc1 Vin Wire"
Net "Net_1422" overuses wire "amuxbusR"
Net "Net_1379" overuses wire "sc1 Vin Wire"
Net "Net_1473" overuses wire "AGL[0]"
Net "Net_143" overuses wire "AGL[3]"
Net "Net_143" overuses wire "amuxbusL"
Net "Net_1124" overuses wire "amuxbusL"
Net "Net_1422" overuses wire "amuxbusR"
Net "Net_1379" overuses wire "AGL[3]"
Net "Net_1379" overuses wire "amuxbusR"
Net "Net_143" overuses wire "AGL[1]"
Net "Net_143" overuses wire "SIO Ref[2] Sw__1b"
Net "Net_143" overuses wire "SIO Ref[2] Sw__0b"
Net "Net_143" overuses wire "AGL[0]"
Net "Net_142" overuses wire "AGL[1]"
Net "Net_1422" overuses wire "AGR[7]"
Net "Net_1473" overuses wire "AGL[0]"
Net "Vcomun" overuses wire "AGR[7]"
Net "Vcomun" overuses wire "AGR[7]"
Net "Net_143" overuses wire "v0 Wire"
Net "Net_142" overuses wire "AGL[1]"
Net "Net_1422" overuses wire "AGR[7]"
Net "Net_1473" overuses wire "v0 Wire"
Net "Net_1473" overuses wire "AGL[1]"
Net "Vcomun" overuses wire "AGR[7]"
Net "Vcomun" overuses wire "AGR[7]"
Net "Net_143" overuses wire "v0 Wire"
Net "Net_142" overuses wire "AGL[1]"
Net "Net_1422" overuses wire "AGR[7]"
Net "Net_1473" overuses wire "v0 Wire"
Net "Net_1473" overuses wire "AGL[1]"
Net "Vcomun" overuses wire "AGR[7]"
Net "Vcomun" overuses wire "AGR[7]"
Net "Net_143" overuses wire "AGL[7]"
Net "Net_143" overuses wire "dsm0+ Wire"
Net "Net_143" overuses wire "AGL[0]"
Net "Net_142" overuses wire "dsm0+ Wire"
Net "Net_1422" overuses wire "GPIO P3[3] Mux__8b"
Net "Net_1422" overuses wire "abuf3+ Wire"
Net "Net_1473" overuses wire "AGL[0]"
Net "Net_1391" overuses wire "GPIO P3[3] Mux__5b"
Net "Net_1391" overuses wire "abuf3+ Wire"
Net "Vcomun" overuses wire "AGL[7]"
Net "Net_142" overuses wire "AGL[1]"
Net "Net_1422" overuses wire "amuxbusR"
Net "Net_1379" overuses wire "amuxbusR"
Net "Net_1473" overuses wire "AGL[1]"
Net "Net_143" overuses wire "AGL[0]"
Net "Net_1422" overuses wire "AGR[7]"
Net "Net_1473" overuses wire "AGL[0]"
Net "Vcomun" overuses wire "AGR[7]"
Net "Vcomun" overuses wire "AGR[7]"
Net "Net_143" overuses wire "AGL[7]"
Net "Net_143" overuses wire "amuxbusL"
Net "Net_1124" overuses wire "amuxbusL"
Net "Net_1422" overuses wire "AGR[7]"
Net "Net_1419" overuses wire "abusR1"
Net "Vcomun" overuses wire "AGR[7]"
Net "Vcomun" overuses wire "AGL[7]"
Net "Vcomun" overuses wire "abusR1"
Net "Net_143" overuses wire "AGL[0]"
Net "Net_1422" overuses wire "amuxbusR"
Net "Net_1379" overuses wire "amuxbusR"
Net "Net_1473" overuses wire "AGL[0]"
Net "Net_143" overuses wire "AGL[5]"
Net "Net_143" overuses wire "amuxbusL"
Net "Net_1124" overuses wire "amuxbusL"
Net "Net_769" overuses wire "AGL[5]"
Net "Net_1422" overuses wire "AGR[7]"
Net "Vcomun" overuses wire "AGR[7]"
Net "Vcomun" overuses wire "AGR[7]"
Net "Net_143" overuses wire "AGL[0]"
Net "Net_1422" overuses wire "amuxbusR"
Net "Net_1379" overuses wire "amuxbusR"
Net "Net_1473" overuses wire "AGL[0]"
Net "Net_143" overuses wire "AGL[3]"
Net "Net_143" overuses wire "amuxbusL"
Net "Net_1124" overuses wire "amuxbusL"
Net "Net_1422" overuses wire "AGR[7]"
Net "Net_1379" overuses wire "AGL[3]"
Net "Vcomun" overuses wire "AGR[7]"
Net "Vcomun" overuses wire "AGR[7]"
Net "Net_143" overuses wire "AGL[0]"
Net "Net_1176" overuses wire "AGR[4]"
Net "Net_1379" overuses wire "AGR[4]"
Net "Net_1473" overuses wire "AGL[0]"
Net "Net_142" overuses wire "AGL[1]"
Net "Net_1176" overuses wire "AGR[4]"
Net "Net_1379" overuses wire "AGR[4]"
Net "Net_1473" overuses wire "AGL[1]"
Net "Net_142" overuses wire "AGL[1]"
Net "Net_1410" overuses wire "AGR[6]"
Net "Net_1379" overuses wire "AGR[6]"
Net "Net_1473" overuses wire "AGL[1]"
Net "Net_142" overuses wire "AGL[1]"
Net "Net_1176" overuses wire "AGR[4]"
Net "Net_1379" overuses wire "AGR[4]"
Net "Net_1473" overuses wire "AGL[1]"
Net "Net_142" overuses wire "amuxbusL"
Net "Net_1124" overuses wire "amuxbusL"
Net "Net_1176" overuses wire "AGR[4]"
Net "Net_1379" overuses wire "AGR[4]"
Net "Net_142" overuses wire "AGL[1]"
Net "Net_1410" overuses wire "AGR[6]"
Net "Net_1379" overuses wire "AGR[6]"
Net "Net_1473" overuses wire "AGL[1]"
Net "Net_143" overuses wire "abusL1"
Net "Net_1176" overuses wire "AGR[4]"
Net "Net_1379" overuses wire "AGR[4]"
Net "Net_1473" overuses wire "abusL1"
Net "Net_1473" overuses wire "v1 Wire"
Net "Net_1481" overuses wire "v1 Wire"
Net "Net_1176" overuses wire "amuxbusR"
Net "Net_1422" overuses wire "sc1 Vin Wire"
Net "Net_1422" overuses wire "amuxbusR"
Net "Net_1379" overuses wire "sc1 Vin Wire"
Net "Net_1411" overuses wire "AGL[2]"
Net "Net_1473" overuses wire "AGL[2]"
Net "Net_143" overuses wire "abusL3"
Net "Net_1410" overuses wire "AGR[6]"
Net "Net_1379" overuses wire "sc0 out Wire"
Net "Net_1379" overuses wire "abusL3"
Net "Net_1379" overuses wire "AGR[6]"
Net "Net_1473" overuses wire "sc0 out Wire"
Net "Net_1473" overuses wire "AGL[3]"
Net "Vcomun" overuses wire "AGL[3]"
Net "Net_143" overuses wire "AGL[0]"
Net "Net_1176" overuses wire "AGR[4]"
Net "Net_1379" overuses wire "AGR[4]"
Net "Net_1473" overuses wire "AGL[0]"
Net "Net_143" overuses wire "amuxbusL"
Net "Net_1124" overuses wire "amuxbusL"
Net "Net_1410" overuses wire "AGR[6]"
Net "Net_1379" overuses wire "AGR[6]"
Net "Net_1124" overuses wire "sc2 Vin Wire"
Net "Net_769" overuses wire "sc2 Vin Wire"
Net "Net_769" overuses wire "AGR[5]"
Net "Net_1410" overuses wire "sc1 out Wire"
Net "Net_1410" overuses wire "AGR[5]"
Net "Net_1410" overuses wire "abuf3- Wire"
Net "Net_1419" overuses wire "sc1 out Wire"
Net "Vcomun" overuses wire "abuf3- Wire"
Net "Net_1124" overuses wire "sc2 out Wire"
Net "Net_1124" overuses wire "AGL[6]"
Net "Net_1123" overuses wire "sc2 out Wire"
Net "Net_1410" overuses wire "AGL[6]"
Net "Net_1410" overuses wire "AGR[6]"
Net "Net_1379" overuses wire "AGR[6]"
Net "Net_1124" overuses wire "sc2 out Wire"
Net "Net_1123" overuses wire "sc2 out Wire"
Net "Net_769" overuses wire "AGR[5]"
Net "Net_1410" overuses wire "sc1 out Wire"
Net "Net_1410" overuses wire "AGR[5]"
Net "Net_1410" overuses wire "abuf3- Wire"
Net "Net_1419" overuses wire "sc1 out Wire"
Net "Vcomun" overuses wire "abuf3- Wire"
Net "Net_1124" overuses wire "sc3 out Wire"
Net "Net_1124" overuses wire "sc2 Vin Wire"
Net "Net_769" overuses wire "sc2 Vin Wire"
Net "Net_1410" overuses wire "sc3 out Wire"
Net "Net_1410" overuses wire "AGR[6]"
Net "Net_1379" overuses wire "AGR[6]"
Net "Net_1124" overuses wire "sc2 Vin Wire"
Net "Net_769" overuses wire "sc2 Vin Wire"
Net "Net_1410" overuses wire "amuxbusR"
Net "Net_1422" overuses wire "amuxbusR"
Net "Net_1124" overuses wire "sc2 Vin Wire"
Net "Net_1124" overuses wire "AGL[6]"
Net "Net_769" overuses wire "sc2 Vin Wire"
Net "Net_1410" overuses wire "AGL[6]"
Net "Net_1410" overuses wire "AGR[6]"
Net "Net_1379" overuses wire "AGR[6]"
Net "Net_142" overuses wire "dsm0+ Wire"
Net "Net_1124" overuses wire "dsm0+ Wire"
Net "Net_769" overuses wire "AGR[5]"
Net "Net_1410" overuses wire "sc1 out Wire"
Net "Net_1410" overuses wire "AGR[5]"
Net "Net_1410" overuses wire "abuf3- Wire"
Net "Net_1419" overuses wire "sc1 out Wire"
Net "Vcomun" overuses wire "abuf3- Wire"
Net "Net_1124" overuses wire "sc0 Vin Wire"
Net "Net_1410" overuses wire "sc0 Vin Wire"
Net "Net_1410" overuses wire "AGL[2]"
Net "Net_1410" overuses wire "AGR[2]"
Net "Net_1410" overuses wire "amuxbusR"
Net "Net_1422" overuses wire "amuxbusR"
Net "Net_1411" overuses wire "AGL[2]"
Net "Net_1441" overuses wire "AGR[2]"
Net "Net_1124" overuses wire "comp0- Wire"
Net "Net_1124" overuses wire "AGL[6]"
Net "Net_1410" overuses wire "AGL[6]"
Net "Net_1410" overuses wire "AGR[6]"
Net "Net_1379" overuses wire "comp0- Wire"
Net "Net_1379" overuses wire "AGR[6]"
Net "Net_1124" overuses wire "sc2 out Wire"
Net "Net_1123" overuses wire "sc2 out Wire"
Net "Net_769" overuses wire "AGL[5]"
Net "Net_769" overuses wire "AGL2AGR[5] Sw__0b"
Net "Net_769" overuses wire "AGR[5]"
Net "Net_1410" overuses wire "AGL[5]"
Net "Net_1410" overuses wire "AGL2AGR[5] Sw__0b"
Net "Net_1410" overuses wire "AGR[5]"
Net "Net_1410" overuses wire "abuf3- Wire"
Net "Vcomun" overuses wire "abuf3- Wire"
Net "Net_1124" overuses wire "sc3 out Wire"
Net "Net_1176" overuses wire "AGR[4]"
Net "Net_769" overuses wire "sc3 out Wire"
Net "Net_769" overuses wire "AGR[4]"
Net "Net_1410" overuses wire "abuf3- Wire"
Net "Vcomun" overuses wire "abuf3- Wire"
Net "Net_1384" overuses wire "abuf0+ Wire"
Net "Net_1124" overuses wire "GPIO P0[2] Mux__7b"
Net "Net_1124" overuses wire "abuf0+ Wire"
Net "Net_1124" overuses wire "GPIO P0[2] Mux__3b"
Net "Net_1410" overuses wire "sc1 out Wire"
Net "Net_1410" overuses wire "amuxbusR"
Net "Net_1422" overuses wire "amuxbusR"
Net "Net_1419" overuses wire "sc1 out Wire"
Net "Net_1397" overuses wire "abuf2+ Wire"
Net "Net_1124" overuses wire "GPIO P0[4] Mux__7b"
Net "Net_1124" overuses wire "abuf2+ Wire"
Net "Net_1124" overuses wire "GPIO P0[4] Mux__3b"
Net "Net_1124" overuses wire "AGL[6]"
Net "Net_1410" overuses wire "AGL[6]"
Net "Net_1410" overuses wire "AGR[6]"
Net "Net_1379" overuses wire "AGR[6]"
Net "Net_143" overuses wire "amuxbusL"
Net "Net_1124" overuses wire "amuxbusL"
Net "Net_1176" overuses wire "AGR[4]"
Net "Net_1379" overuses wire "AGR[4]"
Net "Net_143" overuses wire "AGL[0]"
Net "Net_1422" overuses wire "amuxbusR"
Net "Net_1379" overuses wire "amuxbusR"
Net "Net_1473" overuses wire "AGL[0]"
Net "Net_1422" overuses wire "abusR0"
Net "Net_1422" overuses wire "GPIO P3[3] Mux abusR0"
Net "Net_1422" overuses wire "GPIO P3[3] Mux__5b"
Net "Net_1422" overuses wire "abuf3+ Wire"
Net "Net_1391" overuses wire "abusR0"
Net "Net_1391" overuses wire "GPIO P3[3] Mux abusR0"
Net "Net_1391" overuses wire "GPIO P3[3] Mux__5b"
Net "Net_1391" overuses wire "abuf3+ Wire"
Net "Net_1422" overuses wire "AGR[7]"
Net "Vcomun" overuses wire "AGR[7]"
Net "Vcomun" overuses wire "AGR[7]"
Net "Net_143" overuses wire "abusL1"
Net "Net_1422" overuses wire "AGR[7]"
Net "Vcomun" overuses wire "AGR[7]"
Net "Vcomun" overuses wire "abusL1"
Net "Net_143" overuses wire "AGL[7]"
Net "Net_1422" overuses wire "abusR3"
Net "Net_1422" overuses wire "GPIO P3[3] Mux__8b"
Net "Net_1422" overuses wire "abuf3+ Wire"
Net "Net_1419" overuses wire "abusR3"
Net "Net_1391" overuses wire "GPIO P3[3] Mux__5b"
Net "Net_1391" overuses wire "abuf3+ Wire"
Net "Vcomun" overuses wire "AGL[7]"
Net "Net_1422" overuses wire "AGR[7]"
Net "Net_1379" overuses wire "AGL[3]"
Net "Net_1379" overuses wire "AGL2AGR[3] Sw__0b"
Net "Net_1379" overuses wire "AGR[3]"
Net "Vcomun" overuses wire "AGR[7]"
Net "Vcomun" overuses wire "AGL[3]"
Net "Vcomun" overuses wire "AGL2AGR[3] Sw__0b"
Net "Vcomun" overuses wire "AGR[3]"
Net "Net_1422" overuses wire "sc1 Vin Wire"
Net "Net_1422" overuses wire "GPIO P3[3] Mux__8b"
Net "Net_1422" overuses wire "abuf3+ Wire"
Net "Net_1379" overuses wire "sc1 Vin Wire"
Net "Net_1391" overuses wire "GPIO P3[3] Mux__5b"
Net "Net_1391" overuses wire "abuf3+ Wire"
Net "Net_1422" overuses wire "AGR[7]"
Net "Vcomun" overuses wire "AGR[7]"
Net "Vcomun" overuses wire "AGR[7]"
Net "Net_1422" overuses wire "amuxbusR"
Net "Net_1379" overuses wire "amuxbusR"
Net "Net_1422" overuses wire "AGR[7]"
Net "Vcomun" overuses wire "AGR[7]"
Net "Vcomun" overuses wire "AGR[7]"
Net "Net_1422" overuses wire "GPIO P3[3] Mux__8b"
Net "Net_1422" overuses wire "abuf3+ Wire"
Net "Net_1391" overuses wire "GPIO P3[3] Mux__5b"
Net "Net_1391" overuses wire "abuf3+ Wire"
Net "Net_1422" overuses wire "amuxbusR"
Net "Net_1379" overuses wire "amuxbusR"
Net "Net_1422" overuses wire "AGR[7]"
Net "Vcomun" overuses wire "AGR[7]"
Net "Vcomun" overuses wire "AGR[7]"
Net "Net_1422" overuses wire "amuxbusR"
Net "Net_1379" overuses wire "amuxbusR"
Net "Net_1422" overuses wire "AGR[7]"
Net "Vcomun" overuses wire "AGR[7]"
Net "Vcomun" overuses wire "AGR[7]"
Net "Net_1422" overuses wire "GPIO P3[3] Mux__8b"
Net "Net_1422" overuses wire "abuf3+ Wire"
Net "Net_1391" overuses wire "GPIO P3[3] Mux__5b"
Net "Net_1391" overuses wire "abuf3+ Wire"
Net "Net_1422" overuses wire "amuxbusR"
Net "Net_1379" overuses wire "amuxbusR"
Net "Net_1422" overuses wire "AGR[7]"
Net "Vcomun" overuses wire "AGR[7]"
Net "Vcomun" overuses wire "AGR[7]"
Net "Net_769" overuses wire "AGL[5]"
Net "Net_769" overuses wire "AGL2AGR[5] Sw__0b"
Net "Net_769" overuses wire "AGR[5]"
Net "Vcomun" overuses wire "AGR[5]"
Net "Vcomun" overuses wire "AGL2AGR[5] Sw__0b"
Net "Vcomun" overuses wire "AGL[5]"
Net "Vcomun" overuses wire "AGR[5]"
Net "Net_1124" overuses wire "sc3 out Wire"
Net "Net_1176" overuses wire "AGR[4]"
Net "Net_769" overuses wire "sc3 out Wire"
Net "Net_769" overuses wire "AGR[4]"
Net "Net_1124" overuses wire "abusR2"
Net "Net_1124" overuses wire "abusL2abusR[2]__0b"
Net "Net_1124" overuses wire "abusL2"
Net "Net_769" overuses wire "abusL2"
Net "Net_769" overuses wire "abusL2abusR[2]__0b"
Net "Net_769" overuses wire "abusR2"
Net "Net_769" overuses wire "AGR[5]"
Net "Vcomun" overuses wire "AGR[5]"
Net "Vcomun" overuses wire "AGR[5]"
Net "Net_1124" overuses wire "AGR[0]"
Net "Net_1124" overuses wire "cmp1_vref"
Net "Net_769" overuses wire "AGR[5]"
Net "Net_1473" overuses wire "cmp1_vref"
Net "Net_1481" overuses wire "AGR[0]"
Net "Vcomun" overuses wire "AGR[5]"
Net "Vcomun" overuses wire "AGR[5]"
Net "Net_1124" overuses wire "AGR[2]"
Net "Net_1124" overuses wire "AGL[2]"
Net "Net_1422" overuses wire "AGR[7]"
Net "Net_1411" overuses wire "AGL[2]"
Net "Net_1441" overuses wire "AGR[2]"
Net "Net_1473" overuses wire "v1 Wire"
Net "Net_1473" overuses wire "AGR[1]"
Net "Net_1481" overuses wire "v1 Wire"
Net "Vcomun" overuses wire "AGR[7]"
Net "Vcomun" overuses wire "AGR[1]"
Net "Net_142" overuses wire "AGL[1]"
Net "Net_1124" overuses wire "abusR0"
Net "Net_1124" overuses wire "abusL2abusR[0]__0b"
Net "Net_1124" overuses wire "abusL0"
Net "Net_1422" overuses wire "amuxbusR"
Net "Net_1379" overuses wire "amuxbusR"
Net "Net_1473" overuses wire "AGL[1]"
Net "Net_1391" overuses wire "abusL0"
Net "Net_1391" overuses wire "abusL2abusR[0]__0b"
Net "Net_1391" overuses wire "abusR0"
Net "Net_143" overuses wire "dsm0- Wire"
Net "Net_1124" overuses wire "AGR[0]"
Net "Net_1422" overuses wire "GPIO P3[3] Mux__8b"
Net "Net_1422" overuses wire "abuf3+ Wire"
Net "Net_1379" overuses wire "AGL[3]"
Net "Net_1473" overuses wire "dsm0- Wire"
Net "Net_1473" overuses wire "AGL[3]"
Net "Net_1481" overuses wire "AGR[0]"
Net "Net_1391" overuses wire "GPIO P3[3] Mux__5b"
Net "Net_1391" overuses wire "abuf3+ Wire"
Net "Net_1124" overuses wire "sc2 Vin Wire"
Net "Net_769" overuses wire "sc2 Vin Wire"
Net "Net_1422" overuses wire "AGR[7]"
Net "Net_1379" overuses wire "sc0 out Wire"
Net "Net_1473" overuses wire "sc0 out Wire"
Net "Vcomun" overuses wire "AGR[7]"
Net "Vcomun" overuses wire "AGR[7]"
Net "Net_143" overuses wire "dsm0- Wire"
Net "Net_1123" overuses wire "AGL[4]"
Net "Net_1176" overuses wire "AGR[4]"
Net "Net_1379" overuses wire "AGL[4]"
Net "Net_1379" overuses wire "AGR[4]"
Net "Net_1473" overuses wire "dsm0- Wire"
Net "Net_1123" overuses wire "AGL[4]"
Net "Net_1176" overuses wire "AGR[4]"
Net "Net_1379" overuses wire "AGL[4]"
Net "Net_1379" overuses wire "AGR[4]"
Net "Net_1176" overuses wire "AGR[4]"
Net "Net_1422" overuses wire "sc1 Vin Wire"
Net "Net_1379" overuses wire "sc1 Vin Wire"
Net "Net_1379" overuses wire "AGR[4]"
Net "Net_1410" overuses wire "AGR[6]"
Net "Net_1422" overuses wire "sc1 Vin Wire"
Net "Net_1379" overuses wire "sc1 Vin Wire"
Net "Net_1379" overuses wire "AGR[6]"
Net "Net_1123" overuses wire "AGL[4]"
Net "Net_1176" overuses wire "AGR[4]"
Net "Net_1379" overuses wire "AGL[4]"
Net "Net_1379" overuses wire "AGR[4]"
Net "Net_1124" overuses wire "comp1- Wire"
Net "Net_1410" overuses wire "AGR[6]"
Net "Net_1379" overuses wire "abusL3"
Net "Net_1379" overuses wire "comp1- Wire"
Net "Net_1379" overuses wire "AGR[6]"
Net "Net_1473" overuses wire "abusL3"
Net "Net_1123" overuses wire "AGL[4]"
Net "Net_1176" overuses wire "AGR[4]"
Net "Net_1379" overuses wire "sc0 out Wire"
Net "Net_1379" overuses wire "AGL[4]"
Net "Net_1379" overuses wire "AGR[4]"
Net "Net_1473" overuses wire "sc0 out Wire"
Net "Net_143" overuses wire "dsm0- Wire"
Net "Net_1410" overuses wire "AGR[6]"
Net "Net_1422" overuses wire "sc1 Vin Wire"
Net "Net_1379" overuses wire "sc1 Vin Wire"
Net "Net_1379" overuses wire "AGR[6]"
Net "Net_1473" overuses wire "dsm0- Wire"
Net "Net_142" overuses wire "AGL[1]"
Net "Net_1176" overuses wire "sc3 Vin Wire"
Net "Net_1410" overuses wire "AGR[6]"
Net "Net_1379" overuses wire "sc3 Vin Wire"
Net "Net_1379" overuses wire "AGR[6]"
Net "Net_1473" overuses wire "AGL[1]"
Net "Net_142" overuses wire "amuxbusL"
Net "Net_1124" overuses wire "amuxbusL"
Net "Net_1422" overuses wire "amuxbusR"
Net "Net_1379" overuses wire "amuxbusR"
Net "Net_142" overuses wire "AGL[1]"
Net "Net_1422" overuses wire "AGR[7]"
Net "Net_1473" overuses wire "AGL[1]"
Net "Vcomun" overuses wire "AGR[7]"
Net "Vcomun" overuses wire "AGR[7]"
Net "Net_143" overuses wire "AGL[0]"
Net "Net_1422" overuses wire "amuxbusR"
Net "Net_1379" overuses wire "amuxbusR"
Net "Net_1473" overuses wire "AGL[0]"
Net "Net_143" overuses wire "amuxbusL"
Net "Net_1124" overuses wire "amuxbusL"
Net "Net_1422" overuses wire "GPIO P3[3] Mux__8b"
Net "Net_1422" overuses wire "abuf3+ Wire"
Net "Net_1391" overuses wire "GPIO P3[3] Mux__5b"
Net "Net_1391" overuses wire "abuf3+ Wire"
Net "Net_143" overuses wire "AGL[0]"
Net "Net_1422" overuses wire "AGR[7]"
Net "Net_1473" overuses wire "AGL[0]"
Net "Vcomun" overuses wire "AGR[7]"
Net "Vcomun" overuses wire "AGR[7]"
Net "Net_143" overuses wire "amuxbusL"
Net "Net_1124" overuses wire "amuxbusL"
Net "Net_1422" overuses wire "amuxbusR"
Net "Net_1379" overuses wire "amuxbusR"
Net "Net_1419" overuses wire "abusR1"
Net "Vcomun" overuses wire "abusR1"
Net "Net_143" overuses wire "AGL[0]"
Net "Net_769" overuses wire "AGR[5]"
Net "Net_1473" overuses wire "AGL[0]"
Net "Vcomun" overuses wire "AGR[5]"
Net "Net_143" overuses wire "amuxbusL"
Net "Net_1124" overuses wire "amuxbusL"
Net "Net_769" overuses wire "AGR[5]"
Net "Vcomun" overuses wire "AGR[5]"
Net "Net_1124" overuses wire "AGL[6]"
Net "Net_769" overuses wire "AGR[5]"
Net "Net_1410" overuses wire "AGL[6]"
Net "Vcomun" overuses wire "AGR[5]"
Net "Net_1124" overuses wire "AGL[6]"
Net "Net_769" overuses wire "AGR[5]"
Net "Net_1410" overuses wire "AGL[6]"
Net "Vcomun" overuses wire "AGR[5]"
Net "Net_1124" overuses wire "comp1- Wire"
Net "Net_1124" overuses wire "CMP1 Vref Mux alt__0b"
Net "Net_1124" overuses wire "cmp1_vref"
Net "Net_769" overuses wire "AGR[5]"
Net "Net_1410" overuses wire "cmp1_vref"
Net "Net_1410" overuses wire "CMP1 Vref Mux alt__0b"
Net "Net_1410" overuses wire "comp1- Wire"
Net "Vcomun" overuses wire "AGR[5]"
Net "Net_1124" overuses wire "sc3 Vin Wire"
Net "Net_1124" overuses wire "sc2 out Wire"
Net "Net_1123" overuses wire "sc2 out Wire"
Net "Net_1176" overuses wire "sc3 Vin Wire"
Net "Net_769" overuses wire "AGR[5]"
Net "Vcomun" overuses wire "AGR[5]"
Net "Net_1124" overuses wire "sc2 Vin Wire"
Net "Net_769" overuses wire "sc2 Vin Wire"
Net "Net_769" overuses wire "AGR[5]"
Net "Vcomun" overuses wire "AGR[5]"
Net "Net_1124" overuses wire "sc3 out Wire"
Net "Net_1124" overuses wire "sc2vin2sc3out Sw__0b"
Net "Net_1124" overuses wire "sc2 Vin Wire"
Net "Net_1176" overuses wire "AGR[4]"
Net "Net_769" overuses wire "sc2 Vin Wire"
Net "Net_769" overuses wire "sc2vin2sc3out Sw__0b"
Net "Net_769" overuses wire "sc3 out Wire"
Net "Net_769" overuses wire "AGR[4]"
Net "Net_1124" overuses wire "sc3 out Wire"
Net "Net_1176" overuses wire "AGR[4]"
Net "Net_769" overuses wire "sc3 out Wire"
Net "Net_769" overuses wire "AGR[4]"
Net "Net_769" overuses wire "AGL[5]"
Net "Net_769" overuses wire "AGL2AGR[5] Sw__0b"
Net "Net_769" overuses wire "AGR[5]"
Net "Vcomun" overuses wire "AGR[5]"
Net "Vcomun" overuses wire "AGL2AGR[5] Sw__0b"
Net "Vcomun" overuses wire "AGL[5]"
Net "Net_1124" overuses wire "sc3 out Wire"
Net "Net_1176" overuses wire "AGR[4]"
Net "Net_769" overuses wire "sc3 out Wire"
Net "Net_769" overuses wire "AGR[4]"
Net "Net_1123" overuses wire "AGL[4]"
Net "Net_1176" overuses wire "AGR[4]"
Net "Net_769" overuses wire "AGL[4]"
Net "Net_769" overuses wire "AGR[4]"
Net "Net_769" overuses wire "AGL[5]"
Net "Net_769" overuses wire "AGL2AGR[5] Sw__0b"
Net "Net_769" overuses wire "AGR[5]"
Net "Vcomun" overuses wire "AGR[5]"
Net "Vcomun" overuses wire "AGL2AGR[5] Sw__0b"
Net "Vcomun" overuses wire "AGL[5]"
Net "Net_1124" overuses wire "sc3 out Wire"
Net "Net_1176" overuses wire "AGR[4]"
Net "Net_769" overuses wire "sc3 out Wire"
Net "Net_769" overuses wire "AGR[4]"
Net "Net_1123" overuses wire "AGL[4]"
Net "Net_769" overuses wire "AGL[4]"
Net "Net_1410" overuses wire "AGR[6]"
Net "Net_1379" overuses wire "AGR[6]"
Net "Net_1124" overuses wire "sc3 out Wire"
Net "Net_1176" overuses wire "amuxbusR"
Net "Net_769" overuses wire "sc3 out Wire"
Net "Net_1379" overuses wire "amuxbusR"
Net "Net_1123" overuses wire "AGL[4]"
Net "Net_769" overuses wire "AGL[4]"
Net "Net_1410" overuses wire "AGR[6]"
Net "Net_1379" overuses wire "AGR[6]"
Net "Net_1124" overuses wire "sc3 out Wire"
Net "Net_1176" overuses wire "amuxbusR"
Net "Net_769" overuses wire "sc3 out Wire"
Net "Net_1379" overuses wire "amuxbusR"
Net "Net_769" overuses wire "AGL[2]"
Net "Net_769" overuses wire "AGR[5]"
Net "Net_1411" overuses wire "AGL[2]"
Net "Vcomun" overuses wire "AGR[5]"
Net "Net_143" overuses wire "AGL[7]"
Net "Net_1124" overuses wire "abusR2"
Net "Net_1124" overuses wire "abusL2abusR[2]__0b"
Net "Net_1124" overuses wire "abusL2"
Net "Net_769" overuses wire "abusL2"
Net "Net_769" overuses wire "abusL2abusR[2]__0b"
Net "Net_769" overuses wire "abusR2"
Net "Net_1422" overuses wire "AGR[7]"
Net "Vcomun" overuses wire "AGR[7]"
Net "Vcomun" overuses wire "AGL[7]"
Net "Net_1124" overuses wire "AGL[2]"
Net "Net_1422" overuses wire "AGR[7]"
Net "Net_1411" overuses wire "AGL[2]"
Net "Vcomun" overuses wire "AGR[7]"
Net "Net_1124" overuses wire "sc3 Vin Wire"
Net "Net_1124" overuses wire "sc2 out Wire"
Net "Net_1123" overuses wire "sc2 out Wire"
Net "Net_1176" overuses wire "sc3 Vin Wire"
Net "Net_1422" overuses wire "AGR[7]"
Net "Vcomun" overuses wire "AGR[7]"
Net "Net_1124" overuses wire "sc2 Vin Wire"
Net "Net_769" overuses wire "sc2 Vin Wire"
Net "Net_1422" overuses wire "amuxbusR"
Net "Net_1379" overuses wire "amuxbusR"
Net "Net_1124" overuses wire "AGL[2]"
Net "Net_1422" overuses wire "abusR3"
Net "Net_1422" overuses wire "GPIO P3[3] Mux__8b"
Net "Net_1422" overuses wire "abuf3+ Wire"
Net "Net_1419" overuses wire "abusR3"
Net "Net_1411" overuses wire "AGL[2]"
Net "Net_1391" overuses wire "GPIO P3[3] Mux__5b"
Net "Net_1391" overuses wire "abuf3+ Wire"
Net "Net_1124" overuses wire "abusR2"
Net "Net_1124" overuses wire "cmp1_vref"
Net "Net_769" overuses wire "abusR2"
Net "Net_1410" overuses wire "cmp1_vref"
Net "Net_1422" overuses wire "AGR[7]"
Net "Vcomun" overuses wire "AGR[7]"
Net "Net_1124" overuses wire "AGL[2]"
Net "Net_1422" overuses wire "amuxbusR"
Net "Net_1379" overuses wire "amuxbusR"
Net "Net_1411" overuses wire "AGL[2]"
Net "Net_1124" overuses wire "sc2 Vin Wire"
Net "Net_769" overuses wire "sc2 Vin Wire"
Net "Net_1422" overuses wire "AGR[7]"
Net "Vcomun" overuses wire "AGR[7]"
Net "Net_1124" overuses wire "sc3 Vin Wire"
Net "Net_1124" overuses wire "sc2 out Wire"
Net "Net_1123" overuses wire "sc2 out Wire"
Net "Net_1176" overuses wire "sc3 Vin Wire"
Net "Net_1422" overuses wire "amuxbusR"
Net "Net_1379" overuses wire "amuxbusR"
Net "Net_1124" overuses wire "abusR0"
Net "Net_1124" overuses wire "abusL2abusR[0]__0b"
Net "Net_1124" overuses wire "abusL0"
Net "Net_1422" overuses wire "abusR3"
Net "Net_1422" overuses wire "GPIO P3[3] Mux__8b"
Net "Net_1422" overuses wire "abuf3+ Wire"
Net "Net_1419" overuses wire "abusR3"
Net "Net_1391" overuses wire "abusL0"
Net "Net_1391" overuses wire "abusL2abusR[0]__0b"
Net "Net_1391" overuses wire "abusR0"
Net "Net_1391" overuses wire "GPIO P3[3] Mux__5b"
Net "Net_1391" overuses wire "abuf3+ Wire"
Net "Net_1124" overuses wire "AGL[2]"
Net "Net_1422" overuses wire "AGR[7]"
Net "Net_1411" overuses wire "AGL[2]"
Net "Vcomun" overuses wire "AGR[7]"
Net "Net_1124" overuses wire "sc2 Vin Wire"
Net "Net_769" overuses wire "sc2 Vin Wire"
Net "Net_1422" overuses wire "amuxbusR"
Net "Net_1379" overuses wire "amuxbusR"
Net "Net_1124" overuses wire "comp1- Wire"
Net "Net_1124" overuses wire "CMP1 Vref Mux alt__0b"
Net "Net_1124" overuses wire "cmp1_vref"
Net "Net_1410" overuses wire "cmp1_vref"
Net "Net_1410" overuses wire "CMP1 Vref Mux alt__0b"
Net "Net_1410" overuses wire "comp1- Wire"
Net "Net_1422" overuses wire "AGR[7]"
Net "Vcomun" overuses wire "AGR[7]"
Net "Net_1124" overuses wire "AGL[2]"
Net "Net_1124" overuses wire "AGL[6]"
Net "Net_1410" overuses wire "AGL[6]"
Net "Net_1422" overuses wire "amuxbusR"
Net "Net_1379" overuses wire "amuxbusR"
Net "Net_1411" overuses wire "AGL[2]"
Net "Net_1124" overuses wire "AGL[6]"
Net "Net_1410" overuses wire "AGL[6]"
Net "Net_1422" overuses wire "AGR[7]"
Net "Vcomun" overuses wire "AGR[7]"
Net "Net_1410" overuses wire "sc1 out Wire"
Net "Net_1410" overuses wire "AGR[1]"
Net "Net_1422" overuses wire "amuxbusR"
Net "Net_1379" overuses wire "amuxbusR"
Net "Net_1419" overuses wire "sc1 out Wire"
Net "Net_1481" overuses wire "AGR[1]"
Net "Net_1410" overuses wire "sc1 out Wire"
Net "Net_1410" overuses wire "AGR[3]"
Net "Net_1422" overuses wire "AGR[7]"
Net "Net_1379" overuses wire "AGR[3]"
Net "Net_1419" overuses wire "sc1 out Wire"
Net "Vcomun" overuses wire "AGR[7]"
Net "Net_1124" overuses wire "AGL[6]"
Net "Net_1410" overuses wire "AGL[6]"
Net "Net_1410" overuses wire "AGR[6]"
Net "Net_1379" overuses wire "AGR[6]"
Net "Net_1124" overuses wire "AGL[6]"
Net "Net_1410" overuses wire "AGL[6]"
Net "Net_1410" overuses wire "AGR[6]"
Net "Net_1379" overuses wire "AGR[6]"
Net "Net_1176" overuses wire "AGR[4]"
Net "Net_1410" overuses wire "sc1 out Wire"
Net "Net_1410" overuses wire "AGR[1]"
Net "Net_1379" overuses wire "AGR[4]"
Net "Net_1419" overuses wire "sc1 out Wire"
Net "Net_1481" overuses wire "AGR[1]"
Net "Net_1410" overuses wire "GPIO P3[5] Mux__8b"
Net "Net_1410" overuses wire "abuf1+ Wire"
Net "Net_1410" overuses wire "GPIO P3[5] Mux__3b"
Net "Net_1410" overuses wire "AGR[6]"
Net "Net_1379" overuses wire "AGR[6]"
Net "Net_1419" overuses wire "abusR1"
Net "Net_1419" overuses wire "GPIO P3[5] Mux__6b"
Net "Net_1419" overuses wire "abuf1+ Wire"
Net "Vcomun" overuses wire "abusR1"
Net "Net_1124" overuses wire "comp1- Wire"
Net "Net_1176" overuses wire "AGR[4]"
Net "Net_1410" overuses wire "comp1- Wire"
Net "Net_1379" overuses wire "AGR[4]"
Net "Net_1419" overuses wire "abusR1"
Net "Vcomun" overuses wire "abusR1"
Net "Net_1124" overuses wire "abusR2"
Net "Net_769" overuses wire "abusR2"
Net "Net_1410" overuses wire "abusR3"
Net "Net_1410" overuses wire "AGR[6]"
Net "Net_1379" overuses wire "AGR[6]"
Net "Net_1419" overuses wire "abusR3"
Net "Net_143" overuses wire "AGL[5]"
Net "Net_1124" overuses wire "cmp1_vref"
Net "Net_1176" overuses wire "AGR[4]"
Net "Net_769" overuses wire "AGL[5]"
Net "Net_1410" overuses wire "cmp1_vref"
Net "Net_1379" overuses wire "AGR[4]"
Net "Net_143" overuses wire "AGL[7]"
Net "Net_1410" overuses wire "AGR[6]"
Net "Net_1379" overuses wire "AGR[6]"
Net "Vcomun" overuses wire "AGL[7]"
Net "Net_1176" overuses wire "AGR[4]"
Net "Net_1422" overuses wire "sc1 Vin Wire"
Net "Net_1379" overuses wire "sc1 Vin Wire"
Net "Net_1379" overuses wire "AGR[4]"
Net "Net_143" overuses wire "AGL[3]"
Net "Net_1410" overuses wire "AGR[6]"
Net "Net_1379" overuses wire "AGL[3]"
Net "Net_1379" overuses wire "AGR[6]"
Net "Net_143" overuses wire "abusL1"
Net "Net_1176" overuses wire "AGR[4]"
Net "Net_1379" overuses wire "AGR[4]"
Net "Vcomun" overuses wire "abusL1"
Net "Net_143" overuses wire "AGL[7]"
Net "Net_1410" overuses wire "AGR[6]"
Net "Net_1379" overuses wire "AGR[6]"
Net "Vcomun" overuses wire "AGL[7]"
Net "Net_143" overuses wire "v0 Wire"
Net "Net_769" overuses wire "AGR[5]"
Net "Net_1410" overuses wire "sc1 out Wire"
Net "Net_1410" overuses wire "AGR[5]"
Net "Net_1410" overuses wire "abuf3- Wire"
Net "Net_1419" overuses wire "sc1 out Wire"
Net "Net_1473" overuses wire "v0 Wire"
Net "Vcomun" overuses wire "abuf3- Wire"
Net "Net_1410" overuses wire "abusL0"
Net "Net_1410" overuses wire "vref6 to abusL0__0b"
Net "Net_1410" overuses wire "vref6"
Net "Net_1410" overuses wire "AGR[6]"
Net "Net_1379" overuses wire "AGR[6]"
Net "Net_1391" overuses wire "vref6"
Net "Net_1391" overuses wire "vref6 to abusL0__0b"
Net "Net_1391" overuses wire "abusL0"
Net "Net_1124" overuses wire "AGL[6]"
Net "Net_1410" overuses wire "AGL[6]"
Net "Net_1422" overuses wire "amuxbusR"
Net "Net_1379" overuses wire "amuxbusR"
Net "Net_143" overuses wire "amuxbusL"
Net "Net_1124" overuses wire "amuxbusL"
Net "Net_1176" overuses wire "AGR[4]"
Net "Net_1379" overuses wire "AGR[4]"
Net "Net_143" overuses wire "AGL[0]"
Net "Net_1176" overuses wire "AGR[4]"
Net "Net_1379" overuses wire "AGR[4]"
Net "Net_1473" overuses wire "AGL[0]"
Net "Net_142" overuses wire "AGL[1]"
Net "Net_1422" overuses wire "amuxbusR"
Net "Net_1379" overuses wire "amuxbusR"
Net "Net_1473" overuses wire "AGL[1]"
Net "Net_142" overuses wire "AGL[1]"
Net "Net_1422" overuses wire "AGR[7]"
Net "Net_1473" overuses wire "AGL[1]"
Net "Vcomun" overuses wire "AGR[7]"
Net "Net_142" overuses wire "AGL[1]"
Net "Net_1124" overuses wire "abusR2"
Net "Net_1422" overuses wire "abusR2"
Net "Net_1422" overuses wire "GPIO P3[3] Mux__7b"
Net "Net_1422" overuses wire "abuf3+ Wire"
Net "Net_1473" overuses wire "AGL[1]"
Net "Net_1391" overuses wire "GPIO P3[3] Mux__5b"
Net "Net_1391" overuses wire "abuf3+ Wire"
Net "Net_143" overuses wire "AGL[0]"
Net "Net_1422" overuses wire "GPIO P3[3] Mux__7b"
Net "Net_1422" overuses wire "abuf3+ Wire"
Net "Net_1473" overuses wire "AGL[0]"
Net "Net_1391" overuses wire "GPIO P3[3] Mux__5b"
Net "Net_1391" overuses wire "abuf3+ Wire"
Net "Net_142" overuses wire "AGL[1]"
Net "Net_1422" overuses wire "amuxbusR"
Net "Net_1379" overuses wire "amuxbusR"
Net "Net_1473" overuses wire "AGL[1]"
Net "Net_143" overuses wire "AGL[0]"
Net "Net_1422" overuses wire "AGR[7]"
Net "Net_1473" overuses wire "AGL[0]"
Net "Vcomun" overuses wire "AGR[7]"
Net "Net_143" overuses wire "amuxbusL"
Net "Net_1124" overuses wire "amuxbusL"
Net "Net_1422" overuses wire "GPIO P3[3] Mux__7b"
Net "Net_1422" overuses wire "abuf3+ Wire"
Net "Net_1391" overuses wire "GPIO P3[3] Mux__5b"
Net "Net_1391" overuses wire "abuf3+ Wire"
Net "Net_143" overuses wire "AGL[0]"
Net "Net_1422" overuses wire "AGR[7]"
Net "Net_1473" overuses wire "AGL[0]"
Net "Vcomun" overuses wire "AGR[7]"
Net "Net_142" overuses wire "AGL[1]"
Net "Net_1422" overuses wire "amuxbusR"
Net "Net_1379" overuses wire "amuxbusR"
Net "Net_1473" overuses wire "AGL[1]"
Net "Net_143" overuses wire "abusL3"
Net "Net_1124" overuses wire "comp2- Wire"
Net "Net_1410" overuses wire "AGR[6]"
Net "Net_1379" overuses wire "AGL[3]"
Net "Net_1379" overuses wire "AGR[6]"
Net "Net_1473" overuses wire "abusL3"
Net "Net_1473" overuses wire "comp2- Wire"
Net "Net_1473" overuses wire "AGL[3]"
Net "Net_143" overuses wire "abusL1"
Net "Net_1410" overuses wire "AGR[6]"
Net "Net_1422" overuses wire "sc1 Vin Wire"
Net "Net_1379" overuses wire "sc1 Vin Wire"
Net "Net_1379" overuses wire "AGR[6]"
Net "Vcomun" overuses wire "abusL1"
Net "Net_143" overuses wire "abusL3"
Net "Net_1176" overuses wire "AGR[4]"
Net "Net_1422" overuses wire "sc1 Vin Wire"
Net "Net_1379" overuses wire "sc1 Vin Wire"
Net "Net_1379" overuses wire "AGR[4]"
Net "Net_1473" overuses wire "abusL3"
Error: apr.M0003: Unable to find a solution for the analog routing. (App=cydsfit)
Analog Routing phase: Elapsed time ==> 45s.650ms
</CYPRESSTAG>
<CYPRESSTAG name="Database update...">
Design database save phase: Elapsed time ==> 0s.127ms
</CYPRESSTAG>
cydsfit: Elapsed time ==> 47s.495ms
</CYPRESSTAG>
Fitter phase: Elapsed time ==> 47s.496ms
Fitter phase: Elapsed time ==> 0s.000ms
Dependency generation phase: Elapsed time ==> 0s.006ms
Cleanup phase: Elapsed time ==> 0s.001ms
