ARM GAS  C:\Users\elias\AppData\Local\Temp\ccZ9bC31.s 			page 1


   1              		.syntax unified
   2              		.cpu cortex-m3
   3              		.fpu softvfp
   4              		.eabi_attribute 20, 1
   5              		.eabi_attribute 21, 1
   6              		.eabi_attribute 23, 3
   7              		.eabi_attribute 24, 1
   8              		.eabi_attribute 25, 1
   9              		.eabi_attribute 26, 1
  10              		.eabi_attribute 30, 1
  11              		.eabi_attribute 34, 1
  12              		.eabi_attribute 18, 4
  13              		.thumb
  14              		.syntax unified
  15              		.file	"ADC_DelSig_1.c"
  16              		.text
  17              	.Ltext0:
  18              		.cfi_sections	.debug_frame
  19              		.section	.text.ADC_DelSig_1_GainCompensation,"ax",%progbits
  20              		.align	2
  21              		.thumb
  22              		.thumb_func
  23              		.type	ADC_DelSig_1_GainCompensation, %function
  24              	ADC_DelSig_1_GainCompensation:
  25              	.LFB21:
  26              		.file 1 "Generated_Source\\PSoC5\\ADC_DelSig_1.c"
   1:Generated_Source\PSoC5/ADC_DelSig_1.c **** /*******************************************************************************
   2:Generated_Source\PSoC5/ADC_DelSig_1.c **** * File Name: ADC_DelSig_1.c
   3:Generated_Source\PSoC5/ADC_DelSig_1.c **** * Version 3.30
   4:Generated_Source\PSoC5/ADC_DelSig_1.c **** *
   5:Generated_Source\PSoC5/ADC_DelSig_1.c **** * Description:
   6:Generated_Source\PSoC5/ADC_DelSig_1.c **** *  This file provides the source code to the API for the Delta-Sigma ADC
   7:Generated_Source\PSoC5/ADC_DelSig_1.c **** *  Component.
   8:Generated_Source\PSoC5/ADC_DelSig_1.c **** *
   9:Generated_Source\PSoC5/ADC_DelSig_1.c **** * Note:
  10:Generated_Source\PSoC5/ADC_DelSig_1.c **** *
  11:Generated_Source\PSoC5/ADC_DelSig_1.c **** ********************************************************************************
  12:Generated_Source\PSoC5/ADC_DelSig_1.c **** * Copyright 2008-2017, Cypress Semiconductor Corporation.  All rights reserved.
  13:Generated_Source\PSoC5/ADC_DelSig_1.c **** * You may use this file only in accordance with the license, terms, conditions,
  14:Generated_Source\PSoC5/ADC_DelSig_1.c **** * disclaimers, and limitations in the end user license agreement accompanying
  15:Generated_Source\PSoC5/ADC_DelSig_1.c **** * the software package with which this file was provided.
  16:Generated_Source\PSoC5/ADC_DelSig_1.c **** *******************************************************************************/
  17:Generated_Source\PSoC5/ADC_DelSig_1.c **** 
  18:Generated_Source\PSoC5/ADC_DelSig_1.c **** #include "ADC_DelSig_1.h"
  19:Generated_Source\PSoC5/ADC_DelSig_1.c **** 
  20:Generated_Source\PSoC5/ADC_DelSig_1.c **** #if(ADC_DelSig_1_DEFAULT_INTERNAL_CLK)
  21:Generated_Source\PSoC5/ADC_DelSig_1.c ****     #include "ADC_DelSig_1_theACLK.h"
  22:Generated_Source\PSoC5/ADC_DelSig_1.c **** #endif /* ADC_DelSig_1_DEFAULT_INTERNAL_CLK */
  23:Generated_Source\PSoC5/ADC_DelSig_1.c **** 
  24:Generated_Source\PSoC5/ADC_DelSig_1.c **** #include "ADC_DelSig_1_Ext_CP_Clk.h"
  25:Generated_Source\PSoC5/ADC_DelSig_1.c **** 
  26:Generated_Source\PSoC5/ADC_DelSig_1.c **** #if(ADC_DelSig_1_DEFAULT_INPUT_MODE)
  27:Generated_Source\PSoC5/ADC_DelSig_1.c ****     #include "ADC_DelSig_1_AMux.h"
  28:Generated_Source\PSoC5/ADC_DelSig_1.c **** #endif /* ADC_DelSig_1_DEFAULT_INPUT_MODE */
  29:Generated_Source\PSoC5/ADC_DelSig_1.c **** 
  30:Generated_Source\PSoC5/ADC_DelSig_1.c **** 
  31:Generated_Source\PSoC5/ADC_DelSig_1.c **** /***************************************
ARM GAS  C:\Users\elias\AppData\Local\Temp\ccZ9bC31.s 			page 2


  32:Generated_Source\PSoC5/ADC_DelSig_1.c **** * Global data allocation
  33:Generated_Source\PSoC5/ADC_DelSig_1.c **** ***************************************/
  34:Generated_Source\PSoC5/ADC_DelSig_1.c **** 
  35:Generated_Source\PSoC5/ADC_DelSig_1.c **** /* Software flag for checking conversion completed or not */
  36:Generated_Source\PSoC5/ADC_DelSig_1.c **** volatile uint8 ADC_DelSig_1_convDone = 0u;
  37:Generated_Source\PSoC5/ADC_DelSig_1.c **** 
  38:Generated_Source\PSoC5/ADC_DelSig_1.c **** /* Software flag to stop conversion for single sample conversion mode
  39:Generated_Source\PSoC5/ADC_DelSig_1.c **** *   with resolution above 16 bits 
  40:Generated_Source\PSoC5/ADC_DelSig_1.c **** */
  41:Generated_Source\PSoC5/ADC_DelSig_1.c **** volatile uint8 ADC_DelSig_1_stopConversion = 0u;
  42:Generated_Source\PSoC5/ADC_DelSig_1.c **** 
  43:Generated_Source\PSoC5/ADC_DelSig_1.c **** /* To run the initialization block only at the start up */
  44:Generated_Source\PSoC5/ADC_DelSig_1.c **** uint8 ADC_DelSig_1_initVar = 0u;
  45:Generated_Source\PSoC5/ADC_DelSig_1.c **** 
  46:Generated_Source\PSoC5/ADC_DelSig_1.c **** /* To check whether ADC started or not before switching the configuration */
  47:Generated_Source\PSoC5/ADC_DelSig_1.c **** volatile uint8 ADC_DelSig_1_started = 0u;
  48:Generated_Source\PSoC5/ADC_DelSig_1.c **** 
  49:Generated_Source\PSoC5/ADC_DelSig_1.c **** /* Flag to hold ADC config number. By default active config is 1. */
  50:Generated_Source\PSoC5/ADC_DelSig_1.c **** volatile uint8 ADC_DelSig_1_Config = 1u;
  51:Generated_Source\PSoC5/ADC_DelSig_1.c **** 
  52:Generated_Source\PSoC5/ADC_DelSig_1.c **** volatile int32 ADC_DelSig_1_Offset = 0;
  53:Generated_Source\PSoC5/ADC_DelSig_1.c **** volatile int32 ADC_DelSig_1_CountsPerVolt;
  54:Generated_Source\PSoC5/ADC_DelSig_1.c **** 
  55:Generated_Source\PSoC5/ADC_DelSig_1.c **** 
  56:Generated_Source\PSoC5/ADC_DelSig_1.c **** /***************************************
  57:Generated_Source\PSoC5/ADC_DelSig_1.c **** * Local data allocation
  58:Generated_Source\PSoC5/ADC_DelSig_1.c **** ***************************************/
  59:Generated_Source\PSoC5/ADC_DelSig_1.c **** 
  60:Generated_Source\PSoC5/ADC_DelSig_1.c **** /* The array with precalculated gain compensation coefficients */
  61:Generated_Source\PSoC5/ADC_DelSig_1.c **** static ADC_DelSig_1_GCOR_STRUCT ADC_DelSig_1_gcor[ADC_DelSig_1_DEFAULT_NUM_CONFIGS];
  62:Generated_Source\PSoC5/ADC_DelSig_1.c **** 
  63:Generated_Source\PSoC5/ADC_DelSig_1.c **** 
  64:Generated_Source\PSoC5/ADC_DelSig_1.c **** 
  65:Generated_Source\PSoC5/ADC_DelSig_1.c **** /***************************************
  66:Generated_Source\PSoC5/ADC_DelSig_1.c **** * Forward function references
  67:Generated_Source\PSoC5/ADC_DelSig_1.c **** ***************************************/
  68:Generated_Source\PSoC5/ADC_DelSig_1.c **** static void ADC_DelSig_1_InitConfig(uint8 config) ;
  69:Generated_Source\PSoC5/ADC_DelSig_1.c **** static void ADC_DelSig_1_GainCompensation(uint8 inputRange, uint16 idealDecGain, uint16 idealOddDec
  70:Generated_Source\PSoC5/ADC_DelSig_1.c ****                             uint8 resolution, uint8 config) ;
  71:Generated_Source\PSoC5/ADC_DelSig_1.c **** static void ADC_DelSig_1_SetDSMRef0Reg(uint8 value) ;
  72:Generated_Source\PSoC5/ADC_DelSig_1.c **** 
  73:Generated_Source\PSoC5/ADC_DelSig_1.c **** 
  74:Generated_Source\PSoC5/ADC_DelSig_1.c **** /******************************************************************************
  75:Generated_Source\PSoC5/ADC_DelSig_1.c **** * Function Name: ADC_DelSig_1_Init
  76:Generated_Source\PSoC5/ADC_DelSig_1.c **** *******************************************************************************
  77:Generated_Source\PSoC5/ADC_DelSig_1.c **** *
  78:Generated_Source\PSoC5/ADC_DelSig_1.c **** * Summary:
  79:Generated_Source\PSoC5/ADC_DelSig_1.c **** *  Initialize component's parameters to the parameters set by user in the
  80:Generated_Source\PSoC5/ADC_DelSig_1.c **** *  customizer of the component placed onto schematic. Usually called in
  81:Generated_Source\PSoC5/ADC_DelSig_1.c **** * ADC_DelSig_1_Start().
  82:Generated_Source\PSoC5/ADC_DelSig_1.c **** *
  83:Generated_Source\PSoC5/ADC_DelSig_1.c **** *
  84:Generated_Source\PSoC5/ADC_DelSig_1.c **** * Parameters:
  85:Generated_Source\PSoC5/ADC_DelSig_1.c **** *  None
  86:Generated_Source\PSoC5/ADC_DelSig_1.c **** *
  87:Generated_Source\PSoC5/ADC_DelSig_1.c **** * Return:
  88:Generated_Source\PSoC5/ADC_DelSig_1.c **** *  None
ARM GAS  C:\Users\elias\AppData\Local\Temp\ccZ9bC31.s 			page 3


  89:Generated_Source\PSoC5/ADC_DelSig_1.c **** *
  90:Generated_Source\PSoC5/ADC_DelSig_1.c **** *******************************************************************************/
  91:Generated_Source\PSoC5/ADC_DelSig_1.c **** void ADC_DelSig_1_Init(void) 
  92:Generated_Source\PSoC5/ADC_DelSig_1.c **** {
  93:Generated_Source\PSoC5/ADC_DelSig_1.c **** 
  94:Generated_Source\PSoC5/ADC_DelSig_1.c ****     ADC_DelSig_1_Config = 1u;
  95:Generated_Source\PSoC5/ADC_DelSig_1.c ****     ADC_DelSig_1_convDone = 0u;
  96:Generated_Source\PSoC5/ADC_DelSig_1.c **** 
  97:Generated_Source\PSoC5/ADC_DelSig_1.c ****     ADC_DelSig_1_Ext_CP_Clk_SetMode(CYCLK_DUTY);
  98:Generated_Source\PSoC5/ADC_DelSig_1.c **** 
  99:Generated_Source\PSoC5/ADC_DelSig_1.c ****     /* This is only valid if there is an internal clock */
 100:Generated_Source\PSoC5/ADC_DelSig_1.c ****     #if(ADC_DelSig_1_DEFAULT_INTERNAL_CLK)
 101:Generated_Source\PSoC5/ADC_DelSig_1.c ****         ADC_DelSig_1_theACLK_SetMode(CYCLK_DUTY);
 102:Generated_Source\PSoC5/ADC_DelSig_1.c ****     #endif /* ADC_DelSig_1_DEFAULT_INTERNAL_CLK */
 103:Generated_Source\PSoC5/ADC_DelSig_1.c **** 
 104:Generated_Source\PSoC5/ADC_DelSig_1.c ****     #if(ADC_DelSig_1_IRQ_REMOVE == 0u)
 105:Generated_Source\PSoC5/ADC_DelSig_1.c ****         /* Set interrupt priority */
 106:Generated_Source\PSoC5/ADC_DelSig_1.c ****         CyIntSetPriority(ADC_DelSig_1_INTC_NUMBER, ADC_DelSig_1_INTC_PRIOR_NUMBER);
 107:Generated_Source\PSoC5/ADC_DelSig_1.c ****     #endif   /* End ADC_DelSig_1_IRQ_REMOVE */
 108:Generated_Source\PSoC5/ADC_DelSig_1.c **** 
 109:Generated_Source\PSoC5/ADC_DelSig_1.c ****     /* Init static registers with common configuration */
 110:Generated_Source\PSoC5/ADC_DelSig_1.c ****     ADC_DelSig_1_DSM_DEM0_REG    = ADC_DelSig_1_CFG1_DSM_DEM0;
 111:Generated_Source\PSoC5/ADC_DelSig_1.c ****     ADC_DelSig_1_DSM_DEM1_REG    = ADC_DelSig_1_CFG1_DSM_DEM1;
 112:Generated_Source\PSoC5/ADC_DelSig_1.c ****     ADC_DelSig_1_DSM_MISC_REG    = ADC_DelSig_1_CFG1_DSM_MISC;
 113:Generated_Source\PSoC5/ADC_DelSig_1.c ****     ADC_DelSig_1_DSM_CLK_REG    |= ADC_DelSig_1_CFG1_DSM_CLK;
 114:Generated_Source\PSoC5/ADC_DelSig_1.c ****     ADC_DelSig_1_DSM_REF1_REG    = ADC_DelSig_1_CFG1_DSM_REF1;
 115:Generated_Source\PSoC5/ADC_DelSig_1.c **** 
 116:Generated_Source\PSoC5/ADC_DelSig_1.c ****     ADC_DelSig_1_DSM_OUT0_REG    = ADC_DelSig_1_CFG1_DSM_OUT0;
 117:Generated_Source\PSoC5/ADC_DelSig_1.c ****     ADC_DelSig_1_DSM_OUT1_REG    = ADC_DelSig_1_CFG1_DSM_OUT1;
 118:Generated_Source\PSoC5/ADC_DelSig_1.c **** 
 119:Generated_Source\PSoC5/ADC_DelSig_1.c ****     ADC_DelSig_1_DSM_CR0_REG     = ADC_DelSig_1_CFG1_DSM_CR0;
 120:Generated_Source\PSoC5/ADC_DelSig_1.c ****     ADC_DelSig_1_DSM_CR1_REG     = ADC_DelSig_1_CFG1_DSM_CR1;
 121:Generated_Source\PSoC5/ADC_DelSig_1.c **** #if(ADC_DelSig_1_MI_ENABLE != 0u) /* Enable Modulator Input */
 122:Generated_Source\PSoC5/ADC_DelSig_1.c ****     ADC_DelSig_1_DSM_CR3_REG     |= ADC_DelSig_1_DSM_MODBIT_EN;
 123:Generated_Source\PSoC5/ADC_DelSig_1.c **** #else
 124:Generated_Source\PSoC5/ADC_DelSig_1.c ****     ADC_DelSig_1_DSM_CR3_REG     = ADC_DelSig_1_CFG1_DSM_CR3;
 125:Generated_Source\PSoC5/ADC_DelSig_1.c **** #endif /* ADC_DelSig_1_MI_ENABLE != 0u*/    
 126:Generated_Source\PSoC5/ADC_DelSig_1.c ****     ADC_DelSig_1_DSM_CR8_REG     = ADC_DelSig_1_CFG1_DSM_CR8;
 127:Generated_Source\PSoC5/ADC_DelSig_1.c ****     ADC_DelSig_1_DSM_CR9_REG     = ADC_DelSig_1_CFG1_DSM_CR9;
 128:Generated_Source\PSoC5/ADC_DelSig_1.c ****     ADC_DelSig_1_DSM_CR13_REG    = ADC_DelSig_1_CFG1_DSM_CR13;
 129:Generated_Source\PSoC5/ADC_DelSig_1.c **** 
 130:Generated_Source\PSoC5/ADC_DelSig_1.c ****     ADC_DelSig_1_DEC_SR_REG      = ADC_DelSig_1_CFG1_DEC_SR;
 131:Generated_Source\PSoC5/ADC_DelSig_1.c **** 
 132:Generated_Source\PSoC5/ADC_DelSig_1.c ****     /* Calculate Gain compensation coefficients for all configurations */
 133:Generated_Source\PSoC5/ADC_DelSig_1.c ****     ADC_DelSig_1_GainCompensation(ADC_DelSig_1_CFG1_INPUT_RANGE,
 134:Generated_Source\PSoC5/ADC_DelSig_1.c ****                                       ADC_DelSig_1_CFG1_IDEAL_DEC_GAIN,
 135:Generated_Source\PSoC5/ADC_DelSig_1.c ****                                       ADC_DelSig_1_CFG1_IDEAL_ODDDEC_GAIN,
 136:Generated_Source\PSoC5/ADC_DelSig_1.c ****                                       ADC_DelSig_1_CFG1_RESOLUTION,
 137:Generated_Source\PSoC5/ADC_DelSig_1.c ****                                       ADC_DelSig_1_CFG1);
 138:Generated_Source\PSoC5/ADC_DelSig_1.c ****     #if(ADC_DelSig_1_DEFAULT_NUM_CONFIGS > 1)
 139:Generated_Source\PSoC5/ADC_DelSig_1.c ****         ADC_DelSig_1_GainCompensation(ADC_DelSig_1_CFG2_INPUT_RANGE,
 140:Generated_Source\PSoC5/ADC_DelSig_1.c ****                                           ADC_DelSig_1_CFG2_IDEAL_DEC_GAIN,
 141:Generated_Source\PSoC5/ADC_DelSig_1.c ****                                           ADC_DelSig_1_CFG2_IDEAL_ODDDEC_GAIN,
 142:Generated_Source\PSoC5/ADC_DelSig_1.c ****                                           ADC_DelSig_1_CFG2_RESOLUTION,
 143:Generated_Source\PSoC5/ADC_DelSig_1.c ****                                           ADC_DelSig_1_CFG2);
 144:Generated_Source\PSoC5/ADC_DelSig_1.c ****     #endif /* ADC_DelSig_1_DEFAULT_NUM_CONFIGS > 1 */
 145:Generated_Source\PSoC5/ADC_DelSig_1.c ****     #if(ADC_DelSig_1_DEFAULT_NUM_CONFIGS > 2)
ARM GAS  C:\Users\elias\AppData\Local\Temp\ccZ9bC31.s 			page 4


 146:Generated_Source\PSoC5/ADC_DelSig_1.c ****         ADC_DelSig_1_GainCompensation(ADC_DelSig_1_CFG3_INPUT_RANGE,
 147:Generated_Source\PSoC5/ADC_DelSig_1.c ****                                           ADC_DelSig_1_CFG3_IDEAL_DEC_GAIN,
 148:Generated_Source\PSoC5/ADC_DelSig_1.c ****                                           ADC_DelSig_1_CFG3_IDEAL_ODDDEC_GAIN,
 149:Generated_Source\PSoC5/ADC_DelSig_1.c ****                                           ADC_DelSig_1_CFG3_RESOLUTION,
 150:Generated_Source\PSoC5/ADC_DelSig_1.c ****                                           ADC_DelSig_1_CFG3);
 151:Generated_Source\PSoC5/ADC_DelSig_1.c ****     #endif /* ADC_DelSig_1_DEFAULT_NUM_CONFIGS > 2 */
 152:Generated_Source\PSoC5/ADC_DelSig_1.c ****     #if(ADC_DelSig_1_DEFAULT_NUM_CONFIGS > 3)
 153:Generated_Source\PSoC5/ADC_DelSig_1.c ****         ADC_DelSig_1_GainCompensation(ADC_DelSig_1_CFG4_INPUT_RANGE,
 154:Generated_Source\PSoC5/ADC_DelSig_1.c ****                                           ADC_DelSig_1_CFG4_IDEAL_DEC_GAIN,
 155:Generated_Source\PSoC5/ADC_DelSig_1.c ****                                           ADC_DelSig_1_CFG4_IDEAL_ODDDEC_GAIN,
 156:Generated_Source\PSoC5/ADC_DelSig_1.c ****                                           ADC_DelSig_1_CFG4_RESOLUTION,
 157:Generated_Source\PSoC5/ADC_DelSig_1.c ****                                           ADC_DelSig_1_CFG4);
 158:Generated_Source\PSoC5/ADC_DelSig_1.c ****     #endif /* ADC_DelSig_1_DEFAULT_NUM_CONFIGS > 3 */
 159:Generated_Source\PSoC5/ADC_DelSig_1.c **** 
 160:Generated_Source\PSoC5/ADC_DelSig_1.c ****     /* Set GCOR register for config1 */
 161:Generated_Source\PSoC5/ADC_DelSig_1.c ****     ADC_DelSig_1_DEC_GVAL_REG = ADC_DelSig_1_gcor[ADC_DelSig_1_Config - 1u].gval;
 162:Generated_Source\PSoC5/ADC_DelSig_1.c ****     CY_SET_REG16(ADC_DelSig_1_DEC_GCOR_16B_PTR, ADC_DelSig_1_gcor[ADC_DelSig_1_Config - 1u].gcor);
 163:Generated_Source\PSoC5/ADC_DelSig_1.c **** 
 164:Generated_Source\PSoC5/ADC_DelSig_1.c ****     /* Initialize the registers with default customizer settings for config1 */
 165:Generated_Source\PSoC5/ADC_DelSig_1.c ****     ADC_DelSig_1_InitConfig(ADC_DelSig_1_Config);
 166:Generated_Source\PSoC5/ADC_DelSig_1.c **** }
 167:Generated_Source\PSoC5/ADC_DelSig_1.c **** 
 168:Generated_Source\PSoC5/ADC_DelSig_1.c **** 
 169:Generated_Source\PSoC5/ADC_DelSig_1.c **** /******************************************************************************
 170:Generated_Source\PSoC5/ADC_DelSig_1.c **** * Function Name: ADC_DelSig_1_Enable
 171:Generated_Source\PSoC5/ADC_DelSig_1.c **** *******************************************************************************
 172:Generated_Source\PSoC5/ADC_DelSig_1.c **** *
 173:Generated_Source\PSoC5/ADC_DelSig_1.c **** * Summary:
 174:Generated_Source\PSoC5/ADC_DelSig_1.c **** *  Enables the ADC DelSig block operation.
 175:Generated_Source\PSoC5/ADC_DelSig_1.c **** *
 176:Generated_Source\PSoC5/ADC_DelSig_1.c **** * Parameters:
 177:Generated_Source\PSoC5/ADC_DelSig_1.c **** *  None
 178:Generated_Source\PSoC5/ADC_DelSig_1.c **** *
 179:Generated_Source\PSoC5/ADC_DelSig_1.c **** * Return:
 180:Generated_Source\PSoC5/ADC_DelSig_1.c **** *  None
 181:Generated_Source\PSoC5/ADC_DelSig_1.c **** *
 182:Generated_Source\PSoC5/ADC_DelSig_1.c **** * Side Effects: 
 183:Generated_Source\PSoC5/ADC_DelSig_1.c **** *  Enables internal interrupt.
 184:Generated_Source\PSoC5/ADC_DelSig_1.c **** *
 185:Generated_Source\PSoC5/ADC_DelSig_1.c **** *******************************************************************************/
 186:Generated_Source\PSoC5/ADC_DelSig_1.c **** void ADC_DelSig_1_Enable(void) 
 187:Generated_Source\PSoC5/ADC_DelSig_1.c **** {
 188:Generated_Source\PSoC5/ADC_DelSig_1.c **** 	uint8 config;
 189:Generated_Source\PSoC5/ADC_DelSig_1.c ****     uint8 enableInterrupts;
 190:Generated_Source\PSoC5/ADC_DelSig_1.c ****     enableInterrupts = CyEnterCriticalSection();
 191:Generated_Source\PSoC5/ADC_DelSig_1.c **** 
 192:Generated_Source\PSoC5/ADC_DelSig_1.c ****     /* Read volatile variable to the local variable */
 193:Generated_Source\PSoC5/ADC_DelSig_1.c ****     config = ADC_DelSig_1_Config;
 194:Generated_Source\PSoC5/ADC_DelSig_1.c ****     
 195:Generated_Source\PSoC5/ADC_DelSig_1.c ****     /* Enable active mode power for ADC */
 196:Generated_Source\PSoC5/ADC_DelSig_1.c ****     ADC_DelSig_1_PWRMGR_DEC_REG |= ADC_DelSig_1_ACT_PWR_DEC_EN;
 197:Generated_Source\PSoC5/ADC_DelSig_1.c ****     ADC_DelSig_1_PWRMGR_DSM_REG |= ADC_DelSig_1_ACT_PWR_DSM_EN;
 198:Generated_Source\PSoC5/ADC_DelSig_1.c **** 
 199:Generated_Source\PSoC5/ADC_DelSig_1.c ****      /* Enable alternative active mode power for ADC */
 200:Generated_Source\PSoC5/ADC_DelSig_1.c ****     ADC_DelSig_1_STBY_PWRMGR_DEC_REG |= ADC_DelSig_1_STBY_PWR_DEC_EN;
 201:Generated_Source\PSoC5/ADC_DelSig_1.c ****     ADC_DelSig_1_STBY_PWRMGR_DSM_REG |= ADC_DelSig_1_STBY_PWR_DSM_EN;
 202:Generated_Source\PSoC5/ADC_DelSig_1.c **** 
ARM GAS  C:\Users\elias\AppData\Local\Temp\ccZ9bC31.s 			page 5


 203:Generated_Source\PSoC5/ADC_DelSig_1.c ****     /* Disable PRES, Enable power to VCMBUF0, REFBUF0 and REFBUF1, enable PRES */
 204:Generated_Source\PSoC5/ADC_DelSig_1.c ****     ADC_DelSig_1_RESET_CR4_REG |= ADC_DelSig_1_IGNORE_PRESA1;
 205:Generated_Source\PSoC5/ADC_DelSig_1.c ****     ADC_DelSig_1_RESET_CR5_REG |= ADC_DelSig_1_IGNORE_PRESA2;
 206:Generated_Source\PSoC5/ADC_DelSig_1.c **** 
 207:Generated_Source\PSoC5/ADC_DelSig_1.c ****     ADC_DelSig_1_DSM_CR17_REG |= (ADC_DelSig_1_DSM_EN_BUF_VREF | ADC_DelSig_1_DSM_EN_BUF_VCM);
 208:Generated_Source\PSoC5/ADC_DelSig_1.c **** 
 209:Generated_Source\PSoC5/ADC_DelSig_1.c ****     /* Code to disable the REFBUF0 if reference chosen is External ref */
 210:Generated_Source\PSoC5/ADC_DelSig_1.c ****     #if (((ADC_DelSig_1_CFG1_REFERENCE == ADC_DelSig_1_EXT_REF_ON_P03) || \
 211:Generated_Source\PSoC5/ADC_DelSig_1.c ****           (ADC_DelSig_1_CFG1_REFERENCE == ADC_DelSig_1_EXT_REF_ON_P32)) || \
 212:Generated_Source\PSoC5/ADC_DelSig_1.c ****          ((ADC_DelSig_1_DEFAULT_NUM_CONFIGS > 1) && \
 213:Generated_Source\PSoC5/ADC_DelSig_1.c ****           ((ADC_DelSig_1_CFG2_REFERENCE == ADC_DelSig_1_EXT_REF_ON_P03) ||  \
 214:Generated_Source\PSoC5/ADC_DelSig_1.c ****            (ADC_DelSig_1_CFG2_REFERENCE == ADC_DelSig_1_EXT_REF_ON_P32))) || \
 215:Generated_Source\PSoC5/ADC_DelSig_1.c ****          ((ADC_DelSig_1_DEFAULT_NUM_CONFIGS > 2) && \
 216:Generated_Source\PSoC5/ADC_DelSig_1.c ****           ((ADC_DelSig_1_CFG3_REFERENCE == ADC_DelSig_1_EXT_REF_ON_P03) ||  \
 217:Generated_Source\PSoC5/ADC_DelSig_1.c ****            (ADC_DelSig_1_CFG3_REFERENCE == ADC_DelSig_1_EXT_REF_ON_P32))) || \
 218:Generated_Source\PSoC5/ADC_DelSig_1.c ****          ((ADC_DelSig_1_DEFAULT_NUM_CONFIGS > 3) && \
 219:Generated_Source\PSoC5/ADC_DelSig_1.c ****           ((ADC_DelSig_1_CFG4_REFERENCE == ADC_DelSig_1_EXT_REF_ON_P03) || \
 220:Generated_Source\PSoC5/ADC_DelSig_1.c ****            (ADC_DelSig_1_CFG4_REFERENCE == ADC_DelSig_1_EXT_REF_ON_P32))))
 221:Generated_Source\PSoC5/ADC_DelSig_1.c ****         if (((config == 1u) &&
 222:Generated_Source\PSoC5/ADC_DelSig_1.c ****             ((ADC_DelSig_1_CFG1_REFERENCE == ADC_DelSig_1_EXT_REF_ON_P03) ||
 223:Generated_Source\PSoC5/ADC_DelSig_1.c ****              (ADC_DelSig_1_CFG1_REFERENCE == ADC_DelSig_1_EXT_REF_ON_P32))) ||
 224:Generated_Source\PSoC5/ADC_DelSig_1.c ****             ((config == 2u) &&
 225:Generated_Source\PSoC5/ADC_DelSig_1.c ****             ((ADC_DelSig_1_CFG2_REFERENCE == ADC_DelSig_1_EXT_REF_ON_P03) ||
 226:Generated_Source\PSoC5/ADC_DelSig_1.c ****              (ADC_DelSig_1_CFG2_REFERENCE == ADC_DelSig_1_EXT_REF_ON_P32))) ||
 227:Generated_Source\PSoC5/ADC_DelSig_1.c ****             ((config == 3u) &&
 228:Generated_Source\PSoC5/ADC_DelSig_1.c ****             ((ADC_DelSig_1_CFG3_REFERENCE == ADC_DelSig_1_EXT_REF_ON_P03) ||
 229:Generated_Source\PSoC5/ADC_DelSig_1.c ****              (ADC_DelSig_1_CFG3_REFERENCE == ADC_DelSig_1_EXT_REF_ON_P32))) ||
 230:Generated_Source\PSoC5/ADC_DelSig_1.c ****             ((config == 4u) &&
 231:Generated_Source\PSoC5/ADC_DelSig_1.c ****             ((ADC_DelSig_1_CFG4_REFERENCE == ADC_DelSig_1_EXT_REF_ON_P03) ||
 232:Generated_Source\PSoC5/ADC_DelSig_1.c ****              (ADC_DelSig_1_CFG4_REFERENCE == ADC_DelSig_1_EXT_REF_ON_P32))))
 233:Generated_Source\PSoC5/ADC_DelSig_1.c ****         {
 234:Generated_Source\PSoC5/ADC_DelSig_1.c ****             /* Disable the REFBUF0 */
 235:Generated_Source\PSoC5/ADC_DelSig_1.c ****             ADC_DelSig_1_DSM_CR17_REG &= (uint8)~ADC_DelSig_1_DSM_EN_BUF_VREF;
 236:Generated_Source\PSoC5/ADC_DelSig_1.c ****         }
 237:Generated_Source\PSoC5/ADC_DelSig_1.c ****     #endif /* External ref */
 238:Generated_Source\PSoC5/ADC_DelSig_1.c **** 
 239:Generated_Source\PSoC5/ADC_DelSig_1.c ****     #if (((ADC_DelSig_1_CFG1_INPUT_RANGE == ADC_DelSig_1_IR_VSSA_TO_2VREF) || \
 240:Generated_Source\PSoC5/ADC_DelSig_1.c ****          ((ADC_DelSig_1_DEFAULT_NUM_CONFIGS > 1) && \
 241:Generated_Source\PSoC5/ADC_DelSig_1.c ****           (ADC_DelSig_1_CFG2_INPUT_RANGE == ADC_DelSig_1_IR_VSSA_TO_2VREF)) || \
 242:Generated_Source\PSoC5/ADC_DelSig_1.c ****          ((ADC_DelSig_1_DEFAULT_NUM_CONFIGS > 2) && \
 243:Generated_Source\PSoC5/ADC_DelSig_1.c ****           (ADC_DelSig_1_CFG3_INPUT_RANGE == ADC_DelSig_1_IR_VSSA_TO_2VREF)) || \
 244:Generated_Source\PSoC5/ADC_DelSig_1.c ****          ((ADC_DelSig_1_DEFAULT_NUM_CONFIGS > 3) && \
 245:Generated_Source\PSoC5/ADC_DelSig_1.c ****           (ADC_DelSig_1_CFG4_INPUT_RANGE == ADC_DelSig_1_IR_VSSA_TO_2VREF))))
 246:Generated_Source\PSoC5/ADC_DelSig_1.c ****         if(((config == 1u) &&
 247:Generated_Source\PSoC5/ADC_DelSig_1.c ****             (ADC_DelSig_1_CFG1_INPUT_RANGE == ADC_DelSig_1_IR_VSSA_TO_2VREF) &&
 248:Generated_Source\PSoC5/ADC_DelSig_1.c ****             ((ADC_DelSig_1_CFG1_REFERENCE != ADC_DelSig_1_EXT_REF_ON_P03) &&
 249:Generated_Source\PSoC5/ADC_DelSig_1.c ****              (ADC_DelSig_1_CFG1_REFERENCE != ADC_DelSig_1_EXT_REF_ON_P32))) ||
 250:Generated_Source\PSoC5/ADC_DelSig_1.c ****              ((config == 2u) &&
 251:Generated_Source\PSoC5/ADC_DelSig_1.c ****               (ADC_DelSig_1_CFG2_INPUT_RANGE == ADC_DelSig_1_IR_VSSA_TO_2VREF) &&
 252:Generated_Source\PSoC5/ADC_DelSig_1.c ****              ((ADC_DelSig_1_CFG2_REFERENCE != ADC_DelSig_1_EXT_REF_ON_P03) &&
 253:Generated_Source\PSoC5/ADC_DelSig_1.c ****              (ADC_DelSig_1_CFG2_REFERENCE != ADC_DelSig_1_EXT_REF_ON_P32))) ||
 254:Generated_Source\PSoC5/ADC_DelSig_1.c ****              ((config == 3u) &&
 255:Generated_Source\PSoC5/ADC_DelSig_1.c ****               (ADC_DelSig_1_CFG3_INPUT_RANGE == ADC_DelSig_1_IR_VSSA_TO_2VREF) &&
 256:Generated_Source\PSoC5/ADC_DelSig_1.c ****              ((ADC_DelSig_1_CFG3_REFERENCE != ADC_DelSig_1_EXT_REF_ON_P03) &&
 257:Generated_Source\PSoC5/ADC_DelSig_1.c ****              (ADC_DelSig_1_CFG3_REFERENCE != ADC_DelSig_1_EXT_REF_ON_P32))) ||
 258:Generated_Source\PSoC5/ADC_DelSig_1.c ****              ((config == 4u) &&
 259:Generated_Source\PSoC5/ADC_DelSig_1.c ****               (ADC_DelSig_1_CFG4_INPUT_RANGE == ADC_DelSig_1_IR_VSSA_TO_2VREF) &&
ARM GAS  C:\Users\elias\AppData\Local\Temp\ccZ9bC31.s 			page 6


 260:Generated_Source\PSoC5/ADC_DelSig_1.c ****              ((ADC_DelSig_1_CFG4_REFERENCE != ADC_DelSig_1_EXT_REF_ON_P03) &&
 261:Generated_Source\PSoC5/ADC_DelSig_1.c ****              (ADC_DelSig_1_CFG4_REFERENCE != ADC_DelSig_1_EXT_REF_ON_P32))))
 262:Generated_Source\PSoC5/ADC_DelSig_1.c ****         {
 263:Generated_Source\PSoC5/ADC_DelSig_1.c ****             /* Enable the REFBUF1 */
 264:Generated_Source\PSoC5/ADC_DelSig_1.c ****             ADC_DelSig_1_DSM_REF0_REG |= ADC_DelSig_1_DSM_EN_BUF_VREF_INN;
 265:Generated_Source\PSoC5/ADC_DelSig_1.c ****         }
 266:Generated_Source\PSoC5/ADC_DelSig_1.c ****     #endif /* VSSA_TO_2VREF */
 267:Generated_Source\PSoC5/ADC_DelSig_1.c ****     if(config != 0u)
 268:Generated_Source\PSoC5/ADC_DelSig_1.c ****     {
 269:Generated_Source\PSoC5/ADC_DelSig_1.c ****         /* Suppress compiler warning */
 270:Generated_Source\PSoC5/ADC_DelSig_1.c ****     }
 271:Generated_Source\PSoC5/ADC_DelSig_1.c **** 
 272:Generated_Source\PSoC5/ADC_DelSig_1.c ****     /* Wait for 3 microseconds */
 273:Generated_Source\PSoC5/ADC_DelSig_1.c ****     CyDelayUs(ADC_DelSig_1_PRES_DELAY_TIME);
 274:Generated_Source\PSoC5/ADC_DelSig_1.c **** 
 275:Generated_Source\PSoC5/ADC_DelSig_1.c ****     /* Enable the press circuit */
 276:Generated_Source\PSoC5/ADC_DelSig_1.c ****     ADC_DelSig_1_RESET_CR4_REG &= (uint8)~ADC_DelSig_1_IGNORE_PRESA1;
 277:Generated_Source\PSoC5/ADC_DelSig_1.c ****     ADC_DelSig_1_RESET_CR5_REG &= (uint8)~ADC_DelSig_1_IGNORE_PRESA2;
 278:Generated_Source\PSoC5/ADC_DelSig_1.c **** 
 279:Generated_Source\PSoC5/ADC_DelSig_1.c ****     /* Enable negative pumps for DSM  */
 280:Generated_Source\PSoC5/ADC_DelSig_1.c ****     ADC_DelSig_1_PUMP_CR1_REG  |= ( ADC_DelSig_1_PUMP_CR1_CLKSEL | ADC_DelSig_1_PUMP_CR1_FORCE );
 281:Generated_Source\PSoC5/ADC_DelSig_1.c **** 
 282:Generated_Source\PSoC5/ADC_DelSig_1.c ****     /* Enable Modulator Chopping if required */
 283:Generated_Source\PSoC5/ADC_DelSig_1.c ****     ADC_DelSig_1_DSM_CR2_REG = ADC_DelSig_1_CFG1_DSM_CR2;
 284:Generated_Source\PSoC5/ADC_DelSig_1.c **** 
 285:Generated_Source\PSoC5/ADC_DelSig_1.c ****     /* This is only valid if there is an internal clock */
 286:Generated_Source\PSoC5/ADC_DelSig_1.c ****     #if(ADC_DelSig_1_DEFAULT_INTERNAL_CLK)
 287:Generated_Source\PSoC5/ADC_DelSig_1.c ****         ADC_DelSig_1_PWRMGR_CLK_REG |= ADC_DelSig_1_ACT_PWR_CLK_EN;
 288:Generated_Source\PSoC5/ADC_DelSig_1.c ****         ADC_DelSig_1_STBY_PWRMGR_CLK_REG |= ADC_DelSig_1_STBY_PWR_CLK_EN;
 289:Generated_Source\PSoC5/ADC_DelSig_1.c ****     #endif /* ADC_DelSig_1_DEFAULT_INTERNAL_CLK */
 290:Generated_Source\PSoC5/ADC_DelSig_1.c **** 
 291:Generated_Source\PSoC5/ADC_DelSig_1.c ****     /* Enable the active and alternate active power for charge pump clock */
 292:Generated_Source\PSoC5/ADC_DelSig_1.c ****     ADC_DelSig_1_PWRMGR_CHARGE_PUMP_CLK_REG |= ADC_DelSig_1_ACT_PWR_CHARGE_PUMP_CLK_EN;
 293:Generated_Source\PSoC5/ADC_DelSig_1.c ****     ADC_DelSig_1_STBY_PWRMGR_CHARGE_PUMP_CLK_REG |= ADC_DelSig_1_STBY_PWR_CHARGE_PUMP_CLK_EN;
 294:Generated_Source\PSoC5/ADC_DelSig_1.c **** 
 295:Generated_Source\PSoC5/ADC_DelSig_1.c ****     #if(ADC_DelSig_1_IRQ_REMOVE == 0u)
 296:Generated_Source\PSoC5/ADC_DelSig_1.c ****         /* Clear a pending interrupt */
 297:Generated_Source\PSoC5/ADC_DelSig_1.c ****         CyIntClearPending(ADC_DelSig_1_INTC_NUMBER);
 298:Generated_Source\PSoC5/ADC_DelSig_1.c ****         /* Enable interrupt */
 299:Generated_Source\PSoC5/ADC_DelSig_1.c ****         CyIntEnable(ADC_DelSig_1_INTC_NUMBER);
 300:Generated_Source\PSoC5/ADC_DelSig_1.c ****     #endif   /* End ADC_DelSig_1_IRQ_REMOVE */
 301:Generated_Source\PSoC5/ADC_DelSig_1.c **** 
 302:Generated_Source\PSoC5/ADC_DelSig_1.c ****     CyExitCriticalSection(enableInterrupts);
 303:Generated_Source\PSoC5/ADC_DelSig_1.c **** 
 304:Generated_Source\PSoC5/ADC_DelSig_1.c **** }
 305:Generated_Source\PSoC5/ADC_DelSig_1.c **** 
 306:Generated_Source\PSoC5/ADC_DelSig_1.c **** 
 307:Generated_Source\PSoC5/ADC_DelSig_1.c **** /*******************************************************************************
 308:Generated_Source\PSoC5/ADC_DelSig_1.c **** * Function Name: ADC_DelSig_1_Start
 309:Generated_Source\PSoC5/ADC_DelSig_1.c **** ********************************************************************************
 310:Generated_Source\PSoC5/ADC_DelSig_1.c **** *
 311:Generated_Source\PSoC5/ADC_DelSig_1.c **** * Summary:
 312:Generated_Source\PSoC5/ADC_DelSig_1.c **** *  Performs all required initialization for this component and enables
 313:Generated_Source\PSoC5/ADC_DelSig_1.c **** *  the power. It configure all the register the first time it is called.
 314:Generated_Source\PSoC5/ADC_DelSig_1.c **** *  Subsequent calls of the Start function only enable the ADC and turn
 315:Generated_Source\PSoC5/ADC_DelSig_1.c **** *  on the power. If multiple configurations are selected, it will
 316:Generated_Source\PSoC5/ADC_DelSig_1.c **** *  configure the ADC for configuration 1 by default, unless the
ARM GAS  C:\Users\elias\AppData\Local\Temp\ccZ9bC31.s 			page 7


 317:Generated_Source\PSoC5/ADC_DelSig_1.c **** *  ADC_DelSig_1_SelectConfiguration( ) function has been called to change
 318:Generated_Source\PSoC5/ADC_DelSig_1.c **** *  the default setting.
 319:Generated_Source\PSoC5/ADC_DelSig_1.c **** *
 320:Generated_Source\PSoC5/ADC_DelSig_1.c **** * Parameters:
 321:Generated_Source\PSoC5/ADC_DelSig_1.c **** *  None
 322:Generated_Source\PSoC5/ADC_DelSig_1.c **** *
 323:Generated_Source\PSoC5/ADC_DelSig_1.c **** * Return:
 324:Generated_Source\PSoC5/ADC_DelSig_1.c **** *  None
 325:Generated_Source\PSoC5/ADC_DelSig_1.c **** *
 326:Generated_Source\PSoC5/ADC_DelSig_1.c **** * Global variables:
 327:Generated_Source\PSoC5/ADC_DelSig_1.c **** *  ADC_DelSig_1_initVar:  Used to check the initial configuration,
 328:Generated_Source\PSoC5/ADC_DelSig_1.c **** *  modified when this function is called for the first time.
 329:Generated_Source\PSoC5/ADC_DelSig_1.c **** *
 330:Generated_Source\PSoC5/ADC_DelSig_1.c **** * Side Effects: 
 331:Generated_Source\PSoC5/ADC_DelSig_1.c **** *  Enables internal interrupt.
 332:Generated_Source\PSoC5/ADC_DelSig_1.c **** *
 333:Generated_Source\PSoC5/ADC_DelSig_1.c **** *******************************************************************************/
 334:Generated_Source\PSoC5/ADC_DelSig_1.c **** void ADC_DelSig_1_Start(void) 
 335:Generated_Source\PSoC5/ADC_DelSig_1.c **** {
 336:Generated_Source\PSoC5/ADC_DelSig_1.c ****     if(ADC_DelSig_1_initVar == 0u)
 337:Generated_Source\PSoC5/ADC_DelSig_1.c ****     {
 338:Generated_Source\PSoC5/ADC_DelSig_1.c ****         if(ADC_DelSig_1_started == 0u)
 339:Generated_Source\PSoC5/ADC_DelSig_1.c ****         {
 340:Generated_Source\PSoC5/ADC_DelSig_1.c ****             ADC_DelSig_1_Init();
 341:Generated_Source\PSoC5/ADC_DelSig_1.c ****         }
 342:Generated_Source\PSoC5/ADC_DelSig_1.c ****         ADC_DelSig_1_initVar = 1u;
 343:Generated_Source\PSoC5/ADC_DelSig_1.c ****     }
 344:Generated_Source\PSoC5/ADC_DelSig_1.c **** 
 345:Generated_Source\PSoC5/ADC_DelSig_1.c ****     /* Enable the ADC */
 346:Generated_Source\PSoC5/ADC_DelSig_1.c ****     ADC_DelSig_1_Enable();
 347:Generated_Source\PSoC5/ADC_DelSig_1.c **** }
 348:Generated_Source\PSoC5/ADC_DelSig_1.c **** 
 349:Generated_Source\PSoC5/ADC_DelSig_1.c **** 
 350:Generated_Source\PSoC5/ADC_DelSig_1.c **** /*******************************************************************************
 351:Generated_Source\PSoC5/ADC_DelSig_1.c **** * Function Name: ADC_DelSig_1_Stop
 352:Generated_Source\PSoC5/ADC_DelSig_1.c **** ********************************************************************************
 353:Generated_Source\PSoC5/ADC_DelSig_1.c **** *
 354:Generated_Source\PSoC5/ADC_DelSig_1.c **** * Summary:
 355:Generated_Source\PSoC5/ADC_DelSig_1.c **** *  This function stops and powers down the ADC component and the internal
 356:Generated_Source\PSoC5/ADC_DelSig_1.c **** *  clock if the external clock is not selected. If an external clock is
 357:Generated_Source\PSoC5/ADC_DelSig_1.c **** *  used, it is up to the designer to power down the external clock it
 358:Generated_Source\PSoC5/ADC_DelSig_1.c **** *  required.
 359:Generated_Source\PSoC5/ADC_DelSig_1.c **** *
 360:Generated_Source\PSoC5/ADC_DelSig_1.c **** * Parameters:
 361:Generated_Source\PSoC5/ADC_DelSig_1.c **** *  None
 362:Generated_Source\PSoC5/ADC_DelSig_1.c **** *
 363:Generated_Source\PSoC5/ADC_DelSig_1.c **** * Return:
 364:Generated_Source\PSoC5/ADC_DelSig_1.c **** *  None
 365:Generated_Source\PSoC5/ADC_DelSig_1.c **** *
 366:Generated_Source\PSoC5/ADC_DelSig_1.c **** *******************************************************************************/
 367:Generated_Source\PSoC5/ADC_DelSig_1.c **** void ADC_DelSig_1_Stop(void) 
 368:Generated_Source\PSoC5/ADC_DelSig_1.c **** {
 369:Generated_Source\PSoC5/ADC_DelSig_1.c ****     uint8 enableInterrupts;
 370:Generated_Source\PSoC5/ADC_DelSig_1.c ****     enableInterrupts = CyEnterCriticalSection();
 371:Generated_Source\PSoC5/ADC_DelSig_1.c **** 
 372:Generated_Source\PSoC5/ADC_DelSig_1.c ****     /* Stop conversions */
 373:Generated_Source\PSoC5/ADC_DelSig_1.c ****     ADC_DelSig_1_DEC_CR_REG &= (uint8)~ADC_DelSig_1_DEC_START_CONV;
ARM GAS  C:\Users\elias\AppData\Local\Temp\ccZ9bC31.s 			page 8


 374:Generated_Source\PSoC5/ADC_DelSig_1.c ****     ADC_DelSig_1_DEC_SR_REG |=  ADC_DelSig_1_DEC_INTR_CLEAR;
 375:Generated_Source\PSoC5/ADC_DelSig_1.c **** 
 376:Generated_Source\PSoC5/ADC_DelSig_1.c ****     /* Disable PRES, Disable power to VCMBUF0, REFBUF0 and REFBUF1,
 377:Generated_Source\PSoC5/ADC_DelSig_1.c ****        enable PRES */
 378:Generated_Source\PSoC5/ADC_DelSig_1.c ****     ADC_DelSig_1_RESET_CR4_REG |= ADC_DelSig_1_IGNORE_PRESA1;
 379:Generated_Source\PSoC5/ADC_DelSig_1.c ****     ADC_DelSig_1_RESET_CR5_REG |= ADC_DelSig_1_IGNORE_PRESA2;
 380:Generated_Source\PSoC5/ADC_DelSig_1.c **** 
 381:Generated_Source\PSoC5/ADC_DelSig_1.c ****     ADC_DelSig_1_DSM_CR17_REG &= (uint8)~(ADC_DelSig_1_DSM_EN_BUF_VREF | ADC_DelSig_1_DSM_EN_BUF_VC
 382:Generated_Source\PSoC5/ADC_DelSig_1.c ****     ADC_DelSig_1_DSM_REF0_REG &= (uint8)~ADC_DelSig_1_DSM_EN_BUF_VREF_INN;
 383:Generated_Source\PSoC5/ADC_DelSig_1.c **** 
 384:Generated_Source\PSoC5/ADC_DelSig_1.c ****     /* Wait for 3 microseconds. */
 385:Generated_Source\PSoC5/ADC_DelSig_1.c ****     CyDelayUs(ADC_DelSig_1_PRES_DELAY_TIME);
 386:Generated_Source\PSoC5/ADC_DelSig_1.c **** 
 387:Generated_Source\PSoC5/ADC_DelSig_1.c ****     /* Enable the press circuit */
 388:Generated_Source\PSoC5/ADC_DelSig_1.c ****     ADC_DelSig_1_RESET_CR4_REG &= (uint8)~ADC_DelSig_1_IGNORE_PRESA1;
 389:Generated_Source\PSoC5/ADC_DelSig_1.c ****     ADC_DelSig_1_RESET_CR5_REG &= (uint8)~ADC_DelSig_1_IGNORE_PRESA2;
 390:Generated_Source\PSoC5/ADC_DelSig_1.c **** 
 391:Generated_Source\PSoC5/ADC_DelSig_1.c ****     /* Disable power to the ADC */
 392:Generated_Source\PSoC5/ADC_DelSig_1.c ****     ADC_DelSig_1_PWRMGR_DSM_REG &= (uint8)~ADC_DelSig_1_ACT_PWR_DSM_EN;
 393:Generated_Source\PSoC5/ADC_DelSig_1.c **** 
 394:Generated_Source\PSoC5/ADC_DelSig_1.c ****     /* Disable power to Decimator block */
 395:Generated_Source\PSoC5/ADC_DelSig_1.c ****     ADC_DelSig_1_PWRMGR_DEC_REG &= (uint8)~ADC_DelSig_1_ACT_PWR_DEC_EN;
 396:Generated_Source\PSoC5/ADC_DelSig_1.c **** 
 397:Generated_Source\PSoC5/ADC_DelSig_1.c ****     /* Disable alternative active power to the ADC */
 398:Generated_Source\PSoC5/ADC_DelSig_1.c ****     ADC_DelSig_1_STBY_PWRMGR_DEC_REG &= (uint8)~ADC_DelSig_1_STBY_PWR_DEC_EN;
 399:Generated_Source\PSoC5/ADC_DelSig_1.c ****     ADC_DelSig_1_STBY_PWRMGR_DSM_REG &= (uint8)~ADC_DelSig_1_STBY_PWR_DSM_EN;
 400:Generated_Source\PSoC5/ADC_DelSig_1.c **** 
 401:Generated_Source\PSoC5/ADC_DelSig_1.c ****    /* Disable negative pumps for DSM  */
 402:Generated_Source\PSoC5/ADC_DelSig_1.c ****     ADC_DelSig_1_PUMP_CR1_REG &= (uint8)~(ADC_DelSig_1_PUMP_CR1_CLKSEL | ADC_DelSig_1_PUMP_CR1_FORC
 403:Generated_Source\PSoC5/ADC_DelSig_1.c **** 
 404:Generated_Source\PSoC5/ADC_DelSig_1.c ****     /* This is only valid if there is an internal clock */
 405:Generated_Source\PSoC5/ADC_DelSig_1.c ****     #if(ADC_DelSig_1_DEFAULT_INTERNAL_CLK)
 406:Generated_Source\PSoC5/ADC_DelSig_1.c ****         ADC_DelSig_1_PWRMGR_CLK_REG &= (uint8)~ADC_DelSig_1_ACT_PWR_CLK_EN;
 407:Generated_Source\PSoC5/ADC_DelSig_1.c ****         ADC_DelSig_1_STBY_PWRMGR_CLK_REG &= (uint8)~ADC_DelSig_1_STBY_PWR_CLK_EN;
 408:Generated_Source\PSoC5/ADC_DelSig_1.c ****     #endif /* ADC_DelSig_1_DEFAULT_INTERNAL_CLK */
 409:Generated_Source\PSoC5/ADC_DelSig_1.c **** 
 410:Generated_Source\PSoC5/ADC_DelSig_1.c ****     /* Disable Modulator Chopping */
 411:Generated_Source\PSoC5/ADC_DelSig_1.c ****     ADC_DelSig_1_DSM_CR2_REG &= (uint8)~ADC_DelSig_1_DSM_MOD_CHOP_EN;
 412:Generated_Source\PSoC5/ADC_DelSig_1.c ****     /* Disable power to charge pump clock */
 413:Generated_Source\PSoC5/ADC_DelSig_1.c ****     ADC_DelSig_1_PWRMGR_CHARGE_PUMP_CLK_REG &= (uint8)~ADC_DelSig_1_ACT_PWR_CHARGE_PUMP_CLK_EN;
 414:Generated_Source\PSoC5/ADC_DelSig_1.c ****     ADC_DelSig_1_STBY_PWRMGR_CHARGE_PUMP_CLK_REG &= (uint8)~ADC_DelSig_1_STBY_PWR_CHARGE_PUMP_CLK_E
 415:Generated_Source\PSoC5/ADC_DelSig_1.c ****     
 416:Generated_Source\PSoC5/ADC_DelSig_1.c ****     CyExitCriticalSection(enableInterrupts);
 417:Generated_Source\PSoC5/ADC_DelSig_1.c **** }
 418:Generated_Source\PSoC5/ADC_DelSig_1.c **** 
 419:Generated_Source\PSoC5/ADC_DelSig_1.c **** 
 420:Generated_Source\PSoC5/ADC_DelSig_1.c **** /*******************************************************************************
 421:Generated_Source\PSoC5/ADC_DelSig_1.c **** * Function Name: ADC_DelSig_1_SetBufferGain
 422:Generated_Source\PSoC5/ADC_DelSig_1.c **** ********************************************************************************
 423:Generated_Source\PSoC5/ADC_DelSig_1.c **** *
 424:Generated_Source\PSoC5/ADC_DelSig_1.c **** * Summary:
 425:Generated_Source\PSoC5/ADC_DelSig_1.c **** *  Sets input buffer gain.
 426:Generated_Source\PSoC5/ADC_DelSig_1.c **** *
 427:Generated_Source\PSoC5/ADC_DelSig_1.c **** * Parameters:
 428:Generated_Source\PSoC5/ADC_DelSig_1.c **** *  gain:  Two bit value to select a gain of 1, 2, 4, or 8.
 429:Generated_Source\PSoC5/ADC_DelSig_1.c **** *
 430:Generated_Source\PSoC5/ADC_DelSig_1.c **** * Return:
ARM GAS  C:\Users\elias\AppData\Local\Temp\ccZ9bC31.s 			page 9


 431:Generated_Source\PSoC5/ADC_DelSig_1.c **** *  None
 432:Generated_Source\PSoC5/ADC_DelSig_1.c **** *
 433:Generated_Source\PSoC5/ADC_DelSig_1.c **** *******************************************************************************/
 434:Generated_Source\PSoC5/ADC_DelSig_1.c **** void ADC_DelSig_1_SetBufferGain(uint8 gain) 
 435:Generated_Source\PSoC5/ADC_DelSig_1.c **** {
 436:Generated_Source\PSoC5/ADC_DelSig_1.c ****     uint8 tmpReg;
 437:Generated_Source\PSoC5/ADC_DelSig_1.c ****     tmpReg = ADC_DelSig_1_DSM_BUF1_REG & (uint8)~ADC_DelSig_1_DSM_GAIN_MASK;
 438:Generated_Source\PSoC5/ADC_DelSig_1.c ****     tmpReg |= (uint8)(gain << ADC_DelSig_1_DSM_GAIN_SHIFT) & ADC_DelSig_1_DSM_GAIN_MASK;
 439:Generated_Source\PSoC5/ADC_DelSig_1.c ****     ADC_DelSig_1_DSM_BUF1_REG = tmpReg;
 440:Generated_Source\PSoC5/ADC_DelSig_1.c **** }
 441:Generated_Source\PSoC5/ADC_DelSig_1.c **** 
 442:Generated_Source\PSoC5/ADC_DelSig_1.c **** 
 443:Generated_Source\PSoC5/ADC_DelSig_1.c **** /*******************************************************************************
 444:Generated_Source\PSoC5/ADC_DelSig_1.c **** * Function Name: ADC_DelSig_1_SetCoherency
 445:Generated_Source\PSoC5/ADC_DelSig_1.c **** ********************************************************************************
 446:Generated_Source\PSoC5/ADC_DelSig_1.c **** *
 447:Generated_Source\PSoC5/ADC_DelSig_1.c **** * Summary:
 448:Generated_Source\PSoC5/ADC_DelSig_1.c **** *  This function allows the user to change which of the ADC's 3 word
 449:Generated_Source\PSoC5/ADC_DelSig_1.c **** *  result will trigger a coherency unlock. The ADC's result will not be
 450:Generated_Source\PSoC5/ADC_DelSig_1.c **** *  updated until the set byte is read either by the ADC or DMA. 
 451:Generated_Source\PSoC5/ADC_DelSig_1.c **** *  By default the LSB is the coherency byte for right alignment data format. 
 452:Generated_Source\PSoC5/ADC_DelSig_1.c **** *  The middle or high byte is set automatically depend on left alignment 
 453:Generated_Source\PSoC5/ADC_DelSig_1.c **** *  configuration for DMA data transfer.
 454:Generated_Source\PSoC5/ADC_DelSig_1.c **** *  If DMA or if a custom API requires different byte to be read the last,
 455:Generated_Source\PSoC5/ADC_DelSig_1.c **** *  this API should be used to set the last byte of the ADC result that is read. 
 456:Generated_Source\PSoC5/ADC_DelSig_1.c **** *  If a multibyte read is performed either by DMA or the ARM processor, the
 457:Generated_Source\PSoC5/ADC_DelSig_1.c **** *  coherency can be set to any byte in the last word read.
 458:Generated_Source\PSoC5/ADC_DelSig_1.c **** *
 459:Generated_Source\PSoC5/ADC_DelSig_1.c **** * Parameters:
 460:Generated_Source\PSoC5/ADC_DelSig_1.c **** *  coherency:  Two bit value to set the coherency bit.
 461:Generated_Source\PSoC5/ADC_DelSig_1.c **** *           00-Coherency checking off
 462:Generated_Source\PSoC5/ADC_DelSig_1.c **** *           01-low byte is key byte
 463:Generated_Source\PSoC5/ADC_DelSig_1.c **** *           02-middle byte is the key byte
 464:Generated_Source\PSoC5/ADC_DelSig_1.c **** *           03-high byte is the key byte
 465:Generated_Source\PSoC5/ADC_DelSig_1.c **** *
 466:Generated_Source\PSoC5/ADC_DelSig_1.c **** * Return:
 467:Generated_Source\PSoC5/ADC_DelSig_1.c **** *  None
 468:Generated_Source\PSoC5/ADC_DelSig_1.c **** *
 469:Generated_Source\PSoC5/ADC_DelSig_1.c **** *******************************************************************************/
 470:Generated_Source\PSoC5/ADC_DelSig_1.c **** void ADC_DelSig_1_SetCoherency(uint8 coherency) 
 471:Generated_Source\PSoC5/ADC_DelSig_1.c **** {
 472:Generated_Source\PSoC5/ADC_DelSig_1.c ****     uint8 tmpReg;
 473:Generated_Source\PSoC5/ADC_DelSig_1.c **** 
 474:Generated_Source\PSoC5/ADC_DelSig_1.c ****     tmpReg = ADC_DelSig_1_DEC_COHER_REG & (uint8)~ADC_DelSig_1_DEC_SAMP_KEY_MASK;
 475:Generated_Source\PSoC5/ADC_DelSig_1.c ****     tmpReg |= coherency & ADC_DelSig_1_DEC_SAMP_KEY_MASK;
 476:Generated_Source\PSoC5/ADC_DelSig_1.c ****     ADC_DelSig_1_DEC_COHER_REG = tmpReg;
 477:Generated_Source\PSoC5/ADC_DelSig_1.c **** }
 478:Generated_Source\PSoC5/ADC_DelSig_1.c **** 
 479:Generated_Source\PSoC5/ADC_DelSig_1.c **** 
 480:Generated_Source\PSoC5/ADC_DelSig_1.c **** /*******************************************************************************
 481:Generated_Source\PSoC5/ADC_DelSig_1.c **** * Function Name: ADC_DelSig_1_SetGCOR
 482:Generated_Source\PSoC5/ADC_DelSig_1.c **** ********************************************************************************
 483:Generated_Source\PSoC5/ADC_DelSig_1.c **** *
 484:Generated_Source\PSoC5/ADC_DelSig_1.c **** * Summary:
 485:Generated_Source\PSoC5/ADC_DelSig_1.c **** *  Calculates a new GCOR value and writes it into the GCOR register. 
 486:Generated_Source\PSoC5/ADC_DelSig_1.c **** *  The GCOR value is a 16-bit value that represents a gain of 0 to 2. 
 487:Generated_Source\PSoC5/ADC_DelSig_1.c **** *  The ADC result is multiplied by this value before it is placed in the ADC 
ARM GAS  C:\Users\elias\AppData\Local\Temp\ccZ9bC31.s 			page 10


 488:Generated_Source\PSoC5/ADC_DelSig_1.c **** *  output registers. The numerical format for the GCOR value is:
 489:Generated_Source\PSoC5/ADC_DelSig_1.c **** *  0x0000 -> 0.000
 490:Generated_Source\PSoC5/ADC_DelSig_1.c **** *  0x8000 -> 1.000
 491:Generated_Source\PSoC5/ADC_DelSig_1.c **** *  0xFFFF -> 1.99997
 492:Generated_Source\PSoC5/ADC_DelSig_1.c **** *  When executing the function, the old GCOR value is multiplied by
 493:Generated_Source\PSoC5/ADC_DelSig_1.c **** *  gainAdjust and reloaded into the GCOR register.
 494:Generated_Source\PSoC5/ADC_DelSig_1.c **** *
 495:Generated_Source\PSoC5/ADC_DelSig_1.c **** * Parameters:
 496:Generated_Source\PSoC5/ADC_DelSig_1.c **** *  gainAdjust:  floating point value to set GCOR registers.
 497:Generated_Source\PSoC5/ADC_DelSig_1.c **** *
 498:Generated_Source\PSoC5/ADC_DelSig_1.c **** * Return:
 499:Generated_Source\PSoC5/ADC_DelSig_1.c **** *  uint8: 0 - if GCOR value is within the expected range.
 500:Generated_Source\PSoC5/ADC_DelSig_1.c **** *         1 - the correction value is outside GCOR value range of
 501:Generated_Source\PSoC5/ADC_DelSig_1.c **** *             0.00 to 1.9999.
 502:Generated_Source\PSoC5/ADC_DelSig_1.c **** *
 503:Generated_Source\PSoC5/ADC_DelSig_1.c **** * Side Effects:  The GVAL register is set to the amount of valid bits in the
 504:Generated_Source\PSoC5/ADC_DelSig_1.c **** *                GCOR  register minus one. If GVAL is 15 (0x0F), all 16 bits
 505:Generated_Source\PSoC5/ADC_DelSig_1.c **** *                of the GCOR registers will be valid. If for example GVAL is
 506:Generated_Source\PSoC5/ADC_DelSig_1.c **** *                11 (0x0B) only 12 bits will be valid. The least 4 bits will
 507:Generated_Source\PSoC5/ADC_DelSig_1.c **** *                be lost when the GCOR value is shifted 4 places to the right.
 508:Generated_Source\PSoC5/ADC_DelSig_1.c **** *
 509:Generated_Source\PSoC5/ADC_DelSig_1.c **** ******************************************************************************/
 510:Generated_Source\PSoC5/ADC_DelSig_1.c **** uint8 ADC_DelSig_1_SetGCOR(float32 gainAdjust) 
 511:Generated_Source\PSoC5/ADC_DelSig_1.c **** {
 512:Generated_Source\PSoC5/ADC_DelSig_1.c ****     uint16 tmpReg;
 513:Generated_Source\PSoC5/ADC_DelSig_1.c ****     uint8 status;
 514:Generated_Source\PSoC5/ADC_DelSig_1.c ****     float32 tmpValue;
 515:Generated_Source\PSoC5/ADC_DelSig_1.c **** 
 516:Generated_Source\PSoC5/ADC_DelSig_1.c ****     tmpReg = ADC_DelSig_1_gcor[ADC_DelSig_1_Config - 1u].gcor;
 517:Generated_Source\PSoC5/ADC_DelSig_1.c ****     tmpValue = ((float32)tmpReg / (float32)ADC_DelSig_1_IDEAL_GAIN_CONST);
 518:Generated_Source\PSoC5/ADC_DelSig_1.c ****     tmpValue = tmpValue * gainAdjust;
 519:Generated_Source\PSoC5/ADC_DelSig_1.c **** 
 520:Generated_Source\PSoC5/ADC_DelSig_1.c ****     if (tmpValue > 1.9999)
 521:Generated_Source\PSoC5/ADC_DelSig_1.c ****     {
 522:Generated_Source\PSoC5/ADC_DelSig_1.c ****         status = 1u;
 523:Generated_Source\PSoC5/ADC_DelSig_1.c ****     }
 524:Generated_Source\PSoC5/ADC_DelSig_1.c ****     else
 525:Generated_Source\PSoC5/ADC_DelSig_1.c ****     {
 526:Generated_Source\PSoC5/ADC_DelSig_1.c ****         tmpValue *= (float32)ADC_DelSig_1_IDEAL_GAIN_CONST;
 527:Generated_Source\PSoC5/ADC_DelSig_1.c **** 		tmpReg = (uint16)tmpValue;
 528:Generated_Source\PSoC5/ADC_DelSig_1.c ****         CY_SET_REG16(ADC_DelSig_1_DEC_GCOR_16B_PTR, tmpReg);
 529:Generated_Source\PSoC5/ADC_DelSig_1.c ****         /* Update gain array to be used by SelectConfiguration() API */
 530:Generated_Source\PSoC5/ADC_DelSig_1.c ****        ADC_DelSig_1_gcor[ADC_DelSig_1_Config - 1u].gcor = tmpReg;
 531:Generated_Source\PSoC5/ADC_DelSig_1.c **** 
 532:Generated_Source\PSoC5/ADC_DelSig_1.c ****         status = 0u;
 533:Generated_Source\PSoC5/ADC_DelSig_1.c **** 
 534:Generated_Source\PSoC5/ADC_DelSig_1.c ****     }
 535:Generated_Source\PSoC5/ADC_DelSig_1.c ****     return(status);
 536:Generated_Source\PSoC5/ADC_DelSig_1.c **** }
 537:Generated_Source\PSoC5/ADC_DelSig_1.c **** 
 538:Generated_Source\PSoC5/ADC_DelSig_1.c **** 
 539:Generated_Source\PSoC5/ADC_DelSig_1.c **** /******************************************************************************
 540:Generated_Source\PSoC5/ADC_DelSig_1.c **** * Function Name: ADC_DelSig_1_ReadGCOR
 541:Generated_Source\PSoC5/ADC_DelSig_1.c **** *******************************************************************************
 542:Generated_Source\PSoC5/ADC_DelSig_1.c **** *
 543:Generated_Source\PSoC5/ADC_DelSig_1.c **** * Summary:
 544:Generated_Source\PSoC5/ADC_DelSig_1.c **** *  This API returns the current GCOR register value, normalized based on the
ARM GAS  C:\Users\elias\AppData\Local\Temp\ccZ9bC31.s 			page 11


 545:Generated_Source\PSoC5/ADC_DelSig_1.c **** *  GVAL register settings.
 546:Generated_Source\PSoC5/ADC_DelSig_1.c **** *  For example, if the GCOR value is 0x0812 and the GVAL register is set to 
 547:Generated_Source\PSoC5/ADC_DelSig_1.c **** *  11 (0x0B) then the returned value will be shifted by for bits to the left.
 548:Generated_Source\PSoC5/ADC_DelSig_1.c **** *  (Actual GCOR value = 0x0812, returned value = 0x8120)
 549:Generated_Source\PSoC5/ADC_DelSig_1.c **** *
 550:Generated_Source\PSoC5/ADC_DelSig_1.c **** * Parameters:
 551:Generated_Source\PSoC5/ADC_DelSig_1.c **** *  None
 552:Generated_Source\PSoC5/ADC_DelSig_1.c **** *
 553:Generated_Source\PSoC5/ADC_DelSig_1.c **** * Return:
 554:Generated_Source\PSoC5/ADC_DelSig_1.c **** *  uint16:  Normalized GCOR value.
 555:Generated_Source\PSoC5/ADC_DelSig_1.c **** *
 556:Generated_Source\PSoC5/ADC_DelSig_1.c **** *******************************************************************************/
 557:Generated_Source\PSoC5/ADC_DelSig_1.c **** uint16 ADC_DelSig_1_ReadGCOR(void) 
 558:Generated_Source\PSoC5/ADC_DelSig_1.c **** {
 559:Generated_Source\PSoC5/ADC_DelSig_1.c ****     uint8 gValue;
 560:Generated_Source\PSoC5/ADC_DelSig_1.c ****     uint16 gcorValue;
 561:Generated_Source\PSoC5/ADC_DelSig_1.c **** 
 562:Generated_Source\PSoC5/ADC_DelSig_1.c ****     gValue = ADC_DelSig_1_DEC_GVAL_REG;
 563:Generated_Source\PSoC5/ADC_DelSig_1.c ****     gcorValue = CY_GET_REG16(ADC_DelSig_1_DEC_GCOR_16B_PTR);
 564:Generated_Source\PSoC5/ADC_DelSig_1.c **** 
 565:Generated_Source\PSoC5/ADC_DelSig_1.c ****     if (gValue < ADC_DelSig_1_MAX_GVAL)
 566:Generated_Source\PSoC5/ADC_DelSig_1.c ****     {
 567:Generated_Source\PSoC5/ADC_DelSig_1.c ****         gcorValue <<= ADC_DelSig_1_MAX_GVAL - gValue;
 568:Generated_Source\PSoC5/ADC_DelSig_1.c ****     }
 569:Generated_Source\PSoC5/ADC_DelSig_1.c **** 
 570:Generated_Source\PSoC5/ADC_DelSig_1.c ****     return gcorValue;
 571:Generated_Source\PSoC5/ADC_DelSig_1.c **** }
 572:Generated_Source\PSoC5/ADC_DelSig_1.c **** 
 573:Generated_Source\PSoC5/ADC_DelSig_1.c **** 
 574:Generated_Source\PSoC5/ADC_DelSig_1.c **** /*******************************************************************************
 575:Generated_Source\PSoC5/ADC_DelSig_1.c **** * Function Name: ADC_DelSig_1_StartConvert
 576:Generated_Source\PSoC5/ADC_DelSig_1.c **** ********************************************************************************
 577:Generated_Source\PSoC5/ADC_DelSig_1.c **** *
 578:Generated_Source\PSoC5/ADC_DelSig_1.c **** * Summary:
 579:Generated_Source\PSoC5/ADC_DelSig_1.c **** *  Forces the ADC to initiate a conversion. If in the "Single Sample"
 580:Generated_Source\PSoC5/ADC_DelSig_1.c **** *  mode, one conversion will be performed then the ADC will halt. If in
 581:Generated_Source\PSoC5/ADC_DelSig_1.c **** *  one of the other three conversion modes, the ADC will run
 582:Generated_Source\PSoC5/ADC_DelSig_1.c **** *  continuously until the ADC_Stop() or ADC_StopConvert() is called.
 583:Generated_Source\PSoC5/ADC_DelSig_1.c **** *
 584:Generated_Source\PSoC5/ADC_DelSig_1.c **** * Parameters:
 585:Generated_Source\PSoC5/ADC_DelSig_1.c **** *  None
 586:Generated_Source\PSoC5/ADC_DelSig_1.c **** *
 587:Generated_Source\PSoC5/ADC_DelSig_1.c **** * Return:
 588:Generated_Source\PSoC5/ADC_DelSig_1.c **** *  None
 589:Generated_Source\PSoC5/ADC_DelSig_1.c **** *
 590:Generated_Source\PSoC5/ADC_DelSig_1.c **** *******************************************************************************/
 591:Generated_Source\PSoC5/ADC_DelSig_1.c **** void ADC_DelSig_1_StartConvert(void) 
 592:Generated_Source\PSoC5/ADC_DelSig_1.c **** {
 593:Generated_Source\PSoC5/ADC_DelSig_1.c ****     /* Start the conversion */
 594:Generated_Source\PSoC5/ADC_DelSig_1.c ****     ADC_DelSig_1_DEC_CR_REG |= ADC_DelSig_1_DEC_START_CONV;
 595:Generated_Source\PSoC5/ADC_DelSig_1.c **** }
 596:Generated_Source\PSoC5/ADC_DelSig_1.c **** 
 597:Generated_Source\PSoC5/ADC_DelSig_1.c **** 
 598:Generated_Source\PSoC5/ADC_DelSig_1.c **** /*******************************************************************************
 599:Generated_Source\PSoC5/ADC_DelSig_1.c **** * Function Name: ADC_DelSig_1_StopConvert
 600:Generated_Source\PSoC5/ADC_DelSig_1.c **** ********************************************************************************
 601:Generated_Source\PSoC5/ADC_DelSig_1.c **** *
ARM GAS  C:\Users\elias\AppData\Local\Temp\ccZ9bC31.s 			page 12


 602:Generated_Source\PSoC5/ADC_DelSig_1.c **** * Summary:
 603:Generated_Source\PSoC5/ADC_DelSig_1.c **** *  Forces the ADC to stop all conversions. If the ADC is in the middle of a
 604:Generated_Source\PSoC5/ADC_DelSig_1.c **** *  conversion, the ADC will be reset and not provide a result for that partial
 605:Generated_Source\PSoC5/ADC_DelSig_1.c **** *  conversion.
 606:Generated_Source\PSoC5/ADC_DelSig_1.c **** *
 607:Generated_Source\PSoC5/ADC_DelSig_1.c **** * Parameters:
 608:Generated_Source\PSoC5/ADC_DelSig_1.c **** *  None
 609:Generated_Source\PSoC5/ADC_DelSig_1.c **** *
 610:Generated_Source\PSoC5/ADC_DelSig_1.c **** * Return:
 611:Generated_Source\PSoC5/ADC_DelSig_1.c **** *  None
 612:Generated_Source\PSoC5/ADC_DelSig_1.c **** *
 613:Generated_Source\PSoC5/ADC_DelSig_1.c **** *******************************************************************************/
 614:Generated_Source\PSoC5/ADC_DelSig_1.c **** void ADC_DelSig_1_StopConvert(void) 
 615:Generated_Source\PSoC5/ADC_DelSig_1.c **** {
 616:Generated_Source\PSoC5/ADC_DelSig_1.c ****     /* Stop all conversions */
 617:Generated_Source\PSoC5/ADC_DelSig_1.c ****     ADC_DelSig_1_DEC_CR_REG &= (uint8)~ADC_DelSig_1_DEC_START_CONV;
 618:Generated_Source\PSoC5/ADC_DelSig_1.c **** }
 619:Generated_Source\PSoC5/ADC_DelSig_1.c **** 
 620:Generated_Source\PSoC5/ADC_DelSig_1.c **** 
 621:Generated_Source\PSoC5/ADC_DelSig_1.c **** /*******************************************************************************
 622:Generated_Source\PSoC5/ADC_DelSig_1.c **** * Function Name: ADC_DelSig_1_IsEndConversion
 623:Generated_Source\PSoC5/ADC_DelSig_1.c **** ********************************************************************************
 624:Generated_Source\PSoC5/ADC_DelSig_1.c **** *
 625:Generated_Source\PSoC5/ADC_DelSig_1.c **** * Summary:
 626:Generated_Source\PSoC5/ADC_DelSig_1.c **** *  Checks the status that the most recently started conversion has completed.
 627:Generated_Source\PSoC5/ADC_DelSig_1.c **** *  The status is cleared by any of ADC_GetResult8(), ADC_GetResult16() or 
 628:Generated_Source\PSoC5/ADC_DelSig_1.c **** *  ADC_GetResult32() API.
 629:Generated_Source\PSoC5/ADC_DelSig_1.c **** *  This function provides the programmer with two options. In one mode this 
 630:Generated_Source\PSoC5/ADC_DelSig_1.c **** *  function immediately returns with the conversion status. In the other mode,
 631:Generated_Source\PSoC5/ADC_DelSig_1.c **** *  the function does not return (blocking) until the conversion has completed.
 632:Generated_Source\PSoC5/ADC_DelSig_1.c **** *
 633:Generated_Source\PSoC5/ADC_DelSig_1.c **** * Parameters:
 634:Generated_Source\PSoC5/ADC_DelSig_1.c **** *  retMode: Check conversion return mode. See the following table for options.
 635:Generated_Source\PSoC5/ADC_DelSig_1.c **** *   ADC_DelSig_1_RETURN_STATUS -   Immediately returns conversion result
 636:Generated_Source\PSoC5/ADC_DelSig_1.c **** *                                      status.
 637:Generated_Source\PSoC5/ADC_DelSig_1.c **** *   ADC_DelSig_1_WAIT_FOR_RESULT - Does not return until ADC conversion
 638:Generated_Source\PSoC5/ADC_DelSig_1.c **** *                                      is complete.
 639:Generated_Source\PSoC5/ADC_DelSig_1.c **** *
 640:Generated_Source\PSoC5/ADC_DelSig_1.c **** * Return:
 641:Generated_Source\PSoC5/ADC_DelSig_1.c **** *  If a nonzero value is returned, the last conversion has completed.
 642:Generated_Source\PSoC5/ADC_DelSig_1.c **** *  If the returned value is zero, the ADC is still calculating the last result.
 643:Generated_Source\PSoC5/ADC_DelSig_1.c **** *
 644:Generated_Source\PSoC5/ADC_DelSig_1.c **** * Global variables:
 645:Generated_Source\PSoC5/ADC_DelSig_1.c **** *  ADC_DelSig_1_convDone:  Used to check whether conversion is complete
 646:Generated_Source\PSoC5/ADC_DelSig_1.c **** *  or not for single sample mode with resolution is above 16
 647:Generated_Source\PSoC5/ADC_DelSig_1.c **** *
 648:Generated_Source\PSoC5/ADC_DelSig_1.c **** *******************************************************************************/
 649:Generated_Source\PSoC5/ADC_DelSig_1.c **** uint8 ADC_DelSig_1_IsEndConversion(uint8 retMode) 
 650:Generated_Source\PSoC5/ADC_DelSig_1.c **** {
 651:Generated_Source\PSoC5/ADC_DelSig_1.c ****     uint8 status;
 652:Generated_Source\PSoC5/ADC_DelSig_1.c **** 
 653:Generated_Source\PSoC5/ADC_DelSig_1.c ****     do
 654:Generated_Source\PSoC5/ADC_DelSig_1.c ****     {
 655:Generated_Source\PSoC5/ADC_DelSig_1.c ****         /* Check for stop convert if conversion mode is Single Sample with
 656:Generated_Source\PSoC5/ADC_DelSig_1.c ****         *   resolution above 16 bit
 657:Generated_Source\PSoC5/ADC_DelSig_1.c ****         */
 658:Generated_Source\PSoC5/ADC_DelSig_1.c ****         if(ADC_DelSig_1_stopConversion != 0u)
ARM GAS  C:\Users\elias\AppData\Local\Temp\ccZ9bC31.s 			page 13


 659:Generated_Source\PSoC5/ADC_DelSig_1.c ****         {
 660:Generated_Source\PSoC5/ADC_DelSig_1.c ****             status = ADC_DelSig_1_convDone;
 661:Generated_Source\PSoC5/ADC_DelSig_1.c ****         }
 662:Generated_Source\PSoC5/ADC_DelSig_1.c ****         else
 663:Generated_Source\PSoC5/ADC_DelSig_1.c ****         {
 664:Generated_Source\PSoC5/ADC_DelSig_1.c ****             status = ADC_DelSig_1_DEC_SR_REG & ADC_DelSig_1_DEC_CONV_DONE;
 665:Generated_Source\PSoC5/ADC_DelSig_1.c ****         }
 666:Generated_Source\PSoC5/ADC_DelSig_1.c ****     }while((status != ADC_DelSig_1_DEC_CONV_DONE) && (retMode == ADC_DelSig_1_WAIT_FOR_RESULT));
 667:Generated_Source\PSoC5/ADC_DelSig_1.c **** 
 668:Generated_Source\PSoC5/ADC_DelSig_1.c ****     return(status);
 669:Generated_Source\PSoC5/ADC_DelSig_1.c **** }
 670:Generated_Source\PSoC5/ADC_DelSig_1.c **** 
 671:Generated_Source\PSoC5/ADC_DelSig_1.c **** 
 672:Generated_Source\PSoC5/ADC_DelSig_1.c **** /*******************************************************************************
 673:Generated_Source\PSoC5/ADC_DelSig_1.c **** * Function Name: ADC_DelSig_1_GetResult8
 674:Generated_Source\PSoC5/ADC_DelSig_1.c **** ********************************************************************************
 675:Generated_Source\PSoC5/ADC_DelSig_1.c **** *
 676:Generated_Source\PSoC5/ADC_DelSig_1.c **** * Summary:
 677:Generated_Source\PSoC5/ADC_DelSig_1.c **** *  This function returns the result of an 8-bit conversion. If the
 678:Generated_Source\PSoC5/ADC_DelSig_1.c **** *  resolution is set greater than 8-bits, the LSB of the result will be
 679:Generated_Source\PSoC5/ADC_DelSig_1.c **** *  returned. When the ADC is configured for 8-bit single ended mode,
 680:Generated_Source\PSoC5/ADC_DelSig_1.c **** *  the ADC_GetResult16() function should be used instead. This
 681:Generated_Source\PSoC5/ADC_DelSig_1.c **** *  function returns only signed 8-bit values. The maximum positive
 682:Generated_Source\PSoC5/ADC_DelSig_1.c **** *  signed 8-bit value is 127, but in singled ended 8-bit mode, the
 683:Generated_Source\PSoC5/ADC_DelSig_1.c **** *  maximum positive value is 255.
 684:Generated_Source\PSoC5/ADC_DelSig_1.c **** *
 685:Generated_Source\PSoC5/ADC_DelSig_1.c **** * Parameters:
 686:Generated_Source\PSoC5/ADC_DelSig_1.c **** *  None
 687:Generated_Source\PSoC5/ADC_DelSig_1.c **** *
 688:Generated_Source\PSoC5/ADC_DelSig_1.c **** * Return:
 689:Generated_Source\PSoC5/ADC_DelSig_1.c **** *  int8: The LSB of the last ADC conversion.
 690:Generated_Source\PSoC5/ADC_DelSig_1.c **** *
 691:Generated_Source\PSoC5/ADC_DelSig_1.c **** * Global variables:
 692:Generated_Source\PSoC5/ADC_DelSig_1.c **** *  ADC_DelSig_1_convDone:  Cleared in single sample mode with resolution
 693:Generated_Source\PSoC5/ADC_DelSig_1.c **** *                              above 16 bits
 694:Generated_Source\PSoC5/ADC_DelSig_1.c **** *
 695:Generated_Source\PSoC5/ADC_DelSig_1.c **** *******************************************************************************/
 696:Generated_Source\PSoC5/ADC_DelSig_1.c **** int8 ADC_DelSig_1_GetResult8( void ) 
 697:Generated_Source\PSoC5/ADC_DelSig_1.c **** {
 698:Generated_Source\PSoC5/ADC_DelSig_1.c ****     int8 result;
 699:Generated_Source\PSoC5/ADC_DelSig_1.c ****     uint8 coherency;
 700:Generated_Source\PSoC5/ADC_DelSig_1.c **** 
 701:Generated_Source\PSoC5/ADC_DelSig_1.c ****     /* Read active coherency configuration */
 702:Generated_Source\PSoC5/ADC_DelSig_1.c ****     coherency = ADC_DelSig_1_DEC_COHER_REG & ADC_DelSig_1_DEC_SAMP_KEY_MASK;
 703:Generated_Source\PSoC5/ADC_DelSig_1.c **** 
 704:Generated_Source\PSoC5/ADC_DelSig_1.c ****     result = (int8)ADC_DelSig_1_DEC_SAMP_REG;
 705:Generated_Source\PSoC5/ADC_DelSig_1.c **** 
 706:Generated_Source\PSoC5/ADC_DelSig_1.c ****     if(coherency == ADC_DelSig_1_DEC_SAMP_KEY_MID)
 707:Generated_Source\PSoC5/ADC_DelSig_1.c ****     {   /* Dummy read of the middle byte to unlock the coherency */
 708:Generated_Source\PSoC5/ADC_DelSig_1.c ****         (void)ADC_DelSig_1_DEC_SAMPM_REG;
 709:Generated_Source\PSoC5/ADC_DelSig_1.c ****     }
 710:Generated_Source\PSoC5/ADC_DelSig_1.c ****     else  if(coherency == ADC_DelSig_1_DEC_SAMP_KEY_HIGH)
 711:Generated_Source\PSoC5/ADC_DelSig_1.c ****     {   /* Dummy read of the MSB byte to unlock the coherency */
 712:Generated_Source\PSoC5/ADC_DelSig_1.c ****         (void)ADC_DelSig_1_DEC_SAMPH_REG;
 713:Generated_Source\PSoC5/ADC_DelSig_1.c ****     }
 714:Generated_Source\PSoC5/ADC_DelSig_1.c ****     else /*No action required for other coherency */
 715:Generated_Source\PSoC5/ADC_DelSig_1.c ****     {
ARM GAS  C:\Users\elias\AppData\Local\Temp\ccZ9bC31.s 			page 14


 716:Generated_Source\PSoC5/ADC_DelSig_1.c ****     }
 717:Generated_Source\PSoC5/ADC_DelSig_1.c ****     /* Clear conversion complete status in Single Sample mode with resolution above 16 bit */
 718:Generated_Source\PSoC5/ADC_DelSig_1.c ****     if(ADC_DelSig_1_stopConversion != 0u)
 719:Generated_Source\PSoC5/ADC_DelSig_1.c ****     {
 720:Generated_Source\PSoC5/ADC_DelSig_1.c ****         ADC_DelSig_1_convDone = 0u;
 721:Generated_Source\PSoC5/ADC_DelSig_1.c ****     }
 722:Generated_Source\PSoC5/ADC_DelSig_1.c ****     return (result);
 723:Generated_Source\PSoC5/ADC_DelSig_1.c **** }
 724:Generated_Source\PSoC5/ADC_DelSig_1.c **** 
 725:Generated_Source\PSoC5/ADC_DelSig_1.c **** 
 726:Generated_Source\PSoC5/ADC_DelSig_1.c **** /*******************************************************************************
 727:Generated_Source\PSoC5/ADC_DelSig_1.c **** * Function Name: ADC_DelSig_1_GetResult16
 728:Generated_Source\PSoC5/ADC_DelSig_1.c **** ********************************************************************************
 729:Generated_Source\PSoC5/ADC_DelSig_1.c **** *
 730:Generated_Source\PSoC5/ADC_DelSig_1.c **** * Summary:
 731:Generated_Source\PSoC5/ADC_DelSig_1.c **** *  Returns a 16-bit result for a conversion with a result that has a
 732:Generated_Source\PSoC5/ADC_DelSig_1.c **** *  resolution of 8 to 16 bits. If the resolution is set greater than 16-bits,
 733:Generated_Source\PSoC5/ADC_DelSig_1.c **** *  it will return the 16 least significant bits of the result. When the ADC
 734:Generated_Source\PSoC5/ADC_DelSig_1.c **** *  is configured for 16-bit single ended mode, the ADC_GetResult32()
 735:Generated_Source\PSoC5/ADC_DelSig_1.c **** *  function should be used instead. This function returns only signed
 736:Generated_Source\PSoC5/ADC_DelSig_1.c **** *  16-bit result, which allows a maximum positive value of 32767, not 65535.
 737:Generated_Source\PSoC5/ADC_DelSig_1.c **** *  This function supports different coherency settings.
 738:Generated_Source\PSoC5/ADC_DelSig_1.c **** *
 739:Generated_Source\PSoC5/ADC_DelSig_1.c **** * Parameters:
 740:Generated_Source\PSoC5/ADC_DelSig_1.c **** *   void
 741:Generated_Source\PSoC5/ADC_DelSig_1.c **** *
 742:Generated_Source\PSoC5/ADC_DelSig_1.c **** * Return:
 743:Generated_Source\PSoC5/ADC_DelSig_1.c **** *  int16:  ADC result.
 744:Generated_Source\PSoC5/ADC_DelSig_1.c **** *
 745:Generated_Source\PSoC5/ADC_DelSig_1.c **** * Global variables:
 746:Generated_Source\PSoC5/ADC_DelSig_1.c **** *  ADC_DelSig_1_convDone:  Cleared in single sample mode with resolution
 747:Generated_Source\PSoC5/ADC_DelSig_1.c **** *                              above 16 bits
 748:Generated_Source\PSoC5/ADC_DelSig_1.c **** *
 749:Generated_Source\PSoC5/ADC_DelSig_1.c **** *******************************************************************************/
 750:Generated_Source\PSoC5/ADC_DelSig_1.c **** int16 ADC_DelSig_1_GetResult16(void) 
 751:Generated_Source\PSoC5/ADC_DelSig_1.c **** {
 752:Generated_Source\PSoC5/ADC_DelSig_1.c ****     uint16 result;
 753:Generated_Source\PSoC5/ADC_DelSig_1.c ****     uint8 coherency;
 754:Generated_Source\PSoC5/ADC_DelSig_1.c **** 
 755:Generated_Source\PSoC5/ADC_DelSig_1.c ****     /* Read active coherency configuration */
 756:Generated_Source\PSoC5/ADC_DelSig_1.c ****     coherency = ADC_DelSig_1_DEC_COHER_REG & ADC_DelSig_1_DEC_SAMP_KEY_MASK;
 757:Generated_Source\PSoC5/ADC_DelSig_1.c **** 
 758:Generated_Source\PSoC5/ADC_DelSig_1.c ****     if(coherency <= ADC_DelSig_1_DEC_SAMP_KEY_LOW)
 759:Generated_Source\PSoC5/ADC_DelSig_1.c ****     {   /*  Use default method to read result registers i.e. LSB byte read at the end*/
 760:Generated_Source\PSoC5/ADC_DelSig_1.c ****         #if (CY_PSOC3)
 761:Generated_Source\PSoC5/ADC_DelSig_1.c ****             result = ADC_DelSig_1_DEC_SAMPM_REG;
 762:Generated_Source\PSoC5/ADC_DelSig_1.c ****             result = (result << 8u) | ADC_DelSig_1_DEC_SAMP_REG;
 763:Generated_Source\PSoC5/ADC_DelSig_1.c ****         #else
 764:Generated_Source\PSoC5/ADC_DelSig_1.c ****             result = (CY_GET_REG16(ADC_DelSig_1_DEC_SAMP_16B_PTR));
 765:Generated_Source\PSoC5/ADC_DelSig_1.c ****         #endif /* CY_PSOC3 */
 766:Generated_Source\PSoC5/ADC_DelSig_1.c ****     }
 767:Generated_Source\PSoC5/ADC_DelSig_1.c ****     else /* MID or HIGH */
 768:Generated_Source\PSoC5/ADC_DelSig_1.c ****     {   /* Read middle byte at the end */
 769:Generated_Source\PSoC5/ADC_DelSig_1.c ****         #if (CY_PSOC3)
 770:Generated_Source\PSoC5/ADC_DelSig_1.c ****             result = (CY_GET_REG16(ADC_DelSig_1_DEC_SAMP_16B_PTR));
 771:Generated_Source\PSoC5/ADC_DelSig_1.c ****         #else
 772:Generated_Source\PSoC5/ADC_DelSig_1.c ****             result = ADC_DelSig_1_DEC_SAMP_REG;
ARM GAS  C:\Users\elias\AppData\Local\Temp\ccZ9bC31.s 			page 15


 773:Generated_Source\PSoC5/ADC_DelSig_1.c ****             result |=  (uint16)((uint16)ADC_DelSig_1_DEC_SAMPM_REG << 8u);
 774:Generated_Source\PSoC5/ADC_DelSig_1.c ****         #endif /* CY_PSOC3 */
 775:Generated_Source\PSoC5/ADC_DelSig_1.c ****         if(coherency == ADC_DelSig_1_DEC_SAMP_KEY_HIGH)
 776:Generated_Source\PSoC5/ADC_DelSig_1.c ****         {   /* Dummy read of the MSB byte to unlock the coherency */
 777:Generated_Source\PSoC5/ADC_DelSig_1.c ****             (void)ADC_DelSig_1_DEC_SAMPH_REG;
 778:Generated_Source\PSoC5/ADC_DelSig_1.c ****         }
 779:Generated_Source\PSoC5/ADC_DelSig_1.c ****     }
 780:Generated_Source\PSoC5/ADC_DelSig_1.c ****     /* Clear conversion complete status in Single Sample mode with resolution above 16 bit */
 781:Generated_Source\PSoC5/ADC_DelSig_1.c ****     if(ADC_DelSig_1_stopConversion != 0u)
 782:Generated_Source\PSoC5/ADC_DelSig_1.c ****     {
 783:Generated_Source\PSoC5/ADC_DelSig_1.c ****         ADC_DelSig_1_convDone = 0u;
 784:Generated_Source\PSoC5/ADC_DelSig_1.c ****     }
 785:Generated_Source\PSoC5/ADC_DelSig_1.c **** 
 786:Generated_Source\PSoC5/ADC_DelSig_1.c ****     return ((int16)result);
 787:Generated_Source\PSoC5/ADC_DelSig_1.c **** }
 788:Generated_Source\PSoC5/ADC_DelSig_1.c **** 
 789:Generated_Source\PSoC5/ADC_DelSig_1.c **** 
 790:Generated_Source\PSoC5/ADC_DelSig_1.c **** /*******************************************************************************
 791:Generated_Source\PSoC5/ADC_DelSig_1.c **** * Function Name: ADC_DelSig_1_GetResult32
 792:Generated_Source\PSoC5/ADC_DelSig_1.c **** ********************************************************************************
 793:Generated_Source\PSoC5/ADC_DelSig_1.c **** *
 794:Generated_Source\PSoC5/ADC_DelSig_1.c **** * Summary:
 795:Generated_Source\PSoC5/ADC_DelSig_1.c **** *  Returns a 32-bit result for a conversion with a result that has a
 796:Generated_Source\PSoC5/ADC_DelSig_1.c **** *  resolution of 8 to 20 bits.
 797:Generated_Source\PSoC5/ADC_DelSig_1.c **** *  This function supports different coherency settings.
 798:Generated_Source\PSoC5/ADC_DelSig_1.c **** *
 799:Generated_Source\PSoC5/ADC_DelSig_1.c **** * Parameters:
 800:Generated_Source\PSoC5/ADC_DelSig_1.c **** *  None
 801:Generated_Source\PSoC5/ADC_DelSig_1.c **** *
 802:Generated_Source\PSoC5/ADC_DelSig_1.c **** * Return:
 803:Generated_Source\PSoC5/ADC_DelSig_1.c **** *  int32: Result of the last ADC conversion.
 804:Generated_Source\PSoC5/ADC_DelSig_1.c **** *
 805:Generated_Source\PSoC5/ADC_DelSig_1.c **** * Global variables:
 806:Generated_Source\PSoC5/ADC_DelSig_1.c **** *  ADC_DelSig_1_convDone:  Cleared in single sample mode with resolution
 807:Generated_Source\PSoC5/ADC_DelSig_1.c **** *                              above 16 bits
 808:Generated_Source\PSoC5/ADC_DelSig_1.c **** *
 809:Generated_Source\PSoC5/ADC_DelSig_1.c **** *******************************************************************************/
 810:Generated_Source\PSoC5/ADC_DelSig_1.c **** int32 ADC_DelSig_1_GetResult32(void) 
 811:Generated_Source\PSoC5/ADC_DelSig_1.c **** {
 812:Generated_Source\PSoC5/ADC_DelSig_1.c ****     uint32 result;
 813:Generated_Source\PSoC5/ADC_DelSig_1.c ****     uint8 coherency;
 814:Generated_Source\PSoC5/ADC_DelSig_1.c ****     #if (CY_PSOC3)
 815:Generated_Source\PSoC5/ADC_DelSig_1.c **** 	    uint16 tmp;
 816:Generated_Source\PSoC5/ADC_DelSig_1.c ****     #endif /* CY_PSOC3 */
 817:Generated_Source\PSoC5/ADC_DelSig_1.c **** 
 818:Generated_Source\PSoC5/ADC_DelSig_1.c ****     /* Read active coherency configuration */
 819:Generated_Source\PSoC5/ADC_DelSig_1.c ****     coherency = ADC_DelSig_1_DEC_COHER_REG & ADC_DelSig_1_DEC_SAMP_KEY_MASK;
 820:Generated_Source\PSoC5/ADC_DelSig_1.c **** 
 821:Generated_Source\PSoC5/ADC_DelSig_1.c ****     if(coherency <= ADC_DelSig_1_DEC_SAMP_KEY_LOW)
 822:Generated_Source\PSoC5/ADC_DelSig_1.c ****     {   /*  Use default method to read result registers i.e. LSB byte read at the end*/
 823:Generated_Source\PSoC5/ADC_DelSig_1.c ****         #if (CY_PSOC3)
 824:Generated_Source\PSoC5/ADC_DelSig_1.c ****             result = ADC_DelSig_1_DEC_SAMPH_REG;
 825:Generated_Source\PSoC5/ADC_DelSig_1.c ****             if((result & 0x80u) != 0u)
 826:Generated_Source\PSoC5/ADC_DelSig_1.c ****             {   /* Sign extend */
 827:Generated_Source\PSoC5/ADC_DelSig_1.c ****                 result |= 0xFF00u;
 828:Generated_Source\PSoC5/ADC_DelSig_1.c ****             }
 829:Generated_Source\PSoC5/ADC_DelSig_1.c ****             result = (result << 8u) | ADC_DelSig_1_DEC_SAMPM_REG;
ARM GAS  C:\Users\elias\AppData\Local\Temp\ccZ9bC31.s 			page 16


 830:Generated_Source\PSoC5/ADC_DelSig_1.c ****             result = (result << 8u) | ADC_DelSig_1_DEC_SAMP_REG;
 831:Generated_Source\PSoC5/ADC_DelSig_1.c ****         #else
 832:Generated_Source\PSoC5/ADC_DelSig_1.c ****             result = CY_GET_REG16(ADC_DelSig_1_DEC_SAMPH_16B_PTR);
 833:Generated_Source\PSoC5/ADC_DelSig_1.c ****             result = (result << 16u) | (CY_GET_REG16(ADC_DelSig_1_DEC_SAMP_16B_PTR));
 834:Generated_Source\PSoC5/ADC_DelSig_1.c ****         #endif /* CY_PSOC3 */
 835:Generated_Source\PSoC5/ADC_DelSig_1.c ****     }
 836:Generated_Source\PSoC5/ADC_DelSig_1.c ****     else if(coherency == ADC_DelSig_1_DEC_SAMP_KEY_MID)
 837:Generated_Source\PSoC5/ADC_DelSig_1.c ****     {   /* Read middle byte at the end */
 838:Generated_Source\PSoC5/ADC_DelSig_1.c ****         #if (CY_PSOC3)
 839:Generated_Source\PSoC5/ADC_DelSig_1.c ****             result = ADC_DelSig_1_DEC_SAMPH_REG;
 840:Generated_Source\PSoC5/ADC_DelSig_1.c ****             if((result & 0x80u) != 0u)
 841:Generated_Source\PSoC5/ADC_DelSig_1.c ****             {   /* Sign extend */
 842:Generated_Source\PSoC5/ADC_DelSig_1.c ****                 result |= 0xFF00u;
 843:Generated_Source\PSoC5/ADC_DelSig_1.c ****             }
 844:Generated_Source\PSoC5/ADC_DelSig_1.c ****             result = (result << 16u) | (CY_GET_REG16(ADC_DelSig_1_DEC_SAMP_16B_PTR));
 845:Generated_Source\PSoC5/ADC_DelSig_1.c ****         #else
 846:Generated_Source\PSoC5/ADC_DelSig_1.c ****             result = CY_GET_REG16(ADC_DelSig_1_DEC_SAMPH_16B_PTR);
 847:Generated_Source\PSoC5/ADC_DelSig_1.c ****             result = (result << 16u) | ADC_DelSig_1_DEC_SAMP_REG;
 848:Generated_Source\PSoC5/ADC_DelSig_1.c ****             result |=  (uint32)((uint32)ADC_DelSig_1_DEC_SAMPM_REG << 8u);
 849:Generated_Source\PSoC5/ADC_DelSig_1.c ****         #endif /* CY_PSOC3 */
 850:Generated_Source\PSoC5/ADC_DelSig_1.c ****     }
 851:Generated_Source\PSoC5/ADC_DelSig_1.c ****     else /*ADC_DelSig_1_DEC_SAMP_KEY_HIGH */
 852:Generated_Source\PSoC5/ADC_DelSig_1.c ****     {
 853:Generated_Source\PSoC5/ADC_DelSig_1.c ****         /* Read MSB byte at the end */
 854:Generated_Source\PSoC5/ADC_DelSig_1.c ****         #if (CY_PSOC3)
 855:Generated_Source\PSoC5/ADC_DelSig_1.c ****             result = CY_GET_REG16(ADC_DelSig_1_DEC_SAMP_16B_PTR);
 856:Generated_Source\PSoC5/ADC_DelSig_1.c **** 			tmp = ADC_DelSig_1_DEC_SAMPH_REG;
 857:Generated_Source\PSoC5/ADC_DelSig_1.c ****             if((tmp & 0x80u) != 0u)
 858:Generated_Source\PSoC5/ADC_DelSig_1.c ****             {   /* Sign extend */
 859:Generated_Source\PSoC5/ADC_DelSig_1.c ****                 tmp |= 0xFF00u;
 860:Generated_Source\PSoC5/ADC_DelSig_1.c ****             }
 861:Generated_Source\PSoC5/ADC_DelSig_1.c ****             result |= (uint32)tmp << 16u;
 862:Generated_Source\PSoC5/ADC_DelSig_1.c ****         #else
 863:Generated_Source\PSoC5/ADC_DelSig_1.c ****             result = CY_GET_REG16(ADC_DelSig_1_DEC_SAMP_16B_PTR);
 864:Generated_Source\PSoC5/ADC_DelSig_1.c ****             result |= (uint32)((uint32)CY_GET_REG16(ADC_DelSig_1_DEC_SAMPH_16B_PTR) << 16u);
 865:Generated_Source\PSoC5/ADC_DelSig_1.c ****         #endif /* CY_PSOC3 */
 866:Generated_Source\PSoC5/ADC_DelSig_1.c ****     }
 867:Generated_Source\PSoC5/ADC_DelSig_1.c ****     /* Clear conversion complete status in Single Sample mode with resolution above 16 bit */
 868:Generated_Source\PSoC5/ADC_DelSig_1.c ****     if(ADC_DelSig_1_stopConversion != 0u)
 869:Generated_Source\PSoC5/ADC_DelSig_1.c ****     {
 870:Generated_Source\PSoC5/ADC_DelSig_1.c ****         ADC_DelSig_1_convDone = 0u;
 871:Generated_Source\PSoC5/ADC_DelSig_1.c ****     }
 872:Generated_Source\PSoC5/ADC_DelSig_1.c **** 
 873:Generated_Source\PSoC5/ADC_DelSig_1.c ****     return ((int32)result);
 874:Generated_Source\PSoC5/ADC_DelSig_1.c **** }
 875:Generated_Source\PSoC5/ADC_DelSig_1.c **** 
 876:Generated_Source\PSoC5/ADC_DelSig_1.c **** 
 877:Generated_Source\PSoC5/ADC_DelSig_1.c **** /*******************************************************************************
 878:Generated_Source\PSoC5/ADC_DelSig_1.c **** * Function Name: ADC_DelSig_1_SetOffset
 879:Generated_Source\PSoC5/ADC_DelSig_1.c **** ********************************************************************************
 880:Generated_Source\PSoC5/ADC_DelSig_1.c **** *
 881:Generated_Source\PSoC5/ADC_DelSig_1.c **** * Summary:
 882:Generated_Source\PSoC5/ADC_DelSig_1.c **** *  Sets the ADC offset which is used by the functions ADC_CountsTo_uVolts, 
 883:Generated_Source\PSoC5/ADC_DelSig_1.c **** *  ADC_CountsTo_mVolts, and ADC_CountsTo_Volts to subtract the offset from the 
 884:Generated_Source\PSoC5/ADC_DelSig_1.c **** *  given reading before calculating the voltage conversion.
 885:Generated_Source\PSoC5/ADC_DelSig_1.c **** *
 886:Generated_Source\PSoC5/ADC_DelSig_1.c **** * Parameters:
ARM GAS  C:\Users\elias\AppData\Local\Temp\ccZ9bC31.s 			page 17


 887:Generated_Source\PSoC5/ADC_DelSig_1.c **** *  int32:  This value is a measured value when the inputs are shorted or 
 888:Generated_Source\PSoC5/ADC_DelSig_1.c **** *          connected to the same input voltage.
 889:Generated_Source\PSoC5/ADC_DelSig_1.c **** *
 890:Generated_Source\PSoC5/ADC_DelSig_1.c **** * Return:
 891:Generated_Source\PSoC5/ADC_DelSig_1.c **** *  None
 892:Generated_Source\PSoC5/ADC_DelSig_1.c **** *
 893:Generated_Source\PSoC5/ADC_DelSig_1.c **** * Global variables:
 894:Generated_Source\PSoC5/ADC_DelSig_1.c **** *  ADC_DelSig_1_Offset:  Modified to set the user provided offset. This
 895:Generated_Source\PSoC5/ADC_DelSig_1.c **** *  variable is used for offset calibration purpose.
 896:Generated_Source\PSoC5/ADC_DelSig_1.c **** *
 897:Generated_Source\PSoC5/ADC_DelSig_1.c **** * Side Effects:
 898:Generated_Source\PSoC5/ADC_DelSig_1.c **** *  Affects the ADC_DelSig_1_CountsTo_Volts,
 899:Generated_Source\PSoC5/ADC_DelSig_1.c **** *  ADC_DelSig_1_CountsTo_mVolts, ADC_DelSig_1_CountsTo_uVolts functions
 900:Generated_Source\PSoC5/ADC_DelSig_1.c **** *  by subtracting the given offset.
 901:Generated_Source\PSoC5/ADC_DelSig_1.c **** *
 902:Generated_Source\PSoC5/ADC_DelSig_1.c **** *******************************************************************************/
 903:Generated_Source\PSoC5/ADC_DelSig_1.c **** void ADC_DelSig_1_SetOffset(int32 offset) 
 904:Generated_Source\PSoC5/ADC_DelSig_1.c **** {
 905:Generated_Source\PSoC5/ADC_DelSig_1.c **** 
 906:Generated_Source\PSoC5/ADC_DelSig_1.c ****     ADC_DelSig_1_Offset = offset;
 907:Generated_Source\PSoC5/ADC_DelSig_1.c **** }
 908:Generated_Source\PSoC5/ADC_DelSig_1.c **** 
 909:Generated_Source\PSoC5/ADC_DelSig_1.c **** 
 910:Generated_Source\PSoC5/ADC_DelSig_1.c **** /*******************************************************************************
 911:Generated_Source\PSoC5/ADC_DelSig_1.c **** * Function Name: ADC_DelSig_1_SetGain
 912:Generated_Source\PSoC5/ADC_DelSig_1.c **** ********************************************************************************
 913:Generated_Source\PSoC5/ADC_DelSig_1.c **** *
 914:Generated_Source\PSoC5/ADC_DelSig_1.c **** * Summary:
 915:Generated_Source\PSoC5/ADC_DelSig_1.c **** *  Sets the ADC gain in counts per volt for the voltage conversion
 916:Generated_Source\PSoC5/ADC_DelSig_1.c **** *  functions below. This value is set by default by the reference and
 917:Generated_Source\PSoC5/ADC_DelSig_1.c **** *  input range settings. It should only be used to further calibrate the
 918:Generated_Source\PSoC5/ADC_DelSig_1.c **** *  ADC with a known input or if an external reference is used. This
 919:Generated_Source\PSoC5/ADC_DelSig_1.c **** *  function may also be used to calibrate an entire signal chain, not
 920:Generated_Source\PSoC5/ADC_DelSig_1.c **** *  just the ADC.
 921:Generated_Source\PSoC5/ADC_DelSig_1.c **** *
 922:Generated_Source\PSoC5/ADC_DelSig_1.c **** * Parameters:
 923:Generated_Source\PSoC5/ADC_DelSig_1.c **** *  int32: ADC gain in counts per volt.
 924:Generated_Source\PSoC5/ADC_DelSig_1.c **** *
 925:Generated_Source\PSoC5/ADC_DelSig_1.c **** * Return:
 926:Generated_Source\PSoC5/ADC_DelSig_1.c **** *  None
 927:Generated_Source\PSoC5/ADC_DelSig_1.c **** *
 928:Generated_Source\PSoC5/ADC_DelSig_1.c **** * Global variables:
 929:Generated_Source\PSoC5/ADC_DelSig_1.c **** *  ADC_DelSig_1_CountsPerVolt:  modified to set the ADC gain in counts
 930:Generated_Source\PSoC5/ADC_DelSig_1.c **** *   per volt.
 931:Generated_Source\PSoC5/ADC_DelSig_1.c **** *
 932:Generated_Source\PSoC5/ADC_DelSig_1.c **** * Side Effects:
 933:Generated_Source\PSoC5/ADC_DelSig_1.c **** *  Affects the ADC_DelSig_1_CountsTo_Volts,
 934:Generated_Source\PSoC5/ADC_DelSig_1.c **** *  ADC_DelSig_1_CountsTo_mVolts, ADC_DelSig_1_CountsTo_uVolts functions
 935:Generated_Source\PSoC5/ADC_DelSig_1.c **** *  supplying the correct conversion between ADC counts and voltage.
 936:Generated_Source\PSoC5/ADC_DelSig_1.c **** *
 937:Generated_Source\PSoC5/ADC_DelSig_1.c **** *******************************************************************************/
 938:Generated_Source\PSoC5/ADC_DelSig_1.c **** void ADC_DelSig_1_SetGain(int32 adcGain) 
 939:Generated_Source\PSoC5/ADC_DelSig_1.c **** {
 940:Generated_Source\PSoC5/ADC_DelSig_1.c ****     ADC_DelSig_1_CountsPerVolt = adcGain;
 941:Generated_Source\PSoC5/ADC_DelSig_1.c **** }
 942:Generated_Source\PSoC5/ADC_DelSig_1.c **** 
 943:Generated_Source\PSoC5/ADC_DelSig_1.c **** 
ARM GAS  C:\Users\elias\AppData\Local\Temp\ccZ9bC31.s 			page 18


 944:Generated_Source\PSoC5/ADC_DelSig_1.c **** /*******************************************************************************
 945:Generated_Source\PSoC5/ADC_DelSig_1.c **** * Function Name: ADC_DelSig_1_CountsTo_mVolts
 946:Generated_Source\PSoC5/ADC_DelSig_1.c **** ********************************************************************************
 947:Generated_Source\PSoC5/ADC_DelSig_1.c **** *
 948:Generated_Source\PSoC5/ADC_DelSig_1.c **** * Summary:
 949:Generated_Source\PSoC5/ADC_DelSig_1.c **** *  Converts the ADC counts output to mVolts as a 16-bit integer. For
 950:Generated_Source\PSoC5/ADC_DelSig_1.c **** *  example, if the ADC measured 0.534 volts, the return value would
 951:Generated_Source\PSoC5/ADC_DelSig_1.c **** *  be 534 mVolts.
 952:Generated_Source\PSoC5/ADC_DelSig_1.c **** *
 953:Generated_Source\PSoC5/ADC_DelSig_1.c **** * Parameters:
 954:Generated_Source\PSoC5/ADC_DelSig_1.c **** *  int32: adcCounts Result from the ADC conversion.
 955:Generated_Source\PSoC5/ADC_DelSig_1.c **** *
 956:Generated_Source\PSoC5/ADC_DelSig_1.c **** * Return:
 957:Generated_Source\PSoC5/ADC_DelSig_1.c **** *  int16:  Result in mVolts
 958:Generated_Source\PSoC5/ADC_DelSig_1.c **** *
 959:Generated_Source\PSoC5/ADC_DelSig_1.c **** * Global variables:
 960:Generated_Source\PSoC5/ADC_DelSig_1.c **** *  ADC_DelSig_1_CountsPerVolt:  used to convert ADC counts to mVolts.
 961:Generated_Source\PSoC5/ADC_DelSig_1.c **** *  ADC_DelSig_1_Offset:  Used as the offset while converting ADC counts
 962:Generated_Source\PSoC5/ADC_DelSig_1.c **** *   to mVolts.
 963:Generated_Source\PSoC5/ADC_DelSig_1.c **** *
 964:Generated_Source\PSoC5/ADC_DelSig_1.c **** *******************************************************************************/
 965:Generated_Source\PSoC5/ADC_DelSig_1.c **** int16 ADC_DelSig_1_CountsTo_mVolts(int32 adcCounts) 
 966:Generated_Source\PSoC5/ADC_DelSig_1.c **** {
 967:Generated_Source\PSoC5/ADC_DelSig_1.c **** 
 968:Generated_Source\PSoC5/ADC_DelSig_1.c ****     int16 mVolts;
 969:Generated_Source\PSoC5/ADC_DelSig_1.c **** 
 970:Generated_Source\PSoC5/ADC_DelSig_1.c ****     /* Convert adcCounts to the right align if left option selected */
 971:Generated_Source\PSoC5/ADC_DelSig_1.c ****     #if(ADC_DelSig_1_CFG1_DEC_DIV != 0)
 972:Generated_Source\PSoC5/ADC_DelSig_1.c ****         if(ADC_DelSig_1_Config == ADC_DelSig_1_CFG1)
 973:Generated_Source\PSoC5/ADC_DelSig_1.c ****         {
 974:Generated_Source\PSoC5/ADC_DelSig_1.c ****             adcCounts /= ADC_DelSig_1_CFG1_DEC_DIV;
 975:Generated_Source\PSoC5/ADC_DelSig_1.c ****         }
 976:Generated_Source\PSoC5/ADC_DelSig_1.c ****     #endif /* ADC_DelSig_1_CFG1_DEC_DIV */
 977:Generated_Source\PSoC5/ADC_DelSig_1.c ****     #if((ADC_DelSig_1_CFG2_DEC_DIV != 0) && (ADC_DelSig_1_DEFAULT_NUM_CONFIGS > 1))
 978:Generated_Source\PSoC5/ADC_DelSig_1.c ****         if(ADC_DelSig_1_Config == ADC_DelSig_1_CFG2)
 979:Generated_Source\PSoC5/ADC_DelSig_1.c ****         {
 980:Generated_Source\PSoC5/ADC_DelSig_1.c ****             adcCounts /= ADC_DelSig_1_CFG2_DEC_DIV;
 981:Generated_Source\PSoC5/ADC_DelSig_1.c ****         }
 982:Generated_Source\PSoC5/ADC_DelSig_1.c ****     #endif /* ADC_DelSig_1_CFG2_DEC_DIV */
 983:Generated_Source\PSoC5/ADC_DelSig_1.c ****     #if((ADC_DelSig_1_CFG3_DEC_DIV != 0) && (ADC_DelSig_1_DEFAULT_NUM_CONFIGS > 2))
 984:Generated_Source\PSoC5/ADC_DelSig_1.c ****         if(ADC_DelSig_1_Config == ADC_DelSig_1_CFG3)
 985:Generated_Source\PSoC5/ADC_DelSig_1.c ****         {
 986:Generated_Source\PSoC5/ADC_DelSig_1.c ****             adcCounts /= ADC_DelSig_1_CFG3_DEC_DIV;
 987:Generated_Source\PSoC5/ADC_DelSig_1.c ****         }
 988:Generated_Source\PSoC5/ADC_DelSig_1.c ****     #endif /* ADC_DelSig_1_CFG2_DEC_DIV */
 989:Generated_Source\PSoC5/ADC_DelSig_1.c ****     #if((ADC_DelSig_1_CFG4_DEC_DIV != 0) && (ADC_DelSig_1_DEFAULT_NUM_CONFIGS > 3))
 990:Generated_Source\PSoC5/ADC_DelSig_1.c ****         if(ADC_DelSig_1_Config == ADC_DelSig_1_CFG4)
 991:Generated_Source\PSoC5/ADC_DelSig_1.c ****         {
 992:Generated_Source\PSoC5/ADC_DelSig_1.c ****             adcCounts /= ADC_DelSig_1_CFG4_DEC_DIV;
 993:Generated_Source\PSoC5/ADC_DelSig_1.c ****         }
 994:Generated_Source\PSoC5/ADC_DelSig_1.c ****     #endif /* ADC_DelSig_1_CFG2_DEC_DIV */
 995:Generated_Source\PSoC5/ADC_DelSig_1.c **** 
 996:Generated_Source\PSoC5/ADC_DelSig_1.c ****     /* Subtract ADC offset */
 997:Generated_Source\PSoC5/ADC_DelSig_1.c ****     adcCounts -= ADC_DelSig_1_Offset;
 998:Generated_Source\PSoC5/ADC_DelSig_1.c **** 
 999:Generated_Source\PSoC5/ADC_DelSig_1.c ****     mVolts = (int16)(( adcCounts * ADC_DelSig_1_1MV_COUNTS ) / ADC_DelSig_1_CountsPerVolt) ;
1000:Generated_Source\PSoC5/ADC_DelSig_1.c **** 
ARM GAS  C:\Users\elias\AppData\Local\Temp\ccZ9bC31.s 			page 19


1001:Generated_Source\PSoC5/ADC_DelSig_1.c ****     return(mVolts);
1002:Generated_Source\PSoC5/ADC_DelSig_1.c **** }
1003:Generated_Source\PSoC5/ADC_DelSig_1.c **** 
1004:Generated_Source\PSoC5/ADC_DelSig_1.c **** 
1005:Generated_Source\PSoC5/ADC_DelSig_1.c **** /*******************************************************************************
1006:Generated_Source\PSoC5/ADC_DelSig_1.c **** * Function Name: ADC_DelSig_1_CountsTo_Volts
1007:Generated_Source\PSoC5/ADC_DelSig_1.c **** ********************************************************************************
1008:Generated_Source\PSoC5/ADC_DelSig_1.c **** *
1009:Generated_Source\PSoC5/ADC_DelSig_1.c **** * Summary:
1010:Generated_Source\PSoC5/ADC_DelSig_1.c **** *  Converts the ADC output to Volts as a floating point number. For
1011:Generated_Source\PSoC5/ADC_DelSig_1.c **** *  example, if the ADC measure a voltage of 1.2345 Volts, the
1012:Generated_Source\PSoC5/ADC_DelSig_1.c **** *  returned result would be +1.2345 Volts.
1013:Generated_Source\PSoC5/ADC_DelSig_1.c **** *
1014:Generated_Source\PSoC5/ADC_DelSig_1.c **** * Parameters:
1015:Generated_Source\PSoC5/ADC_DelSig_1.c **** *  int32 adcCounts:  Result from the ADC conversion.
1016:Generated_Source\PSoC5/ADC_DelSig_1.c **** *
1017:Generated_Source\PSoC5/ADC_DelSig_1.c **** * Return:
1018:Generated_Source\PSoC5/ADC_DelSig_1.c **** *  float32: Result in Volts
1019:Generated_Source\PSoC5/ADC_DelSig_1.c **** *
1020:Generated_Source\PSoC5/ADC_DelSig_1.c **** * Global variables:
1021:Generated_Source\PSoC5/ADC_DelSig_1.c **** *  ADC_DelSig_1_CountsPerVolt:  used to convert to Volts.
1022:Generated_Source\PSoC5/ADC_DelSig_1.c **** *  ADC_DelSig_1_Offset:  Used as the offset while converting ADC counts
1023:Generated_Source\PSoC5/ADC_DelSig_1.c **** *   to Volts.
1024:Generated_Source\PSoC5/ADC_DelSig_1.c **** *
1025:Generated_Source\PSoC5/ADC_DelSig_1.c **** *******************************************************************************/
1026:Generated_Source\PSoC5/ADC_DelSig_1.c **** float32 ADC_DelSig_1_CountsTo_Volts(int32 adcCounts) 
1027:Generated_Source\PSoC5/ADC_DelSig_1.c **** {
1028:Generated_Source\PSoC5/ADC_DelSig_1.c **** 
1029:Generated_Source\PSoC5/ADC_DelSig_1.c ****     float32 Volts;
1030:Generated_Source\PSoC5/ADC_DelSig_1.c **** 
1031:Generated_Source\PSoC5/ADC_DelSig_1.c ****     /* Convert adcCounts to the right align if left option selected */
1032:Generated_Source\PSoC5/ADC_DelSig_1.c ****     #if(ADC_DelSig_1_CFG1_DEC_DIV != 0)
1033:Generated_Source\PSoC5/ADC_DelSig_1.c ****         if(ADC_DelSig_1_Config == ADC_DelSig_1_CFG1)
1034:Generated_Source\PSoC5/ADC_DelSig_1.c ****         {
1035:Generated_Source\PSoC5/ADC_DelSig_1.c ****             adcCounts /= ADC_DelSig_1_CFG1_DEC_DIV;
1036:Generated_Source\PSoC5/ADC_DelSig_1.c ****         }
1037:Generated_Source\PSoC5/ADC_DelSig_1.c ****     #endif /* ADC_DelSig_1_CFG1_DEC_DIV */
1038:Generated_Source\PSoC5/ADC_DelSig_1.c ****     #if((ADC_DelSig_1_CFG2_DEC_DIV != 0) && (ADC_DelSig_1_DEFAULT_NUM_CONFIGS > 1))
1039:Generated_Source\PSoC5/ADC_DelSig_1.c ****         if(ADC_DelSig_1_Config == ADC_DelSig_1_CFG2)
1040:Generated_Source\PSoC5/ADC_DelSig_1.c ****         {
1041:Generated_Source\PSoC5/ADC_DelSig_1.c ****             adcCounts /= ADC_DelSig_1_CFG2_DEC_DIV;
1042:Generated_Source\PSoC5/ADC_DelSig_1.c ****         }
1043:Generated_Source\PSoC5/ADC_DelSig_1.c ****     #endif /* ADC_DelSig_1_CFG2_DEC_DIV */
1044:Generated_Source\PSoC5/ADC_DelSig_1.c ****     #if((ADC_DelSig_1_CFG3_DEC_DIV != 0) && (ADC_DelSig_1_DEFAULT_NUM_CONFIGS > 2))
1045:Generated_Source\PSoC5/ADC_DelSig_1.c ****         if(ADC_DelSig_1_Config == ADC_DelSig_1_CFG3)
1046:Generated_Source\PSoC5/ADC_DelSig_1.c ****         {
1047:Generated_Source\PSoC5/ADC_DelSig_1.c ****             adcCounts /= ADC_DelSig_1_CFG3_DEC_DIV;
1048:Generated_Source\PSoC5/ADC_DelSig_1.c ****         }
1049:Generated_Source\PSoC5/ADC_DelSig_1.c ****     #endif /* ADC_DelSig_1_CFG2_DEC_DIV */
1050:Generated_Source\PSoC5/ADC_DelSig_1.c ****     #if((ADC_DelSig_1_CFG4_DEC_DIV != 0) && (ADC_DelSig_1_DEFAULT_NUM_CONFIGS > 3))
1051:Generated_Source\PSoC5/ADC_DelSig_1.c ****         if(ADC_DelSig_1_Config == ADC_DelSig_1_CFG4)
1052:Generated_Source\PSoC5/ADC_DelSig_1.c ****         {
1053:Generated_Source\PSoC5/ADC_DelSig_1.c ****             adcCounts /= ADC_DelSig_1_CFG4_DEC_DIV;
1054:Generated_Source\PSoC5/ADC_DelSig_1.c ****         }
1055:Generated_Source\PSoC5/ADC_DelSig_1.c ****     #endif /* ADC_DelSig_1_CFG2_DEC_DIV */
1056:Generated_Source\PSoC5/ADC_DelSig_1.c **** 
1057:Generated_Source\PSoC5/ADC_DelSig_1.c ****     /* Subtract ADC offset */
ARM GAS  C:\Users\elias\AppData\Local\Temp\ccZ9bC31.s 			page 20


1058:Generated_Source\PSoC5/ADC_DelSig_1.c ****     adcCounts -= ADC_DelSig_1_Offset;
1059:Generated_Source\PSoC5/ADC_DelSig_1.c **** 
1060:Generated_Source\PSoC5/ADC_DelSig_1.c ****     Volts = (float32)adcCounts / (float32)ADC_DelSig_1_CountsPerVolt;
1061:Generated_Source\PSoC5/ADC_DelSig_1.c **** 
1062:Generated_Source\PSoC5/ADC_DelSig_1.c ****     return( Volts );
1063:Generated_Source\PSoC5/ADC_DelSig_1.c **** }
1064:Generated_Source\PSoC5/ADC_DelSig_1.c **** 
1065:Generated_Source\PSoC5/ADC_DelSig_1.c **** 
1066:Generated_Source\PSoC5/ADC_DelSig_1.c **** /*******************************************************************************
1067:Generated_Source\PSoC5/ADC_DelSig_1.c **** * Function Name: ADC_DelSig_1_CountsTo_uVolts
1068:Generated_Source\PSoC5/ADC_DelSig_1.c **** ********************************************************************************
1069:Generated_Source\PSoC5/ADC_DelSig_1.c **** *
1070:Generated_Source\PSoC5/ADC_DelSig_1.c **** * Summary:
1071:Generated_Source\PSoC5/ADC_DelSig_1.c **** *  Converts the ADC output to uVolts as a 32-bit integer. For example,
1072:Generated_Source\PSoC5/ADC_DelSig_1.c **** *  if the ADC measured -0.02345 Volts, the return value would be -23450 uVolts.
1073:Generated_Source\PSoC5/ADC_DelSig_1.c **** *
1074:Generated_Source\PSoC5/ADC_DelSig_1.c **** * Parameters:
1075:Generated_Source\PSoC5/ADC_DelSig_1.c **** *  int32 adcCounts: Result from the ADC conversion.
1076:Generated_Source\PSoC5/ADC_DelSig_1.c **** *
1077:Generated_Source\PSoC5/ADC_DelSig_1.c **** * Return:
1078:Generated_Source\PSoC5/ADC_DelSig_1.c **** *  int32:  Result in uVolts
1079:Generated_Source\PSoC5/ADC_DelSig_1.c **** *
1080:Generated_Source\PSoC5/ADC_DelSig_1.c **** * Global variables:
1081:Generated_Source\PSoC5/ADC_DelSig_1.c **** *  ADC_DelSig_1_CountsPerVolt:  used to convert ADC counts to mVolts.
1082:Generated_Source\PSoC5/ADC_DelSig_1.c **** *  ADC_DelSig_1_Offset:  Used as the offset while converting ADC counts
1083:Generated_Source\PSoC5/ADC_DelSig_1.c **** *   to mVolts.
1084:Generated_Source\PSoC5/ADC_DelSig_1.c **** *
1085:Generated_Source\PSoC5/ADC_DelSig_1.c **** * Theory:
1086:Generated_Source\PSoC5/ADC_DelSig_1.c **** *  Care must be taken to not exceed the maximum value for a 31 bit signed
1087:Generated_Source\PSoC5/ADC_DelSig_1.c **** *  number in the conversion to uVolts and at the same time not lose resolution.
1088:Generated_Source\PSoC5/ADC_DelSig_1.c **** *
1089:Generated_Source\PSoC5/ADC_DelSig_1.c **** *  uVolts = ((A * adcCounts) / ((int32)ADC_DelSig_1_CountsPerVolt / B));
1090:Generated_Source\PSoC5/ADC_DelSig_1.c **** *
1091:Generated_Source\PSoC5/ADC_DelSig_1.c **** *******************************************************************************/
1092:Generated_Source\PSoC5/ADC_DelSig_1.c **** int32 ADC_DelSig_1_CountsTo_uVolts(int32 adcCounts) 
1093:Generated_Source\PSoC5/ADC_DelSig_1.c **** {
1094:Generated_Source\PSoC5/ADC_DelSig_1.c **** 
1095:Generated_Source\PSoC5/ADC_DelSig_1.c ****     int32 uVolts;
1096:Generated_Source\PSoC5/ADC_DelSig_1.c ****     int32 coefA;
1097:Generated_Source\PSoC5/ADC_DelSig_1.c ****     int32 coefB;
1098:Generated_Source\PSoC5/ADC_DelSig_1.c ****     uint8 resolution;
1099:Generated_Source\PSoC5/ADC_DelSig_1.c **** 
1100:Generated_Source\PSoC5/ADC_DelSig_1.c ****     /* Set the resolution based on the configuration */
1101:Generated_Source\PSoC5/ADC_DelSig_1.c ****     /* Convert adcCounts to the right align if left option selected */
1102:Generated_Source\PSoC5/ADC_DelSig_1.c ****     if (ADC_DelSig_1_Config == ADC_DelSig_1_CFG1)
1103:Generated_Source\PSoC5/ADC_DelSig_1.c ****     {
1104:Generated_Source\PSoC5/ADC_DelSig_1.c ****         resolution = ADC_DelSig_1_CFG1_RESOLUTION;
1105:Generated_Source\PSoC5/ADC_DelSig_1.c ****         #if(ADC_DelSig_1_CFG1_DEC_DIV != 0)
1106:Generated_Source\PSoC5/ADC_DelSig_1.c ****             adcCounts /= ADC_DelSig_1_CFG1_DEC_DIV;
1107:Generated_Source\PSoC5/ADC_DelSig_1.c ****         #endif /* ADC_DelSig_1_CFG1_DEC_DIV */
1108:Generated_Source\PSoC5/ADC_DelSig_1.c ****     }
1109:Generated_Source\PSoC5/ADC_DelSig_1.c ****     else if (ADC_DelSig_1_Config == ADC_DelSig_1_CFG2)
1110:Generated_Source\PSoC5/ADC_DelSig_1.c ****     {
1111:Generated_Source\PSoC5/ADC_DelSig_1.c ****         resolution = ADC_DelSig_1_CFG2_RESOLUTION;
1112:Generated_Source\PSoC5/ADC_DelSig_1.c ****         #if(ADC_DelSig_1_CFG2_DEC_DIV != 0)
1113:Generated_Source\PSoC5/ADC_DelSig_1.c ****             adcCounts /= ADC_DelSig_1_CFG2_DEC_DIV;
1114:Generated_Source\PSoC5/ADC_DelSig_1.c ****         #endif /* ADC_DelSig_1_CFG2_DEC_DIV */
ARM GAS  C:\Users\elias\AppData\Local\Temp\ccZ9bC31.s 			page 21


1115:Generated_Source\PSoC5/ADC_DelSig_1.c ****     }
1116:Generated_Source\PSoC5/ADC_DelSig_1.c ****     else if (ADC_DelSig_1_Config == ADC_DelSig_1_CFG3)
1117:Generated_Source\PSoC5/ADC_DelSig_1.c ****     {
1118:Generated_Source\PSoC5/ADC_DelSig_1.c ****         resolution = ADC_DelSig_1_CFG3_RESOLUTION;
1119:Generated_Source\PSoC5/ADC_DelSig_1.c ****         #if(ADC_DelSig_1_CFG3_DEC_DIV != 0)
1120:Generated_Source\PSoC5/ADC_DelSig_1.c ****             adcCounts /= ADC_DelSig_1_CFG3_DEC_DIV;
1121:Generated_Source\PSoC5/ADC_DelSig_1.c ****         #endif /* ADC_DelSig_1_CFG3_DEC_DIV */
1122:Generated_Source\PSoC5/ADC_DelSig_1.c ****     }
1123:Generated_Source\PSoC5/ADC_DelSig_1.c ****     else
1124:Generated_Source\PSoC5/ADC_DelSig_1.c ****     {
1125:Generated_Source\PSoC5/ADC_DelSig_1.c ****         resolution = ADC_DelSig_1_CFG4_RESOLUTION;
1126:Generated_Source\PSoC5/ADC_DelSig_1.c ****         #if(ADC_DelSig_1_CFG4_DEC_DIV != 0)
1127:Generated_Source\PSoC5/ADC_DelSig_1.c ****             adcCounts /= ADC_DelSig_1_CFG4_DEC_DIV;
1128:Generated_Source\PSoC5/ADC_DelSig_1.c ****         #endif /* ADC_DelSig_1_CFG4_DEC_DIV */
1129:Generated_Source\PSoC5/ADC_DelSig_1.c ****     }
1130:Generated_Source\PSoC5/ADC_DelSig_1.c **** 
1131:Generated_Source\PSoC5/ADC_DelSig_1.c ****     switch (resolution)
1132:Generated_Source\PSoC5/ADC_DelSig_1.c ****     {
1133:Generated_Source\PSoC5/ADC_DelSig_1.c ****         #if( (ADC_DelSig_1_CFG1_RESOLUTION == ADC_DelSig_1__BITS_12) || \
1134:Generated_Source\PSoC5/ADC_DelSig_1.c ****              (ADC_DelSig_1_CFG2_RESOLUTION == ADC_DelSig_1__BITS_12) || \
1135:Generated_Source\PSoC5/ADC_DelSig_1.c ****              (ADC_DelSig_1_CFG3_RESOLUTION == ADC_DelSig_1__BITS_12) || \
1136:Generated_Source\PSoC5/ADC_DelSig_1.c ****              (ADC_DelSig_1_CFG4_RESOLUTION == ADC_DelSig_1__BITS_12) )
1137:Generated_Source\PSoC5/ADC_DelSig_1.c ****             case (uint8)ADC_DelSig_1__BITS_12:
1138:Generated_Source\PSoC5/ADC_DelSig_1.c ****                 coefA = ADC_DelSig_1_1UV_COUNTS / ADC_DelSig_1_DIVISOR_2;
1139:Generated_Source\PSoC5/ADC_DelSig_1.c ****                 coefB = ADC_DelSig_1_DIVISOR_2;
1140:Generated_Source\PSoC5/ADC_DelSig_1.c ****                 break;
1141:Generated_Source\PSoC5/ADC_DelSig_1.c ****         #endif /* ADC_DelSig_1__BITS_12 */    
1142:Generated_Source\PSoC5/ADC_DelSig_1.c ****         #if( (ADC_DelSig_1_CFG1_RESOLUTION == ADC_DelSig_1__BITS_13) || \
1143:Generated_Source\PSoC5/ADC_DelSig_1.c ****              (ADC_DelSig_1_CFG2_RESOLUTION == ADC_DelSig_1__BITS_13) || \
1144:Generated_Source\PSoC5/ADC_DelSig_1.c ****              (ADC_DelSig_1_CFG3_RESOLUTION == ADC_DelSig_1__BITS_13) || \
1145:Generated_Source\PSoC5/ADC_DelSig_1.c ****              (ADC_DelSig_1_CFG4_RESOLUTION == ADC_DelSig_1__BITS_13) )
1146:Generated_Source\PSoC5/ADC_DelSig_1.c ****             case (uint8)ADC_DelSig_1__BITS_13:
1147:Generated_Source\PSoC5/ADC_DelSig_1.c ****                 coefA = ADC_DelSig_1_1UV_COUNTS / ADC_DelSig_1_DIVISOR_4;
1148:Generated_Source\PSoC5/ADC_DelSig_1.c ****                 coefB = ADC_DelSig_1_DIVISOR_4;
1149:Generated_Source\PSoC5/ADC_DelSig_1.c ****                 break;
1150:Generated_Source\PSoC5/ADC_DelSig_1.c ****         #endif /* ADC_DelSig_1__BITS_13 */    
1151:Generated_Source\PSoC5/ADC_DelSig_1.c ****         #if( (ADC_DelSig_1_CFG1_RESOLUTION == ADC_DelSig_1__BITS_14) || \
1152:Generated_Source\PSoC5/ADC_DelSig_1.c ****              (ADC_DelSig_1_CFG2_RESOLUTION == ADC_DelSig_1__BITS_14) || \
1153:Generated_Source\PSoC5/ADC_DelSig_1.c ****              (ADC_DelSig_1_CFG3_RESOLUTION == ADC_DelSig_1__BITS_14) || \
1154:Generated_Source\PSoC5/ADC_DelSig_1.c ****              (ADC_DelSig_1_CFG4_RESOLUTION == ADC_DelSig_1__BITS_14) )
1155:Generated_Source\PSoC5/ADC_DelSig_1.c ****             case (uint8)ADC_DelSig_1__BITS_14:
1156:Generated_Source\PSoC5/ADC_DelSig_1.c ****                 coefA = ADC_DelSig_1_1UV_COUNTS / ADC_DelSig_1_DIVISOR_8;
1157:Generated_Source\PSoC5/ADC_DelSig_1.c ****                 coefB = ADC_DelSig_1_DIVISOR_8;
1158:Generated_Source\PSoC5/ADC_DelSig_1.c ****                 break;
1159:Generated_Source\PSoC5/ADC_DelSig_1.c ****         #endif /* ADC_DelSig_1__BITS_14 */    
1160:Generated_Source\PSoC5/ADC_DelSig_1.c ****         #if( (ADC_DelSig_1_CFG1_RESOLUTION == ADC_DelSig_1__BITS_15) || \
1161:Generated_Source\PSoC5/ADC_DelSig_1.c ****              (ADC_DelSig_1_CFG2_RESOLUTION == ADC_DelSig_1__BITS_15) || \
1162:Generated_Source\PSoC5/ADC_DelSig_1.c ****              (ADC_DelSig_1_CFG3_RESOLUTION == ADC_DelSig_1__BITS_15) || \
1163:Generated_Source\PSoC5/ADC_DelSig_1.c ****              (ADC_DelSig_1_CFG4_RESOLUTION == ADC_DelSig_1__BITS_15) )
1164:Generated_Source\PSoC5/ADC_DelSig_1.c ****             case (uint8)ADC_DelSig_1__BITS_15:
1165:Generated_Source\PSoC5/ADC_DelSig_1.c ****                 coefA = ADC_DelSig_1_1UV_COUNTS / ADC_DelSig_1_DIVISOR_16;
1166:Generated_Source\PSoC5/ADC_DelSig_1.c ****                 coefB = ADC_DelSig_1_DIVISOR_16;
1167:Generated_Source\PSoC5/ADC_DelSig_1.c ****                 break;
1168:Generated_Source\PSoC5/ADC_DelSig_1.c ****         #endif /* ADC_DelSig_1__BITS_15 */    
1169:Generated_Source\PSoC5/ADC_DelSig_1.c ****         #if( (ADC_DelSig_1_CFG1_RESOLUTION == ADC_DelSig_1__BITS_16) || \
1170:Generated_Source\PSoC5/ADC_DelSig_1.c ****              (ADC_DelSig_1_CFG2_RESOLUTION == ADC_DelSig_1__BITS_16) || \
1171:Generated_Source\PSoC5/ADC_DelSig_1.c ****              (ADC_DelSig_1_CFG3_RESOLUTION == ADC_DelSig_1__BITS_16) || \
ARM GAS  C:\Users\elias\AppData\Local\Temp\ccZ9bC31.s 			page 22


1172:Generated_Source\PSoC5/ADC_DelSig_1.c ****              (ADC_DelSig_1_CFG4_RESOLUTION == ADC_DelSig_1__BITS_16) )
1173:Generated_Source\PSoC5/ADC_DelSig_1.c ****             case (uint8)ADC_DelSig_1__BITS_16:
1174:Generated_Source\PSoC5/ADC_DelSig_1.c ****                 coefA = ADC_DelSig_1_1UV_COUNTS / ADC_DelSig_1_DIVISOR_32;
1175:Generated_Source\PSoC5/ADC_DelSig_1.c ****                 coefB = ADC_DelSig_1_DIVISOR_32;
1176:Generated_Source\PSoC5/ADC_DelSig_1.c ****                 break;
1177:Generated_Source\PSoC5/ADC_DelSig_1.c ****         #endif /* ADC_DelSig_1__BITS_16 */    
1178:Generated_Source\PSoC5/ADC_DelSig_1.c ****         #if( (ADC_DelSig_1_CFG1_RESOLUTION == ADC_DelSig_1__BITS_17) || \
1179:Generated_Source\PSoC5/ADC_DelSig_1.c ****              (ADC_DelSig_1_CFG2_RESOLUTION == ADC_DelSig_1__BITS_17) || \
1180:Generated_Source\PSoC5/ADC_DelSig_1.c ****              (ADC_DelSig_1_CFG3_RESOLUTION == ADC_DelSig_1__BITS_17) || \
1181:Generated_Source\PSoC5/ADC_DelSig_1.c ****              (ADC_DelSig_1_CFG4_RESOLUTION == ADC_DelSig_1__BITS_17) )
1182:Generated_Source\PSoC5/ADC_DelSig_1.c ****             case (uint8)ADC_DelSig_1__BITS_17:
1183:Generated_Source\PSoC5/ADC_DelSig_1.c ****                 coefA = ADC_DelSig_1_1UV_COUNTS / ADC_DelSig_1_DIVISOR_64;
1184:Generated_Source\PSoC5/ADC_DelSig_1.c ****                 coefB = ADC_DelSig_1_DIVISOR_64;
1185:Generated_Source\PSoC5/ADC_DelSig_1.c ****                 break;
1186:Generated_Source\PSoC5/ADC_DelSig_1.c ****         #endif /* ADC_DelSig_1__BITS_17 */    
1187:Generated_Source\PSoC5/ADC_DelSig_1.c ****         #if( (ADC_DelSig_1_CFG1_RESOLUTION == ADC_DelSig_1__BITS_18) || \
1188:Generated_Source\PSoC5/ADC_DelSig_1.c ****              (ADC_DelSig_1_CFG2_RESOLUTION == ADC_DelSig_1__BITS_18) || \
1189:Generated_Source\PSoC5/ADC_DelSig_1.c ****              (ADC_DelSig_1_CFG3_RESOLUTION == ADC_DelSig_1__BITS_18) || \
1190:Generated_Source\PSoC5/ADC_DelSig_1.c ****              (ADC_DelSig_1_CFG4_RESOLUTION == ADC_DelSig_1__BITS_18) )
1191:Generated_Source\PSoC5/ADC_DelSig_1.c ****             case (uint8)ADC_DelSig_1__BITS_18:
1192:Generated_Source\PSoC5/ADC_DelSig_1.c ****                 coefA = ADC_DelSig_1_1UV_COUNTS / ADC_DelSig_1_DIVISOR_125;
1193:Generated_Source\PSoC5/ADC_DelSig_1.c ****                 coefB = ADC_DelSig_1_DIVISOR_125;
1194:Generated_Source\PSoC5/ADC_DelSig_1.c ****                 break;
1195:Generated_Source\PSoC5/ADC_DelSig_1.c ****         #endif /* ADC_DelSig_1__BITS_18 */    
1196:Generated_Source\PSoC5/ADC_DelSig_1.c ****         #if( (ADC_DelSig_1_CFG1_RESOLUTION == ADC_DelSig_1__BITS_19) || \
1197:Generated_Source\PSoC5/ADC_DelSig_1.c ****              (ADC_DelSig_1_CFG2_RESOLUTION == ADC_DelSig_1__BITS_19) || \
1198:Generated_Source\PSoC5/ADC_DelSig_1.c ****              (ADC_DelSig_1_CFG3_RESOLUTION == ADC_DelSig_1__BITS_19) || \
1199:Generated_Source\PSoC5/ADC_DelSig_1.c ****              (ADC_DelSig_1_CFG4_RESOLUTION == ADC_DelSig_1__BITS_19) )
1200:Generated_Source\PSoC5/ADC_DelSig_1.c ****             case (uint8)ADC_DelSig_1__BITS_19:
1201:Generated_Source\PSoC5/ADC_DelSig_1.c ****                 coefA = ADC_DelSig_1_1UV_COUNTS / ADC_DelSig_1_DIVISOR_250;
1202:Generated_Source\PSoC5/ADC_DelSig_1.c ****                 coefB = ADC_DelSig_1_DIVISOR_250;
1203:Generated_Source\PSoC5/ADC_DelSig_1.c ****                 break;
1204:Generated_Source\PSoC5/ADC_DelSig_1.c ****         #endif /* ADC_DelSig_1__BITS_19 */    
1205:Generated_Source\PSoC5/ADC_DelSig_1.c ****         #if( (ADC_DelSig_1_CFG1_RESOLUTION == ADC_DelSig_1__BITS_20) || \
1206:Generated_Source\PSoC5/ADC_DelSig_1.c ****              (ADC_DelSig_1_CFG2_RESOLUTION == ADC_DelSig_1__BITS_20) || \
1207:Generated_Source\PSoC5/ADC_DelSig_1.c ****              (ADC_DelSig_1_CFG3_RESOLUTION == ADC_DelSig_1__BITS_20) || \
1208:Generated_Source\PSoC5/ADC_DelSig_1.c ****              (ADC_DelSig_1_CFG4_RESOLUTION == ADC_DelSig_1__BITS_20) )
1209:Generated_Source\PSoC5/ADC_DelSig_1.c ****             case (uint8)ADC_DelSig_1__BITS_20:
1210:Generated_Source\PSoC5/ADC_DelSig_1.c ****                 coefA = ADC_DelSig_1_1UV_COUNTS / ADC_DelSig_1_DIVISOR_500;
1211:Generated_Source\PSoC5/ADC_DelSig_1.c ****                 coefB = ADC_DelSig_1_DIVISOR_500;
1212:Generated_Source\PSoC5/ADC_DelSig_1.c ****                 break;
1213:Generated_Source\PSoC5/ADC_DelSig_1.c ****         #endif /* ADC_DelSig_1__BITS_20 */    
1214:Generated_Source\PSoC5/ADC_DelSig_1.c ****         default:    /* resolution < 12 */
1215:Generated_Source\PSoC5/ADC_DelSig_1.c ****             /* 11 bits ADC + 2^20(1048576) = 31 bits */
1216:Generated_Source\PSoC5/ADC_DelSig_1.c ****             coefA = ADC_DelSig_1_1UV_COUNTS;
1217:Generated_Source\PSoC5/ADC_DelSig_1.c ****             coefB = ADC_DelSig_1_DIVISOR_1;
1218:Generated_Source\PSoC5/ADC_DelSig_1.c ****             break;
1219:Generated_Source\PSoC5/ADC_DelSig_1.c ****     }
1220:Generated_Source\PSoC5/ADC_DelSig_1.c ****     coefB = ADC_DelSig_1_CountsPerVolt / coefB;
1221:Generated_Source\PSoC5/ADC_DelSig_1.c ****     uVolts = ((coefA * adcCounts) / coefB) - ((coefA * ADC_DelSig_1_Offset) / coefB);
1222:Generated_Source\PSoC5/ADC_DelSig_1.c **** 
1223:Generated_Source\PSoC5/ADC_DelSig_1.c ****     return( uVolts );
1224:Generated_Source\PSoC5/ADC_DelSig_1.c **** }
1225:Generated_Source\PSoC5/ADC_DelSig_1.c **** 
1226:Generated_Source\PSoC5/ADC_DelSig_1.c **** 
1227:Generated_Source\PSoC5/ADC_DelSig_1.c **** /*******************************************************************************
1228:Generated_Source\PSoC5/ADC_DelSig_1.c **** * Function Name: ADC_DelSig_1_InitConfig(uint8 config)
ARM GAS  C:\Users\elias\AppData\Local\Temp\ccZ9bC31.s 			page 23


1229:Generated_Source\PSoC5/ADC_DelSig_1.c **** ********************************************************************************
1230:Generated_Source\PSoC5/ADC_DelSig_1.c **** *
1231:Generated_Source\PSoC5/ADC_DelSig_1.c **** * Summary:
1232:Generated_Source\PSoC5/ADC_DelSig_1.c **** *  Initializes all registers based on customizer settings
1233:Generated_Source\PSoC5/ADC_DelSig_1.c **** *
1234:Generated_Source\PSoC5/ADC_DelSig_1.c **** * Parameters:
1235:Generated_Source\PSoC5/ADC_DelSig_1.c **** *   void
1236:Generated_Source\PSoC5/ADC_DelSig_1.c **** *
1237:Generated_Source\PSoC5/ADC_DelSig_1.c **** * Return:
1238:Generated_Source\PSoC5/ADC_DelSig_1.c **** *  None
1239:Generated_Source\PSoC5/ADC_DelSig_1.c **** *
1240:Generated_Source\PSoC5/ADC_DelSig_1.c **** * Global variables:
1241:Generated_Source\PSoC5/ADC_DelSig_1.c **** *  ADC_DelSig_1_CountsPerVolt:  Used to set the default counts per volt.
1242:Generated_Source\PSoC5/ADC_DelSig_1.c **** *
1243:Generated_Source\PSoC5/ADC_DelSig_1.c **** * Side Effects: Rewrites the coherency set by ADC_DelSig_1_SetCoherency()
1244:Generated_Source\PSoC5/ADC_DelSig_1.c **** *   API to the default value.
1245:Generated_Source\PSoC5/ADC_DelSig_1.c **** *
1246:Generated_Source\PSoC5/ADC_DelSig_1.c **** *******************************************************************************/
1247:Generated_Source\PSoC5/ADC_DelSig_1.c **** static void ADC_DelSig_1_InitConfig(uint8 config) 
1248:Generated_Source\PSoC5/ADC_DelSig_1.c **** {
1249:Generated_Source\PSoC5/ADC_DelSig_1.c ****     ADC_DelSig_1_stopConversion = 0u;
1250:Generated_Source\PSoC5/ADC_DelSig_1.c **** 
1251:Generated_Source\PSoC5/ADC_DelSig_1.c ****     if (config == 1u)
1252:Generated_Source\PSoC5/ADC_DelSig_1.c ****     {
1253:Generated_Source\PSoC5/ADC_DelSig_1.c ****         /* Default Config */
1254:Generated_Source\PSoC5/ADC_DelSig_1.c ****         ADC_DelSig_1_DEC_CR_REG      = ADC_DelSig_1_CFG1_DEC_CR;
1255:Generated_Source\PSoC5/ADC_DelSig_1.c ****         ADC_DelSig_1_DEC_SHIFT1_REG  = ADC_DelSig_1_CFG1_DEC_SHIFT1;
1256:Generated_Source\PSoC5/ADC_DelSig_1.c ****         ADC_DelSig_1_DEC_SHIFT2_REG  = ADC_DelSig_1_CFG1_DEC_SHIFT2;
1257:Generated_Source\PSoC5/ADC_DelSig_1.c ****         ADC_DelSig_1_DEC_DR2_REG     = ADC_DelSig_1_CFG1_DEC_DR2;
1258:Generated_Source\PSoC5/ADC_DelSig_1.c ****         ADC_DelSig_1_DEC_DR2H_REG    = ADC_DelSig_1_CFG1_DEC_DR2H;
1259:Generated_Source\PSoC5/ADC_DelSig_1.c ****         ADC_DelSig_1_DEC_DR1_REG     = ADC_DelSig_1_CFG1_DEC_DR1;
1260:Generated_Source\PSoC5/ADC_DelSig_1.c ****         ADC_DelSig_1_DEC_OCOR_REG    = ADC_DelSig_1_CFG1_DEC_OCOR;
1261:Generated_Source\PSoC5/ADC_DelSig_1.c ****         ADC_DelSig_1_DEC_OCORM_REG   = ADC_DelSig_1_CFG1_DEC_OCORM;
1262:Generated_Source\PSoC5/ADC_DelSig_1.c ****         ADC_DelSig_1_DEC_OCORH_REG   = ADC_DelSig_1_CFG1_DEC_OCORH;
1263:Generated_Source\PSoC5/ADC_DelSig_1.c ****         ADC_DelSig_1_DEC_COHER_REG   = ADC_DelSig_1_CFG1_DEC_COHER;
1264:Generated_Source\PSoC5/ADC_DelSig_1.c **** 
1265:Generated_Source\PSoC5/ADC_DelSig_1.c ****         ADC_DelSig_1_DSM_CR4_REG     = ADC_DelSig_1_CFG1_DSM_CR4;
1266:Generated_Source\PSoC5/ADC_DelSig_1.c ****         ADC_DelSig_1_DSM_CR5_REG     = ADC_DelSig_1_CFG1_DSM_CR5;
1267:Generated_Source\PSoC5/ADC_DelSig_1.c ****         ADC_DelSig_1_DSM_CR6_REG     = ADC_DelSig_1_CFG1_DSM_CR6;
1268:Generated_Source\PSoC5/ADC_DelSig_1.c ****         ADC_DelSig_1_DSM_CR7_REG     = ADC_DelSig_1_CFG1_DSM_CR7;
1269:Generated_Source\PSoC5/ADC_DelSig_1.c ****         ADC_DelSig_1_DSM_CR10_REG    = ADC_DelSig_1_CFG1_DSM_CR10;
1270:Generated_Source\PSoC5/ADC_DelSig_1.c ****         ADC_DelSig_1_DSM_CR11_REG    = ADC_DelSig_1_CFG1_DSM_CR11;
1271:Generated_Source\PSoC5/ADC_DelSig_1.c ****         ADC_DelSig_1_DSM_CR12_REG    = ADC_DelSig_1_CFG1_DSM_CR12;
1272:Generated_Source\PSoC5/ADC_DelSig_1.c ****         ADC_DelSig_1_DSM_CR14_REG    = ADC_DelSig_1_CFG1_DSM_CR14;
1273:Generated_Source\PSoC5/ADC_DelSig_1.c ****         ADC_DelSig_1_DSM_CR15_REG    = ADC_DelSig_1_CFG1_DSM_CR15;
1274:Generated_Source\PSoC5/ADC_DelSig_1.c ****         ADC_DelSig_1_DSM_CR16_REG    = ADC_DelSig_1_CFG1_DSM_CR16;
1275:Generated_Source\PSoC5/ADC_DelSig_1.c ****         ADC_DelSig_1_DSM_CR17_REG    = ADC_DelSig_1_CFG1_DSM_CR17;
1276:Generated_Source\PSoC5/ADC_DelSig_1.c ****         /* Set DSM_REF0_REG by disabling and enabling the PRESS circuit */
1277:Generated_Source\PSoC5/ADC_DelSig_1.c ****         ADC_DelSig_1_SetDSMRef0Reg(ADC_DelSig_1_CFG1_DSM_REF0);
1278:Generated_Source\PSoC5/ADC_DelSig_1.c ****         ADC_DelSig_1_DSM_REF2_REG    = ADC_DelSig_1_CFG1_DSM_REF2;
1279:Generated_Source\PSoC5/ADC_DelSig_1.c ****         ADC_DelSig_1_DSM_REF3_REG    = ADC_DelSig_1_CFG1_DSM_REF3;
1280:Generated_Source\PSoC5/ADC_DelSig_1.c **** 
1281:Generated_Source\PSoC5/ADC_DelSig_1.c ****         ADC_DelSig_1_DSM_BUF0_REG    = ADC_DelSig_1_CFG1_DSM_BUF0;
1282:Generated_Source\PSoC5/ADC_DelSig_1.c ****         ADC_DelSig_1_DSM_BUF1_REG    = ADC_DelSig_1_CFG1_DSM_BUF1;
1283:Generated_Source\PSoC5/ADC_DelSig_1.c ****         ADC_DelSig_1_DSM_BUF2_REG    = ADC_DelSig_1_CFG1_DSM_BUF2;
1284:Generated_Source\PSoC5/ADC_DelSig_1.c ****         ADC_DelSig_1_DSM_BUF3_REG    = ADC_DelSig_1_CFG1_DSM_BUF3;
1285:Generated_Source\PSoC5/ADC_DelSig_1.c **** 
ARM GAS  C:\Users\elias\AppData\Local\Temp\ccZ9bC31.s 			page 24


1286:Generated_Source\PSoC5/ADC_DelSig_1.c ****         /* To select either Vssa or Vref to -ve input of DSM depending on
1287:Generated_Source\PSoC5/ADC_DelSig_1.c ****         *  the input  range selected.
1288:Generated_Source\PSoC5/ADC_DelSig_1.c ****         */
1289:Generated_Source\PSoC5/ADC_DelSig_1.c ****         #if(ADC_DelSig_1_DEFAULT_INPUT_MODE)
1290:Generated_Source\PSoC5/ADC_DelSig_1.c ****             #if (ADC_DelSig_1_CFG1_INPUT_RANGE == ADC_DelSig_1_IR_VSSA_TO_2VREF)
1291:Generated_Source\PSoC5/ADC_DelSig_1.c ****                 ADC_DelSig_1_AMux_Select(1u);
1292:Generated_Source\PSoC5/ADC_DelSig_1.c ****             #else
1293:Generated_Source\PSoC5/ADC_DelSig_1.c ****                 ADC_DelSig_1_AMux_Select(0u);
1294:Generated_Source\PSoC5/ADC_DelSig_1.c ****             #endif /* ADC_DelSig_1_IR_VSSA_TO_2VREF) */
1295:Generated_Source\PSoC5/ADC_DelSig_1.c ****         #endif /* ADC_DelSig_1_DEFAULT_INPUT_MODE */
1296:Generated_Source\PSoC5/ADC_DelSig_1.c **** 
1297:Generated_Source\PSoC5/ADC_DelSig_1.c ****         /* Set the Conversion stop if resolution is above 16 bit and conversion
1298:Generated_Source\PSoC5/ADC_DelSig_1.c ****         *   mode is Single sample
1299:Generated_Source\PSoC5/ADC_DelSig_1.c ****         */
1300:Generated_Source\PSoC5/ADC_DelSig_1.c ****         #if(ADC_DelSig_1_CFG1_RESOLUTION > 16 && \
1301:Generated_Source\PSoC5/ADC_DelSig_1.c ****             ADC_DelSig_1_CFG1_CONV_MODE == ADC_DelSig_1_MODE_SINGLE_SAMPLE)
1302:Generated_Source\PSoC5/ADC_DelSig_1.c ****             ADC_DelSig_1_stopConversion = 1u;
1303:Generated_Source\PSoC5/ADC_DelSig_1.c ****         #endif /* Single sample with resolution above 16 bits. */
1304:Generated_Source\PSoC5/ADC_DelSig_1.c **** 
1305:Generated_Source\PSoC5/ADC_DelSig_1.c ****         ADC_DelSig_1_CountsPerVolt = (int32)ADC_DelSig_1_CFG1_COUNTS_PER_VOLT;
1306:Generated_Source\PSoC5/ADC_DelSig_1.c **** 
1307:Generated_Source\PSoC5/ADC_DelSig_1.c ****         ADC_DelSig_1_Ext_CP_Clk_SetDividerRegister(ADC_DelSig_1_CFG1_CP_CLK_DIVIDER, 1u);
1308:Generated_Source\PSoC5/ADC_DelSig_1.c **** 
1309:Generated_Source\PSoC5/ADC_DelSig_1.c ****         /* This is only valid if there is an internal clock */
1310:Generated_Source\PSoC5/ADC_DelSig_1.c ****         #if(ADC_DelSig_1_DEFAULT_INTERNAL_CLK)
1311:Generated_Source\PSoC5/ADC_DelSig_1.c ****             ADC_DelSig_1_theACLK_SetDividerRegister(ADC_DelSig_1_CFG1_ADC_CLK_DIVIDER, 1u);
1312:Generated_Source\PSoC5/ADC_DelSig_1.c ****         #endif /* ADC_DelSig_1_DEFAULT_INTERNAL_CLK */
1313:Generated_Source\PSoC5/ADC_DelSig_1.c **** 
1314:Generated_Source\PSoC5/ADC_DelSig_1.c ****         #if(ADC_DelSig_1_IRQ_REMOVE == 0u)
1315:Generated_Source\PSoC5/ADC_DelSig_1.c ****             /* Set interrupt vector */
1316:Generated_Source\PSoC5/ADC_DelSig_1.c ****             (void)CyIntSetVector(ADC_DelSig_1_INTC_NUMBER, &ADC_DelSig_1_ISR1);
1317:Generated_Source\PSoC5/ADC_DelSig_1.c ****         #endif   /* End ADC_DelSig_1_IRQ_REMOVE */
1318:Generated_Source\PSoC5/ADC_DelSig_1.c ****     }
1319:Generated_Source\PSoC5/ADC_DelSig_1.c **** 
1320:Generated_Source\PSoC5/ADC_DelSig_1.c ****     #if(ADC_DelSig_1_DEFAULT_NUM_CONFIGS > 1)
1321:Generated_Source\PSoC5/ADC_DelSig_1.c ****         if(config == 2u)
1322:Generated_Source\PSoC5/ADC_DelSig_1.c ****         {
1323:Generated_Source\PSoC5/ADC_DelSig_1.c ****             /* Second Config */
1324:Generated_Source\PSoC5/ADC_DelSig_1.c ****             ADC_DelSig_1_DEC_CR_REG      = ADC_DelSig_1_CFG2_DEC_CR;
1325:Generated_Source\PSoC5/ADC_DelSig_1.c ****             ADC_DelSig_1_DEC_SHIFT1_REG  = ADC_DelSig_1_CFG2_DEC_SHIFT1;
1326:Generated_Source\PSoC5/ADC_DelSig_1.c ****             ADC_DelSig_1_DEC_SHIFT2_REG  = ADC_DelSig_1_CFG2_DEC_SHIFT2;
1327:Generated_Source\PSoC5/ADC_DelSig_1.c ****             ADC_DelSig_1_DEC_DR2_REG     = ADC_DelSig_1_CFG2_DEC_DR2;
1328:Generated_Source\PSoC5/ADC_DelSig_1.c ****             ADC_DelSig_1_DEC_DR2H_REG    = ADC_DelSig_1_CFG2_DEC_DR2H;
1329:Generated_Source\PSoC5/ADC_DelSig_1.c ****             ADC_DelSig_1_DEC_DR1_REG     = ADC_DelSig_1_CFG2_DEC_DR1;
1330:Generated_Source\PSoC5/ADC_DelSig_1.c ****             ADC_DelSig_1_DEC_OCOR_REG    = ADC_DelSig_1_CFG2_DEC_OCOR;
1331:Generated_Source\PSoC5/ADC_DelSig_1.c ****             ADC_DelSig_1_DEC_OCORM_REG   = ADC_DelSig_1_CFG2_DEC_OCORM;
1332:Generated_Source\PSoC5/ADC_DelSig_1.c ****             ADC_DelSig_1_DEC_OCORH_REG   = ADC_DelSig_1_CFG2_DEC_OCORH;
1333:Generated_Source\PSoC5/ADC_DelSig_1.c ****             ADC_DelSig_1_DEC_COHER_REG   = ADC_DelSig_1_CFG2_DEC_COHER;
1334:Generated_Source\PSoC5/ADC_DelSig_1.c **** 
1335:Generated_Source\PSoC5/ADC_DelSig_1.c ****             ADC_DelSig_1_DSM_CR4_REG     = ADC_DelSig_1_CFG2_DSM_CR4;
1336:Generated_Source\PSoC5/ADC_DelSig_1.c ****             ADC_DelSig_1_DSM_CR5_REG     = ADC_DelSig_1_CFG2_DSM_CR5;
1337:Generated_Source\PSoC5/ADC_DelSig_1.c ****             ADC_DelSig_1_DSM_CR6_REG     = ADC_DelSig_1_CFG2_DSM_CR6;
1338:Generated_Source\PSoC5/ADC_DelSig_1.c ****             ADC_DelSig_1_DSM_CR7_REG     = ADC_DelSig_1_CFG2_DSM_CR7;
1339:Generated_Source\PSoC5/ADC_DelSig_1.c ****             ADC_DelSig_1_DSM_CR10_REG    = ADC_DelSig_1_CFG2_DSM_CR10;
1340:Generated_Source\PSoC5/ADC_DelSig_1.c ****             ADC_DelSig_1_DSM_CR11_REG    = ADC_DelSig_1_CFG2_DSM_CR11;
1341:Generated_Source\PSoC5/ADC_DelSig_1.c ****             ADC_DelSig_1_DSM_CR12_REG    = ADC_DelSig_1_CFG2_DSM_CR12;
1342:Generated_Source\PSoC5/ADC_DelSig_1.c ****             ADC_DelSig_1_DSM_CR14_REG    = ADC_DelSig_1_CFG2_DSM_CR14;
ARM GAS  C:\Users\elias\AppData\Local\Temp\ccZ9bC31.s 			page 25


1343:Generated_Source\PSoC5/ADC_DelSig_1.c ****             ADC_DelSig_1_DSM_CR15_REG    = ADC_DelSig_1_CFG2_DSM_CR15;
1344:Generated_Source\PSoC5/ADC_DelSig_1.c ****             ADC_DelSig_1_DSM_CR16_REG    = ADC_DelSig_1_CFG2_DSM_CR16;
1345:Generated_Source\PSoC5/ADC_DelSig_1.c ****             ADC_DelSig_1_DSM_CR17_REG    = ADC_DelSig_1_CFG2_DSM_CR17;
1346:Generated_Source\PSoC5/ADC_DelSig_1.c ****             /* Set DSM_REF0_REG by disabling and enabling the PRESS cirucit */
1347:Generated_Source\PSoC5/ADC_DelSig_1.c ****             ADC_DelSig_1_SetDSMRef0Reg(ADC_DelSig_1_CFG2_DSM_REF0);
1348:Generated_Source\PSoC5/ADC_DelSig_1.c ****             ADC_DelSig_1_DSM_REF2_REG    = ADC_DelSig_1_CFG2_DSM_REF2;
1349:Generated_Source\PSoC5/ADC_DelSig_1.c ****             ADC_DelSig_1_DSM_REF3_REG    = ADC_DelSig_1_CFG2_DSM_REF3;
1350:Generated_Source\PSoC5/ADC_DelSig_1.c **** 
1351:Generated_Source\PSoC5/ADC_DelSig_1.c ****             ADC_DelSig_1_DSM_BUF0_REG    = ADC_DelSig_1_CFG2_DSM_BUF0;
1352:Generated_Source\PSoC5/ADC_DelSig_1.c ****             ADC_DelSig_1_DSM_BUF1_REG    = ADC_DelSig_1_CFG2_DSM_BUF1;
1353:Generated_Source\PSoC5/ADC_DelSig_1.c ****             ADC_DelSig_1_DSM_BUF2_REG    = ADC_DelSig_1_CFG2_DSM_BUF2;
1354:Generated_Source\PSoC5/ADC_DelSig_1.c ****             ADC_DelSig_1_DSM_BUF3_REG    = ADC_DelSig_1_CFG2_DSM_BUF3;
1355:Generated_Source\PSoC5/ADC_DelSig_1.c **** 
1356:Generated_Source\PSoC5/ADC_DelSig_1.c ****             /* To select either Vssa or Vref to -ve input of DSM depending on
1357:Generated_Source\PSoC5/ADC_DelSig_1.c ****             *  the input range selected.
1358:Generated_Source\PSoC5/ADC_DelSig_1.c ****             */
1359:Generated_Source\PSoC5/ADC_DelSig_1.c **** 
1360:Generated_Source\PSoC5/ADC_DelSig_1.c ****             #if(ADC_DelSig_1_DEFAULT_INPUT_MODE)
1361:Generated_Source\PSoC5/ADC_DelSig_1.c ****                 #if (ADC_DelSig_1_CFG2_INPUT_RANGE == ADC_DelSig_1_IR_VSSA_TO_2VREF)
1362:Generated_Source\PSoC5/ADC_DelSig_1.c ****                     ADC_DelSig_1_AMux_Select(1u);
1363:Generated_Source\PSoC5/ADC_DelSig_1.c ****                 #else
1364:Generated_Source\PSoC5/ADC_DelSig_1.c ****                     ADC_DelSig_1_AMux_Select(0u);
1365:Generated_Source\PSoC5/ADC_DelSig_1.c ****                 #endif /* ADC_DelSig_1_IR_VSSA_TO_2VREF) */
1366:Generated_Source\PSoC5/ADC_DelSig_1.c ****             #endif /* ADC_DelSig_1_DEFAULT_INPUT_MODE */
1367:Generated_Source\PSoC5/ADC_DelSig_1.c **** 
1368:Generated_Source\PSoC5/ADC_DelSig_1.c ****             /* Set the Conversion stop if resolution is above 16 bit and
1369:Generated_Source\PSoC5/ADC_DelSig_1.c ****             *   conversion mode is Single sample
1370:Generated_Source\PSoC5/ADC_DelSig_1.c ****             */
1371:Generated_Source\PSoC5/ADC_DelSig_1.c ****             #if(ADC_DelSig_1_CFG2_RESOLUTION > 16 && \
1372:Generated_Source\PSoC5/ADC_DelSig_1.c ****                 ADC_DelSig_1_CFG2_CONV_MODE == ADC_DelSig_1_MODE_SINGLE_SAMPLE)
1373:Generated_Source\PSoC5/ADC_DelSig_1.c ****                 ADC_DelSig_1_stopConversion = 1u;
1374:Generated_Source\PSoC5/ADC_DelSig_1.c ****             #endif /* Single sample with resolution above 16 bits. */
1375:Generated_Source\PSoC5/ADC_DelSig_1.c **** 
1376:Generated_Source\PSoC5/ADC_DelSig_1.c ****             ADC_DelSig_1_CountsPerVolt = (int32)ADC_DelSig_1_CFG2_COUNTS_PER_VOLT;
1377:Generated_Source\PSoC5/ADC_DelSig_1.c **** 
1378:Generated_Source\PSoC5/ADC_DelSig_1.c ****             ADC_DelSig_1_Ext_CP_Clk_SetDividerRegister(ADC_DelSig_1_CFG2_CP_CLK_DIVIDER, 1u);
1379:Generated_Source\PSoC5/ADC_DelSig_1.c **** 
1380:Generated_Source\PSoC5/ADC_DelSig_1.c ****             /* This is only valid if there is an internal clock */
1381:Generated_Source\PSoC5/ADC_DelSig_1.c ****             #if(ADC_DelSig_1_DEFAULT_INTERNAL_CLK)
1382:Generated_Source\PSoC5/ADC_DelSig_1.c ****                 ADC_DelSig_1_theACLK_SetDividerRegister(ADC_DelSig_1_CFG2_ADC_CLK_DIVIDER, 1u);
1383:Generated_Source\PSoC5/ADC_DelSig_1.c ****             #endif /* ADC_DelSig_1_DEFAULT_INTERNAL_CLK */
1384:Generated_Source\PSoC5/ADC_DelSig_1.c **** 
1385:Generated_Source\PSoC5/ADC_DelSig_1.c ****             #if(ADC_DelSig_1_IRQ_REMOVE == 0u)
1386:Generated_Source\PSoC5/ADC_DelSig_1.c ****                 /* Set interrupt vector */
1387:Generated_Source\PSoC5/ADC_DelSig_1.c ****                 (void)CyIntSetVector(ADC_DelSig_1_INTC_NUMBER, &ADC_DelSig_1_ISR2);
1388:Generated_Source\PSoC5/ADC_DelSig_1.c ****             #endif   /* End ADC_DelSig_1_IRQ_REMOVE */
1389:Generated_Source\PSoC5/ADC_DelSig_1.c ****         }
1390:Generated_Source\PSoC5/ADC_DelSig_1.c ****     #endif /* ADC_DelSig_1_DEFAULT_NUM_CONFIGS > 1 */
1391:Generated_Source\PSoC5/ADC_DelSig_1.c **** 
1392:Generated_Source\PSoC5/ADC_DelSig_1.c ****     #if(ADC_DelSig_1_DEFAULT_NUM_CONFIGS > 2)
1393:Generated_Source\PSoC5/ADC_DelSig_1.c ****         if(config == 3u)
1394:Generated_Source\PSoC5/ADC_DelSig_1.c ****         {
1395:Generated_Source\PSoC5/ADC_DelSig_1.c ****             /* Third Config */
1396:Generated_Source\PSoC5/ADC_DelSig_1.c ****             ADC_DelSig_1_DEC_CR_REG      = ADC_DelSig_1_CFG3_DEC_CR;
1397:Generated_Source\PSoC5/ADC_DelSig_1.c ****             ADC_DelSig_1_DEC_SHIFT1_REG  = ADC_DelSig_1_CFG3_DEC_SHIFT1;
1398:Generated_Source\PSoC5/ADC_DelSig_1.c ****             ADC_DelSig_1_DEC_SHIFT2_REG  = ADC_DelSig_1_CFG3_DEC_SHIFT2;
1399:Generated_Source\PSoC5/ADC_DelSig_1.c ****             ADC_DelSig_1_DEC_DR2_REG     = ADC_DelSig_1_CFG3_DEC_DR2;
ARM GAS  C:\Users\elias\AppData\Local\Temp\ccZ9bC31.s 			page 26


1400:Generated_Source\PSoC5/ADC_DelSig_1.c ****             ADC_DelSig_1_DEC_DR2H_REG    = ADC_DelSig_1_CFG3_DEC_DR2H;
1401:Generated_Source\PSoC5/ADC_DelSig_1.c ****             ADC_DelSig_1_DEC_DR1_REG     = ADC_DelSig_1_CFG3_DEC_DR1;
1402:Generated_Source\PSoC5/ADC_DelSig_1.c ****             ADC_DelSig_1_DEC_OCOR_REG    = ADC_DelSig_1_CFG3_DEC_OCOR;
1403:Generated_Source\PSoC5/ADC_DelSig_1.c ****             ADC_DelSig_1_DEC_OCORM_REG   = ADC_DelSig_1_CFG3_DEC_OCORM;
1404:Generated_Source\PSoC5/ADC_DelSig_1.c ****             ADC_DelSig_1_DEC_OCORH_REG   = ADC_DelSig_1_CFG3_DEC_OCORH;
1405:Generated_Source\PSoC5/ADC_DelSig_1.c ****             ADC_DelSig_1_DEC_COHER_REG   = ADC_DelSig_1_CFG3_DEC_COHER;
1406:Generated_Source\PSoC5/ADC_DelSig_1.c **** 
1407:Generated_Source\PSoC5/ADC_DelSig_1.c ****             ADC_DelSig_1_DSM_CR4_REG     = ADC_DelSig_1_CFG3_DSM_CR4;
1408:Generated_Source\PSoC5/ADC_DelSig_1.c ****             ADC_DelSig_1_DSM_CR5_REG     = ADC_DelSig_1_CFG3_DSM_CR5;
1409:Generated_Source\PSoC5/ADC_DelSig_1.c ****             ADC_DelSig_1_DSM_CR6_REG     = ADC_DelSig_1_CFG3_DSM_CR6;
1410:Generated_Source\PSoC5/ADC_DelSig_1.c ****             ADC_DelSig_1_DSM_CR7_REG     = ADC_DelSig_1_CFG3_DSM_CR7;
1411:Generated_Source\PSoC5/ADC_DelSig_1.c ****             ADC_DelSig_1_DSM_CR10_REG    = ADC_DelSig_1_CFG3_DSM_CR10;
1412:Generated_Source\PSoC5/ADC_DelSig_1.c ****             ADC_DelSig_1_DSM_CR11_REG    = ADC_DelSig_1_CFG3_DSM_CR11;
1413:Generated_Source\PSoC5/ADC_DelSig_1.c ****             ADC_DelSig_1_DSM_CR12_REG    = ADC_DelSig_1_CFG3_DSM_CR12;
1414:Generated_Source\PSoC5/ADC_DelSig_1.c ****             ADC_DelSig_1_DSM_CR14_REG    = ADC_DelSig_1_CFG3_DSM_CR14;
1415:Generated_Source\PSoC5/ADC_DelSig_1.c ****             ADC_DelSig_1_DSM_CR15_REG    = ADC_DelSig_1_CFG3_DSM_CR15;
1416:Generated_Source\PSoC5/ADC_DelSig_1.c ****             ADC_DelSig_1_DSM_CR16_REG    = ADC_DelSig_1_CFG3_DSM_CR16;
1417:Generated_Source\PSoC5/ADC_DelSig_1.c ****             ADC_DelSig_1_DSM_CR17_REG    = ADC_DelSig_1_CFG3_DSM_CR17;
1418:Generated_Source\PSoC5/ADC_DelSig_1.c ****             /* Set DSM_REF0_REG by disabling and enabling the PRESS circuit */
1419:Generated_Source\PSoC5/ADC_DelSig_1.c ****             ADC_DelSig_1_SetDSMRef0Reg(ADC_DelSig_1_CFG3_DSM_REF0);
1420:Generated_Source\PSoC5/ADC_DelSig_1.c ****             ADC_DelSig_1_DSM_REF2_REG    = ADC_DelSig_1_CFG3_DSM_REF2;
1421:Generated_Source\PSoC5/ADC_DelSig_1.c ****             ADC_DelSig_1_DSM_REF3_REG    = ADC_DelSig_1_CFG3_DSM_REF3;
1422:Generated_Source\PSoC5/ADC_DelSig_1.c **** 
1423:Generated_Source\PSoC5/ADC_DelSig_1.c ****             ADC_DelSig_1_DSM_BUF0_REG    = ADC_DelSig_1_CFG3_DSM_BUF0;
1424:Generated_Source\PSoC5/ADC_DelSig_1.c ****             ADC_DelSig_1_DSM_BUF1_REG    = ADC_DelSig_1_CFG3_DSM_BUF1;
1425:Generated_Source\PSoC5/ADC_DelSig_1.c ****             ADC_DelSig_1_DSM_BUF2_REG    = ADC_DelSig_1_CFG3_DSM_BUF2;
1426:Generated_Source\PSoC5/ADC_DelSig_1.c ****             ADC_DelSig_1_DSM_BUF3_REG    = ADC_DelSig_1_CFG3_DSM_BUF3;
1427:Generated_Source\PSoC5/ADC_DelSig_1.c **** 
1428:Generated_Source\PSoC5/ADC_DelSig_1.c ****             /* To select either Vssa or Vref to -ve input of DSM depending on
1429:Generated_Source\PSoC5/ADC_DelSig_1.c ****             *  the input range selected.
1430:Generated_Source\PSoC5/ADC_DelSig_1.c ****             */
1431:Generated_Source\PSoC5/ADC_DelSig_1.c ****             #if(ADC_DelSig_1_DEFAULT_INPUT_MODE)
1432:Generated_Source\PSoC5/ADC_DelSig_1.c ****                 #if (ADC_DelSig_1_CFG3_INPUT_RANGE == ADC_DelSig_1_IR_VSSA_TO_2VREF)
1433:Generated_Source\PSoC5/ADC_DelSig_1.c ****                     ADC_DelSig_1_AMux_Select(1u);
1434:Generated_Source\PSoC5/ADC_DelSig_1.c ****                 #else
1435:Generated_Source\PSoC5/ADC_DelSig_1.c ****                     ADC_DelSig_1_AMux_Select(0u);
1436:Generated_Source\PSoC5/ADC_DelSig_1.c ****                 #endif /* ADC_DelSig_1_IR_VSSA_TO_2VREF) */
1437:Generated_Source\PSoC5/ADC_DelSig_1.c ****             #endif /* ADC_DelSig_1_DEFAULT_INPUT_MODE */
1438:Generated_Source\PSoC5/ADC_DelSig_1.c **** 
1439:Generated_Source\PSoC5/ADC_DelSig_1.c ****             /* Set the Conversion stop if resolution is above 16 bit and
1440:Generated_Source\PSoC5/ADC_DelSig_1.c ****                conversion  mode is Single sample */
1441:Generated_Source\PSoC5/ADC_DelSig_1.c ****             #if(ADC_DelSig_1_CFG3_RESOLUTION > 16 && \
1442:Generated_Source\PSoC5/ADC_DelSig_1.c ****                 ADC_DelSig_1_CFG3_CONV_MODE == ADC_DelSig_1_MODE_SINGLE_SAMPLE)
1443:Generated_Source\PSoC5/ADC_DelSig_1.c ****                 ADC_DelSig_1_stopConversion = 1u;
1444:Generated_Source\PSoC5/ADC_DelSig_1.c ****             #endif /* Single sample with resolution above 16 bits */
1445:Generated_Source\PSoC5/ADC_DelSig_1.c **** 
1446:Generated_Source\PSoC5/ADC_DelSig_1.c ****             ADC_DelSig_1_CountsPerVolt = (int32)ADC_DelSig_1_CFG3_COUNTS_PER_VOLT;
1447:Generated_Source\PSoC5/ADC_DelSig_1.c **** 
1448:Generated_Source\PSoC5/ADC_DelSig_1.c ****             ADC_DelSig_1_Ext_CP_Clk_SetDividerRegister(ADC_DelSig_1_CFG3_CP_CLK_DIVIDER, 1u);
1449:Generated_Source\PSoC5/ADC_DelSig_1.c **** 
1450:Generated_Source\PSoC5/ADC_DelSig_1.c ****             /* This is only valid if there is an internal clock */
1451:Generated_Source\PSoC5/ADC_DelSig_1.c ****             #if(ADC_DelSig_1_DEFAULT_INTERNAL_CLK)
1452:Generated_Source\PSoC5/ADC_DelSig_1.c ****                 ADC_DelSig_1_theACLK_SetDividerRegister(ADC_DelSig_1_CFG3_ADC_CLK_DIVIDER, 1u);
1453:Generated_Source\PSoC5/ADC_DelSig_1.c ****             #endif /* ADC_DelSig_1_DEFAULT_INTERNAL_CLK */
1454:Generated_Source\PSoC5/ADC_DelSig_1.c **** 
1455:Generated_Source\PSoC5/ADC_DelSig_1.c ****             #if(ADC_DelSig_1_IRQ_REMOVE == 0u)
1456:Generated_Source\PSoC5/ADC_DelSig_1.c ****                 /* Set interrupt vector */
ARM GAS  C:\Users\elias\AppData\Local\Temp\ccZ9bC31.s 			page 27


1457:Generated_Source\PSoC5/ADC_DelSig_1.c ****                 (void)CyIntSetVector(ADC_DelSig_1_INTC_NUMBER, &ADC_DelSig_1_ISR3);
1458:Generated_Source\PSoC5/ADC_DelSig_1.c ****             #endif   /* End ADC_DelSig_1_IRQ_REMOVE */
1459:Generated_Source\PSoC5/ADC_DelSig_1.c ****         }
1460:Generated_Source\PSoC5/ADC_DelSig_1.c ****     #endif /* ADC_DelSig_1_DEFAULT_NUM_CONFIGS > 2 */
1461:Generated_Source\PSoC5/ADC_DelSig_1.c **** 
1462:Generated_Source\PSoC5/ADC_DelSig_1.c ****     #if(ADC_DelSig_1_DEFAULT_NUM_CONFIGS > 3)
1463:Generated_Source\PSoC5/ADC_DelSig_1.c ****         if (config == 4u)
1464:Generated_Source\PSoC5/ADC_DelSig_1.c ****         {
1465:Generated_Source\PSoC5/ADC_DelSig_1.c ****             /* Fourth Config */
1466:Generated_Source\PSoC5/ADC_DelSig_1.c ****             ADC_DelSig_1_DEC_CR_REG      = ADC_DelSig_1_CFG4_DEC_CR;
1467:Generated_Source\PSoC5/ADC_DelSig_1.c ****             ADC_DelSig_1_DEC_SHIFT1_REG  = ADC_DelSig_1_CFG4_DEC_SHIFT1;
1468:Generated_Source\PSoC5/ADC_DelSig_1.c ****             ADC_DelSig_1_DEC_SHIFT2_REG  = ADC_DelSig_1_CFG4_DEC_SHIFT2;
1469:Generated_Source\PSoC5/ADC_DelSig_1.c ****             ADC_DelSig_1_DEC_DR2_REG     = ADC_DelSig_1_CFG4_DEC_DR2;
1470:Generated_Source\PSoC5/ADC_DelSig_1.c ****             ADC_DelSig_1_DEC_DR2H_REG    = ADC_DelSig_1_CFG4_DEC_DR2H;
1471:Generated_Source\PSoC5/ADC_DelSig_1.c ****             ADC_DelSig_1_DEC_DR1_REG     = ADC_DelSig_1_CFG4_DEC_DR1;
1472:Generated_Source\PSoC5/ADC_DelSig_1.c ****             ADC_DelSig_1_DEC_OCOR_REG    = ADC_DelSig_1_CFG4_DEC_OCOR;
1473:Generated_Source\PSoC5/ADC_DelSig_1.c ****             ADC_DelSig_1_DEC_OCORM_REG   = ADC_DelSig_1_CFG4_DEC_OCORM;
1474:Generated_Source\PSoC5/ADC_DelSig_1.c ****             ADC_DelSig_1_DEC_OCORH_REG   = ADC_DelSig_1_CFG4_DEC_OCORH;
1475:Generated_Source\PSoC5/ADC_DelSig_1.c ****             ADC_DelSig_1_DEC_COHER_REG   = ADC_DelSig_1_CFG4_DEC_COHER;
1476:Generated_Source\PSoC5/ADC_DelSig_1.c **** 
1477:Generated_Source\PSoC5/ADC_DelSig_1.c ****             ADC_DelSig_1_DSM_CR4_REG     = ADC_DelSig_1_CFG4_DSM_CR4;
1478:Generated_Source\PSoC5/ADC_DelSig_1.c ****             ADC_DelSig_1_DSM_CR5_REG     = ADC_DelSig_1_CFG4_DSM_CR5;
1479:Generated_Source\PSoC5/ADC_DelSig_1.c ****             ADC_DelSig_1_DSM_CR6_REG     = ADC_DelSig_1_CFG4_DSM_CR6;
1480:Generated_Source\PSoC5/ADC_DelSig_1.c ****             ADC_DelSig_1_DSM_CR7_REG     = ADC_DelSig_1_CFG4_DSM_CR7;
1481:Generated_Source\PSoC5/ADC_DelSig_1.c ****             ADC_DelSig_1_DSM_CR10_REG    = ADC_DelSig_1_CFG4_DSM_CR10;
1482:Generated_Source\PSoC5/ADC_DelSig_1.c ****             ADC_DelSig_1_DSM_CR11_REG    = ADC_DelSig_1_CFG4_DSM_CR11;
1483:Generated_Source\PSoC5/ADC_DelSig_1.c ****             ADC_DelSig_1_DSM_CR12_REG    = ADC_DelSig_1_CFG4_DSM_CR12;
1484:Generated_Source\PSoC5/ADC_DelSig_1.c ****             ADC_DelSig_1_DSM_CR14_REG    = ADC_DelSig_1_CFG4_DSM_CR14;
1485:Generated_Source\PSoC5/ADC_DelSig_1.c ****             ADC_DelSig_1_DSM_CR15_REG    = ADC_DelSig_1_CFG4_DSM_CR15;
1486:Generated_Source\PSoC5/ADC_DelSig_1.c ****             ADC_DelSig_1_DSM_CR16_REG    = ADC_DelSig_1_CFG4_DSM_CR16;
1487:Generated_Source\PSoC5/ADC_DelSig_1.c ****             ADC_DelSig_1_DSM_CR17_REG    = ADC_DelSig_1_CFG4_DSM_CR17;
1488:Generated_Source\PSoC5/ADC_DelSig_1.c ****             /* Set DSM_REF0_REG by disabling and enabling the PRESS circuit */
1489:Generated_Source\PSoC5/ADC_DelSig_1.c ****             ADC_DelSig_1_SetDSMRef0Reg(ADC_DelSig_1_CFG4_DSM_REF0);
1490:Generated_Source\PSoC5/ADC_DelSig_1.c ****             ADC_DelSig_1_DSM_REF2_REG    = ADC_DelSig_1_CFG4_DSM_REF2;
1491:Generated_Source\PSoC5/ADC_DelSig_1.c ****             ADC_DelSig_1_DSM_REF3_REG    = ADC_DelSig_1_CFG4_DSM_REF3;
1492:Generated_Source\PSoC5/ADC_DelSig_1.c **** 
1493:Generated_Source\PSoC5/ADC_DelSig_1.c ****             ADC_DelSig_1_DSM_BUF0_REG    = ADC_DelSig_1_CFG4_DSM_BUF0;
1494:Generated_Source\PSoC5/ADC_DelSig_1.c ****             ADC_DelSig_1_DSM_BUF1_REG    = ADC_DelSig_1_CFG4_DSM_BUF1;
1495:Generated_Source\PSoC5/ADC_DelSig_1.c ****             ADC_DelSig_1_DSM_BUF2_REG    = ADC_DelSig_1_CFG4_DSM_BUF2;
1496:Generated_Source\PSoC5/ADC_DelSig_1.c ****             ADC_DelSig_1_DSM_BUF3_REG    = ADC_DelSig_1_CFG4_DSM_BUF3;
1497:Generated_Source\PSoC5/ADC_DelSig_1.c **** 
1498:Generated_Source\PSoC5/ADC_DelSig_1.c ****             /* To select either Vssa or Vref to -ve input of DSM depending on
1499:Generated_Source\PSoC5/ADC_DelSig_1.c ****             *  the input range selected.
1500:Generated_Source\PSoC5/ADC_DelSig_1.c ****             */
1501:Generated_Source\PSoC5/ADC_DelSig_1.c ****             #if(ADC_DelSig_1_DEFAULT_INPUT_MODE)
1502:Generated_Source\PSoC5/ADC_DelSig_1.c ****                 #if (ADC_DelSig_1_CFG4_INPUT_RANGE == ADC_DelSig_1_IR_VSSA_TO_2VREF)
1503:Generated_Source\PSoC5/ADC_DelSig_1.c ****                     ADC_DelSig_1_AMux_Select(1u);
1504:Generated_Source\PSoC5/ADC_DelSig_1.c ****                 #else
1505:Generated_Source\PSoC5/ADC_DelSig_1.c ****                     ADC_DelSig_1_AMux_Select(0u);
1506:Generated_Source\PSoC5/ADC_DelSig_1.c ****                 #endif /* ADC_DelSig_1_IR_VSSA_TO_2VREF) */
1507:Generated_Source\PSoC5/ADC_DelSig_1.c ****             #endif /* ADC_DelSig_1_DEFAULT_INPUT_MODE */
1508:Generated_Source\PSoC5/ADC_DelSig_1.c **** 
1509:Generated_Source\PSoC5/ADC_DelSig_1.c ****             /* Set the Conversion stop if resolution is above 16 bit and
1510:Generated_Source\PSoC5/ADC_DelSig_1.c ****                conversion mode is Single sample */
1511:Generated_Source\PSoC5/ADC_DelSig_1.c ****             #if(ADC_DelSig_1_CFG4_RESOLUTION > 16 && \
1512:Generated_Source\PSoC5/ADC_DelSig_1.c ****                 ADC_DelSig_1_CFG4_CONV_MODE == ADC_DelSig_1_MODE_SINGLE_SAMPLE)
1513:Generated_Source\PSoC5/ADC_DelSig_1.c ****                 ADC_DelSig_1_stopConversion = 1u;
ARM GAS  C:\Users\elias\AppData\Local\Temp\ccZ9bC31.s 			page 28


1514:Generated_Source\PSoC5/ADC_DelSig_1.c ****             #endif /* Single sample with resolution above 16 bits */
1515:Generated_Source\PSoC5/ADC_DelSig_1.c **** 
1516:Generated_Source\PSoC5/ADC_DelSig_1.c ****             ADC_DelSig_1_CountsPerVolt = (int32)ADC_DelSig_1_CFG4_COUNTS_PER_VOLT;
1517:Generated_Source\PSoC5/ADC_DelSig_1.c **** 
1518:Generated_Source\PSoC5/ADC_DelSig_1.c ****             ADC_DelSig_1_Ext_CP_Clk_SetDividerRegister(ADC_DelSig_1_CFG4_CP_CLK_DIVIDER, 1u);
1519:Generated_Source\PSoC5/ADC_DelSig_1.c **** 
1520:Generated_Source\PSoC5/ADC_DelSig_1.c ****             /* This is only valid if there is an internal clock */
1521:Generated_Source\PSoC5/ADC_DelSig_1.c ****             #if(ADC_DelSig_1_DEFAULT_INTERNAL_CLK)
1522:Generated_Source\PSoC5/ADC_DelSig_1.c ****                 ADC_DelSig_1_theACLK_SetDividerRegister(ADC_DelSig_1_CFG4_ADC_CLK_DIVIDER, 1u);
1523:Generated_Source\PSoC5/ADC_DelSig_1.c ****             #endif /* ADC_DelSig_1_DEFAULT_INTERNAL_CLK */
1524:Generated_Source\PSoC5/ADC_DelSig_1.c **** 
1525:Generated_Source\PSoC5/ADC_DelSig_1.c ****             #if(ADC_DelSig_1_IRQ_REMOVE == 0u)
1526:Generated_Source\PSoC5/ADC_DelSig_1.c ****                 /* Set interrupt vector */
1527:Generated_Source\PSoC5/ADC_DelSig_1.c ****                 (void)CyIntSetVector(ADC_DelSig_1_INTC_NUMBER, &ADC_DelSig_1_ISR4);
1528:Generated_Source\PSoC5/ADC_DelSig_1.c ****             #endif   /* End ADC_DelSig_1_IRQ_REMOVE */
1529:Generated_Source\PSoC5/ADC_DelSig_1.c ****         }
1530:Generated_Source\PSoC5/ADC_DelSig_1.c ****     #endif /* ADC_DelSig_1_DEFAULT_NUM_CONFIGS > 3 */
1531:Generated_Source\PSoC5/ADC_DelSig_1.c **** }
1532:Generated_Source\PSoC5/ADC_DelSig_1.c **** 
1533:Generated_Source\PSoC5/ADC_DelSig_1.c **** 
1534:Generated_Source\PSoC5/ADC_DelSig_1.c **** /*******************************************************************************
1535:Generated_Source\PSoC5/ADC_DelSig_1.c **** * Function Name: ADC_DelSig_1_SelectCofiguration
1536:Generated_Source\PSoC5/ADC_DelSig_1.c **** ********************************************************************************
1537:Generated_Source\PSoC5/ADC_DelSig_1.c **** *
1538:Generated_Source\PSoC5/ADC_DelSig_1.c **** * Summary:
1539:Generated_Source\PSoC5/ADC_DelSig_1.c **** *  Sets one of up to four ADC configurations. Before setting the new
1540:Generated_Source\PSoC5/ADC_DelSig_1.c **** *  configuration, the ADC is stopped and powered down. After setting
1541:Generated_Source\PSoC5/ADC_DelSig_1.c **** *  the new configuration, the ADC can be powered and conversion
1542:Generated_Source\PSoC5/ADC_DelSig_1.c **** *  can be restarted depending up on the value of second parameter
1543:Generated_Source\PSoC5/ADC_DelSig_1.c **** *  restart. If the value of this parameter is 1, then ADC will be
1544:Generated_Source\PSoC5/ADC_DelSig_1.c **** *  restarted. If this value is zero, then user must call ADC_DelSig_1_Start
1545:Generated_Source\PSoC5/ADC_DelSig_1.c **** *  and ADC_DelSig_1_StartConvert() to restart the conversion.
1546:Generated_Source\PSoC5/ADC_DelSig_1.c **** *
1547:Generated_Source\PSoC5/ADC_DelSig_1.c **** * Parameters:
1548:Generated_Source\PSoC5/ADC_DelSig_1.c **** *  config:  configuration user wants to select.
1549:Generated_Source\PSoC5/ADC_DelSig_1.c **** *           Valid range: 1..4
1550:Generated_Source\PSoC5/ADC_DelSig_1.c **** *  restart:  Restart option. 1 means start the ADC and restart the conversion.
1551:Generated_Source\PSoC5/ADC_DelSig_1.c **** *                            0 means do not start the ADC and conversion.
1552:Generated_Source\PSoC5/ADC_DelSig_1.c **** *
1553:Generated_Source\PSoC5/ADC_DelSig_1.c **** * Return:
1554:Generated_Source\PSoC5/ADC_DelSig_1.c **** *  None
1555:Generated_Source\PSoC5/ADC_DelSig_1.c **** *
1556:Generated_Source\PSoC5/ADC_DelSig_1.c **** * Side Effects: 
1557:Generated_Source\PSoC5/ADC_DelSig_1.c **** *  Enables internal interrupt.
1558:Generated_Source\PSoC5/ADC_DelSig_1.c **** *
1559:Generated_Source\PSoC5/ADC_DelSig_1.c **** *******************************************************************************/
1560:Generated_Source\PSoC5/ADC_DelSig_1.c **** void ADC_DelSig_1_SelectConfiguration(uint8 config, uint8 restart)
1561:Generated_Source\PSoC5/ADC_DelSig_1.c ****                                               
1562:Generated_Source\PSoC5/ADC_DelSig_1.c **** {
1563:Generated_Source\PSoC5/ADC_DelSig_1.c ****     /* Check whether the configuration number is valid or not */
1564:Generated_Source\PSoC5/ADC_DelSig_1.c ****     if((config > 0u) && (config <= ADC_DelSig_1_DEFAULT_NUM_CONFIGS))
1565:Generated_Source\PSoC5/ADC_DelSig_1.c ****     {
1566:Generated_Source\PSoC5/ADC_DelSig_1.c ****         /* Set the flag to ensure Start() API doesn't override the 
1567:Generated_Source\PSoC5/ADC_DelSig_1.c **** 		*  selected configuration
1568:Generated_Source\PSoC5/ADC_DelSig_1.c **** 		*/
1569:Generated_Source\PSoC5/ADC_DelSig_1.c ****         if(ADC_DelSig_1_initVar == 0u)
1570:Generated_Source\PSoC5/ADC_DelSig_1.c ****         {
ARM GAS  C:\Users\elias\AppData\Local\Temp\ccZ9bC31.s 			page 29


1571:Generated_Source\PSoC5/ADC_DelSig_1.c ****             ADC_DelSig_1_started = 1u;
1572:Generated_Source\PSoC5/ADC_DelSig_1.c ****         }
1573:Generated_Source\PSoC5/ADC_DelSig_1.c **** 
1574:Generated_Source\PSoC5/ADC_DelSig_1.c ****         /* Update the config flag */
1575:Generated_Source\PSoC5/ADC_DelSig_1.c ****         ADC_DelSig_1_Config = config;
1576:Generated_Source\PSoC5/ADC_DelSig_1.c **** 
1577:Generated_Source\PSoC5/ADC_DelSig_1.c ****         /* Stop the ADC  */
1578:Generated_Source\PSoC5/ADC_DelSig_1.c ****         ADC_DelSig_1_Stop();
1579:Generated_Source\PSoC5/ADC_DelSig_1.c **** 
1580:Generated_Source\PSoC5/ADC_DelSig_1.c ****         /* Set the  ADC registers based on the configuration */
1581:Generated_Source\PSoC5/ADC_DelSig_1.c ****         ADC_DelSig_1_InitConfig(config);
1582:Generated_Source\PSoC5/ADC_DelSig_1.c **** 
1583:Generated_Source\PSoC5/ADC_DelSig_1.c ****         /* Compensate the gain */
1584:Generated_Source\PSoC5/ADC_DelSig_1.c ****         ADC_DelSig_1_DEC_GVAL_REG = ADC_DelSig_1_gcor[config - 1u].gval;
1585:Generated_Source\PSoC5/ADC_DelSig_1.c ****         CY_SET_REG16(ADC_DelSig_1_DEC_GCOR_16B_PTR, ADC_DelSig_1_gcor[config - 1u].gcor);
1586:Generated_Source\PSoC5/ADC_DelSig_1.c **** 
1587:Generated_Source\PSoC5/ADC_DelSig_1.c ****         if(restart == 1u)
1588:Generated_Source\PSoC5/ADC_DelSig_1.c ****         {
1589:Generated_Source\PSoC5/ADC_DelSig_1.c ****             /* Restart the ADC */
1590:Generated_Source\PSoC5/ADC_DelSig_1.c ****             ADC_DelSig_1_Start();
1591:Generated_Source\PSoC5/ADC_DelSig_1.c **** 
1592:Generated_Source\PSoC5/ADC_DelSig_1.c ****             /* Restart the ADC conversion */
1593:Generated_Source\PSoC5/ADC_DelSig_1.c ****             ADC_DelSig_1_StartConvert();
1594:Generated_Source\PSoC5/ADC_DelSig_1.c ****         }
1595:Generated_Source\PSoC5/ADC_DelSig_1.c ****     }
1596:Generated_Source\PSoC5/ADC_DelSig_1.c ****     else
1597:Generated_Source\PSoC5/ADC_DelSig_1.c ****     {
1598:Generated_Source\PSoC5/ADC_DelSig_1.c ****         /* Halt CPU in debug mode if config is out of valid range */
1599:Generated_Source\PSoC5/ADC_DelSig_1.c ****         CYASSERT(0u != 0u);
1600:Generated_Source\PSoC5/ADC_DelSig_1.c ****     }
1601:Generated_Source\PSoC5/ADC_DelSig_1.c **** }
1602:Generated_Source\PSoC5/ADC_DelSig_1.c **** 
1603:Generated_Source\PSoC5/ADC_DelSig_1.c **** 
1604:Generated_Source\PSoC5/ADC_DelSig_1.c **** /*******************************************************************************
1605:Generated_Source\PSoC5/ADC_DelSig_1.c **** * Function Name: ADC_DelSig_1_GainCompensation
1606:Generated_Source\PSoC5/ADC_DelSig_1.c **** ********************************************************************************
1607:Generated_Source\PSoC5/ADC_DelSig_1.c **** *
1608:Generated_Source\PSoC5/ADC_DelSig_1.c **** * Summary:
1609:Generated_Source\PSoC5/ADC_DelSig_1.c **** *  This API calculates the trim value and then store this to gcor structure.
1610:Generated_Source\PSoC5/ADC_DelSig_1.c **** *
1611:Generated_Source\PSoC5/ADC_DelSig_1.c **** * Parameters:
1612:Generated_Source\PSoC5/ADC_DelSig_1.c **** *  inputRange:  input range for which trim value is to be calculated.
1613:Generated_Source\PSoC5/ADC_DelSig_1.c **** *  IdealDecGain:  Ideal Decimator gain for the selected resolution and
1614:Generated_Source\PSoC5/ADC_DelSig_1.c **** *                 conversion  mode.
1615:Generated_Source\PSoC5/ADC_DelSig_1.c **** *  IdealOddDecGain:  Ideal odd decimation gain for the selected resolution and
1616:Generated_Source\PSoC5/ADC_DelSig_1.c ****                      conversion mode.
1617:Generated_Source\PSoC5/ADC_DelSig_1.c **** *  resolution:  Resolution to select the proper flash location for trim value.
1618:Generated_Source\PSoC5/ADC_DelSig_1.c **** *  config:      Specifies the configuration number
1619:Generated_Source\PSoC5/ADC_DelSig_1.c **** *               Valid range: 1..4
1620:Generated_Source\PSoC5/ADC_DelSig_1.c **** *
1621:Generated_Source\PSoC5/ADC_DelSig_1.c **** * Return:
1622:Generated_Source\PSoC5/ADC_DelSig_1.c **** *  None
1623:Generated_Source\PSoC5/ADC_DelSig_1.c **** *
1624:Generated_Source\PSoC5/ADC_DelSig_1.c **** *******************************************************************************/
1625:Generated_Source\PSoC5/ADC_DelSig_1.c **** static void ADC_DelSig_1_GainCompensation(uint8 inputRange, uint16 idealDecGain, uint16 idealOddDec
1626:Generated_Source\PSoC5/ADC_DelSig_1.c ****                               uint8 resolution, uint8 config) 
1627:Generated_Source\PSoC5/ADC_DelSig_1.c **** {
ARM GAS  C:\Users\elias\AppData\Local\Temp\ccZ9bC31.s 			page 30


  27              		.loc 1 1627 0
  28              		.cfi_startproc
  29              		@ args = 4, pretend = 0, frame = 0
  30              		@ frame_needed = 0, uses_anonymous_args = 0
  31              	.LVL0:
  32 0000 38B5     		push	{r3, r4, r5, lr}
  33              		.cfi_def_cfa_offset 16
  34              		.cfi_offset 3, -16
  35              		.cfi_offset 4, -12
  36              		.cfi_offset 5, -8
  37              		.cfi_offset 14, -4
  38 0002 9DF81040 		ldrb	r4, [sp, #16]	@ zero_extendqisi2
1628:Generated_Source\PSoC5/ADC_DelSig_1.c ****     int8 flash;
1629:Generated_Source\PSoC5/ADC_DelSig_1.c **** 	int32 normalised;
1630:Generated_Source\PSoC5/ADC_DelSig_1.c **** 	uint16 gcorValue;
1631:Generated_Source\PSoC5/ADC_DelSig_1.c ****     uint32 gcorTmp;
1632:Generated_Source\PSoC5/ADC_DelSig_1.c **** 
1633:Generated_Source\PSoC5/ADC_DelSig_1.c ****     if((config > 0u) && (config <= ADC_DelSig_1_DEFAULT_NUM_CONFIGS))
  39              		.loc 1 1633 0
  40 0006 651E     		subs	r5, r4, #1
  41 0008 EDB2     		uxtb	r5, r5
  42 000a 032D     		cmp	r5, #3
  43 000c 51D8     		bhi	.L2
1634:Generated_Source\PSoC5/ADC_DelSig_1.c ****     {
1635:Generated_Source\PSoC5/ADC_DelSig_1.c ****         switch(inputRange)
  44              		.loc 1 1635 0
  45 000e 0138     		subs	r0, r0, #1
  46              	.LVL1:
  47 0010 0928     		cmp	r0, #9
  48 0012 2ED8     		bhi	.L16
  49 0014 DFE800F0 		tbb	[pc, r0]
  50              	.L5:
  51 0018 05       		.byte	(.L4-.L5)/2
  52 0019 2D       		.byte	(.L16-.L5)/2
  53 001a 2D       		.byte	(.L16-.L5)/2
  54 001b 05       		.byte	(.L4-.L5)/2
  55 001c 2D       		.byte	(.L16-.L5)/2
  56 001d 2D       		.byte	(.L16-.L5)/2
  57 001e 0F       		.byte	(.L6-.L5)/2
  58 001f 19       		.byte	(.L7-.L5)/2
  59 0020 2D       		.byte	(.L16-.L5)/2
  60 0021 23       		.byte	(.L8-.L5)/2
  61              		.p2align 1
  62              	.L4:
1636:Generated_Source\PSoC5/ADC_DelSig_1.c ****         {
1637:Generated_Source\PSoC5/ADC_DelSig_1.c ****             case ADC_DelSig_1_IR_VNEG_VREF_DIFF:
1638:Generated_Source\PSoC5/ADC_DelSig_1.c ****             case ADC_DelSig_1_IR_VSSA_TO_2VREF:
1639:Generated_Source\PSoC5/ADC_DelSig_1.c ****                 /* Normalize the flash Value */
1640:Generated_Source\PSoC5/ADC_DelSig_1.c ****                 if(resolution > 15u)
  63              		.loc 1 1640 0
  64 0022 0F2B     		cmp	r3, #15
  65 0024 03D9     		bls	.L9
1641:Generated_Source\PSoC5/ADC_DelSig_1.c ****                 {
1642:Generated_Source\PSoC5/ADC_DelSig_1.c ****                     flash = ADC_DelSig_1_DEC_TRIM_VREF_DIFF_16_20;
  66              		.loc 1 1642 0
  67 0026 2548     		ldr	r0, .L18
  68 0028 0078     		ldrb	r0, [r0]	@ zero_extendqisi2
ARM GAS  C:\Users\elias\AppData\Local\Temp\ccZ9bC31.s 			page 31


  69 002a 40B2     		sxtb	r0, r0
  70              	.LVL2:
  71 002c 22E0     		b	.L3
  72              	.LVL3:
  73              	.L9:
1643:Generated_Source\PSoC5/ADC_DelSig_1.c ****                 }
1644:Generated_Source\PSoC5/ADC_DelSig_1.c ****                 else
1645:Generated_Source\PSoC5/ADC_DelSig_1.c ****                 {
1646:Generated_Source\PSoC5/ADC_DelSig_1.c ****                     flash = ADC_DelSig_1_DEC_TRIM_VREF_DIFF_8_15;
  74              		.loc 1 1646 0
  75 002e 2448     		ldr	r0, .L18+4
  76 0030 0078     		ldrb	r0, [r0]	@ zero_extendqisi2
  77 0032 40B2     		sxtb	r0, r0
  78              	.LVL4:
  79 0034 1EE0     		b	.L3
  80              	.LVL5:
  81              	.L6:
1647:Generated_Source\PSoC5/ADC_DelSig_1.c ****                 }
1648:Generated_Source\PSoC5/ADC_DelSig_1.c ****                 break;
1649:Generated_Source\PSoC5/ADC_DelSig_1.c **** 
1650:Generated_Source\PSoC5/ADC_DelSig_1.c ****             case ADC_DelSig_1_IR_VNEG_VREF_2_DIFF:
1651:Generated_Source\PSoC5/ADC_DelSig_1.c ****                 /* Normalize the flash Value */
1652:Generated_Source\PSoC5/ADC_DelSig_1.c ****                 if(resolution > 15u)
  82              		.loc 1 1652 0
  83 0036 0F2B     		cmp	r3, #15
  84 0038 03D9     		bls	.L10
1653:Generated_Source\PSoC5/ADC_DelSig_1.c ****                 {
1654:Generated_Source\PSoC5/ADC_DelSig_1.c ****                     flash = ADC_DelSig_1_DEC_TRIM_VREF_2_DIFF_16_20;
  85              		.loc 1 1654 0
  86 003a 2248     		ldr	r0, .L18+8
  87 003c 0078     		ldrb	r0, [r0]	@ zero_extendqisi2
  88 003e 40B2     		sxtb	r0, r0
  89              	.LVL6:
  90 0040 18E0     		b	.L3
  91              	.LVL7:
  92              	.L10:
1655:Generated_Source\PSoC5/ADC_DelSig_1.c ****                 }
1656:Generated_Source\PSoC5/ADC_DelSig_1.c ****                 else
1657:Generated_Source\PSoC5/ADC_DelSig_1.c ****                 {
1658:Generated_Source\PSoC5/ADC_DelSig_1.c ****                     flash = ADC_DelSig_1_DEC_TRIM_VREF_2_DIFF_8_15;
  93              		.loc 1 1658 0
  94 0042 2148     		ldr	r0, .L18+12
  95 0044 0078     		ldrb	r0, [r0]	@ zero_extendqisi2
  96 0046 40B2     		sxtb	r0, r0
  97              	.LVL8:
  98 0048 14E0     		b	.L3
  99              	.LVL9:
 100              	.L7:
1659:Generated_Source\PSoC5/ADC_DelSig_1.c ****                 }
1660:Generated_Source\PSoC5/ADC_DelSig_1.c ****                 break;
1661:Generated_Source\PSoC5/ADC_DelSig_1.c **** 
1662:Generated_Source\PSoC5/ADC_DelSig_1.c ****             case ADC_DelSig_1_IR_VNEG_VREF_4_DIFF:
1663:Generated_Source\PSoC5/ADC_DelSig_1.c ****                 /* Normalize the flash Value */
1664:Generated_Source\PSoC5/ADC_DelSig_1.c ****                 if(resolution > 15u)
 101              		.loc 1 1664 0
 102 004a 0F2B     		cmp	r3, #15
 103 004c 03D9     		bls	.L11
ARM GAS  C:\Users\elias\AppData\Local\Temp\ccZ9bC31.s 			page 32


1665:Generated_Source\PSoC5/ADC_DelSig_1.c ****                 {
1666:Generated_Source\PSoC5/ADC_DelSig_1.c ****                     flash = ADC_DelSig_1_DEC_TRIM_VREF_4_DIFF_16_20;
 104              		.loc 1 1666 0
 105 004e 1F48     		ldr	r0, .L18+16
 106 0050 0078     		ldrb	r0, [r0]	@ zero_extendqisi2
 107 0052 40B2     		sxtb	r0, r0
 108              	.LVL10:
 109 0054 0EE0     		b	.L3
 110              	.LVL11:
 111              	.L11:
1667:Generated_Source\PSoC5/ADC_DelSig_1.c ****                 }
1668:Generated_Source\PSoC5/ADC_DelSig_1.c ****                 else
1669:Generated_Source\PSoC5/ADC_DelSig_1.c ****                 {
1670:Generated_Source\PSoC5/ADC_DelSig_1.c ****                     flash = ADC_DelSig_1_DEC_TRIM_VREF_4_DIFF_8_15;
 112              		.loc 1 1670 0
 113 0056 1E48     		ldr	r0, .L18+20
 114 0058 0078     		ldrb	r0, [r0]	@ zero_extendqisi2
 115 005a 40B2     		sxtb	r0, r0
 116              	.LVL12:
 117 005c 0AE0     		b	.L3
 118              	.LVL13:
 119              	.L8:
1671:Generated_Source\PSoC5/ADC_DelSig_1.c ****                 }
1672:Generated_Source\PSoC5/ADC_DelSig_1.c ****                 break;
1673:Generated_Source\PSoC5/ADC_DelSig_1.c **** 
1674:Generated_Source\PSoC5/ADC_DelSig_1.c ****             case ADC_DelSig_1_IR_VNEG_VREF_16_DIFF:
1675:Generated_Source\PSoC5/ADC_DelSig_1.c ****                 /* Normalize the flash Value */
1676:Generated_Source\PSoC5/ADC_DelSig_1.c ****                 if(resolution > 15u)
 120              		.loc 1 1676 0
 121 005e 0F2B     		cmp	r3, #15
 122 0060 03D9     		bls	.L12
1677:Generated_Source\PSoC5/ADC_DelSig_1.c ****                 {
1678:Generated_Source\PSoC5/ADC_DelSig_1.c ****                     flash = ADC_DelSig_1_DEC_TRIM_VREF_16_DIFF_16_20;
 123              		.loc 1 1678 0
 124 0062 1C48     		ldr	r0, .L18+24
 125 0064 0078     		ldrb	r0, [r0]	@ zero_extendqisi2
 126 0066 40B2     		sxtb	r0, r0
 127              	.LVL14:
 128 0068 04E0     		b	.L3
 129              	.LVL15:
 130              	.L12:
1679:Generated_Source\PSoC5/ADC_DelSig_1.c ****                 }
1680:Generated_Source\PSoC5/ADC_DelSig_1.c ****                 else
1681:Generated_Source\PSoC5/ADC_DelSig_1.c ****                 {
1682:Generated_Source\PSoC5/ADC_DelSig_1.c ****                     flash = ADC_DelSig_1_DEC_TRIM_VREF_16_DIFF_8_15;
 131              		.loc 1 1682 0
 132 006a 1B48     		ldr	r0, .L18+28
 133 006c 0078     		ldrb	r0, [r0]	@ zero_extendqisi2
 134 006e 40B2     		sxtb	r0, r0
 135              	.LVL16:
 136 0070 00E0     		b	.L3
 137              	.LVL17:
 138              	.L16:
1683:Generated_Source\PSoC5/ADC_DelSig_1.c ****                 }
1684:Generated_Source\PSoC5/ADC_DelSig_1.c ****                 break;
1685:Generated_Source\PSoC5/ADC_DelSig_1.c **** 
1686:Generated_Source\PSoC5/ADC_DelSig_1.c ****             default:
ARM GAS  C:\Users\elias\AppData\Local\Temp\ccZ9bC31.s 			page 33


1687:Generated_Source\PSoC5/ADC_DelSig_1.c ****                 flash = 0;
 139              		.loc 1 1687 0
 140 0072 0020     		movs	r0, #0
 141              	.L3:
 142              	.LVL18:
1688:Generated_Source\PSoC5/ADC_DelSig_1.c ****                 break;
1689:Generated_Source\PSoC5/ADC_DelSig_1.c ****         }
1690:Generated_Source\PSoC5/ADC_DelSig_1.c **** 
1691:Generated_Source\PSoC5/ADC_DelSig_1.c ****         /* Add two values */
1692:Generated_Source\PSoC5/ADC_DelSig_1.c **** 		normalised = (int32)idealDecGain + ((int32)flash * 32);
 143              		.loc 1 1692 0
 144 0074 01EB4011 		add	r1, r1, r0, lsl #5
 145              	.LVL19:
1693:Generated_Source\PSoC5/ADC_DelSig_1.c ****         gcorTmp = (uint32)normalised * (uint32)idealOddDecGain;
 146              		.loc 1 1693 0
 147 0078 01FB02F2 		mul	r2, r1, r2
 148              	.LVL20:
1694:Generated_Source\PSoC5/ADC_DelSig_1.c ****         gcorValue = (uint16)(gcorTmp / ADC_DelSig_1_IDEAL_GAIN_CONST);
 149              		.loc 1 1694 0
 150 007c D20B     		lsrs	r2, r2, #15
 151              	.LVL21:
 152 007e 91B2     		uxth	r1, r2
 153              	.LVL22:
1695:Generated_Source\PSoC5/ADC_DelSig_1.c **** 
1696:Generated_Source\PSoC5/ADC_DelSig_1.c ****         if (resolution < (ADC_DelSig_1_MAX_GVAL - 1u))
 154              		.loc 1 1696 0
 155 0080 0D2B     		cmp	r3, #13
 156 0082 0BD8     		bhi	.L13
1697:Generated_Source\PSoC5/ADC_DelSig_1.c ****         {
1698:Generated_Source\PSoC5/ADC_DelSig_1.c ****             gcorValue = (gcorValue >> (ADC_DelSig_1_MAX_GVAL - (resolution + 1u)));
 157              		.loc 1 1698 0
 158 0084 C3F10E01 		rsb	r1, r3, #14
 159              	.LVL23:
 160 0088 92B2     		uxth	r2, r2
 161 008a 0A41     		asrs	r2, r2, r1
 162              	.LVL24:
 163 008c 91B2     		uxth	r1, r2
 164              	.LVL25:
1699:Generated_Source\PSoC5/ADC_DelSig_1.c ****             ADC_DelSig_1_gcor[config - 1u].gval = (resolution + 1u);
 165              		.loc 1 1699 0
 166 008e 621E     		subs	r2, r4, #1
 167 0090 1248     		ldr	r0, .L18+32
 168              	.LVL26:
 169 0092 00EB8202 		add	r2, r0, r2, lsl #2
 170 0096 0133     		adds	r3, r3, #1
 171              	.LVL27:
 172 0098 9370     		strb	r3, [r2, #2]
 173 009a 05E0     		b	.L14
 174              	.LVL28:
 175              	.L13:
1700:Generated_Source\PSoC5/ADC_DelSig_1.c ****         }
1701:Generated_Source\PSoC5/ADC_DelSig_1.c ****         else
1702:Generated_Source\PSoC5/ADC_DelSig_1.c ****         {
1703:Generated_Source\PSoC5/ADC_DelSig_1.c ****             /* Use all 16 bits */
1704:Generated_Source\PSoC5/ADC_DelSig_1.c ****             ADC_DelSig_1_gcor[config - 1u].gval = ADC_DelSig_1_MAX_GVAL;
 176              		.loc 1 1704 0
 177 009c 631E     		subs	r3, r4, #1
ARM GAS  C:\Users\elias\AppData\Local\Temp\ccZ9bC31.s 			page 34


 178              	.LVL29:
 179 009e 0F4A     		ldr	r2, .L18+32
 180 00a0 02EB8303 		add	r3, r2, r3, lsl #2
 181 00a4 0F22     		movs	r2, #15
 182 00a6 9A70     		strb	r2, [r3, #2]
 183              	.LVL30:
 184              	.L14:
1705:Generated_Source\PSoC5/ADC_DelSig_1.c ****         }
1706:Generated_Source\PSoC5/ADC_DelSig_1.c **** 
1707:Generated_Source\PSoC5/ADC_DelSig_1.c ****         /* Save the gain correction register value */
1708:Generated_Source\PSoC5/ADC_DelSig_1.c ****         ADC_DelSig_1_gcor[config - 1u].gcor = gcorValue;
 185              		.loc 1 1708 0
 186 00a8 013C     		subs	r4, r4, #1
 187 00aa 0C4B     		ldr	r3, .L18+32
 188 00ac 23F82410 		strh	r1, [r3, r4, lsl #2]	@ movhi
 189 00b0 38BD     		pop	{r3, r4, r5, pc}
 190              	.LVL31:
 191              	.L2:
1709:Generated_Source\PSoC5/ADC_DelSig_1.c ****     }
1710:Generated_Source\PSoC5/ADC_DelSig_1.c ****     else
1711:Generated_Source\PSoC5/ADC_DelSig_1.c ****     {
1712:Generated_Source\PSoC5/ADC_DelSig_1.c ****         /* Halt CPU in debug mode if config is out of valid range */
1713:Generated_Source\PSoC5/ADC_DelSig_1.c ****         CYASSERT(0u != 0u);
 192              		.loc 1 1713 0 discriminator 1
 193 00b2 0020     		movs	r0, #0
 194              	.LVL32:
 195 00b4 FFF7FEFF 		bl	CyHalt
 196              	.LVL33:
 197 00b8 38BD     		pop	{r3, r4, r5, pc}
 198              	.LVL34:
 199              	.L19:
 200 00ba 00BF     		.align	2
 201              	.L18:
 202 00bc 18010049 		.word	1224737048
 203 00c0 1C010049 		.word	1224737052
 204 00c4 19010049 		.word	1224737049
 205 00c8 1D010049 		.word	1224737053
 206 00cc 1A010049 		.word	1224737050
 207 00d0 1E010049 		.word	1224737054
 208 00d4 1B010049 		.word	1224737051
 209 00d8 1F010049 		.word	1224737055
 210 00dc 00000000 		.word	.LANCHOR0
 211              		.cfi_endproc
 212              	.LFE21:
 213              		.size	ADC_DelSig_1_GainCompensation, .-ADC_DelSig_1_GainCompensation
 214              		.section	.text.ADC_DelSig_1_SetDSMRef0Reg,"ax",%progbits
 215              		.align	2
 216              		.thumb
 217              		.thumb_func
 218              		.type	ADC_DelSig_1_SetDSMRef0Reg, %function
 219              	ADC_DelSig_1_SetDSMRef0Reg:
 220              	.LFB22:
1714:Generated_Source\PSoC5/ADC_DelSig_1.c ****     }
1715:Generated_Source\PSoC5/ADC_DelSig_1.c **** }
1716:Generated_Source\PSoC5/ADC_DelSig_1.c **** 
1717:Generated_Source\PSoC5/ADC_DelSig_1.c **** 
1718:Generated_Source\PSoC5/ADC_DelSig_1.c **** /******************************************************************************
ARM GAS  C:\Users\elias\AppData\Local\Temp\ccZ9bC31.s 			page 35


1719:Generated_Source\PSoC5/ADC_DelSig_1.c **** * Function Name: ADC_DelSig_1_SetDSMRef0Reg(uint8)
1720:Generated_Source\PSoC5/ADC_DelSig_1.c **** ******************************************************************************
1721:Generated_Source\PSoC5/ADC_DelSig_1.c **** *
1722:Generated_Source\PSoC5/ADC_DelSig_1.c **** * Summary:
1723:Generated_Source\PSoC5/ADC_DelSig_1.c **** *  This API sets the DSM_REF0 register. This is written for internal use.
1724:Generated_Source\PSoC5/ADC_DelSig_1.c **** *
1725:Generated_Source\PSoC5/ADC_DelSig_1.c **** * Parameters:
1726:Generated_Source\PSoC5/ADC_DelSig_1.c **** *  value:  Value to be written to DSM_REF0 register.
1727:Generated_Source\PSoC5/ADC_DelSig_1.c **** *
1728:Generated_Source\PSoC5/ADC_DelSig_1.c **** * Return:
1729:Generated_Source\PSoC5/ADC_DelSig_1.c **** *  None
1730:Generated_Source\PSoC5/ADC_DelSig_1.c **** *
1731:Generated_Source\PSoC5/ADC_DelSig_1.c **** ******************************************************************************/
1732:Generated_Source\PSoC5/ADC_DelSig_1.c **** static void ADC_DelSig_1_SetDSMRef0Reg(uint8 value) 
1733:Generated_Source\PSoC5/ADC_DelSig_1.c **** {
 221              		.loc 1 1733 0
 222              		.cfi_startproc
 223              		@ args = 0, pretend = 0, frame = 0
 224              		@ frame_needed = 0, uses_anonymous_args = 0
 225              	.LVL35:
 226 0000 F8B5     		push	{r3, r4, r5, r6, r7, lr}
 227              		.cfi_def_cfa_offset 24
 228              		.cfi_offset 3, -24
 229              		.cfi_offset 4, -20
 230              		.cfi_offset 5, -16
 231              		.cfi_offset 6, -12
 232              		.cfi_offset 7, -8
 233              		.cfi_offset 14, -4
 234 0002 0746     		mov	r7, r0
1734:Generated_Source\PSoC5/ADC_DelSig_1.c ****     uint8 enableInterrupts;
1735:Generated_Source\PSoC5/ADC_DelSig_1.c ****     enableInterrupts = CyEnterCriticalSection();
 235              		.loc 1 1735 0
 236 0004 FFF7FEFF 		bl	CyEnterCriticalSection
 237              	.LVL36:
 238 0008 0646     		mov	r6, r0
 239              	.LVL37:
1736:Generated_Source\PSoC5/ADC_DelSig_1.c **** 
1737:Generated_Source\PSoC5/ADC_DelSig_1.c ****     /* Disable PRES, Enable power to VCMBUF0, REFBUF0 and REFBUF1, enable PRES */
1738:Generated_Source\PSoC5/ADC_DelSig_1.c ****     ADC_DelSig_1_RESET_CR4_REG |= (ADC_DelSig_1_IGNORE_PRESA1 | ADC_DelSig_1_IGNORE_PRESD1);
 240              		.loc 1 1738 0
 241 000a 0D4D     		ldr	r5, .L22
 242 000c 2B78     		ldrb	r3, [r5]	@ zero_extendqisi2
 243 000e 43F00303 		orr	r3, r3, #3
 244 0012 2B70     		strb	r3, [r5]
1739:Generated_Source\PSoC5/ADC_DelSig_1.c ****     ADC_DelSig_1_RESET_CR5_REG |= (ADC_DelSig_1_IGNORE_PRESA2 | ADC_DelSig_1_IGNORE_PRESD2);
 245              		.loc 1 1739 0
 246 0014 0B4C     		ldr	r4, .L22+4
 247 0016 2378     		ldrb	r3, [r4]	@ zero_extendqisi2
 248 0018 43F00303 		orr	r3, r3, #3
 249 001c 2370     		strb	r3, [r4]
1740:Generated_Source\PSoC5/ADC_DelSig_1.c ****     ADC_DelSig_1_DSM_REF0_REG = value;
 250              		.loc 1 1740 0
 251 001e 0A4B     		ldr	r3, .L22+8
 252 0020 1F70     		strb	r7, [r3]
1741:Generated_Source\PSoC5/ADC_DelSig_1.c **** 
1742:Generated_Source\PSoC5/ADC_DelSig_1.c ****     /* Wait for 3 microseconds */
1743:Generated_Source\PSoC5/ADC_DelSig_1.c ****     CyDelayUs(ADC_DelSig_1_PRES_DELAY_TIME);
ARM GAS  C:\Users\elias\AppData\Local\Temp\ccZ9bC31.s 			page 36


 253              		.loc 1 1743 0
 254 0022 0320     		movs	r0, #3
 255 0024 FFF7FEFF 		bl	CyDelayUs
 256              	.LVL38:
1744:Generated_Source\PSoC5/ADC_DelSig_1.c ****     /* Enable the press circuit */
1745:Generated_Source\PSoC5/ADC_DelSig_1.c ****     ADC_DelSig_1_RESET_CR4_REG &= (uint8)~(ADC_DelSig_1_IGNORE_PRESA1 | ADC_DelSig_1_IGNORE_PRESD1)
 257              		.loc 1 1745 0
 258 0028 2B78     		ldrb	r3, [r5]	@ zero_extendqisi2
 259 002a 03F0FC03 		and	r3, r3, #252
 260 002e 2B70     		strb	r3, [r5]
1746:Generated_Source\PSoC5/ADC_DelSig_1.c ****     ADC_DelSig_1_RESET_CR5_REG &= (uint8)~(ADC_DelSig_1_IGNORE_PRESA2 | ADC_DelSig_1_IGNORE_PRESD2)
 261              		.loc 1 1746 0
 262 0030 2378     		ldrb	r3, [r4]	@ zero_extendqisi2
 263 0032 03F0FC03 		and	r3, r3, #252
 264 0036 2370     		strb	r3, [r4]
1747:Generated_Source\PSoC5/ADC_DelSig_1.c **** 
1748:Generated_Source\PSoC5/ADC_DelSig_1.c ****     CyExitCriticalSection(enableInterrupts);
 265              		.loc 1 1748 0
 266 0038 3046     		mov	r0, r6
 267 003a FFF7FEFF 		bl	CyExitCriticalSection
 268              	.LVL39:
 269 003e F8BD     		pop	{r3, r4, r5, r6, r7, pc}
 270              	.LVL40:
 271              	.L23:
 272              		.align	2
 273              	.L22:
 274 0040 F8460040 		.word	1073759992
 275 0044 F9460040 		.word	1073759993
 276 0048 92580040 		.word	1073764498
 277              		.cfi_endproc
 278              	.LFE22:
 279              		.size	ADC_DelSig_1_SetDSMRef0Reg, .-ADC_DelSig_1_SetDSMRef0Reg
 280              		.section	.text.ADC_DelSig_1_InitConfig,"ax",%progbits
 281              		.align	2
 282              		.thumb
 283              		.thumb_func
 284              		.type	ADC_DelSig_1_InitConfig, %function
 285              	ADC_DelSig_1_InitConfig:
 286              	.LFB19:
1248:Generated_Source\PSoC5/ADC_DelSig_1.c ****     ADC_DelSig_1_stopConversion = 0u;
 287              		.loc 1 1248 0
 288              		.cfi_startproc
 289              		@ args = 0, pretend = 0, frame = 0
 290              		@ frame_needed = 0, uses_anonymous_args = 0
 291              	.LVL41:
 292 0000 F8B5     		push	{r3, r4, r5, r6, r7, lr}
 293              		.cfi_def_cfa_offset 24
 294              		.cfi_offset 3, -24
 295              		.cfi_offset 4, -20
 296              		.cfi_offset 5, -16
 297              		.cfi_offset 6, -12
 298              		.cfi_offset 7, -8
 299              		.cfi_offset 14, -4
 300 0002 0446     		mov	r4, r0
1249:Generated_Source\PSoC5/ADC_DelSig_1.c **** 
 301              		.loc 1 1249 0
 302 0004 0022     		movs	r2, #0
ARM GAS  C:\Users\elias\AppData\Local\Temp\ccZ9bC31.s 			page 37


 303 0006 BC4B     		ldr	r3, .L30
 304 0008 1A74     		strb	r2, [r3, #16]
1251:Generated_Source\PSoC5/ADC_DelSig_1.c ****     {
 305              		.loc 1 1251 0
 306 000a 0128     		cmp	r0, #1
 307 000c 5CD1     		bne	.L25
1254:Generated_Source\PSoC5/ADC_DelSig_1.c ****         ADC_DelSig_1_DEC_SHIFT1_REG  = ADC_DelSig_1_CFG1_DEC_SHIFT1;
 308              		.loc 1 1254 0
 309 000e 7822     		movs	r2, #120
 310 0010 BA4B     		ldr	r3, .L30+4
 311 0012 1A70     		strb	r2, [r3]
1255:Generated_Source\PSoC5/ADC_DelSig_1.c ****         ADC_DelSig_1_DEC_SHIFT2_REG  = ADC_DelSig_1_CFG1_DEC_SHIFT2;
 312              		.loc 1 1255 0
 313 0014 0422     		movs	r2, #4
 314 0016 0233     		adds	r3, r3, #2
 315 0018 1A70     		strb	r2, [r3]
1256:Generated_Source\PSoC5/ADC_DelSig_1.c ****         ADC_DelSig_1_DEC_DR2_REG     = ADC_DelSig_1_CFG1_DEC_DR2;
 316              		.loc 1 1256 0
 317 001a 0822     		movs	r2, #8
 318 001c 0133     		adds	r3, r3, #1
 319 001e 1A70     		strb	r2, [r3]
1257:Generated_Source\PSoC5/ADC_DelSig_1.c ****         ADC_DelSig_1_DEC_DR2H_REG    = ADC_DelSig_1_CFG1_DEC_DR2H;
 320              		.loc 1 1257 0
 321 0020 0322     		movs	r2, #3
 322 0022 0133     		adds	r3, r3, #1
 323 0024 1A70     		strb	r2, [r3]
1258:Generated_Source\PSoC5/ADC_DelSig_1.c ****         ADC_DelSig_1_DEC_DR1_REG     = ADC_DelSig_1_CFG1_DEC_DR1;
 324              		.loc 1 1258 0
 325 0026 0025     		movs	r5, #0
 326 0028 0133     		adds	r3, r3, #1
 327 002a 1D70     		strb	r5, [r3]
1259:Generated_Source\PSoC5/ADC_DelSig_1.c ****         ADC_DelSig_1_DEC_OCOR_REG    = ADC_DelSig_1_CFG1_DEC_OCOR;
 328              		.loc 1 1259 0
 329 002c 3F22     		movs	r2, #63
 330 002e 0133     		adds	r3, r3, #1
 331 0030 1A70     		strb	r2, [r3]
1260:Generated_Source\PSoC5/ADC_DelSig_1.c ****         ADC_DelSig_1_DEC_OCORM_REG   = ADC_DelSig_1_CFG1_DEC_OCORM;
 332              		.loc 1 1260 0
 333 0032 0233     		adds	r3, r3, #2
 334 0034 1D70     		strb	r5, [r3]
1261:Generated_Source\PSoC5/ADC_DelSig_1.c ****         ADC_DelSig_1_DEC_OCORH_REG   = ADC_DelSig_1_CFG1_DEC_OCORH;
 335              		.loc 1 1261 0
 336 0036 0133     		adds	r3, r3, #1
 337 0038 1D70     		strb	r5, [r3]
1262:Generated_Source\PSoC5/ADC_DelSig_1.c ****         ADC_DelSig_1_DEC_COHER_REG   = ADC_DelSig_1_CFG1_DEC_COHER;
 338              		.loc 1 1262 0
 339 003a 0133     		adds	r3, r3, #1
 340 003c 1D70     		strb	r5, [r3]
1263:Generated_Source\PSoC5/ADC_DelSig_1.c **** 
 341              		.loc 1 1263 0
 342 003e 0126     		movs	r6, #1
 343 0040 0A33     		adds	r3, r3, #10
 344 0042 1E70     		strb	r6, [r3]
1265:Generated_Source\PSoC5/ADC_DelSig_1.c ****         ADC_DelSig_1_DSM_CR5_REG     = ADC_DelSig_1_CFG1_DSM_CR5;
 345              		.loc 1 1265 0
 346 0044 5022     		movs	r2, #80
 347 0046 03F52763 		add	r3, r3, #2672
ARM GAS  C:\Users\elias\AppData\Local\Temp\ccZ9bC31.s 			page 38


 348 004a 1A70     		strb	r2, [r3]
1266:Generated_Source\PSoC5/ADC_DelSig_1.c ****         ADC_DelSig_1_DSM_CR6_REG     = ADC_DelSig_1_CFG1_DSM_CR6;
 349              		.loc 1 1266 0
 350 004c 2722     		movs	r2, #39
 351 004e 0133     		adds	r3, r3, #1
 352 0050 1A70     		strb	r2, [r3]
1267:Generated_Source\PSoC5/ADC_DelSig_1.c ****         ADC_DelSig_1_DSM_CR7_REG     = ADC_DelSig_1_CFG1_DSM_CR7;
 353              		.loc 1 1267 0
 354 0052 2C22     		movs	r2, #44
 355 0054 0133     		adds	r3, r3, #1
 356 0056 1A70     		strb	r2, [r3]
1268:Generated_Source\PSoC5/ADC_DelSig_1.c ****         ADC_DelSig_1_DSM_CR10_REG    = ADC_DelSig_1_CFG1_DSM_CR10;
 357              		.loc 1 1268 0
 358 0058 0133     		adds	r3, r3, #1
 359 005a 1D70     		strb	r5, [r3]
1269:Generated_Source\PSoC5/ADC_DelSig_1.c ****         ADC_DelSig_1_DSM_CR11_REG    = ADC_DelSig_1_CFG1_DSM_CR11;
 360              		.loc 1 1269 0
 361 005c 5522     		movs	r2, #85
 362 005e 0333     		adds	r3, r3, #3
 363 0060 1A70     		strb	r2, [r3]
1270:Generated_Source\PSoC5/ADC_DelSig_1.c ****         ADC_DelSig_1_DSM_CR12_REG    = ADC_DelSig_1_CFG1_DSM_CR12;
 364              		.loc 1 1270 0
 365 0062 5A22     		movs	r2, #90
 366 0064 0133     		adds	r3, r3, #1
 367 0066 1A70     		strb	r2, [r3]
1271:Generated_Source\PSoC5/ADC_DelSig_1.c ****         ADC_DelSig_1_DSM_CR14_REG    = ADC_DelSig_1_CFG1_DSM_CR14;
 368              		.loc 1 1271 0
 369 0068 0527     		movs	r7, #5
 370 006a 0133     		adds	r3, r3, #1
 371 006c 1F70     		strb	r7, [r3]
1272:Generated_Source\PSoC5/ADC_DelSig_1.c ****         ADC_DelSig_1_DSM_CR15_REG    = ADC_DelSig_1_CFG1_DSM_CR15;
 372              		.loc 1 1272 0
 373 006e 0233     		adds	r3, r3, #2
 374 0070 1E70     		strb	r6, [r3]
1273:Generated_Source\PSoC5/ADC_DelSig_1.c ****         ADC_DelSig_1_DSM_CR16_REG    = ADC_DelSig_1_CFG1_DSM_CR16;
 375              		.loc 1 1273 0
 376 0072 1122     		movs	r2, #17
 377 0074 0133     		adds	r3, r3, #1
 378 0076 1A70     		strb	r2, [r3]
1274:Generated_Source\PSoC5/ADC_DelSig_1.c ****         ADC_DelSig_1_DSM_CR17_REG    = ADC_DelSig_1_CFG1_DSM_CR17;
 379              		.loc 1 1274 0
 380 0078 1922     		movs	r2, #25
 381 007a 0133     		adds	r3, r3, #1
 382 007c 1A70     		strb	r2, [r3]
1275:Generated_Source\PSoC5/ADC_DelSig_1.c ****         /* Set DSM_REF0_REG by disabling and enabling the PRESS circuit */
 383              		.loc 1 1275 0
 384 007e 9722     		movs	r2, #151
 385 0080 0133     		adds	r3, r3, #1
 386 0082 1A70     		strb	r2, [r3]
1277:Generated_Source\PSoC5/ADC_DelSig_1.c ****         ADC_DelSig_1_DSM_REF2_REG    = ADC_DelSig_1_CFG1_DSM_REF2;
 387              		.loc 1 1277 0
 388 0084 4420     		movs	r0, #68
 389              	.LVL42:
 390 0086 FFF7FEFF 		bl	ADC_DelSig_1_SetDSMRef0Reg
 391              	.LVL43:
1278:Generated_Source\PSoC5/ADC_DelSig_1.c ****         ADC_DelSig_1_DSM_REF3_REG    = ADC_DelSig_1_CFG1_DSM_REF3;
 392              		.loc 1 1278 0
ARM GAS  C:\Users\elias\AppData\Local\Temp\ccZ9bC31.s 			page 39


 393 008a 5822     		movs	r2, #88
 394 008c 9C4B     		ldr	r3, .L30+8
 395 008e 1A70     		strb	r2, [r3]
1279:Generated_Source\PSoC5/ADC_DelSig_1.c **** 
 396              		.loc 1 1279 0
 397 0090 0133     		adds	r3, r3, #1
 398 0092 1D70     		strb	r5, [r3]
1281:Generated_Source\PSoC5/ADC_DelSig_1.c ****         ADC_DelSig_1_DSM_BUF1_REG    = ADC_DelSig_1_CFG1_DSM_BUF1;
 399              		.loc 1 1281 0
 400 0094 0533     		adds	r3, r3, #5
 401 0096 1F70     		strb	r7, [r3]
1282:Generated_Source\PSoC5/ADC_DelSig_1.c ****         ADC_DelSig_1_DSM_BUF2_REG    = ADC_DelSig_1_CFG1_DSM_BUF2;
 402              		.loc 1 1282 0
 403 0098 0D22     		movs	r2, #13
 404 009a 0133     		adds	r3, r3, #1
 405 009c 1A70     		strb	r2, [r3]
1283:Generated_Source\PSoC5/ADC_DelSig_1.c ****         ADC_DelSig_1_DSM_BUF3_REG    = ADC_DelSig_1_CFG1_DSM_BUF3;
 406              		.loc 1 1283 0
 407 009e 0133     		adds	r3, r3, #1
 408 00a0 1D70     		strb	r5, [r3]
1284:Generated_Source\PSoC5/ADC_DelSig_1.c **** 
 409              		.loc 1 1284 0
 410 00a2 0A22     		movs	r2, #10
 411 00a4 0133     		adds	r3, r3, #1
 412 00a6 1A70     		strb	r2, [r3]
1305:Generated_Source\PSoC5/ADC_DelSig_1.c **** 
 413              		.loc 1 1305 0
 414 00a8 4FF47A42 		mov	r2, #64000
 415 00ac 954B     		ldr	r3, .L30+12
 416 00ae 1A60     		str	r2, [r3]
1307:Generated_Source\PSoC5/ADC_DelSig_1.c **** 
 417              		.loc 1 1307 0
 418 00b0 3146     		mov	r1, r6
 419 00b2 3846     		mov	r0, r7
 420 00b4 FFF7FEFF 		bl	ADC_DelSig_1_Ext_CP_Clk_SetDividerRegister
 421              	.LVL44:
1311:Generated_Source\PSoC5/ADC_DelSig_1.c ****         #endif /* ADC_DelSig_1_DEFAULT_INTERNAL_CLK */
 422              		.loc 1 1311 0
 423 00b8 3146     		mov	r1, r6
 424 00ba 3E20     		movs	r0, #62
 425 00bc FFF7FEFF 		bl	ADC_DelSig_1_theACLK_SetDividerRegister
 426              	.LVL45:
1316:Generated_Source\PSoC5/ADC_DelSig_1.c ****         #endif   /* End ADC_DelSig_1_IRQ_REMOVE */
 427              		.loc 1 1316 0
 428 00c0 9149     		ldr	r1, .L30+16
 429 00c2 1D20     		movs	r0, #29
 430 00c4 FFF7FEFF 		bl	CyIntSetVector
 431              	.LVL46:
 432              	.L25:
1321:Generated_Source\PSoC5/ADC_DelSig_1.c ****         {
 433              		.loc 1 1321 0
 434 00c8 022C     		cmp	r4, #2
 435 00ca 5AD1     		bne	.L26
1324:Generated_Source\PSoC5/ADC_DelSig_1.c ****             ADC_DelSig_1_DEC_SHIFT1_REG  = ADC_DelSig_1_CFG2_DEC_SHIFT1;
 436              		.loc 1 1324 0
 437 00cc 3822     		movs	r2, #56
 438 00ce 8B4B     		ldr	r3, .L30+4
ARM GAS  C:\Users\elias\AppData\Local\Temp\ccZ9bC31.s 			page 40


 439 00d0 1A70     		strb	r2, [r3]
1325:Generated_Source\PSoC5/ADC_DelSig_1.c ****             ADC_DelSig_1_DEC_SHIFT2_REG  = ADC_DelSig_1_CFG2_DEC_SHIFT2;
 440              		.loc 1 1325 0
 441 00d2 0422     		movs	r2, #4
 442 00d4 0233     		adds	r3, r3, #2
 443 00d6 1A70     		strb	r2, [r3]
1326:Generated_Source\PSoC5/ADC_DelSig_1.c ****             ADC_DelSig_1_DEC_DR2_REG     = ADC_DelSig_1_CFG2_DEC_DR2;
 444              		.loc 1 1326 0
 445 00d8 0722     		movs	r2, #7
 446 00da 0133     		adds	r3, r3, #1
 447 00dc 1A70     		strb	r2, [r3]
1327:Generated_Source\PSoC5/ADC_DelSig_1.c ****             ADC_DelSig_1_DEC_DR2H_REG    = ADC_DelSig_1_CFG2_DEC_DR2H;
 448              		.loc 1 1327 0
 449 00de 0025     		movs	r5, #0
 450 00e0 0133     		adds	r3, r3, #1
 451 00e2 1D70     		strb	r5, [r3]
1328:Generated_Source\PSoC5/ADC_DelSig_1.c ****             ADC_DelSig_1_DEC_DR1_REG     = ADC_DelSig_1_CFG2_DEC_DR1;
 452              		.loc 1 1328 0
 453 00e4 0133     		adds	r3, r3, #1
 454 00e6 1D70     		strb	r5, [r3]
1329:Generated_Source\PSoC5/ADC_DelSig_1.c ****             ADC_DelSig_1_DEC_OCOR_REG    = ADC_DelSig_1_CFG2_DEC_OCOR;
 455              		.loc 1 1329 0
 456 00e8 3F22     		movs	r2, #63
 457 00ea 0133     		adds	r3, r3, #1
 458 00ec 1A70     		strb	r2, [r3]
1330:Generated_Source\PSoC5/ADC_DelSig_1.c ****             ADC_DelSig_1_DEC_OCORM_REG   = ADC_DelSig_1_CFG2_DEC_OCORM;
 459              		.loc 1 1330 0
 460 00ee 0233     		adds	r3, r3, #2
 461 00f0 1D70     		strb	r5, [r3]
1331:Generated_Source\PSoC5/ADC_DelSig_1.c ****             ADC_DelSig_1_DEC_OCORH_REG   = ADC_DelSig_1_CFG2_DEC_OCORH;
 462              		.loc 1 1331 0
 463 00f2 0133     		adds	r3, r3, #1
 464 00f4 1D70     		strb	r5, [r3]
1332:Generated_Source\PSoC5/ADC_DelSig_1.c ****             ADC_DelSig_1_DEC_COHER_REG   = ADC_DelSig_1_CFG2_DEC_COHER;
 465              		.loc 1 1332 0
 466 00f6 0133     		adds	r3, r3, #1
 467 00f8 1D70     		strb	r5, [r3]
1333:Generated_Source\PSoC5/ADC_DelSig_1.c **** 
 468              		.loc 1 1333 0
 469 00fa 0126     		movs	r6, #1
 470 00fc 0A33     		adds	r3, r3, #10
 471 00fe 1E70     		strb	r6, [r3]
1335:Generated_Source\PSoC5/ADC_DelSig_1.c ****             ADC_DelSig_1_DSM_CR5_REG     = ADC_DelSig_1_CFG2_DSM_CR5;
 472              		.loc 1 1335 0
 473 0100 5022     		movs	r2, #80
 474 0102 03F52763 		add	r3, r3, #2672
 475 0106 1A70     		strb	r2, [r3]
1336:Generated_Source\PSoC5/ADC_DelSig_1.c ****             ADC_DelSig_1_DSM_CR6_REG     = ADC_DelSig_1_CFG2_DSM_CR6;
 476              		.loc 1 1336 0
 477 0108 2722     		movs	r2, #39
 478 010a 0133     		adds	r3, r3, #1
 479 010c 1A70     		strb	r2, [r3]
1337:Generated_Source\PSoC5/ADC_DelSig_1.c ****             ADC_DelSig_1_DSM_CR7_REG     = ADC_DelSig_1_CFG2_DSM_CR7;
 480              		.loc 1 1337 0
 481 010e 2C22     		movs	r2, #44
 482 0110 0133     		adds	r3, r3, #1
 483 0112 1A70     		strb	r2, [r3]
ARM GAS  C:\Users\elias\AppData\Local\Temp\ccZ9bC31.s 			page 41


1338:Generated_Source\PSoC5/ADC_DelSig_1.c ****             ADC_DelSig_1_DSM_CR10_REG    = ADC_DelSig_1_CFG2_DSM_CR10;
 484              		.loc 1 1338 0
 485 0114 0133     		adds	r3, r3, #1
 486 0116 1D70     		strb	r5, [r3]
1339:Generated_Source\PSoC5/ADC_DelSig_1.c ****             ADC_DelSig_1_DSM_CR11_REG    = ADC_DelSig_1_CFG2_DSM_CR11;
 487              		.loc 1 1339 0
 488 0118 5522     		movs	r2, #85
 489 011a 0333     		adds	r3, r3, #3
 490 011c 1A70     		strb	r2, [r3]
1340:Generated_Source\PSoC5/ADC_DelSig_1.c ****             ADC_DelSig_1_DSM_CR12_REG    = ADC_DelSig_1_CFG2_DSM_CR12;
 491              		.loc 1 1340 0
 492 011e 5A22     		movs	r2, #90
 493 0120 0133     		adds	r3, r3, #1
 494 0122 1A70     		strb	r2, [r3]
1341:Generated_Source\PSoC5/ADC_DelSig_1.c ****             ADC_DelSig_1_DSM_CR14_REG    = ADC_DelSig_1_CFG2_DSM_CR14;
 495              		.loc 1 1341 0
 496 0124 0527     		movs	r7, #5
 497 0126 0133     		adds	r3, r3, #1
 498 0128 1F70     		strb	r7, [r3]
1342:Generated_Source\PSoC5/ADC_DelSig_1.c ****             ADC_DelSig_1_DSM_CR15_REG    = ADC_DelSig_1_CFG2_DSM_CR15;
 499              		.loc 1 1342 0
 500 012a 0233     		adds	r3, r3, #2
 501 012c 1E70     		strb	r6, [r3]
1343:Generated_Source\PSoC5/ADC_DelSig_1.c ****             ADC_DelSig_1_DSM_CR16_REG    = ADC_DelSig_1_CFG2_DSM_CR16;
 502              		.loc 1 1343 0
 503 012e 1122     		movs	r2, #17
 504 0130 0133     		adds	r3, r3, #1
 505 0132 1A70     		strb	r2, [r3]
1344:Generated_Source\PSoC5/ADC_DelSig_1.c ****             ADC_DelSig_1_DSM_CR17_REG    = ADC_DelSig_1_CFG2_DSM_CR17;
 506              		.loc 1 1344 0
 507 0134 1922     		movs	r2, #25
 508 0136 0133     		adds	r3, r3, #1
 509 0138 1A70     		strb	r2, [r3]
1345:Generated_Source\PSoC5/ADC_DelSig_1.c ****             /* Set DSM_REF0_REG by disabling and enabling the PRESS cirucit */
 510              		.loc 1 1345 0
 511 013a 9722     		movs	r2, #151
 512 013c 0133     		adds	r3, r3, #1
 513 013e 1A70     		strb	r2, [r3]
1347:Generated_Source\PSoC5/ADC_DelSig_1.c ****             ADC_DelSig_1_DSM_REF2_REG    = ADC_DelSig_1_CFG2_DSM_REF2;
 514              		.loc 1 1347 0
 515 0140 4420     		movs	r0, #68
 516 0142 FFF7FEFF 		bl	ADC_DelSig_1_SetDSMRef0Reg
 517              	.LVL47:
1348:Generated_Source\PSoC5/ADC_DelSig_1.c ****             ADC_DelSig_1_DSM_REF3_REG    = ADC_DelSig_1_CFG2_DSM_REF3;
 518              		.loc 1 1348 0
 519 0146 5822     		movs	r2, #88
 520 0148 6D4B     		ldr	r3, .L30+8
 521 014a 1A70     		strb	r2, [r3]
1349:Generated_Source\PSoC5/ADC_DelSig_1.c **** 
 522              		.loc 1 1349 0
 523 014c 0133     		adds	r3, r3, #1
 524 014e 1D70     		strb	r5, [r3]
1351:Generated_Source\PSoC5/ADC_DelSig_1.c ****             ADC_DelSig_1_DSM_BUF1_REG    = ADC_DelSig_1_CFG2_DSM_BUF1;
 525              		.loc 1 1351 0
 526 0150 0533     		adds	r3, r3, #5
 527 0152 1F70     		strb	r7, [r3]
1352:Generated_Source\PSoC5/ADC_DelSig_1.c ****             ADC_DelSig_1_DSM_BUF2_REG    = ADC_DelSig_1_CFG2_DSM_BUF2;
ARM GAS  C:\Users\elias\AppData\Local\Temp\ccZ9bC31.s 			page 42


 528              		.loc 1 1352 0
 529 0154 0133     		adds	r3, r3, #1
 530 0156 1E70     		strb	r6, [r3]
1353:Generated_Source\PSoC5/ADC_DelSig_1.c ****             ADC_DelSig_1_DSM_BUF3_REG    = ADC_DelSig_1_CFG2_DSM_BUF3;
 531              		.loc 1 1353 0
 532 0158 0133     		adds	r3, r3, #1
 533 015a 1D70     		strb	r5, [r3]
1354:Generated_Source\PSoC5/ADC_DelSig_1.c **** 
 534              		.loc 1 1354 0
 535 015c 0A22     		movs	r2, #10
 536 015e 0133     		adds	r3, r3, #1
 537 0160 1A70     		strb	r2, [r3]
1376:Generated_Source\PSoC5/ADC_DelSig_1.c **** 
 538              		.loc 1 1376 0
 539 0162 4FF4FA42 		mov	r2, #32000
 540 0166 674B     		ldr	r3, .L30+12
 541 0168 1A60     		str	r2, [r3]
1378:Generated_Source\PSoC5/ADC_DelSig_1.c **** 
 542              		.loc 1 1378 0
 543 016a 3146     		mov	r1, r6
 544 016c 3846     		mov	r0, r7
 545 016e FFF7FEFF 		bl	ADC_DelSig_1_Ext_CP_Clk_SetDividerRegister
 546              	.LVL48:
1382:Generated_Source\PSoC5/ADC_DelSig_1.c ****             #endif /* ADC_DelSig_1_DEFAULT_INTERNAL_CLK */
 547              		.loc 1 1382 0
 548 0172 3146     		mov	r1, r6
 549 0174 3E20     		movs	r0, #62
 550 0176 FFF7FEFF 		bl	ADC_DelSig_1_theACLK_SetDividerRegister
 551              	.LVL49:
1387:Generated_Source\PSoC5/ADC_DelSig_1.c ****             #endif   /* End ADC_DelSig_1_IRQ_REMOVE */
 552              		.loc 1 1387 0
 553 017a 6449     		ldr	r1, .L30+20
 554 017c 1D20     		movs	r0, #29
 555 017e FFF7FEFF 		bl	CyIntSetVector
 556              	.LVL50:
 557              	.L26:
1393:Generated_Source\PSoC5/ADC_DelSig_1.c ****         {
 558              		.loc 1 1393 0
 559 0182 032C     		cmp	r4, #3
 560 0184 5AD1     		bne	.L27
1396:Generated_Source\PSoC5/ADC_DelSig_1.c ****             ADC_DelSig_1_DEC_SHIFT1_REG  = ADC_DelSig_1_CFG3_DEC_SHIFT1;
 561              		.loc 1 1396 0
 562 0186 3822     		movs	r2, #56
 563 0188 5C4B     		ldr	r3, .L30+4
 564 018a 1A70     		strb	r2, [r3]
1397:Generated_Source\PSoC5/ADC_DelSig_1.c ****             ADC_DelSig_1_DEC_SHIFT2_REG  = ADC_DelSig_1_CFG3_DEC_SHIFT2;
 565              		.loc 1 1397 0
 566 018c 0422     		movs	r2, #4
 567 018e 0233     		adds	r3, r3, #2
 568 0190 1A70     		strb	r2, [r3]
1398:Generated_Source\PSoC5/ADC_DelSig_1.c ****             ADC_DelSig_1_DEC_DR2_REG     = ADC_DelSig_1_CFG3_DEC_DR2;
 569              		.loc 1 1398 0
 570 0192 0722     		movs	r2, #7
 571 0194 0133     		adds	r3, r3, #1
 572 0196 1A70     		strb	r2, [r3]
1399:Generated_Source\PSoC5/ADC_DelSig_1.c ****             ADC_DelSig_1_DEC_DR2H_REG    = ADC_DelSig_1_CFG3_DEC_DR2H;
 573              		.loc 1 1399 0
ARM GAS  C:\Users\elias\AppData\Local\Temp\ccZ9bC31.s 			page 43


 574 0198 0025     		movs	r5, #0
 575 019a 0133     		adds	r3, r3, #1
 576 019c 1D70     		strb	r5, [r3]
1400:Generated_Source\PSoC5/ADC_DelSig_1.c ****             ADC_DelSig_1_DEC_DR1_REG     = ADC_DelSig_1_CFG3_DEC_DR1;
 577              		.loc 1 1400 0
 578 019e 0133     		adds	r3, r3, #1
 579 01a0 1D70     		strb	r5, [r3]
1401:Generated_Source\PSoC5/ADC_DelSig_1.c ****             ADC_DelSig_1_DEC_OCOR_REG    = ADC_DelSig_1_CFG3_DEC_OCOR;
 580              		.loc 1 1401 0
 581 01a2 3F22     		movs	r2, #63
 582 01a4 0133     		adds	r3, r3, #1
 583 01a6 1A70     		strb	r2, [r3]
1402:Generated_Source\PSoC5/ADC_DelSig_1.c ****             ADC_DelSig_1_DEC_OCORM_REG   = ADC_DelSig_1_CFG3_DEC_OCORM;
 584              		.loc 1 1402 0
 585 01a8 0233     		adds	r3, r3, #2
 586 01aa 1D70     		strb	r5, [r3]
1403:Generated_Source\PSoC5/ADC_DelSig_1.c ****             ADC_DelSig_1_DEC_OCORH_REG   = ADC_DelSig_1_CFG3_DEC_OCORH;
 587              		.loc 1 1403 0
 588 01ac 0133     		adds	r3, r3, #1
 589 01ae 1D70     		strb	r5, [r3]
1404:Generated_Source\PSoC5/ADC_DelSig_1.c ****             ADC_DelSig_1_DEC_COHER_REG   = ADC_DelSig_1_CFG3_DEC_COHER;
 590              		.loc 1 1404 0
 591 01b0 0133     		adds	r3, r3, #1
 592 01b2 1D70     		strb	r5, [r3]
1405:Generated_Source\PSoC5/ADC_DelSig_1.c **** 
 593              		.loc 1 1405 0
 594 01b4 0126     		movs	r6, #1
 595 01b6 0A33     		adds	r3, r3, #10
 596 01b8 1E70     		strb	r6, [r3]
1407:Generated_Source\PSoC5/ADC_DelSig_1.c ****             ADC_DelSig_1_DSM_CR5_REG     = ADC_DelSig_1_CFG3_DSM_CR5;
 597              		.loc 1 1407 0
 598 01ba 5022     		movs	r2, #80
 599 01bc 03F52763 		add	r3, r3, #2672
 600 01c0 1A70     		strb	r2, [r3]
1408:Generated_Source\PSoC5/ADC_DelSig_1.c ****             ADC_DelSig_1_DSM_CR6_REG     = ADC_DelSig_1_CFG3_DSM_CR6;
 601              		.loc 1 1408 0
 602 01c2 2722     		movs	r2, #39
 603 01c4 0133     		adds	r3, r3, #1
 604 01c6 1A70     		strb	r2, [r3]
1409:Generated_Source\PSoC5/ADC_DelSig_1.c ****             ADC_DelSig_1_DSM_CR7_REG     = ADC_DelSig_1_CFG3_DSM_CR7;
 605              		.loc 1 1409 0
 606 01c8 2C22     		movs	r2, #44
 607 01ca 0133     		adds	r3, r3, #1
 608 01cc 1A70     		strb	r2, [r3]
1410:Generated_Source\PSoC5/ADC_DelSig_1.c ****             ADC_DelSig_1_DSM_CR10_REG    = ADC_DelSig_1_CFG3_DSM_CR10;
 609              		.loc 1 1410 0
 610 01ce 0133     		adds	r3, r3, #1
 611 01d0 1D70     		strb	r5, [r3]
1411:Generated_Source\PSoC5/ADC_DelSig_1.c ****             ADC_DelSig_1_DSM_CR11_REG    = ADC_DelSig_1_CFG3_DSM_CR11;
 612              		.loc 1 1411 0
 613 01d2 5522     		movs	r2, #85
 614 01d4 0333     		adds	r3, r3, #3
 615 01d6 1A70     		strb	r2, [r3]
1412:Generated_Source\PSoC5/ADC_DelSig_1.c ****             ADC_DelSig_1_DSM_CR12_REG    = ADC_DelSig_1_CFG3_DSM_CR12;
 616              		.loc 1 1412 0
 617 01d8 5A22     		movs	r2, #90
 618 01da 0133     		adds	r3, r3, #1
ARM GAS  C:\Users\elias\AppData\Local\Temp\ccZ9bC31.s 			page 44


 619 01dc 1A70     		strb	r2, [r3]
1413:Generated_Source\PSoC5/ADC_DelSig_1.c ****             ADC_DelSig_1_DSM_CR14_REG    = ADC_DelSig_1_CFG3_DSM_CR14;
 620              		.loc 1 1413 0
 621 01de 0527     		movs	r7, #5
 622 01e0 0133     		adds	r3, r3, #1
 623 01e2 1F70     		strb	r7, [r3]
1414:Generated_Source\PSoC5/ADC_DelSig_1.c ****             ADC_DelSig_1_DSM_CR15_REG    = ADC_DelSig_1_CFG3_DSM_CR15;
 624              		.loc 1 1414 0
 625 01e4 0233     		adds	r3, r3, #2
 626 01e6 1E70     		strb	r6, [r3]
1415:Generated_Source\PSoC5/ADC_DelSig_1.c ****             ADC_DelSig_1_DSM_CR16_REG    = ADC_DelSig_1_CFG3_DSM_CR16;
 627              		.loc 1 1415 0
 628 01e8 1122     		movs	r2, #17
 629 01ea 0133     		adds	r3, r3, #1
 630 01ec 1A70     		strb	r2, [r3]
1416:Generated_Source\PSoC5/ADC_DelSig_1.c ****             ADC_DelSig_1_DSM_CR17_REG    = ADC_DelSig_1_CFG3_DSM_CR17;
 631              		.loc 1 1416 0
 632 01ee 1922     		movs	r2, #25
 633 01f0 0133     		adds	r3, r3, #1
 634 01f2 1A70     		strb	r2, [r3]
1417:Generated_Source\PSoC5/ADC_DelSig_1.c ****             /* Set DSM_REF0_REG by disabling and enabling the PRESS circuit */
 635              		.loc 1 1417 0
 636 01f4 9722     		movs	r2, #151
 637 01f6 0133     		adds	r3, r3, #1
 638 01f8 1A70     		strb	r2, [r3]
1419:Generated_Source\PSoC5/ADC_DelSig_1.c ****             ADC_DelSig_1_DSM_REF2_REG    = ADC_DelSig_1_CFG3_DSM_REF2;
 639              		.loc 1 1419 0
 640 01fa 4420     		movs	r0, #68
 641 01fc FFF7FEFF 		bl	ADC_DelSig_1_SetDSMRef0Reg
 642              	.LVL51:
1420:Generated_Source\PSoC5/ADC_DelSig_1.c ****             ADC_DelSig_1_DSM_REF3_REG    = ADC_DelSig_1_CFG3_DSM_REF3;
 643              		.loc 1 1420 0
 644 0200 5822     		movs	r2, #88
 645 0202 3F4B     		ldr	r3, .L30+8
 646 0204 1A70     		strb	r2, [r3]
1421:Generated_Source\PSoC5/ADC_DelSig_1.c **** 
 647              		.loc 1 1421 0
 648 0206 0133     		adds	r3, r3, #1
 649 0208 1D70     		strb	r5, [r3]
1423:Generated_Source\PSoC5/ADC_DelSig_1.c ****             ADC_DelSig_1_DSM_BUF1_REG    = ADC_DelSig_1_CFG3_DSM_BUF1;
 650              		.loc 1 1423 0
 651 020a 0533     		adds	r3, r3, #5
 652 020c 1F70     		strb	r7, [r3]
1424:Generated_Source\PSoC5/ADC_DelSig_1.c ****             ADC_DelSig_1_DSM_BUF2_REG    = ADC_DelSig_1_CFG3_DSM_BUF2;
 653              		.loc 1 1424 0
 654 020e 0133     		adds	r3, r3, #1
 655 0210 1E70     		strb	r6, [r3]
1425:Generated_Source\PSoC5/ADC_DelSig_1.c ****             ADC_DelSig_1_DSM_BUF3_REG    = ADC_DelSig_1_CFG3_DSM_BUF3;
 656              		.loc 1 1425 0
 657 0212 0133     		adds	r3, r3, #1
 658 0214 1D70     		strb	r5, [r3]
1426:Generated_Source\PSoC5/ADC_DelSig_1.c **** 
 659              		.loc 1 1426 0
 660 0216 0A22     		movs	r2, #10
 661 0218 0133     		adds	r3, r3, #1
 662 021a 1A70     		strb	r2, [r3]
1446:Generated_Source\PSoC5/ADC_DelSig_1.c **** 
ARM GAS  C:\Users\elias\AppData\Local\Temp\ccZ9bC31.s 			page 45


 663              		.loc 1 1446 0
 664 021c 4FF4FA42 		mov	r2, #32000
 665 0220 384B     		ldr	r3, .L30+12
 666 0222 1A60     		str	r2, [r3]
1448:Generated_Source\PSoC5/ADC_DelSig_1.c **** 
 667              		.loc 1 1448 0
 668 0224 3146     		mov	r1, r6
 669 0226 3846     		mov	r0, r7
 670 0228 FFF7FEFF 		bl	ADC_DelSig_1_Ext_CP_Clk_SetDividerRegister
 671              	.LVL52:
1452:Generated_Source\PSoC5/ADC_DelSig_1.c ****             #endif /* ADC_DelSig_1_DEFAULT_INTERNAL_CLK */
 672              		.loc 1 1452 0
 673 022c 3146     		mov	r1, r6
 674 022e 2520     		movs	r0, #37
 675 0230 FFF7FEFF 		bl	ADC_DelSig_1_theACLK_SetDividerRegister
 676              	.LVL53:
1457:Generated_Source\PSoC5/ADC_DelSig_1.c ****             #endif   /* End ADC_DelSig_1_IRQ_REMOVE */
 677              		.loc 1 1457 0
 678 0234 3649     		ldr	r1, .L30+24
 679 0236 1D20     		movs	r0, #29
 680 0238 FFF7FEFF 		bl	CyIntSetVector
 681              	.LVL54:
 682              	.L27:
1463:Generated_Source\PSoC5/ADC_DelSig_1.c ****         {
 683              		.loc 1 1463 0
 684 023c 042C     		cmp	r4, #4
 685 023e 5AD1     		bne	.L24
1466:Generated_Source\PSoC5/ADC_DelSig_1.c ****             ADC_DelSig_1_DEC_SHIFT1_REG  = ADC_DelSig_1_CFG4_DEC_SHIFT1;
 686              		.loc 1 1466 0
 687 0240 3822     		movs	r2, #56
 688 0242 2E4B     		ldr	r3, .L30+4
 689 0244 1A70     		strb	r2, [r3]
1467:Generated_Source\PSoC5/ADC_DelSig_1.c ****             ADC_DelSig_1_DEC_SHIFT2_REG  = ADC_DelSig_1_CFG4_DEC_SHIFT2;
 690              		.loc 1 1467 0
 691 0246 0422     		movs	r2, #4
 692 0248 0233     		adds	r3, r3, #2
 693 024a 1A70     		strb	r2, [r3]
1468:Generated_Source\PSoC5/ADC_DelSig_1.c ****             ADC_DelSig_1_DEC_DR2_REG     = ADC_DelSig_1_CFG4_DEC_DR2;
 694              		.loc 1 1468 0
 695 024c 0722     		movs	r2, #7
 696 024e 0133     		adds	r3, r3, #1
 697 0250 1A70     		strb	r2, [r3]
1469:Generated_Source\PSoC5/ADC_DelSig_1.c ****             ADC_DelSig_1_DEC_DR2H_REG    = ADC_DelSig_1_CFG4_DEC_DR2H;
 698              		.loc 1 1469 0
 699 0252 0024     		movs	r4, #0
 700 0254 0133     		adds	r3, r3, #1
 701 0256 1C70     		strb	r4, [r3]
1470:Generated_Source\PSoC5/ADC_DelSig_1.c ****             ADC_DelSig_1_DEC_DR1_REG     = ADC_DelSig_1_CFG4_DEC_DR1;
 702              		.loc 1 1470 0
 703 0258 0133     		adds	r3, r3, #1
 704 025a 1C70     		strb	r4, [r3]
1471:Generated_Source\PSoC5/ADC_DelSig_1.c ****             ADC_DelSig_1_DEC_OCOR_REG    = ADC_DelSig_1_CFG4_DEC_OCOR;
 705              		.loc 1 1471 0
 706 025c 3F22     		movs	r2, #63
 707 025e 0133     		adds	r3, r3, #1
 708 0260 1A70     		strb	r2, [r3]
1472:Generated_Source\PSoC5/ADC_DelSig_1.c ****             ADC_DelSig_1_DEC_OCORM_REG   = ADC_DelSig_1_CFG4_DEC_OCORM;
ARM GAS  C:\Users\elias\AppData\Local\Temp\ccZ9bC31.s 			page 46


 709              		.loc 1 1472 0
 710 0262 0233     		adds	r3, r3, #2
 711 0264 1C70     		strb	r4, [r3]
1473:Generated_Source\PSoC5/ADC_DelSig_1.c ****             ADC_DelSig_1_DEC_OCORH_REG   = ADC_DelSig_1_CFG4_DEC_OCORH;
 712              		.loc 1 1473 0
 713 0266 0133     		adds	r3, r3, #1
 714 0268 1C70     		strb	r4, [r3]
1474:Generated_Source\PSoC5/ADC_DelSig_1.c ****             ADC_DelSig_1_DEC_COHER_REG   = ADC_DelSig_1_CFG4_DEC_COHER;
 715              		.loc 1 1474 0
 716 026a 0133     		adds	r3, r3, #1
 717 026c 1C70     		strb	r4, [r3]
1475:Generated_Source\PSoC5/ADC_DelSig_1.c **** 
 718              		.loc 1 1475 0
 719 026e 0125     		movs	r5, #1
 720 0270 0A33     		adds	r3, r3, #10
 721 0272 1D70     		strb	r5, [r3]
1477:Generated_Source\PSoC5/ADC_DelSig_1.c ****             ADC_DelSig_1_DSM_CR5_REG     = ADC_DelSig_1_CFG4_DSM_CR5;
 722              		.loc 1 1477 0
 723 0274 5022     		movs	r2, #80
 724 0276 03F52763 		add	r3, r3, #2672
 725 027a 1A70     		strb	r2, [r3]
1478:Generated_Source\PSoC5/ADC_DelSig_1.c ****             ADC_DelSig_1_DSM_CR6_REG     = ADC_DelSig_1_CFG4_DSM_CR6;
 726              		.loc 1 1478 0
 727 027c 2722     		movs	r2, #39
 728 027e 0133     		adds	r3, r3, #1
 729 0280 1A70     		strb	r2, [r3]
1479:Generated_Source\PSoC5/ADC_DelSig_1.c ****             ADC_DelSig_1_DSM_CR7_REG     = ADC_DelSig_1_CFG4_DSM_CR7;
 730              		.loc 1 1479 0
 731 0282 2C22     		movs	r2, #44
 732 0284 0133     		adds	r3, r3, #1
 733 0286 1A70     		strb	r2, [r3]
1480:Generated_Source\PSoC5/ADC_DelSig_1.c ****             ADC_DelSig_1_DSM_CR10_REG    = ADC_DelSig_1_CFG4_DSM_CR10;
 734              		.loc 1 1480 0
 735 0288 0133     		adds	r3, r3, #1
 736 028a 1C70     		strb	r4, [r3]
1481:Generated_Source\PSoC5/ADC_DelSig_1.c ****             ADC_DelSig_1_DSM_CR11_REG    = ADC_DelSig_1_CFG4_DSM_CR11;
 737              		.loc 1 1481 0
 738 028c 5522     		movs	r2, #85
 739 028e 0333     		adds	r3, r3, #3
 740 0290 1A70     		strb	r2, [r3]
1482:Generated_Source\PSoC5/ADC_DelSig_1.c ****             ADC_DelSig_1_DSM_CR12_REG    = ADC_DelSig_1_CFG4_DSM_CR12;
 741              		.loc 1 1482 0
 742 0292 5A22     		movs	r2, #90
 743 0294 0133     		adds	r3, r3, #1
 744 0296 1A70     		strb	r2, [r3]
1483:Generated_Source\PSoC5/ADC_DelSig_1.c ****             ADC_DelSig_1_DSM_CR14_REG    = ADC_DelSig_1_CFG4_DSM_CR14;
 745              		.loc 1 1483 0
 746 0298 0526     		movs	r6, #5
 747 029a 0133     		adds	r3, r3, #1
 748 029c 1E70     		strb	r6, [r3]
1484:Generated_Source\PSoC5/ADC_DelSig_1.c ****             ADC_DelSig_1_DSM_CR15_REG    = ADC_DelSig_1_CFG4_DSM_CR15;
 749              		.loc 1 1484 0
 750 029e 0233     		adds	r3, r3, #2
 751 02a0 1D70     		strb	r5, [r3]
1485:Generated_Source\PSoC5/ADC_DelSig_1.c ****             ADC_DelSig_1_DSM_CR16_REG    = ADC_DelSig_1_CFG4_DSM_CR16;
 752              		.loc 1 1485 0
 753 02a2 1122     		movs	r2, #17
ARM GAS  C:\Users\elias\AppData\Local\Temp\ccZ9bC31.s 			page 47


 754 02a4 0133     		adds	r3, r3, #1
 755 02a6 1A70     		strb	r2, [r3]
1486:Generated_Source\PSoC5/ADC_DelSig_1.c ****             ADC_DelSig_1_DSM_CR17_REG    = ADC_DelSig_1_CFG4_DSM_CR17;
 756              		.loc 1 1486 0
 757 02a8 1922     		movs	r2, #25
 758 02aa 0133     		adds	r3, r3, #1
 759 02ac 1A70     		strb	r2, [r3]
1487:Generated_Source\PSoC5/ADC_DelSig_1.c ****             /* Set DSM_REF0_REG by disabling and enabling the PRESS circuit */
 760              		.loc 1 1487 0
 761 02ae 9722     		movs	r2, #151
 762 02b0 0133     		adds	r3, r3, #1
 763 02b2 1A70     		strb	r2, [r3]
1489:Generated_Source\PSoC5/ADC_DelSig_1.c ****             ADC_DelSig_1_DSM_REF2_REG    = ADC_DelSig_1_CFG4_DSM_REF2;
 764              		.loc 1 1489 0
 765 02b4 4420     		movs	r0, #68
 766 02b6 FFF7FEFF 		bl	ADC_DelSig_1_SetDSMRef0Reg
 767              	.LVL55:
1490:Generated_Source\PSoC5/ADC_DelSig_1.c ****             ADC_DelSig_1_DSM_REF3_REG    = ADC_DelSig_1_CFG4_DSM_REF3;
 768              		.loc 1 1490 0
 769 02ba 5822     		movs	r2, #88
 770 02bc 104B     		ldr	r3, .L30+8
 771 02be 1A70     		strb	r2, [r3]
1491:Generated_Source\PSoC5/ADC_DelSig_1.c **** 
 772              		.loc 1 1491 0
 773 02c0 0133     		adds	r3, r3, #1
 774 02c2 1C70     		strb	r4, [r3]
1493:Generated_Source\PSoC5/ADC_DelSig_1.c ****             ADC_DelSig_1_DSM_BUF1_REG    = ADC_DelSig_1_CFG4_DSM_BUF1;
 775              		.loc 1 1493 0
 776 02c4 0533     		adds	r3, r3, #5
 777 02c6 1E70     		strb	r6, [r3]
1494:Generated_Source\PSoC5/ADC_DelSig_1.c ****             ADC_DelSig_1_DSM_BUF2_REG    = ADC_DelSig_1_CFG4_DSM_BUF2;
 778              		.loc 1 1494 0
 779 02c8 0133     		adds	r3, r3, #1
 780 02ca 1D70     		strb	r5, [r3]
1495:Generated_Source\PSoC5/ADC_DelSig_1.c ****             ADC_DelSig_1_DSM_BUF3_REG    = ADC_DelSig_1_CFG4_DSM_BUF3;
 781              		.loc 1 1495 0
 782 02cc 0133     		adds	r3, r3, #1
 783 02ce 1C70     		strb	r4, [r3]
1496:Generated_Source\PSoC5/ADC_DelSig_1.c **** 
 784              		.loc 1 1496 0
 785 02d0 0A22     		movs	r2, #10
 786 02d2 0133     		adds	r3, r3, #1
 787 02d4 1A70     		strb	r2, [r3]
1516:Generated_Source\PSoC5/ADC_DelSig_1.c **** 
 788              		.loc 1 1516 0
 789 02d6 4FF4FA42 		mov	r2, #32000
 790 02da 0A4B     		ldr	r3, .L30+12
 791 02dc 1A60     		str	r2, [r3]
1518:Generated_Source\PSoC5/ADC_DelSig_1.c **** 
 792              		.loc 1 1518 0
 793 02de 2946     		mov	r1, r5
 794 02e0 3046     		mov	r0, r6
 795 02e2 FFF7FEFF 		bl	ADC_DelSig_1_Ext_CP_Clk_SetDividerRegister
 796              	.LVL56:
1522:Generated_Source\PSoC5/ADC_DelSig_1.c ****             #endif /* ADC_DelSig_1_DEFAULT_INTERNAL_CLK */
 797              		.loc 1 1522 0
 798 02e6 2946     		mov	r1, r5
ARM GAS  C:\Users\elias\AppData\Local\Temp\ccZ9bC31.s 			page 48


 799 02e8 2520     		movs	r0, #37
 800 02ea FFF7FEFF 		bl	ADC_DelSig_1_theACLK_SetDividerRegister
 801              	.LVL57:
1527:Generated_Source\PSoC5/ADC_DelSig_1.c ****             #endif   /* End ADC_DelSig_1_IRQ_REMOVE */
 802              		.loc 1 1527 0
 803 02ee 0949     		ldr	r1, .L30+28
 804 02f0 1D20     		movs	r0, #29
 805 02f2 FFF7FEFF 		bl	CyIntSetVector
 806              	.LVL58:
 807              	.L24:
 808 02f6 F8BD     		pop	{r3, r4, r5, r6, r7, pc}
 809              	.L31:
 810              		.align	2
 811              	.L30:
 812 02f8 00000000 		.word	.LANCHOR0
 813 02fc 004E0040 		.word	1073761792
 814 0300 94580040 		.word	1073764500
 815 0304 00000000 		.word	ADC_DelSig_1_CountsPerVolt
 816 0308 00000000 		.word	ADC_DelSig_1_ISR1
 817 030c 00000000 		.word	ADC_DelSig_1_ISR2
 818 0310 00000000 		.word	ADC_DelSig_1_ISR3
 819 0314 00000000 		.word	ADC_DelSig_1_ISR4
 820              		.cfi_endproc
 821              	.LFE19:
 822              		.size	ADC_DelSig_1_InitConfig, .-ADC_DelSig_1_InitConfig
 823              		.section	.text.ADC_DelSig_1_Init,"ax",%progbits
 824              		.align	2
 825              		.global	ADC_DelSig_1_Init
 826              		.thumb
 827              		.thumb_func
 828              		.type	ADC_DelSig_1_Init, %function
 829              	ADC_DelSig_1_Init:
 830              	.LFB0:
  92:Generated_Source\PSoC5/ADC_DelSig_1.c **** 
 831              		.loc 1 92 0
 832              		.cfi_startproc
 833              		@ args = 0, pretend = 0, frame = 0
 834              		@ frame_needed = 0, uses_anonymous_args = 0
 835 0000 2DE9F041 		push	{r4, r5, r6, r7, r8, lr}
 836              		.cfi_def_cfa_offset 24
 837              		.cfi_offset 4, -24
 838              		.cfi_offset 5, -20
 839              		.cfi_offset 6, -16
 840              		.cfi_offset 7, -12
 841              		.cfi_offset 8, -8
 842              		.cfi_offset 14, -4
 843 0004 82B0     		sub	sp, sp, #8
 844              		.cfi_def_cfa_offset 32
  94:Generated_Source\PSoC5/ADC_DelSig_1.c ****     ADC_DelSig_1_convDone = 0u;
 845              		.loc 1 94 0
 846 0006 394E     		ldr	r6, .L34
 847 0008 4FF00108 		mov	r8, #1
 848 000c 86F80080 		strb	r8, [r6]
  95:Generated_Source\PSoC5/ADC_DelSig_1.c **** 
 849              		.loc 1 95 0
 850 0010 374F     		ldr	r7, .L34+4
 851 0012 0024     		movs	r4, #0
ARM GAS  C:\Users\elias\AppData\Local\Temp\ccZ9bC31.s 			page 49


 852 0014 7C74     		strb	r4, [r7, #17]
  97:Generated_Source\PSoC5/ADC_DelSig_1.c **** 
 853              		.loc 1 97 0
 854 0016 1020     		movs	r0, #16
 855 0018 FFF7FEFF 		bl	ADC_DelSig_1_Ext_CP_Clk_SetModeRegister
 856              	.LVL59:
 101:Generated_Source\PSoC5/ADC_DelSig_1.c ****     #endif /* ADC_DelSig_1_DEFAULT_INTERNAL_CLK */
 857              		.loc 1 101 0
 858 001c 1020     		movs	r0, #16
 859 001e FFF7FEFF 		bl	ADC_DelSig_1_theACLK_SetModeRegister
 860              	.LVL60:
 106:Generated_Source\PSoC5/ADC_DelSig_1.c ****     #endif   /* End ADC_DelSig_1_IRQ_REMOVE */
 861              		.loc 1 106 0
 862 0022 0721     		movs	r1, #7
 863 0024 1D20     		movs	r0, #29
 864 0026 FFF7FEFF 		bl	CyIntSetPriority
 865              	.LVL61:
 110:Generated_Source\PSoC5/ADC_DelSig_1.c ****     ADC_DelSig_1_DSM_DEM1_REG    = ADC_DelSig_1_CFG1_DSM_DEM1;
 866              		.loc 1 110 0
 867 002a 0425     		movs	r5, #4
 868 002c 314B     		ldr	r3, .L34+8
 869 002e 1D70     		strb	r5, [r3]
 111:Generated_Source\PSoC5/ADC_DelSig_1.c ****     ADC_DelSig_1_DSM_MISC_REG    = ADC_DelSig_1_CFG1_DSM_MISC;
 870              		.loc 1 111 0
 871 0030 0133     		adds	r3, r3, #1
 872 0032 1C70     		strb	r4, [r3]
 112:Generated_Source\PSoC5/ADC_DelSig_1.c ****     ADC_DelSig_1_DSM_CLK_REG    |= ADC_DelSig_1_CFG1_DSM_CLK;
 873              		.loc 1 112 0
 874 0034 0733     		adds	r3, r3, #7
 875 0036 1C70     		strb	r4, [r3]
 113:Generated_Source\PSoC5/ADC_DelSig_1.c ****     ADC_DelSig_1_DSM_REF1_REG    = ADC_DelSig_1_CFG1_DSM_REF1;
 876              		.loc 1 113 0
 877 0038 2F4A     		ldr	r2, .L34+12
 878 003a 1378     		ldrb	r3, [r2]	@ zero_extendqisi2
 879 003c 43F01803 		orr	r3, r3, #24
 880 0040 1370     		strb	r3, [r2]
 114:Generated_Source\PSoC5/ADC_DelSig_1.c **** 
 881              		.loc 1 114 0
 882 0042 2E4B     		ldr	r3, .L34+16
 883 0044 1C70     		strb	r4, [r3]
 116:Generated_Source\PSoC5/ADC_DelSig_1.c ****     ADC_DelSig_1_DSM_OUT1_REG    = ADC_DelSig_1_CFG1_DSM_OUT1;
 884              		.loc 1 116 0
 885 0046 03F2F523 		addw	r3, r3, #757
 886 004a 1C70     		strb	r4, [r3]
 117:Generated_Source\PSoC5/ADC_DelSig_1.c **** 
 887              		.loc 1 117 0
 888 004c 0133     		adds	r3, r3, #1
 889 004e 1C70     		strb	r4, [r3]
 119:Generated_Source\PSoC5/ADC_DelSig_1.c ****     ADC_DelSig_1_DSM_CR1_REG     = ADC_DelSig_1_CFG1_DSM_CR1;
 890              		.loc 1 119 0
 891 0050 0A22     		movs	r2, #10
 892 0052 A3F20933 		subw	r3, r3, #777
 893 0056 1A70     		strb	r2, [r3]
 120:Generated_Source\PSoC5/ADC_DelSig_1.c **** #if(ADC_DelSig_1_MI_ENABLE != 0u) /* Enable Modulator Input */
 894              		.loc 1 120 0
 895 0058 0133     		adds	r3, r3, #1
 896 005a 1C70     		strb	r4, [r3]
ARM GAS  C:\Users\elias\AppData\Local\Temp\ccZ9bC31.s 			page 50


 124:Generated_Source\PSoC5/ADC_DelSig_1.c **** #endif /* ADC_DelSig_1_MI_ENABLE != 0u*/    
 897              		.loc 1 124 0
 898 005c 0233     		adds	r3, r3, #2
 899 005e 1C70     		strb	r4, [r3]
 126:Generated_Source\PSoC5/ADC_DelSig_1.c ****     ADC_DelSig_1_DSM_CR9_REG     = ADC_DelSig_1_CFG1_DSM_CR9;
 900              		.loc 1 126 0
 901 0060 5B22     		movs	r2, #91
 902 0062 0533     		adds	r3, r3, #5
 903 0064 1A70     		strb	r2, [r3]
 127:Generated_Source\PSoC5/ADC_DelSig_1.c ****     ADC_DelSig_1_DSM_CR13_REG    = ADC_DelSig_1_CFG1_DSM_CR13;
 904              		.loc 1 127 0
 905 0066 5E22     		movs	r2, #94
 906 0068 0133     		adds	r3, r3, #1
 907 006a 1A70     		strb	r2, [r3]
 128:Generated_Source\PSoC5/ADC_DelSig_1.c **** 
 908              		.loc 1 128 0
 909 006c 0433     		adds	r3, r3, #4
 910 006e 1C70     		strb	r4, [r3]
 130:Generated_Source\PSoC5/ADC_DelSig_1.c **** 
 911              		.loc 1 130 0
 912 0070 1422     		movs	r2, #20
 913 0072 A3F68C23 		subw	r3, r3, #2700
 914 0076 1A70     		strb	r2, [r3]
 133:Generated_Source\PSoC5/ADC_DelSig_1.c ****                                       ADC_DelSig_1_CFG1_IDEAL_DEC_GAIN,
 915              		.loc 1 133 0
 916 0078 CDF80080 		str	r8, [sp]
 917 007c 1123     		movs	r3, #17
 918 007e 4FF40042 		mov	r2, #32768
 919 0082 49F2DA01 		movw	r1, #37082
 920 0086 2846     		mov	r0, r5
 921 0088 FFF7FEFF 		bl	ADC_DelSig_1_GainCompensation
 922              	.LVL62:
 139:Generated_Source\PSoC5/ADC_DelSig_1.c ****                                           ADC_DelSig_1_CFG2_IDEAL_DEC_GAIN,
 923              		.loc 1 139 0
 924 008c 0223     		movs	r3, #2
 925 008e 0093     		str	r3, [sp]
 926 0090 1023     		movs	r3, #16
 927 0092 4FF40042 		mov	r2, #32768
 928 0096 49F2DA01 		movw	r1, #37082
 929 009a 2846     		mov	r0, r5
 930 009c FFF7FEFF 		bl	ADC_DelSig_1_GainCompensation
 931              	.LVL63:
 146:Generated_Source\PSoC5/ADC_DelSig_1.c ****                                           ADC_DelSig_1_CFG3_IDEAL_DEC_GAIN,
 932              		.loc 1 146 0
 933 00a0 0323     		movs	r3, #3
 934 00a2 0093     		str	r3, [sp]
 935 00a4 1023     		movs	r3, #16
 936 00a6 4FF40042 		mov	r2, #32768
 937 00aa 49F2DA01 		movw	r1, #37082
 938 00ae 2846     		mov	r0, r5
 939 00b0 FFF7FEFF 		bl	ADC_DelSig_1_GainCompensation
 940              	.LVL64:
 153:Generated_Source\PSoC5/ADC_DelSig_1.c ****                                           ADC_DelSig_1_CFG4_IDEAL_DEC_GAIN,
 941              		.loc 1 153 0
 942 00b4 0095     		str	r5, [sp]
 943 00b6 1023     		movs	r3, #16
 944 00b8 4FF40042 		mov	r2, #32768
ARM GAS  C:\Users\elias\AppData\Local\Temp\ccZ9bC31.s 			page 51


 945 00bc 49F2DA01 		movw	r1, #37082
 946 00c0 2846     		mov	r0, r5
 947 00c2 FFF7FEFF 		bl	ADC_DelSig_1_GainCompensation
 948              	.LVL65:
 161:Generated_Source\PSoC5/ADC_DelSig_1.c ****     CY_SET_REG16(ADC_DelSig_1_DEC_GCOR_16B_PTR, ADC_DelSig_1_gcor[ADC_DelSig_1_Config - 1u].gcor);
 949              		.loc 1 161 0
 950 00c6 3378     		ldrb	r3, [r6]	@ zero_extendqisi2
 951 00c8 013B     		subs	r3, r3, #1
 952 00ca 07EB8303 		add	r3, r7, r3, lsl #2
 953 00ce 9A78     		ldrb	r2, [r3, #2]	@ zero_extendqisi2
 954 00d0 0B4B     		ldr	r3, .L34+20
 955 00d2 1A70     		strb	r2, [r3]
 162:Generated_Source\PSoC5/ADC_DelSig_1.c **** 
 956              		.loc 1 162 0
 957 00d4 3378     		ldrb	r3, [r6]	@ zero_extendqisi2
 958 00d6 013B     		subs	r3, r3, #1
 959 00d8 37F82320 		ldrh	r2, [r7, r3, lsl #2]
 960 00dc 094B     		ldr	r3, .L34+24
 961 00de 1A80     		strh	r2, [r3]	@ movhi
 165:Generated_Source\PSoC5/ADC_DelSig_1.c **** }
 962              		.loc 1 165 0
 963 00e0 3078     		ldrb	r0, [r6]	@ zero_extendqisi2
 964 00e2 FFF7FEFF 		bl	ADC_DelSig_1_InitConfig
 965              	.LVL66:
 166:Generated_Source\PSoC5/ADC_DelSig_1.c **** 
 966              		.loc 1 166 0
 967 00e6 02B0     		add	sp, sp, #8
 968              		.cfi_def_cfa_offset 24
 969              		@ sp needed
 970 00e8 BDE8F081 		pop	{r4, r5, r6, r7, r8, pc}
 971              	.L35:
 972              		.align	2
 973              	.L34:
 974 00ec 00000000 		.word	.LANCHOR1
 975 00f0 00000000 		.word	.LANCHOR0
 976 00f4 96580040 		.word	1073764502
 977 00f8 075B0040 		.word	1073765127
 978 00fc 93580040 		.word	1073764499
 979 0100 0E4E0040 		.word	1073761806
 980 0104 0C4E0040 		.word	1073761804
 981              		.cfi_endproc
 982              	.LFE0:
 983              		.size	ADC_DelSig_1_Init, .-ADC_DelSig_1_Init
 984              		.section	.text.ADC_DelSig_1_Enable,"ax",%progbits
 985              		.align	2
 986              		.global	ADC_DelSig_1_Enable
 987              		.thumb
 988              		.thumb_func
 989              		.type	ADC_DelSig_1_Enable, %function
 990              	ADC_DelSig_1_Enable:
 991              	.LFB1:
 187:Generated_Source\PSoC5/ADC_DelSig_1.c **** 	uint8 config;
 992              		.loc 1 187 0
 993              		.cfi_startproc
 994              		@ args = 0, pretend = 0, frame = 0
 995              		@ frame_needed = 0, uses_anonymous_args = 0
 996 0000 70B5     		push	{r4, r5, r6, lr}
ARM GAS  C:\Users\elias\AppData\Local\Temp\ccZ9bC31.s 			page 52


 997              		.cfi_def_cfa_offset 16
 998              		.cfi_offset 4, -16
 999              		.cfi_offset 5, -12
 1000              		.cfi_offset 6, -8
 1001              		.cfi_offset 14, -4
 190:Generated_Source\PSoC5/ADC_DelSig_1.c **** 
 1002              		.loc 1 190 0
 1003 0002 FFF7FEFF 		bl	CyEnterCriticalSection
 1004              	.LVL67:
 1005 0006 0646     		mov	r6, r0
 1006              	.LVL68:
 193:Generated_Source\PSoC5/ADC_DelSig_1.c ****     
 1007              		.loc 1 193 0
 1008 0008 2A4B     		ldr	r3, .L38
 1009 000a 1B78     		ldrb	r3, [r3]	@ zero_extendqisi2
 1010              	.LVL69:
 196:Generated_Source\PSoC5/ADC_DelSig_1.c ****     ADC_DelSig_1_PWRMGR_DSM_REG |= ADC_DelSig_1_ACT_PWR_DSM_EN;
 1011              		.loc 1 196 0
 1012 000c 2A4B     		ldr	r3, .L38+4
 1013 000e 1A78     		ldrb	r2, [r3]	@ zero_extendqisi2
 1014 0010 42F00102 		orr	r2, r2, #1
 1015 0014 1A70     		strb	r2, [r3]
 197:Generated_Source\PSoC5/ADC_DelSig_1.c **** 
 1016              		.loc 1 197 0
 1017 0016 1A78     		ldrb	r2, [r3]	@ zero_extendqisi2
 1018 0018 42F01002 		orr	r2, r2, #16
 1019 001c 1A70     		strb	r2, [r3]
 200:Generated_Source\PSoC5/ADC_DelSig_1.c ****     ADC_DelSig_1_STBY_PWRMGR_DSM_REG |= ADC_DelSig_1_STBY_PWR_DSM_EN;
 1020              		.loc 1 200 0
 1021 001e 1033     		adds	r3, r3, #16
 1022 0020 1A78     		ldrb	r2, [r3]	@ zero_extendqisi2
 1023 0022 42F00102 		orr	r2, r2, #1
 1024 0026 1A70     		strb	r2, [r3]
 201:Generated_Source\PSoC5/ADC_DelSig_1.c **** 
 1025              		.loc 1 201 0
 1026 0028 1A78     		ldrb	r2, [r3]	@ zero_extendqisi2
 1027 002a 42F01002 		orr	r2, r2, #16
 1028 002e 1A70     		strb	r2, [r3]
 204:Generated_Source\PSoC5/ADC_DelSig_1.c ****     ADC_DelSig_1_RESET_CR5_REG |= ADC_DelSig_1_IGNORE_PRESA2;
 1029              		.loc 1 204 0
 1030 0030 224D     		ldr	r5, .L38+8
 1031 0032 2B78     		ldrb	r3, [r5]	@ zero_extendqisi2
 1032 0034 43F00203 		orr	r3, r3, #2
 1033 0038 2B70     		strb	r3, [r5]
 205:Generated_Source\PSoC5/ADC_DelSig_1.c **** 
 1034              		.loc 1 205 0
 1035 003a 214C     		ldr	r4, .L38+12
 1036 003c 2378     		ldrb	r3, [r4]	@ zero_extendqisi2
 1037 003e 43F00203 		orr	r3, r3, #2
 1038 0042 2370     		strb	r3, [r4]
 207:Generated_Source\PSoC5/ADC_DelSig_1.c **** 
 1039              		.loc 1 207 0
 1040 0044 1F4A     		ldr	r2, .L38+16
 1041 0046 1378     		ldrb	r3, [r2]	@ zero_extendqisi2
 1042 0048 43F00303 		orr	r3, r3, #3
 1043 004c 1370     		strb	r3, [r2]
 273:Generated_Source\PSoC5/ADC_DelSig_1.c **** 
ARM GAS  C:\Users\elias\AppData\Local\Temp\ccZ9bC31.s 			page 53


 1044              		.loc 1 273 0
 1045 004e 0320     		movs	r0, #3
 1046 0050 FFF7FEFF 		bl	CyDelayUs
 1047              	.LVL70:
 276:Generated_Source\PSoC5/ADC_DelSig_1.c ****     ADC_DelSig_1_RESET_CR5_REG &= (uint8)~ADC_DelSig_1_IGNORE_PRESA2;
 1048              		.loc 1 276 0
 1049 0054 2B78     		ldrb	r3, [r5]	@ zero_extendqisi2
 1050 0056 03F0FD03 		and	r3, r3, #253
 1051 005a 2B70     		strb	r3, [r5]
 277:Generated_Source\PSoC5/ADC_DelSig_1.c **** 
 1052              		.loc 1 277 0
 1053 005c 2378     		ldrb	r3, [r4]	@ zero_extendqisi2
 1054 005e 03F0FD03 		and	r3, r3, #253
 1055 0062 2370     		strb	r3, [r4]
 280:Generated_Source\PSoC5/ADC_DelSig_1.c **** 
 1056              		.loc 1 280 0
 1057 0064 184A     		ldr	r2, .L38+20
 1058 0066 1378     		ldrb	r3, [r2]	@ zero_extendqisi2
 1059 0068 43F00603 		orr	r3, r3, #6
 1060 006c 1370     		strb	r3, [r2]
 283:Generated_Source\PSoC5/ADC_DelSig_1.c **** 
 1061              		.loc 1 283 0
 1062 006e 7A22     		movs	r2, #122
 1063 0070 164B     		ldr	r3, .L38+24
 1064 0072 1A70     		strb	r2, [r3]
 287:Generated_Source\PSoC5/ADC_DelSig_1.c ****         ADC_DelSig_1_STBY_PWRMGR_CLK_REG |= ADC_DelSig_1_STBY_PWR_CLK_EN;
 1065              		.loc 1 287 0
 1066 0074 164A     		ldr	r2, .L38+28
 1067 0076 1378     		ldrb	r3, [r2]	@ zero_extendqisi2
 1068 0078 43F00103 		orr	r3, r3, #1
 1069 007c 1370     		strb	r3, [r2]
 288:Generated_Source\PSoC5/ADC_DelSig_1.c ****     #endif /* ADC_DelSig_1_DEFAULT_INTERNAL_CLK */
 1070              		.loc 1 288 0
 1071 007e 1032     		adds	r2, r2, #16
 1072 0080 1378     		ldrb	r3, [r2]	@ zero_extendqisi2
 1073 0082 43F00103 		orr	r3, r3, #1
 1074 0086 1370     		strb	r3, [r2]
 292:Generated_Source\PSoC5/ADC_DelSig_1.c ****     ADC_DelSig_1_STBY_PWRMGR_CHARGE_PUMP_CLK_REG |= ADC_DelSig_1_STBY_PWR_CHARGE_PUMP_CLK_EN;
 1075              		.loc 1 292 0
 1076 0088 0F3A     		subs	r2, r2, #15
 1077 008a 1378     		ldrb	r3, [r2]	@ zero_extendqisi2
 1078 008c 43F00103 		orr	r3, r3, #1
 1079 0090 1370     		strb	r3, [r2]
 293:Generated_Source\PSoC5/ADC_DelSig_1.c **** 
 1080              		.loc 1 293 0
 1081 0092 1032     		adds	r2, r2, #16
 1082 0094 1378     		ldrb	r3, [r2]	@ zero_extendqisi2
 1083 0096 43F00103 		orr	r3, r3, #1
 1084 009a 1370     		strb	r3, [r2]
 297:Generated_Source\PSoC5/ADC_DelSig_1.c ****         /* Enable interrupt */
 1085              		.loc 1 297 0
 1086 009c 4FF00053 		mov	r3, #536870912
 1087 00a0 0C4A     		ldr	r2, .L38+32
 1088 00a2 1360     		str	r3, [r2]
 299:Generated_Source\PSoC5/ADC_DelSig_1.c ****     #endif   /* End ADC_DelSig_1_IRQ_REMOVE */
 1089              		.loc 1 299 0
 1090 00a4 A2F5C072 		sub	r2, r2, #384
ARM GAS  C:\Users\elias\AppData\Local\Temp\ccZ9bC31.s 			page 54


 1091 00a8 1360     		str	r3, [r2]
 302:Generated_Source\PSoC5/ADC_DelSig_1.c **** 
 1092              		.loc 1 302 0
 1093 00aa 3046     		mov	r0, r6
 1094 00ac FFF7FEFF 		bl	CyExitCriticalSection
 1095              	.LVL71:
 1096 00b0 70BD     		pop	{r4, r5, r6, pc}
 1097              	.LVL72:
 1098              	.L39:
 1099 00b2 00BF     		.align	2
 1100              	.L38:
 1101 00b4 00000000 		.word	.LANCHOR1
 1102 00b8 AA430040 		.word	1073759146
 1103 00bc F8460040 		.word	1073759992
 1104 00c0 F9460040 		.word	1073759993
 1105 00c4 91580040 		.word	1073764497
 1106 00c8 77580040 		.word	1073764471
 1107 00cc 82580040 		.word	1073764482
 1108 00d0 A1430040 		.word	1073759137
 1109 00d4 80E200E0 		.word	-536812928
 1110              		.cfi_endproc
 1111              	.LFE1:
 1112              		.size	ADC_DelSig_1_Enable, .-ADC_DelSig_1_Enable
 1113              		.section	.text.ADC_DelSig_1_Start,"ax",%progbits
 1114              		.align	2
 1115              		.global	ADC_DelSig_1_Start
 1116              		.thumb
 1117              		.thumb_func
 1118              		.type	ADC_DelSig_1_Start, %function
 1119              	ADC_DelSig_1_Start:
 1120              	.LFB2:
 335:Generated_Source\PSoC5/ADC_DelSig_1.c ****     if(ADC_DelSig_1_initVar == 0u)
 1121              		.loc 1 335 0
 1122              		.cfi_startproc
 1123              		@ args = 0, pretend = 0, frame = 0
 1124              		@ frame_needed = 0, uses_anonymous_args = 0
 1125 0000 08B5     		push	{r3, lr}
 1126              		.cfi_def_cfa_offset 8
 1127              		.cfi_offset 3, -8
 1128              		.cfi_offset 14, -4
 336:Generated_Source\PSoC5/ADC_DelSig_1.c ****     {
 1129              		.loc 1 336 0
 1130 0002 084B     		ldr	r3, .L44
 1131 0004 9B7C     		ldrb	r3, [r3, #18]	@ zero_extendqisi2
 1132 0006 4BB9     		cbnz	r3, .L41
 338:Generated_Source\PSoC5/ADC_DelSig_1.c ****         {
 1133              		.loc 1 338 0
 1134 0008 064B     		ldr	r3, .L44
 1135 000a DB7C     		ldrb	r3, [r3, #19]	@ zero_extendqisi2
 1136 000c 13F0FF0F 		tst	r3, #255
 1137 0010 01D1     		bne	.L42
 340:Generated_Source\PSoC5/ADC_DelSig_1.c ****         }
 1138              		.loc 1 340 0
 1139 0012 FFF7FEFF 		bl	ADC_DelSig_1_Init
 1140              	.LVL73:
 1141              	.L42:
 342:Generated_Source\PSoC5/ADC_DelSig_1.c ****     }
ARM GAS  C:\Users\elias\AppData\Local\Temp\ccZ9bC31.s 			page 55


 1142              		.loc 1 342 0
 1143 0016 0122     		movs	r2, #1
 1144 0018 024B     		ldr	r3, .L44
 1145 001a 9A74     		strb	r2, [r3, #18]
 1146              	.L41:
 346:Generated_Source\PSoC5/ADC_DelSig_1.c **** }
 1147              		.loc 1 346 0
 1148 001c FFF7FEFF 		bl	ADC_DelSig_1_Enable
 1149              	.LVL74:
 1150 0020 08BD     		pop	{r3, pc}
 1151              	.L45:
 1152 0022 00BF     		.align	2
 1153              	.L44:
 1154 0024 00000000 		.word	.LANCHOR0
 1155              		.cfi_endproc
 1156              	.LFE2:
 1157              		.size	ADC_DelSig_1_Start, .-ADC_DelSig_1_Start
 1158              		.section	.text.ADC_DelSig_1_Stop,"ax",%progbits
 1159              		.align	2
 1160              		.global	ADC_DelSig_1_Stop
 1161              		.thumb
 1162              		.thumb_func
 1163              		.type	ADC_DelSig_1_Stop, %function
 1164              	ADC_DelSig_1_Stop:
 1165              	.LFB3:
 368:Generated_Source\PSoC5/ADC_DelSig_1.c ****     uint8 enableInterrupts;
 1166              		.loc 1 368 0
 1167              		.cfi_startproc
 1168              		@ args = 0, pretend = 0, frame = 0
 1169              		@ frame_needed = 0, uses_anonymous_args = 0
 1170 0000 70B5     		push	{r4, r5, r6, lr}
 1171              		.cfi_def_cfa_offset 16
 1172              		.cfi_offset 4, -16
 1173              		.cfi_offset 5, -12
 1174              		.cfi_offset 6, -8
 1175              		.cfi_offset 14, -4
 370:Generated_Source\PSoC5/ADC_DelSig_1.c **** 
 1176              		.loc 1 370 0
 1177 0002 FFF7FEFF 		bl	CyEnterCriticalSection
 1178              	.LVL75:
 1179 0006 0646     		mov	r6, r0
 1180              	.LVL76:
 373:Generated_Source\PSoC5/ADC_DelSig_1.c ****     ADC_DelSig_1_DEC_SR_REG |=  ADC_DelSig_1_DEC_INTR_CLEAR;
 1181              		.loc 1 373 0
 1182 0008 314A     		ldr	r2, .L48
 1183 000a 1378     		ldrb	r3, [r2]	@ zero_extendqisi2
 1184 000c 03F0FE03 		and	r3, r3, #254
 1185 0010 1370     		strb	r3, [r2]
 374:Generated_Source\PSoC5/ADC_DelSig_1.c **** 
 1186              		.loc 1 374 0
 1187 0012 0132     		adds	r2, r2, #1
 1188 0014 1378     		ldrb	r3, [r2]	@ zero_extendqisi2
 1189 0016 43F00403 		orr	r3, r3, #4
 1190 001a 1370     		strb	r3, [r2]
 378:Generated_Source\PSoC5/ADC_DelSig_1.c ****     ADC_DelSig_1_RESET_CR5_REG |= ADC_DelSig_1_IGNORE_PRESA2;
 1191              		.loc 1 378 0
 1192 001c 2D4D     		ldr	r5, .L48+4
ARM GAS  C:\Users\elias\AppData\Local\Temp\ccZ9bC31.s 			page 56


 1193 001e 2B78     		ldrb	r3, [r5]	@ zero_extendqisi2
 1194 0020 43F00203 		orr	r3, r3, #2
 1195 0024 2B70     		strb	r3, [r5]
 379:Generated_Source\PSoC5/ADC_DelSig_1.c **** 
 1196              		.loc 1 379 0
 1197 0026 2C4C     		ldr	r4, .L48+8
 1198 0028 2378     		ldrb	r3, [r4]	@ zero_extendqisi2
 1199 002a 43F00203 		orr	r3, r3, #2
 1200 002e 2370     		strb	r3, [r4]
 381:Generated_Source\PSoC5/ADC_DelSig_1.c ****     ADC_DelSig_1_DSM_REF0_REG &= (uint8)~ADC_DelSig_1_DSM_EN_BUF_VREF_INN;
 1201              		.loc 1 381 0
 1202 0030 02F52962 		add	r2, r2, #2704
 1203 0034 1378     		ldrb	r3, [r2]	@ zero_extendqisi2
 1204 0036 03F0FC03 		and	r3, r3, #252
 1205 003a 1370     		strb	r3, [r2]
 382:Generated_Source\PSoC5/ADC_DelSig_1.c **** 
 1206              		.loc 1 382 0
 1207 003c 0132     		adds	r2, r2, #1
 1208 003e 1378     		ldrb	r3, [r2]	@ zero_extendqisi2
 1209 0040 03F0F703 		and	r3, r3, #247
 1210 0044 1370     		strb	r3, [r2]
 385:Generated_Source\PSoC5/ADC_DelSig_1.c **** 
 1211              		.loc 1 385 0
 1212 0046 0320     		movs	r0, #3
 1213 0048 FFF7FEFF 		bl	CyDelayUs
 1214              	.LVL77:
 388:Generated_Source\PSoC5/ADC_DelSig_1.c ****     ADC_DelSig_1_RESET_CR5_REG &= (uint8)~ADC_DelSig_1_IGNORE_PRESA2;
 1215              		.loc 1 388 0
 1216 004c 2B78     		ldrb	r3, [r5]	@ zero_extendqisi2
 1217 004e 03F0FD03 		and	r3, r3, #253
 1218 0052 2B70     		strb	r3, [r5]
 389:Generated_Source\PSoC5/ADC_DelSig_1.c **** 
 1219              		.loc 1 389 0
 1220 0054 2378     		ldrb	r3, [r4]	@ zero_extendqisi2
 1221 0056 03F0FD03 		and	r3, r3, #253
 1222 005a 2370     		strb	r3, [r4]
 392:Generated_Source\PSoC5/ADC_DelSig_1.c **** 
 1223              		.loc 1 392 0
 1224 005c 1F4B     		ldr	r3, .L48+12
 1225 005e 1A78     		ldrb	r2, [r3]	@ zero_extendqisi2
 1226 0060 02F0EF02 		and	r2, r2, #239
 1227 0064 1A70     		strb	r2, [r3]
 395:Generated_Source\PSoC5/ADC_DelSig_1.c **** 
 1228              		.loc 1 395 0
 1229 0066 1A78     		ldrb	r2, [r3]	@ zero_extendqisi2
 1230 0068 02F0FE02 		and	r2, r2, #254
 1231 006c 1A70     		strb	r2, [r3]
 398:Generated_Source\PSoC5/ADC_DelSig_1.c ****     ADC_DelSig_1_STBY_PWRMGR_DSM_REG &= (uint8)~ADC_DelSig_1_STBY_PWR_DSM_EN;
 1232              		.loc 1 398 0
 1233 006e 1033     		adds	r3, r3, #16
 1234 0070 1A78     		ldrb	r2, [r3]	@ zero_extendqisi2
 1235 0072 02F0FE02 		and	r2, r2, #254
 1236 0076 1A70     		strb	r2, [r3]
 399:Generated_Source\PSoC5/ADC_DelSig_1.c **** 
 1237              		.loc 1 399 0
 1238 0078 1A78     		ldrb	r2, [r3]	@ zero_extendqisi2
 1239 007a 02F0EF02 		and	r2, r2, #239
ARM GAS  C:\Users\elias\AppData\Local\Temp\ccZ9bC31.s 			page 57


 1240 007e 1A70     		strb	r2, [r3]
 402:Generated_Source\PSoC5/ADC_DelSig_1.c **** 
 1241              		.loc 1 402 0
 1242 0080 174A     		ldr	r2, .L48+16
 1243 0082 1378     		ldrb	r3, [r2]	@ zero_extendqisi2
 1244 0084 03F0F903 		and	r3, r3, #249
 1245 0088 1370     		strb	r3, [r2]
 406:Generated_Source\PSoC5/ADC_DelSig_1.c ****         ADC_DelSig_1_STBY_PWRMGR_CLK_REG &= (uint8)~ADC_DelSig_1_STBY_PWR_CLK_EN;
 1246              		.loc 1 406 0
 1247 008a A2F5A652 		sub	r2, r2, #5312
 1248 008e 163A     		subs	r2, r2, #22
 1249 0090 1378     		ldrb	r3, [r2]	@ zero_extendqisi2
 1250 0092 03F0FE03 		and	r3, r3, #254
 1251 0096 1370     		strb	r3, [r2]
 407:Generated_Source\PSoC5/ADC_DelSig_1.c ****     #endif /* ADC_DelSig_1_DEFAULT_INTERNAL_CLK */
 1252              		.loc 1 407 0
 1253 0098 1032     		adds	r2, r2, #16
 1254 009a 1378     		ldrb	r3, [r2]	@ zero_extendqisi2
 1255 009c 03F0FE03 		and	r3, r3, #254
 1256 00a0 1370     		strb	r3, [r2]
 411:Generated_Source\PSoC5/ADC_DelSig_1.c ****     /* Disable power to charge pump clock */
 1257              		.loc 1 411 0
 1258 00a2 02F5A652 		add	r2, r2, #5312
 1259 00a6 1132     		adds	r2, r2, #17
 1260 00a8 1378     		ldrb	r3, [r2]	@ zero_extendqisi2
 1261 00aa 03F0F703 		and	r3, r3, #247
 1262 00ae 1370     		strb	r3, [r2]
 413:Generated_Source\PSoC5/ADC_DelSig_1.c ****     ADC_DelSig_1_STBY_PWRMGR_CHARGE_PUMP_CLK_REG &= (uint8)~ADC_DelSig_1_STBY_PWR_CHARGE_PUMP_CLK_E
 1263              		.loc 1 413 0
 1264 00b0 A2F5A752 		sub	r2, r2, #5344
 1265 00b4 1378     		ldrb	r3, [r2]	@ zero_extendqisi2
 1266 00b6 03F0FE03 		and	r3, r3, #254
 1267 00ba 1370     		strb	r3, [r2]
 414:Generated_Source\PSoC5/ADC_DelSig_1.c ****     
 1268              		.loc 1 414 0
 1269 00bc 1032     		adds	r2, r2, #16
 1270 00be 1378     		ldrb	r3, [r2]	@ zero_extendqisi2
 1271 00c0 03F0FE03 		and	r3, r3, #254
 1272 00c4 1370     		strb	r3, [r2]
 416:Generated_Source\PSoC5/ADC_DelSig_1.c **** }
 1273              		.loc 1 416 0
 1274 00c6 3046     		mov	r0, r6
 1275 00c8 FFF7FEFF 		bl	CyExitCriticalSection
 1276              	.LVL78:
 1277 00cc 70BD     		pop	{r4, r5, r6, pc}
 1278              	.LVL79:
 1279              	.L49:
 1280 00ce 00BF     		.align	2
 1281              	.L48:
 1282 00d0 004E0040 		.word	1073761792
 1283 00d4 F8460040 		.word	1073759992
 1284 00d8 F9460040 		.word	1073759993
 1285 00dc AA430040 		.word	1073759146
 1286 00e0 77580040 		.word	1073764471
 1287              		.cfi_endproc
 1288              	.LFE3:
 1289              		.size	ADC_DelSig_1_Stop, .-ADC_DelSig_1_Stop
ARM GAS  C:\Users\elias\AppData\Local\Temp\ccZ9bC31.s 			page 58


 1290              		.section	.text.ADC_DelSig_1_SetBufferGain,"ax",%progbits
 1291              		.align	2
 1292              		.global	ADC_DelSig_1_SetBufferGain
 1293              		.thumb
 1294              		.thumb_func
 1295              		.type	ADC_DelSig_1_SetBufferGain, %function
 1296              	ADC_DelSig_1_SetBufferGain:
 1297              	.LFB4:
 435:Generated_Source\PSoC5/ADC_DelSig_1.c ****     uint8 tmpReg;
 1298              		.loc 1 435 0
 1299              		.cfi_startproc
 1300              		@ args = 0, pretend = 0, frame = 0
 1301              		@ frame_needed = 0, uses_anonymous_args = 0
 1302              		@ link register save eliminated.
 1303              	.LVL80:
 437:Generated_Source\PSoC5/ADC_DelSig_1.c ****     tmpReg |= (uint8)(gain << ADC_DelSig_1_DSM_GAIN_SHIFT) & ADC_DelSig_1_DSM_GAIN_MASK;
 1304              		.loc 1 437 0
 1305 0000 044A     		ldr	r2, .L51
 1306 0002 1378     		ldrb	r3, [r2]	@ zero_extendqisi2
 1307 0004 03F0F303 		and	r3, r3, #243
 1308              	.LVL81:
 438:Generated_Source\PSoC5/ADC_DelSig_1.c ****     ADC_DelSig_1_DSM_BUF1_REG = tmpReg;
 1309              		.loc 1 438 0
 1310 0008 8000     		lsls	r0, r0, #2
 1311              	.LVL82:
 1312 000a 00F00C00 		and	r0, r0, #12
 1313 000e 1843     		orrs	r0, r0, r3
 1314              	.LVL83:
 439:Generated_Source\PSoC5/ADC_DelSig_1.c **** }
 1315              		.loc 1 439 0
 1316 0010 1070     		strb	r0, [r2]
 1317 0012 7047     		bx	lr
 1318              	.L52:
 1319              		.align	2
 1320              	.L51:
 1321 0014 9B580040 		.word	1073764507
 1322              		.cfi_endproc
 1323              	.LFE4:
 1324              		.size	ADC_DelSig_1_SetBufferGain, .-ADC_DelSig_1_SetBufferGain
 1325              		.section	.text.ADC_DelSig_1_SetCoherency,"ax",%progbits
 1326              		.align	2
 1327              		.global	ADC_DelSig_1_SetCoherency
 1328              		.thumb
 1329              		.thumb_func
 1330              		.type	ADC_DelSig_1_SetCoherency, %function
 1331              	ADC_DelSig_1_SetCoherency:
 1332              	.LFB5:
 471:Generated_Source\PSoC5/ADC_DelSig_1.c ****     uint8 tmpReg;
 1333              		.loc 1 471 0
 1334              		.cfi_startproc
 1335              		@ args = 0, pretend = 0, frame = 0
 1336              		@ frame_needed = 0, uses_anonymous_args = 0
 1337              		@ link register save eliminated.
 1338              	.LVL84:
 474:Generated_Source\PSoC5/ADC_DelSig_1.c ****     tmpReg |= coherency & ADC_DelSig_1_DEC_SAMP_KEY_MASK;
 1339              		.loc 1 474 0
 1340 0000 044A     		ldr	r2, .L54
ARM GAS  C:\Users\elias\AppData\Local\Temp\ccZ9bC31.s 			page 59


 1341 0002 1378     		ldrb	r3, [r2]	@ zero_extendqisi2
 1342 0004 03F0FC03 		and	r3, r3, #252
 1343              	.LVL85:
 475:Generated_Source\PSoC5/ADC_DelSig_1.c ****     ADC_DelSig_1_DEC_COHER_REG = tmpReg;
 1344              		.loc 1 475 0
 1345 0008 00F00300 		and	r0, r0, #3
 1346              	.LVL86:
 1347 000c 1843     		orrs	r0, r0, r3
 1348              	.LVL87:
 476:Generated_Source\PSoC5/ADC_DelSig_1.c **** }
 1349              		.loc 1 476 0
 1350 000e 1070     		strb	r0, [r2]
 1351 0010 7047     		bx	lr
 1352              	.L55:
 1353 0012 00BF     		.align	2
 1354              	.L54:
 1355 0014 144E0040 		.word	1073761812
 1356              		.cfi_endproc
 1357              	.LFE5:
 1358              		.size	ADC_DelSig_1_SetCoherency, .-ADC_DelSig_1_SetCoherency
 1359              		.global	__aeabi_ui2f
 1360              		.global	__aeabi_fmul
 1361              		.global	__aeabi_f2d
 1362              		.global	__aeabi_dcmpgt
 1363              		.global	__aeabi_f2uiz
 1364              		.section	.text.ADC_DelSig_1_SetGCOR,"ax",%progbits
 1365              		.align	2
 1366              		.global	ADC_DelSig_1_SetGCOR
 1367              		.thumb
 1368              		.thumb_func
 1369              		.type	ADC_DelSig_1_SetGCOR, %function
 1370              	ADC_DelSig_1_SetGCOR:
 1371              	.LFB6:
 511:Generated_Source\PSoC5/ADC_DelSig_1.c ****     uint16 tmpReg;
 1372              		.loc 1 511 0
 1373              		.cfi_startproc
 1374              		@ args = 0, pretend = 0, frame = 0
 1375              		@ frame_needed = 0, uses_anonymous_args = 0
 1376              	.LVL88:
 1377 0000 10B5     		push	{r4, lr}
 1378              		.cfi_def_cfa_offset 8
 1379              		.cfi_offset 4, -8
 1380              		.cfi_offset 14, -4
 1381 0002 0446     		mov	r4, r0
 516:Generated_Source\PSoC5/ADC_DelSig_1.c ****     tmpValue = ((float32)tmpReg / (float32)ADC_DelSig_1_IDEAL_GAIN_CONST);
 1382              		.loc 1 516 0
 1383 0004 184B     		ldr	r3, .L60+8
 1384 0006 1B78     		ldrb	r3, [r3]	@ zero_extendqisi2
 1385 0008 013B     		subs	r3, r3, #1
 1386              	.LVL89:
 517:Generated_Source\PSoC5/ADC_DelSig_1.c ****     tmpValue = tmpValue * gainAdjust;
 1387              		.loc 1 517 0
 1388 000a 184A     		ldr	r2, .L60+12
 1389 000c 32F82300 		ldrh	r0, [r2, r3, lsl #2]
 1390              	.LVL90:
 1391 0010 FFF7FEFF 		bl	__aeabi_ui2f
 1392              	.LVL91:
ARM GAS  C:\Users\elias\AppData\Local\Temp\ccZ9bC31.s 			page 60


 1393 0014 4FF06051 		mov	r1, #939524096
 1394 0018 FFF7FEFF 		bl	__aeabi_fmul
 1395              	.LVL92:
 518:Generated_Source\PSoC5/ADC_DelSig_1.c **** 
 1396              		.loc 1 518 0
 1397 001c 2146     		mov	r1, r4
 1398 001e FFF7FEFF 		bl	__aeabi_fmul
 1399              	.LVL93:
 1400 0022 0446     		mov	r4, r0
 1401              	.LVL94:
 520:Generated_Source\PSoC5/ADC_DelSig_1.c ****     {
 1402              		.loc 1 520 0
 1403 0024 FFF7FEFF 		bl	__aeabi_f2d
 1404              	.LVL95:
 1405 0028 0DA3     		adr	r3, .L60
 1406 002a D3E90023 		ldrd	r2, [r3]
 1407 002e FFF7FEFF 		bl	__aeabi_dcmpgt
 1408              	.LVL96:
 1409 0032 88B9     		cbnz	r0, .L58
 526:Generated_Source\PSoC5/ADC_DelSig_1.c **** 		tmpReg = (uint16)tmpValue;
 1410              		.loc 1 526 0
 1411 0034 4FF08E41 		mov	r1, #1191182336
 1412 0038 2046     		mov	r0, r4
 1413 003a FFF7FEFF 		bl	__aeabi_fmul
 1414              	.LVL97:
 527:Generated_Source\PSoC5/ADC_DelSig_1.c ****         CY_SET_REG16(ADC_DelSig_1_DEC_GCOR_16B_PTR, tmpReg);
 1415              		.loc 1 527 0
 1416 003e FFF7FEFF 		bl	__aeabi_f2uiz
 1417              	.LVL98:
 1418 0042 80B2     		uxth	r0, r0
 1419              	.LVL99:
 528:Generated_Source\PSoC5/ADC_DelSig_1.c ****         /* Update gain array to be used by SelectConfiguration() API */
 1420              		.loc 1 528 0
 1421 0044 0A4B     		ldr	r3, .L60+16
 1422 0046 1880     		strh	r0, [r3]	@ movhi
 530:Generated_Source\PSoC5/ADC_DelSig_1.c **** 
 1423              		.loc 1 530 0
 1424 0048 074B     		ldr	r3, .L60+8
 1425 004a 1B78     		ldrb	r3, [r3]	@ zero_extendqisi2
 1426 004c 013B     		subs	r3, r3, #1
 1427 004e 074A     		ldr	r2, .L60+12
 1428 0050 22F82300 		strh	r0, [r2, r3, lsl #2]	@ movhi
 1429              	.LVL100:
 532:Generated_Source\PSoC5/ADC_DelSig_1.c **** 
 1430              		.loc 1 532 0
 1431 0054 0020     		movs	r0, #0
 1432              	.LVL101:
 1433 0056 10BD     		pop	{r4, pc}
 1434              	.LVL102:
 1435              	.L58:
 522:Generated_Source\PSoC5/ADC_DelSig_1.c ****     }
 1436              		.loc 1 522 0
 1437 0058 0120     		movs	r0, #1
 1438              	.LVL103:
 536:Generated_Source\PSoC5/ADC_DelSig_1.c **** 
 1439              		.loc 1 536 0
 1440 005a 10BD     		pop	{r4, pc}
ARM GAS  C:\Users\elias\AppData\Local\Temp\ccZ9bC31.s 			page 61


 1441              	.LVL104:
 1442              	.L61:
 1443 005c AFF30080 		.align	3
 1444              	.L60:
 1445 0060 8F537424 		.word	611603343
 1446 0064 97FFFF3F 		.word	1073741719
 1447 0068 00000000 		.word	.LANCHOR1
 1448 006c 00000000 		.word	.LANCHOR0
 1449 0070 0C4E0040 		.word	1073761804
 1450              		.cfi_endproc
 1451              	.LFE6:
 1452              		.size	ADC_DelSig_1_SetGCOR, .-ADC_DelSig_1_SetGCOR
 1453              		.section	.text.ADC_DelSig_1_ReadGCOR,"ax",%progbits
 1454              		.align	2
 1455              		.global	ADC_DelSig_1_ReadGCOR
 1456              		.thumb
 1457              		.thumb_func
 1458              		.type	ADC_DelSig_1_ReadGCOR, %function
 1459              	ADC_DelSig_1_ReadGCOR:
 1460              	.LFB7:
 558:Generated_Source\PSoC5/ADC_DelSig_1.c ****     uint8 gValue;
 1461              		.loc 1 558 0
 1462              		.cfi_startproc
 1463              		@ args = 0, pretend = 0, frame = 0
 1464              		@ frame_needed = 0, uses_anonymous_args = 0
 1465              		@ link register save eliminated.
 562:Generated_Source\PSoC5/ADC_DelSig_1.c ****     gcorValue = CY_GET_REG16(ADC_DelSig_1_DEC_GCOR_16B_PTR);
 1466              		.loc 1 562 0
 1467 0000 064B     		ldr	r3, .L64
 1468 0002 1B78     		ldrb	r3, [r3]	@ zero_extendqisi2
 1469 0004 DBB2     		uxtb	r3, r3
 1470              	.LVL105:
 563:Generated_Source\PSoC5/ADC_DelSig_1.c **** 
 1471              		.loc 1 563 0
 1472 0006 064A     		ldr	r2, .L64+4
 1473 0008 1088     		ldrh	r0, [r2]
 1474 000a 80B2     		uxth	r0, r0
 1475              	.LVL106:
 565:Generated_Source\PSoC5/ADC_DelSig_1.c ****     {
 1476              		.loc 1 565 0
 1477 000c 0E2B     		cmp	r3, #14
 1478 000e 03D8     		bhi	.L63
 567:Generated_Source\PSoC5/ADC_DelSig_1.c ****     }
 1479              		.loc 1 567 0
 1480 0010 C3F10F03 		rsb	r3, r3, #15
 1481              	.LVL107:
 1482 0014 9840     		lsls	r0, r0, r3
 1483              	.LVL108:
 1484 0016 80B2     		uxth	r0, r0
 1485              	.LVL109:
 1486              	.L63:
 571:Generated_Source\PSoC5/ADC_DelSig_1.c **** 
 1487              		.loc 1 571 0
 1488 0018 7047     		bx	lr
 1489              	.L65:
 1490 001a 00BF     		.align	2
 1491              	.L64:
ARM GAS  C:\Users\elias\AppData\Local\Temp\ccZ9bC31.s 			page 62


 1492 001c 0E4E0040 		.word	1073761806
 1493 0020 0C4E0040 		.word	1073761804
 1494              		.cfi_endproc
 1495              	.LFE7:
 1496              		.size	ADC_DelSig_1_ReadGCOR, .-ADC_DelSig_1_ReadGCOR
 1497              		.section	.text.ADC_DelSig_1_StartConvert,"ax",%progbits
 1498              		.align	2
 1499              		.global	ADC_DelSig_1_StartConvert
 1500              		.thumb
 1501              		.thumb_func
 1502              		.type	ADC_DelSig_1_StartConvert, %function
 1503              	ADC_DelSig_1_StartConvert:
 1504              	.LFB8:
 592:Generated_Source\PSoC5/ADC_DelSig_1.c ****     /* Start the conversion */
 1505              		.loc 1 592 0
 1506              		.cfi_startproc
 1507              		@ args = 0, pretend = 0, frame = 0
 1508              		@ frame_needed = 0, uses_anonymous_args = 0
 1509              		@ link register save eliminated.
 594:Generated_Source\PSoC5/ADC_DelSig_1.c **** }
 1510              		.loc 1 594 0
 1511 0000 024A     		ldr	r2, .L67
 1512 0002 1378     		ldrb	r3, [r2]	@ zero_extendqisi2
 1513 0004 43F00103 		orr	r3, r3, #1
 1514 0008 1370     		strb	r3, [r2]
 1515 000a 7047     		bx	lr
 1516              	.L68:
 1517              		.align	2
 1518              	.L67:
 1519 000c 004E0040 		.word	1073761792
 1520              		.cfi_endproc
 1521              	.LFE8:
 1522              		.size	ADC_DelSig_1_StartConvert, .-ADC_DelSig_1_StartConvert
 1523              		.section	.text.ADC_DelSig_1_StopConvert,"ax",%progbits
 1524              		.align	2
 1525              		.global	ADC_DelSig_1_StopConvert
 1526              		.thumb
 1527              		.thumb_func
 1528              		.type	ADC_DelSig_1_StopConvert, %function
 1529              	ADC_DelSig_1_StopConvert:
 1530              	.LFB9:
 615:Generated_Source\PSoC5/ADC_DelSig_1.c ****     /* Stop all conversions */
 1531              		.loc 1 615 0
 1532              		.cfi_startproc
 1533              		@ args = 0, pretend = 0, frame = 0
 1534              		@ frame_needed = 0, uses_anonymous_args = 0
 1535              		@ link register save eliminated.
 617:Generated_Source\PSoC5/ADC_DelSig_1.c **** }
 1536              		.loc 1 617 0
 1537 0000 024A     		ldr	r2, .L70
 1538 0002 1378     		ldrb	r3, [r2]	@ zero_extendqisi2
 1539 0004 03F0FE03 		and	r3, r3, #254
 1540 0008 1370     		strb	r3, [r2]
 1541 000a 7047     		bx	lr
 1542              	.L71:
 1543              		.align	2
 1544              	.L70:
ARM GAS  C:\Users\elias\AppData\Local\Temp\ccZ9bC31.s 			page 63


 1545 000c 004E0040 		.word	1073761792
 1546              		.cfi_endproc
 1547              	.LFE9:
 1548              		.size	ADC_DelSig_1_StopConvert, .-ADC_DelSig_1_StopConvert
 1549              		.section	.text.ADC_DelSig_1_IsEndConversion,"ax",%progbits
 1550              		.align	2
 1551              		.global	ADC_DelSig_1_IsEndConversion
 1552              		.thumb
 1553              		.thumb_func
 1554              		.type	ADC_DelSig_1_IsEndConversion, %function
 1555              	ADC_DelSig_1_IsEndConversion:
 1556              	.LFB10:
 650:Generated_Source\PSoC5/ADC_DelSig_1.c ****     uint8 status;
 1557              		.loc 1 650 0
 1558              		.cfi_startproc
 1559              		@ args = 0, pretend = 0, frame = 0
 1560              		@ frame_needed = 0, uses_anonymous_args = 0
 1561              		@ link register save eliminated.
 1562              	.LVL110:
 1563              	.L76:
 658:Generated_Source\PSoC5/ADC_DelSig_1.c ****         {
 1564              		.loc 1 658 0
 1565 0000 094B     		ldr	r3, .L77
 1566 0002 1B7C     		ldrb	r3, [r3, #16]	@ zero_extendqisi2
 1567 0004 13F0FF0F 		tst	r3, #255
 1568 0008 03D0     		beq	.L73
 660:Generated_Source\PSoC5/ADC_DelSig_1.c ****         }
 1569              		.loc 1 660 0
 1570 000a 074B     		ldr	r3, .L77
 1571 000c 5B7C     		ldrb	r3, [r3, #17]	@ zero_extendqisi2
 1572 000e DBB2     		uxtb	r3, r3
 1573              	.LVL111:
 1574 0010 03E0     		b	.L74
 1575              	.LVL112:
 1576              	.L73:
 664:Generated_Source\PSoC5/ADC_DelSig_1.c ****         }
 1577              		.loc 1 664 0
 1578 0012 064B     		ldr	r3, .L77+4
 1579 0014 1B78     		ldrb	r3, [r3]	@ zero_extendqisi2
 1580 0016 03F00103 		and	r3, r3, #1
 1581              	.LVL113:
 1582              	.L74:
 666:Generated_Source\PSoC5/ADC_DelSig_1.c **** 
 1583              		.loc 1 666 0
 1584 001a 012B     		cmp	r3, #1
 1585 001c 01D0     		beq	.L75
 666:Generated_Source\PSoC5/ADC_DelSig_1.c **** 
 1586              		.loc 1 666 0 is_stmt 0 discriminator 1
 1587 001e 0028     		cmp	r0, #0
 1588 0020 EED0     		beq	.L76
 1589              	.L75:
 669:Generated_Source\PSoC5/ADC_DelSig_1.c **** 
 1590              		.loc 1 669 0 is_stmt 1
 1591 0022 1846     		mov	r0, r3
 1592              	.LVL114:
 1593 0024 7047     		bx	lr
 1594              	.L78:
ARM GAS  C:\Users\elias\AppData\Local\Temp\ccZ9bC31.s 			page 64


 1595 0026 00BF     		.align	2
 1596              	.L77:
 1597 0028 00000000 		.word	.LANCHOR0
 1598 002c 014E0040 		.word	1073761793
 1599              		.cfi_endproc
 1600              	.LFE10:
 1601              		.size	ADC_DelSig_1_IsEndConversion, .-ADC_DelSig_1_IsEndConversion
 1602              		.section	.text.ADC_DelSig_1_GetResult8,"ax",%progbits
 1603              		.align	2
 1604              		.global	ADC_DelSig_1_GetResult8
 1605              		.thumb
 1606              		.thumb_func
 1607              		.type	ADC_DelSig_1_GetResult8, %function
 1608              	ADC_DelSig_1_GetResult8:
 1609              	.LFB11:
 697:Generated_Source\PSoC5/ADC_DelSig_1.c ****     int8 result;
 1610              		.loc 1 697 0
 1611              		.cfi_startproc
 1612              		@ args = 0, pretend = 0, frame = 0
 1613              		@ frame_needed = 0, uses_anonymous_args = 0
 1614              		@ link register save eliminated.
 702:Generated_Source\PSoC5/ADC_DelSig_1.c **** 
 1615              		.loc 1 702 0
 1616 0000 0C4B     		ldr	r3, .L83
 1617 0002 1B78     		ldrb	r3, [r3]	@ zero_extendqisi2
 1618 0004 03F00303 		and	r3, r3, #3
 1619              	.LVL115:
 704:Generated_Source\PSoC5/ADC_DelSig_1.c **** 
 1620              		.loc 1 704 0
 1621 0008 0B4A     		ldr	r2, .L83+4
 1622 000a 1078     		ldrb	r0, [r2]	@ zero_extendqisi2
 1623 000c 40B2     		sxtb	r0, r0
 1624              	.LVL116:
 706:Generated_Source\PSoC5/ADC_DelSig_1.c ****     {   /* Dummy read of the middle byte to unlock the coherency */
 1625              		.loc 1 706 0
 1626 000e 022B     		cmp	r3, #2
 1627 0010 02D1     		bne	.L80
 708:Generated_Source\PSoC5/ADC_DelSig_1.c ****     }
 1628              		.loc 1 708 0
 1629 0012 0A4B     		ldr	r3, .L83+8
 1630              	.LVL117:
 1631 0014 1B78     		ldrb	r3, [r3]	@ zero_extendqisi2
 1632 0016 03E0     		b	.L81
 1633              	.LVL118:
 1634              	.L80:
 710:Generated_Source\PSoC5/ADC_DelSig_1.c ****     {   /* Dummy read of the MSB byte to unlock the coherency */
 1635              		.loc 1 710 0
 1636 0018 032B     		cmp	r3, #3
 1637 001a 01D1     		bne	.L81
 712:Generated_Source\PSoC5/ADC_DelSig_1.c ****     }
 1638              		.loc 1 712 0
 1639 001c 084B     		ldr	r3, .L83+12
 1640              	.LVL119:
 1641 001e 1B78     		ldrb	r3, [r3]	@ zero_extendqisi2
 1642              	.L81:
 718:Generated_Source\PSoC5/ADC_DelSig_1.c ****     {
 1643              		.loc 1 718 0
ARM GAS  C:\Users\elias\AppData\Local\Temp\ccZ9bC31.s 			page 65


 1644 0020 084B     		ldr	r3, .L83+16
 1645 0022 1B7C     		ldrb	r3, [r3, #16]	@ zero_extendqisi2
 1646 0024 13F0FF0F 		tst	r3, #255
 1647 0028 02D0     		beq	.L82
 720:Generated_Source\PSoC5/ADC_DelSig_1.c ****     }
 1648              		.loc 1 720 0
 1649 002a 0022     		movs	r2, #0
 1650 002c 054B     		ldr	r3, .L83+16
 1651 002e 5A74     		strb	r2, [r3, #17]
 1652              	.L82:
 723:Generated_Source\PSoC5/ADC_DelSig_1.c **** 
 1653              		.loc 1 723 0
 1654 0030 7047     		bx	lr
 1655              	.L84:
 1656 0032 00BF     		.align	2
 1657              	.L83:
 1658 0034 144E0040 		.word	1073761812
 1659 0038 104E0040 		.word	1073761808
 1660 003c 114E0040 		.word	1073761809
 1661 0040 124E0040 		.word	1073761810
 1662 0044 00000000 		.word	.LANCHOR0
 1663              		.cfi_endproc
 1664              	.LFE11:
 1665              		.size	ADC_DelSig_1_GetResult8, .-ADC_DelSig_1_GetResult8
 1666              		.section	.text.ADC_DelSig_1_GetResult16,"ax",%progbits
 1667              		.align	2
 1668              		.global	ADC_DelSig_1_GetResult16
 1669              		.thumb
 1670              		.thumb_func
 1671              		.type	ADC_DelSig_1_GetResult16, %function
 1672              	ADC_DelSig_1_GetResult16:
 1673              	.LFB12:
 751:Generated_Source\PSoC5/ADC_DelSig_1.c ****     uint16 result;
 1674              		.loc 1 751 0
 1675              		.cfi_startproc
 1676              		@ args = 0, pretend = 0, frame = 0
 1677              		@ frame_needed = 0, uses_anonymous_args = 0
 1678              		@ link register save eliminated.
 756:Generated_Source\PSoC5/ADC_DelSig_1.c **** 
 1679              		.loc 1 756 0
 1680 0000 0E4B     		ldr	r3, .L89
 1681 0002 1B78     		ldrb	r3, [r3]	@ zero_extendqisi2
 1682 0004 03F00303 		and	r3, r3, #3
 1683              	.LVL120:
 758:Generated_Source\PSoC5/ADC_DelSig_1.c ****     {   /*  Use default method to read result registers i.e. LSB byte read at the end*/
 1684              		.loc 1 758 0
 1685 0008 012B     		cmp	r3, #1
 1686 000a 03D8     		bhi	.L86
 764:Generated_Source\PSoC5/ADC_DelSig_1.c ****         #endif /* CY_PSOC3 */
 1687              		.loc 1 764 0
 1688 000c 0C4B     		ldr	r3, .L89+4
 1689              	.LVL121:
 1690 000e 1888     		ldrh	r0, [r3]
 1691 0010 80B2     		uxth	r0, r0
 1692              	.LVL122:
 1693 0012 09E0     		b	.L87
 1694              	.LVL123:
ARM GAS  C:\Users\elias\AppData\Local\Temp\ccZ9bC31.s 			page 66


 1695              	.L86:
 772:Generated_Source\PSoC5/ADC_DelSig_1.c ****             result |=  (uint16)((uint16)ADC_DelSig_1_DEC_SAMPM_REG << 8u);
 1696              		.loc 1 772 0
 1697 0014 0A4A     		ldr	r2, .L89+4
 1698 0016 1278     		ldrb	r2, [r2]	@ zero_extendqisi2
 1699              	.LVL124:
 773:Generated_Source\PSoC5/ADC_DelSig_1.c ****         #endif /* CY_PSOC3 */
 1700              		.loc 1 773 0
 1701 0018 0A49     		ldr	r1, .L89+8
 1702 001a 0878     		ldrb	r0, [r1]	@ zero_extendqisi2
 1703 001c 42EA0020 		orr	r0, r2, r0, lsl #8
 1704              	.LVL125:
 775:Generated_Source\PSoC5/ADC_DelSig_1.c ****         {   /* Dummy read of the MSB byte to unlock the coherency */
 1705              		.loc 1 775 0
 1706 0020 032B     		cmp	r3, #3
 1707 0022 01D1     		bne	.L87
 777:Generated_Source\PSoC5/ADC_DelSig_1.c ****         }
 1708              		.loc 1 777 0
 1709 0024 084B     		ldr	r3, .L89+12
 1710              	.LVL126:
 1711 0026 1B78     		ldrb	r3, [r3]	@ zero_extendqisi2
 1712              	.L87:
 781:Generated_Source\PSoC5/ADC_DelSig_1.c ****     {
 1713              		.loc 1 781 0
 1714 0028 084B     		ldr	r3, .L89+16
 1715 002a 1B7C     		ldrb	r3, [r3, #16]	@ zero_extendqisi2
 1716 002c 13F0FF0F 		tst	r3, #255
 1717 0030 02D0     		beq	.L88
 783:Generated_Source\PSoC5/ADC_DelSig_1.c ****     }
 1718              		.loc 1 783 0
 1719 0032 0022     		movs	r2, #0
 1720 0034 054B     		ldr	r3, .L89+16
 1721 0036 5A74     		strb	r2, [r3, #17]
 1722              	.L88:
 787:Generated_Source\PSoC5/ADC_DelSig_1.c **** 
 1723              		.loc 1 787 0
 1724 0038 00B2     		sxth	r0, r0
 1725 003a 7047     		bx	lr
 1726              	.L90:
 1727              		.align	2
 1728              	.L89:
 1729 003c 144E0040 		.word	1073761812
 1730 0040 104E0040 		.word	1073761808
 1731 0044 114E0040 		.word	1073761809
 1732 0048 124E0040 		.word	1073761810
 1733 004c 00000000 		.word	.LANCHOR0
 1734              		.cfi_endproc
 1735              	.LFE12:
 1736              		.size	ADC_DelSig_1_GetResult16, .-ADC_DelSig_1_GetResult16
 1737              		.section	.text.ADC_DelSig_1_GetResult32,"ax",%progbits
 1738              		.align	2
 1739              		.global	ADC_DelSig_1_GetResult32
 1740              		.thumb
 1741              		.thumb_func
 1742              		.type	ADC_DelSig_1_GetResult32, %function
 1743              	ADC_DelSig_1_GetResult32:
 1744              	.LFB13:
ARM GAS  C:\Users\elias\AppData\Local\Temp\ccZ9bC31.s 			page 67


 811:Generated_Source\PSoC5/ADC_DelSig_1.c ****     uint32 result;
 1745              		.loc 1 811 0
 1746              		.cfi_startproc
 1747              		@ args = 0, pretend = 0, frame = 0
 1748              		@ frame_needed = 0, uses_anonymous_args = 0
 1749              		@ link register save eliminated.
 819:Generated_Source\PSoC5/ADC_DelSig_1.c **** 
 1750              		.loc 1 819 0
 1751 0000 154B     		ldr	r3, .L96
 1752 0002 1B78     		ldrb	r3, [r3]	@ zero_extendqisi2
 1753 0004 03F00303 		and	r3, r3, #3
 1754              	.LVL127:
 821:Generated_Source\PSoC5/ADC_DelSig_1.c ****     {   /*  Use default method to read result registers i.e. LSB byte read at the end*/
 1755              		.loc 1 821 0
 1756 0008 012B     		cmp	r3, #1
 1757 000a 07D8     		bhi	.L92
 832:Generated_Source\PSoC5/ADC_DelSig_1.c ****             result = (result << 16u) | (CY_GET_REG16(ADC_DelSig_1_DEC_SAMP_16B_PTR));
 1758              		.loc 1 832 0
 1759 000c 134B     		ldr	r3, .L96+4
 1760              	.LVL128:
 1761 000e 1888     		ldrh	r0, [r3]
 1762              	.LVL129:
 833:Generated_Source\PSoC5/ADC_DelSig_1.c ****         #endif /* CY_PSOC3 */
 1763              		.loc 1 833 0
 1764 0010 023B     		subs	r3, r3, #2
 1765 0012 1B88     		ldrh	r3, [r3]
 1766 0014 9BB2     		uxth	r3, r3
 1767 0016 43EA0040 		orr	r0, r3, r0, lsl #16
 1768              	.LVL130:
 1769 001a 13E0     		b	.L93
 1770              	.LVL131:
 1771              	.L92:
 836:Generated_Source\PSoC5/ADC_DelSig_1.c ****     {   /* Read middle byte at the end */
 1772              		.loc 1 836 0
 1773 001c 022B     		cmp	r3, #2
 1774 001e 0AD1     		bne	.L94
 846:Generated_Source\PSoC5/ADC_DelSig_1.c ****             result = (result << 16u) | ADC_DelSig_1_DEC_SAMP_REG;
 1775              		.loc 1 846 0
 1776 0020 0E4B     		ldr	r3, .L96+4
 1777              	.LVL132:
 1778 0022 1888     		ldrh	r0, [r3]
 1779              	.LVL133:
 847:Generated_Source\PSoC5/ADC_DelSig_1.c ****             result |=  (uint32)((uint32)ADC_DelSig_1_DEC_SAMPM_REG << 8u);
 1780              		.loc 1 847 0
 1781 0024 023B     		subs	r3, r3, #2
 1782 0026 1B78     		ldrb	r3, [r3]	@ zero_extendqisi2
 1783 0028 43EA0043 		orr	r3, r3, r0, lsl #16
 1784              	.LVL134:
 848:Generated_Source\PSoC5/ADC_DelSig_1.c ****         #endif /* CY_PSOC3 */
 1785              		.loc 1 848 0
 1786 002c 0C4A     		ldr	r2, .L96+8
 1787 002e 1078     		ldrb	r0, [r2]	@ zero_extendqisi2
 1788 0030 43EA0020 		orr	r0, r3, r0, lsl #8
 1789              	.LVL135:
 1790 0034 06E0     		b	.L93
 1791              	.LVL136:
 1792              	.L94:
ARM GAS  C:\Users\elias\AppData\Local\Temp\ccZ9bC31.s 			page 68


 863:Generated_Source\PSoC5/ADC_DelSig_1.c ****             result |= (uint32)((uint32)CY_GET_REG16(ADC_DelSig_1_DEC_SAMPH_16B_PTR) << 16u);
 1793              		.loc 1 863 0
 1794 0036 0B4B     		ldr	r3, .L96+12
 1795              	.LVL137:
 1796 0038 1888     		ldrh	r0, [r3]
 1797 003a 83B2     		uxth	r3, r0
 1798              	.LVL138:
 864:Generated_Source\PSoC5/ADC_DelSig_1.c ****         #endif /* CY_PSOC3 */
 1799              		.loc 1 864 0
 1800 003c 074A     		ldr	r2, .L96+4
 1801 003e 1088     		ldrh	r0, [r2]
 1802 0040 43EA0040 		orr	r0, r3, r0, lsl #16
 1803              	.LVL139:
 1804              	.L93:
 868:Generated_Source\PSoC5/ADC_DelSig_1.c ****     {
 1805              		.loc 1 868 0
 1806 0044 084B     		ldr	r3, .L96+16
 1807 0046 1B7C     		ldrb	r3, [r3, #16]	@ zero_extendqisi2
 1808 0048 13F0FF0F 		tst	r3, #255
 1809 004c 02D0     		beq	.L95
 870:Generated_Source\PSoC5/ADC_DelSig_1.c ****     }
 1810              		.loc 1 870 0
 1811 004e 0022     		movs	r2, #0
 1812 0050 054B     		ldr	r3, .L96+16
 1813 0052 5A74     		strb	r2, [r3, #17]
 1814              	.L95:
 874:Generated_Source\PSoC5/ADC_DelSig_1.c **** 
 1815              		.loc 1 874 0
 1816 0054 7047     		bx	lr
 1817              	.L97:
 1818 0056 00BF     		.align	2
 1819              	.L96:
 1820 0058 144E0040 		.word	1073761812
 1821 005c 124E0040 		.word	1073761810
 1822 0060 114E0040 		.word	1073761809
 1823 0064 104E0040 		.word	1073761808
 1824 0068 00000000 		.word	.LANCHOR0
 1825              		.cfi_endproc
 1826              	.LFE13:
 1827              		.size	ADC_DelSig_1_GetResult32, .-ADC_DelSig_1_GetResult32
 1828              		.section	.text.ADC_DelSig_1_SetOffset,"ax",%progbits
 1829              		.align	2
 1830              		.global	ADC_DelSig_1_SetOffset
 1831              		.thumb
 1832              		.thumb_func
 1833              		.type	ADC_DelSig_1_SetOffset, %function
 1834              	ADC_DelSig_1_SetOffset:
 1835              	.LFB14:
 904:Generated_Source\PSoC5/ADC_DelSig_1.c **** 
 1836              		.loc 1 904 0
 1837              		.cfi_startproc
 1838              		@ args = 0, pretend = 0, frame = 0
 1839              		@ frame_needed = 0, uses_anonymous_args = 0
 1840              		@ link register save eliminated.
 1841              	.LVL140:
 906:Generated_Source\PSoC5/ADC_DelSig_1.c **** }
 1842              		.loc 1 906 0
ARM GAS  C:\Users\elias\AppData\Local\Temp\ccZ9bC31.s 			page 69


 1843 0000 014B     		ldr	r3, .L99
 1844 0002 5861     		str	r0, [r3, #20]
 1845 0004 7047     		bx	lr
 1846              	.L100:
 1847 0006 00BF     		.align	2
 1848              	.L99:
 1849 0008 00000000 		.word	.LANCHOR0
 1850              		.cfi_endproc
 1851              	.LFE14:
 1852              		.size	ADC_DelSig_1_SetOffset, .-ADC_DelSig_1_SetOffset
 1853              		.section	.text.ADC_DelSig_1_SetGain,"ax",%progbits
 1854              		.align	2
 1855              		.global	ADC_DelSig_1_SetGain
 1856              		.thumb
 1857              		.thumb_func
 1858              		.type	ADC_DelSig_1_SetGain, %function
 1859              	ADC_DelSig_1_SetGain:
 1860              	.LFB15:
 939:Generated_Source\PSoC5/ADC_DelSig_1.c ****     ADC_DelSig_1_CountsPerVolt = adcGain;
 1861              		.loc 1 939 0
 1862              		.cfi_startproc
 1863              		@ args = 0, pretend = 0, frame = 0
 1864              		@ frame_needed = 0, uses_anonymous_args = 0
 1865              		@ link register save eliminated.
 1866              	.LVL141:
 940:Generated_Source\PSoC5/ADC_DelSig_1.c **** }
 1867              		.loc 1 940 0
 1868 0000 014B     		ldr	r3, .L102
 1869 0002 1860     		str	r0, [r3]
 1870 0004 7047     		bx	lr
 1871              	.L103:
 1872 0006 00BF     		.align	2
 1873              	.L102:
 1874 0008 00000000 		.word	ADC_DelSig_1_CountsPerVolt
 1875              		.cfi_endproc
 1876              	.LFE15:
 1877              		.size	ADC_DelSig_1_SetGain, .-ADC_DelSig_1_SetGain
 1878              		.section	.text.ADC_DelSig_1_CountsTo_mVolts,"ax",%progbits
 1879              		.align	2
 1880              		.global	ADC_DelSig_1_CountsTo_mVolts
 1881              		.thumb
 1882              		.thumb_func
 1883              		.type	ADC_DelSig_1_CountsTo_mVolts, %function
 1884              	ADC_DelSig_1_CountsTo_mVolts:
 1885              	.LFB16:
 966:Generated_Source\PSoC5/ADC_DelSig_1.c **** 
 1886              		.loc 1 966 0
 1887              		.cfi_startproc
 1888              		@ args = 0, pretend = 0, frame = 0
 1889              		@ frame_needed = 0, uses_anonymous_args = 0
 1890              		@ link register save eliminated.
 1891              	.LVL142:
 997:Generated_Source\PSoC5/ADC_DelSig_1.c **** 
 1892              		.loc 1 997 0
 1893 0000 064B     		ldr	r3, .L105
 1894 0002 5B69     		ldr	r3, [r3, #20]
 1895 0004 C01A     		subs	r0, r0, r3
ARM GAS  C:\Users\elias\AppData\Local\Temp\ccZ9bC31.s 			page 70


 1896              	.LVL143:
 999:Generated_Source\PSoC5/ADC_DelSig_1.c **** 
 1897              		.loc 1 999 0
 1898 0006 4FF47A73 		mov	r3, #1000
 1899 000a 03FB00F0 		mul	r0, r3, r0
 1900              	.LVL144:
 1901 000e 044B     		ldr	r3, .L105+4
 1902 0010 1B68     		ldr	r3, [r3]
 1903 0012 90FBF3F0 		sdiv	r0, r0, r3
 1904              	.LVL145:
1002:Generated_Source\PSoC5/ADC_DelSig_1.c **** 
 1905              		.loc 1 1002 0
 1906 0016 00B2     		sxth	r0, r0
 1907 0018 7047     		bx	lr
 1908              	.L106:
 1909 001a 00BF     		.align	2
 1910              	.L105:
 1911 001c 00000000 		.word	.LANCHOR0
 1912 0020 00000000 		.word	ADC_DelSig_1_CountsPerVolt
 1913              		.cfi_endproc
 1914              	.LFE16:
 1915              		.size	ADC_DelSig_1_CountsTo_mVolts, .-ADC_DelSig_1_CountsTo_mVolts
 1916              		.global	__aeabi_i2f
 1917              		.global	__aeabi_fdiv
 1918              		.section	.text.ADC_DelSig_1_CountsTo_Volts,"ax",%progbits
 1919              		.align	2
 1920              		.global	ADC_DelSig_1_CountsTo_Volts
 1921              		.thumb
 1922              		.thumb_func
 1923              		.type	ADC_DelSig_1_CountsTo_Volts, %function
 1924              	ADC_DelSig_1_CountsTo_Volts:
 1925              	.LFB17:
1027:Generated_Source\PSoC5/ADC_DelSig_1.c **** 
 1926              		.loc 1 1027 0
 1927              		.cfi_startproc
 1928              		@ args = 0, pretend = 0, frame = 0
 1929              		@ frame_needed = 0, uses_anonymous_args = 0
 1930              	.LVL146:
 1931 0000 10B5     		push	{r4, lr}
 1932              		.cfi_def_cfa_offset 8
 1933              		.cfi_offset 4, -8
 1934              		.cfi_offset 14, -4
1058:Generated_Source\PSoC5/ADC_DelSig_1.c **** 
 1935              		.loc 1 1058 0
 1936 0002 074B     		ldr	r3, .L109
 1937 0004 5B69     		ldr	r3, [r3, #20]
 1938              	.LVL147:
1060:Generated_Source\PSoC5/ADC_DelSig_1.c **** 
 1939              		.loc 1 1060 0
 1940 0006 C01A     		subs	r0, r0, r3
 1941              	.LVL148:
 1942 0008 FFF7FEFF 		bl	__aeabi_i2f
 1943              	.LVL149:
 1944 000c 0446     		mov	r4, r0
 1945 000e 054B     		ldr	r3, .L109+4
 1946 0010 1868     		ldr	r0, [r3]
 1947 0012 FFF7FEFF 		bl	__aeabi_i2f
ARM GAS  C:\Users\elias\AppData\Local\Temp\ccZ9bC31.s 			page 71


 1948              	.LVL150:
 1949 0016 0146     		mov	r1, r0
 1950 0018 2046     		mov	r0, r4
 1951 001a FFF7FEFF 		bl	__aeabi_fdiv
 1952              	.LVL151:
1063:Generated_Source\PSoC5/ADC_DelSig_1.c **** 
 1953              		.loc 1 1063 0
 1954 001e 10BD     		pop	{r4, pc}
 1955              	.L110:
 1956              		.align	2
 1957              	.L109:
 1958 0020 00000000 		.word	.LANCHOR0
 1959 0024 00000000 		.word	ADC_DelSig_1_CountsPerVolt
 1960              		.cfi_endproc
 1961              	.LFE17:
 1962              		.size	ADC_DelSig_1_CountsTo_Volts, .-ADC_DelSig_1_CountsTo_Volts
 1963              		.section	.text.ADC_DelSig_1_CountsTo_uVolts,"ax",%progbits
 1964              		.align	2
 1965              		.global	ADC_DelSig_1_CountsTo_uVolts
 1966              		.thumb
 1967              		.thumb_func
 1968              		.type	ADC_DelSig_1_CountsTo_uVolts, %function
 1969              	ADC_DelSig_1_CountsTo_uVolts:
 1970              	.LFB18:
1093:Generated_Source\PSoC5/ADC_DelSig_1.c **** 
 1971              		.loc 1 1093 0
 1972              		.cfi_startproc
 1973              		@ args = 0, pretend = 0, frame = 0
 1974              		@ frame_needed = 0, uses_anonymous_args = 0
 1975              		@ link register save eliminated.
 1976              	.LVL152:
 1977 0000 10B4     		push	{r4}
 1978              		.cfi_def_cfa_offset 4
 1979              		.cfi_offset 4, -4
1102:Generated_Source\PSoC5/ADC_DelSig_1.c ****     {
 1980              		.loc 1 1102 0
 1981 0002 184B     		ldr	r3, .L121
 1982 0004 1B78     		ldrb	r3, [r3]	@ zero_extendqisi2
 1983 0006 DBB2     		uxtb	r3, r3
 1984 0008 012B     		cmp	r3, #1
 1985 000a 08D0     		beq	.L116
1109:Generated_Source\PSoC5/ADC_DelSig_1.c ****     {
 1986              		.loc 1 1109 0
 1987 000c 154B     		ldr	r3, .L121
 1988 000e 1B78     		ldrb	r3, [r3]	@ zero_extendqisi2
 1989 0010 DBB2     		uxtb	r3, r3
 1990 0012 022B     		cmp	r3, #2
 1991 0014 05D0     		beq	.L117
1116:Generated_Source\PSoC5/ADC_DelSig_1.c ****     {
 1992              		.loc 1 1116 0
 1993 0016 134B     		ldr	r3, .L121
 1994 0018 1B78     		ldrb	r3, [r3]	@ zero_extendqisi2
1118:Generated_Source\PSoC5/ADC_DelSig_1.c ****         #if(ADC_DelSig_1_CFG3_DEC_DIV != 0)
 1995              		.loc 1 1118 0
 1996 001a 1023     		movs	r3, #16
 1997 001c 02E0     		b	.L112
 1998              	.L116:
ARM GAS  C:\Users\elias\AppData\Local\Temp\ccZ9bC31.s 			page 72


1104:Generated_Source\PSoC5/ADC_DelSig_1.c ****         #if(ADC_DelSig_1_CFG1_DEC_DIV != 0)
 1999              		.loc 1 1104 0
 2000 001e 1123     		movs	r3, #17
 2001 0020 00E0     		b	.L112
 2002              	.L117:
1111:Generated_Source\PSoC5/ADC_DelSig_1.c ****         #if(ADC_DelSig_1_CFG2_DEC_DIV != 0)
 2003              		.loc 1 1111 0
 2004 0022 1023     		movs	r3, #16
 2005              	.L112:
 2006              	.LVL153:
1131:Generated_Source\PSoC5/ADC_DelSig_1.c ****     {
 2007              		.loc 1 1131 0
 2008 0024 102B     		cmp	r3, #16
 2009 0026 02D0     		beq	.L114
 2010 0028 112B     		cmp	r3, #17
 2011 002a 07D0     		beq	.L118
 2012 002c 03E0     		b	.L119
 2013              	.L114:
1175:Generated_Source\PSoC5/ADC_DelSig_1.c ****                 break;
 2014              		.loc 1 1175 0
 2015 002e 2021     		movs	r1, #32
1174:Generated_Source\PSoC5/ADC_DelSig_1.c ****                 coefB = ADC_DelSig_1_DIVISOR_32;
 2016              		.loc 1 1174 0
 2017 0030 47F61224 		movw	r4, #31250
 2018 0034 05E0     		b	.L115
 2019              	.L119:
 2020              	.LVL154:
1217:Generated_Source\PSoC5/ADC_DelSig_1.c ****             break;
 2021              		.loc 1 1217 0
 2022 0036 0121     		movs	r1, #1
1216:Generated_Source\PSoC5/ADC_DelSig_1.c ****             coefB = ADC_DelSig_1_DIVISOR_1;
 2023              		.loc 1 1216 0
 2024 0038 0B4C     		ldr	r4, .L121+4
1218:Generated_Source\PSoC5/ADC_DelSig_1.c ****     }
 2025              		.loc 1 1218 0
 2026 003a 02E0     		b	.L115
 2027              	.LVL155:
 2028              	.L118:
1184:Generated_Source\PSoC5/ADC_DelSig_1.c ****                 break;
 2029              		.loc 1 1184 0
 2030 003c 4021     		movs	r1, #64
1183:Generated_Source\PSoC5/ADC_DelSig_1.c ****                 coefB = ADC_DelSig_1_DIVISOR_64;
 2031              		.loc 1 1183 0
 2032 003e 43F60954 		movw	r4, #15625
 2033              	.L115:
 2034              	.LVL156:
1220:Generated_Source\PSoC5/ADC_DelSig_1.c ****     uVolts = ((coefA * adcCounts) / coefB) - ((coefA * ADC_DelSig_1_Offset) / coefB);
 2035              		.loc 1 1220 0
 2036 0042 0A4B     		ldr	r3, .L121+8
 2037              	.LVL157:
 2038 0044 1B68     		ldr	r3, [r3]
 2039 0046 93FBF1F1 		sdiv	r1, r3, r1
 2040              	.LVL158:
1221:Generated_Source\PSoC5/ADC_DelSig_1.c **** 
 2041              		.loc 1 1221 0
 2042 004a 00FB04F0 		mul	r0, r0, r4
 2043              	.LVL159:
ARM GAS  C:\Users\elias\AppData\Local\Temp\ccZ9bC31.s 			page 73


 2044 004e 90FBF1F3 		sdiv	r3, r0, r1
 2045 0052 074A     		ldr	r2, .L121+12
 2046 0054 5269     		ldr	r2, [r2, #20]
 2047 0056 02FB04F2 		mul	r2, r2, r4
 2048 005a 92FBF1F0 		sdiv	r0, r2, r1
 2049              	.LVL160:
1224:Generated_Source\PSoC5/ADC_DelSig_1.c **** 
 2050              		.loc 1 1224 0
 2051 005e 181A     		subs	r0, r3, r0
 2052              	.LVL161:
 2053 0060 10BC     		pop	{r4}
 2054              		.cfi_restore 4
 2055              		.cfi_def_cfa_offset 0
 2056              	.LVL162:
 2057 0062 7047     		bx	lr
 2058              	.L122:
 2059              		.align	2
 2060              	.L121:
 2061 0064 00000000 		.word	.LANCHOR1
 2062 0068 40420F00 		.word	1000000
 2063 006c 00000000 		.word	ADC_DelSig_1_CountsPerVolt
 2064 0070 00000000 		.word	.LANCHOR0
 2065              		.cfi_endproc
 2066              	.LFE18:
 2067              		.size	ADC_DelSig_1_CountsTo_uVolts, .-ADC_DelSig_1_CountsTo_uVolts
 2068              		.section	.text.ADC_DelSig_1_SelectConfiguration,"ax",%progbits
 2069              		.align	2
 2070              		.global	ADC_DelSig_1_SelectConfiguration
 2071              		.thumb
 2072              		.thumb_func
 2073              		.type	ADC_DelSig_1_SelectConfiguration, %function
 2074              	ADC_DelSig_1_SelectConfiguration:
 2075              	.LFB20:
1562:Generated_Source\PSoC5/ADC_DelSig_1.c ****     /* Check whether the configuration number is valid or not */
 2076              		.loc 1 1562 0
 2077              		.cfi_startproc
 2078              		@ args = 0, pretend = 0, frame = 0
 2079              		@ frame_needed = 0, uses_anonymous_args = 0
 2080              	.LVL163:
 2081 0000 38B5     		push	{r3, r4, r5, lr}
 2082              		.cfi_def_cfa_offset 16
 2083              		.cfi_offset 3, -16
 2084              		.cfi_offset 4, -12
 2085              		.cfi_offset 5, -8
 2086              		.cfi_offset 14, -4
1564:Generated_Source\PSoC5/ADC_DelSig_1.c ****     {
 2087              		.loc 1 1564 0
 2088 0002 431E     		subs	r3, r0, #1
 2089 0004 DBB2     		uxtb	r3, r3
 2090 0006 032B     		cmp	r3, #3
 2091 0008 20D8     		bhi	.L124
 2092 000a 0446     		mov	r4, r0
 2093 000c 0D46     		mov	r5, r1
1569:Generated_Source\PSoC5/ADC_DelSig_1.c ****         {
 2094              		.loc 1 1569 0
 2095 000e 114B     		ldr	r3, .L128
 2096 0010 9B7C     		ldrb	r3, [r3, #18]	@ zero_extendqisi2
ARM GAS  C:\Users\elias\AppData\Local\Temp\ccZ9bC31.s 			page 74


 2097 0012 13B9     		cbnz	r3, .L125
1571:Generated_Source\PSoC5/ADC_DelSig_1.c ****         }
 2098              		.loc 1 1571 0
 2099 0014 0122     		movs	r2, #1
 2100 0016 0F4B     		ldr	r3, .L128
 2101 0018 DA74     		strb	r2, [r3, #19]
 2102              	.L125:
1575:Generated_Source\PSoC5/ADC_DelSig_1.c **** 
 2103              		.loc 1 1575 0
 2104 001a 0F4B     		ldr	r3, .L128+4
 2105 001c 1C70     		strb	r4, [r3]
1578:Generated_Source\PSoC5/ADC_DelSig_1.c **** 
 2106              		.loc 1 1578 0
 2107 001e FFF7FEFF 		bl	ADC_DelSig_1_Stop
 2108              	.LVL164:
1581:Generated_Source\PSoC5/ADC_DelSig_1.c **** 
 2109              		.loc 1 1581 0
 2110 0022 2046     		mov	r0, r4
 2111 0024 FFF7FEFF 		bl	ADC_DelSig_1_InitConfig
 2112              	.LVL165:
1584:Generated_Source\PSoC5/ADC_DelSig_1.c ****         CY_SET_REG16(ADC_DelSig_1_DEC_GCOR_16B_PTR, ADC_DelSig_1_gcor[config - 1u].gcor);
 2113              		.loc 1 1584 0
 2114 0028 013C     		subs	r4, r4, #1
 2115 002a 0A4B     		ldr	r3, .L128
 2116 002c 03EB8402 		add	r2, r3, r4, lsl #2
 2117 0030 9178     		ldrb	r1, [r2, #2]	@ zero_extendqisi2
 2118 0032 0A4A     		ldr	r2, .L128+8
 2119 0034 1170     		strb	r1, [r2]
1585:Generated_Source\PSoC5/ADC_DelSig_1.c **** 
 2120              		.loc 1 1585 0
 2121 0036 33F82420 		ldrh	r2, [r3, r4, lsl #2]
 2122 003a 094B     		ldr	r3, .L128+12
 2123 003c 1A80     		strh	r2, [r3]	@ movhi
1587:Generated_Source\PSoC5/ADC_DelSig_1.c ****         {
 2124              		.loc 1 1587 0
 2125 003e 012D     		cmp	r5, #1
 2126 0040 07D1     		bne	.L123
1590:Generated_Source\PSoC5/ADC_DelSig_1.c **** 
 2127              		.loc 1 1590 0
 2128 0042 FFF7FEFF 		bl	ADC_DelSig_1_Start
 2129              	.LVL166:
1593:Generated_Source\PSoC5/ADC_DelSig_1.c ****         }
 2130              		.loc 1 1593 0
 2131 0046 FFF7FEFF 		bl	ADC_DelSig_1_StartConvert
 2132              	.LVL167:
 2133 004a 38BD     		pop	{r3, r4, r5, pc}
 2134              	.LVL168:
 2135              	.L124:
1599:Generated_Source\PSoC5/ADC_DelSig_1.c ****     }
 2136              		.loc 1 1599 0 discriminator 1
 2137 004c 0020     		movs	r0, #0
 2138              	.LVL169:
 2139 004e FFF7FEFF 		bl	CyHalt
 2140              	.LVL170:
 2141              	.L123:
 2142 0052 38BD     		pop	{r3, r4, r5, pc}
 2143              	.L129:
ARM GAS  C:\Users\elias\AppData\Local\Temp\ccZ9bC31.s 			page 75


 2144              		.align	2
 2145              	.L128:
 2146 0054 00000000 		.word	.LANCHOR0
 2147 0058 00000000 		.word	.LANCHOR1
 2148 005c 0E4E0040 		.word	1073761806
 2149 0060 0C4E0040 		.word	1073761804
 2150              		.cfi_endproc
 2151              	.LFE20:
 2152              		.size	ADC_DelSig_1_SelectConfiguration, .-ADC_DelSig_1_SelectConfiguration
 2153              		.section	.text.ADC_DelSig_1_Read8,"ax",%progbits
 2154              		.align	2
 2155              		.global	ADC_DelSig_1_Read8
 2156              		.thumb
 2157              		.thumb_func
 2158              		.type	ADC_DelSig_1_Read8, %function
 2159              	ADC_DelSig_1_Read8:
 2160              	.LFB23:
1749:Generated_Source\PSoC5/ADC_DelSig_1.c **** }
1750:Generated_Source\PSoC5/ADC_DelSig_1.c **** 
1751:Generated_Source\PSoC5/ADC_DelSig_1.c **** 
1752:Generated_Source\PSoC5/ADC_DelSig_1.c **** /*******************************************************************************
1753:Generated_Source\PSoC5/ADC_DelSig_1.c **** * Function Name: ADC_DelSig_1_Read8
1754:Generated_Source\PSoC5/ADC_DelSig_1.c **** ********************************************************************************
1755:Generated_Source\PSoC5/ADC_DelSig_1.c **** *
1756:Generated_Source\PSoC5/ADC_DelSig_1.c **** * Summary:
1757:Generated_Source\PSoC5/ADC_DelSig_1.c **** *  This function simplifies getting results from the ADC when only a
1758:Generated_Source\PSoC5/ADC_DelSig_1.c **** *  single reading is required. When called, it will start ADC
1759:Generated_Source\PSoC5/ADC_DelSig_1.c **** *  conversions, wait for the conversion to be complete, stop ADC
1760:Generated_Source\PSoC5/ADC_DelSig_1.c **** *  conversion and return the result. This is a blocking function and will
1761:Generated_Source\PSoC5/ADC_DelSig_1.c **** *  not return until the result is ready.
1762:Generated_Source\PSoC5/ADC_DelSig_1.c **** *
1763:Generated_Source\PSoC5/ADC_DelSig_1.c **** * Parameters:
1764:Generated_Source\PSoC5/ADC_DelSig_1.c **** *  None
1765:Generated_Source\PSoC5/ADC_DelSig_1.c **** *
1766:Generated_Source\PSoC5/ADC_DelSig_1.c **** * Return:
1767:Generated_Source\PSoC5/ADC_DelSig_1.c **** *  int8:  ADC result.
1768:Generated_Source\PSoC5/ADC_DelSig_1.c **** *
1769:Generated_Source\PSoC5/ADC_DelSig_1.c **** *******************************************************************************/
1770:Generated_Source\PSoC5/ADC_DelSig_1.c **** int8 ADC_DelSig_1_Read8(void) 
1771:Generated_Source\PSoC5/ADC_DelSig_1.c **** {
 2161              		.loc 1 1771 0
 2162              		.cfi_startproc
 2163              		@ args = 0, pretend = 0, frame = 0
 2164              		@ frame_needed = 0, uses_anonymous_args = 0
 2165 0000 10B5     		push	{r4, lr}
 2166              		.cfi_def_cfa_offset 8
 2167              		.cfi_offset 4, -8
 2168              		.cfi_offset 14, -4
1772:Generated_Source\PSoC5/ADC_DelSig_1.c ****     int8 result;
1773:Generated_Source\PSoC5/ADC_DelSig_1.c **** 
1774:Generated_Source\PSoC5/ADC_DelSig_1.c ****     /* Clear pending conversion done status */
1775:Generated_Source\PSoC5/ADC_DelSig_1.c ****     ADC_DelSig_1_DEC_SR_REG |= ADC_DelSig_1_DEC_INTR_CLEAR;
 2169              		.loc 1 1775 0
 2170 0002 084A     		ldr	r2, .L132
 2171 0004 1378     		ldrb	r3, [r2]	@ zero_extendqisi2
 2172 0006 43F00403 		orr	r3, r3, #4
 2173 000a 1370     		strb	r3, [r2]
ARM GAS  C:\Users\elias\AppData\Local\Temp\ccZ9bC31.s 			page 76


1776:Generated_Source\PSoC5/ADC_DelSig_1.c ****     ADC_DelSig_1_StartConvert();
 2174              		.loc 1 1776 0
 2175 000c FFF7FEFF 		bl	ADC_DelSig_1_StartConvert
 2176              	.LVL171:
1777:Generated_Source\PSoC5/ADC_DelSig_1.c ****     (void)ADC_DelSig_1_IsEndConversion(ADC_DelSig_1_WAIT_FOR_RESULT);
 2177              		.loc 1 1777 0
 2178 0010 0020     		movs	r0, #0
 2179 0012 FFF7FEFF 		bl	ADC_DelSig_1_IsEndConversion
 2180              	.LVL172:
1778:Generated_Source\PSoC5/ADC_DelSig_1.c ****      result = ADC_DelSig_1_GetResult8();
 2181              		.loc 1 1778 0
 2182 0016 FFF7FEFF 		bl	ADC_DelSig_1_GetResult8
 2183              	.LVL173:
 2184 001a 0446     		mov	r4, r0
 2185              	.LVL174:
1779:Generated_Source\PSoC5/ADC_DelSig_1.c ****     ADC_DelSig_1_StopConvert();
 2186              		.loc 1 1779 0
 2187 001c FFF7FEFF 		bl	ADC_DelSig_1_StopConvert
 2188              	.LVL175:
1780:Generated_Source\PSoC5/ADC_DelSig_1.c ****     
1781:Generated_Source\PSoC5/ADC_DelSig_1.c ****      return(result);
1782:Generated_Source\PSoC5/ADC_DelSig_1.c **** }
 2189              		.loc 1 1782 0
 2190 0020 2046     		mov	r0, r4
 2191 0022 10BD     		pop	{r4, pc}
 2192              	.LVL176:
 2193              	.L133:
 2194              		.align	2
 2195              	.L132:
 2196 0024 014E0040 		.word	1073761793
 2197              		.cfi_endproc
 2198              	.LFE23:
 2199              		.size	ADC_DelSig_1_Read8, .-ADC_DelSig_1_Read8
 2200              		.section	.text.ADC_DelSig_1_Read16,"ax",%progbits
 2201              		.align	2
 2202              		.global	ADC_DelSig_1_Read16
 2203              		.thumb
 2204              		.thumb_func
 2205              		.type	ADC_DelSig_1_Read16, %function
 2206              	ADC_DelSig_1_Read16:
 2207              	.LFB24:
1783:Generated_Source\PSoC5/ADC_DelSig_1.c **** 
1784:Generated_Source\PSoC5/ADC_DelSig_1.c **** 
1785:Generated_Source\PSoC5/ADC_DelSig_1.c **** /*******************************************************************************
1786:Generated_Source\PSoC5/ADC_DelSig_1.c **** * Function Name: ADC_DelSig_1_Read16
1787:Generated_Source\PSoC5/ADC_DelSig_1.c **** ********************************************************************************
1788:Generated_Source\PSoC5/ADC_DelSig_1.c **** *
1789:Generated_Source\PSoC5/ADC_DelSig_1.c **** * Summary:
1790:Generated_Source\PSoC5/ADC_DelSig_1.c **** *  This function simplifies getting results from the ADC when only a
1791:Generated_Source\PSoC5/ADC_DelSig_1.c **** *  single reading is required. When called, it will start ADC
1792:Generated_Source\PSoC5/ADC_DelSig_1.c **** *  conversions, wait for the conversion to be complete, stop ADC
1793:Generated_Source\PSoC5/ADC_DelSig_1.c **** *  conversion and return the result. This is a blocking function and will
1794:Generated_Source\PSoC5/ADC_DelSig_1.c **** *  not return until the result is ready.
1795:Generated_Source\PSoC5/ADC_DelSig_1.c **** *
1796:Generated_Source\PSoC5/ADC_DelSig_1.c **** * Parameters:
1797:Generated_Source\PSoC5/ADC_DelSig_1.c **** *   void
1798:Generated_Source\PSoC5/ADC_DelSig_1.c **** *
ARM GAS  C:\Users\elias\AppData\Local\Temp\ccZ9bC31.s 			page 77


1799:Generated_Source\PSoC5/ADC_DelSig_1.c **** * Return:
1800:Generated_Source\PSoC5/ADC_DelSig_1.c **** *  int16:  ADC result.
1801:Generated_Source\PSoC5/ADC_DelSig_1.c **** *
1802:Generated_Source\PSoC5/ADC_DelSig_1.c **** *******************************************************************************/
1803:Generated_Source\PSoC5/ADC_DelSig_1.c **** int16 ADC_DelSig_1_Read16(void) 
1804:Generated_Source\PSoC5/ADC_DelSig_1.c **** {
 2208              		.loc 1 1804 0
 2209              		.cfi_startproc
 2210              		@ args = 0, pretend = 0, frame = 0
 2211              		@ frame_needed = 0, uses_anonymous_args = 0
 2212 0000 10B5     		push	{r4, lr}
 2213              		.cfi_def_cfa_offset 8
 2214              		.cfi_offset 4, -8
 2215              		.cfi_offset 14, -4
1805:Generated_Source\PSoC5/ADC_DelSig_1.c ****     int16 result;
1806:Generated_Source\PSoC5/ADC_DelSig_1.c **** 
1807:Generated_Source\PSoC5/ADC_DelSig_1.c ****     /* Clear pending conversion done status */
1808:Generated_Source\PSoC5/ADC_DelSig_1.c ****     ADC_DelSig_1_DEC_SR_REG |= ADC_DelSig_1_DEC_INTR_CLEAR;
 2216              		.loc 1 1808 0
 2217 0002 084A     		ldr	r2, .L136
 2218 0004 1378     		ldrb	r3, [r2]	@ zero_extendqisi2
 2219 0006 43F00403 		orr	r3, r3, #4
 2220 000a 1370     		strb	r3, [r2]
1809:Generated_Source\PSoC5/ADC_DelSig_1.c ****     ADC_DelSig_1_StartConvert();
 2221              		.loc 1 1809 0
 2222 000c FFF7FEFF 		bl	ADC_DelSig_1_StartConvert
 2223              	.LVL177:
1810:Generated_Source\PSoC5/ADC_DelSig_1.c ****     (void)ADC_DelSig_1_IsEndConversion(ADC_DelSig_1_WAIT_FOR_RESULT);
 2224              		.loc 1 1810 0
 2225 0010 0020     		movs	r0, #0
 2226 0012 FFF7FEFF 		bl	ADC_DelSig_1_IsEndConversion
 2227              	.LVL178:
1811:Generated_Source\PSoC5/ADC_DelSig_1.c ****      result = ADC_DelSig_1_GetResult16();
 2228              		.loc 1 1811 0
 2229 0016 FFF7FEFF 		bl	ADC_DelSig_1_GetResult16
 2230              	.LVL179:
 2231 001a 0446     		mov	r4, r0
 2232              	.LVL180:
1812:Generated_Source\PSoC5/ADC_DelSig_1.c ****     ADC_DelSig_1_StopConvert();
 2233              		.loc 1 1812 0
 2234 001c FFF7FEFF 		bl	ADC_DelSig_1_StopConvert
 2235              	.LVL181:
1813:Generated_Source\PSoC5/ADC_DelSig_1.c ****     
1814:Generated_Source\PSoC5/ADC_DelSig_1.c ****      return(result);
1815:Generated_Source\PSoC5/ADC_DelSig_1.c **** }
 2236              		.loc 1 1815 0
 2237 0020 2046     		mov	r0, r4
 2238 0022 10BD     		pop	{r4, pc}
 2239              	.LVL182:
 2240              	.L137:
 2241              		.align	2
 2242              	.L136:
 2243 0024 014E0040 		.word	1073761793
 2244              		.cfi_endproc
 2245              	.LFE24:
 2246              		.size	ADC_DelSig_1_Read16, .-ADC_DelSig_1_Read16
 2247              		.section	.text.ADC_DelSig_1_Read32,"ax",%progbits
ARM GAS  C:\Users\elias\AppData\Local\Temp\ccZ9bC31.s 			page 78


 2248              		.align	2
 2249              		.global	ADC_DelSig_1_Read32
 2250              		.thumb
 2251              		.thumb_func
 2252              		.type	ADC_DelSig_1_Read32, %function
 2253              	ADC_DelSig_1_Read32:
 2254              	.LFB25:
1816:Generated_Source\PSoC5/ADC_DelSig_1.c **** 
1817:Generated_Source\PSoC5/ADC_DelSig_1.c **** 
1818:Generated_Source\PSoC5/ADC_DelSig_1.c **** /*******************************************************************************
1819:Generated_Source\PSoC5/ADC_DelSig_1.c **** * Function Name: ADC_DelSig_1_Read32
1820:Generated_Source\PSoC5/ADC_DelSig_1.c **** ********************************************************************************
1821:Generated_Source\PSoC5/ADC_DelSig_1.c **** *
1822:Generated_Source\PSoC5/ADC_DelSig_1.c **** * Summary:
1823:Generated_Source\PSoC5/ADC_DelSig_1.c **** *  This function simplifies getting results from the ADC when only a
1824:Generated_Source\PSoC5/ADC_DelSig_1.c **** *  single reading is required. When called, it will start ADC
1825:Generated_Source\PSoC5/ADC_DelSig_1.c **** *  conversions, wait for the conversion to be complete, stop ADC
1826:Generated_Source\PSoC5/ADC_DelSig_1.c **** *  conversion and return the result. This is a blocking function and will
1827:Generated_Source\PSoC5/ADC_DelSig_1.c **** *  not return until the result is ready.
1828:Generated_Source\PSoC5/ADC_DelSig_1.c **** *
1829:Generated_Source\PSoC5/ADC_DelSig_1.c **** * Parameters:
1830:Generated_Source\PSoC5/ADC_DelSig_1.c **** *  None
1831:Generated_Source\PSoC5/ADC_DelSig_1.c **** *
1832:Generated_Source\PSoC5/ADC_DelSig_1.c **** * Return:
1833:Generated_Source\PSoC5/ADC_DelSig_1.c **** *  int32: ADC result.
1834:Generated_Source\PSoC5/ADC_DelSig_1.c **** *
1835:Generated_Source\PSoC5/ADC_DelSig_1.c **** *******************************************************************************/
1836:Generated_Source\PSoC5/ADC_DelSig_1.c **** int32 ADC_DelSig_1_Read32(void) 
1837:Generated_Source\PSoC5/ADC_DelSig_1.c **** {
 2255              		.loc 1 1837 0
 2256              		.cfi_startproc
 2257              		@ args = 0, pretend = 0, frame = 0
 2258              		@ frame_needed = 0, uses_anonymous_args = 0
 2259 0000 10B5     		push	{r4, lr}
 2260              		.cfi_def_cfa_offset 8
 2261              		.cfi_offset 4, -8
 2262              		.cfi_offset 14, -4
1838:Generated_Source\PSoC5/ADC_DelSig_1.c ****     int32 result;
1839:Generated_Source\PSoC5/ADC_DelSig_1.c ****     
1840:Generated_Source\PSoC5/ADC_DelSig_1.c ****     /* Clear pending conversion done status */
1841:Generated_Source\PSoC5/ADC_DelSig_1.c ****     ADC_DelSig_1_DEC_SR_REG |= ADC_DelSig_1_DEC_INTR_CLEAR;
 2263              		.loc 1 1841 0
 2264 0002 084A     		ldr	r2, .L140
 2265 0004 1378     		ldrb	r3, [r2]	@ zero_extendqisi2
 2266 0006 43F00403 		orr	r3, r3, #4
 2267 000a 1370     		strb	r3, [r2]
1842:Generated_Source\PSoC5/ADC_DelSig_1.c ****     ADC_DelSig_1_StartConvert();
 2268              		.loc 1 1842 0
 2269 000c FFF7FEFF 		bl	ADC_DelSig_1_StartConvert
 2270              	.LVL183:
1843:Generated_Source\PSoC5/ADC_DelSig_1.c ****     (void)ADC_DelSig_1_IsEndConversion(ADC_DelSig_1_WAIT_FOR_RESULT);
 2271              		.loc 1 1843 0
 2272 0010 0020     		movs	r0, #0
 2273 0012 FFF7FEFF 		bl	ADC_DelSig_1_IsEndConversion
 2274              	.LVL184:
1844:Generated_Source\PSoC5/ADC_DelSig_1.c ****      result = ADC_DelSig_1_GetResult32();
 2275              		.loc 1 1844 0
ARM GAS  C:\Users\elias\AppData\Local\Temp\ccZ9bC31.s 			page 79


 2276 0016 FFF7FEFF 		bl	ADC_DelSig_1_GetResult32
 2277              	.LVL185:
 2278 001a 0446     		mov	r4, r0
 2279              	.LVL186:
1845:Generated_Source\PSoC5/ADC_DelSig_1.c ****     ADC_DelSig_1_StopConvert();
 2280              		.loc 1 1845 0
 2281 001c FFF7FEFF 		bl	ADC_DelSig_1_StopConvert
 2282              	.LVL187:
1846:Generated_Source\PSoC5/ADC_DelSig_1.c ****     
1847:Generated_Source\PSoC5/ADC_DelSig_1.c ****      return(result);
1848:Generated_Source\PSoC5/ADC_DelSig_1.c **** }
 2283              		.loc 1 1848 0
 2284 0020 2046     		mov	r0, r4
 2285 0022 10BD     		pop	{r4, pc}
 2286              	.LVL188:
 2287              	.L141:
 2288              		.align	2
 2289              	.L140:
 2290 0024 014E0040 		.word	1073761793
 2291              		.cfi_endproc
 2292              	.LFE25:
 2293              		.size	ADC_DelSig_1_Read32, .-ADC_DelSig_1_Read32
 2294              		.comm	ADC_DelSig_1_CountsPerVolt,4,4
 2295              		.global	ADC_DelSig_1_Offset
 2296              		.global	ADC_DelSig_1_Config
 2297              		.global	ADC_DelSig_1_started
 2298              		.global	ADC_DelSig_1_initVar
 2299              		.global	ADC_DelSig_1_stopConversion
 2300              		.global	ADC_DelSig_1_convDone
 2301              		.data
 2302              		.set	.LANCHOR1,. + 0
 2303              		.type	ADC_DelSig_1_Config, %object
 2304              		.size	ADC_DelSig_1_Config, 1
 2305              	ADC_DelSig_1_Config:
 2306 0000 01       		.byte	1
 2307              		.bss
 2308              		.align	2
 2309              		.set	.LANCHOR0,. + 0
 2310              		.type	ADC_DelSig_1_gcor, %object
 2311              		.size	ADC_DelSig_1_gcor, 16
 2312              	ADC_DelSig_1_gcor:
 2313 0000 00000000 		.space	16
 2313      00000000 
 2313      00000000 
 2313      00000000 
 2314              		.type	ADC_DelSig_1_stopConversion, %object
 2315              		.size	ADC_DelSig_1_stopConversion, 1
 2316              	ADC_DelSig_1_stopConversion:
 2317 0010 00       		.space	1
 2318              		.type	ADC_DelSig_1_convDone, %object
 2319              		.size	ADC_DelSig_1_convDone, 1
 2320              	ADC_DelSig_1_convDone:
 2321 0011 00       		.space	1
 2322              		.type	ADC_DelSig_1_initVar, %object
 2323              		.size	ADC_DelSig_1_initVar, 1
 2324              	ADC_DelSig_1_initVar:
 2325 0012 00       		.space	1
ARM GAS  C:\Users\elias\AppData\Local\Temp\ccZ9bC31.s 			page 80


 2326              		.type	ADC_DelSig_1_started, %object
 2327              		.size	ADC_DelSig_1_started, 1
 2328              	ADC_DelSig_1_started:
 2329 0013 00       		.space	1
 2330              		.type	ADC_DelSig_1_Offset, %object
 2331              		.size	ADC_DelSig_1_Offset, 4
 2332              	ADC_DelSig_1_Offset:
 2333 0014 00000000 		.space	4
 2334              		.text
 2335              	.Letext0:
 2336              		.file 2 "Generated_Source\\PSoC5\\cytypes.h"
 2337              		.file 3 "Generated_Source\\PSoC5\\ADC_DelSig_1.h"
 2338              		.file 4 "Generated_Source\\PSoC5\\CyLib.h"
 2339              		.file 5 "Generated_Source\\PSoC5\\ADC_DelSig_1_Ext_CP_Clk.h"
 2340              		.file 6 "Generated_Source\\PSoC5\\ADC_DelSig_1_theACLK.h"
 2341              		.section	.debug_info,"",%progbits
 2342              	.Ldebug_info0:
 2343 0000 950B0000 		.4byte	0xb95
 2344 0004 0400     		.2byte	0x4
 2345 0006 00000000 		.4byte	.Ldebug_abbrev0
 2346 000a 04       		.byte	0x4
 2347 000b 01       		.uleb128 0x1
 2348 000c EC030000 		.4byte	.LASF100
 2349 0010 0C       		.byte	0xc
 2350 0011 D4050000 		.4byte	.LASF101
 2351 0015 F2010000 		.4byte	.LASF102
 2352 0019 00000000 		.4byte	.Ldebug_ranges0+0
 2353 001d 00000000 		.4byte	0
 2354 0021 00000000 		.4byte	.Ldebug_line0
 2355 0025 02       		.uleb128 0x2
 2356 0026 04       		.byte	0x4
 2357 0027 04       		.byte	0x4
 2358 0028 61030000 		.4byte	.LASF0
 2359 002c 02       		.uleb128 0x2
 2360 002d 01       		.byte	0x1
 2361 002e 06       		.byte	0x6
 2362 002f F3000000 		.4byte	.LASF1
 2363 0033 02       		.uleb128 0x2
 2364 0034 01       		.byte	0x1
 2365 0035 08       		.byte	0x8
 2366 0036 B5030000 		.4byte	.LASF2
 2367 003a 02       		.uleb128 0x2
 2368 003b 02       		.byte	0x2
 2369 003c 05       		.byte	0x5
 2370 003d DA030000 		.4byte	.LASF3
 2371 0041 02       		.uleb128 0x2
 2372 0042 02       		.byte	0x2
 2373 0043 07       		.byte	0x7
 2374 0044 D0010000 		.4byte	.LASF4
 2375 0048 02       		.uleb128 0x2
 2376 0049 04       		.byte	0x4
 2377 004a 05       		.byte	0x5
 2378 004b 19010000 		.4byte	.LASF5
 2379 004f 02       		.uleb128 0x2
 2380 0050 04       		.byte	0x4
 2381 0051 07       		.byte	0x7
 2382 0052 92010000 		.4byte	.LASF6
ARM GAS  C:\Users\elias\AppData\Local\Temp\ccZ9bC31.s 			page 81


 2383 0056 02       		.uleb128 0x2
 2384 0057 08       		.byte	0x8
 2385 0058 05       		.byte	0x5
 2386 0059 E5000000 		.4byte	.LASF7
 2387 005d 02       		.uleb128 0x2
 2388 005e 08       		.byte	0x8
 2389 005f 07       		.byte	0x7
 2390 0060 7C000000 		.4byte	.LASF8
 2391 0064 03       		.uleb128 0x3
 2392 0065 04       		.byte	0x4
 2393 0066 05       		.byte	0x5
 2394 0067 696E7400 		.ascii	"int\000"
 2395 006b 02       		.uleb128 0x2
 2396 006c 04       		.byte	0x4
 2397 006d 07       		.byte	0x7
 2398 006e 69010000 		.4byte	.LASF9
 2399 0072 04       		.uleb128 0x4
 2400 0073 28010000 		.4byte	.LASF10
 2401 0077 02       		.byte	0x2
 2402 0078 E901     		.2byte	0x1e9
 2403 007a 33000000 		.4byte	0x33
 2404 007e 04       		.uleb128 0x4
 2405 007f 00000000 		.4byte	.LASF11
 2406 0083 02       		.byte	0x2
 2407 0084 EA01     		.2byte	0x1ea
 2408 0086 41000000 		.4byte	0x41
 2409 008a 04       		.uleb128 0x4
 2410 008b 45010000 		.4byte	.LASF12
 2411 008f 02       		.byte	0x2
 2412 0090 EB01     		.2byte	0x1eb
 2413 0092 4F000000 		.4byte	0x4f
 2414 0096 04       		.uleb128 0x4
 2415 0097 E3010000 		.4byte	.LASF13
 2416 009b 02       		.byte	0x2
 2417 009c EC01     		.2byte	0x1ec
 2418 009e 2C000000 		.4byte	0x2c
 2419 00a2 04       		.uleb128 0x4
 2420 00a3 1F060000 		.4byte	.LASF14
 2421 00a7 02       		.byte	0x2
 2422 00a8 ED01     		.2byte	0x1ed
 2423 00aa 3A000000 		.4byte	0x3a
 2424 00ae 04       		.uleb128 0x4
 2425 00af FF000000 		.4byte	.LASF15
 2426 00b3 02       		.byte	0x2
 2427 00b4 EE01     		.2byte	0x1ee
 2428 00b6 48000000 		.4byte	0x48
 2429 00ba 04       		.uleb128 0x4
 2430 00bb 71020000 		.4byte	.LASF16
 2431 00bf 02       		.byte	0x2
 2432 00c0 EF01     		.2byte	0x1ef
 2433 00c2 25000000 		.4byte	0x25
 2434 00c6 02       		.uleb128 0x2
 2435 00c7 08       		.byte	0x8
 2436 00c8 04       		.byte	0x4
 2437 00c9 38010000 		.4byte	.LASF17
 2438 00cd 02       		.uleb128 0x2
 2439 00ce 01       		.byte	0x1
ARM GAS  C:\Users\elias\AppData\Local\Temp\ccZ9bC31.s 			page 82


 2440 00cf 08       		.byte	0x8
 2441 00d0 C4040000 		.4byte	.LASF18
 2442 00d4 04       		.uleb128 0x4
 2443 00d5 91030000 		.4byte	.LASF19
 2444 00d9 02       		.byte	0x2
 2445 00da 9302     		.2byte	0x293
 2446 00dc E0000000 		.4byte	0xe0
 2447 00e0 05       		.uleb128 0x5
 2448 00e1 72000000 		.4byte	0x72
 2449 00e5 04       		.uleb128 0x4
 2450 00e6 22010000 		.4byte	.LASF20
 2451 00ea 02       		.byte	0x2
 2452 00eb 9402     		.2byte	0x294
 2453 00ed F1000000 		.4byte	0xf1
 2454 00f1 05       		.uleb128 0x5
 2455 00f2 7E000000 		.4byte	0x7e
 2456 00f6 04       		.uleb128 0x4
 2457 00f7 4F020000 		.4byte	.LASF21
 2458 00fb 02       		.byte	0x2
 2459 00fc 9502     		.2byte	0x295
 2460 00fe 02010000 		.4byte	0x102
 2461 0102 05       		.uleb128 0x5
 2462 0103 8A000000 		.4byte	0x8a
 2463 0107 02       		.uleb128 0x2
 2464 0108 08       		.byte	0x8
 2465 0109 04       		.byte	0x4
 2466 010a B1020000 		.4byte	.LASF22
 2467 010e 02       		.uleb128 0x2
 2468 010f 04       		.byte	0x4
 2469 0110 07       		.byte	0x7
 2470 0111 92020000 		.4byte	.LASF23
 2471 0115 06       		.uleb128 0x6
 2472 0116 04       		.byte	0x4
 2473 0117 03       		.byte	0x3
 2474 0118 2F       		.byte	0x2f
 2475 0119 36010000 		.4byte	0x136
 2476 011d 07       		.uleb128 0x7
 2477 011e 77000000 		.4byte	.LASF24
 2478 0122 03       		.byte	0x3
 2479 0123 31       		.byte	0x31
 2480 0124 7E000000 		.4byte	0x7e
 2481 0128 00       		.byte	0
 2482 0129 07       		.uleb128 0x7
 2483 012a 05050000 		.4byte	.LASF25
 2484 012e 03       		.byte	0x3
 2485 012f 32       		.byte	0x32
 2486 0130 72000000 		.4byte	0x72
 2487 0134 02       		.byte	0x2
 2488 0135 00       		.byte	0
 2489 0136 08       		.uleb128 0x8
 2490 0137 48030000 		.4byte	.LASF26
 2491 013b 03       		.byte	0x3
 2492 013c 33       		.byte	0x33
 2493 013d 15010000 		.4byte	0x115
 2494 0141 09       		.uleb128 0x9
 2495 0142 6C050000 		.4byte	.LASF36
 2496 0146 01       		.byte	0x1
ARM GAS  C:\Users\elias\AppData\Local\Temp\ccZ9bC31.s 			page 83


 2497 0147 5906     		.2byte	0x659
 2498 0149 00000000 		.4byte	.LFB21
 2499 014d E0000000 		.4byte	.LFE21-.LFB21
 2500 0151 01       		.uleb128 0x1
 2501 0152 9C       		.byte	0x9c
 2502 0153 F7010000 		.4byte	0x1f7
 2503 0157 0A       		.uleb128 0xa
 2504 0158 23000000 		.4byte	.LASF27
 2505 015c 01       		.byte	0x1
 2506 015d 5906     		.2byte	0x659
 2507 015f 72000000 		.4byte	0x72
 2508 0163 00000000 		.4byte	.LLST0
 2509 0167 0A       		.uleb128 0xa
 2510 0168 96030000 		.4byte	.LASF28
 2511 016c 01       		.byte	0x1
 2512 016d 5906     		.2byte	0x659
 2513 016f 7E000000 		.4byte	0x7e
 2514 0173 3A000000 		.4byte	.LLST1
 2515 0177 0A       		.uleb128 0xa
 2516 0178 A5000000 		.4byte	.LASF29
 2517 017c 01       		.byte	0x1
 2518 017d 5906     		.2byte	0x659
 2519 017f 7E000000 		.4byte	0x7e
 2520 0183 74000000 		.4byte	.LLST2
 2521 0187 0A       		.uleb128 0xa
 2522 0188 94040000 		.4byte	.LASF30
 2523 018c 01       		.byte	0x1
 2524 018d 5A06     		.2byte	0x65a
 2525 018f 72000000 		.4byte	0x72
 2526 0193 AE000000 		.4byte	.LLST3
 2527 0197 0A       		.uleb128 0xa
 2528 0198 FE040000 		.4byte	.LASF31
 2529 019c 01       		.byte	0x1
 2530 019d 5A06     		.2byte	0x65a
 2531 019f 72000000 		.4byte	0x72
 2532 01a3 01010000 		.4byte	.LLST4
 2533 01a7 0B       		.uleb128 0xb
 2534 01a8 49020000 		.4byte	.LASF32
 2535 01ac 01       		.byte	0x1
 2536 01ad 5C06     		.2byte	0x65c
 2537 01af 96000000 		.4byte	0x96
 2538 01b3 2D010000 		.4byte	.LLST5
 2539 01b7 0B       		.uleb128 0xb
 2540 01b8 A3030000 		.4byte	.LASF33
 2541 01bc 01       		.byte	0x1
 2542 01bd 5D06     		.2byte	0x65d
 2543 01bf AE000000 		.4byte	0xae
 2544 01c3 A3010000 		.4byte	.LLST6
 2545 01c7 0B       		.uleb128 0xb
 2546 01c8 E8010000 		.4byte	.LASF34
 2547 01cc 01       		.byte	0x1
 2548 01cd 5E06     		.2byte	0x65e
 2549 01cf 7E000000 		.4byte	0x7e
 2550 01d3 B6010000 		.4byte	.LLST7
 2551 01d7 0B       		.uleb128 0xb
 2552 01d8 E4030000 		.4byte	.LASF35
 2553 01dc 01       		.byte	0x1
ARM GAS  C:\Users\elias\AppData\Local\Temp\ccZ9bC31.s 			page 84


 2554 01dd 5F06     		.2byte	0x65f
 2555 01df 8A000000 		.4byte	0x8a
 2556 01e3 DF010000 		.4byte	.LLST8
 2557 01e7 0C       		.uleb128 0xc
 2558 01e8 B8000000 		.4byte	.LVL33
 2559 01ec 2A0B0000 		.4byte	0xb2a
 2560 01f0 0D       		.uleb128 0xd
 2561 01f1 01       		.uleb128 0x1
 2562 01f2 50       		.byte	0x50
 2563 01f3 01       		.uleb128 0x1
 2564 01f4 30       		.byte	0x30
 2565 01f5 00       		.byte	0
 2566 01f6 00       		.byte	0
 2567 01f7 09       		.uleb128 0x9
 2568 01f8 1B050000 		.4byte	.LASF37
 2569 01fc 01       		.byte	0x1
 2570 01fd C406     		.2byte	0x6c4
 2571 01ff 00000000 		.4byte	.LFB22
 2572 0203 4C000000 		.4byte	.LFE22-.LFB22
 2573 0207 01       		.uleb128 0x1
 2574 0208 9C       		.byte	0x9c
 2575 0209 5A020000 		.4byte	0x25a
 2576 020d 0A       		.uleb128 0xa
 2577 020e 5B010000 		.4byte	.LASF38
 2578 0212 01       		.byte	0x1
 2579 0213 C406     		.2byte	0x6c4
 2580 0215 72000000 		.4byte	0x72
 2581 0219 F2010000 		.4byte	.LLST9
 2582 021d 0B       		.uleb128 0xb
 2583 021e 8A050000 		.4byte	.LASF39
 2584 0222 01       		.byte	0x1
 2585 0223 C606     		.2byte	0x6c6
 2586 0225 72000000 		.4byte	0x72
 2587 0229 13020000 		.4byte	.LLST10
 2588 022d 0E       		.uleb128 0xe
 2589 022e 08000000 		.4byte	.LVL36
 2590 0232 350B0000 		.4byte	0xb35
 2591 0236 0F       		.uleb128 0xf
 2592 0237 28000000 		.4byte	.LVL38
 2593 023b 400B0000 		.4byte	0xb40
 2594 023f 49020000 		.4byte	0x249
 2595 0243 0D       		.uleb128 0xd
 2596 0244 01       		.uleb128 0x1
 2597 0245 50       		.byte	0x50
 2598 0246 01       		.uleb128 0x1
 2599 0247 33       		.byte	0x33
 2600 0248 00       		.byte	0
 2601 0249 0C       		.uleb128 0xc
 2602 024a 3E000000 		.4byte	.LVL39
 2603 024e 4B0B0000 		.4byte	0xb4b
 2604 0252 0D       		.uleb128 0xd
 2605 0253 01       		.uleb128 0x1
 2606 0254 50       		.byte	0x50
 2607 0255 02       		.uleb128 0x2
 2608 0256 76       		.byte	0x76
 2609 0257 00       		.sleb128 0
 2610 0258 00       		.byte	0
ARM GAS  C:\Users\elias\AppData\Local\Temp\ccZ9bC31.s 			page 85


 2611 0259 00       		.byte	0
 2612 025a 09       		.uleb128 0x9
 2613 025b B5000000 		.4byte	.LASF40
 2614 025f 01       		.byte	0x1
 2615 0260 DF04     		.2byte	0x4df
 2616 0262 00000000 		.4byte	.LFB19
 2617 0266 18030000 		.4byte	.LFE19-.LFB19
 2618 026a 01       		.uleb128 0x1
 2619 026b 9C       		.byte	0x9c
 2620 026c E9030000 		.4byte	0x3e9
 2621 0270 0A       		.uleb128 0xa
 2622 0271 FE040000 		.4byte	.LASF31
 2623 0275 01       		.byte	0x1
 2624 0276 DF04     		.2byte	0x4df
 2625 0278 72000000 		.4byte	0x72
 2626 027c 26020000 		.4byte	.LLST11
 2627 0280 0F       		.uleb128 0xf
 2628 0281 8A000000 		.4byte	.LVL43
 2629 0285 F7010000 		.4byte	0x1f7
 2630 0289 94020000 		.4byte	0x294
 2631 028d 0D       		.uleb128 0xd
 2632 028e 01       		.uleb128 0x1
 2633 028f 50       		.byte	0x50
 2634 0290 02       		.uleb128 0x2
 2635 0291 08       		.byte	0x8
 2636 0292 44       		.byte	0x44
 2637 0293 00       		.byte	0
 2638 0294 0F       		.uleb128 0xf
 2639 0295 B8000000 		.4byte	.LVL44
 2640 0299 560B0000 		.4byte	0xb56
 2641 029d AE020000 		.4byte	0x2ae
 2642 02a1 0D       		.uleb128 0xd
 2643 02a2 01       		.uleb128 0x1
 2644 02a3 50       		.byte	0x50
 2645 02a4 02       		.uleb128 0x2
 2646 02a5 77       		.byte	0x77
 2647 02a6 00       		.sleb128 0
 2648 02a7 0D       		.uleb128 0xd
 2649 02a8 01       		.uleb128 0x1
 2650 02a9 51       		.byte	0x51
 2651 02aa 02       		.uleb128 0x2
 2652 02ab 76       		.byte	0x76
 2653 02ac 00       		.sleb128 0
 2654 02ad 00       		.byte	0
 2655 02ae 0F       		.uleb128 0xf
 2656 02af C0000000 		.4byte	.LVL45
 2657 02b3 610B0000 		.4byte	0xb61
 2658 02b7 C8020000 		.4byte	0x2c8
 2659 02bb 0D       		.uleb128 0xd
 2660 02bc 01       		.uleb128 0x1
 2661 02bd 50       		.byte	0x50
 2662 02be 02       		.uleb128 0x2
 2663 02bf 08       		.byte	0x8
 2664 02c0 3E       		.byte	0x3e
 2665 02c1 0D       		.uleb128 0xd
 2666 02c2 01       		.uleb128 0x1
 2667 02c3 51       		.byte	0x51
ARM GAS  C:\Users\elias\AppData\Local\Temp\ccZ9bC31.s 			page 86


 2668 02c4 02       		.uleb128 0x2
 2669 02c5 76       		.byte	0x76
 2670 02c6 00       		.sleb128 0
 2671 02c7 00       		.byte	0
 2672 02c8 0F       		.uleb128 0xf
 2673 02c9 C8000000 		.4byte	.LVL46
 2674 02cd 6C0B0000 		.4byte	0xb6c
 2675 02d1 DB020000 		.4byte	0x2db
 2676 02d5 0D       		.uleb128 0xd
 2677 02d6 01       		.uleb128 0x1
 2678 02d7 50       		.byte	0x50
 2679 02d8 01       		.uleb128 0x1
 2680 02d9 4D       		.byte	0x4d
 2681 02da 00       		.byte	0
 2682 02db 0F       		.uleb128 0xf
 2683 02dc 46010000 		.4byte	.LVL47
 2684 02e0 F7010000 		.4byte	0x1f7
 2685 02e4 EF020000 		.4byte	0x2ef
 2686 02e8 0D       		.uleb128 0xd
 2687 02e9 01       		.uleb128 0x1
 2688 02ea 50       		.byte	0x50
 2689 02eb 02       		.uleb128 0x2
 2690 02ec 08       		.byte	0x8
 2691 02ed 44       		.byte	0x44
 2692 02ee 00       		.byte	0
 2693 02ef 0F       		.uleb128 0xf
 2694 02f0 72010000 		.4byte	.LVL48
 2695 02f4 560B0000 		.4byte	0xb56
 2696 02f8 09030000 		.4byte	0x309
 2697 02fc 0D       		.uleb128 0xd
 2698 02fd 01       		.uleb128 0x1
 2699 02fe 50       		.byte	0x50
 2700 02ff 02       		.uleb128 0x2
 2701 0300 77       		.byte	0x77
 2702 0301 00       		.sleb128 0
 2703 0302 0D       		.uleb128 0xd
 2704 0303 01       		.uleb128 0x1
 2705 0304 51       		.byte	0x51
 2706 0305 02       		.uleb128 0x2
 2707 0306 76       		.byte	0x76
 2708 0307 00       		.sleb128 0
 2709 0308 00       		.byte	0
 2710 0309 0F       		.uleb128 0xf
 2711 030a 7A010000 		.4byte	.LVL49
 2712 030e 610B0000 		.4byte	0xb61
 2713 0312 23030000 		.4byte	0x323
 2714 0316 0D       		.uleb128 0xd
 2715 0317 01       		.uleb128 0x1
 2716 0318 50       		.byte	0x50
 2717 0319 02       		.uleb128 0x2
 2718 031a 08       		.byte	0x8
 2719 031b 3E       		.byte	0x3e
 2720 031c 0D       		.uleb128 0xd
 2721 031d 01       		.uleb128 0x1
 2722 031e 51       		.byte	0x51
 2723 031f 02       		.uleb128 0x2
 2724 0320 76       		.byte	0x76
ARM GAS  C:\Users\elias\AppData\Local\Temp\ccZ9bC31.s 			page 87


 2725 0321 00       		.sleb128 0
 2726 0322 00       		.byte	0
 2727 0323 0F       		.uleb128 0xf
 2728 0324 82010000 		.4byte	.LVL50
 2729 0328 6C0B0000 		.4byte	0xb6c
 2730 032c 36030000 		.4byte	0x336
 2731 0330 0D       		.uleb128 0xd
 2732 0331 01       		.uleb128 0x1
 2733 0332 50       		.byte	0x50
 2734 0333 01       		.uleb128 0x1
 2735 0334 4D       		.byte	0x4d
 2736 0335 00       		.byte	0
 2737 0336 0F       		.uleb128 0xf
 2738 0337 00020000 		.4byte	.LVL51
 2739 033b F7010000 		.4byte	0x1f7
 2740 033f 4A030000 		.4byte	0x34a
 2741 0343 0D       		.uleb128 0xd
 2742 0344 01       		.uleb128 0x1
 2743 0345 50       		.byte	0x50
 2744 0346 02       		.uleb128 0x2
 2745 0347 08       		.byte	0x8
 2746 0348 44       		.byte	0x44
 2747 0349 00       		.byte	0
 2748 034a 0F       		.uleb128 0xf
 2749 034b 2C020000 		.4byte	.LVL52
 2750 034f 560B0000 		.4byte	0xb56
 2751 0353 64030000 		.4byte	0x364
 2752 0357 0D       		.uleb128 0xd
 2753 0358 01       		.uleb128 0x1
 2754 0359 50       		.byte	0x50
 2755 035a 02       		.uleb128 0x2
 2756 035b 77       		.byte	0x77
 2757 035c 00       		.sleb128 0
 2758 035d 0D       		.uleb128 0xd
 2759 035e 01       		.uleb128 0x1
 2760 035f 51       		.byte	0x51
 2761 0360 02       		.uleb128 0x2
 2762 0361 76       		.byte	0x76
 2763 0362 00       		.sleb128 0
 2764 0363 00       		.byte	0
 2765 0364 0F       		.uleb128 0xf
 2766 0365 34020000 		.4byte	.LVL53
 2767 0369 610B0000 		.4byte	0xb61
 2768 036d 7E030000 		.4byte	0x37e
 2769 0371 0D       		.uleb128 0xd
 2770 0372 01       		.uleb128 0x1
 2771 0373 50       		.byte	0x50
 2772 0374 02       		.uleb128 0x2
 2773 0375 08       		.byte	0x8
 2774 0376 25       		.byte	0x25
 2775 0377 0D       		.uleb128 0xd
 2776 0378 01       		.uleb128 0x1
 2777 0379 51       		.byte	0x51
 2778 037a 02       		.uleb128 0x2
 2779 037b 76       		.byte	0x76
 2780 037c 00       		.sleb128 0
 2781 037d 00       		.byte	0
ARM GAS  C:\Users\elias\AppData\Local\Temp\ccZ9bC31.s 			page 88


 2782 037e 0F       		.uleb128 0xf
 2783 037f 3C020000 		.4byte	.LVL54
 2784 0383 6C0B0000 		.4byte	0xb6c
 2785 0387 91030000 		.4byte	0x391
 2786 038b 0D       		.uleb128 0xd
 2787 038c 01       		.uleb128 0x1
 2788 038d 50       		.byte	0x50
 2789 038e 01       		.uleb128 0x1
 2790 038f 4D       		.byte	0x4d
 2791 0390 00       		.byte	0
 2792 0391 0F       		.uleb128 0xf
 2793 0392 BA020000 		.4byte	.LVL55
 2794 0396 F7010000 		.4byte	0x1f7
 2795 039a A5030000 		.4byte	0x3a5
 2796 039e 0D       		.uleb128 0xd
 2797 039f 01       		.uleb128 0x1
 2798 03a0 50       		.byte	0x50
 2799 03a1 02       		.uleb128 0x2
 2800 03a2 08       		.byte	0x8
 2801 03a3 44       		.byte	0x44
 2802 03a4 00       		.byte	0
 2803 03a5 0F       		.uleb128 0xf
 2804 03a6 E6020000 		.4byte	.LVL56
 2805 03aa 560B0000 		.4byte	0xb56
 2806 03ae BF030000 		.4byte	0x3bf
 2807 03b2 0D       		.uleb128 0xd
 2808 03b3 01       		.uleb128 0x1
 2809 03b4 50       		.byte	0x50
 2810 03b5 02       		.uleb128 0x2
 2811 03b6 76       		.byte	0x76
 2812 03b7 00       		.sleb128 0
 2813 03b8 0D       		.uleb128 0xd
 2814 03b9 01       		.uleb128 0x1
 2815 03ba 51       		.byte	0x51
 2816 03bb 02       		.uleb128 0x2
 2817 03bc 75       		.byte	0x75
 2818 03bd 00       		.sleb128 0
 2819 03be 00       		.byte	0
 2820 03bf 0F       		.uleb128 0xf
 2821 03c0 EE020000 		.4byte	.LVL57
 2822 03c4 610B0000 		.4byte	0xb61
 2823 03c8 D9030000 		.4byte	0x3d9
 2824 03cc 0D       		.uleb128 0xd
 2825 03cd 01       		.uleb128 0x1
 2826 03ce 50       		.byte	0x50
 2827 03cf 02       		.uleb128 0x2
 2828 03d0 08       		.byte	0x8
 2829 03d1 25       		.byte	0x25
 2830 03d2 0D       		.uleb128 0xd
 2831 03d3 01       		.uleb128 0x1
 2832 03d4 51       		.byte	0x51
 2833 03d5 02       		.uleb128 0x2
 2834 03d6 75       		.byte	0x75
 2835 03d7 00       		.sleb128 0
 2836 03d8 00       		.byte	0
 2837 03d9 0C       		.uleb128 0xc
 2838 03da F6020000 		.4byte	.LVL58
ARM GAS  C:\Users\elias\AppData\Local\Temp\ccZ9bC31.s 			page 89


 2839 03de 6C0B0000 		.4byte	0xb6c
 2840 03e2 0D       		.uleb128 0xd
 2841 03e3 01       		.uleb128 0x1
 2842 03e4 50       		.byte	0x50
 2843 03e5 01       		.uleb128 0x1
 2844 03e6 4D       		.byte	0x4d
 2845 03e7 00       		.byte	0
 2846 03e8 00       		.byte	0
 2847 03e9 10       		.uleb128 0x10
 2848 03ea BD020000 		.4byte	.LASF41
 2849 03ee 01       		.byte	0x1
 2850 03ef 5B       		.byte	0x5b
 2851 03f0 00000000 		.4byte	.LFB0
 2852 03f4 08010000 		.4byte	.LFE0-.LFB0
 2853 03f8 01       		.uleb128 0x1
 2854 03f9 9C       		.byte	0x9c
 2855 03fa FC040000 		.4byte	0x4fc
 2856 03fe 0F       		.uleb128 0xf
 2857 03ff 1C000000 		.4byte	.LVL59
 2858 0403 770B0000 		.4byte	0xb77
 2859 0407 11040000 		.4byte	0x411
 2860 040b 0D       		.uleb128 0xd
 2861 040c 01       		.uleb128 0x1
 2862 040d 50       		.byte	0x50
 2863 040e 01       		.uleb128 0x1
 2864 040f 40       		.byte	0x40
 2865 0410 00       		.byte	0
 2866 0411 0F       		.uleb128 0xf
 2867 0412 22000000 		.4byte	.LVL60
 2868 0416 820B0000 		.4byte	0xb82
 2869 041a 24040000 		.4byte	0x424
 2870 041e 0D       		.uleb128 0xd
 2871 041f 01       		.uleb128 0x1
 2872 0420 50       		.byte	0x50
 2873 0421 01       		.uleb128 0x1
 2874 0422 40       		.byte	0x40
 2875 0423 00       		.byte	0
 2876 0424 0F       		.uleb128 0xf
 2877 0425 2A000000 		.4byte	.LVL61
 2878 0429 8D0B0000 		.4byte	0xb8d
 2879 042d 3C040000 		.4byte	0x43c
 2880 0431 0D       		.uleb128 0xd
 2881 0432 01       		.uleb128 0x1
 2882 0433 50       		.byte	0x50
 2883 0434 01       		.uleb128 0x1
 2884 0435 4D       		.byte	0x4d
 2885 0436 0D       		.uleb128 0xd
 2886 0437 01       		.uleb128 0x1
 2887 0438 51       		.byte	0x51
 2888 0439 01       		.uleb128 0x1
 2889 043a 37       		.byte	0x37
 2890 043b 00       		.byte	0
 2891 043c 0F       		.uleb128 0xf
 2892 043d 8C000000 		.4byte	.LVL62
 2893 0441 41010000 		.4byte	0x141
 2894 0445 6A040000 		.4byte	0x46a
 2895 0449 0D       		.uleb128 0xd
ARM GAS  C:\Users\elias\AppData\Local\Temp\ccZ9bC31.s 			page 90


 2896 044a 01       		.uleb128 0x1
 2897 044b 50       		.byte	0x50
 2898 044c 02       		.uleb128 0x2
 2899 044d 75       		.byte	0x75
 2900 044e 00       		.sleb128 0
 2901 044f 0D       		.uleb128 0xd
 2902 0450 01       		.uleb128 0x1
 2903 0451 51       		.byte	0x51
 2904 0452 03       		.uleb128 0x3
 2905 0453 0B       		.byte	0xb
 2906 0454 DA90     		.2byte	0x90da
 2907 0456 0D       		.uleb128 0xd
 2908 0457 01       		.uleb128 0x1
 2909 0458 52       		.byte	0x52
 2910 0459 03       		.uleb128 0x3
 2911 045a 0B       		.byte	0xb
 2912 045b 0080     		.2byte	0x8000
 2913 045d 0D       		.uleb128 0xd
 2914 045e 01       		.uleb128 0x1
 2915 045f 53       		.byte	0x53
 2916 0460 01       		.uleb128 0x1
 2917 0461 41       		.byte	0x41
 2918 0462 0D       		.uleb128 0xd
 2919 0463 02       		.uleb128 0x2
 2920 0464 7D       		.byte	0x7d
 2921 0465 00       		.sleb128 0
 2922 0466 02       		.uleb128 0x2
 2923 0467 78       		.byte	0x78
 2924 0468 00       		.sleb128 0
 2925 0469 00       		.byte	0
 2926 046a 0F       		.uleb128 0xf
 2927 046b A0000000 		.4byte	.LVL63
 2928 046f 41010000 		.4byte	0x141
 2929 0473 97040000 		.4byte	0x497
 2930 0477 0D       		.uleb128 0xd
 2931 0478 01       		.uleb128 0x1
 2932 0479 50       		.byte	0x50
 2933 047a 02       		.uleb128 0x2
 2934 047b 75       		.byte	0x75
 2935 047c 00       		.sleb128 0
 2936 047d 0D       		.uleb128 0xd
 2937 047e 01       		.uleb128 0x1
 2938 047f 51       		.byte	0x51
 2939 0480 03       		.uleb128 0x3
 2940 0481 0B       		.byte	0xb
 2941 0482 DA90     		.2byte	0x90da
 2942 0484 0D       		.uleb128 0xd
 2943 0485 01       		.uleb128 0x1
 2944 0486 52       		.byte	0x52
 2945 0487 03       		.uleb128 0x3
 2946 0488 0B       		.byte	0xb
 2947 0489 0080     		.2byte	0x8000
 2948 048b 0D       		.uleb128 0xd
 2949 048c 01       		.uleb128 0x1
 2950 048d 53       		.byte	0x53
 2951 048e 01       		.uleb128 0x1
 2952 048f 40       		.byte	0x40
ARM GAS  C:\Users\elias\AppData\Local\Temp\ccZ9bC31.s 			page 91


 2953 0490 0D       		.uleb128 0xd
 2954 0491 02       		.uleb128 0x2
 2955 0492 7D       		.byte	0x7d
 2956 0493 00       		.sleb128 0
 2957 0494 01       		.uleb128 0x1
 2958 0495 32       		.byte	0x32
 2959 0496 00       		.byte	0
 2960 0497 0F       		.uleb128 0xf
 2961 0498 B4000000 		.4byte	.LVL64
 2962 049c 41010000 		.4byte	0x141
 2963 04a0 C4040000 		.4byte	0x4c4
 2964 04a4 0D       		.uleb128 0xd
 2965 04a5 01       		.uleb128 0x1
 2966 04a6 50       		.byte	0x50
 2967 04a7 02       		.uleb128 0x2
 2968 04a8 75       		.byte	0x75
 2969 04a9 00       		.sleb128 0
 2970 04aa 0D       		.uleb128 0xd
 2971 04ab 01       		.uleb128 0x1
 2972 04ac 51       		.byte	0x51
 2973 04ad 03       		.uleb128 0x3
 2974 04ae 0B       		.byte	0xb
 2975 04af DA90     		.2byte	0x90da
 2976 04b1 0D       		.uleb128 0xd
 2977 04b2 01       		.uleb128 0x1
 2978 04b3 52       		.byte	0x52
 2979 04b4 03       		.uleb128 0x3
 2980 04b5 0B       		.byte	0xb
 2981 04b6 0080     		.2byte	0x8000
 2982 04b8 0D       		.uleb128 0xd
 2983 04b9 01       		.uleb128 0x1
 2984 04ba 53       		.byte	0x53
 2985 04bb 01       		.uleb128 0x1
 2986 04bc 40       		.byte	0x40
 2987 04bd 0D       		.uleb128 0xd
 2988 04be 02       		.uleb128 0x2
 2989 04bf 7D       		.byte	0x7d
 2990 04c0 00       		.sleb128 0
 2991 04c1 01       		.uleb128 0x1
 2992 04c2 33       		.byte	0x33
 2993 04c3 00       		.byte	0
 2994 04c4 0F       		.uleb128 0xf
 2995 04c5 C6000000 		.4byte	.LVL65
 2996 04c9 41010000 		.4byte	0x141
 2997 04cd F2040000 		.4byte	0x4f2
 2998 04d1 0D       		.uleb128 0xd
 2999 04d2 01       		.uleb128 0x1
 3000 04d3 50       		.byte	0x50
 3001 04d4 02       		.uleb128 0x2
 3002 04d5 75       		.byte	0x75
 3003 04d6 00       		.sleb128 0
 3004 04d7 0D       		.uleb128 0xd
 3005 04d8 01       		.uleb128 0x1
 3006 04d9 51       		.byte	0x51
 3007 04da 03       		.uleb128 0x3
 3008 04db 0B       		.byte	0xb
 3009 04dc DA90     		.2byte	0x90da
ARM GAS  C:\Users\elias\AppData\Local\Temp\ccZ9bC31.s 			page 92


 3010 04de 0D       		.uleb128 0xd
 3011 04df 01       		.uleb128 0x1
 3012 04e0 52       		.byte	0x52
 3013 04e1 03       		.uleb128 0x3
 3014 04e2 0B       		.byte	0xb
 3015 04e3 0080     		.2byte	0x8000
 3016 04e5 0D       		.uleb128 0xd
 3017 04e6 01       		.uleb128 0x1
 3018 04e7 53       		.byte	0x53
 3019 04e8 01       		.uleb128 0x1
 3020 04e9 40       		.byte	0x40
 3021 04ea 0D       		.uleb128 0xd
 3022 04eb 02       		.uleb128 0x2
 3023 04ec 7D       		.byte	0x7d
 3024 04ed 00       		.sleb128 0
 3025 04ee 02       		.uleb128 0x2
 3026 04ef 75       		.byte	0x75
 3027 04f0 00       		.sleb128 0
 3028 04f1 00       		.byte	0
 3029 04f2 0E       		.uleb128 0xe
 3030 04f3 E6000000 		.4byte	.LVL66
 3031 04f7 5A020000 		.4byte	0x25a
 3032 04fb 00       		.byte	0
 3033 04fc 10       		.uleb128 0x10
 3034 04fd 0F000000 		.4byte	.LASF42
 3035 0501 01       		.byte	0x1
 3036 0502 BA       		.byte	0xba
 3037 0503 00000000 		.4byte	.LFB1
 3038 0507 D8000000 		.4byte	.LFE1-.LFB1
 3039 050b 01       		.uleb128 0x1
 3040 050c 9C       		.byte	0x9c
 3041 050d 58050000 		.4byte	0x558
 3042 0511 11       		.uleb128 0x11
 3043 0512 FE040000 		.4byte	.LASF31
 3044 0516 01       		.byte	0x1
 3045 0517 BC       		.byte	0xbc
 3046 0518 72000000 		.4byte	0x72
 3047 051c 12       		.uleb128 0x12
 3048 051d 8A050000 		.4byte	.LASF39
 3049 0521 01       		.byte	0x1
 3050 0522 BD       		.byte	0xbd
 3051 0523 72000000 		.4byte	0x72
 3052 0527 47020000 		.4byte	.LLST12
 3053 052b 0E       		.uleb128 0xe
 3054 052c 06000000 		.4byte	.LVL67
 3055 0530 350B0000 		.4byte	0xb35
 3056 0534 0F       		.uleb128 0xf
 3057 0535 54000000 		.4byte	.LVL70
 3058 0539 400B0000 		.4byte	0xb40
 3059 053d 47050000 		.4byte	0x547
 3060 0541 0D       		.uleb128 0xd
 3061 0542 01       		.uleb128 0x1
 3062 0543 50       		.byte	0x50
 3063 0544 01       		.uleb128 0x1
 3064 0545 33       		.byte	0x33
 3065 0546 00       		.byte	0
 3066 0547 0C       		.uleb128 0xc
ARM GAS  C:\Users\elias\AppData\Local\Temp\ccZ9bC31.s 			page 93


 3067 0548 B0000000 		.4byte	.LVL71
 3068 054c 4B0B0000 		.4byte	0xb4b
 3069 0550 0D       		.uleb128 0xd
 3070 0551 01       		.uleb128 0x1
 3071 0552 50       		.byte	0x50
 3072 0553 02       		.uleb128 0x2
 3073 0554 76       		.byte	0x76
 3074 0555 00       		.sleb128 0
 3075 0556 00       		.byte	0
 3076 0557 00       		.byte	0
 3077 0558 13       		.uleb128 0x13
 3078 0559 0C060000 		.4byte	.LASF43
 3079 055d 01       		.byte	0x1
 3080 055e 4E01     		.2byte	0x14e
 3081 0560 00000000 		.4byte	.LFB2
 3082 0564 28000000 		.4byte	.LFE2-.LFB2
 3083 0568 01       		.uleb128 0x1
 3084 0569 9C       		.byte	0x9c
 3085 056a 81050000 		.4byte	0x581
 3086 056e 0E       		.uleb128 0xe
 3087 056f 16000000 		.4byte	.LVL73
 3088 0573 E9030000 		.4byte	0x3e9
 3089 0577 0E       		.uleb128 0xe
 3090 0578 20000000 		.4byte	.LVL74
 3091 057c FC040000 		.4byte	0x4fc
 3092 0580 00       		.byte	0
 3093 0581 13       		.uleb128 0x13
 3094 0582 93000000 		.4byte	.LASF44
 3095 0586 01       		.byte	0x1
 3096 0587 6F01     		.2byte	0x16f
 3097 0589 00000000 		.4byte	.LFB3
 3098 058d E4000000 		.4byte	.LFE3-.LFB3
 3099 0591 01       		.uleb128 0x1
 3100 0592 9C       		.byte	0x9c
 3101 0593 D4050000 		.4byte	0x5d4
 3102 0597 0B       		.uleb128 0xb
 3103 0598 8A050000 		.4byte	.LASF39
 3104 059c 01       		.byte	0x1
 3105 059d 7101     		.2byte	0x171
 3106 059f 72000000 		.4byte	0x72
 3107 05a3 5A020000 		.4byte	.LLST13
 3108 05a7 0E       		.uleb128 0xe
 3109 05a8 06000000 		.4byte	.LVL75
 3110 05ac 350B0000 		.4byte	0xb35
 3111 05b0 0F       		.uleb128 0xf
 3112 05b1 4C000000 		.4byte	.LVL77
 3113 05b5 400B0000 		.4byte	0xb40
 3114 05b9 C3050000 		.4byte	0x5c3
 3115 05bd 0D       		.uleb128 0xd
 3116 05be 01       		.uleb128 0x1
 3117 05bf 50       		.byte	0x50
 3118 05c0 01       		.uleb128 0x1
 3119 05c1 33       		.byte	0x33
 3120 05c2 00       		.byte	0
 3121 05c3 0C       		.uleb128 0xc
 3122 05c4 CC000000 		.4byte	.LVL78
 3123 05c8 4B0B0000 		.4byte	0xb4b
ARM GAS  C:\Users\elias\AppData\Local\Temp\ccZ9bC31.s 			page 94


 3124 05cc 0D       		.uleb128 0xd
 3125 05cd 01       		.uleb128 0x1
 3126 05ce 50       		.byte	0x50
 3127 05cf 02       		.uleb128 0x2
 3128 05d0 76       		.byte	0x76
 3129 05d1 00       		.sleb128 0
 3130 05d2 00       		.byte	0
 3131 05d3 00       		.byte	0
 3132 05d4 13       		.uleb128 0x13
 3133 05d5 84060000 		.4byte	.LASF45
 3134 05d9 01       		.byte	0x1
 3135 05da B201     		.2byte	0x1b2
 3136 05dc 00000000 		.4byte	.LFB4
 3137 05e0 18000000 		.4byte	.LFE4-.LFB4
 3138 05e4 01       		.uleb128 0x1
 3139 05e5 9C       		.byte	0x9c
 3140 05e6 0B060000 		.4byte	0x60b
 3141 05ea 0A       		.uleb128 0xa
 3142 05eb EC020000 		.4byte	.LASF46
 3143 05ef 01       		.byte	0x1
 3144 05f0 B201     		.2byte	0x1b2
 3145 05f2 72000000 		.4byte	0x72
 3146 05f6 6D020000 		.4byte	.LLST14
 3147 05fa 0B       		.uleb128 0xb
 3148 05fb 9F060000 		.4byte	.LASF47
 3149 05ff 01       		.byte	0x1
 3150 0600 B401     		.2byte	0x1b4
 3151 0602 72000000 		.4byte	0x72
 3152 0606 8E020000 		.4byte	.LLST15
 3153 060a 00       		.byte	0
 3154 060b 13       		.uleb128 0x13
 3155 060c C9040000 		.4byte	.LASF48
 3156 0610 01       		.byte	0x1
 3157 0611 D601     		.2byte	0x1d6
 3158 0613 00000000 		.4byte	.LFB5
 3159 0617 18000000 		.4byte	.LFE5-.LFB5
 3160 061b 01       		.uleb128 0x1
 3161 061c 9C       		.byte	0x9c
 3162 061d 42060000 		.4byte	0x642
 3163 0621 0A       		.uleb128 0xa
 3164 0622 05030000 		.4byte	.LASF49
 3165 0626 01       		.byte	0x1
 3166 0627 D601     		.2byte	0x1d6
 3167 0629 72000000 		.4byte	0x72
 3168 062d AC020000 		.4byte	.LLST16
 3169 0631 0B       		.uleb128 0xb
 3170 0632 9F060000 		.4byte	.LASF47
 3171 0636 01       		.byte	0x1
 3172 0637 D801     		.2byte	0x1d8
 3173 0639 72000000 		.4byte	0x72
 3174 063d CD020000 		.4byte	.LLST17
 3175 0641 00       		.byte	0
 3176 0642 14       		.uleb128 0x14
 3177 0643 B8050000 		.4byte	.LASF53
 3178 0647 01       		.byte	0x1
 3179 0648 FE01     		.2byte	0x1fe
 3180 064a 72000000 		.4byte	0x72
ARM GAS  C:\Users\elias\AppData\Local\Temp\ccZ9bC31.s 			page 95


 3181 064e 00000000 		.4byte	.LFB6
 3182 0652 74000000 		.4byte	.LFE6-.LFB6
 3183 0656 01       		.uleb128 0x1
 3184 0657 9C       		.byte	0x9c
 3185 0658 9D060000 		.4byte	0x69d
 3186 065c 0A       		.uleb128 0xa
 3187 065d 01060000 		.4byte	.LASF50
 3188 0661 01       		.byte	0x1
 3189 0662 FE01     		.2byte	0x1fe
 3190 0664 BA000000 		.4byte	0xba
 3191 0668 EB020000 		.4byte	.LLST18
 3192 066c 0B       		.uleb128 0xb
 3193 066d 9F060000 		.4byte	.LASF47
 3194 0671 01       		.byte	0x1
 3195 0672 0002     		.2byte	0x200
 3196 0674 7E000000 		.4byte	0x7e
 3197 0678 19030000 		.4byte	.LLST19
 3198 067c 0B       		.uleb128 0xb
 3199 067d FA050000 		.4byte	.LASF51
 3200 0681 01       		.byte	0x1
 3201 0682 0102     		.2byte	0x201
 3202 0684 72000000 		.4byte	0x72
 3203 0688 51030000 		.4byte	.LLST20
 3204 068c 0B       		.uleb128 0xb
 3205 068d 12050000 		.4byte	.LASF52
 3206 0691 01       		.byte	0x1
 3207 0692 0202     		.2byte	0x202
 3208 0694 BA000000 		.4byte	0xba
 3209 0698 70030000 		.4byte	.LLST21
 3210 069c 00       		.byte	0
 3211 069d 15       		.uleb128 0x15
 3212 069e DC060000 		.4byte	.LASF54
 3213 06a2 01       		.byte	0x1
 3214 06a3 2D02     		.2byte	0x22d
 3215 06a5 7E000000 		.4byte	0x7e
 3216 06a9 00000000 		.4byte	.LFB7
 3217 06ad 24000000 		.4byte	.LFE7-.LFB7
 3218 06b1 01       		.uleb128 0x1
 3219 06b2 9C       		.byte	0x9c
 3220 06b3 D8060000 		.4byte	0x6d8
 3221 06b7 0B       		.uleb128 0xb
 3222 06b8 CD050000 		.4byte	.LASF55
 3223 06bc 01       		.byte	0x1
 3224 06bd 2F02     		.2byte	0x22f
 3225 06bf 72000000 		.4byte	0x72
 3226 06c3 AF030000 		.4byte	.LLST22
 3227 06c7 0B       		.uleb128 0xb
 3228 06c8 E8010000 		.4byte	.LASF34
 3229 06cc 01       		.byte	0x1
 3230 06cd 3002     		.2byte	0x230
 3231 06cf 7E000000 		.4byte	0x7e
 3232 06d3 C2030000 		.4byte	.LLST23
 3233 06d7 00       		.byte	0
 3234 06d8 16       		.uleb128 0x16
 3235 06d9 7A040000 		.4byte	.LASF56
 3236 06dd 01       		.byte	0x1
 3237 06de 4F02     		.2byte	0x24f
ARM GAS  C:\Users\elias\AppData\Local\Temp\ccZ9bC31.s 			page 96


 3238 06e0 00000000 		.4byte	.LFB8
 3239 06e4 10000000 		.4byte	.LFE8-.LFB8
 3240 06e8 01       		.uleb128 0x1
 3241 06e9 9C       		.byte	0x9c
 3242 06ea 16       		.uleb128 0x16
 3243 06eb 25060000 		.4byte	.LASF57
 3244 06ef 01       		.byte	0x1
 3245 06f0 6602     		.2byte	0x266
 3246 06f2 00000000 		.4byte	.LFB9
 3247 06f6 10000000 		.4byte	.LFE9-.LFB9
 3248 06fa 01       		.uleb128 0x1
 3249 06fb 9C       		.byte	0x9c
 3250 06fc 15       		.uleb128 0x15
 3251 06fd 9B050000 		.4byte	.LASF58
 3252 0701 01       		.byte	0x1
 3253 0702 8902     		.2byte	0x289
 3254 0704 72000000 		.4byte	0x72
 3255 0708 00000000 		.4byte	.LFB10
 3256 070c 30000000 		.4byte	.LFE10-.LFB10
 3257 0710 01       		.uleb128 0x1
 3258 0711 9C       		.byte	0x9c
 3259 0712 37070000 		.4byte	0x737
 3260 0716 0A       		.uleb128 0xa
 3261 0717 61010000 		.4byte	.LASF59
 3262 071b 01       		.byte	0x1
 3263 071c 8902     		.2byte	0x289
 3264 071e 72000000 		.4byte	0x72
 3265 0722 E0030000 		.4byte	.LLST24
 3266 0726 0B       		.uleb128 0xb
 3267 0727 FA050000 		.4byte	.LASF51
 3268 072b 01       		.byte	0x1
 3269 072c 8B02     		.2byte	0x28b
 3270 072e 72000000 		.4byte	0x72
 3271 0732 01040000 		.4byte	.LLST25
 3272 0736 00       		.byte	0
 3273 0737 15       		.uleb128 0x15
 3274 0738 CD000000 		.4byte	.LASF60
 3275 073c 01       		.byte	0x1
 3276 073d B802     		.2byte	0x2b8
 3277 073f 96000000 		.4byte	0x96
 3278 0743 00000000 		.4byte	.LFB11
 3279 0747 48000000 		.4byte	.LFE11-.LFB11
 3280 074b 01       		.uleb128 0x1
 3281 074c 9C       		.byte	0x9c
 3282 074d 70070000 		.4byte	0x770
 3283 0751 17       		.uleb128 0x17
 3284 0752 B9060000 		.4byte	.LASF61
 3285 0756 01       		.byte	0x1
 3286 0757 BA02     		.2byte	0x2ba
 3287 0759 96000000 		.4byte	0x96
 3288 075d 01       		.uleb128 0x1
 3289 075e 50       		.byte	0x50
 3290 075f 0B       		.uleb128 0xb
 3291 0760 05030000 		.4byte	.LASF49
 3292 0764 01       		.byte	0x1
 3293 0765 BB02     		.2byte	0x2bb
 3294 0767 72000000 		.4byte	0x72
ARM GAS  C:\Users\elias\AppData\Local\Temp\ccZ9bC31.s 			page 97


 3295 076b 1F040000 		.4byte	.LLST26
 3296 076f 00       		.byte	0
 3297 0770 15       		.uleb128 0x15
 3298 0771 79020000 		.4byte	.LASF62
 3299 0775 01       		.byte	0x1
 3300 0776 EE02     		.2byte	0x2ee
 3301 0778 A2000000 		.4byte	0xa2
 3302 077c 00000000 		.4byte	.LFB12
 3303 0780 50000000 		.4byte	.LFE12-.LFB12
 3304 0784 01       		.uleb128 0x1
 3305 0785 9C       		.byte	0x9c
 3306 0786 AB070000 		.4byte	0x7ab
 3307 078a 0B       		.uleb128 0xb
 3308 078b B9060000 		.4byte	.LASF61
 3309 078f 01       		.byte	0x1
 3310 0790 F002     		.2byte	0x2f0
 3311 0792 7E000000 		.4byte	0x7e
 3312 0796 3D040000 		.4byte	.LLST27
 3313 079a 0B       		.uleb128 0xb
 3314 079b 05030000 		.4byte	.LASF49
 3315 079f 01       		.byte	0x1
 3316 07a0 F102     		.2byte	0x2f1
 3317 07a2 72000000 		.4byte	0x72
 3318 07a6 66040000 		.4byte	.LLST28
 3319 07aa 00       		.byte	0
 3320 07ab 15       		.uleb128 0x15
 3321 07ac AB040000 		.4byte	.LASF63
 3322 07b0 01       		.byte	0x1
 3323 07b1 2A03     		.2byte	0x32a
 3324 07b3 AE000000 		.4byte	0xae
 3325 07b7 00000000 		.4byte	.LFB13
 3326 07bb 6C000000 		.4byte	.LFE13-.LFB13
 3327 07bf 01       		.uleb128 0x1
 3328 07c0 9C       		.byte	0x9c
 3329 07c1 E6070000 		.4byte	0x7e6
 3330 07c5 0B       		.uleb128 0xb
 3331 07c6 B9060000 		.4byte	.LASF61
 3332 07ca 01       		.byte	0x1
 3333 07cb 2C03     		.2byte	0x32c
 3334 07cd 8A000000 		.4byte	0x8a
 3335 07d1 84040000 		.4byte	.LLST29
 3336 07d5 0B       		.uleb128 0xb
 3337 07d6 05030000 		.4byte	.LASF49
 3338 07da 01       		.byte	0x1
 3339 07db 2D03     		.2byte	0x32d
 3340 07dd 72000000 		.4byte	0x72
 3341 07e1 E5040000 		.4byte	.LLST30
 3342 07e5 00       		.byte	0
 3343 07e6 13       		.uleb128 0x13
 3344 07e7 C3030000 		.4byte	.LASF64
 3345 07eb 01       		.byte	0x1
 3346 07ec 8703     		.2byte	0x387
 3347 07ee 00000000 		.4byte	.LFB14
 3348 07f2 0C000000 		.4byte	.LFE14-.LFB14
 3349 07f6 01       		.uleb128 0x1
 3350 07f7 9C       		.byte	0x9c
 3351 07f8 0B080000 		.4byte	0x80b
ARM GAS  C:\Users\elias\AppData\Local\Temp\ccZ9bC31.s 			page 98


 3352 07fc 18       		.uleb128 0x18
 3353 07fd 36050000 		.4byte	.LASF65
 3354 0801 01       		.byte	0x1
 3355 0802 8703     		.2byte	0x387
 3356 0804 AE000000 		.4byte	0xae
 3357 0808 01       		.uleb128 0x1
 3358 0809 50       		.byte	0x50
 3359 080a 00       		.byte	0
 3360 080b 13       		.uleb128 0x13
 3361 080c 3E060000 		.4byte	.LASF66
 3362 0810 01       		.byte	0x1
 3363 0811 AA03     		.2byte	0x3aa
 3364 0813 00000000 		.4byte	.LFB15
 3365 0817 0C000000 		.4byte	.LFE15-.LFB15
 3366 081b 01       		.uleb128 0x1
 3367 081c 9C       		.byte	0x9c
 3368 081d 30080000 		.4byte	0x830
 3369 0821 18       		.uleb128 0x18
 3370 0822 07000000 		.4byte	.LASF67
 3371 0826 01       		.byte	0x1
 3372 0827 AA03     		.2byte	0x3aa
 3373 0829 AE000000 		.4byte	0xae
 3374 082d 01       		.uleb128 0x1
 3375 082e 50       		.byte	0x50
 3376 082f 00       		.byte	0
 3377 0830 15       		.uleb128 0x15
 3378 0831 67060000 		.4byte	.LASF68
 3379 0835 01       		.byte	0x1
 3380 0836 C503     		.2byte	0x3c5
 3381 0838 A2000000 		.4byte	0xa2
 3382 083c 00000000 		.4byte	.LFB16
 3383 0840 24000000 		.4byte	.LFE16-.LFB16
 3384 0844 01       		.uleb128 0x1
 3385 0845 9C       		.byte	0x9c
 3386 0846 69080000 		.4byte	0x869
 3387 084a 0A       		.uleb128 0xa
 3388 084b 62050000 		.4byte	.LASF69
 3389 084f 01       		.byte	0x1
 3390 0850 C503     		.2byte	0x3c5
 3391 0852 AE000000 		.4byte	0xae
 3392 0856 0E050000 		.4byte	.LLST31
 3393 085a 17       		.uleb128 0x17
 3394 085b 42020000 		.4byte	.LASF70
 3395 085f 01       		.byte	0x1
 3396 0860 C803     		.2byte	0x3c8
 3397 0862 A2000000 		.4byte	0xa2
 3398 0866 01       		.uleb128 0x1
 3399 0867 50       		.byte	0x50
 3400 0868 00       		.byte	0
 3401 0869 14       		.uleb128 0x14
 3402 086a 55020000 		.4byte	.LASF71
 3403 086e 01       		.byte	0x1
 3404 086f 0204     		.2byte	0x402
 3405 0871 BA000000 		.4byte	0xba
 3406 0875 00000000 		.4byte	.LFB17
 3407 0879 28000000 		.4byte	.LFE17-.LFB17
 3408 087d 01       		.uleb128 0x1
ARM GAS  C:\Users\elias\AppData\Local\Temp\ccZ9bC31.s 			page 99


 3409 087e 9C       		.byte	0x9c
 3410 087f A2080000 		.4byte	0x8a2
 3411 0883 0A       		.uleb128 0xa
 3412 0884 62050000 		.4byte	.LASF69
 3413 0888 01       		.byte	0x1
 3414 0889 0204     		.2byte	0x402
 3415 088b AE000000 		.4byte	0xae
 3416 088f 2C050000 		.4byte	.LLST32
 3417 0893 17       		.uleb128 0x17
 3418 0894 3F010000 		.4byte	.LASF72
 3419 0898 01       		.byte	0x1
 3420 0899 0504     		.2byte	0x405
 3421 089b BA000000 		.4byte	0xba
 3422 089f 01       		.uleb128 0x1
 3423 08a0 50       		.byte	0x50
 3424 08a1 00       		.byte	0
 3425 08a2 15       		.uleb128 0x15
 3426 08a3 CF020000 		.4byte	.LASF73
 3427 08a7 01       		.byte	0x1
 3428 08a8 4404     		.2byte	0x444
 3429 08aa AE000000 		.4byte	0xae
 3430 08ae 00000000 		.4byte	.LFB18
 3431 08b2 74000000 		.4byte	.LFE18-.LFB18
 3432 08b6 01       		.uleb128 0x1
 3433 08b7 9C       		.byte	0x9c
 3434 08b8 0D090000 		.4byte	0x90d
 3435 08bc 0A       		.uleb128 0xa
 3436 08bd 62050000 		.4byte	.LASF69
 3437 08c1 01       		.byte	0x1
 3438 08c2 4404     		.2byte	0x444
 3439 08c4 AE000000 		.4byte	0xae
 3440 08c8 5A050000 		.4byte	.LLST33
 3441 08cc 0B       		.uleb128 0xb
 3442 08cd 76010000 		.4byte	.LASF74
 3443 08d1 01       		.byte	0x1
 3444 08d2 4704     		.2byte	0x447
 3445 08d4 AE000000 		.4byte	0xae
 3446 08d8 7B050000 		.4byte	.LLST34
 3447 08dc 0B       		.uleb128 0xb
 3448 08dd 9F040000 		.4byte	.LASF75
 3449 08e1 01       		.byte	0x1
 3450 08e2 4804     		.2byte	0x448
 3451 08e4 AE000000 		.4byte	0xae
 3452 08e8 9E050000 		.4byte	.LLST35
 3453 08ec 0B       		.uleb128 0xb
 3454 08ed A5040000 		.4byte	.LASF76
 3455 08f1 01       		.byte	0x1
 3456 08f2 4904     		.2byte	0x449
 3457 08f4 AE000000 		.4byte	0xae
 3458 08f8 C1050000 		.4byte	.LLST36
 3459 08fc 0B       		.uleb128 0xb
 3460 08fd 94040000 		.4byte	.LASF30
 3461 0901 01       		.byte	0x1
 3462 0902 4A04     		.2byte	0x44a
 3463 0904 72000000 		.4byte	0x72
 3464 0908 E0050000 		.4byte	.LLST37
 3465 090c 00       		.byte	0
ARM GAS  C:\Users\elias\AppData\Local\Temp\ccZ9bC31.s 			page 100


 3466 090d 13       		.uleb128 0x13
 3467 090e 56000000 		.4byte	.LASF77
 3468 0912 01       		.byte	0x1
 3469 0913 1806     		.2byte	0x618
 3470 0915 00000000 		.4byte	.LFB20
 3471 0919 64000000 		.4byte	.LFE20-.LFB20
 3472 091d 01       		.uleb128 0x1
 3473 091e 9C       		.byte	0x9c
 3474 091f 82090000 		.4byte	0x982
 3475 0923 0A       		.uleb128 0xa
 3476 0924 FE040000 		.4byte	.LASF31
 3477 0928 01       		.byte	0x1
 3478 0929 1806     		.2byte	0x618
 3479 092b 72000000 		.4byte	0x72
 3480 092f F3050000 		.4byte	.LLST38
 3481 0933 0A       		.uleb128 0xa
 3482 0934 0A050000 		.4byte	.LASF78
 3483 0938 01       		.byte	0x1
 3484 0939 1806     		.2byte	0x618
 3485 093b 72000000 		.4byte	0x72
 3486 093f 2D060000 		.4byte	.LLST39
 3487 0943 0E       		.uleb128 0xe
 3488 0944 22000000 		.4byte	.LVL164
 3489 0948 81050000 		.4byte	0x581
 3490 094c 0F       		.uleb128 0xf
 3491 094d 28000000 		.4byte	.LVL165
 3492 0951 5A020000 		.4byte	0x25a
 3493 0955 60090000 		.4byte	0x960
 3494 0959 0D       		.uleb128 0xd
 3495 095a 01       		.uleb128 0x1
 3496 095b 50       		.byte	0x50
 3497 095c 02       		.uleb128 0x2
 3498 095d 74       		.byte	0x74
 3499 095e 00       		.sleb128 0
 3500 095f 00       		.byte	0
 3501 0960 0E       		.uleb128 0xe
 3502 0961 46000000 		.4byte	.LVL166
 3503 0965 58050000 		.4byte	0x558
 3504 0969 0E       		.uleb128 0xe
 3505 096a 4A000000 		.4byte	.LVL167
 3506 096e D8060000 		.4byte	0x6d8
 3507 0972 0C       		.uleb128 0xc
 3508 0973 52000000 		.4byte	.LVL170
 3509 0977 2A0B0000 		.4byte	0xb2a
 3510 097b 0D       		.uleb128 0xd
 3511 097c 01       		.uleb128 0x1
 3512 097d 50       		.byte	0x50
 3513 097e 01       		.uleb128 0x1
 3514 097f 30       		.byte	0x30
 3515 0980 00       		.byte	0
 3516 0981 00       		.byte	0
 3517 0982 15       		.uleb128 0x15
 3518 0983 A6060000 		.4byte	.LASF79
 3519 0987 01       		.byte	0x1
 3520 0988 EA06     		.2byte	0x6ea
 3521 098a 96000000 		.4byte	0x96
 3522 098e 00000000 		.4byte	.LFB23
ARM GAS  C:\Users\elias\AppData\Local\Temp\ccZ9bC31.s 			page 101


 3523 0992 28000000 		.4byte	.LFE23-.LFB23
 3524 0996 01       		.uleb128 0x1
 3525 0997 9C       		.byte	0x9c
 3526 0998 DB090000 		.4byte	0x9db
 3527 099c 0B       		.uleb128 0xb
 3528 099d B9060000 		.4byte	.LASF61
 3529 09a1 01       		.byte	0x1
 3530 09a2 EC06     		.2byte	0x6ec
 3531 09a4 96000000 		.4byte	0x96
 3532 09a8 67060000 		.4byte	.LLST40
 3533 09ac 0E       		.uleb128 0xe
 3534 09ad 10000000 		.4byte	.LVL171
 3535 09b1 D8060000 		.4byte	0x6d8
 3536 09b5 0F       		.uleb128 0xf
 3537 09b6 16000000 		.4byte	.LVL172
 3538 09ba FC060000 		.4byte	0x6fc
 3539 09be C8090000 		.4byte	0x9c8
 3540 09c2 0D       		.uleb128 0xd
 3541 09c3 01       		.uleb128 0x1
 3542 09c4 50       		.byte	0x50
 3543 09c5 01       		.uleb128 0x1
 3544 09c6 30       		.byte	0x30
 3545 09c7 00       		.byte	0
 3546 09c8 0E       		.uleb128 0xe
 3547 09c9 1A000000 		.4byte	.LVL173
 3548 09cd 37070000 		.4byte	0x737
 3549 09d1 0E       		.uleb128 0xe
 3550 09d2 20000000 		.4byte	.LVL175
 3551 09d6 EA060000 		.4byte	0x6ea
 3552 09da 00       		.byte	0
 3553 09db 15       		.uleb128 0x15
 3554 09dc 53060000 		.4byte	.LASF80
 3555 09e0 01       		.byte	0x1
 3556 09e1 0B07     		.2byte	0x70b
 3557 09e3 A2000000 		.4byte	0xa2
 3558 09e7 00000000 		.4byte	.LFB24
 3559 09eb 28000000 		.4byte	.LFE24-.LFB24
 3560 09ef 01       		.uleb128 0x1
 3561 09f0 9C       		.byte	0x9c
 3562 09f1 340A0000 		.4byte	0xa34
 3563 09f5 0B       		.uleb128 0xb
 3564 09f6 B9060000 		.4byte	.LASF61
 3565 09fa 01       		.byte	0x1
 3566 09fb 0D07     		.2byte	0x70d
 3567 09fd A2000000 		.4byte	0xa2
 3568 0a01 7A060000 		.4byte	.LLST41
 3569 0a05 0E       		.uleb128 0xe
 3570 0a06 10000000 		.4byte	.LVL177
 3571 0a0a D8060000 		.4byte	0x6d8
 3572 0a0e 0F       		.uleb128 0xf
 3573 0a0f 16000000 		.4byte	.LVL178
 3574 0a13 FC060000 		.4byte	0x6fc
 3575 0a17 210A0000 		.4byte	0xa21
 3576 0a1b 0D       		.uleb128 0xd
 3577 0a1c 01       		.uleb128 0x1
 3578 0a1d 50       		.byte	0x50
 3579 0a1e 01       		.uleb128 0x1
ARM GAS  C:\Users\elias\AppData\Local\Temp\ccZ9bC31.s 			page 102


 3580 0a1f 30       		.byte	0x30
 3581 0a20 00       		.byte	0
 3582 0a21 0E       		.uleb128 0xe
 3583 0a22 1A000000 		.4byte	.LVL179
 3584 0a26 70070000 		.4byte	0x770
 3585 0a2a 0E       		.uleb128 0xe
 3586 0a2b 20000000 		.4byte	.LVL181
 3587 0a2f EA060000 		.4byte	0x6ea
 3588 0a33 00       		.byte	0
 3589 0a34 15       		.uleb128 0x15
 3590 0a35 05010000 		.4byte	.LASF81
 3591 0a39 01       		.byte	0x1
 3592 0a3a 2C07     		.2byte	0x72c
 3593 0a3c AE000000 		.4byte	0xae
 3594 0a40 00000000 		.4byte	.LFB25
 3595 0a44 28000000 		.4byte	.LFE25-.LFB25
 3596 0a48 01       		.uleb128 0x1
 3597 0a49 9C       		.byte	0x9c
 3598 0a4a 8D0A0000 		.4byte	0xa8d
 3599 0a4e 0B       		.uleb128 0xb
 3600 0a4f B9060000 		.4byte	.LASF61
 3601 0a53 01       		.byte	0x1
 3602 0a54 2E07     		.2byte	0x72e
 3603 0a56 AE000000 		.4byte	0xae
 3604 0a5a 8D060000 		.4byte	.LLST42
 3605 0a5e 0E       		.uleb128 0xe
 3606 0a5f 10000000 		.4byte	.LVL183
 3607 0a63 D8060000 		.4byte	0x6d8
 3608 0a67 0F       		.uleb128 0xf
 3609 0a68 16000000 		.4byte	.LVL184
 3610 0a6c FC060000 		.4byte	0x6fc
 3611 0a70 7A0A0000 		.4byte	0xa7a
 3612 0a74 0D       		.uleb128 0xd
 3613 0a75 01       		.uleb128 0x1
 3614 0a76 50       		.byte	0x50
 3615 0a77 01       		.uleb128 0x1
 3616 0a78 30       		.byte	0x30
 3617 0a79 00       		.byte	0
 3618 0a7a 0E       		.uleb128 0xe
 3619 0a7b 1A000000 		.4byte	.LVL185
 3620 0a7f AB070000 		.4byte	0x7ab
 3621 0a83 0E       		.uleb128 0xe
 3622 0a84 20000000 		.4byte	.LVL187
 3623 0a88 EA060000 		.4byte	0x6ea
 3624 0a8c 00       		.byte	0
 3625 0a8d 19       		.uleb128 0x19
 3626 0a8e 36010000 		.4byte	0x136
 3627 0a92 9D0A0000 		.4byte	0xa9d
 3628 0a96 1A       		.uleb128 0x1a
 3629 0a97 0E010000 		.4byte	0x10e
 3630 0a9b 03       		.byte	0x3
 3631 0a9c 00       		.byte	0
 3632 0a9d 1B       		.uleb128 0x1b
 3633 0a9e F2060000 		.4byte	.LASF82
 3634 0aa2 01       		.byte	0x1
 3635 0aa3 3D       		.byte	0x3d
 3636 0aa4 8D0A0000 		.4byte	0xa8d
ARM GAS  C:\Users\elias\AppData\Local\Temp\ccZ9bC31.s 			page 103


 3637 0aa8 05       		.uleb128 0x5
 3638 0aa9 03       		.byte	0x3
 3639 0aaa 00000000 		.4byte	ADC_DelSig_1_gcor
 3640 0aae 1C       		.uleb128 0x1c
 3641 0aaf 7D010000 		.4byte	.LASF83
 3642 0ab3 01       		.byte	0x1
 3643 0ab4 2C       		.byte	0x2c
 3644 0ab5 72000000 		.4byte	0x72
 3645 0ab9 05       		.uleb128 0x5
 3646 0aba 03       		.byte	0x3
 3647 0abb 00000000 		.4byte	ADC_DelSig_1_initVar
 3648 0abf 1C       		.uleb128 0x1c
 3649 0ac0 9B020000 		.4byte	.LASF84
 3650 0ac4 01       		.byte	0x1
 3651 0ac5 24       		.byte	0x24
 3652 0ac6 E0000000 		.4byte	0xe0
 3653 0aca 05       		.uleb128 0x5
 3654 0acb 03       		.byte	0x3
 3655 0acc 00000000 		.4byte	ADC_DelSig_1_convDone
 3656 0ad0 1C       		.uleb128 0x1c
 3657 0ad1 C0060000 		.4byte	.LASF85
 3658 0ad5 01       		.byte	0x1
 3659 0ad6 29       		.byte	0x29
 3660 0ad7 E0000000 		.4byte	0xe0
 3661 0adb 05       		.uleb128 0x5
 3662 0adc 03       		.byte	0x3
 3663 0add 00000000 		.4byte	ADC_DelSig_1_stopConversion
 3664 0ae1 1C       		.uleb128 0x1c
 3665 0ae2 BB010000 		.4byte	.LASF86
 3666 0ae6 01       		.byte	0x1
 3667 0ae7 2F       		.byte	0x2f
 3668 0ae8 E0000000 		.4byte	0xe0
 3669 0aec 05       		.uleb128 0x5
 3670 0aed 03       		.byte	0x3
 3671 0aee 00000000 		.4byte	ADC_DelSig_1_started
 3672 0af2 1C       		.uleb128 0x1c
 3673 0af3 F1020000 		.4byte	.LASF87
 3674 0af7 01       		.byte	0x1
 3675 0af8 32       		.byte	0x32
 3676 0af9 E0000000 		.4byte	0xe0
 3677 0afd 05       		.uleb128 0x5
 3678 0afe 03       		.byte	0x3
 3679 0aff 00000000 		.4byte	ADC_DelSig_1_Config
 3680 0b03 1C       		.uleb128 0x1c
 3681 0b04 7D030000 		.4byte	.LASF88
 3682 0b08 01       		.byte	0x1
 3683 0b09 34       		.byte	0x34
 3684 0b0a 140B0000 		.4byte	0xb14
 3685 0b0e 05       		.uleb128 0x5
 3686 0b0f 03       		.byte	0x3
 3687 0b10 00000000 		.4byte	ADC_DelSig_1_Offset
 3688 0b14 05       		.uleb128 0x5
 3689 0b15 AE000000 		.4byte	0xae
 3690 0b19 1C       		.uleb128 0x1c
 3691 0b1a E3040000 		.4byte	.LASF89
 3692 0b1e 01       		.byte	0x1
 3693 0b1f 35       		.byte	0x35
ARM GAS  C:\Users\elias\AppData\Local\Temp\ccZ9bC31.s 			page 104


 3694 0b20 140B0000 		.4byte	0xb14
 3695 0b24 05       		.uleb128 0x5
 3696 0b25 03       		.byte	0x3
 3697 0b26 00000000 		.4byte	ADC_DelSig_1_CountsPerVolt
 3698 0b2a 1D       		.uleb128 0x1d
 3699 0b2b AE030000 		.4byte	.LASF90
 3700 0b2f AE030000 		.4byte	.LASF90
 3701 0b33 04       		.byte	0x4
 3702 0b34 7F       		.byte	0x7f
 3703 0b35 1D       		.uleb128 0x1d
 3704 0b36 A4010000 		.4byte	.LASF91
 3705 0b3a A4010000 		.4byte	.LASF91
 3706 0b3e 04       		.byte	0x4
 3707 0b3f 7D       		.byte	0x7d
 3708 0b40 1D       		.uleb128 0x1d
 3709 0b41 2E010000 		.4byte	.LASF92
 3710 0b45 2E010000 		.4byte	.LASF92
 3711 0b49 04       		.byte	0x4
 3712 0b4a 77       		.byte	0x77
 3713 0b4b 1D       		.uleb128 0x1d
 3714 0b4c 67030000 		.4byte	.LASF93
 3715 0b50 67030000 		.4byte	.LASF93
 3716 0b54 04       		.byte	0x4
 3717 0b55 7E       		.byte	0x7e
 3718 0b56 1D       		.uleb128 0x1d
 3719 0b57 17020000 		.4byte	.LASF94
 3720 0b5b 17020000 		.4byte	.LASF94
 3721 0b5f 05       		.byte	0x5
 3722 0b60 2F       		.byte	0x2f
 3723 0b61 1D       		.uleb128 0x1d
 3724 0b62 2E000000 		.4byte	.LASF95
 3725 0b66 2E000000 		.4byte	.LASF95
 3726 0b6a 06       		.byte	0x6
 3727 0b6b 2F       		.byte	0x2f
 3728 0b6c 1D       		.uleb128 0x1d
 3729 0b6d 4C010000 		.4byte	.LASF96
 3730 0b71 4C010000 		.4byte	.LASF96
 3731 0b75 04       		.byte	0x4
 3732 0b76 88       		.byte	0x88
 3733 0b77 1D       		.uleb128 0x1d
 3734 0b78 20030000 		.4byte	.LASF97
 3735 0b7c 20030000 		.4byte	.LASF97
 3736 0b80 05       		.byte	0x5
 3737 0b81 32       		.byte	0x32
 3738 0b82 1D       		.uleb128 0x1d
 3739 0b83 3D050000 		.4byte	.LASF98
 3740 0b87 3D050000 		.4byte	.LASF98
 3741 0b8b 06       		.byte	0x6
 3742 0b8c 32       		.byte	0x32
 3743 0b8d 1D       		.uleb128 0x1d
 3744 0b8e 0F030000 		.4byte	.LASF99
 3745 0b92 0F030000 		.4byte	.LASF99
 3746 0b96 04       		.byte	0x4
 3747 0b97 8B       		.byte	0x8b
 3748 0b98 00       		.byte	0
 3749              		.section	.debug_abbrev,"",%progbits
 3750              	.Ldebug_abbrev0:
ARM GAS  C:\Users\elias\AppData\Local\Temp\ccZ9bC31.s 			page 105


 3751 0000 01       		.uleb128 0x1
 3752 0001 11       		.uleb128 0x11
 3753 0002 01       		.byte	0x1
 3754 0003 25       		.uleb128 0x25
 3755 0004 0E       		.uleb128 0xe
 3756 0005 13       		.uleb128 0x13
 3757 0006 0B       		.uleb128 0xb
 3758 0007 03       		.uleb128 0x3
 3759 0008 0E       		.uleb128 0xe
 3760 0009 1B       		.uleb128 0x1b
 3761 000a 0E       		.uleb128 0xe
 3762 000b 55       		.uleb128 0x55
 3763 000c 17       		.uleb128 0x17
 3764 000d 11       		.uleb128 0x11
 3765 000e 01       		.uleb128 0x1
 3766 000f 10       		.uleb128 0x10
 3767 0010 17       		.uleb128 0x17
 3768 0011 00       		.byte	0
 3769 0012 00       		.byte	0
 3770 0013 02       		.uleb128 0x2
 3771 0014 24       		.uleb128 0x24
 3772 0015 00       		.byte	0
 3773 0016 0B       		.uleb128 0xb
 3774 0017 0B       		.uleb128 0xb
 3775 0018 3E       		.uleb128 0x3e
 3776 0019 0B       		.uleb128 0xb
 3777 001a 03       		.uleb128 0x3
 3778 001b 0E       		.uleb128 0xe
 3779 001c 00       		.byte	0
 3780 001d 00       		.byte	0
 3781 001e 03       		.uleb128 0x3
 3782 001f 24       		.uleb128 0x24
 3783 0020 00       		.byte	0
 3784 0021 0B       		.uleb128 0xb
 3785 0022 0B       		.uleb128 0xb
 3786 0023 3E       		.uleb128 0x3e
 3787 0024 0B       		.uleb128 0xb
 3788 0025 03       		.uleb128 0x3
 3789 0026 08       		.uleb128 0x8
 3790 0027 00       		.byte	0
 3791 0028 00       		.byte	0
 3792 0029 04       		.uleb128 0x4
 3793 002a 16       		.uleb128 0x16
 3794 002b 00       		.byte	0
 3795 002c 03       		.uleb128 0x3
 3796 002d 0E       		.uleb128 0xe
 3797 002e 3A       		.uleb128 0x3a
 3798 002f 0B       		.uleb128 0xb
 3799 0030 3B       		.uleb128 0x3b
 3800 0031 05       		.uleb128 0x5
 3801 0032 49       		.uleb128 0x49
 3802 0033 13       		.uleb128 0x13
 3803 0034 00       		.byte	0
 3804 0035 00       		.byte	0
 3805 0036 05       		.uleb128 0x5
 3806 0037 35       		.uleb128 0x35
 3807 0038 00       		.byte	0
ARM GAS  C:\Users\elias\AppData\Local\Temp\ccZ9bC31.s 			page 106


 3808 0039 49       		.uleb128 0x49
 3809 003a 13       		.uleb128 0x13
 3810 003b 00       		.byte	0
 3811 003c 00       		.byte	0
 3812 003d 06       		.uleb128 0x6
 3813 003e 13       		.uleb128 0x13
 3814 003f 01       		.byte	0x1
 3815 0040 0B       		.uleb128 0xb
 3816 0041 0B       		.uleb128 0xb
 3817 0042 3A       		.uleb128 0x3a
 3818 0043 0B       		.uleb128 0xb
 3819 0044 3B       		.uleb128 0x3b
 3820 0045 0B       		.uleb128 0xb
 3821 0046 01       		.uleb128 0x1
 3822 0047 13       		.uleb128 0x13
 3823 0048 00       		.byte	0
 3824 0049 00       		.byte	0
 3825 004a 07       		.uleb128 0x7
 3826 004b 0D       		.uleb128 0xd
 3827 004c 00       		.byte	0
 3828 004d 03       		.uleb128 0x3
 3829 004e 0E       		.uleb128 0xe
 3830 004f 3A       		.uleb128 0x3a
 3831 0050 0B       		.uleb128 0xb
 3832 0051 3B       		.uleb128 0x3b
 3833 0052 0B       		.uleb128 0xb
 3834 0053 49       		.uleb128 0x49
 3835 0054 13       		.uleb128 0x13
 3836 0055 38       		.uleb128 0x38
 3837 0056 0B       		.uleb128 0xb
 3838 0057 00       		.byte	0
 3839 0058 00       		.byte	0
 3840 0059 08       		.uleb128 0x8
 3841 005a 16       		.uleb128 0x16
 3842 005b 00       		.byte	0
 3843 005c 03       		.uleb128 0x3
 3844 005d 0E       		.uleb128 0xe
 3845 005e 3A       		.uleb128 0x3a
 3846 005f 0B       		.uleb128 0xb
 3847 0060 3B       		.uleb128 0x3b
 3848 0061 0B       		.uleb128 0xb
 3849 0062 49       		.uleb128 0x49
 3850 0063 13       		.uleb128 0x13
 3851 0064 00       		.byte	0
 3852 0065 00       		.byte	0
 3853 0066 09       		.uleb128 0x9
 3854 0067 2E       		.uleb128 0x2e
 3855 0068 01       		.byte	0x1
 3856 0069 03       		.uleb128 0x3
 3857 006a 0E       		.uleb128 0xe
 3858 006b 3A       		.uleb128 0x3a
 3859 006c 0B       		.uleb128 0xb
 3860 006d 3B       		.uleb128 0x3b
 3861 006e 05       		.uleb128 0x5
 3862 006f 27       		.uleb128 0x27
 3863 0070 19       		.uleb128 0x19
 3864 0071 11       		.uleb128 0x11
ARM GAS  C:\Users\elias\AppData\Local\Temp\ccZ9bC31.s 			page 107


 3865 0072 01       		.uleb128 0x1
 3866 0073 12       		.uleb128 0x12
 3867 0074 06       		.uleb128 0x6
 3868 0075 40       		.uleb128 0x40
 3869 0076 18       		.uleb128 0x18
 3870 0077 9742     		.uleb128 0x2117
 3871 0079 19       		.uleb128 0x19
 3872 007a 01       		.uleb128 0x1
 3873 007b 13       		.uleb128 0x13
 3874 007c 00       		.byte	0
 3875 007d 00       		.byte	0
 3876 007e 0A       		.uleb128 0xa
 3877 007f 05       		.uleb128 0x5
 3878 0080 00       		.byte	0
 3879 0081 03       		.uleb128 0x3
 3880 0082 0E       		.uleb128 0xe
 3881 0083 3A       		.uleb128 0x3a
 3882 0084 0B       		.uleb128 0xb
 3883 0085 3B       		.uleb128 0x3b
 3884 0086 05       		.uleb128 0x5
 3885 0087 49       		.uleb128 0x49
 3886 0088 13       		.uleb128 0x13
 3887 0089 02       		.uleb128 0x2
 3888 008a 17       		.uleb128 0x17
 3889 008b 00       		.byte	0
 3890 008c 00       		.byte	0
 3891 008d 0B       		.uleb128 0xb
 3892 008e 34       		.uleb128 0x34
 3893 008f 00       		.byte	0
 3894 0090 03       		.uleb128 0x3
 3895 0091 0E       		.uleb128 0xe
 3896 0092 3A       		.uleb128 0x3a
 3897 0093 0B       		.uleb128 0xb
 3898 0094 3B       		.uleb128 0x3b
 3899 0095 05       		.uleb128 0x5
 3900 0096 49       		.uleb128 0x49
 3901 0097 13       		.uleb128 0x13
 3902 0098 02       		.uleb128 0x2
 3903 0099 17       		.uleb128 0x17
 3904 009a 00       		.byte	0
 3905 009b 00       		.byte	0
 3906 009c 0C       		.uleb128 0xc
 3907 009d 898201   		.uleb128 0x4109
 3908 00a0 01       		.byte	0x1
 3909 00a1 11       		.uleb128 0x11
 3910 00a2 01       		.uleb128 0x1
 3911 00a3 31       		.uleb128 0x31
 3912 00a4 13       		.uleb128 0x13
 3913 00a5 00       		.byte	0
 3914 00a6 00       		.byte	0
 3915 00a7 0D       		.uleb128 0xd
 3916 00a8 8A8201   		.uleb128 0x410a
 3917 00ab 00       		.byte	0
 3918 00ac 02       		.uleb128 0x2
 3919 00ad 18       		.uleb128 0x18
 3920 00ae 9142     		.uleb128 0x2111
 3921 00b0 18       		.uleb128 0x18
ARM GAS  C:\Users\elias\AppData\Local\Temp\ccZ9bC31.s 			page 108


 3922 00b1 00       		.byte	0
 3923 00b2 00       		.byte	0
 3924 00b3 0E       		.uleb128 0xe
 3925 00b4 898201   		.uleb128 0x4109
 3926 00b7 00       		.byte	0
 3927 00b8 11       		.uleb128 0x11
 3928 00b9 01       		.uleb128 0x1
 3929 00ba 31       		.uleb128 0x31
 3930 00bb 13       		.uleb128 0x13
 3931 00bc 00       		.byte	0
 3932 00bd 00       		.byte	0
 3933 00be 0F       		.uleb128 0xf
 3934 00bf 898201   		.uleb128 0x4109
 3935 00c2 01       		.byte	0x1
 3936 00c3 11       		.uleb128 0x11
 3937 00c4 01       		.uleb128 0x1
 3938 00c5 31       		.uleb128 0x31
 3939 00c6 13       		.uleb128 0x13
 3940 00c7 01       		.uleb128 0x1
 3941 00c8 13       		.uleb128 0x13
 3942 00c9 00       		.byte	0
 3943 00ca 00       		.byte	0
 3944 00cb 10       		.uleb128 0x10
 3945 00cc 2E       		.uleb128 0x2e
 3946 00cd 01       		.byte	0x1
 3947 00ce 3F       		.uleb128 0x3f
 3948 00cf 19       		.uleb128 0x19
 3949 00d0 03       		.uleb128 0x3
 3950 00d1 0E       		.uleb128 0xe
 3951 00d2 3A       		.uleb128 0x3a
 3952 00d3 0B       		.uleb128 0xb
 3953 00d4 3B       		.uleb128 0x3b
 3954 00d5 0B       		.uleb128 0xb
 3955 00d6 27       		.uleb128 0x27
 3956 00d7 19       		.uleb128 0x19
 3957 00d8 11       		.uleb128 0x11
 3958 00d9 01       		.uleb128 0x1
 3959 00da 12       		.uleb128 0x12
 3960 00db 06       		.uleb128 0x6
 3961 00dc 40       		.uleb128 0x40
 3962 00dd 18       		.uleb128 0x18
 3963 00de 9742     		.uleb128 0x2117
 3964 00e0 19       		.uleb128 0x19
 3965 00e1 01       		.uleb128 0x1
 3966 00e2 13       		.uleb128 0x13
 3967 00e3 00       		.byte	0
 3968 00e4 00       		.byte	0
 3969 00e5 11       		.uleb128 0x11
 3970 00e6 34       		.uleb128 0x34
 3971 00e7 00       		.byte	0
 3972 00e8 03       		.uleb128 0x3
 3973 00e9 0E       		.uleb128 0xe
 3974 00ea 3A       		.uleb128 0x3a
 3975 00eb 0B       		.uleb128 0xb
 3976 00ec 3B       		.uleb128 0x3b
 3977 00ed 0B       		.uleb128 0xb
 3978 00ee 49       		.uleb128 0x49
ARM GAS  C:\Users\elias\AppData\Local\Temp\ccZ9bC31.s 			page 109


 3979 00ef 13       		.uleb128 0x13
 3980 00f0 00       		.byte	0
 3981 00f1 00       		.byte	0
 3982 00f2 12       		.uleb128 0x12
 3983 00f3 34       		.uleb128 0x34
 3984 00f4 00       		.byte	0
 3985 00f5 03       		.uleb128 0x3
 3986 00f6 0E       		.uleb128 0xe
 3987 00f7 3A       		.uleb128 0x3a
 3988 00f8 0B       		.uleb128 0xb
 3989 00f9 3B       		.uleb128 0x3b
 3990 00fa 0B       		.uleb128 0xb
 3991 00fb 49       		.uleb128 0x49
 3992 00fc 13       		.uleb128 0x13
 3993 00fd 02       		.uleb128 0x2
 3994 00fe 17       		.uleb128 0x17
 3995 00ff 00       		.byte	0
 3996 0100 00       		.byte	0
 3997 0101 13       		.uleb128 0x13
 3998 0102 2E       		.uleb128 0x2e
 3999 0103 01       		.byte	0x1
 4000 0104 3F       		.uleb128 0x3f
 4001 0105 19       		.uleb128 0x19
 4002 0106 03       		.uleb128 0x3
 4003 0107 0E       		.uleb128 0xe
 4004 0108 3A       		.uleb128 0x3a
 4005 0109 0B       		.uleb128 0xb
 4006 010a 3B       		.uleb128 0x3b
 4007 010b 05       		.uleb128 0x5
 4008 010c 27       		.uleb128 0x27
 4009 010d 19       		.uleb128 0x19
 4010 010e 11       		.uleb128 0x11
 4011 010f 01       		.uleb128 0x1
 4012 0110 12       		.uleb128 0x12
 4013 0111 06       		.uleb128 0x6
 4014 0112 40       		.uleb128 0x40
 4015 0113 18       		.uleb128 0x18
 4016 0114 9742     		.uleb128 0x2117
 4017 0116 19       		.uleb128 0x19
 4018 0117 01       		.uleb128 0x1
 4019 0118 13       		.uleb128 0x13
 4020 0119 00       		.byte	0
 4021 011a 00       		.byte	0
 4022 011b 14       		.uleb128 0x14
 4023 011c 2E       		.uleb128 0x2e
 4024 011d 01       		.byte	0x1
 4025 011e 3F       		.uleb128 0x3f
 4026 011f 19       		.uleb128 0x19
 4027 0120 03       		.uleb128 0x3
 4028 0121 0E       		.uleb128 0xe
 4029 0122 3A       		.uleb128 0x3a
 4030 0123 0B       		.uleb128 0xb
 4031 0124 3B       		.uleb128 0x3b
 4032 0125 05       		.uleb128 0x5
 4033 0126 27       		.uleb128 0x27
 4034 0127 19       		.uleb128 0x19
 4035 0128 49       		.uleb128 0x49
ARM GAS  C:\Users\elias\AppData\Local\Temp\ccZ9bC31.s 			page 110


 4036 0129 13       		.uleb128 0x13
 4037 012a 11       		.uleb128 0x11
 4038 012b 01       		.uleb128 0x1
 4039 012c 12       		.uleb128 0x12
 4040 012d 06       		.uleb128 0x6
 4041 012e 40       		.uleb128 0x40
 4042 012f 18       		.uleb128 0x18
 4043 0130 9642     		.uleb128 0x2116
 4044 0132 19       		.uleb128 0x19
 4045 0133 01       		.uleb128 0x1
 4046 0134 13       		.uleb128 0x13
 4047 0135 00       		.byte	0
 4048 0136 00       		.byte	0
 4049 0137 15       		.uleb128 0x15
 4050 0138 2E       		.uleb128 0x2e
 4051 0139 01       		.byte	0x1
 4052 013a 3F       		.uleb128 0x3f
 4053 013b 19       		.uleb128 0x19
 4054 013c 03       		.uleb128 0x3
 4055 013d 0E       		.uleb128 0xe
 4056 013e 3A       		.uleb128 0x3a
 4057 013f 0B       		.uleb128 0xb
 4058 0140 3B       		.uleb128 0x3b
 4059 0141 05       		.uleb128 0x5
 4060 0142 27       		.uleb128 0x27
 4061 0143 19       		.uleb128 0x19
 4062 0144 49       		.uleb128 0x49
 4063 0145 13       		.uleb128 0x13
 4064 0146 11       		.uleb128 0x11
 4065 0147 01       		.uleb128 0x1
 4066 0148 12       		.uleb128 0x12
 4067 0149 06       		.uleb128 0x6
 4068 014a 40       		.uleb128 0x40
 4069 014b 18       		.uleb128 0x18
 4070 014c 9742     		.uleb128 0x2117
 4071 014e 19       		.uleb128 0x19
 4072 014f 01       		.uleb128 0x1
 4073 0150 13       		.uleb128 0x13
 4074 0151 00       		.byte	0
 4075 0152 00       		.byte	0
 4076 0153 16       		.uleb128 0x16
 4077 0154 2E       		.uleb128 0x2e
 4078 0155 00       		.byte	0
 4079 0156 3F       		.uleb128 0x3f
 4080 0157 19       		.uleb128 0x19
 4081 0158 03       		.uleb128 0x3
 4082 0159 0E       		.uleb128 0xe
 4083 015a 3A       		.uleb128 0x3a
 4084 015b 0B       		.uleb128 0xb
 4085 015c 3B       		.uleb128 0x3b
 4086 015d 05       		.uleb128 0x5
 4087 015e 27       		.uleb128 0x27
 4088 015f 19       		.uleb128 0x19
 4089 0160 11       		.uleb128 0x11
 4090 0161 01       		.uleb128 0x1
 4091 0162 12       		.uleb128 0x12
 4092 0163 06       		.uleb128 0x6
ARM GAS  C:\Users\elias\AppData\Local\Temp\ccZ9bC31.s 			page 111


 4093 0164 40       		.uleb128 0x40
 4094 0165 18       		.uleb128 0x18
 4095 0166 9742     		.uleb128 0x2117
 4096 0168 19       		.uleb128 0x19
 4097 0169 00       		.byte	0
 4098 016a 00       		.byte	0
 4099 016b 17       		.uleb128 0x17
 4100 016c 34       		.uleb128 0x34
 4101 016d 00       		.byte	0
 4102 016e 03       		.uleb128 0x3
 4103 016f 0E       		.uleb128 0xe
 4104 0170 3A       		.uleb128 0x3a
 4105 0171 0B       		.uleb128 0xb
 4106 0172 3B       		.uleb128 0x3b
 4107 0173 05       		.uleb128 0x5
 4108 0174 49       		.uleb128 0x49
 4109 0175 13       		.uleb128 0x13
 4110 0176 02       		.uleb128 0x2
 4111 0177 18       		.uleb128 0x18
 4112 0178 00       		.byte	0
 4113 0179 00       		.byte	0
 4114 017a 18       		.uleb128 0x18
 4115 017b 05       		.uleb128 0x5
 4116 017c 00       		.byte	0
 4117 017d 03       		.uleb128 0x3
 4118 017e 0E       		.uleb128 0xe
 4119 017f 3A       		.uleb128 0x3a
 4120 0180 0B       		.uleb128 0xb
 4121 0181 3B       		.uleb128 0x3b
 4122 0182 05       		.uleb128 0x5
 4123 0183 49       		.uleb128 0x49
 4124 0184 13       		.uleb128 0x13
 4125 0185 02       		.uleb128 0x2
 4126 0186 18       		.uleb128 0x18
 4127 0187 00       		.byte	0
 4128 0188 00       		.byte	0
 4129 0189 19       		.uleb128 0x19
 4130 018a 01       		.uleb128 0x1
 4131 018b 01       		.byte	0x1
 4132 018c 49       		.uleb128 0x49
 4133 018d 13       		.uleb128 0x13
 4134 018e 01       		.uleb128 0x1
 4135 018f 13       		.uleb128 0x13
 4136 0190 00       		.byte	0
 4137 0191 00       		.byte	0
 4138 0192 1A       		.uleb128 0x1a
 4139 0193 21       		.uleb128 0x21
 4140 0194 00       		.byte	0
 4141 0195 49       		.uleb128 0x49
 4142 0196 13       		.uleb128 0x13
 4143 0197 2F       		.uleb128 0x2f
 4144 0198 0B       		.uleb128 0xb
 4145 0199 00       		.byte	0
 4146 019a 00       		.byte	0
 4147 019b 1B       		.uleb128 0x1b
 4148 019c 34       		.uleb128 0x34
 4149 019d 00       		.byte	0
ARM GAS  C:\Users\elias\AppData\Local\Temp\ccZ9bC31.s 			page 112


 4150 019e 03       		.uleb128 0x3
 4151 019f 0E       		.uleb128 0xe
 4152 01a0 3A       		.uleb128 0x3a
 4153 01a1 0B       		.uleb128 0xb
 4154 01a2 3B       		.uleb128 0x3b
 4155 01a3 0B       		.uleb128 0xb
 4156 01a4 49       		.uleb128 0x49
 4157 01a5 13       		.uleb128 0x13
 4158 01a6 02       		.uleb128 0x2
 4159 01a7 18       		.uleb128 0x18
 4160 01a8 00       		.byte	0
 4161 01a9 00       		.byte	0
 4162 01aa 1C       		.uleb128 0x1c
 4163 01ab 34       		.uleb128 0x34
 4164 01ac 00       		.byte	0
 4165 01ad 03       		.uleb128 0x3
 4166 01ae 0E       		.uleb128 0xe
 4167 01af 3A       		.uleb128 0x3a
 4168 01b0 0B       		.uleb128 0xb
 4169 01b1 3B       		.uleb128 0x3b
 4170 01b2 0B       		.uleb128 0xb
 4171 01b3 49       		.uleb128 0x49
 4172 01b4 13       		.uleb128 0x13
 4173 01b5 3F       		.uleb128 0x3f
 4174 01b6 19       		.uleb128 0x19
 4175 01b7 02       		.uleb128 0x2
 4176 01b8 18       		.uleb128 0x18
 4177 01b9 00       		.byte	0
 4178 01ba 00       		.byte	0
 4179 01bb 1D       		.uleb128 0x1d
 4180 01bc 2E       		.uleb128 0x2e
 4181 01bd 00       		.byte	0
 4182 01be 3F       		.uleb128 0x3f
 4183 01bf 19       		.uleb128 0x19
 4184 01c0 3C       		.uleb128 0x3c
 4185 01c1 19       		.uleb128 0x19
 4186 01c2 6E       		.uleb128 0x6e
 4187 01c3 0E       		.uleb128 0xe
 4188 01c4 03       		.uleb128 0x3
 4189 01c5 0E       		.uleb128 0xe
 4190 01c6 3A       		.uleb128 0x3a
 4191 01c7 0B       		.uleb128 0xb
 4192 01c8 3B       		.uleb128 0x3b
 4193 01c9 0B       		.uleb128 0xb
 4194 01ca 00       		.byte	0
 4195 01cb 00       		.byte	0
 4196 01cc 00       		.byte	0
 4197              		.section	.debug_loc,"",%progbits
 4198              	.Ldebug_loc0:
 4199              	.LLST0:
 4200 0000 00000000 		.4byte	.LVL0
 4201 0004 10000000 		.4byte	.LVL1
 4202 0008 0100     		.2byte	0x1
 4203 000a 50       		.byte	0x50
 4204 000b 10000000 		.4byte	.LVL1
 4205 000f B2000000 		.4byte	.LVL31
 4206 0013 0400     		.2byte	0x4
ARM GAS  C:\Users\elias\AppData\Local\Temp\ccZ9bC31.s 			page 113


 4207 0015 F3       		.byte	0xf3
 4208 0016 01       		.uleb128 0x1
 4209 0017 50       		.byte	0x50
 4210 0018 9F       		.byte	0x9f
 4211 0019 B2000000 		.4byte	.LVL31
 4212 001d B4000000 		.4byte	.LVL32
 4213 0021 0100     		.2byte	0x1
 4214 0023 50       		.byte	0x50
 4215 0024 B4000000 		.4byte	.LVL32
 4216 0028 E0000000 		.4byte	.LFE21
 4217 002c 0400     		.2byte	0x4
 4218 002e F3       		.byte	0xf3
 4219 002f 01       		.uleb128 0x1
 4220 0030 50       		.byte	0x50
 4221 0031 9F       		.byte	0x9f
 4222 0032 00000000 		.4byte	0
 4223 0036 00000000 		.4byte	0
 4224              	.LLST1:
 4225 003a 00000000 		.4byte	.LVL0
 4226 003e 78000000 		.4byte	.LVL19
 4227 0042 0100     		.2byte	0x1
 4228 0044 51       		.byte	0x51
 4229 0045 78000000 		.4byte	.LVL19
 4230 0049 B2000000 		.4byte	.LVL31
 4231 004d 0400     		.2byte	0x4
 4232 004f F3       		.byte	0xf3
 4233 0050 01       		.uleb128 0x1
 4234 0051 51       		.byte	0x51
 4235 0052 9F       		.byte	0x9f
 4236 0053 B2000000 		.4byte	.LVL31
 4237 0057 B7000000 		.4byte	.LVL33-1
 4238 005b 0100     		.2byte	0x1
 4239 005d 51       		.byte	0x51
 4240 005e B7000000 		.4byte	.LVL33-1
 4241 0062 E0000000 		.4byte	.LFE21
 4242 0066 0400     		.2byte	0x4
 4243 0068 F3       		.byte	0xf3
 4244 0069 01       		.uleb128 0x1
 4245 006a 51       		.byte	0x51
 4246 006b 9F       		.byte	0x9f
 4247 006c 00000000 		.4byte	0
 4248 0070 00000000 		.4byte	0
 4249              	.LLST2:
 4250 0074 00000000 		.4byte	.LVL0
 4251 0078 7C000000 		.4byte	.LVL20
 4252 007c 0100     		.2byte	0x1
 4253 007e 52       		.byte	0x52
 4254 007f 7C000000 		.4byte	.LVL20
 4255 0083 B2000000 		.4byte	.LVL31
 4256 0087 0400     		.2byte	0x4
 4257 0089 F3       		.byte	0xf3
 4258 008a 01       		.uleb128 0x1
 4259 008b 52       		.byte	0x52
 4260 008c 9F       		.byte	0x9f
 4261 008d B2000000 		.4byte	.LVL31
 4262 0091 B7000000 		.4byte	.LVL33-1
 4263 0095 0100     		.2byte	0x1
ARM GAS  C:\Users\elias\AppData\Local\Temp\ccZ9bC31.s 			page 114


 4264 0097 52       		.byte	0x52
 4265 0098 B7000000 		.4byte	.LVL33-1
 4266 009c E0000000 		.4byte	.LFE21
 4267 00a0 0400     		.2byte	0x4
 4268 00a2 F3       		.byte	0xf3
 4269 00a3 01       		.uleb128 0x1
 4270 00a4 52       		.byte	0x52
 4271 00a5 9F       		.byte	0x9f
 4272 00a6 00000000 		.4byte	0
 4273 00aa 00000000 		.4byte	0
 4274              	.LLST3:
 4275 00ae 00000000 		.4byte	.LVL0
 4276 00b2 98000000 		.4byte	.LVL27
 4277 00b6 0100     		.2byte	0x1
 4278 00b8 53       		.byte	0x53
 4279 00b9 98000000 		.4byte	.LVL27
 4280 00bd 9C000000 		.4byte	.LVL28
 4281 00c1 0400     		.2byte	0x4
 4282 00c3 F3       		.byte	0xf3
 4283 00c4 01       		.uleb128 0x1
 4284 00c5 53       		.byte	0x53
 4285 00c6 9F       		.byte	0x9f
 4286 00c7 9C000000 		.4byte	.LVL28
 4287 00cb 9E000000 		.4byte	.LVL29
 4288 00cf 0100     		.2byte	0x1
 4289 00d1 53       		.byte	0x53
 4290 00d2 9E000000 		.4byte	.LVL29
 4291 00d6 B2000000 		.4byte	.LVL31
 4292 00da 0400     		.2byte	0x4
 4293 00dc F3       		.byte	0xf3
 4294 00dd 01       		.uleb128 0x1
 4295 00de 53       		.byte	0x53
 4296 00df 9F       		.byte	0x9f
 4297 00e0 B2000000 		.4byte	.LVL31
 4298 00e4 B7000000 		.4byte	.LVL33-1
 4299 00e8 0100     		.2byte	0x1
 4300 00ea 53       		.byte	0x53
 4301 00eb B7000000 		.4byte	.LVL33-1
 4302 00ef E0000000 		.4byte	.LFE21
 4303 00f3 0400     		.2byte	0x4
 4304 00f5 F3       		.byte	0xf3
 4305 00f6 01       		.uleb128 0x1
 4306 00f7 53       		.byte	0x53
 4307 00f8 9F       		.byte	0x9f
 4308 00f9 00000000 		.4byte	0
 4309 00fd 00000000 		.4byte	0
 4310              	.LLST4:
 4311 0101 00000000 		.4byte	.LVL0
 4312 0105 B2000000 		.4byte	.LVL31
 4313 0109 0200     		.2byte	0x2
 4314 010b 91       		.byte	0x91
 4315 010c 00       		.sleb128 0
 4316 010d B2000000 		.4byte	.LVL31
 4317 0111 BA000000 		.4byte	.LVL34
 4318 0115 0200     		.2byte	0x2
 4319 0117 91       		.byte	0x91
 4320 0118 00       		.sleb128 0
ARM GAS  C:\Users\elias\AppData\Local\Temp\ccZ9bC31.s 			page 115


 4321 0119 BA000000 		.4byte	.LVL34
 4322 011d E0000000 		.4byte	.LFE21
 4323 0121 0200     		.2byte	0x2
 4324 0123 7D       		.byte	0x7d
 4325 0124 00       		.sleb128 0
 4326 0125 00000000 		.4byte	0
 4327 0129 00000000 		.4byte	0
 4328              	.LLST5:
 4329 012d 2C000000 		.4byte	.LVL2
 4330 0131 2E000000 		.4byte	.LVL3
 4331 0135 0100     		.2byte	0x1
 4332 0137 50       		.byte	0x50
 4333 0138 34000000 		.4byte	.LVL4
 4334 013c 36000000 		.4byte	.LVL5
 4335 0140 0100     		.2byte	0x1
 4336 0142 50       		.byte	0x50
 4337 0143 40000000 		.4byte	.LVL6
 4338 0147 42000000 		.4byte	.LVL7
 4339 014b 0100     		.2byte	0x1
 4340 014d 50       		.byte	0x50
 4341 014e 48000000 		.4byte	.LVL8
 4342 0152 4A000000 		.4byte	.LVL9
 4343 0156 0100     		.2byte	0x1
 4344 0158 50       		.byte	0x50
 4345 0159 54000000 		.4byte	.LVL10
 4346 015d 56000000 		.4byte	.LVL11
 4347 0161 0100     		.2byte	0x1
 4348 0163 50       		.byte	0x50
 4349 0164 5C000000 		.4byte	.LVL12
 4350 0168 5E000000 		.4byte	.LVL13
 4351 016c 0100     		.2byte	0x1
 4352 016e 50       		.byte	0x50
 4353 016f 68000000 		.4byte	.LVL14
 4354 0173 6A000000 		.4byte	.LVL15
 4355 0177 0100     		.2byte	0x1
 4356 0179 50       		.byte	0x50
 4357 017a 70000000 		.4byte	.LVL16
 4358 017e 72000000 		.4byte	.LVL17
 4359 0182 0100     		.2byte	0x1
 4360 0184 50       		.byte	0x50
 4361 0185 74000000 		.4byte	.LVL18
 4362 0189 92000000 		.4byte	.LVL26
 4363 018d 0100     		.2byte	0x1
 4364 018f 50       		.byte	0x50
 4365 0190 9C000000 		.4byte	.LVL28
 4366 0194 A8000000 		.4byte	.LVL30
 4367 0198 0100     		.2byte	0x1
 4368 019a 50       		.byte	0x50
 4369 019b 00000000 		.4byte	0
 4370 019f 00000000 		.4byte	0
 4371              	.LLST6:
 4372 01a3 78000000 		.4byte	.LVL19
 4373 01a7 80000000 		.4byte	.LVL22
 4374 01ab 0100     		.2byte	0x1
 4375 01ad 51       		.byte	0x51
 4376 01ae 00000000 		.4byte	0
 4377 01b2 00000000 		.4byte	0
ARM GAS  C:\Users\elias\AppData\Local\Temp\ccZ9bC31.s 			page 116


 4378              	.LLST7:
 4379 01b6 80000000 		.4byte	.LVL22
 4380 01ba 88000000 		.4byte	.LVL23
 4381 01be 0100     		.2byte	0x1
 4382 01c0 51       		.byte	0x51
 4383 01c1 88000000 		.4byte	.LVL23
 4384 01c5 8C000000 		.4byte	.LVL24
 4385 01c9 0100     		.2byte	0x1
 4386 01cb 52       		.byte	0x52
 4387 01cc 8E000000 		.4byte	.LVL25
 4388 01d0 B2000000 		.4byte	.LVL31
 4389 01d4 0100     		.2byte	0x1
 4390 01d6 51       		.byte	0x51
 4391 01d7 00000000 		.4byte	0
 4392 01db 00000000 		.4byte	0
 4393              	.LLST8:
 4394 01df 7C000000 		.4byte	.LVL20
 4395 01e3 7E000000 		.4byte	.LVL21
 4396 01e7 0100     		.2byte	0x1
 4397 01e9 52       		.byte	0x52
 4398 01ea 00000000 		.4byte	0
 4399 01ee 00000000 		.4byte	0
 4400              	.LLST9:
 4401 01f2 00000000 		.4byte	.LVL35
 4402 01f6 07000000 		.4byte	.LVL36-1
 4403 01fa 0100     		.2byte	0x1
 4404 01fc 50       		.byte	0x50
 4405 01fd 07000000 		.4byte	.LVL36-1
 4406 0201 4C000000 		.4byte	.LFE22
 4407 0205 0400     		.2byte	0x4
 4408 0207 F3       		.byte	0xf3
 4409 0208 01       		.uleb128 0x1
 4410 0209 50       		.byte	0x50
 4411 020a 9F       		.byte	0x9f
 4412 020b 00000000 		.4byte	0
 4413 020f 00000000 		.4byte	0
 4414              	.LLST10:
 4415 0213 0A000000 		.4byte	.LVL37
 4416 0217 40000000 		.4byte	.LVL40
 4417 021b 0100     		.2byte	0x1
 4418 021d 56       		.byte	0x56
 4419 021e 00000000 		.4byte	0
 4420 0222 00000000 		.4byte	0
 4421              	.LLST11:
 4422 0226 00000000 		.4byte	.LVL41
 4423 022a 86000000 		.4byte	.LVL42
 4424 022e 0100     		.2byte	0x1
 4425 0230 50       		.byte	0x50
 4426 0231 86000000 		.4byte	.LVL42
 4427 0235 18030000 		.4byte	.LFE19
 4428 0239 0400     		.2byte	0x4
 4429 023b F3       		.byte	0xf3
 4430 023c 01       		.uleb128 0x1
 4431 023d 50       		.byte	0x50
 4432 023e 9F       		.byte	0x9f
 4433 023f 00000000 		.4byte	0
 4434 0243 00000000 		.4byte	0
ARM GAS  C:\Users\elias\AppData\Local\Temp\ccZ9bC31.s 			page 117


 4435              	.LLST12:
 4436 0247 08000000 		.4byte	.LVL68
 4437 024b B2000000 		.4byte	.LVL72
 4438 024f 0100     		.2byte	0x1
 4439 0251 56       		.byte	0x56
 4440 0252 00000000 		.4byte	0
 4441 0256 00000000 		.4byte	0
 4442              	.LLST13:
 4443 025a 08000000 		.4byte	.LVL76
 4444 025e CE000000 		.4byte	.LVL79
 4445 0262 0100     		.2byte	0x1
 4446 0264 56       		.byte	0x56
 4447 0265 00000000 		.4byte	0
 4448 0269 00000000 		.4byte	0
 4449              	.LLST14:
 4450 026d 00000000 		.4byte	.LVL80
 4451 0271 0A000000 		.4byte	.LVL82
 4452 0275 0100     		.2byte	0x1
 4453 0277 50       		.byte	0x50
 4454 0278 0A000000 		.4byte	.LVL82
 4455 027c 18000000 		.4byte	.LFE4
 4456 0280 0400     		.2byte	0x4
 4457 0282 F3       		.byte	0xf3
 4458 0283 01       		.uleb128 0x1
 4459 0284 50       		.byte	0x50
 4460 0285 9F       		.byte	0x9f
 4461 0286 00000000 		.4byte	0
 4462 028a 00000000 		.4byte	0
 4463              	.LLST15:
 4464 028e 08000000 		.4byte	.LVL81
 4465 0292 10000000 		.4byte	.LVL83
 4466 0296 0100     		.2byte	0x1
 4467 0298 53       		.byte	0x53
 4468 0299 10000000 		.4byte	.LVL83
 4469 029d 18000000 		.4byte	.LFE4
 4470 02a1 0100     		.2byte	0x1
 4471 02a3 50       		.byte	0x50
 4472 02a4 00000000 		.4byte	0
 4473 02a8 00000000 		.4byte	0
 4474              	.LLST16:
 4475 02ac 00000000 		.4byte	.LVL84
 4476 02b0 0C000000 		.4byte	.LVL86
 4477 02b4 0100     		.2byte	0x1
 4478 02b6 50       		.byte	0x50
 4479 02b7 0C000000 		.4byte	.LVL86
 4480 02bb 18000000 		.4byte	.LFE5
 4481 02bf 0400     		.2byte	0x4
 4482 02c1 F3       		.byte	0xf3
 4483 02c2 01       		.uleb128 0x1
 4484 02c3 50       		.byte	0x50
 4485 02c4 9F       		.byte	0x9f
 4486 02c5 00000000 		.4byte	0
 4487 02c9 00000000 		.4byte	0
 4488              	.LLST17:
 4489 02cd 08000000 		.4byte	.LVL85
 4490 02d1 0E000000 		.4byte	.LVL87
 4491 02d5 0100     		.2byte	0x1
ARM GAS  C:\Users\elias\AppData\Local\Temp\ccZ9bC31.s 			page 118


 4492 02d7 53       		.byte	0x53
 4493 02d8 0E000000 		.4byte	.LVL87
 4494 02dc 18000000 		.4byte	.LFE5
 4495 02e0 0100     		.2byte	0x1
 4496 02e2 50       		.byte	0x50
 4497 02e3 00000000 		.4byte	0
 4498 02e7 00000000 		.4byte	0
 4499              	.LLST18:
 4500 02eb 00000000 		.4byte	.LVL88
 4501 02ef 10000000 		.4byte	.LVL90
 4502 02f3 0100     		.2byte	0x1
 4503 02f5 50       		.byte	0x50
 4504 02f6 10000000 		.4byte	.LVL90
 4505 02fa 24000000 		.4byte	.LVL94
 4506 02fe 0100     		.2byte	0x1
 4507 0300 54       		.byte	0x54
 4508 0301 24000000 		.4byte	.LVL94
 4509 0305 74000000 		.4byte	.LFE6
 4510 0309 0600     		.2byte	0x6
 4511 030b F3       		.byte	0xf3
 4512 030c 03       		.uleb128 0x3
 4513 030d F5       		.byte	0xf5
 4514 030e 00       		.uleb128 0
 4515 030f 25       		.uleb128 0x25
 4516 0310 9F       		.byte	0x9f
 4517 0311 00000000 		.4byte	0
 4518 0315 00000000 		.4byte	0
 4519              	.LLST19:
 4520 0319 0A000000 		.4byte	.LVL89
 4521 031d 13000000 		.4byte	.LVL91-1
 4522 0321 0A00     		.2byte	0xa
 4523 0323 73       		.byte	0x73
 4524 0324 00       		.sleb128 0
 4525 0325 32       		.byte	0x32
 4526 0326 24       		.byte	0x24
 4527 0327 03       		.byte	0x3
 4528 0328 00000000 		.4byte	.LANCHOR0
 4529 032c 22       		.byte	0x22
 4530 032d 44000000 		.4byte	.LVL99
 4531 0331 56000000 		.4byte	.LVL101
 4532 0335 0100     		.2byte	0x1
 4533 0337 50       		.byte	0x50
 4534 0338 56000000 		.4byte	.LVL101
 4535 033c 58000000 		.4byte	.LVL102
 4536 0340 0700     		.2byte	0x7
 4537 0342 73       		.byte	0x73
 4538 0343 00       		.sleb128 0
 4539 0344 32       		.byte	0x32
 4540 0345 24       		.byte	0x24
 4541 0346 72       		.byte	0x72
 4542 0347 00       		.sleb128 0
 4543 0348 22       		.byte	0x22
 4544 0349 00000000 		.4byte	0
 4545 034d 00000000 		.4byte	0
 4546              	.LLST20:
 4547 0351 54000000 		.4byte	.LVL100
 4548 0355 58000000 		.4byte	.LVL102
ARM GAS  C:\Users\elias\AppData\Local\Temp\ccZ9bC31.s 			page 119


 4549 0359 0200     		.2byte	0x2
 4550 035b 30       		.byte	0x30
 4551 035c 9F       		.byte	0x9f
 4552 035d 5A000000 		.4byte	.LVL103
 4553 0361 74000000 		.4byte	.LFE6
 4554 0365 0100     		.2byte	0x1
 4555 0367 50       		.byte	0x50
 4556 0368 00000000 		.4byte	0
 4557 036c 00000000 		.4byte	0
 4558              	.LLST21:
 4559 0370 1C000000 		.4byte	.LVL92
 4560 0374 21000000 		.4byte	.LVL93-1
 4561 0378 0100     		.2byte	0x1
 4562 037a 50       		.byte	0x50
 4563 037b 24000000 		.4byte	.LVL94
 4564 037f 27000000 		.4byte	.LVL95-1
 4565 0383 0100     		.2byte	0x1
 4566 0385 50       		.byte	0x50
 4567 0386 27000000 		.4byte	.LVL95-1
 4568 038a 3E000000 		.4byte	.LVL97
 4569 038e 0100     		.2byte	0x1
 4570 0390 54       		.byte	0x54
 4571 0391 3E000000 		.4byte	.LVL97
 4572 0395 41000000 		.4byte	.LVL98-1
 4573 0399 0100     		.2byte	0x1
 4574 039b 50       		.byte	0x50
 4575 039c 58000000 		.4byte	.LVL102
 4576 03a0 5C000000 		.4byte	.LVL104
 4577 03a4 0100     		.2byte	0x1
 4578 03a6 54       		.byte	0x54
 4579 03a7 00000000 		.4byte	0
 4580 03ab 00000000 		.4byte	0
 4581              	.LLST22:
 4582 03af 06000000 		.4byte	.LVL105
 4583 03b3 14000000 		.4byte	.LVL107
 4584 03b7 0100     		.2byte	0x1
 4585 03b9 53       		.byte	0x53
 4586 03ba 00000000 		.4byte	0
 4587 03be 00000000 		.4byte	0
 4588              	.LLST23:
 4589 03c2 0C000000 		.4byte	.LVL106
 4590 03c6 16000000 		.4byte	.LVL108
 4591 03ca 0100     		.2byte	0x1
 4592 03cc 50       		.byte	0x50
 4593 03cd 18000000 		.4byte	.LVL109
 4594 03d1 24000000 		.4byte	.LFE7
 4595 03d5 0100     		.2byte	0x1
 4596 03d7 50       		.byte	0x50
 4597 03d8 00000000 		.4byte	0
 4598 03dc 00000000 		.4byte	0
 4599              	.LLST24:
 4600 03e0 00000000 		.4byte	.LVL110
 4601 03e4 24000000 		.4byte	.LVL114
 4602 03e8 0100     		.2byte	0x1
 4603 03ea 50       		.byte	0x50
 4604 03eb 24000000 		.4byte	.LVL114
 4605 03ef 30000000 		.4byte	.LFE10
ARM GAS  C:\Users\elias\AppData\Local\Temp\ccZ9bC31.s 			page 120


 4606 03f3 0400     		.2byte	0x4
 4607 03f5 F3       		.byte	0xf3
 4608 03f6 01       		.uleb128 0x1
 4609 03f7 50       		.byte	0x50
 4610 03f8 9F       		.byte	0x9f
 4611 03f9 00000000 		.4byte	0
 4612 03fd 00000000 		.4byte	0
 4613              	.LLST25:
 4614 0401 10000000 		.4byte	.LVL111
 4615 0405 12000000 		.4byte	.LVL112
 4616 0409 0100     		.2byte	0x1
 4617 040b 53       		.byte	0x53
 4618 040c 1A000000 		.4byte	.LVL113
 4619 0410 30000000 		.4byte	.LFE10
 4620 0414 0100     		.2byte	0x1
 4621 0416 53       		.byte	0x53
 4622 0417 00000000 		.4byte	0
 4623 041b 00000000 		.4byte	0
 4624              	.LLST26:
 4625 041f 08000000 		.4byte	.LVL115
 4626 0423 14000000 		.4byte	.LVL117
 4627 0427 0100     		.2byte	0x1
 4628 0429 53       		.byte	0x53
 4629 042a 18000000 		.4byte	.LVL118
 4630 042e 1E000000 		.4byte	.LVL119
 4631 0432 0100     		.2byte	0x1
 4632 0434 53       		.byte	0x53
 4633 0435 00000000 		.4byte	0
 4634 0439 00000000 		.4byte	0
 4635              	.LLST27:
 4636 043d 12000000 		.4byte	.LVL122
 4637 0441 14000000 		.4byte	.LVL123
 4638 0445 0100     		.2byte	0x1
 4639 0447 50       		.byte	0x50
 4640 0448 18000000 		.4byte	.LVL124
 4641 044c 20000000 		.4byte	.LVL125
 4642 0450 0100     		.2byte	0x1
 4643 0452 52       		.byte	0x52
 4644 0453 20000000 		.4byte	.LVL125
 4645 0457 50000000 		.4byte	.LFE12
 4646 045b 0100     		.2byte	0x1
 4647 045d 50       		.byte	0x50
 4648 045e 00000000 		.4byte	0
 4649 0462 00000000 		.4byte	0
 4650              	.LLST28:
 4651 0466 08000000 		.4byte	.LVL120
 4652 046a 0E000000 		.4byte	.LVL121
 4653 046e 0100     		.2byte	0x1
 4654 0470 53       		.byte	0x53
 4655 0471 14000000 		.4byte	.LVL123
 4656 0475 26000000 		.4byte	.LVL126
 4657 0479 0100     		.2byte	0x1
 4658 047b 53       		.byte	0x53
 4659 047c 00000000 		.4byte	0
 4660 0480 00000000 		.4byte	0
 4661              	.LLST29:
 4662 0484 10000000 		.4byte	.LVL129
ARM GAS  C:\Users\elias\AppData\Local\Temp\ccZ9bC31.s 			page 121


 4663 0488 1A000000 		.4byte	.LVL130
 4664 048c 0700     		.2byte	0x7
 4665 048e 70       		.byte	0x70
 4666 048f 00       		.sleb128 0
 4667 0490 0A       		.byte	0xa
 4668 0491 FFFF     		.2byte	0xffff
 4669 0493 1A       		.byte	0x1a
 4670 0494 9F       		.byte	0x9f
 4671 0495 1A000000 		.4byte	.LVL130
 4672 0499 1C000000 		.4byte	.LVL131
 4673 049d 0100     		.2byte	0x1
 4674 049f 50       		.byte	0x50
 4675 04a0 24000000 		.4byte	.LVL133
 4676 04a4 2C000000 		.4byte	.LVL134
 4677 04a8 0700     		.2byte	0x7
 4678 04aa 70       		.byte	0x70
 4679 04ab 00       		.sleb128 0
 4680 04ac 0A       		.byte	0xa
 4681 04ad FFFF     		.2byte	0xffff
 4682 04af 1A       		.byte	0x1a
 4683 04b0 9F       		.byte	0x9f
 4684 04b1 2C000000 		.4byte	.LVL134
 4685 04b5 34000000 		.4byte	.LVL135
 4686 04b9 0100     		.2byte	0x1
 4687 04bb 53       		.byte	0x53
 4688 04bc 34000000 		.4byte	.LVL135
 4689 04c0 36000000 		.4byte	.LVL136
 4690 04c4 0100     		.2byte	0x1
 4691 04c6 50       		.byte	0x50
 4692 04c7 3C000000 		.4byte	.LVL138
 4693 04cb 44000000 		.4byte	.LVL139
 4694 04cf 0100     		.2byte	0x1
 4695 04d1 53       		.byte	0x53
 4696 04d2 44000000 		.4byte	.LVL139
 4697 04d6 6C000000 		.4byte	.LFE13
 4698 04da 0100     		.2byte	0x1
 4699 04dc 50       		.byte	0x50
 4700 04dd 00000000 		.4byte	0
 4701 04e1 00000000 		.4byte	0
 4702              	.LLST30:
 4703 04e5 08000000 		.4byte	.LVL127
 4704 04e9 0E000000 		.4byte	.LVL128
 4705 04ed 0100     		.2byte	0x1
 4706 04ef 53       		.byte	0x53
 4707 04f0 1C000000 		.4byte	.LVL131
 4708 04f4 22000000 		.4byte	.LVL132
 4709 04f8 0100     		.2byte	0x1
 4710 04fa 53       		.byte	0x53
 4711 04fb 36000000 		.4byte	.LVL136
 4712 04ff 38000000 		.4byte	.LVL137
 4713 0503 0100     		.2byte	0x1
 4714 0505 53       		.byte	0x53
 4715 0506 00000000 		.4byte	0
 4716 050a 00000000 		.4byte	0
 4717              	.LLST31:
 4718 050e 00000000 		.4byte	.LVL142
 4719 0512 06000000 		.4byte	.LVL143
ARM GAS  C:\Users\elias\AppData\Local\Temp\ccZ9bC31.s 			page 122


 4720 0516 0100     		.2byte	0x1
 4721 0518 50       		.byte	0x50
 4722 0519 06000000 		.4byte	.LVL143
 4723 051d 0E000000 		.4byte	.LVL144
 4724 0521 0100     		.2byte	0x1
 4725 0523 50       		.byte	0x50
 4726 0524 00000000 		.4byte	0
 4727 0528 00000000 		.4byte	0
 4728              	.LLST32:
 4729 052c 00000000 		.4byte	.LVL146
 4730 0530 06000000 		.4byte	.LVL147
 4731 0534 0100     		.2byte	0x1
 4732 0536 50       		.byte	0x50
 4733 0537 06000000 		.4byte	.LVL147
 4734 053b 08000000 		.4byte	.LVL148
 4735 053f 0600     		.2byte	0x6
 4736 0541 70       		.byte	0x70
 4737 0542 00       		.sleb128 0
 4738 0543 73       		.byte	0x73
 4739 0544 00       		.sleb128 0
 4740 0545 1C       		.byte	0x1c
 4741 0546 9F       		.byte	0x9f
 4742 0547 08000000 		.4byte	.LVL148
 4743 054b 0B000000 		.4byte	.LVL149-1
 4744 054f 0100     		.2byte	0x1
 4745 0551 50       		.byte	0x50
 4746 0552 00000000 		.4byte	0
 4747 0556 00000000 		.4byte	0
 4748              	.LLST33:
 4749 055a 00000000 		.4byte	.LVL152
 4750 055e 4E000000 		.4byte	.LVL159
 4751 0562 0100     		.2byte	0x1
 4752 0564 50       		.byte	0x50
 4753 0565 4E000000 		.4byte	.LVL159
 4754 0569 74000000 		.4byte	.LFE18
 4755 056d 0400     		.2byte	0x4
 4756 056f F3       		.byte	0xf3
 4757 0570 01       		.uleb128 0x1
 4758 0571 50       		.byte	0x50
 4759 0572 9F       		.byte	0x9f
 4760 0573 00000000 		.4byte	0
 4761 0577 00000000 		.4byte	0
 4762              	.LLST34:
 4763 057b 5E000000 		.4byte	.LVL160
 4764 057f 60000000 		.4byte	.LVL161
 4765 0583 0600     		.2byte	0x6
 4766 0585 73       		.byte	0x73
 4767 0586 00       		.sleb128 0
 4768 0587 70       		.byte	0x70
 4769 0588 00       		.sleb128 0
 4770 0589 1C       		.byte	0x1c
 4771 058a 9F       		.byte	0x9f
 4772 058b 60000000 		.4byte	.LVL161
 4773 058f 74000000 		.4byte	.LFE18
 4774 0593 0100     		.2byte	0x1
 4775 0595 50       		.byte	0x50
 4776 0596 00000000 		.4byte	0
ARM GAS  C:\Users\elias\AppData\Local\Temp\ccZ9bC31.s 			page 123


 4777 059a 00000000 		.4byte	0
 4778              	.LLST35:
 4779 059e 36000000 		.4byte	.LVL154
 4780 05a2 3C000000 		.4byte	.LVL155
 4781 05a6 0600     		.2byte	0x6
 4782 05a8 0C       		.byte	0xc
 4783 05a9 40420F00 		.4byte	0xf4240
 4784 05ad 9F       		.byte	0x9f
 4785 05ae 42000000 		.4byte	.LVL156
 4786 05b2 62000000 		.4byte	.LVL162
 4787 05b6 0100     		.2byte	0x1
 4788 05b8 54       		.byte	0x54
 4789 05b9 00000000 		.4byte	0
 4790 05bd 00000000 		.4byte	0
 4791              	.LLST36:
 4792 05c1 36000000 		.4byte	.LVL154
 4793 05c5 3C000000 		.4byte	.LVL155
 4794 05c9 0200     		.2byte	0x2
 4795 05cb 31       		.byte	0x31
 4796 05cc 9F       		.byte	0x9f
 4797 05cd 42000000 		.4byte	.LVL156
 4798 05d1 74000000 		.4byte	.LFE18
 4799 05d5 0100     		.2byte	0x1
 4800 05d7 51       		.byte	0x51
 4801 05d8 00000000 		.4byte	0
 4802 05dc 00000000 		.4byte	0
 4803              	.LLST37:
 4804 05e0 24000000 		.4byte	.LVL153
 4805 05e4 44000000 		.4byte	.LVL157
 4806 05e8 0100     		.2byte	0x1
 4807 05ea 53       		.byte	0x53
 4808 05eb 00000000 		.4byte	0
 4809 05ef 00000000 		.4byte	0
 4810              	.LLST38:
 4811 05f3 00000000 		.4byte	.LVL163
 4812 05f7 21000000 		.4byte	.LVL164-1
 4813 05fb 0100     		.2byte	0x1
 4814 05fd 50       		.byte	0x50
 4815 05fe 21000000 		.4byte	.LVL164-1
 4816 0602 4C000000 		.4byte	.LVL168
 4817 0606 0400     		.2byte	0x4
 4818 0608 F3       		.byte	0xf3
 4819 0609 01       		.uleb128 0x1
 4820 060a 50       		.byte	0x50
 4821 060b 9F       		.byte	0x9f
 4822 060c 4C000000 		.4byte	.LVL168
 4823 0610 4E000000 		.4byte	.LVL169
 4824 0614 0100     		.2byte	0x1
 4825 0616 50       		.byte	0x50
 4826 0617 4E000000 		.4byte	.LVL169
 4827 061b 64000000 		.4byte	.LFE20
 4828 061f 0400     		.2byte	0x4
 4829 0621 F3       		.byte	0xf3
 4830 0622 01       		.uleb128 0x1
 4831 0623 50       		.byte	0x50
 4832 0624 9F       		.byte	0x9f
 4833 0625 00000000 		.4byte	0
ARM GAS  C:\Users\elias\AppData\Local\Temp\ccZ9bC31.s 			page 124


 4834 0629 00000000 		.4byte	0
 4835              	.LLST39:
 4836 062d 00000000 		.4byte	.LVL163
 4837 0631 21000000 		.4byte	.LVL164-1
 4838 0635 0100     		.2byte	0x1
 4839 0637 51       		.byte	0x51
 4840 0638 21000000 		.4byte	.LVL164-1
 4841 063c 4C000000 		.4byte	.LVL168
 4842 0640 0400     		.2byte	0x4
 4843 0642 F3       		.byte	0xf3
 4844 0643 01       		.uleb128 0x1
 4845 0644 51       		.byte	0x51
 4846 0645 9F       		.byte	0x9f
 4847 0646 4C000000 		.4byte	.LVL168
 4848 064a 51000000 		.4byte	.LVL170-1
 4849 064e 0100     		.2byte	0x1
 4850 0650 51       		.byte	0x51
 4851 0651 51000000 		.4byte	.LVL170-1
 4852 0655 64000000 		.4byte	.LFE20
 4853 0659 0400     		.2byte	0x4
 4854 065b F3       		.byte	0xf3
 4855 065c 01       		.uleb128 0x1
 4856 065d 51       		.byte	0x51
 4857 065e 9F       		.byte	0x9f
 4858 065f 00000000 		.4byte	0
 4859 0663 00000000 		.4byte	0
 4860              	.LLST40:
 4861 0667 1C000000 		.4byte	.LVL174
 4862 066b 24000000 		.4byte	.LVL176
 4863 066f 0100     		.2byte	0x1
 4864 0671 54       		.byte	0x54
 4865 0672 00000000 		.4byte	0
 4866 0676 00000000 		.4byte	0
 4867              	.LLST41:
 4868 067a 1C000000 		.4byte	.LVL180
 4869 067e 24000000 		.4byte	.LVL182
 4870 0682 0100     		.2byte	0x1
 4871 0684 54       		.byte	0x54
 4872 0685 00000000 		.4byte	0
 4873 0689 00000000 		.4byte	0
 4874              	.LLST42:
 4875 068d 1C000000 		.4byte	.LVL186
 4876 0691 1F000000 		.4byte	.LVL187-1
 4877 0695 0100     		.2byte	0x1
 4878 0697 50       		.byte	0x50
 4879 0698 1F000000 		.4byte	.LVL187-1
 4880 069c 24000000 		.4byte	.LVL188
 4881 06a0 0100     		.2byte	0x1
 4882 06a2 54       		.byte	0x54
 4883 06a3 24000000 		.4byte	.LVL188
 4884 06a7 28000000 		.4byte	.LFE25
 4885 06ab 0100     		.2byte	0x1
 4886 06ad 50       		.byte	0x50
 4887 06ae 00000000 		.4byte	0
 4888 06b2 00000000 		.4byte	0
 4889              		.section	.debug_aranges,"",%progbits
 4890 0000 E4000000 		.4byte	0xe4
ARM GAS  C:\Users\elias\AppData\Local\Temp\ccZ9bC31.s 			page 125


 4891 0004 0200     		.2byte	0x2
 4892 0006 00000000 		.4byte	.Ldebug_info0
 4893 000a 04       		.byte	0x4
 4894 000b 00       		.byte	0
 4895 000c 0000     		.2byte	0
 4896 000e 0000     		.2byte	0
 4897 0010 00000000 		.4byte	.LFB21
 4898 0014 E0000000 		.4byte	.LFE21-.LFB21
 4899 0018 00000000 		.4byte	.LFB22
 4900 001c 4C000000 		.4byte	.LFE22-.LFB22
 4901 0020 00000000 		.4byte	.LFB19
 4902 0024 18030000 		.4byte	.LFE19-.LFB19
 4903 0028 00000000 		.4byte	.LFB0
 4904 002c 08010000 		.4byte	.LFE0-.LFB0
 4905 0030 00000000 		.4byte	.LFB1
 4906 0034 D8000000 		.4byte	.LFE1-.LFB1
 4907 0038 00000000 		.4byte	.LFB2
 4908 003c 28000000 		.4byte	.LFE2-.LFB2
 4909 0040 00000000 		.4byte	.LFB3
 4910 0044 E4000000 		.4byte	.LFE3-.LFB3
 4911 0048 00000000 		.4byte	.LFB4
 4912 004c 18000000 		.4byte	.LFE4-.LFB4
 4913 0050 00000000 		.4byte	.LFB5
 4914 0054 18000000 		.4byte	.LFE5-.LFB5
 4915 0058 00000000 		.4byte	.LFB6
 4916 005c 74000000 		.4byte	.LFE6-.LFB6
 4917 0060 00000000 		.4byte	.LFB7
 4918 0064 24000000 		.4byte	.LFE7-.LFB7
 4919 0068 00000000 		.4byte	.LFB8
 4920 006c 10000000 		.4byte	.LFE8-.LFB8
 4921 0070 00000000 		.4byte	.LFB9
 4922 0074 10000000 		.4byte	.LFE9-.LFB9
 4923 0078 00000000 		.4byte	.LFB10
 4924 007c 30000000 		.4byte	.LFE10-.LFB10
 4925 0080 00000000 		.4byte	.LFB11
 4926 0084 48000000 		.4byte	.LFE11-.LFB11
 4927 0088 00000000 		.4byte	.LFB12
 4928 008c 50000000 		.4byte	.LFE12-.LFB12
 4929 0090 00000000 		.4byte	.LFB13
 4930 0094 6C000000 		.4byte	.LFE13-.LFB13
 4931 0098 00000000 		.4byte	.LFB14
 4932 009c 0C000000 		.4byte	.LFE14-.LFB14
 4933 00a0 00000000 		.4byte	.LFB15
 4934 00a4 0C000000 		.4byte	.LFE15-.LFB15
 4935 00a8 00000000 		.4byte	.LFB16
 4936 00ac 24000000 		.4byte	.LFE16-.LFB16
 4937 00b0 00000000 		.4byte	.LFB17
 4938 00b4 28000000 		.4byte	.LFE17-.LFB17
 4939 00b8 00000000 		.4byte	.LFB18
 4940 00bc 74000000 		.4byte	.LFE18-.LFB18
 4941 00c0 00000000 		.4byte	.LFB20
 4942 00c4 64000000 		.4byte	.LFE20-.LFB20
 4943 00c8 00000000 		.4byte	.LFB23
 4944 00cc 28000000 		.4byte	.LFE23-.LFB23
 4945 00d0 00000000 		.4byte	.LFB24
 4946 00d4 28000000 		.4byte	.LFE24-.LFB24
 4947 00d8 00000000 		.4byte	.LFB25
ARM GAS  C:\Users\elias\AppData\Local\Temp\ccZ9bC31.s 			page 126


 4948 00dc 28000000 		.4byte	.LFE25-.LFB25
 4949 00e0 00000000 		.4byte	0
 4950 00e4 00000000 		.4byte	0
 4951              		.section	.debug_ranges,"",%progbits
 4952              	.Ldebug_ranges0:
 4953 0000 00000000 		.4byte	.LFB21
 4954 0004 E0000000 		.4byte	.LFE21
 4955 0008 00000000 		.4byte	.LFB22
 4956 000c 4C000000 		.4byte	.LFE22
 4957 0010 00000000 		.4byte	.LFB19
 4958 0014 18030000 		.4byte	.LFE19
 4959 0018 00000000 		.4byte	.LFB0
 4960 001c 08010000 		.4byte	.LFE0
 4961 0020 00000000 		.4byte	.LFB1
 4962 0024 D8000000 		.4byte	.LFE1
 4963 0028 00000000 		.4byte	.LFB2
 4964 002c 28000000 		.4byte	.LFE2
 4965 0030 00000000 		.4byte	.LFB3
 4966 0034 E4000000 		.4byte	.LFE3
 4967 0038 00000000 		.4byte	.LFB4
 4968 003c 18000000 		.4byte	.LFE4
 4969 0040 00000000 		.4byte	.LFB5
 4970 0044 18000000 		.4byte	.LFE5
 4971 0048 00000000 		.4byte	.LFB6
 4972 004c 74000000 		.4byte	.LFE6
 4973 0050 00000000 		.4byte	.LFB7
 4974 0054 24000000 		.4byte	.LFE7
 4975 0058 00000000 		.4byte	.LFB8
 4976 005c 10000000 		.4byte	.LFE8
 4977 0060 00000000 		.4byte	.LFB9
 4978 0064 10000000 		.4byte	.LFE9
 4979 0068 00000000 		.4byte	.LFB10
 4980 006c 30000000 		.4byte	.LFE10
 4981 0070 00000000 		.4byte	.LFB11
 4982 0074 48000000 		.4byte	.LFE11
 4983 0078 00000000 		.4byte	.LFB12
 4984 007c 50000000 		.4byte	.LFE12
 4985 0080 00000000 		.4byte	.LFB13
 4986 0084 6C000000 		.4byte	.LFE13
 4987 0088 00000000 		.4byte	.LFB14
 4988 008c 0C000000 		.4byte	.LFE14
 4989 0090 00000000 		.4byte	.LFB15
 4990 0094 0C000000 		.4byte	.LFE15
 4991 0098 00000000 		.4byte	.LFB16
 4992 009c 24000000 		.4byte	.LFE16
 4993 00a0 00000000 		.4byte	.LFB17
 4994 00a4 28000000 		.4byte	.LFE17
 4995 00a8 00000000 		.4byte	.LFB18
 4996 00ac 74000000 		.4byte	.LFE18
 4997 00b0 00000000 		.4byte	.LFB20
 4998 00b4 64000000 		.4byte	.LFE20
 4999 00b8 00000000 		.4byte	.LFB23
 5000 00bc 28000000 		.4byte	.LFE23
 5001 00c0 00000000 		.4byte	.LFB24
 5002 00c4 28000000 		.4byte	.LFE24
 5003 00c8 00000000 		.4byte	.LFB25
 5004 00cc 28000000 		.4byte	.LFE25
ARM GAS  C:\Users\elias\AppData\Local\Temp\ccZ9bC31.s 			page 127


 5005 00d0 00000000 		.4byte	0
 5006 00d4 00000000 		.4byte	0
 5007              		.section	.debug_line,"",%progbits
 5008              	.Ldebug_line0:
 5009 0000 DB030000 		.section	.debug_str,"MS",%progbits,1
 5009      02009D00 
 5009      00000201 
 5009      FB0E0D00 
 5009      01010101 
 5010              	.LASF11:
 5011 0000 75696E74 		.ascii	"uint16\000"
 5011      313600
 5012              	.LASF67:
 5013 0007 61646347 		.ascii	"adcGain\000"
 5013      61696E00 
 5014              	.LASF42:
 5015 000f 4144435F 		.ascii	"ADC_DelSig_1_Enable\000"
 5015      44656C53 
 5015      69675F31 
 5015      5F456E61 
 5015      626C6500 
 5016              	.LASF27:
 5017 0023 696E7075 		.ascii	"inputRange\000"
 5017      7452616E 
 5017      676500
 5018              	.LASF95:
 5019 002e 4144435F 		.ascii	"ADC_DelSig_1_theACLK_SetDividerRegister\000"
 5019      44656C53 
 5019      69675F31 
 5019      5F746865 
 5019      41434C4B 
 5020              	.LASF77:
 5021 0056 4144435F 		.ascii	"ADC_DelSig_1_SelectConfiguration\000"
 5021      44656C53 
 5021      69675F31 
 5021      5F53656C 
 5021      65637443 
 5022              	.LASF24:
 5023 0077 67636F72 		.ascii	"gcor\000"
 5023      00
 5024              	.LASF8:
 5025 007c 6C6F6E67 		.ascii	"long long unsigned int\000"
 5025      206C6F6E 
 5025      6720756E 
 5025      7369676E 
 5025      65642069 
 5026              	.LASF44:
 5027 0093 4144435F 		.ascii	"ADC_DelSig_1_Stop\000"
 5027      44656C53 
 5027      69675F31 
 5027      5F53746F 
 5027      7000
 5028              	.LASF29:
 5029 00a5 69646561 		.ascii	"idealOddDecGain\000"
 5029      6C4F6464 
 5029      44656347 
 5029      61696E00 
ARM GAS  C:\Users\elias\AppData\Local\Temp\ccZ9bC31.s 			page 128


 5030              	.LASF40:
 5031 00b5 4144435F 		.ascii	"ADC_DelSig_1_InitConfig\000"
 5031      44656C53 
 5031      69675F31 
 5031      5F496E69 
 5031      74436F6E 
 5032              	.LASF60:
 5033 00cd 4144435F 		.ascii	"ADC_DelSig_1_GetResult8\000"
 5033      44656C53 
 5033      69675F31 
 5033      5F476574 
 5033      52657375 
 5034              	.LASF7:
 5035 00e5 6C6F6E67 		.ascii	"long long int\000"
 5035      206C6F6E 
 5035      6720696E 
 5035      7400
 5036              	.LASF1:
 5037 00f3 7369676E 		.ascii	"signed char\000"
 5037      65642063 
 5037      68617200 
 5038              	.LASF15:
 5039 00ff 696E7433 		.ascii	"int32\000"
 5039      3200
 5040              	.LASF81:
 5041 0105 4144435F 		.ascii	"ADC_DelSig_1_Read32\000"
 5041      44656C53 
 5041      69675F31 
 5041      5F526561 
 5041      64333200 
 5042              	.LASF5:
 5043 0119 6C6F6E67 		.ascii	"long int\000"
 5043      20696E74 
 5043      00
 5044              	.LASF20:
 5045 0122 72656731 		.ascii	"reg16\000"
 5045      3600
 5046              	.LASF10:
 5047 0128 75696E74 		.ascii	"uint8\000"
 5047      3800
 5048              	.LASF92:
 5049 012e 43794465 		.ascii	"CyDelayUs\000"
 5049      6C617955 
 5049      7300
 5050              	.LASF17:
 5051 0138 646F7562 		.ascii	"double\000"
 5051      6C6500
 5052              	.LASF72:
 5053 013f 566F6C74 		.ascii	"Volts\000"
 5053      7300
 5054              	.LASF12:
 5055 0145 75696E74 		.ascii	"uint32\000"
 5055      333200
 5056              	.LASF96:
 5057 014c 4379496E 		.ascii	"CyIntSetVector\000"
 5057      74536574 
 5057      56656374 
ARM GAS  C:\Users\elias\AppData\Local\Temp\ccZ9bC31.s 			page 129


 5057      6F7200
 5058              	.LASF38:
 5059 015b 76616C75 		.ascii	"value\000"
 5059      6500
 5060              	.LASF59:
 5061 0161 7265744D 		.ascii	"retMode\000"
 5061      6F646500 
 5062              	.LASF9:
 5063 0169 756E7369 		.ascii	"unsigned int\000"
 5063      676E6564 
 5063      20696E74 
 5063      00
 5064              	.LASF74:
 5065 0176 75566F6C 		.ascii	"uVolts\000"
 5065      747300
 5066              	.LASF83:
 5067 017d 4144435F 		.ascii	"ADC_DelSig_1_initVar\000"
 5067      44656C53 
 5067      69675F31 
 5067      5F696E69 
 5067      74566172 
 5068              	.LASF6:
 5069 0192 6C6F6E67 		.ascii	"long unsigned int\000"
 5069      20756E73 
 5069      69676E65 
 5069      6420696E 
 5069      7400
 5070              	.LASF91:
 5071 01a4 4379456E 		.ascii	"CyEnterCriticalSection\000"
 5071      74657243 
 5071      72697469 
 5071      63616C53 
 5071      65637469 
 5072              	.LASF86:
 5073 01bb 4144435F 		.ascii	"ADC_DelSig_1_started\000"
 5073      44656C53 
 5073      69675F31 
 5073      5F737461 
 5073      72746564 
 5074              	.LASF4:
 5075 01d0 73686F72 		.ascii	"short unsigned int\000"
 5075      7420756E 
 5075      7369676E 
 5075      65642069 
 5075      6E7400
 5076              	.LASF13:
 5077 01e3 696E7438 		.ascii	"int8\000"
 5077      00
 5078              	.LASF34:
 5079 01e8 67636F72 		.ascii	"gcorValue\000"
 5079      56616C75 
 5079      6500
 5080              	.LASF102:
 5081 01f2 433A5C47 		.ascii	"C:\\Github\\Tesis\\src\\psoc\\Tesis.cydsn\000"
 5081      69746875 
 5081      625C5465 
 5081      7369735C 
ARM GAS  C:\Users\elias\AppData\Local\Temp\ccZ9bC31.s 			page 130


 5081      7372635C 
 5082              	.LASF94:
 5083 0217 4144435F 		.ascii	"ADC_DelSig_1_Ext_CP_Clk_SetDividerRegister\000"
 5083      44656C53 
 5083      69675F31 
 5083      5F457874 
 5083      5F43505F 
 5084              	.LASF70:
 5085 0242 6D566F6C 		.ascii	"mVolts\000"
 5085      747300
 5086              	.LASF32:
 5087 0249 666C6173 		.ascii	"flash\000"
 5087      6800
 5088              	.LASF21:
 5089 024f 72656733 		.ascii	"reg32\000"
 5089      3200
 5090              	.LASF71:
 5091 0255 4144435F 		.ascii	"ADC_DelSig_1_CountsTo_Volts\000"
 5091      44656C53 
 5091      69675F31 
 5091      5F436F75 
 5091      6E747354 
 5092              	.LASF16:
 5093 0271 666C6F61 		.ascii	"float32\000"
 5093      74333200 
 5094              	.LASF62:
 5095 0279 4144435F 		.ascii	"ADC_DelSig_1_GetResult16\000"
 5095      44656C53 
 5095      69675F31 
 5095      5F476574 
 5095      52657375 
 5096              	.LASF23:
 5097 0292 73697A65 		.ascii	"sizetype\000"
 5097      74797065 
 5097      00
 5098              	.LASF84:
 5099 029b 4144435F 		.ascii	"ADC_DelSig_1_convDone\000"
 5099      44656C53 
 5099      69675F31 
 5099      5F636F6E 
 5099      76446F6E 
 5100              	.LASF22:
 5101 02b1 6C6F6E67 		.ascii	"long double\000"
 5101      20646F75 
 5101      626C6500 
 5102              	.LASF41:
 5103 02bd 4144435F 		.ascii	"ADC_DelSig_1_Init\000"
 5103      44656C53 
 5103      69675F31 
 5103      5F496E69 
 5103      7400
 5104              	.LASF73:
 5105 02cf 4144435F 		.ascii	"ADC_DelSig_1_CountsTo_uVolts\000"
 5105      44656C53 
 5105      69675F31 
 5105      5F436F75 
 5105      6E747354 
ARM GAS  C:\Users\elias\AppData\Local\Temp\ccZ9bC31.s 			page 131


 5106              	.LASF46:
 5107 02ec 6761696E 		.ascii	"gain\000"
 5107      00
 5108              	.LASF87:
 5109 02f1 4144435F 		.ascii	"ADC_DelSig_1_Config\000"
 5109      44656C53 
 5109      69675F31 
 5109      5F436F6E 
 5109      66696700 
 5110              	.LASF49:
 5111 0305 636F6865 		.ascii	"coherency\000"
 5111      72656E63 
 5111      7900
 5112              	.LASF99:
 5113 030f 4379496E 		.ascii	"CyIntSetPriority\000"
 5113      74536574 
 5113      5072696F 
 5113      72697479 
 5113      00
 5114              	.LASF97:
 5115 0320 4144435F 		.ascii	"ADC_DelSig_1_Ext_CP_Clk_SetModeRegister\000"
 5115      44656C53 
 5115      69675F31 
 5115      5F457874 
 5115      5F43505F 
 5116              	.LASF26:
 5117 0348 4144435F 		.ascii	"ADC_DelSig_1_GCOR_STRUCT\000"
 5117      44656C53 
 5117      69675F31 
 5117      5F47434F 
 5117      525F5354 
 5118              	.LASF0:
 5119 0361 666C6F61 		.ascii	"float\000"
 5119      7400
 5120              	.LASF93:
 5121 0367 43794578 		.ascii	"CyExitCriticalSection\000"
 5121      69744372 
 5121      69746963 
 5121      616C5365 
 5121      6374696F 
 5122              	.LASF88:
 5123 037d 4144435F 		.ascii	"ADC_DelSig_1_Offset\000"
 5123      44656C53 
 5123      69675F31 
 5123      5F4F6666 
 5123      73657400 
 5124              	.LASF19:
 5125 0391 72656738 		.ascii	"reg8\000"
 5125      00
 5126              	.LASF28:
 5127 0396 69646561 		.ascii	"idealDecGain\000"
 5127      6C446563 
 5127      4761696E 
 5127      00
 5128              	.LASF33:
 5129 03a3 6E6F726D 		.ascii	"normalised\000"
 5129      616C6973 
ARM GAS  C:\Users\elias\AppData\Local\Temp\ccZ9bC31.s 			page 132


 5129      656400
 5130              	.LASF90:
 5131 03ae 43794861 		.ascii	"CyHalt\000"
 5131      6C7400
 5132              	.LASF2:
 5133 03b5 756E7369 		.ascii	"unsigned char\000"
 5133      676E6564 
 5133      20636861 
 5133      7200
 5134              	.LASF64:
 5135 03c3 4144435F 		.ascii	"ADC_DelSig_1_SetOffset\000"
 5135      44656C53 
 5135      69675F31 
 5135      5F536574 
 5135      4F666673 
 5136              	.LASF3:
 5137 03da 73686F72 		.ascii	"short int\000"
 5137      7420696E 
 5137      7400
 5138              	.LASF35:
 5139 03e4 67636F72 		.ascii	"gcorTmp\000"
 5139      546D7000 
 5140              	.LASF100:
 5141 03ec 474E5520 		.ascii	"GNU C11 5.4.1 20160609 (release) [ARM/embedded-5-br"
 5141      43313120 
 5141      352E342E 
 5141      31203230 
 5141      31363036 
 5142 041f 616E6368 		.ascii	"anch revision 237715] -mcpu=cortex-m3 -mthumb -g -O"
 5142      20726576 
 5142      6973696F 
 5142      6E203233 
 5142      37373135 
 5143 0452 67202D66 		.ascii	"g -ffunction-sections -ffat-lto-objects\000"
 5143      66756E63 
 5143      74696F6E 
 5143      2D736563 
 5143      74696F6E 
 5144              	.LASF56:
 5145 047a 4144435F 		.ascii	"ADC_DelSig_1_StartConvert\000"
 5145      44656C53 
 5145      69675F31 
 5145      5F537461 
 5145      7274436F 
 5146              	.LASF30:
 5147 0494 7265736F 		.ascii	"resolution\000"
 5147      6C757469 
 5147      6F6E00
 5148              	.LASF75:
 5149 049f 636F6566 		.ascii	"coefA\000"
 5149      4100
 5150              	.LASF76:
 5151 04a5 636F6566 		.ascii	"coefB\000"
 5151      4200
 5152              	.LASF63:
 5153 04ab 4144435F 		.ascii	"ADC_DelSig_1_GetResult32\000"
 5153      44656C53 
ARM GAS  C:\Users\elias\AppData\Local\Temp\ccZ9bC31.s 			page 133


 5153      69675F31 
 5153      5F476574 
 5153      52657375 
 5154              	.LASF18:
 5155 04c4 63686172 		.ascii	"char\000"
 5155      00
 5156              	.LASF48:
 5157 04c9 4144435F 		.ascii	"ADC_DelSig_1_SetCoherency\000"
 5157      44656C53 
 5157      69675F31 
 5157      5F536574 
 5157      436F6865 
 5158              	.LASF89:
 5159 04e3 4144435F 		.ascii	"ADC_DelSig_1_CountsPerVolt\000"
 5159      44656C53 
 5159      69675F31 
 5159      5F436F75 
 5159      6E747350 
 5160              	.LASF31:
 5161 04fe 636F6E66 		.ascii	"config\000"
 5161      696700
 5162              	.LASF25:
 5163 0505 6776616C 		.ascii	"gval\000"
 5163      00
 5164              	.LASF78:
 5165 050a 72657374 		.ascii	"restart\000"
 5165      61727400 
 5166              	.LASF52:
 5167 0512 746D7056 		.ascii	"tmpValue\000"
 5167      616C7565 
 5167      00
 5168              	.LASF37:
 5169 051b 4144435F 		.ascii	"ADC_DelSig_1_SetDSMRef0Reg\000"
 5169      44656C53 
 5169      69675F31 
 5169      5F536574 
 5169      44534D52 
 5170              	.LASF65:
 5171 0536 6F666673 		.ascii	"offset\000"
 5171      657400
 5172              	.LASF98:
 5173 053d 4144435F 		.ascii	"ADC_DelSig_1_theACLK_SetModeRegister\000"
 5173      44656C53 
 5173      69675F31 
 5173      5F746865 
 5173      41434C4B 
 5174              	.LASF69:
 5175 0562 61646343 		.ascii	"adcCounts\000"
 5175      6F756E74 
 5175      7300
 5176              	.LASF36:
 5177 056c 4144435F 		.ascii	"ADC_DelSig_1_GainCompensation\000"
 5177      44656C53 
 5177      69675F31 
 5177      5F476169 
 5177      6E436F6D 
 5178              	.LASF39:
ARM GAS  C:\Users\elias\AppData\Local\Temp\ccZ9bC31.s 			page 134


 5179 058a 656E6162 		.ascii	"enableInterrupts\000"
 5179      6C65496E 
 5179      74657272 
 5179      75707473 
 5179      00
 5180              	.LASF58:
 5181 059b 4144435F 		.ascii	"ADC_DelSig_1_IsEndConversion\000"
 5181      44656C53 
 5181      69675F31 
 5181      5F497345 
 5181      6E64436F 
 5182              	.LASF53:
 5183 05b8 4144435F 		.ascii	"ADC_DelSig_1_SetGCOR\000"
 5183      44656C53 
 5183      69675F31 
 5183      5F536574 
 5183      47434F52 
 5184              	.LASF55:
 5185 05cd 6756616C 		.ascii	"gValue\000"
 5185      756500
 5186              	.LASF101:
 5187 05d4 47656E65 		.ascii	"Generated_Source\\PSoC5\\ADC_DelSig_1.c\000"
 5187      72617465 
 5187      645F536F 
 5187      75726365 
 5187      5C50536F 
 5188              	.LASF51:
 5189 05fa 73746174 		.ascii	"status\000"
 5189      757300
 5190              	.LASF50:
 5191 0601 6761696E 		.ascii	"gainAdjust\000"
 5191      41646A75 
 5191      737400
 5192              	.LASF43:
 5193 060c 4144435F 		.ascii	"ADC_DelSig_1_Start\000"
 5193      44656C53 
 5193      69675F31 
 5193      5F537461 
 5193      727400
 5194              	.LASF14:
 5195 061f 696E7431 		.ascii	"int16\000"
 5195      3600
 5196              	.LASF57:
 5197 0625 4144435F 		.ascii	"ADC_DelSig_1_StopConvert\000"
 5197      44656C53 
 5197      69675F31 
 5197      5F53746F 
 5197      70436F6E 
 5198              	.LASF66:
 5199 063e 4144435F 		.ascii	"ADC_DelSig_1_SetGain\000"
 5199      44656C53 
 5199      69675F31 
 5199      5F536574 
 5199      4761696E 
 5200              	.LASF80:
 5201 0653 4144435F 		.ascii	"ADC_DelSig_1_Read16\000"
 5201      44656C53 
ARM GAS  C:\Users\elias\AppData\Local\Temp\ccZ9bC31.s 			page 135


 5201      69675F31 
 5201      5F526561 
 5201      64313600 
 5202              	.LASF68:
 5203 0667 4144435F 		.ascii	"ADC_DelSig_1_CountsTo_mVolts\000"
 5203      44656C53 
 5203      69675F31 
 5203      5F436F75 
 5203      6E747354 
 5204              	.LASF45:
 5205 0684 4144435F 		.ascii	"ADC_DelSig_1_SetBufferGain\000"
 5205      44656C53 
 5205      69675F31 
 5205      5F536574 
 5205      42756666 
 5206              	.LASF47:
 5207 069f 746D7052 		.ascii	"tmpReg\000"
 5207      656700
 5208              	.LASF79:
 5209 06a6 4144435F 		.ascii	"ADC_DelSig_1_Read8\000"
 5209      44656C53 
 5209      69675F31 
 5209      5F526561 
 5209      643800
 5210              	.LASF61:
 5211 06b9 72657375 		.ascii	"result\000"
 5211      6C7400
 5212              	.LASF85:
 5213 06c0 4144435F 		.ascii	"ADC_DelSig_1_stopConversion\000"
 5213      44656C53 
 5213      69675F31 
 5213      5F73746F 
 5213      70436F6E 
 5214              	.LASF54:
 5215 06dc 4144435F 		.ascii	"ADC_DelSig_1_ReadGCOR\000"
 5215      44656C53 
 5215      69675F31 
 5215      5F526561 
 5215      6447434F 
 5216              	.LASF82:
 5217 06f2 4144435F 		.ascii	"ADC_DelSig_1_gcor\000"
 5217      44656C53 
 5217      69675F31 
 5217      5F67636F 
 5217      7200
 5218              		.ident	"GCC: (GNU Tools for ARM Embedded Processors) 5.4.1 20160609 (release) [ARM/embedded-5-bran
