ARM GAS  C:\Users\elias\AppData\Local\Temp\ccUaCA0t.s 			page 1


   1              		.syntax unified
   2              		.cpu cortex-m3
   3              		.fpu softvfp
   4              		.eabi_attribute 20, 1
   5              		.eabi_attribute 21, 1
   6              		.eabi_attribute 23, 3
   7              		.eabi_attribute 24, 1
   8              		.eabi_attribute 25, 1
   9              		.eabi_attribute 26, 1
  10              		.eabi_attribute 30, 1
  11              		.eabi_attribute 34, 1
  12              		.eabi_attribute 18, 4
  13              		.thumb
  14              		.syntax unified
  15              		.file	"cyfitter_cfg.c"
  16              		.text
  17              	.Ltext0:
  18              		.cfi_sections	.debug_frame
  19              		.section	.text.CyClockStartupError,"ax",%progbits
  20              		.align	2
  21              		.thumb
  22              		.thumb_func
  23              		.type	CyClockStartupError, %function
  24              	CyClockStartupError:
  25              	.LFB3:
  26              		.file 1 "Generated_Source\\PSoC5\\cyfitter_cfg.c"
   1:Generated_Source\PSoC5/cyfitter_cfg.c **** 
   2:Generated_Source\PSoC5/cyfitter_cfg.c **** /*******************************************************************************
   3:Generated_Source\PSoC5/cyfitter_cfg.c **** * File Name: cyfitter_cfg.c
   4:Generated_Source\PSoC5/cyfitter_cfg.c **** * 
   5:Generated_Source\PSoC5/cyfitter_cfg.c **** * PSoC Creator  4.4
   6:Generated_Source\PSoC5/cyfitter_cfg.c **** *
   7:Generated_Source\PSoC5/cyfitter_cfg.c **** * Description:
   8:Generated_Source\PSoC5/cyfitter_cfg.c **** * This file contains device initialization code.
   9:Generated_Source\PSoC5/cyfitter_cfg.c **** * Except for the user defined sections in CyClockStartupError(), this file should not be modified.
  10:Generated_Source\PSoC5/cyfitter_cfg.c **** * This file is automatically generated by PSoC Creator.
  11:Generated_Source\PSoC5/cyfitter_cfg.c **** *
  12:Generated_Source\PSoC5/cyfitter_cfg.c **** ********************************************************************************
  13:Generated_Source\PSoC5/cyfitter_cfg.c **** * Copyright (c) 2007-2020 Cypress Semiconductor.  All rights reserved.
  14:Generated_Source\PSoC5/cyfitter_cfg.c **** * You may use this file only in accordance with the license, terms, conditions, 
  15:Generated_Source\PSoC5/cyfitter_cfg.c **** * disclaimers, and limitations in the end user license agreement accompanying 
  16:Generated_Source\PSoC5/cyfitter_cfg.c **** * the software package with which this file was provided.
  17:Generated_Source\PSoC5/cyfitter_cfg.c **** ********************************************************************************/
  18:Generated_Source\PSoC5/cyfitter_cfg.c **** 
  19:Generated_Source\PSoC5/cyfitter_cfg.c **** #include <string.h>
  20:Generated_Source\PSoC5/cyfitter_cfg.c **** #include "cytypes.h"
  21:Generated_Source\PSoC5/cyfitter_cfg.c **** #include "cydevice_trm.h"
  22:Generated_Source\PSoC5/cyfitter_cfg.c **** #include "cyfitter.h"
  23:Generated_Source\PSoC5/cyfitter_cfg.c **** #include "CyLib.h"
  24:Generated_Source\PSoC5/cyfitter_cfg.c **** #include "cyfitter_cfg.h"
  25:Generated_Source\PSoC5/cyfitter_cfg.c **** #include "cyapicallbacks.h"
  26:Generated_Source\PSoC5/cyfitter_cfg.c **** 
  27:Generated_Source\PSoC5/cyfitter_cfg.c **** #define CY_NEED_CYCLOCKSTARTUPERROR 1
  28:Generated_Source\PSoC5/cyfitter_cfg.c **** 
  29:Generated_Source\PSoC5/cyfitter_cfg.c **** 
  30:Generated_Source\PSoC5/cyfitter_cfg.c **** #if defined(__GNUC__) || defined(__ARMCC_VERSION)
  31:Generated_Source\PSoC5/cyfitter_cfg.c ****     #define CYPACKED 
ARM GAS  C:\Users\elias\AppData\Local\Temp\ccUaCA0t.s 			page 2


  32:Generated_Source\PSoC5/cyfitter_cfg.c ****     #define CYPACKED_ATTR __attribute__ ((packed))
  33:Generated_Source\PSoC5/cyfitter_cfg.c ****     #define CYALIGNED __attribute__ ((aligned))
  34:Generated_Source\PSoC5/cyfitter_cfg.c ****     #define CY_CFG_UNUSED __attribute__ ((unused))
  35:Generated_Source\PSoC5/cyfitter_cfg.c ****     #ifndef CY_CFG_SECTION
  36:Generated_Source\PSoC5/cyfitter_cfg.c ****         #define CY_CFG_SECTION __attribute__ ((section(".psocinit")))
  37:Generated_Source\PSoC5/cyfitter_cfg.c ****     #endif
  38:Generated_Source\PSoC5/cyfitter_cfg.c ****     
  39:Generated_Source\PSoC5/cyfitter_cfg.c ****     #if defined(__ARMCC_VERSION)
  40:Generated_Source\PSoC5/cyfitter_cfg.c ****         #define CY_CFG_MEMORY_BARRIER() __memory_changed()
  41:Generated_Source\PSoC5/cyfitter_cfg.c ****     #else
  42:Generated_Source\PSoC5/cyfitter_cfg.c ****         #define CY_CFG_MEMORY_BARRIER() __sync_synchronize()
  43:Generated_Source\PSoC5/cyfitter_cfg.c ****     #endif
  44:Generated_Source\PSoC5/cyfitter_cfg.c ****     
  45:Generated_Source\PSoC5/cyfitter_cfg.c **** #elif defined(__ICCARM__)
  46:Generated_Source\PSoC5/cyfitter_cfg.c ****     #include <intrinsics.h>
  47:Generated_Source\PSoC5/cyfitter_cfg.c **** 
  48:Generated_Source\PSoC5/cyfitter_cfg.c ****     #define CYPACKED __packed
  49:Generated_Source\PSoC5/cyfitter_cfg.c ****     #define CYPACKED_ATTR 
  50:Generated_Source\PSoC5/cyfitter_cfg.c ****     #define CYALIGNED _Pragma("data_alignment=4")
  51:Generated_Source\PSoC5/cyfitter_cfg.c ****     #define CY_CFG_UNUSED _Pragma("diag_suppress=Pe177")
  52:Generated_Source\PSoC5/cyfitter_cfg.c ****     #define CY_CFG_SECTION _Pragma("location=\".psocinit\"")
  53:Generated_Source\PSoC5/cyfitter_cfg.c ****     
  54:Generated_Source\PSoC5/cyfitter_cfg.c ****     #define CY_CFG_MEMORY_BARRIER() __DMB()
  55:Generated_Source\PSoC5/cyfitter_cfg.c ****     
  56:Generated_Source\PSoC5/cyfitter_cfg.c **** #else
  57:Generated_Source\PSoC5/cyfitter_cfg.c ****     #error Unsupported toolchain
  58:Generated_Source\PSoC5/cyfitter_cfg.c **** #endif
  59:Generated_Source\PSoC5/cyfitter_cfg.c **** 
  60:Generated_Source\PSoC5/cyfitter_cfg.c **** #ifndef CYCODE
  61:Generated_Source\PSoC5/cyfitter_cfg.c ****     #define CYCODE
  62:Generated_Source\PSoC5/cyfitter_cfg.c **** #endif
  63:Generated_Source\PSoC5/cyfitter_cfg.c **** #ifndef CYDATA
  64:Generated_Source\PSoC5/cyfitter_cfg.c ****     #define CYDATA
  65:Generated_Source\PSoC5/cyfitter_cfg.c **** #endif
  66:Generated_Source\PSoC5/cyfitter_cfg.c **** #ifndef CYFAR
  67:Generated_Source\PSoC5/cyfitter_cfg.c ****     #define CYFAR
  68:Generated_Source\PSoC5/cyfitter_cfg.c **** #endif
  69:Generated_Source\PSoC5/cyfitter_cfg.c **** #ifndef CYXDATA
  70:Generated_Source\PSoC5/cyfitter_cfg.c ****     #define CYXDATA
  71:Generated_Source\PSoC5/cyfitter_cfg.c **** #endif
  72:Generated_Source\PSoC5/cyfitter_cfg.c **** 
  73:Generated_Source\PSoC5/cyfitter_cfg.c **** 
  74:Generated_Source\PSoC5/cyfitter_cfg.c **** CY_CFG_UNUSED
  75:Generated_Source\PSoC5/cyfitter_cfg.c **** static void CYMEMZERO(void *s, size_t n);
  76:Generated_Source\PSoC5/cyfitter_cfg.c **** CY_CFG_UNUSED
  77:Generated_Source\PSoC5/cyfitter_cfg.c **** static void CYMEMZERO(void *s, size_t n)
  78:Generated_Source\PSoC5/cyfitter_cfg.c **** {
  79:Generated_Source\PSoC5/cyfitter_cfg.c **** 	(void)memset(s, 0, n);
  80:Generated_Source\PSoC5/cyfitter_cfg.c **** }
  81:Generated_Source\PSoC5/cyfitter_cfg.c **** CY_CFG_UNUSED
  82:Generated_Source\PSoC5/cyfitter_cfg.c **** static void CYCONFIGCPY(void *dest, const void *src, size_t n);
  83:Generated_Source\PSoC5/cyfitter_cfg.c **** CY_CFG_UNUSED
  84:Generated_Source\PSoC5/cyfitter_cfg.c **** static void CYCONFIGCPY(void *dest, const void *src, size_t n)
  85:Generated_Source\PSoC5/cyfitter_cfg.c **** {
  86:Generated_Source\PSoC5/cyfitter_cfg.c **** 	(void)memcpy(dest, src, n);
  87:Generated_Source\PSoC5/cyfitter_cfg.c **** }
  88:Generated_Source\PSoC5/cyfitter_cfg.c **** CY_CFG_UNUSED
ARM GAS  C:\Users\elias\AppData\Local\Temp\ccUaCA0t.s 			page 3


  89:Generated_Source\PSoC5/cyfitter_cfg.c **** static void CYCONFIGCPYCODE(void *dest, const void *src, size_t n);
  90:Generated_Source\PSoC5/cyfitter_cfg.c **** CY_CFG_UNUSED
  91:Generated_Source\PSoC5/cyfitter_cfg.c **** static void CYCONFIGCPYCODE(void *dest, const void *src, size_t n)
  92:Generated_Source\PSoC5/cyfitter_cfg.c **** {
  93:Generated_Source\PSoC5/cyfitter_cfg.c **** 	(void)memcpy(dest, src, n);
  94:Generated_Source\PSoC5/cyfitter_cfg.c **** }
  95:Generated_Source\PSoC5/cyfitter_cfg.c **** 
  96:Generated_Source\PSoC5/cyfitter_cfg.c **** 
  97:Generated_Source\PSoC5/cyfitter_cfg.c **** 
  98:Generated_Source\PSoC5/cyfitter_cfg.c **** 
  99:Generated_Source\PSoC5/cyfitter_cfg.c **** /* Clock startup error codes                                                   */
 100:Generated_Source\PSoC5/cyfitter_cfg.c **** #define CYCLOCKSTART_NO_ERROR    0u
 101:Generated_Source\PSoC5/cyfitter_cfg.c **** #define CYCLOCKSTART_XTAL_ERROR  1u
 102:Generated_Source\PSoC5/cyfitter_cfg.c **** #define CYCLOCKSTART_32KHZ_ERROR 2u
 103:Generated_Source\PSoC5/cyfitter_cfg.c **** #define CYCLOCKSTART_PLL_ERROR   3u
 104:Generated_Source\PSoC5/cyfitter_cfg.c **** #define CYCLOCKSTART_FLL_ERROR   4u
 105:Generated_Source\PSoC5/cyfitter_cfg.c **** #define CYCLOCKSTART_WCO_ERROR   5u
 106:Generated_Source\PSoC5/cyfitter_cfg.c **** 
 107:Generated_Source\PSoC5/cyfitter_cfg.c **** 
 108:Generated_Source\PSoC5/cyfitter_cfg.c **** #ifdef CY_NEED_CYCLOCKSTARTUPERROR
 109:Generated_Source\PSoC5/cyfitter_cfg.c **** /*******************************************************************************
 110:Generated_Source\PSoC5/cyfitter_cfg.c **** * Function Name: CyClockStartupError
 111:Generated_Source\PSoC5/cyfitter_cfg.c **** ********************************************************************************
 112:Generated_Source\PSoC5/cyfitter_cfg.c **** * Summary:
 113:Generated_Source\PSoC5/cyfitter_cfg.c **** *  If an error is encountered during clock configuration (crystal startup error,
 114:Generated_Source\PSoC5/cyfitter_cfg.c **** *  PLL lock error, etc.), the system will end up here.  Unless reimplemented by
 115:Generated_Source\PSoC5/cyfitter_cfg.c **** *  the customer, this function will stop in an infinite loop.
 116:Generated_Source\PSoC5/cyfitter_cfg.c **** *
 117:Generated_Source\PSoC5/cyfitter_cfg.c **** * Parameters:
 118:Generated_Source\PSoC5/cyfitter_cfg.c **** *   void
 119:Generated_Source\PSoC5/cyfitter_cfg.c **** *
 120:Generated_Source\PSoC5/cyfitter_cfg.c **** * Return:
 121:Generated_Source\PSoC5/cyfitter_cfg.c **** *   void
 122:Generated_Source\PSoC5/cyfitter_cfg.c **** *
 123:Generated_Source\PSoC5/cyfitter_cfg.c **** *******************************************************************************/
 124:Generated_Source\PSoC5/cyfitter_cfg.c **** CY_CFG_UNUSED
 125:Generated_Source\PSoC5/cyfitter_cfg.c **** static void CyClockStartupError(uint8 errorCode);
 126:Generated_Source\PSoC5/cyfitter_cfg.c **** CY_CFG_UNUSED
 127:Generated_Source\PSoC5/cyfitter_cfg.c **** static void CyClockStartupError(uint8 errorCode)
 128:Generated_Source\PSoC5/cyfitter_cfg.c **** {
  27              		.loc 1 128 0
  28              		.cfi_startproc
  29              		@ Volatile: function does not return.
  30              		@ args = 0, pretend = 0, frame = 0
  31              		@ frame_needed = 0, uses_anonymous_args = 0
  32              		@ link register save eliminated.
  33              	.LVL0:
  34              	.L2:
  35 0000 FEE7     		b	.L2
  36              		.cfi_endproc
  37              	.LFE3:
  38              		.size	CyClockStartupError, .-CyClockStartupError
  39 0002 00BF     		.section	.text.cfg_write_bytes32,"ax",%progbits
  40              		.align	2
  41              		.thumb
  42              		.thumb_func
  43              		.type	cfg_write_bytes32, %function
ARM GAS  C:\Users\elias\AppData\Local\Temp\ccUaCA0t.s 			page 4


  44              	cfg_write_bytes32:
  45              	.LFB4:
 129:Generated_Source\PSoC5/cyfitter_cfg.c ****     /* To remove the compiler warning if errorCode not used.                */
 130:Generated_Source\PSoC5/cyfitter_cfg.c ****     errorCode = errorCode;
 131:Generated_Source\PSoC5/cyfitter_cfg.c **** 
 132:Generated_Source\PSoC5/cyfitter_cfg.c ****     /* If we have a clock startup error (bad MHz crystal, PLL lock, etc.),  */
 133:Generated_Source\PSoC5/cyfitter_cfg.c ****     /* we will end up here to allow the customer to implement something to  */
 134:Generated_Source\PSoC5/cyfitter_cfg.c ****     /* deal with the clock condition.                                       */
 135:Generated_Source\PSoC5/cyfitter_cfg.c **** 
 136:Generated_Source\PSoC5/cyfitter_cfg.c **** #ifdef CY_CFG_CLOCK_STARTUP_ERROR_CALLBACK
 137:Generated_Source\PSoC5/cyfitter_cfg.c ****     CY_CFG_Clock_Startup_ErrorCallback();
 138:Generated_Source\PSoC5/cyfitter_cfg.c **** #else
 139:Generated_Source\PSoC5/cyfitter_cfg.c ****     /*  If not using CY_CFG_CLOCK_STARTUP_ERROR_CALLBACK, place your clock startup code here. */
 140:Generated_Source\PSoC5/cyfitter_cfg.c ****     /* `#START CyClockStartupError` */
 141:Generated_Source\PSoC5/cyfitter_cfg.c **** 
 142:Generated_Source\PSoC5/cyfitter_cfg.c **** 
 143:Generated_Source\PSoC5/cyfitter_cfg.c **** 
 144:Generated_Source\PSoC5/cyfitter_cfg.c ****     /* `#END` */
 145:Generated_Source\PSoC5/cyfitter_cfg.c **** 
 146:Generated_Source\PSoC5/cyfitter_cfg.c ****     while(1) {}
 147:Generated_Source\PSoC5/cyfitter_cfg.c **** #endif /* CY_CFG_CLOCK_STARTUP_ERROR_CALLBACK */
 148:Generated_Source\PSoC5/cyfitter_cfg.c **** }
 149:Generated_Source\PSoC5/cyfitter_cfg.c **** #endif
 150:Generated_Source\PSoC5/cyfitter_cfg.c **** 
 151:Generated_Source\PSoC5/cyfitter_cfg.c **** #define CY_CFG_BASE_ADDR_COUNT 35u
 152:Generated_Source\PSoC5/cyfitter_cfg.c **** CYPACKED typedef struct
 153:Generated_Source\PSoC5/cyfitter_cfg.c **** {
 154:Generated_Source\PSoC5/cyfitter_cfg.c **** 	uint8 offset;
 155:Generated_Source\PSoC5/cyfitter_cfg.c **** 	uint8 value;
 156:Generated_Source\PSoC5/cyfitter_cfg.c **** } CYPACKED_ATTR cy_cfg_addrvalue_t;
 157:Generated_Source\PSoC5/cyfitter_cfg.c **** 
 158:Generated_Source\PSoC5/cyfitter_cfg.c **** #define cy_cfg_addr_table ((const uint32 CYFAR *)0x48000000u)
 159:Generated_Source\PSoC5/cyfitter_cfg.c **** #define cy_cfg_data_table ((const cy_cfg_addrvalue_t CYFAR *)0x4800008Cu)
 160:Generated_Source\PSoC5/cyfitter_cfg.c **** 
 161:Generated_Source\PSoC5/cyfitter_cfg.c **** /* IOPORT_7 Address: CYDEV_PRTDSI_PRT12_BASE Size (bytes): 6 */
 162:Generated_Source\PSoC5/cyfitter_cfg.c **** #define BS_IOPORT_7_VAL ((const uint8 CYFAR *)0x48000624u)
 163:Generated_Source\PSoC5/cyfitter_cfg.c **** 
 164:Generated_Source\PSoC5/cyfitter_cfg.c **** /* IOPINS0_0 Address: CYREG_PRT0_DM0 Size (bytes): 8 */
 165:Generated_Source\PSoC5/cyfitter_cfg.c **** #define BS_IOPINS0_0_VAL ((const uint8 CYFAR *)0x4800062Cu)
 166:Generated_Source\PSoC5/cyfitter_cfg.c **** 
 167:Generated_Source\PSoC5/cyfitter_cfg.c **** /* IOPINS0_7 Address: CYREG_PRT12_DR Size (bytes): 10 */
 168:Generated_Source\PSoC5/cyfitter_cfg.c **** #define BS_IOPINS0_7_VAL ((const uint8 CYFAR *)0x48000634u)
 169:Generated_Source\PSoC5/cyfitter_cfg.c **** 
 170:Generated_Source\PSoC5/cyfitter_cfg.c **** /* IOPINS0_8 Address: CYREG_PRT15_DR Size (bytes): 10 */
 171:Generated_Source\PSoC5/cyfitter_cfg.c **** #define BS_IOPINS0_8_VAL ((const uint8 CYFAR *)0x48000640u)
 172:Generated_Source\PSoC5/cyfitter_cfg.c **** 
 173:Generated_Source\PSoC5/cyfitter_cfg.c **** /* IOPINS0_1 Address: CYREG_PRT1_DM0 Size (bytes): 8 */
 174:Generated_Source\PSoC5/cyfitter_cfg.c **** #define BS_IOPINS0_1_VAL ((const uint8 CYFAR *)0x4800064Cu)
 175:Generated_Source\PSoC5/cyfitter_cfg.c **** 
 176:Generated_Source\PSoC5/cyfitter_cfg.c **** /* IOPINS0_2 Address: CYREG_PRT2_DM0 Size (bytes): 8 */
 177:Generated_Source\PSoC5/cyfitter_cfg.c **** #define BS_IOPINS0_2_VAL ((const uint8 CYFAR *)0x48000654u)
 178:Generated_Source\PSoC5/cyfitter_cfg.c **** 
 179:Generated_Source\PSoC5/cyfitter_cfg.c **** /* IOPINS0_3 Address: CYREG_PRT3_DM0 Size (bytes): 8 */
 180:Generated_Source\PSoC5/cyfitter_cfg.c **** #define BS_IOPINS0_3_VAL ((const uint8 CYFAR *)0x4800065Cu)
 181:Generated_Source\PSoC5/cyfitter_cfg.c **** 
 182:Generated_Source\PSoC5/cyfitter_cfg.c **** /* CYDEV_CLKDIST_ACFG0_CFG0 Address: CYREG_CLKDIST_ACFG0_CFG0 Size (bytes): 8 */
 183:Generated_Source\PSoC5/cyfitter_cfg.c **** #define BS_CYDEV_CLKDIST_ACFG0_CFG0_VAL ((const uint8 CYFAR *)0x48000664u)
ARM GAS  C:\Users\elias\AppData\Local\Temp\ccUaCA0t.s 			page 5


 184:Generated_Source\PSoC5/cyfitter_cfg.c **** 
 185:Generated_Source\PSoC5/cyfitter_cfg.c **** /* PHUB_CFGMEM10 Address: CYREG_PHUB_CFGMEM10_CFG0 Size (bytes): 4 */
 186:Generated_Source\PSoC5/cyfitter_cfg.c **** #define BS_PHUB_CFGMEM10_VAL ((const uint8 CYFAR *)0x4800066Cu)
 187:Generated_Source\PSoC5/cyfitter_cfg.c **** 
 188:Generated_Source\PSoC5/cyfitter_cfg.c **** /* PHUB_CFGMEM1 Address: CYREG_PHUB_CFGMEM1_CFG0 Size (bytes): 4 */
 189:Generated_Source\PSoC5/cyfitter_cfg.c **** #define BS_PHUB_CFGMEM1_VAL ((const uint8 CYFAR *)0x48000670u)
 190:Generated_Source\PSoC5/cyfitter_cfg.c **** 
 191:Generated_Source\PSoC5/cyfitter_cfg.c **** /* PHUB_CFGMEM2 Address: CYREG_PHUB_CFGMEM2_CFG0 Size (bytes): 4 */
 192:Generated_Source\PSoC5/cyfitter_cfg.c **** #define BS_PHUB_CFGMEM2_VAL ((const uint8 CYFAR *)0x48000674u)
 193:Generated_Source\PSoC5/cyfitter_cfg.c **** 
 194:Generated_Source\PSoC5/cyfitter_cfg.c **** /* PHUB_CFGMEM3 Address: CYREG_PHUB_CFGMEM3_CFG0 Size (bytes): 4 */
 195:Generated_Source\PSoC5/cyfitter_cfg.c **** #define BS_PHUB_CFGMEM3_VAL ((const uint8 CYFAR *)0x48000678u)
 196:Generated_Source\PSoC5/cyfitter_cfg.c **** 
 197:Generated_Source\PSoC5/cyfitter_cfg.c **** /* PHUB_CFGMEM4 Address: CYREG_PHUB_CFGMEM4_CFG0 Size (bytes): 4 */
 198:Generated_Source\PSoC5/cyfitter_cfg.c **** #define BS_PHUB_CFGMEM4_VAL ((const uint8 CYFAR *)0x4800067Cu)
 199:Generated_Source\PSoC5/cyfitter_cfg.c **** 
 200:Generated_Source\PSoC5/cyfitter_cfg.c **** /* PHUB_CFGMEM8 Address: CYREG_PHUB_CFGMEM8_CFG0 Size (bytes): 4 */
 201:Generated_Source\PSoC5/cyfitter_cfg.c **** #define BS_PHUB_CFGMEM8_VAL ((const uint8 CYFAR *)0x48000680u)
 202:Generated_Source\PSoC5/cyfitter_cfg.c **** 
 203:Generated_Source\PSoC5/cyfitter_cfg.c **** 
 204:Generated_Source\PSoC5/cyfitter_cfg.c **** /*******************************************************************************
 205:Generated_Source\PSoC5/cyfitter_cfg.c **** * Function Name: cfg_write_bytes32
 206:Generated_Source\PSoC5/cyfitter_cfg.c **** ********************************************************************************
 207:Generated_Source\PSoC5/cyfitter_cfg.c **** * Summary:
 208:Generated_Source\PSoC5/cyfitter_cfg.c **** *  This function is used for setting up the chip configuration areas that
 209:Generated_Source\PSoC5/cyfitter_cfg.c **** *  contain relatively sparse data.
 210:Generated_Source\PSoC5/cyfitter_cfg.c **** *
 211:Generated_Source\PSoC5/cyfitter_cfg.c **** * Parameters:
 212:Generated_Source\PSoC5/cyfitter_cfg.c **** *   void
 213:Generated_Source\PSoC5/cyfitter_cfg.c **** *
 214:Generated_Source\PSoC5/cyfitter_cfg.c **** * Return:
 215:Generated_Source\PSoC5/cyfitter_cfg.c **** *   void
 216:Generated_Source\PSoC5/cyfitter_cfg.c **** *
 217:Generated_Source\PSoC5/cyfitter_cfg.c **** *******************************************************************************/
 218:Generated_Source\PSoC5/cyfitter_cfg.c **** static void cfg_write_bytes32(const uint32 addr_table[], const cy_cfg_addrvalue_t data_table[]);
 219:Generated_Source\PSoC5/cyfitter_cfg.c **** static void cfg_write_bytes32(const uint32 addr_table[], const cy_cfg_addrvalue_t data_table[])
 220:Generated_Source\PSoC5/cyfitter_cfg.c **** {
  46              		.loc 1 220 0
  47              		.cfi_startproc
  48              		@ args = 0, pretend = 0, frame = 0
  49              		@ frame_needed = 0, uses_anonymous_args = 0
  50              		@ link register save eliminated.
  51              	.LVL1:
  52              		.loc 1 220 0
  53 0000 F0B4     		push	{r4, r5, r6, r7}
  54              		.cfi_def_cfa_offset 16
  55              		.cfi_offset 4, -16
  56              		.cfi_offset 5, -12
  57              		.cfi_offset 6, -8
  58              		.cfi_offset 7, -4
  59              	.LVL2:
 221:Generated_Source\PSoC5/cyfitter_cfg.c **** 	/* For 32-bit little-endian architectures */
 222:Generated_Source\PSoC5/cyfitter_cfg.c **** 	uint32 i, j = 0u;
  60              		.loc 1 222 0
  61 0002 0022     		movs	r2, #0
 223:Generated_Source\PSoC5/cyfitter_cfg.c **** 	for (i = 0u; i < CY_CFG_BASE_ADDR_COUNT; i++)
  62              		.loc 1 223 0
ARM GAS  C:\Users\elias\AppData\Local\Temp\ccUaCA0t.s 			page 6


  63 0004 1746     		mov	r7, r2
  64 0006 11E0     		b	.L4
  65              	.LVL3:
  66              	.L7:
  67              	.LBB2:
 224:Generated_Source\PSoC5/cyfitter_cfg.c **** 	{
 225:Generated_Source\PSoC5/cyfitter_cfg.c **** 		uint32 baseAddr = addr_table[i];
  68              		.loc 1 225 0
  69 0008 50F82760 		ldr	r6, [r0, r7, lsl #2]
  70              	.LVL4:
 226:Generated_Source\PSoC5/cyfitter_cfg.c **** 		uint8 count = (uint8)baseAddr;
  71              		.loc 1 226 0
  72 000c F3B2     		uxtb	r3, r6
  73              	.LVL5:
 227:Generated_Source\PSoC5/cyfitter_cfg.c **** 		baseAddr &= 0xFFFFFF00u;
  74              		.loc 1 227 0
  75 000e 26F0FF06 		bic	r6, r6, #255
  76              	.LVL6:
 228:Generated_Source\PSoC5/cyfitter_cfg.c **** 		while (count != 0u)
  77              		.loc 1 228 0
  78 0012 08E0     		b	.L5
  79              	.L6:
 229:Generated_Source\PSoC5/cyfitter_cfg.c **** 		{
 230:Generated_Source\PSoC5/cyfitter_cfg.c **** 			CY_SET_REG8((void *)(baseAddr + data_table[j].offset), data_table[j].value);
  80              		.loc 1 230 0
  81 0014 01EB4205 		add	r5, r1, r2, lsl #1
  82 0018 11F81240 		ldrb	r4, [r1, r2, lsl #1]	@ zero_extendqisi2
  83 001c 6D78     		ldrb	r5, [r5, #1]	@ zero_extendqisi2
  84 001e A555     		strb	r5, [r4, r6]
 231:Generated_Source\PSoC5/cyfitter_cfg.c **** 			j++;
  85              		.loc 1 231 0
  86 0020 0132     		adds	r2, r2, #1
  87              	.LVL7:
 232:Generated_Source\PSoC5/cyfitter_cfg.c **** 			count--;
  88              		.loc 1 232 0
  89 0022 013B     		subs	r3, r3, #1
  90              	.LVL8:
  91 0024 DBB2     		uxtb	r3, r3
  92              	.LVL9:
  93              	.L5:
 228:Generated_Source\PSoC5/cyfitter_cfg.c **** 		{
  94              		.loc 1 228 0
  95 0026 002B     		cmp	r3, #0
  96 0028 F4D1     		bne	.L6
  97              	.LBE2:
 223:Generated_Source\PSoC5/cyfitter_cfg.c **** 	{
  98              		.loc 1 223 0 discriminator 2
  99 002a 0137     		adds	r7, r7, #1
 100              	.LVL10:
 101              	.L4:
 223:Generated_Source\PSoC5/cyfitter_cfg.c **** 	{
 102              		.loc 1 223 0 is_stmt 0 discriminator 1
 103 002c 222F     		cmp	r7, #34
 104 002e EBD9     		bls	.L7
 233:Generated_Source\PSoC5/cyfitter_cfg.c **** 		}
 234:Generated_Source\PSoC5/cyfitter_cfg.c **** 	}
 235:Generated_Source\PSoC5/cyfitter_cfg.c **** }
ARM GAS  C:\Users\elias\AppData\Local\Temp\ccUaCA0t.s 			page 7


 105              		.loc 1 235 0 is_stmt 1
 106 0030 F0BC     		pop	{r4, r5, r6, r7}
 107              		.cfi_restore 7
 108              		.cfi_restore 6
 109              		.cfi_restore 5
 110              		.cfi_restore 4
 111              		.cfi_def_cfa_offset 0
 112              	.LVL11:
 113 0032 7047     		bx	lr
 114              		.cfi_endproc
 115              	.LFE4:
 116              		.size	cfg_write_bytes32, .-cfg_write_bytes32
 117              		.section	.text.CYMEMZERO,"ax",%progbits
 118              		.align	2
 119              		.thumb
 120              		.thumb_func
 121              		.type	CYMEMZERO, %function
 122              	CYMEMZERO:
 123              	.LFB0:
  78:Generated_Source\PSoC5/cyfitter_cfg.c **** 	(void)memset(s, 0, n);
 124              		.loc 1 78 0
 125              		.cfi_startproc
 126              		@ args = 0, pretend = 0, frame = 0
 127              		@ frame_needed = 0, uses_anonymous_args = 0
 128              	.LVL12:
 129 0000 08B5     		push	{r3, lr}
 130              		.cfi_def_cfa_offset 8
 131              		.cfi_offset 3, -8
 132              		.cfi_offset 14, -4
  79:Generated_Source\PSoC5/cyfitter_cfg.c **** }
 133              		.loc 1 79 0
 134 0002 0A46     		mov	r2, r1
 135 0004 0021     		movs	r1, #0
 136              	.LVL13:
 137 0006 FFF7FEFF 		bl	memset
 138              	.LVL14:
 139 000a 08BD     		pop	{r3, pc}
 140              		.cfi_endproc
 141              	.LFE0:
 142              		.size	CYMEMZERO, .-CYMEMZERO
 143              		.section	.text.AnalogSetDefault,"ax",%progbits
 144              		.align	2
 145              		.thumb
 146              		.thumb_func
 147              		.type	AnalogSetDefault, %function
 148              	AnalogSetDefault:
 149              	.LFB6:
 236:Generated_Source\PSoC5/cyfitter_cfg.c **** 
 237:Generated_Source\PSoC5/cyfitter_cfg.c **** /*******************************************************************************
 238:Generated_Source\PSoC5/cyfitter_cfg.c **** * Function Name: ClockSetup
 239:Generated_Source\PSoC5/cyfitter_cfg.c **** ********************************************************************************
 240:Generated_Source\PSoC5/cyfitter_cfg.c **** *
 241:Generated_Source\PSoC5/cyfitter_cfg.c **** * Summary:
 242:Generated_Source\PSoC5/cyfitter_cfg.c **** *  Performs the initialization of all of the clocks in the device based on the
 243:Generated_Source\PSoC5/cyfitter_cfg.c **** *  settings in the Clock tab of the DWR.  This includes enabling the requested
 244:Generated_Source\PSoC5/cyfitter_cfg.c **** *  clocks and setting the necessary dividers to produce the desired frequency. 
 245:Generated_Source\PSoC5/cyfitter_cfg.c **** *
ARM GAS  C:\Users\elias\AppData\Local\Temp\ccUaCA0t.s 			page 8


 246:Generated_Source\PSoC5/cyfitter_cfg.c **** * Parameters:
 247:Generated_Source\PSoC5/cyfitter_cfg.c **** *  void
 248:Generated_Source\PSoC5/cyfitter_cfg.c **** *
 249:Generated_Source\PSoC5/cyfitter_cfg.c **** * Return:
 250:Generated_Source\PSoC5/cyfitter_cfg.c **** *  void
 251:Generated_Source\PSoC5/cyfitter_cfg.c **** *
 252:Generated_Source\PSoC5/cyfitter_cfg.c **** *******************************************************************************/
 253:Generated_Source\PSoC5/cyfitter_cfg.c **** static void ClockSetup(void);
 254:Generated_Source\PSoC5/cyfitter_cfg.c **** static void ClockSetup(void)
 255:Generated_Source\PSoC5/cyfitter_cfg.c **** {
 256:Generated_Source\PSoC5/cyfitter_cfg.c **** 	uint32 timeout;
 257:Generated_Source\PSoC5/cyfitter_cfg.c **** 	uint8 pllLock;
 258:Generated_Source\PSoC5/cyfitter_cfg.c **** 
 259:Generated_Source\PSoC5/cyfitter_cfg.c **** 
 260:Generated_Source\PSoC5/cyfitter_cfg.c **** 	/* Configure Digital Clocks based on settings from Clock DWR */
 261:Generated_Source\PSoC5/cyfitter_cfg.c **** 	CY_SET_XTND_REG16((void CYFAR *)(CYREG_CLKDIST_DCFG0_CFG0), 0x0000u);
 262:Generated_Source\PSoC5/cyfitter_cfg.c **** 	CY_SET_XTND_REG8((void CYFAR *)(CYREG_CLKDIST_DCFG0_CFG0 + 0x2u), 0x50u);
 263:Generated_Source\PSoC5/cyfitter_cfg.c **** 	CY_SET_XTND_REG16((void CYFAR *)(CYREG_CLKDIST_DCFG1_CFG0), 0x0033u);
 264:Generated_Source\PSoC5/cyfitter_cfg.c **** 	CY_SET_XTND_REG8((void CYFAR *)(CYREG_CLKDIST_DCFG1_CFG0 + 0x2u), 0x18u);
 265:Generated_Source\PSoC5/cyfitter_cfg.c **** 
 266:Generated_Source\PSoC5/cyfitter_cfg.c **** 	/* Configure Analog Clocks based on settings from Clock DWR */
 267:Generated_Source\PSoC5/cyfitter_cfg.c **** 	CYCONFIGCPY((void CYFAR *)(CYREG_CLKDIST_ACFG0_CFG0), (const void CYFAR *)(BS_CYDEV_CLKDIST_ACFG0_
 268:Generated_Source\PSoC5/cyfitter_cfg.c **** 
 269:Generated_Source\PSoC5/cyfitter_cfg.c **** 	/* Configure ILO based on settings from Clock DWR */
 270:Generated_Source\PSoC5/cyfitter_cfg.c **** 	CY_SET_XTND_REG8((void CYFAR *)(CYREG_SLOWCLK_ILO_CR0), 0x06u);
 271:Generated_Source\PSoC5/cyfitter_cfg.c **** 
 272:Generated_Source\PSoC5/cyfitter_cfg.c **** 	/* Configure IMO based on settings from Clock DWR */
 273:Generated_Source\PSoC5/cyfitter_cfg.c **** 	CY_SET_XTND_REG8((void CYFAR *)(CYREG_FASTCLK_IMO_CR), 0x52u);
 274:Generated_Source\PSoC5/cyfitter_cfg.c **** 	CY_SET_XTND_REG8((void CYFAR *)(CYREG_IMO_TR1), (CY_GET_XTND_REG8((void CYFAR *)CYREG_FLSHID_CUST_
 275:Generated_Source\PSoC5/cyfitter_cfg.c **** 
 276:Generated_Source\PSoC5/cyfitter_cfg.c **** 	/* Configure PLL based on settings from Clock DWR */
 277:Generated_Source\PSoC5/cyfitter_cfg.c **** 	CY_SET_XTND_REG16((void CYFAR *)(CYREG_FASTCLK_PLL_P), 0x0708u);
 278:Generated_Source\PSoC5/cyfitter_cfg.c **** 	CY_SET_XTND_REG16((void CYFAR *)(CYREG_FASTCLK_PLL_CFG0), 0x1251u);
 279:Generated_Source\PSoC5/cyfitter_cfg.c **** 	/* Wait up to 250us for the PLL to lock */
 280:Generated_Source\PSoC5/cyfitter_cfg.c **** 	pllLock = 0u;
 281:Generated_Source\PSoC5/cyfitter_cfg.c **** 	for (timeout = 250u / 10u; (timeout > 0u) && (pllLock != 0x03u); timeout--)
 282:Generated_Source\PSoC5/cyfitter_cfg.c **** 	{ 
 283:Generated_Source\PSoC5/cyfitter_cfg.c **** 		pllLock = 0x03u & ((uint8)((uint8)pllLock << 1) | ((CY_GET_XTND_REG8((void CYFAR *)CYREG_FASTCLK_
 284:Generated_Source\PSoC5/cyfitter_cfg.c **** 		CyDelayCycles(10u * 48u); /* Delay 10us based on 48MHz clock */
 285:Generated_Source\PSoC5/cyfitter_cfg.c **** 	}
 286:Generated_Source\PSoC5/cyfitter_cfg.c **** 	/* If we ran out of time the PLL didn't lock so go to the error function */
 287:Generated_Source\PSoC5/cyfitter_cfg.c **** 	if (timeout == 0u)
 288:Generated_Source\PSoC5/cyfitter_cfg.c **** 	{
 289:Generated_Source\PSoC5/cyfitter_cfg.c **** 		CyClockStartupError(CYCLOCKSTART_PLL_ERROR);
 290:Generated_Source\PSoC5/cyfitter_cfg.c **** 	}
 291:Generated_Source\PSoC5/cyfitter_cfg.c **** 
 292:Generated_Source\PSoC5/cyfitter_cfg.c **** 	/* Configure Bus/Master Clock based on settings from Clock DWR */
 293:Generated_Source\PSoC5/cyfitter_cfg.c **** 	CY_SET_XTND_REG16((void CYFAR *)(CYREG_CLKDIST_MSTR0), 0x0100u);
 294:Generated_Source\PSoC5/cyfitter_cfg.c **** 	CY_SET_XTND_REG8((void CYFAR *)(CYREG_CLKDIST_MSTR0), 0x07u);
 295:Generated_Source\PSoC5/cyfitter_cfg.c **** 	CY_SET_XTND_REG8((void CYFAR *)(CYREG_CLKDIST_BCFG0), 0x00u);
 296:Generated_Source\PSoC5/cyfitter_cfg.c **** 	CY_SET_XTND_REG8((void CYFAR *)(CYREG_CLKDIST_BCFG2), 0x48u);
 297:Generated_Source\PSoC5/cyfitter_cfg.c **** 	CY_SET_XTND_REG8((void CYFAR *)(CYREG_CLKDIST_MSTR0), 0x00u);
 298:Generated_Source\PSoC5/cyfitter_cfg.c **** 
 299:Generated_Source\PSoC5/cyfitter_cfg.c **** 	/* Configure USB Clock based on settings from Clock DWR */
 300:Generated_Source\PSoC5/cyfitter_cfg.c **** 	CY_SET_XTND_REG8((void CYFAR *)(CYREG_CLKDIST_UCFG), 0x00u);
 301:Generated_Source\PSoC5/cyfitter_cfg.c **** 	CY_SET_XTND_REG8((void CYFAR *)(CYREG_CLKDIST_LD), 0x02u);
 302:Generated_Source\PSoC5/cyfitter_cfg.c **** 	CY_SET_XTND_REG8((void CYFAR *)(CYREG_CLKDIST_DLY1), 0x04u);
ARM GAS  C:\Users\elias\AppData\Local\Temp\ccUaCA0t.s 			page 9


 303:Generated_Source\PSoC5/cyfitter_cfg.c **** 
 304:Generated_Source\PSoC5/cyfitter_cfg.c **** 	CY_SET_XTND_REG8((void CYFAR *)(CYREG_PM_ACT_CFG2), ((CY_GET_XTND_REG8((void CYFAR *)CYREG_PM_ACT_
 305:Generated_Source\PSoC5/cyfitter_cfg.c **** 	CY_SET_XTND_REG8((void CYFAR *)(CYREG_PM_ACT_CFG1), ((CY_GET_XTND_REG8((void CYFAR *)CYREG_PM_ACT_
 306:Generated_Source\PSoC5/cyfitter_cfg.c **** 	CY_SET_XTND_REG8((void CYFAR *)(CYREG_PM_ACT_CFG0), ((CY_GET_XTND_REG8((void CYFAR *)CYREG_PM_ACT_
 307:Generated_Source\PSoC5/cyfitter_cfg.c **** }
 308:Generated_Source\PSoC5/cyfitter_cfg.c **** 
 309:Generated_Source\PSoC5/cyfitter_cfg.c **** 
 310:Generated_Source\PSoC5/cyfitter_cfg.c **** /* Analog API Functions */
 311:Generated_Source\PSoC5/cyfitter_cfg.c **** 
 312:Generated_Source\PSoC5/cyfitter_cfg.c **** 
 313:Generated_Source\PSoC5/cyfitter_cfg.c **** /*******************************************************************************
 314:Generated_Source\PSoC5/cyfitter_cfg.c **** * Function Name: AnalogSetDefault
 315:Generated_Source\PSoC5/cyfitter_cfg.c **** ********************************************************************************
 316:Generated_Source\PSoC5/cyfitter_cfg.c **** *
 317:Generated_Source\PSoC5/cyfitter_cfg.c **** * Summary:
 318:Generated_Source\PSoC5/cyfitter_cfg.c **** *  Sets up the analog portions of the chip to default values based on chip
 319:Generated_Source\PSoC5/cyfitter_cfg.c **** *  configuration options from the project.
 320:Generated_Source\PSoC5/cyfitter_cfg.c **** *
 321:Generated_Source\PSoC5/cyfitter_cfg.c **** * Parameters:
 322:Generated_Source\PSoC5/cyfitter_cfg.c **** *  void
 323:Generated_Source\PSoC5/cyfitter_cfg.c **** *
 324:Generated_Source\PSoC5/cyfitter_cfg.c **** * Return:
 325:Generated_Source\PSoC5/cyfitter_cfg.c **** *  void
 326:Generated_Source\PSoC5/cyfitter_cfg.c **** *
 327:Generated_Source\PSoC5/cyfitter_cfg.c **** *******************************************************************************/
 328:Generated_Source\PSoC5/cyfitter_cfg.c **** static void AnalogSetDefault(void);
 329:Generated_Source\PSoC5/cyfitter_cfg.c **** static void AnalogSetDefault(void)
 330:Generated_Source\PSoC5/cyfitter_cfg.c **** {
 150              		.loc 1 330 0
 151              		.cfi_startproc
 152              		@ args = 0, pretend = 0, frame = 0
 153              		@ frame_needed = 0, uses_anonymous_args = 0
 154 0000 F8B5     		push	{r3, r4, r5, r6, r7, lr}
 155              		.cfi_def_cfa_offset 24
 156              		.cfi_offset 3, -24
 157              		.cfi_offset 4, -20
 158              		.cfi_offset 5, -16
 159              		.cfi_offset 6, -12
 160              		.cfi_offset 7, -8
 161              		.cfi_offset 14, -4
 331:Generated_Source\PSoC5/cyfitter_cfg.c **** 	uint8 bg_xover_inl_trim = CY_GET_XTND_REG8((void CYFAR *)(CYREG_FLSHID_MFG_CFG_BG_XOVER_INL_TRIM +
 162              		.loc 1 331 0
 163 0002 394B     		ldr	r3, .L13
 164 0004 1B78     		ldrb	r3, [r3]	@ zero_extendqisi2
 165 0006 DBB2     		uxtb	r3, r3
 166              	.LVL15:
 332:Generated_Source\PSoC5/cyfitter_cfg.c **** 	uint8 cr4 = CY_GET_XTND_REG8((void CYFAR *)(CYREG_RESET_CR4));
 167              		.loc 1 332 0
 168 0008 384E     		ldr	r6, .L13+4
 169 000a 3478     		ldrb	r4, [r6]	@ zero_extendqisi2
 170 000c E4B2     		uxtb	r4, r4
 171              	.LVL16:
 333:Generated_Source\PSoC5/cyfitter_cfg.c **** 	uint8 cr5 = CY_GET_XTND_REG8((void CYFAR *)(CYREG_RESET_CR5));
 172              		.loc 1 333 0
 173 000e 384F     		ldr	r7, .L13+8
 174 0010 3D78     		ldrb	r5, [r7]	@ zero_extendqisi2
 175 0012 EDB2     		uxtb	r5, r5
ARM GAS  C:\Users\elias\AppData\Local\Temp\ccUaCA0t.s 			page 10


 176              	.LVL17:
 334:Generated_Source\PSoC5/cyfitter_cfg.c **** 	CY_SET_XTND_REG8((void CYFAR *)(CYREG_BG_DFT0), (bg_xover_inl_trim & 0x07u));
 177              		.loc 1 334 0
 178 0014 03F00701 		and	r1, r3, #7
 179 0018 364A     		ldr	r2, .L13+12
 180 001a 1170     		strb	r1, [r2]
 335:Generated_Source\PSoC5/cyfitter_cfg.c **** 	CY_SET_XTND_REG8((void CYFAR *)(CYREG_BG_DFT1), ((bg_xover_inl_trim >> 4) & 0x0Fu));
 181              		.loc 1 335 0
 182 001c 1B09     		lsrs	r3, r3, #4
 183              	.LVL18:
 184 001e 0132     		adds	r2, r2, #1
 185 0020 1370     		strb	r3, [r2]
 336:Generated_Source\PSoC5/cyfitter_cfg.c **** 	/* Disable PRES while setting up SAR voltage reference */
 337:Generated_Source\PSoC5/cyfitter_cfg.c **** 	CY_SET_XTND_REG8((void CYFAR *)(CYREG_RESET_CR4), (cr4 | 0x03u));
 186              		.loc 1 337 0
 187 0022 44F00303 		orr	r3, r4, #3
 188 0026 3370     		strb	r3, [r6]
 338:Generated_Source\PSoC5/cyfitter_cfg.c **** 	CY_SET_XTND_REG8((void CYFAR *)(CYREG_RESET_CR5), (cr5 | 0x03u));
 189              		.loc 1 338 0
 190 0028 45F00303 		orr	r3, r5, #3
 191 002c 3B70     		strb	r3, [r7]
 339:Generated_Source\PSoC5/cyfitter_cfg.c **** 	CY_SET_XTND_REG16((void CYFAR *)CYREG_PRT0_AMUX, 0x6010u);
 192              		.loc 1 339 0
 193 002e 46F21002 		movw	r2, #24592
 194 0032 314B     		ldr	r3, .L13+16
 195 0034 1A80     		strh	r2, [r3]	@ movhi
 340:Generated_Source\PSoC5/cyfitter_cfg.c **** 	CY_SET_XTND_REG8((void CYFAR *)CYREG_PRT1_AG, 0x14u);
 196              		.loc 1 340 0
 197 0036 1422     		movs	r2, #20
 198 0038 1133     		adds	r3, r3, #17
 199 003a 1A70     		strb	r2, [r3]
 341:Generated_Source\PSoC5/cyfitter_cfg.c **** 	CY_SET_XTND_REG8((void CYFAR *)CYREG_PRT2_AG, 0xC0u);
 200              		.loc 1 341 0
 201 003c C022     		movs	r2, #192
 202 003e 1033     		adds	r3, r3, #16
 203 0040 1A70     		strb	r2, [r3]
 342:Generated_Source\PSoC5/cyfitter_cfg.c **** 	CY_SET_XTND_REG8((void CYFAR *)CYREG_PRT3_AG, 0xA4u);
 204              		.loc 1 342 0
 205 0042 A422     		movs	r2, #164
 206 0044 1033     		adds	r3, r3, #16
 207 0046 1A70     		strb	r2, [r3]
 343:Generated_Source\PSoC5/cyfitter_cfg.c **** 	CY_SET_XTND_REG16((void CYFAR *)CYREG_PRT5_AMUX, 0x8080u);
 208              		.loc 1 343 0
 209 0048 48F28002 		movw	r2, #32896
 210 004c 1F33     		adds	r3, r3, #31
 211 004e 1A80     		strh	r2, [r3]	@ movhi
 344:Generated_Source\PSoC5/cyfitter_cfg.c **** 	CY_SET_XTND_REG8((void CYFAR *)CYREG_BG_CR0, 0x0Cu);
 212              		.loc 1 344 0
 213 0050 0C22     		movs	r2, #12
 214 0052 03F5E263 		add	r3, r3, #1808
 215 0056 1A70     		strb	r2, [r3]
 345:Generated_Source\PSoC5/cyfitter_cfg.c **** 	CY_SET_XTND_REG8((void CYFAR *)CYREG_SAR0_CSR1, 0x80u);
 216              		.loc 1 345 0
 217 0058 8022     		movs	r2, #128
 218 005a 9533     		adds	r3, r3, #149
 219 005c 1A70     		strb	r2, [r3]
 346:Generated_Source\PSoC5/cyfitter_cfg.c **** 	CY_SET_XTND_REG8((void CYFAR *)CYREG_SC0_SW0, 0x04u);
ARM GAS  C:\Users\elias\AppData\Local\Temp\ccUaCA0t.s 			page 11


 220              		.loc 1 346 0
 221 005e 0423     		movs	r3, #4
 222 0060 264A     		ldr	r2, .L13+20
 223 0062 1370     		strb	r3, [r2]
 347:Generated_Source\PSoC5/cyfitter_cfg.c **** 	CY_SET_XTND_REG8((void CYFAR *)CYREG_SC0_SW7, 0x04u);
 224              		.loc 1 347 0
 225 0064 0732     		adds	r2, r2, #7
 226 0066 1370     		strb	r3, [r2]
 348:Generated_Source\PSoC5/cyfitter_cfg.c **** 	CY_SET_XTND_REG8((void CYFAR *)CYREG_SC1_SW0, 0x04u);
 227              		.loc 1 348 0
 228 0068 0932     		adds	r2, r2, #9
 229 006a 1370     		strb	r3, [r2]
 349:Generated_Source\PSoC5/cyfitter_cfg.c **** 	CY_SET_XTND_REG8((void CYFAR *)CYREG_SC1_SW6, 0x01u);
 230              		.loc 1 349 0
 231 006c 0122     		movs	r2, #1
 232 006e 2449     		ldr	r1, .L13+24
 233 0070 0A70     		strb	r2, [r1]
 350:Generated_Source\PSoC5/cyfitter_cfg.c **** 	CY_SET_XTND_REG8((void CYFAR *)CYREG_SC2_SW0, 0x08u);
 234              		.loc 1 350 0
 235 0072 0820     		movs	r0, #8
 236 0074 0A31     		adds	r1, r1, #10
 237 0076 0870     		strb	r0, [r1]
 351:Generated_Source\PSoC5/cyfitter_cfg.c **** 	CY_SET_XTND_REG8((void CYFAR *)CYREG_SC2_SW7, 0x04u);
 238              		.loc 1 351 0
 239 0078 0731     		adds	r1, r1, #7
 240 007a 0B70     		strb	r3, [r1]
 352:Generated_Source\PSoC5/cyfitter_cfg.c **** 	CY_SET_XTND_REG8((void CYFAR *)CYREG_SC3_SW0, 0x01u);
 241              		.loc 1 352 0
 242 007c 0931     		adds	r1, r1, #9
 243 007e 0A70     		strb	r2, [r1]
 353:Generated_Source\PSoC5/cyfitter_cfg.c **** 	CY_SET_XTND_REG8((void CYFAR *)CYREG_SC3_SW4, 0x20u);
 244              		.loc 1 353 0
 245 0080 2021     		movs	r1, #32
 246 0082 204A     		ldr	r2, .L13+28
 247 0084 1170     		strb	r1, [r2]
 354:Generated_Source\PSoC5/cyfitter_cfg.c **** 	CY_SET_XTND_REG8((void CYFAR *)CYREG_SC3_SW6, 0x02u);
 248              		.loc 1 354 0
 249 0086 0220     		movs	r0, #2
 250 0088 0232     		adds	r2, r2, #2
 251 008a 1070     		strb	r0, [r2]
 355:Generated_Source\PSoC5/cyfitter_cfg.c **** 	CY_SET_XTND_REG8((void CYFAR *)CYREG_CMP1_SW4, 0x40u);
 252              		.loc 1 355 0
 253 008c 4022     		movs	r2, #64
 254 008e DFF884E0 		ldr	lr, .L13+44
 255 0092 8EF80020 		strb	r2, [lr]
 356:Generated_Source\PSoC5/cyfitter_cfg.c **** 	CY_SET_XTND_REG8((void CYFAR *)CYREG_CMP1_SW6, 0x04u);
 256              		.loc 1 356 0
 257 0096 0EF1020E 		add	lr, lr, #2
 258 009a 8EF80030 		strb	r3, [lr]
 357:Generated_Source\PSoC5/cyfitter_cfg.c **** 	CY_SET_XTND_REG8((void CYFAR *)CYREG_CMP3_SW3, 0x40u);
 259              		.loc 1 357 0
 260 009e 1A4B     		ldr	r3, .L13+32
 261 00a0 1A70     		strb	r2, [r3]
 358:Generated_Source\PSoC5/cyfitter_cfg.c **** 	CY_SET_XTND_REG8((void CYFAR *)CYREG_CMP3_SW4, 0x02u);
 262              		.loc 1 358 0
 263 00a2 0133     		adds	r3, r3, #1
 264 00a4 1870     		strb	r0, [r3]
ARM GAS  C:\Users\elias\AppData\Local\Temp\ccUaCA0t.s 			page 12


 359:Generated_Source\PSoC5/cyfitter_cfg.c **** 	CY_SET_XTND_REG8((void CYFAR *)CYREG_DSM0_SW0, 0x40u);
 265              		.loc 1 359 0
 266 00a6 2433     		adds	r3, r3, #36
 267 00a8 1A70     		strb	r2, [r3]
 360:Generated_Source\PSoC5/cyfitter_cfg.c **** 	CY_SET_XTND_REG8((void CYFAR *)CYREG_DSM0_SW4, 0x20u);
 268              		.loc 1 360 0
 269 00aa 0433     		adds	r3, r3, #4
 270 00ac 1970     		strb	r1, [r3]
 361:Generated_Source\PSoC5/cyfitter_cfg.c **** 	CY_SET_XTND_REG16((void CYFAR *)CYREG_SAR0_SW2, 0x1004u);
 271              		.loc 1 361 0
 272 00ae 41F20402 		movw	r2, #4100
 273 00b2 1E33     		adds	r3, r3, #30
 274 00b4 1A80     		strh	r2, [r3]	@ movhi
 362:Generated_Source\PSoC5/cyfitter_cfg.c **** 	CY_SET_XTND_REG32((void CYFAR *)CYREG_OPAMP0_MX, 0x02050105u);
 275              		.loc 1 362 0
 276 00b6 154A     		ldr	r2, .L13+36
 277 00b8 1E33     		adds	r3, r3, #30
 278 00ba 1A60     		str	r2, [r3]
 363:Generated_Source\PSoC5/cyfitter_cfg.c **** 	CY_SET_XTND_REG8((void CYFAR *)CYREG_OPAMP2_MX, 0x26u);
 279              		.loc 1 363 0
 280 00bc 2622     		movs	r2, #38
 281 00be 0433     		adds	r3, r3, #4
 282 00c0 1A70     		strb	r2, [r3]
 364:Generated_Source\PSoC5/cyfitter_cfg.c **** 	CY_SET_XTND_REG16((void CYFAR *)CYREG_OPAMP3_MX, 0x0405u);
 283              		.loc 1 364 0
 284 00c2 40F20542 		movw	r2, #1029
 285 00c6 0233     		adds	r3, r3, #2
 286 00c8 1A80     		strh	r2, [r3]	@ movhi
 365:Generated_Source\PSoC5/cyfitter_cfg.c **** 	CY_SET_XTND_REG8((void CYFAR *)CYREG_BUS_SW0, 0x92u);
 287              		.loc 1 365 0
 288 00ca 9222     		movs	r2, #146
 289 00cc 1233     		adds	r3, r3, #18
 290 00ce 1A70     		strb	r2, [r3]
 366:Generated_Source\PSoC5/cyfitter_cfg.c **** 	CY_SET_XTND_REG8((void CYFAR *)CYREG_BUS_SW2, 0x06u);
 291              		.loc 1 366 0
 292 00d0 0622     		movs	r2, #6
 293 00d2 0233     		adds	r3, r3, #2
 294 00d4 1A70     		strb	r2, [r3]
 367:Generated_Source\PSoC5/cyfitter_cfg.c **** 	CyDelayUs(10u); /* Allow vref to settle before re-enabling PRES */
 295              		.loc 1 367 0
 296 00d6 0A20     		movs	r0, #10
 297 00d8 FFF7FEFF 		bl	CyDelayUs
 298              	.LVL19:
 368:Generated_Source\PSoC5/cyfitter_cfg.c **** 	CY_SET_XTND_REG8((void CYFAR *)(CYREG_RESET_CR5), (cr5));
 299              		.loc 1 368 0
 300 00dc 3D70     		strb	r5, [r7]
 369:Generated_Source\PSoC5/cyfitter_cfg.c **** 	CY_SET_XTND_REG8((void CYFAR *)(CYREG_RESET_CR4), (cr4));
 301              		.loc 1 369 0
 302 00de 3470     		strb	r4, [r6]
 370:Generated_Source\PSoC5/cyfitter_cfg.c **** 	CY_SET_XTND_REG8((void CYFAR *)CYREG_PUMP_CR0, 0x44u);
 303              		.loc 1 370 0
 304 00e0 4422     		movs	r2, #68
 305 00e2 0B4B     		ldr	r3, .L13+40
 306 00e4 1A70     		strb	r2, [r3]
 307 00e6 F8BD     		pop	{r3, r4, r5, r6, r7, pc}
 308              	.LVL20:
 309              	.L14:
ARM GAS  C:\Users\elias\AppData\Local\Temp\ccUaCA0t.s 			page 13


 310              		.align	2
 311              	.L13:
 312 00e8 CF010049 		.word	1224737231
 313 00ec F8460040 		.word	1073759992
 314 00f0 F9460040 		.word	1073759993
 315 00f4 6E580040 		.word	1073764462
 316 00f8 0C510040 		.word	1073762572
 317 00fc 005A0040 		.word	1073764864
 318 0100 165A0040 		.word	1073764886
 319 0104 345A0040 		.word	1073764916
 320 0108 DB5A0040 		.word	1073765083
 321 010c 05010502 		.word	33882373
 322 0110 76580040 		.word	1073764470
 323 0114 CC5A0040 		.word	1073765068
 324              		.cfi_endproc
 325              	.LFE6:
 326              		.size	AnalogSetDefault, .-AnalogSetDefault
 327              		.section	.text.CYCONFIGCPY,"ax",%progbits
 328              		.align	2
 329              		.thumb
 330              		.thumb_func
 331              		.type	CYCONFIGCPY, %function
 332              	CYCONFIGCPY:
 333              	.LFB1:
  85:Generated_Source\PSoC5/cyfitter_cfg.c **** 	(void)memcpy(dest, src, n);
 334              		.loc 1 85 0
 335              		.cfi_startproc
 336              		@ args = 0, pretend = 0, frame = 0
 337              		@ frame_needed = 0, uses_anonymous_args = 0
 338              	.LVL21:
 339 0000 08B5     		push	{r3, lr}
 340              		.cfi_def_cfa_offset 8
 341              		.cfi_offset 3, -8
 342              		.cfi_offset 14, -4
  86:Generated_Source\PSoC5/cyfitter_cfg.c **** }
 343              		.loc 1 86 0
 344 0002 FFF7FEFF 		bl	memcpy
 345              	.LVL22:
 346 0006 08BD     		pop	{r3, pc}
 347              		.cfi_endproc
 348              	.LFE1:
 349              		.size	CYCONFIGCPY, .-CYCONFIGCPY
 350              		.section	.text.ClockSetup,"ax",%progbits
 351              		.align	2
 352              		.thumb
 353              		.thumb_func
 354              		.type	ClockSetup, %function
 355              	ClockSetup:
 356              	.LFB5:
 255:Generated_Source\PSoC5/cyfitter_cfg.c **** 	uint32 timeout;
 357              		.loc 1 255 0
 358              		.cfi_startproc
 359              		@ args = 0, pretend = 0, frame = 0
 360              		@ frame_needed = 0, uses_anonymous_args = 0
 361 0000 38B5     		push	{r3, r4, r5, lr}
 362              		.cfi_def_cfa_offset 16
 363              		.cfi_offset 3, -16
ARM GAS  C:\Users\elias\AppData\Local\Temp\ccUaCA0t.s 			page 14


 364              		.cfi_offset 4, -12
 365              		.cfi_offset 5, -8
 366              		.cfi_offset 14, -4
 261:Generated_Source\PSoC5/cyfitter_cfg.c **** 	CY_SET_XTND_REG8((void CYFAR *)(CYREG_CLKDIST_DCFG0_CFG0 + 0x2u), 0x50u);
 367              		.loc 1 261 0
 368 0002 0024     		movs	r4, #0
 369 0004 2F4B     		ldr	r3, .L23
 370 0006 1C80     		strh	r4, [r3]	@ movhi
 262:Generated_Source\PSoC5/cyfitter_cfg.c **** 	CY_SET_XTND_REG16((void CYFAR *)(CYREG_CLKDIST_DCFG1_CFG0), 0x0033u);
 371              		.loc 1 262 0
 372 0008 5022     		movs	r2, #80
 373 000a 0233     		adds	r3, r3, #2
 374 000c 1A70     		strb	r2, [r3]
 263:Generated_Source\PSoC5/cyfitter_cfg.c **** 	CY_SET_XTND_REG8((void CYFAR *)(CYREG_CLKDIST_DCFG1_CFG0 + 0x2u), 0x18u);
 375              		.loc 1 263 0
 376 000e 3322     		movs	r2, #51
 377 0010 0233     		adds	r3, r3, #2
 378 0012 1A80     		strh	r2, [r3]	@ movhi
 264:Generated_Source\PSoC5/cyfitter_cfg.c **** 
 379              		.loc 1 264 0
 380 0014 1822     		movs	r2, #24
 381 0016 0233     		adds	r3, r3, #2
 382 0018 1A70     		strb	r2, [r3]
 267:Generated_Source\PSoC5/cyfitter_cfg.c **** 
 383              		.loc 1 267 0
 384 001a 0822     		movs	r2, #8
 385 001c 2A49     		ldr	r1, .L23+4
 386 001e 2B48     		ldr	r0, .L23+8
 387 0020 FFF7FEFF 		bl	CYCONFIGCPY
 388              	.LVL23:
 270:Generated_Source\PSoC5/cyfitter_cfg.c **** 
 389              		.loc 1 270 0
 390 0024 0622     		movs	r2, #6
 391 0026 2A4B     		ldr	r3, .L23+12
 392 0028 1A70     		strb	r2, [r3]
 273:Generated_Source\PSoC5/cyfitter_cfg.c **** 	CY_SET_XTND_REG8((void CYFAR *)(CYREG_IMO_TR1), (CY_GET_XTND_REG8((void CYFAR *)CYREG_FLSHID_CUST_
 393              		.loc 1 273 0
 394 002a 5222     		movs	r2, #82
 395 002c A3F58073 		sub	r3, r3, #256
 396 0030 1A70     		strb	r2, [r3]
 274:Generated_Source\PSoC5/cyfitter_cfg.c **** 
 397              		.loc 1 274 0
 398 0032 284B     		ldr	r3, .L23+16
 399 0034 1B78     		ldrb	r3, [r3]	@ zero_extendqisi2
 400 0036 DBB2     		uxtb	r3, r3
 401 0038 274A     		ldr	r2, .L23+20
 402 003a 1370     		strb	r3, [r2]
 277:Generated_Source\PSoC5/cyfitter_cfg.c **** 	CY_SET_XTND_REG16((void CYFAR *)(CYREG_FASTCLK_PLL_CFG0), 0x1251u);
 403              		.loc 1 277 0
 404 003c 4FF4E162 		mov	r2, #1800
 405 0040 264B     		ldr	r3, .L23+24
 406 0042 1A80     		strh	r2, [r3]	@ movhi
 278:Generated_Source\PSoC5/cyfitter_cfg.c **** 	/* Wait up to 250us for the PLL to lock */
 407              		.loc 1 278 0
 408 0044 41F25122 		movw	r2, #4689
 409 0048 023B     		subs	r3, r3, #2
 410 004a 1A80     		strh	r2, [r3]	@ movhi
ARM GAS  C:\Users\elias\AppData\Local\Temp\ccUaCA0t.s 			page 15


 411              	.LVL24:
 281:Generated_Source\PSoC5/cyfitter_cfg.c **** 	{ 
 412              		.loc 1 281 0
 413 004c 1925     		movs	r5, #25
 414 004e 0CE0     		b	.L18
 415              	.LVL25:
 416              	.L20:
 283:Generated_Source\PSoC5/cyfitter_cfg.c **** 		CyDelayCycles(10u * 48u); /* Delay 10us based on 48MHz clock */
 417              		.loc 1 283 0 discriminator 4
 418 0050 234B     		ldr	r3, .L23+28
 419 0052 1B78     		ldrb	r3, [r3]	@ zero_extendqisi2
 420 0054 03F00103 		and	r3, r3, #1
 421 0058 43EA4404 		orr	r4, r3, r4, lsl #1
 422              	.LVL26:
 423 005c 04F00304 		and	r4, r4, #3
 424              	.LVL27:
 284:Generated_Source\PSoC5/cyfitter_cfg.c **** 	}
 425              		.loc 1 284 0 discriminator 4
 426 0060 4FF4F070 		mov	r0, #480
 427 0064 FFF7FEFF 		bl	CyDelayCycles
 428              	.LVL28:
 281:Generated_Source\PSoC5/cyfitter_cfg.c **** 	{ 
 429              		.loc 1 281 0 discriminator 4
 430 0068 013D     		subs	r5, r5, #1
 431              	.LVL29:
 432              	.L18:
 281:Generated_Source\PSoC5/cyfitter_cfg.c **** 	{ 
 433              		.loc 1 281 0 is_stmt 0 discriminator 1
 434 006a 0DB1     		cbz	r5, .L19
 281:Generated_Source\PSoC5/cyfitter_cfg.c **** 	{ 
 435              		.loc 1 281 0 discriminator 3
 436 006c 032C     		cmp	r4, #3
 437 006e EFD1     		bne	.L20
 438              	.L19:
 287:Generated_Source\PSoC5/cyfitter_cfg.c **** 	{
 439              		.loc 1 287 0 is_stmt 1
 440 0070 15B9     		cbnz	r5, .L21
 289:Generated_Source\PSoC5/cyfitter_cfg.c **** 	}
 441              		.loc 1 289 0
 442 0072 0320     		movs	r0, #3
 443 0074 FFF7FEFF 		bl	CyClockStartupError
 444              	.LVL30:
 445              	.L21:
 293:Generated_Source\PSoC5/cyfitter_cfg.c **** 	CY_SET_XTND_REG8((void CYFAR *)(CYREG_CLKDIST_MSTR0), 0x07u);
 446              		.loc 1 293 0
 447 0078 1A4A     		ldr	r2, .L23+32
 448 007a 4FF48073 		mov	r3, #256
 449 007e 1380     		strh	r3, [r2]	@ movhi
 294:Generated_Source\PSoC5/cyfitter_cfg.c **** 	CY_SET_XTND_REG8((void CYFAR *)(CYREG_CLKDIST_BCFG0), 0x00u);
 450              		.loc 1 294 0
 451 0080 0723     		movs	r3, #7
 452 0082 1370     		strb	r3, [r2]
 295:Generated_Source\PSoC5/cyfitter_cfg.c **** 	CY_SET_XTND_REG8((void CYFAR *)(CYREG_CLKDIST_BCFG2), 0x48u);
 453              		.loc 1 295 0
 454 0084 0023     		movs	r3, #0
 455 0086 1849     		ldr	r1, .L23+36
 456 0088 0B70     		strb	r3, [r1]
ARM GAS  C:\Users\elias\AppData\Local\Temp\ccUaCA0t.s 			page 16


 296:Generated_Source\PSoC5/cyfitter_cfg.c **** 	CY_SET_XTND_REG8((void CYFAR *)(CYREG_CLKDIST_MSTR0), 0x00u);
 457              		.loc 1 296 0
 458 008a 4820     		movs	r0, #72
 459 008c 0231     		adds	r1, r1, #2
 460 008e 0870     		strb	r0, [r1]
 297:Generated_Source\PSoC5/cyfitter_cfg.c **** 
 461              		.loc 1 297 0
 462 0090 1370     		strb	r3, [r2]
 300:Generated_Source\PSoC5/cyfitter_cfg.c **** 	CY_SET_XTND_REG8((void CYFAR *)(CYREG_CLKDIST_LD), 0x02u);
 463              		.loc 1 300 0
 464 0092 0532     		adds	r2, r2, #5
 465 0094 1370     		strb	r3, [r2]
 301:Generated_Source\PSoC5/cyfitter_cfg.c **** 	CY_SET_XTND_REG8((void CYFAR *)(CYREG_CLKDIST_DLY1), 0x04u);
 466              		.loc 1 301 0
 467 0096 0222     		movs	r2, #2
 468 0098 144B     		ldr	r3, .L23+40
 469 009a 1A70     		strb	r2, [r3]
 302:Generated_Source\PSoC5/cyfitter_cfg.c **** 
 470              		.loc 1 302 0
 471 009c 0422     		movs	r2, #4
 472 009e 0A33     		adds	r3, r3, #10
 473 00a0 1A70     		strb	r2, [r3]
 304:Generated_Source\PSoC5/cyfitter_cfg.c **** 	CY_SET_XTND_REG8((void CYFAR *)(CYREG_PM_ACT_CFG1), ((CY_GET_XTND_REG8((void CYFAR *)CYREG_PM_ACT_
 474              		.loc 1 304 0
 475 00a2 134A     		ldr	r2, .L23+44
 476 00a4 1378     		ldrb	r3, [r2]	@ zero_extendqisi2
 477 00a6 43F00303 		orr	r3, r3, #3
 478 00aa 1370     		strb	r3, [r2]
 305:Generated_Source\PSoC5/cyfitter_cfg.c **** 	CY_SET_XTND_REG8((void CYFAR *)(CYREG_PM_ACT_CFG0), ((CY_GET_XTND_REG8((void CYFAR *)CYREG_PM_ACT_
 479              		.loc 1 305 0
 480 00ac 013A     		subs	r2, r2, #1
 481 00ae 1378     		ldrb	r3, [r2]	@ zero_extendqisi2
 482 00b0 43F00303 		orr	r3, r3, #3
 483 00b4 1370     		strb	r3, [r2]
 306:Generated_Source\PSoC5/cyfitter_cfg.c **** }
 484              		.loc 1 306 0
 485 00b6 013A     		subs	r2, r2, #1
 486 00b8 1378     		ldrb	r3, [r2]	@ zero_extendqisi2
 487 00ba 43F08003 		orr	r3, r3, #128
 488 00be 1370     		strb	r3, [r2]
 489 00c0 38BD     		pop	{r3, r4, r5, pc}
 490              	.LVL31:
 491              	.L24:
 492 00c2 00BF     		.align	2
 493              	.L23:
 494 00c4 80400040 		.word	1073758336
 495 00c8 64060048 		.word	1207961188
 496 00cc 00410040 		.word	1073758464
 497 00d0 00430040 		.word	1073758976
 498 00d4 0F010049 		.word	1224737039
 499 00d8 A1460040 		.word	1073759905
 500 00dc 22420040 		.word	1073758754
 501 00e0 25420040 		.word	1073758757
 502 00e4 04400040 		.word	1073758212
 503 00e8 06400040 		.word	1073758214
 504 00ec 01400040 		.word	1073758209
 505 00f0 A2430040 		.word	1073759138
ARM GAS  C:\Users\elias\AppData\Local\Temp\ccUaCA0t.s 			page 17


 506              		.cfi_endproc
 507              	.LFE5:
 508              		.size	ClockSetup, .-ClockSetup
 509              		.section	.text.SetAnalogRoutingPumps,"ax",%progbits
 510              		.align	2
 511              		.global	SetAnalogRoutingPumps
 512              		.thumb
 513              		.thumb_func
 514              		.type	SetAnalogRoutingPumps, %function
 515              	SetAnalogRoutingPumps:
 516              	.LFB7:
 371:Generated_Source\PSoC5/cyfitter_cfg.c **** }
 372:Generated_Source\PSoC5/cyfitter_cfg.c **** 
 373:Generated_Source\PSoC5/cyfitter_cfg.c **** 
 374:Generated_Source\PSoC5/cyfitter_cfg.c **** /*******************************************************************************
 375:Generated_Source\PSoC5/cyfitter_cfg.c **** * Function Name: SetAnalogRoutingPumps
 376:Generated_Source\PSoC5/cyfitter_cfg.c **** ********************************************************************************
 377:Generated_Source\PSoC5/cyfitter_cfg.c **** *
 378:Generated_Source\PSoC5/cyfitter_cfg.c **** * Summary:
 379:Generated_Source\PSoC5/cyfitter_cfg.c **** * Enables or disables the analog pumps feeding analog routing switches.
 380:Generated_Source\PSoC5/cyfitter_cfg.c **** * Intended to be called at startup, based on the Vdda system configuration;
 381:Generated_Source\PSoC5/cyfitter_cfg.c **** * may be called during operation when the user informs us that the Vdda voltage
 382:Generated_Source\PSoC5/cyfitter_cfg.c **** * crossed the pump threshold.
 383:Generated_Source\PSoC5/cyfitter_cfg.c **** *
 384:Generated_Source\PSoC5/cyfitter_cfg.c **** * Parameters:
 385:Generated_Source\PSoC5/cyfitter_cfg.c **** *  enabled - 1 to enable the pumps, 0 to disable the pumps
 386:Generated_Source\PSoC5/cyfitter_cfg.c **** *
 387:Generated_Source\PSoC5/cyfitter_cfg.c **** * Return:
 388:Generated_Source\PSoC5/cyfitter_cfg.c **** *  void
 389:Generated_Source\PSoC5/cyfitter_cfg.c **** *
 390:Generated_Source\PSoC5/cyfitter_cfg.c **** *******************************************************************************/
 391:Generated_Source\PSoC5/cyfitter_cfg.c **** void SetAnalogRoutingPumps(uint8 enabled)
 392:Generated_Source\PSoC5/cyfitter_cfg.c **** {
 517              		.loc 1 392 0
 518              		.cfi_startproc
 519              		@ args = 0, pretend = 0, frame = 0
 520              		@ frame_needed = 0, uses_anonymous_args = 0
 521              		@ link register save eliminated.
 522              	.LVL32:
 393:Generated_Source\PSoC5/cyfitter_cfg.c **** 	uint8 regValue = CY_GET_XTND_REG8((void CYFAR *)CYREG_PUMP_CR0);
 523              		.loc 1 393 0
 524 0000 054B     		ldr	r3, .L28
 525 0002 1B78     		ldrb	r3, [r3]	@ zero_extendqisi2
 526 0004 DBB2     		uxtb	r3, r3
 527              	.LVL33:
 394:Generated_Source\PSoC5/cyfitter_cfg.c **** 	if (enabled != 0u)
 528              		.loc 1 394 0
 529 0006 10B1     		cbz	r0, .L26
 395:Generated_Source\PSoC5/cyfitter_cfg.c **** 	{
 396:Generated_Source\PSoC5/cyfitter_cfg.c **** 		regValue |= 0x22u;
 530              		.loc 1 396 0
 531 0008 43F02203 		orr	r3, r3, #34
 532              	.LVL34:
 533 000c 01E0     		b	.L27
 534              	.L26:
 397:Generated_Source\PSoC5/cyfitter_cfg.c **** 	}
 398:Generated_Source\PSoC5/cyfitter_cfg.c **** 	else
ARM GAS  C:\Users\elias\AppData\Local\Temp\ccUaCA0t.s 			page 18


 399:Generated_Source\PSoC5/cyfitter_cfg.c **** 	{
 400:Generated_Source\PSoC5/cyfitter_cfg.c **** 		regValue &= (uint8)~0x22u;
 535              		.loc 1 400 0
 536 000e 03F0DD03 		and	r3, r3, #221
 537              	.LVL35:
 538              	.L27:
 401:Generated_Source\PSoC5/cyfitter_cfg.c **** 	}
 402:Generated_Source\PSoC5/cyfitter_cfg.c **** 	CY_SET_XTND_REG8((void CYFAR *)CYREG_PUMP_CR0, regValue);
 539              		.loc 1 402 0
 540 0012 014A     		ldr	r2, .L28
 541 0014 1370     		strb	r3, [r2]
 542 0016 7047     		bx	lr
 543              	.L29:
 544              		.align	2
 545              	.L28:
 546 0018 76580040 		.word	1073764470
 547              		.cfi_endproc
 548              	.LFE7:
 549              		.size	SetAnalogRoutingPumps, .-SetAnalogRoutingPumps
 550              		.section	.text.MuxIn_CYAMUXSIDE_A_Set,"ax",%progbits
 551              		.align	2
 552              		.global	MuxIn_CYAMUXSIDE_A_Set
 553              		.thumb
 554              		.thumb_func
 555              		.type	MuxIn_CYAMUXSIDE_A_Set, %function
 556              	MuxIn_CYAMUXSIDE_A_Set:
 557              	.LFB8:
 403:Generated_Source\PSoC5/cyfitter_cfg.c **** }
 404:Generated_Source\PSoC5/cyfitter_cfg.c **** 
 405:Generated_Source\PSoC5/cyfitter_cfg.c **** 
 406:Generated_Source\PSoC5/cyfitter_cfg.c **** #define CY_AMUX_UNUSED CYREG_BOOST_SR
 407:Generated_Source\PSoC5/cyfitter_cfg.c **** static uint8 CYXDATA * const CYCODE MuxIn_CYAMUXSIDE_A__outerAddr[2] = {
 408:Generated_Source\PSoC5/cyfitter_cfg.c **** 	(uint8 CYXDATA *)CYREG_CMP1_SW3, 
 409:Generated_Source\PSoC5/cyfitter_cfg.c **** 	(uint8 CYXDATA *)CYREG_DAC1_SW0, 
 410:Generated_Source\PSoC5/cyfitter_cfg.c **** };
 411:Generated_Source\PSoC5/cyfitter_cfg.c **** 
 412:Generated_Source\PSoC5/cyfitter_cfg.c **** static const uint8 CYCODE MuxIn_CYAMUXSIDE_A__outerMask[2] = {
 413:Generated_Source\PSoC5/cyfitter_cfg.c **** 	0x40u, 
 414:Generated_Source\PSoC5/cyfitter_cfg.c **** 	0x02u, 
 415:Generated_Source\PSoC5/cyfitter_cfg.c **** };
 416:Generated_Source\PSoC5/cyfitter_cfg.c **** 
 417:Generated_Source\PSoC5/cyfitter_cfg.c **** static uint8 CYXDATA * const CYCODE MuxIn_CYAMUXSIDE_A__innerAddr[1] = {
 418:Generated_Source\PSoC5/cyfitter_cfg.c **** 	(uint8 CYXDATA *)CYREG_PRT2_AG, 
 419:Generated_Source\PSoC5/cyfitter_cfg.c **** };
 420:Generated_Source\PSoC5/cyfitter_cfg.c **** 
 421:Generated_Source\PSoC5/cyfitter_cfg.c **** static const uint8 CYCODE MuxIn_CYAMUXSIDE_A__innerMask[1] = {
 422:Generated_Source\PSoC5/cyfitter_cfg.c **** 	0x02u, 
 423:Generated_Source\PSoC5/cyfitter_cfg.c **** };
 424:Generated_Source\PSoC5/cyfitter_cfg.c **** 
 425:Generated_Source\PSoC5/cyfitter_cfg.c **** static const uint8 CYCODE MuxIn_CYAMUXSIDE_A__innerMap[2] = {
 426:Generated_Source\PSoC5/cyfitter_cfg.c **** 	0u, 
 427:Generated_Source\PSoC5/cyfitter_cfg.c **** 	0u, 
 428:Generated_Source\PSoC5/cyfitter_cfg.c **** };
 429:Generated_Source\PSoC5/cyfitter_cfg.c **** 
 430:Generated_Source\PSoC5/cyfitter_cfg.c **** static uint8 MuxIn_CYAMUXSIDE_A__armsEnabled = 0u;
 431:Generated_Source\PSoC5/cyfitter_cfg.c **** static uint8 MuxIn_CYAMUXSIDE_A__refCnt[] = {0u};
 432:Generated_Source\PSoC5/cyfitter_cfg.c **** 
ARM GAS  C:\Users\elias\AppData\Local\Temp\ccUaCA0t.s 			page 19


 433:Generated_Source\PSoC5/cyfitter_cfg.c **** /*******************************************************************************
 434:Generated_Source\PSoC5/cyfitter_cfg.c **** * Function Name: MuxIn_CYAMUXSIDE_A_Set
 435:Generated_Source\PSoC5/cyfitter_cfg.c **** ********************************************************************************
 436:Generated_Source\PSoC5/cyfitter_cfg.c **** * Summary:
 437:Generated_Source\PSoC5/cyfitter_cfg.c **** *  This function is used to set a particular channel as active on the AMux.
 438:Generated_Source\PSoC5/cyfitter_cfg.c **** *
 439:Generated_Source\PSoC5/cyfitter_cfg.c **** * Parameters:  
 440:Generated_Source\PSoC5/cyfitter_cfg.c **** *   channel - The mux channel input to set as active
 441:Generated_Source\PSoC5/cyfitter_cfg.c **** *
 442:Generated_Source\PSoC5/cyfitter_cfg.c **** * Return:
 443:Generated_Source\PSoC5/cyfitter_cfg.c **** *   void
 444:Generated_Source\PSoC5/cyfitter_cfg.c **** *
 445:Generated_Source\PSoC5/cyfitter_cfg.c **** *******************************************************************************/
 446:Generated_Source\PSoC5/cyfitter_cfg.c **** void MuxIn_CYAMUXSIDE_A_Set(uint8 channel)
 447:Generated_Source\PSoC5/cyfitter_cfg.c **** {
 558              		.loc 1 447 0
 559              		.cfi_startproc
 560              		@ args = 0, pretend = 0, frame = 0
 561              		@ frame_needed = 0, uses_anonymous_args = 0
 562              		@ link register save eliminated.
 563              	.LVL36:
 448:Generated_Source\PSoC5/cyfitter_cfg.c **** 	uint8 i;
 449:Generated_Source\PSoC5/cyfitter_cfg.c **** 	uint8 channelMask = (1UL << channel);
 564              		.loc 1 449 0
 565 0000 0123     		movs	r3, #1
 566 0002 8340     		lsls	r3, r3, r0
 567              	.LVL37:
 450:Generated_Source\PSoC5/cyfitter_cfg.c **** 	if ((channel < 2u) && ((MuxIn_CYAMUXSIDE_A__armsEnabled & channelMask) == ((uint32)0u)))
 568              		.loc 1 450 0
 569 0004 0128     		cmp	r0, #1
 570 0006 1FD8     		bhi	.L35
 571 0008 DBB2     		uxtb	r3, r3
 572              		.loc 1 450 0 is_stmt 0 discriminator 1
 573 000a 104A     		ldr	r2, .L36
 574 000c 1278     		ldrb	r2, [r2]	@ zero_extendqisi2
 575 000e 1342     		tst	r3, r2
 576 0010 1AD1     		bne	.L35
 447:Generated_Source\PSoC5/cyfitter_cfg.c **** 	uint8 i;
 577              		.loc 1 447 0 is_stmt 1
 578 0012 10B4     		push	{r4}
 579              		.cfi_def_cfa_offset 4
 580              		.cfi_offset 4, -4
 451:Generated_Source\PSoC5/cyfitter_cfg.c **** 	{
 452:Generated_Source\PSoC5/cyfitter_cfg.c **** 		MuxIn_CYAMUXSIDE_A__armsEnabled |= channelMask;
 581              		.loc 1 452 0
 582 0014 0D49     		ldr	r1, .L36
 583 0016 1343     		orrs	r3, r3, r2
 584              	.LVL38:
 585 0018 0B70     		strb	r3, [r1]
 453:Generated_Source\PSoC5/cyfitter_cfg.c **** 		*MuxIn_CYAMUXSIDE_A__outerAddr[channel] |= MuxIn_CYAMUXSIDE_A__outerMask[channel];
 586              		.loc 1 453 0
 587 001a 0D4B     		ldr	r3, .L36+4
 588 001c 53F82020 		ldr	r2, [r3, r0, lsl #2]
 589 0020 1844     		add	r0, r0, r3
 590              	.LVL39:
 591 0022 047A     		ldrb	r4, [r0, #8]	@ zero_extendqisi2
 592 0024 1378     		ldrb	r3, [r2]	@ zero_extendqisi2
ARM GAS  C:\Users\elias\AppData\Local\Temp\ccUaCA0t.s 			page 20


 593 0026 2343     		orrs	r3, r3, r4
 594 0028 1370     		strb	r3, [r2]
 454:Generated_Source\PSoC5/cyfitter_cfg.c **** 		i = MuxIn_CYAMUXSIDE_A__innerMap[channel];
 595              		.loc 1 454 0
 596 002a 037B     		ldrb	r3, [r0, #12]	@ zero_extendqisi2
 455:Generated_Source\PSoC5/cyfitter_cfg.c **** 		if (MuxIn_CYAMUXSIDE_A__refCnt[i] == 0u)
 597              		.loc 1 455 0
 598 002c 1944     		add	r1, r1, r3
 599 002e 0A79     		ldrb	r2, [r1, #4]	@ zero_extendqisi2
 600 0030 22B9     		cbnz	r2, .L32
 456:Generated_Source\PSoC5/cyfitter_cfg.c **** 		{
 457:Generated_Source\PSoC5/cyfitter_cfg.c **** 			*MuxIn_CYAMUXSIDE_A__innerAddr[i] |= MuxIn_CYAMUXSIDE_A__innerMask[i];
 601              		.loc 1 457 0
 602 0032 0849     		ldr	r1, .L36+8
 603 0034 0A78     		ldrb	r2, [r1]	@ zero_extendqisi2
 604 0036 42F00202 		orr	r2, r2, #2
 605 003a 0A70     		strb	r2, [r1]
 606              	.L32:
 458:Generated_Source\PSoC5/cyfitter_cfg.c **** 		}
 459:Generated_Source\PSoC5/cyfitter_cfg.c **** 		MuxIn_CYAMUXSIDE_A__refCnt[i]++;
 607              		.loc 1 459 0
 608 003c 034A     		ldr	r2, .L36
 609 003e 1344     		add	r3, r3, r2
 610 0040 1A79     		ldrb	r2, [r3, #4]	@ zero_extendqisi2
 611 0042 0132     		adds	r2, r2, #1
 612 0044 1A71     		strb	r2, [r3, #4]
 460:Generated_Source\PSoC5/cyfitter_cfg.c **** 	}
 461:Generated_Source\PSoC5/cyfitter_cfg.c **** }
 613              		.loc 1 461 0
 614 0046 10BC     		pop	{r4}
 615              		.cfi_restore 4
 616              		.cfi_def_cfa_offset 0
 617              	.LVL40:
 618              	.L35:
 619 0048 7047     		bx	lr
 620              	.L37:
 621 004a 00BF     		.align	2
 622              	.L36:
 623 004c 00000000 		.word	.LANCHOR0
 624 0050 00000000 		.word	.LANCHOR1
 625 0054 2D510040 		.word	1073762605
 626              		.cfi_endproc
 627              	.LFE8:
 628              		.size	MuxIn_CYAMUXSIDE_A_Set, .-MuxIn_CYAMUXSIDE_A_Set
 629              		.section	.text.MuxIn_CYAMUXSIDE_A_Unset,"ax",%progbits
 630              		.align	2
 631              		.global	MuxIn_CYAMUXSIDE_A_Unset
 632              		.thumb
 633              		.thumb_func
 634              		.type	MuxIn_CYAMUXSIDE_A_Unset, %function
 635              	MuxIn_CYAMUXSIDE_A_Unset:
 636              	.LFB9:
 462:Generated_Source\PSoC5/cyfitter_cfg.c **** 
 463:Generated_Source\PSoC5/cyfitter_cfg.c **** /*******************************************************************************
 464:Generated_Source\PSoC5/cyfitter_cfg.c **** * Function Name: MuxIn_CYAMUXSIDE_A_Unset
 465:Generated_Source\PSoC5/cyfitter_cfg.c **** ********************************************************************************
 466:Generated_Source\PSoC5/cyfitter_cfg.c **** * Summary:
ARM GAS  C:\Users\elias\AppData\Local\Temp\ccUaCA0t.s 			page 21


 467:Generated_Source\PSoC5/cyfitter_cfg.c **** *  This function is used to clear a particular channel from being active on the
 468:Generated_Source\PSoC5/cyfitter_cfg.c **** *  AMux.
 469:Generated_Source\PSoC5/cyfitter_cfg.c **** *
 470:Generated_Source\PSoC5/cyfitter_cfg.c **** * Parameters:  
 471:Generated_Source\PSoC5/cyfitter_cfg.c **** *   channel - The mux channel input to mark inactive
 472:Generated_Source\PSoC5/cyfitter_cfg.c **** *
 473:Generated_Source\PSoC5/cyfitter_cfg.c **** * Return:
 474:Generated_Source\PSoC5/cyfitter_cfg.c **** *   void
 475:Generated_Source\PSoC5/cyfitter_cfg.c **** *
 476:Generated_Source\PSoC5/cyfitter_cfg.c **** *******************************************************************************/
 477:Generated_Source\PSoC5/cyfitter_cfg.c **** void MuxIn_CYAMUXSIDE_A_Unset(uint8 channel)
 478:Generated_Source\PSoC5/cyfitter_cfg.c **** {
 637              		.loc 1 478 0
 638              		.cfi_startproc
 639              		@ args = 0, pretend = 0, frame = 0
 640              		@ frame_needed = 0, uses_anonymous_args = 0
 641              		@ link register save eliminated.
 642              	.LVL41:
 479:Generated_Source\PSoC5/cyfitter_cfg.c **** 	uint8 i;
 480:Generated_Source\PSoC5/cyfitter_cfg.c **** 	uint8 channelMask = (1UL << channel);
 643              		.loc 1 480 0
 644 0000 0123     		movs	r3, #1
 645 0002 8340     		lsls	r3, r3, r0
 646              	.LVL42:
 481:Generated_Source\PSoC5/cyfitter_cfg.c **** 	if ((channel < 2u) && ((MuxIn_CYAMUXSIDE_A__armsEnabled & channelMask) != ((uint32)0u)))
 647              		.loc 1 481 0
 648 0004 0128     		cmp	r0, #1
 649 0006 1FD8     		bhi	.L42
 650 0008 DBB2     		uxtb	r3, r3
 651              		.loc 1 481 0 is_stmt 0 discriminator 1
 652 000a 104A     		ldr	r2, .L43
 653 000c 1278     		ldrb	r2, [r2]	@ zero_extendqisi2
 654 000e 1342     		tst	r3, r2
 655 0010 1AD0     		beq	.L42
 478:Generated_Source\PSoC5/cyfitter_cfg.c **** 	uint8 i;
 656              		.loc 1 478 0 is_stmt 1
 657 0012 10B4     		push	{r4}
 658              		.cfi_def_cfa_offset 4
 659              		.cfi_offset 4, -4
 482:Generated_Source\PSoC5/cyfitter_cfg.c **** 	{
 483:Generated_Source\PSoC5/cyfitter_cfg.c **** 		MuxIn_CYAMUXSIDE_A__armsEnabled &= (uint8)~channelMask;
 660              		.loc 1 483 0
 661 0014 0D49     		ldr	r1, .L43
 662 0016 22EA0303 		bic	r3, r2, r3
 663              	.LVL43:
 664 001a 0B70     		strb	r3, [r1]
 484:Generated_Source\PSoC5/cyfitter_cfg.c **** 		*MuxIn_CYAMUXSIDE_A__outerAddr[channel] &= (uint8)~MuxIn_CYAMUXSIDE_A__outerMask[channel];
 665              		.loc 1 484 0
 666 001c 0C4B     		ldr	r3, .L43+4
 667 001e 53F82020 		ldr	r2, [r3, r0, lsl #2]
 668 0022 1844     		add	r0, r0, r3
 669              	.LVL44:
 670 0024 047A     		ldrb	r4, [r0, #8]	@ zero_extendqisi2
 671 0026 1378     		ldrb	r3, [r2]	@ zero_extendqisi2
 672 0028 23EA0403 		bic	r3, r3, r4
 673 002c 1370     		strb	r3, [r2]
 485:Generated_Source\PSoC5/cyfitter_cfg.c **** 		i = MuxIn_CYAMUXSIDE_A__innerMap[channel];
ARM GAS  C:\Users\elias\AppData\Local\Temp\ccUaCA0t.s 			page 22


 674              		.loc 1 485 0
 675 002e 037B     		ldrb	r3, [r0, #12]	@ zero_extendqisi2
 676              	.LVL45:
 486:Generated_Source\PSoC5/cyfitter_cfg.c **** 		MuxIn_CYAMUXSIDE_A__refCnt[i]--;
 677              		.loc 1 486 0
 678 0030 CA18     		adds	r2, r1, r3
 679 0032 1379     		ldrb	r3, [r2, #4]	@ zero_extendqisi2
 680              	.LVL46:
 681 0034 013B     		subs	r3, r3, #1
 682 0036 DBB2     		uxtb	r3, r3
 683 0038 1371     		strb	r3, [r2, #4]
 487:Generated_Source\PSoC5/cyfitter_cfg.c **** 		if (MuxIn_CYAMUXSIDE_A__refCnt[i] == 0)
 684              		.loc 1 487 0
 685 003a 23B9     		cbnz	r3, .L38
 488:Generated_Source\PSoC5/cyfitter_cfg.c **** 		{
 489:Generated_Source\PSoC5/cyfitter_cfg.c **** 			*MuxIn_CYAMUXSIDE_A__innerAddr[i] &= (uint8)~MuxIn_CYAMUXSIDE_A__innerMask[i];
 686              		.loc 1 489 0
 687 003c 054A     		ldr	r2, .L43+8
 688 003e 1378     		ldrb	r3, [r2]	@ zero_extendqisi2
 689 0040 23F00203 		bic	r3, r3, #2
 690 0044 1370     		strb	r3, [r2]
 691              	.L38:
 490:Generated_Source\PSoC5/cyfitter_cfg.c **** 		}
 491:Generated_Source\PSoC5/cyfitter_cfg.c **** 	}
 492:Generated_Source\PSoC5/cyfitter_cfg.c **** }
 692              		.loc 1 492 0
 693 0046 10BC     		pop	{r4}
 694              		.cfi_restore 4
 695              		.cfi_def_cfa_offset 0
 696              	.LVL47:
 697              	.L42:
 698 0048 7047     		bx	lr
 699              	.L44:
 700 004a 00BF     		.align	2
 701              	.L43:
 702 004c 00000000 		.word	.LANCHOR0
 703 0050 00000000 		.word	.LANCHOR1
 704 0054 2D510040 		.word	1073762605
 705              		.cfi_endproc
 706              	.LFE9:
 707              		.size	MuxIn_CYAMUXSIDE_A_Unset, .-MuxIn_CYAMUXSIDE_A_Unset
 708              		.section	.text.MuxIn_CYAMUXSIDE_B_Set,"ax",%progbits
 709              		.align	2
 710              		.global	MuxIn_CYAMUXSIDE_B_Set
 711              		.thumb
 712              		.thumb_func
 713              		.type	MuxIn_CYAMUXSIDE_B_Set, %function
 714              	MuxIn_CYAMUXSIDE_B_Set:
 715              	.LFB10:
 493:Generated_Source\PSoC5/cyfitter_cfg.c **** 
 494:Generated_Source\PSoC5/cyfitter_cfg.c **** /* This is an implementation detail of the AMux. Code that depends on it may be
 495:Generated_Source\PSoC5/cyfitter_cfg.c ****    incompatible with other versions of PSoC Creator. */
 496:Generated_Source\PSoC5/cyfitter_cfg.c **** uint8 CYXDATA * const CYCODE MuxIn_CYAMUXSIDE_B__addrTable[4] = {
 497:Generated_Source\PSoC5/cyfitter_cfg.c **** 	(uint8 CYXDATA *)CYREG_PRT2_AMUX, (uint8 CYXDATA *)CY_AMUX_UNUSED, 
 498:Generated_Source\PSoC5/cyfitter_cfg.c **** 	(uint8 CYXDATA *)CYREG_DAC0_SW0, (uint8 CYXDATA *)CYREG_PRT2_AG, 
 499:Generated_Source\PSoC5/cyfitter_cfg.c **** };
 500:Generated_Source\PSoC5/cyfitter_cfg.c **** 
ARM GAS  C:\Users\elias\AppData\Local\Temp\ccUaCA0t.s 			page 23


 501:Generated_Source\PSoC5/cyfitter_cfg.c **** /* This is an implementation detail of the AMux. Code that depends on it may be
 502:Generated_Source\PSoC5/cyfitter_cfg.c ****    incompatible with other versions of PSoC Creator. */
 503:Generated_Source\PSoC5/cyfitter_cfg.c **** const uint8 CYCODE MuxIn_CYAMUXSIDE_B__maskTable[4] = {
 504:Generated_Source\PSoC5/cyfitter_cfg.c **** 	0x01u, 0x00u, 
 505:Generated_Source\PSoC5/cyfitter_cfg.c **** 	0x01u, 0x01u, 
 506:Generated_Source\PSoC5/cyfitter_cfg.c **** };
 507:Generated_Source\PSoC5/cyfitter_cfg.c **** 
 508:Generated_Source\PSoC5/cyfitter_cfg.c **** /*******************************************************************************
 509:Generated_Source\PSoC5/cyfitter_cfg.c **** * Function Name: MuxIn_CYAMUXSIDE_B_Set
 510:Generated_Source\PSoC5/cyfitter_cfg.c **** ********************************************************************************
 511:Generated_Source\PSoC5/cyfitter_cfg.c **** * Summary:
 512:Generated_Source\PSoC5/cyfitter_cfg.c **** *  This function is used to set a particular channel as active on the AMux.
 513:Generated_Source\PSoC5/cyfitter_cfg.c **** *
 514:Generated_Source\PSoC5/cyfitter_cfg.c **** * Parameters:  
 515:Generated_Source\PSoC5/cyfitter_cfg.c **** *   channel - The mux channel input to set as active
 516:Generated_Source\PSoC5/cyfitter_cfg.c **** *
 517:Generated_Source\PSoC5/cyfitter_cfg.c **** * Return:
 518:Generated_Source\PSoC5/cyfitter_cfg.c **** *   void
 519:Generated_Source\PSoC5/cyfitter_cfg.c **** *
 520:Generated_Source\PSoC5/cyfitter_cfg.c **** *******************************************************************************/
 521:Generated_Source\PSoC5/cyfitter_cfg.c **** void MuxIn_CYAMUXSIDE_B_Set(uint8 channel)
 522:Generated_Source\PSoC5/cyfitter_cfg.c **** {
 716              		.loc 1 522 0
 717              		.cfi_startproc
 718              		@ args = 0, pretend = 0, frame = 0
 719              		@ frame_needed = 0, uses_anonymous_args = 0
 720              		@ link register save eliminated.
 721              	.LVL48:
 523:Generated_Source\PSoC5/cyfitter_cfg.c **** 	if (channel < 2)
 722              		.loc 1 523 0
 723 0000 0128     		cmp	r0, #1
 724 0002 18D8     		bhi	.L49
 522:Generated_Source\PSoC5/cyfitter_cfg.c **** 	if (channel < 2)
 725              		.loc 1 522 0
 726 0004 10B4     		push	{r4}
 727              		.cfi_def_cfa_offset 4
 728              		.cfi_offset 4, -4
 524:Generated_Source\PSoC5/cyfitter_cfg.c **** 	{
 525:Generated_Source\PSoC5/cyfitter_cfg.c **** 		channel += channel;
 729              		.loc 1 525 0
 730 0006 4000     		lsls	r0, r0, #1
 731              	.LVL49:
 732 0008 C0B2     		uxtb	r0, r0
 733              	.LVL50:
 526:Generated_Source\PSoC5/cyfitter_cfg.c **** 		*MuxIn_CYAMUXSIDE_B__addrTable[channel] |= MuxIn_CYAMUXSIDE_B__maskTable[channel];
 734              		.loc 1 526 0
 735 000a 0B4B     		ldr	r3, .L50
 736 000c 03EB8002 		add	r2, r3, r0, lsl #2
 737 0010 1169     		ldr	r1, [r2, #16]
 738 0012 1A18     		adds	r2, r3, r0
 739 0014 92F82040 		ldrb	r4, [r2, #32]	@ zero_extendqisi2
 740 0018 0A78     		ldrb	r2, [r1]	@ zero_extendqisi2
 741 001a 2243     		orrs	r2, r2, r4
 742 001c 0A70     		strb	r2, [r1]
 527:Generated_Source\PSoC5/cyfitter_cfg.c **** 		channel++;
 743              		.loc 1 527 0
 744 001e 0130     		adds	r0, r0, #1
ARM GAS  C:\Users\elias\AppData\Local\Temp\ccUaCA0t.s 			page 24


 745              	.LVL51:
 746 0020 C0B2     		uxtb	r0, r0
 747              	.LVL52:
 528:Generated_Source\PSoC5/cyfitter_cfg.c **** 		*MuxIn_CYAMUXSIDE_B__addrTable[channel] |= MuxIn_CYAMUXSIDE_B__maskTable[channel];
 748              		.loc 1 528 0
 749 0022 03EB8002 		add	r2, r3, r0, lsl #2
 750 0026 1269     		ldr	r2, [r2, #16]
 751 0028 1844     		add	r0, r0, r3
 752              	.LVL53:
 753 002a 90F82010 		ldrb	r1, [r0, #32]	@ zero_extendqisi2
 754 002e 1378     		ldrb	r3, [r2]	@ zero_extendqisi2
 755 0030 0B43     		orrs	r3, r3, r1
 756 0032 1370     		strb	r3, [r2]
 529:Generated_Source\PSoC5/cyfitter_cfg.c **** 	}
 530:Generated_Source\PSoC5/cyfitter_cfg.c **** }
 757              		.loc 1 530 0
 758 0034 10BC     		pop	{r4}
 759              		.cfi_restore 4
 760              		.cfi_def_cfa_offset 0
 761              	.LVL54:
 762              	.L49:
 763 0036 7047     		bx	lr
 764              	.L51:
 765              		.align	2
 766              	.L50:
 767 0038 00000000 		.word	.LANCHOR1
 768              		.cfi_endproc
 769              	.LFE10:
 770              		.size	MuxIn_CYAMUXSIDE_B_Set, .-MuxIn_CYAMUXSIDE_B_Set
 771              		.section	.text.MuxIn_CYAMUXSIDE_B_Unset,"ax",%progbits
 772              		.align	2
 773              		.global	MuxIn_CYAMUXSIDE_B_Unset
 774              		.thumb
 775              		.thumb_func
 776              		.type	MuxIn_CYAMUXSIDE_B_Unset, %function
 777              	MuxIn_CYAMUXSIDE_B_Unset:
 778              	.LFB11:
 531:Generated_Source\PSoC5/cyfitter_cfg.c **** 
 532:Generated_Source\PSoC5/cyfitter_cfg.c **** /*******************************************************************************
 533:Generated_Source\PSoC5/cyfitter_cfg.c **** * Function Name: MuxIn_CYAMUXSIDE_B_Unset
 534:Generated_Source\PSoC5/cyfitter_cfg.c **** ********************************************************************************
 535:Generated_Source\PSoC5/cyfitter_cfg.c **** * Summary:
 536:Generated_Source\PSoC5/cyfitter_cfg.c **** *  This function is used to clear a particular channel from being active on the
 537:Generated_Source\PSoC5/cyfitter_cfg.c **** *  AMux.
 538:Generated_Source\PSoC5/cyfitter_cfg.c **** *
 539:Generated_Source\PSoC5/cyfitter_cfg.c **** * Parameters:  
 540:Generated_Source\PSoC5/cyfitter_cfg.c **** *   channel - The mux channel input to mark inactive
 541:Generated_Source\PSoC5/cyfitter_cfg.c **** *
 542:Generated_Source\PSoC5/cyfitter_cfg.c **** * Return:
 543:Generated_Source\PSoC5/cyfitter_cfg.c **** *   void
 544:Generated_Source\PSoC5/cyfitter_cfg.c **** *
 545:Generated_Source\PSoC5/cyfitter_cfg.c **** *******************************************************************************/
 546:Generated_Source\PSoC5/cyfitter_cfg.c **** void MuxIn_CYAMUXSIDE_B_Unset(uint8 channel)
 547:Generated_Source\PSoC5/cyfitter_cfg.c **** {
 779              		.loc 1 547 0
 780              		.cfi_startproc
 781              		@ args = 0, pretend = 0, frame = 0
ARM GAS  C:\Users\elias\AppData\Local\Temp\ccUaCA0t.s 			page 25


 782              		@ frame_needed = 0, uses_anonymous_args = 0
 783              		@ link register save eliminated.
 784              	.LVL55:
 548:Generated_Source\PSoC5/cyfitter_cfg.c **** 	if (channel < 2)
 785              		.loc 1 548 0
 786 0000 0128     		cmp	r0, #1
 787 0002 1AD8     		bhi	.L56
 547:Generated_Source\PSoC5/cyfitter_cfg.c **** 	if (channel < 2)
 788              		.loc 1 547 0
 789 0004 10B4     		push	{r4}
 790              		.cfi_def_cfa_offset 4
 791              		.cfi_offset 4, -4
 549:Generated_Source\PSoC5/cyfitter_cfg.c **** 	{
 550:Generated_Source\PSoC5/cyfitter_cfg.c **** 		channel += channel;
 792              		.loc 1 550 0
 793 0006 4000     		lsls	r0, r0, #1
 794              	.LVL56:
 795 0008 C0B2     		uxtb	r0, r0
 796              	.LVL57:
 551:Generated_Source\PSoC5/cyfitter_cfg.c **** 		*MuxIn_CYAMUXSIDE_B__addrTable[channel] &= (uint8)~MuxIn_CYAMUXSIDE_B__maskTable[channel];
 797              		.loc 1 551 0
 798 000a 0C4B     		ldr	r3, .L57
 799 000c 03EB8002 		add	r2, r3, r0, lsl #2
 800 0010 1169     		ldr	r1, [r2, #16]
 801 0012 1A18     		adds	r2, r3, r0
 802 0014 92F82040 		ldrb	r4, [r2, #32]	@ zero_extendqisi2
 803 0018 0A78     		ldrb	r2, [r1]	@ zero_extendqisi2
 804 001a 22EA0402 		bic	r2, r2, r4
 805 001e 0A70     		strb	r2, [r1]
 552:Generated_Source\PSoC5/cyfitter_cfg.c **** 		channel++;
 806              		.loc 1 552 0
 807 0020 0130     		adds	r0, r0, #1
 808              	.LVL58:
 809 0022 C0B2     		uxtb	r0, r0
 810              	.LVL59:
 553:Generated_Source\PSoC5/cyfitter_cfg.c **** 		*MuxIn_CYAMUXSIDE_B__addrTable[channel] &= (uint8)~MuxIn_CYAMUXSIDE_B__maskTable[channel];
 811              		.loc 1 553 0
 812 0024 03EB8002 		add	r2, r3, r0, lsl #2
 813 0028 1269     		ldr	r2, [r2, #16]
 814 002a 1844     		add	r0, r0, r3
 815              	.LVL60:
 816 002c 90F82010 		ldrb	r1, [r0, #32]	@ zero_extendqisi2
 817 0030 1378     		ldrb	r3, [r2]	@ zero_extendqisi2
 818 0032 23EA0103 		bic	r3, r3, r1
 819 0036 1370     		strb	r3, [r2]
 554:Generated_Source\PSoC5/cyfitter_cfg.c **** 	}
 555:Generated_Source\PSoC5/cyfitter_cfg.c **** }
 820              		.loc 1 555 0
 821 0038 10BC     		pop	{r4}
 822              		.cfi_restore 4
 823              		.cfi_def_cfa_offset 0
 824              	.LVL61:
 825              	.L56:
 826 003a 7047     		bx	lr
 827              	.L58:
 828              		.align	2
 829              	.L57:
ARM GAS  C:\Users\elias\AppData\Local\Temp\ccUaCA0t.s 			page 26


 830 003c 00000000 		.word	.LANCHOR1
 831              		.cfi_endproc
 832              	.LFE11:
 833              		.size	MuxIn_CYAMUXSIDE_B_Unset, .-MuxIn_CYAMUXSIDE_B_Unset
 834              		.section	.text.MuxOut_CYAMUXSIDE_A_Set,"ax",%progbits
 835              		.align	2
 836              		.global	MuxOut_CYAMUXSIDE_A_Set
 837              		.thumb
 838              		.thumb_func
 839              		.type	MuxOut_CYAMUXSIDE_A_Set, %function
 840              	MuxOut_CYAMUXSIDE_A_Set:
 841              	.LFB12:
 556:Generated_Source\PSoC5/cyfitter_cfg.c **** 
 557:Generated_Source\PSoC5/cyfitter_cfg.c **** /* This is an implementation detail of the AMux. Code that depends on it may be
 558:Generated_Source\PSoC5/cyfitter_cfg.c ****    incompatible with other versions of PSoC Creator. */
 559:Generated_Source\PSoC5/cyfitter_cfg.c **** uint8 CYXDATA * const CYCODE MuxOut_CYAMUXSIDE_A__addrTable[4] = {
 560:Generated_Source\PSoC5/cyfitter_cfg.c **** 	(uint8 CYXDATA *)CYREG_SC1_SW8, (uint8 CYXDATA *)CYREG_PRT3_AMUX, 
 561:Generated_Source\PSoC5/cyfitter_cfg.c **** 	(uint8 CYXDATA *)CYREG_PRT3_AMUX, (uint8 CYXDATA *)CY_AMUX_UNUSED, 
 562:Generated_Source\PSoC5/cyfitter_cfg.c **** };
 563:Generated_Source\PSoC5/cyfitter_cfg.c **** 
 564:Generated_Source\PSoC5/cyfitter_cfg.c **** /* This is an implementation detail of the AMux. Code that depends on it may be
 565:Generated_Source\PSoC5/cyfitter_cfg.c ****    incompatible with other versions of PSoC Creator. */
 566:Generated_Source\PSoC5/cyfitter_cfg.c **** const uint8 CYCODE MuxOut_CYAMUXSIDE_A__maskTable[4] = {
 567:Generated_Source\PSoC5/cyfitter_cfg.c **** 	0x08u, 0x02u, 
 568:Generated_Source\PSoC5/cyfitter_cfg.c **** 	0x42u, 0x00u, 
 569:Generated_Source\PSoC5/cyfitter_cfg.c **** };
 570:Generated_Source\PSoC5/cyfitter_cfg.c **** 
 571:Generated_Source\PSoC5/cyfitter_cfg.c **** /*******************************************************************************
 572:Generated_Source\PSoC5/cyfitter_cfg.c **** * Function Name: MuxOut_CYAMUXSIDE_A_Set
 573:Generated_Source\PSoC5/cyfitter_cfg.c **** ********************************************************************************
 574:Generated_Source\PSoC5/cyfitter_cfg.c **** * Summary:
 575:Generated_Source\PSoC5/cyfitter_cfg.c **** *  This function is used to set a particular channel as active on the AMux.
 576:Generated_Source\PSoC5/cyfitter_cfg.c **** *
 577:Generated_Source\PSoC5/cyfitter_cfg.c **** * Parameters:  
 578:Generated_Source\PSoC5/cyfitter_cfg.c **** *   channel - The mux channel input to set as active
 579:Generated_Source\PSoC5/cyfitter_cfg.c **** *
 580:Generated_Source\PSoC5/cyfitter_cfg.c **** * Return:
 581:Generated_Source\PSoC5/cyfitter_cfg.c **** *   void
 582:Generated_Source\PSoC5/cyfitter_cfg.c **** *
 583:Generated_Source\PSoC5/cyfitter_cfg.c **** *******************************************************************************/
 584:Generated_Source\PSoC5/cyfitter_cfg.c **** void MuxOut_CYAMUXSIDE_A_Set(uint8 channel)
 585:Generated_Source\PSoC5/cyfitter_cfg.c **** {
 842              		.loc 1 585 0
 843              		.cfi_startproc
 844              		@ args = 0, pretend = 0, frame = 0
 845              		@ frame_needed = 0, uses_anonymous_args = 0
 846              		@ link register save eliminated.
 847              	.LVL62:
 586:Generated_Source\PSoC5/cyfitter_cfg.c **** 	if (channel < 2)
 848              		.loc 1 586 0
 849 0000 0128     		cmp	r0, #1
 850 0002 18D8     		bhi	.L63
 585:Generated_Source\PSoC5/cyfitter_cfg.c **** 	if (channel < 2)
 851              		.loc 1 585 0
 852 0004 10B4     		push	{r4}
 853              		.cfi_def_cfa_offset 4
 854              		.cfi_offset 4, -4
ARM GAS  C:\Users\elias\AppData\Local\Temp\ccUaCA0t.s 			page 27


 587:Generated_Source\PSoC5/cyfitter_cfg.c **** 	{
 588:Generated_Source\PSoC5/cyfitter_cfg.c **** 		channel += channel;
 855              		.loc 1 588 0
 856 0006 4000     		lsls	r0, r0, #1
 857              	.LVL63:
 858 0008 C0B2     		uxtb	r0, r0
 859              	.LVL64:
 589:Generated_Source\PSoC5/cyfitter_cfg.c **** 		*MuxOut_CYAMUXSIDE_A__addrTable[channel] |= MuxOut_CYAMUXSIDE_A__maskTable[channel];
 860              		.loc 1 589 0
 861 000a 0B4B     		ldr	r3, .L64
 862 000c 03EB8002 		add	r2, r3, r0, lsl #2
 863 0010 516A     		ldr	r1, [r2, #36]
 864 0012 1A18     		adds	r2, r3, r0
 865 0014 92F83440 		ldrb	r4, [r2, #52]	@ zero_extendqisi2
 866 0018 0A78     		ldrb	r2, [r1]	@ zero_extendqisi2
 867 001a 2243     		orrs	r2, r2, r4
 868 001c 0A70     		strb	r2, [r1]
 590:Generated_Source\PSoC5/cyfitter_cfg.c **** 		channel++;
 869              		.loc 1 590 0
 870 001e 0130     		adds	r0, r0, #1
 871              	.LVL65:
 872 0020 C0B2     		uxtb	r0, r0
 873              	.LVL66:
 591:Generated_Source\PSoC5/cyfitter_cfg.c **** 		*MuxOut_CYAMUXSIDE_A__addrTable[channel] |= MuxOut_CYAMUXSIDE_A__maskTable[channel];
 874              		.loc 1 591 0
 875 0022 03EB8002 		add	r2, r3, r0, lsl #2
 876 0026 526A     		ldr	r2, [r2, #36]
 877 0028 1844     		add	r0, r0, r3
 878              	.LVL67:
 879 002a 90F83410 		ldrb	r1, [r0, #52]	@ zero_extendqisi2
 880 002e 1378     		ldrb	r3, [r2]	@ zero_extendqisi2
 881 0030 0B43     		orrs	r3, r3, r1
 882 0032 1370     		strb	r3, [r2]
 592:Generated_Source\PSoC5/cyfitter_cfg.c **** 	}
 593:Generated_Source\PSoC5/cyfitter_cfg.c **** }
 883              		.loc 1 593 0
 884 0034 10BC     		pop	{r4}
 885              		.cfi_restore 4
 886              		.cfi_def_cfa_offset 0
 887              	.LVL68:
 888              	.L63:
 889 0036 7047     		bx	lr
 890              	.L65:
 891              		.align	2
 892              	.L64:
 893 0038 00000000 		.word	.LANCHOR1
 894              		.cfi_endproc
 895              	.LFE12:
 896              		.size	MuxOut_CYAMUXSIDE_A_Set, .-MuxOut_CYAMUXSIDE_A_Set
 897              		.section	.text.MuxOut_CYAMUXSIDE_A_Unset,"ax",%progbits
 898              		.align	2
 899              		.global	MuxOut_CYAMUXSIDE_A_Unset
 900              		.thumb
 901              		.thumb_func
 902              		.type	MuxOut_CYAMUXSIDE_A_Unset, %function
 903              	MuxOut_CYAMUXSIDE_A_Unset:
 904              	.LFB13:
ARM GAS  C:\Users\elias\AppData\Local\Temp\ccUaCA0t.s 			page 28


 594:Generated_Source\PSoC5/cyfitter_cfg.c **** 
 595:Generated_Source\PSoC5/cyfitter_cfg.c **** /*******************************************************************************
 596:Generated_Source\PSoC5/cyfitter_cfg.c **** * Function Name: MuxOut_CYAMUXSIDE_A_Unset
 597:Generated_Source\PSoC5/cyfitter_cfg.c **** ********************************************************************************
 598:Generated_Source\PSoC5/cyfitter_cfg.c **** * Summary:
 599:Generated_Source\PSoC5/cyfitter_cfg.c **** *  This function is used to clear a particular channel from being active on the
 600:Generated_Source\PSoC5/cyfitter_cfg.c **** *  AMux.
 601:Generated_Source\PSoC5/cyfitter_cfg.c **** *
 602:Generated_Source\PSoC5/cyfitter_cfg.c **** * Parameters:  
 603:Generated_Source\PSoC5/cyfitter_cfg.c **** *   channel - The mux channel input to mark inactive
 604:Generated_Source\PSoC5/cyfitter_cfg.c **** *
 605:Generated_Source\PSoC5/cyfitter_cfg.c **** * Return:
 606:Generated_Source\PSoC5/cyfitter_cfg.c **** *   void
 607:Generated_Source\PSoC5/cyfitter_cfg.c **** *
 608:Generated_Source\PSoC5/cyfitter_cfg.c **** *******************************************************************************/
 609:Generated_Source\PSoC5/cyfitter_cfg.c **** void MuxOut_CYAMUXSIDE_A_Unset(uint8 channel)
 610:Generated_Source\PSoC5/cyfitter_cfg.c **** {
 905              		.loc 1 610 0
 906              		.cfi_startproc
 907              		@ args = 0, pretend = 0, frame = 0
 908              		@ frame_needed = 0, uses_anonymous_args = 0
 909              		@ link register save eliminated.
 910              	.LVL69:
 611:Generated_Source\PSoC5/cyfitter_cfg.c **** 	if (channel < 2)
 911              		.loc 1 611 0
 912 0000 0128     		cmp	r0, #1
 913 0002 1AD8     		bhi	.L70
 610:Generated_Source\PSoC5/cyfitter_cfg.c **** 	if (channel < 2)
 914              		.loc 1 610 0
 915 0004 10B4     		push	{r4}
 916              		.cfi_def_cfa_offset 4
 917              		.cfi_offset 4, -4
 612:Generated_Source\PSoC5/cyfitter_cfg.c **** 	{
 613:Generated_Source\PSoC5/cyfitter_cfg.c **** 		channel += channel;
 918              		.loc 1 613 0
 919 0006 4000     		lsls	r0, r0, #1
 920              	.LVL70:
 921 0008 C0B2     		uxtb	r0, r0
 922              	.LVL71:
 614:Generated_Source\PSoC5/cyfitter_cfg.c **** 		*MuxOut_CYAMUXSIDE_A__addrTable[channel] &= (uint8)~MuxOut_CYAMUXSIDE_A__maskTable[channel];
 923              		.loc 1 614 0
 924 000a 0C4B     		ldr	r3, .L71
 925 000c 03EB8002 		add	r2, r3, r0, lsl #2
 926 0010 516A     		ldr	r1, [r2, #36]
 927 0012 1A18     		adds	r2, r3, r0
 928 0014 92F83440 		ldrb	r4, [r2, #52]	@ zero_extendqisi2
 929 0018 0A78     		ldrb	r2, [r1]	@ zero_extendqisi2
 930 001a 22EA0402 		bic	r2, r2, r4
 931 001e 0A70     		strb	r2, [r1]
 615:Generated_Source\PSoC5/cyfitter_cfg.c **** 		channel++;
 932              		.loc 1 615 0
 933 0020 0130     		adds	r0, r0, #1
 934              	.LVL72:
 935 0022 C0B2     		uxtb	r0, r0
 936              	.LVL73:
 616:Generated_Source\PSoC5/cyfitter_cfg.c **** 		*MuxOut_CYAMUXSIDE_A__addrTable[channel] &= (uint8)~MuxOut_CYAMUXSIDE_A__maskTable[channel];
 937              		.loc 1 616 0
ARM GAS  C:\Users\elias\AppData\Local\Temp\ccUaCA0t.s 			page 29


 938 0024 03EB8002 		add	r2, r3, r0, lsl #2
 939 0028 526A     		ldr	r2, [r2, #36]
 940 002a 1844     		add	r0, r0, r3
 941              	.LVL74:
 942 002c 90F83410 		ldrb	r1, [r0, #52]	@ zero_extendqisi2
 943 0030 1378     		ldrb	r3, [r2]	@ zero_extendqisi2
 944 0032 23EA0103 		bic	r3, r3, r1
 945 0036 1370     		strb	r3, [r2]
 617:Generated_Source\PSoC5/cyfitter_cfg.c **** 	}
 618:Generated_Source\PSoC5/cyfitter_cfg.c **** }
 946              		.loc 1 618 0
 947 0038 10BC     		pop	{r4}
 948              		.cfi_restore 4
 949              		.cfi_def_cfa_offset 0
 950              	.LVL75:
 951              	.L70:
 952 003a 7047     		bx	lr
 953              	.L72:
 954              		.align	2
 955              	.L71:
 956 003c 00000000 		.word	.LANCHOR1
 957              		.cfi_endproc
 958              	.LFE13:
 959              		.size	MuxOut_CYAMUXSIDE_A_Unset, .-MuxOut_CYAMUXSIDE_A_Unset
 960              		.section	.text.MuxOut_CYAMUXSIDE_B_Set,"ax",%progbits
 961              		.align	2
 962              		.global	MuxOut_CYAMUXSIDE_B_Set
 963              		.thumb
 964              		.thumb_func
 965              		.type	MuxOut_CYAMUXSIDE_B_Set, %function
 966              	MuxOut_CYAMUXSIDE_B_Set:
 967              	.LFB14:
 619:Generated_Source\PSoC5/cyfitter_cfg.c **** 
 620:Generated_Source\PSoC5/cyfitter_cfg.c **** static uint8 CYXDATA * const CYCODE MuxOut_CYAMUXSIDE_B__outerAddr[2] = {
 621:Generated_Source\PSoC5/cyfitter_cfg.c **** 	(uint8 CYXDATA *)CYREG_SC3_SW8, 
 622:Generated_Source\PSoC5/cyfitter_cfg.c **** 	(uint8 CYXDATA *)CYREG_PRT0_AG, 
 623:Generated_Source\PSoC5/cyfitter_cfg.c **** };
 624:Generated_Source\PSoC5/cyfitter_cfg.c **** 
 625:Generated_Source\PSoC5/cyfitter_cfg.c **** static const uint8 CYCODE MuxOut_CYAMUXSIDE_B__outerMask[2] = {
 626:Generated_Source\PSoC5/cyfitter_cfg.c **** 	0x10u, 
 627:Generated_Source\PSoC5/cyfitter_cfg.c **** 	0x01u, 
 628:Generated_Source\PSoC5/cyfitter_cfg.c **** };
 629:Generated_Source\PSoC5/cyfitter_cfg.c **** 
 630:Generated_Source\PSoC5/cyfitter_cfg.c **** static uint8 CYXDATA * const CYCODE MuxOut_CYAMUXSIDE_B__innerAddr[1] = {
 631:Generated_Source\PSoC5/cyfitter_cfg.c **** 	(uint8 CYXDATA *)CYREG_PRT3_AG, 
 632:Generated_Source\PSoC5/cyfitter_cfg.c **** };
 633:Generated_Source\PSoC5/cyfitter_cfg.c **** 
 634:Generated_Source\PSoC5/cyfitter_cfg.c **** static const uint8 CYCODE MuxOut_CYAMUXSIDE_B__innerMask[1] = {
 635:Generated_Source\PSoC5/cyfitter_cfg.c **** 	0x01u, 
 636:Generated_Source\PSoC5/cyfitter_cfg.c **** };
 637:Generated_Source\PSoC5/cyfitter_cfg.c **** 
 638:Generated_Source\PSoC5/cyfitter_cfg.c **** static const uint8 CYCODE MuxOut_CYAMUXSIDE_B__innerMap[2] = {
 639:Generated_Source\PSoC5/cyfitter_cfg.c **** 	0u, 
 640:Generated_Source\PSoC5/cyfitter_cfg.c **** 	0u, 
 641:Generated_Source\PSoC5/cyfitter_cfg.c **** };
 642:Generated_Source\PSoC5/cyfitter_cfg.c **** 
 643:Generated_Source\PSoC5/cyfitter_cfg.c **** static uint8 MuxOut_CYAMUXSIDE_B__armsEnabled = 0u;
ARM GAS  C:\Users\elias\AppData\Local\Temp\ccUaCA0t.s 			page 30


 644:Generated_Source\PSoC5/cyfitter_cfg.c **** static uint8 MuxOut_CYAMUXSIDE_B__refCnt[] = {0u};
 645:Generated_Source\PSoC5/cyfitter_cfg.c **** 
 646:Generated_Source\PSoC5/cyfitter_cfg.c **** /*******************************************************************************
 647:Generated_Source\PSoC5/cyfitter_cfg.c **** * Function Name: MuxOut_CYAMUXSIDE_B_Set
 648:Generated_Source\PSoC5/cyfitter_cfg.c **** ********************************************************************************
 649:Generated_Source\PSoC5/cyfitter_cfg.c **** * Summary:
 650:Generated_Source\PSoC5/cyfitter_cfg.c **** *  This function is used to set a particular channel as active on the AMux.
 651:Generated_Source\PSoC5/cyfitter_cfg.c **** *
 652:Generated_Source\PSoC5/cyfitter_cfg.c **** * Parameters:  
 653:Generated_Source\PSoC5/cyfitter_cfg.c **** *   channel - The mux channel input to set as active
 654:Generated_Source\PSoC5/cyfitter_cfg.c **** *
 655:Generated_Source\PSoC5/cyfitter_cfg.c **** * Return:
 656:Generated_Source\PSoC5/cyfitter_cfg.c **** *   void
 657:Generated_Source\PSoC5/cyfitter_cfg.c **** *
 658:Generated_Source\PSoC5/cyfitter_cfg.c **** *******************************************************************************/
 659:Generated_Source\PSoC5/cyfitter_cfg.c **** void MuxOut_CYAMUXSIDE_B_Set(uint8 channel)
 660:Generated_Source\PSoC5/cyfitter_cfg.c **** {
 968              		.loc 1 660 0
 969              		.cfi_startproc
 970              		@ args = 0, pretend = 0, frame = 0
 971              		@ frame_needed = 0, uses_anonymous_args = 0
 972              		@ link register save eliminated.
 973              	.LVL76:
 661:Generated_Source\PSoC5/cyfitter_cfg.c **** 	uint8 i;
 662:Generated_Source\PSoC5/cyfitter_cfg.c **** 	uint8 channelMask = (1UL << channel);
 974              		.loc 1 662 0
 975 0000 0123     		movs	r3, #1
 976 0002 8340     		lsls	r3, r3, r0
 977              	.LVL77:
 663:Generated_Source\PSoC5/cyfitter_cfg.c **** 	if ((channel < 2u) && ((MuxOut_CYAMUXSIDE_B__armsEnabled & channelMask) == ((uint32)0u)))
 978              		.loc 1 663 0
 979 0004 0128     		cmp	r0, #1
 980 0006 22D8     		bhi	.L78
 981 0008 DBB2     		uxtb	r3, r3
 982              		.loc 1 663 0 is_stmt 0 discriminator 1
 983 000a 114A     		ldr	r2, .L79
 984 000c 5279     		ldrb	r2, [r2, #5]	@ zero_extendqisi2
 985 000e 1342     		tst	r3, r2
 986 0010 1DD1     		bne	.L78
 660:Generated_Source\PSoC5/cyfitter_cfg.c **** 	uint8 i;
 987              		.loc 1 660 0 is_stmt 1
 988 0012 10B4     		push	{r4}
 989              		.cfi_def_cfa_offset 4
 990              		.cfi_offset 4, -4
 664:Generated_Source\PSoC5/cyfitter_cfg.c **** 	{
 665:Generated_Source\PSoC5/cyfitter_cfg.c **** 		MuxOut_CYAMUXSIDE_B__armsEnabled |= channelMask;
 991              		.loc 1 665 0
 992 0014 0E49     		ldr	r1, .L79
 993 0016 1343     		orrs	r3, r3, r2
 994              	.LVL78:
 995 0018 4B71     		strb	r3, [r1, #5]
 666:Generated_Source\PSoC5/cyfitter_cfg.c **** 		*MuxOut_CYAMUXSIDE_B__outerAddr[channel] |= MuxOut_CYAMUXSIDE_B__outerMask[channel];
 996              		.loc 1 666 0
 997 001a 0E4B     		ldr	r3, .L79+4
 998 001c 03EB8002 		add	r2, r3, r0, lsl #2
 999 0020 926B     		ldr	r2, [r2, #56]
 1000 0022 1844     		add	r0, r0, r3
ARM GAS  C:\Users\elias\AppData\Local\Temp\ccUaCA0t.s 			page 31


 1001              	.LVL79:
 1002 0024 90F84040 		ldrb	r4, [r0, #64]	@ zero_extendqisi2
 1003 0028 1378     		ldrb	r3, [r2]	@ zero_extendqisi2
 1004 002a 2343     		orrs	r3, r3, r4
 1005 002c 1370     		strb	r3, [r2]
 667:Generated_Source\PSoC5/cyfitter_cfg.c **** 		i = MuxOut_CYAMUXSIDE_B__innerMap[channel];
 1006              		.loc 1 667 0
 1007 002e 90F84430 		ldrb	r3, [r0, #68]	@ zero_extendqisi2
 668:Generated_Source\PSoC5/cyfitter_cfg.c **** 		if (MuxOut_CYAMUXSIDE_B__refCnt[i] == 0u)
 1008              		.loc 1 668 0
 1009 0032 1944     		add	r1, r1, r3
 1010 0034 0A7A     		ldrb	r2, [r1, #8]	@ zero_extendqisi2
 1011 0036 22B9     		cbnz	r2, .L75
 669:Generated_Source\PSoC5/cyfitter_cfg.c **** 		{
 670:Generated_Source\PSoC5/cyfitter_cfg.c **** 			*MuxOut_CYAMUXSIDE_B__innerAddr[i] |= MuxOut_CYAMUXSIDE_B__innerMask[i];
 1012              		.loc 1 670 0
 1013 0038 0749     		ldr	r1, .L79+8
 1014 003a 0A78     		ldrb	r2, [r1]	@ zero_extendqisi2
 1015 003c 42F00102 		orr	r2, r2, #1
 1016 0040 0A70     		strb	r2, [r1]
 1017              	.L75:
 671:Generated_Source\PSoC5/cyfitter_cfg.c **** 		}
 672:Generated_Source\PSoC5/cyfitter_cfg.c **** 		MuxOut_CYAMUXSIDE_B__refCnt[i]++;
 1018              		.loc 1 672 0
 1019 0042 034A     		ldr	r2, .L79
 1020 0044 1344     		add	r3, r3, r2
 1021 0046 1A7A     		ldrb	r2, [r3, #8]	@ zero_extendqisi2
 1022 0048 0132     		adds	r2, r2, #1
 1023 004a 1A72     		strb	r2, [r3, #8]
 673:Generated_Source\PSoC5/cyfitter_cfg.c **** 	}
 674:Generated_Source\PSoC5/cyfitter_cfg.c **** }
 1024              		.loc 1 674 0
 1025 004c 10BC     		pop	{r4}
 1026              		.cfi_restore 4
 1027              		.cfi_def_cfa_offset 0
 1028              	.LVL80:
 1029              	.L78:
 1030 004e 7047     		bx	lr
 1031              	.L80:
 1032              		.align	2
 1033              	.L79:
 1034 0050 00000000 		.word	.LANCHOR0
 1035 0054 00000000 		.word	.LANCHOR1
 1036 0058 3D510040 		.word	1073762621
 1037              		.cfi_endproc
 1038              	.LFE14:
 1039              		.size	MuxOut_CYAMUXSIDE_B_Set, .-MuxOut_CYAMUXSIDE_B_Set
 1040              		.section	.text.MuxOut_CYAMUXSIDE_B_Unset,"ax",%progbits
 1041              		.align	2
 1042              		.global	MuxOut_CYAMUXSIDE_B_Unset
 1043              		.thumb
 1044              		.thumb_func
 1045              		.type	MuxOut_CYAMUXSIDE_B_Unset, %function
 1046              	MuxOut_CYAMUXSIDE_B_Unset:
 1047              	.LFB15:
 675:Generated_Source\PSoC5/cyfitter_cfg.c **** 
 676:Generated_Source\PSoC5/cyfitter_cfg.c **** /*******************************************************************************
ARM GAS  C:\Users\elias\AppData\Local\Temp\ccUaCA0t.s 			page 32


 677:Generated_Source\PSoC5/cyfitter_cfg.c **** * Function Name: MuxOut_CYAMUXSIDE_B_Unset
 678:Generated_Source\PSoC5/cyfitter_cfg.c **** ********************************************************************************
 679:Generated_Source\PSoC5/cyfitter_cfg.c **** * Summary:
 680:Generated_Source\PSoC5/cyfitter_cfg.c **** *  This function is used to clear a particular channel from being active on the
 681:Generated_Source\PSoC5/cyfitter_cfg.c **** *  AMux.
 682:Generated_Source\PSoC5/cyfitter_cfg.c **** *
 683:Generated_Source\PSoC5/cyfitter_cfg.c **** * Parameters:  
 684:Generated_Source\PSoC5/cyfitter_cfg.c **** *   channel - The mux channel input to mark inactive
 685:Generated_Source\PSoC5/cyfitter_cfg.c **** *
 686:Generated_Source\PSoC5/cyfitter_cfg.c **** * Return:
 687:Generated_Source\PSoC5/cyfitter_cfg.c **** *   void
 688:Generated_Source\PSoC5/cyfitter_cfg.c **** *
 689:Generated_Source\PSoC5/cyfitter_cfg.c **** *******************************************************************************/
 690:Generated_Source\PSoC5/cyfitter_cfg.c **** void MuxOut_CYAMUXSIDE_B_Unset(uint8 channel)
 691:Generated_Source\PSoC5/cyfitter_cfg.c **** {
 1048              		.loc 1 691 0
 1049              		.cfi_startproc
 1050              		@ args = 0, pretend = 0, frame = 0
 1051              		@ frame_needed = 0, uses_anonymous_args = 0
 1052              		@ link register save eliminated.
 1053              	.LVL81:
 692:Generated_Source\PSoC5/cyfitter_cfg.c **** 	uint8 i;
 693:Generated_Source\PSoC5/cyfitter_cfg.c **** 	uint8 channelMask = (1UL << channel);
 1054              		.loc 1 693 0
 1055 0000 0123     		movs	r3, #1
 1056 0002 8340     		lsls	r3, r3, r0
 1057              	.LVL82:
 694:Generated_Source\PSoC5/cyfitter_cfg.c **** 	if ((channel < 2u) && ((MuxOut_CYAMUXSIDE_B__armsEnabled & channelMask) != ((uint32)0u)))
 1058              		.loc 1 694 0
 1059 0004 0128     		cmp	r0, #1
 1060 0006 22D8     		bhi	.L85
 1061 0008 DBB2     		uxtb	r3, r3
 1062              		.loc 1 694 0 is_stmt 0 discriminator 1
 1063 000a 114A     		ldr	r2, .L86
 1064 000c 5279     		ldrb	r2, [r2, #5]	@ zero_extendqisi2
 1065 000e 1342     		tst	r3, r2
 1066 0010 1DD0     		beq	.L85
 691:Generated_Source\PSoC5/cyfitter_cfg.c **** 	uint8 i;
 1067              		.loc 1 691 0 is_stmt 1
 1068 0012 10B4     		push	{r4}
 1069              		.cfi_def_cfa_offset 4
 1070              		.cfi_offset 4, -4
 695:Generated_Source\PSoC5/cyfitter_cfg.c **** 	{
 696:Generated_Source\PSoC5/cyfitter_cfg.c **** 		MuxOut_CYAMUXSIDE_B__armsEnabled &= (uint8)~channelMask;
 1071              		.loc 1 696 0
 1072 0014 0E49     		ldr	r1, .L86
 1073 0016 22EA0303 		bic	r3, r2, r3
 1074              	.LVL83:
 1075 001a 4B71     		strb	r3, [r1, #5]
 697:Generated_Source\PSoC5/cyfitter_cfg.c **** 		*MuxOut_CYAMUXSIDE_B__outerAddr[channel] &= (uint8)~MuxOut_CYAMUXSIDE_B__outerMask[channel];
 1076              		.loc 1 697 0
 1077 001c 0D4B     		ldr	r3, .L86+4
 1078 001e 03EB8002 		add	r2, r3, r0, lsl #2
 1079 0022 926B     		ldr	r2, [r2, #56]
 1080 0024 1844     		add	r0, r0, r3
 1081              	.LVL84:
 1082 0026 90F84040 		ldrb	r4, [r0, #64]	@ zero_extendqisi2
ARM GAS  C:\Users\elias\AppData\Local\Temp\ccUaCA0t.s 			page 33


 1083 002a 1378     		ldrb	r3, [r2]	@ zero_extendqisi2
 1084 002c 23EA0403 		bic	r3, r3, r4
 1085 0030 1370     		strb	r3, [r2]
 698:Generated_Source\PSoC5/cyfitter_cfg.c **** 		i = MuxOut_CYAMUXSIDE_B__innerMap[channel];
 1086              		.loc 1 698 0
 1087 0032 90F84430 		ldrb	r3, [r0, #68]	@ zero_extendqisi2
 1088              	.LVL85:
 699:Generated_Source\PSoC5/cyfitter_cfg.c **** 		MuxOut_CYAMUXSIDE_B__refCnt[i]--;
 1089              		.loc 1 699 0
 1090 0036 CA18     		adds	r2, r1, r3
 1091 0038 137A     		ldrb	r3, [r2, #8]	@ zero_extendqisi2
 1092              	.LVL86:
 1093 003a 013B     		subs	r3, r3, #1
 1094 003c DBB2     		uxtb	r3, r3
 1095 003e 1372     		strb	r3, [r2, #8]
 700:Generated_Source\PSoC5/cyfitter_cfg.c **** 		if (MuxOut_CYAMUXSIDE_B__refCnt[i] == 0)
 1096              		.loc 1 700 0
 1097 0040 23B9     		cbnz	r3, .L81
 701:Generated_Source\PSoC5/cyfitter_cfg.c **** 		{
 702:Generated_Source\PSoC5/cyfitter_cfg.c **** 			*MuxOut_CYAMUXSIDE_B__innerAddr[i] &= (uint8)~MuxOut_CYAMUXSIDE_B__innerMask[i];
 1098              		.loc 1 702 0
 1099 0042 054A     		ldr	r2, .L86+8
 1100 0044 1378     		ldrb	r3, [r2]	@ zero_extendqisi2
 1101 0046 23F00103 		bic	r3, r3, #1
 1102 004a 1370     		strb	r3, [r2]
 1103              	.L81:
 703:Generated_Source\PSoC5/cyfitter_cfg.c **** 		}
 704:Generated_Source\PSoC5/cyfitter_cfg.c **** 	}
 705:Generated_Source\PSoC5/cyfitter_cfg.c **** }
 1104              		.loc 1 705 0
 1105 004c 10BC     		pop	{r4}
 1106              		.cfi_restore 4
 1107              		.cfi_def_cfa_offset 0
 1108              	.LVL87:
 1109              	.L85:
 1110 004e 7047     		bx	lr
 1111              	.L87:
 1112              		.align	2
 1113              	.L86:
 1114 0050 00000000 		.word	.LANCHOR0
 1115 0054 00000000 		.word	.LANCHOR1
 1116 0058 3D510040 		.word	1073762621
 1117              		.cfi_endproc
 1118              	.LFE15:
 1119              		.size	MuxOut_CYAMUXSIDE_B_Unset, .-MuxOut_CYAMUXSIDE_B_Unset
 1120              		.section	.text.cyfitter_cfg,"ax",%progbits
 1121              		.align	2
 1122              		.global	cyfitter_cfg
 1123              		.thumb
 1124              		.thumb_func
 1125              		.type	cyfitter_cfg, %function
 1126              	cyfitter_cfg:
 1127              	.LFB16:
 706:Generated_Source\PSoC5/cyfitter_cfg.c **** 
 707:Generated_Source\PSoC5/cyfitter_cfg.c **** 
 708:Generated_Source\PSoC5/cyfitter_cfg.c **** 
 709:Generated_Source\PSoC5/cyfitter_cfg.c **** /*******************************************************************************
ARM GAS  C:\Users\elias\AppData\Local\Temp\ccUaCA0t.s 			page 34


 710:Generated_Source\PSoC5/cyfitter_cfg.c **** * Function Name: cyfitter_cfg
 711:Generated_Source\PSoC5/cyfitter_cfg.c **** ********************************************************************************
 712:Generated_Source\PSoC5/cyfitter_cfg.c **** * Summary:
 713:Generated_Source\PSoC5/cyfitter_cfg.c **** *  This function is called by the start-up code for the selected device. It
 714:Generated_Source\PSoC5/cyfitter_cfg.c **** *  performs all of the necessary device configuration based on the design
 715:Generated_Source\PSoC5/cyfitter_cfg.c **** *  settings.  This includes settings from the Design Wide Resources (DWR) such
 716:Generated_Source\PSoC5/cyfitter_cfg.c **** *  as Clocks and Pins as well as any component configuration that is necessary.
 717:Generated_Source\PSoC5/cyfitter_cfg.c **** *
 718:Generated_Source\PSoC5/cyfitter_cfg.c **** * Parameters:
 719:Generated_Source\PSoC5/cyfitter_cfg.c **** *   void
 720:Generated_Source\PSoC5/cyfitter_cfg.c **** *
 721:Generated_Source\PSoC5/cyfitter_cfg.c **** * Return:
 722:Generated_Source\PSoC5/cyfitter_cfg.c **** *   void
 723:Generated_Source\PSoC5/cyfitter_cfg.c **** *
 724:Generated_Source\PSoC5/cyfitter_cfg.c **** *******************************************************************************/
 725:Generated_Source\PSoC5/cyfitter_cfg.c **** 
 726:Generated_Source\PSoC5/cyfitter_cfg.c **** void cyfitter_cfg(void)
 727:Generated_Source\PSoC5/cyfitter_cfg.c **** {
 1128              		.loc 1 727 0
 1129              		.cfi_startproc
 1130              		@ args = 0, pretend = 0, frame = 0
 1131              		@ frame_needed = 0, uses_anonymous_args = 0
 1132 0000 38B5     		push	{r3, r4, r5, lr}
 1133              		.cfi_def_cfa_offset 16
 1134              		.cfi_offset 3, -16
 1135              		.cfi_offset 4, -12
 1136              		.cfi_offset 5, -8
 1137              		.cfi_offset 14, -4
 728:Generated_Source\PSoC5/cyfitter_cfg.c **** #ifdef CYGlobalIntDisable
 729:Generated_Source\PSoC5/cyfitter_cfg.c **** 	/* Disable interrupts by default. Let user enable if/when they want. */
 730:Generated_Source\PSoC5/cyfitter_cfg.c **** 	CYGlobalIntDisable
 1138              		.loc 1 730 0
 1139              		.syntax unified
 1140              	@ 730 "Generated_Source\PSoC5\cyfitter_cfg.c" 1
 1141 0002 72B6     		CPSID   i
 1142              	@ 0 "" 2
 731:Generated_Source\PSoC5/cyfitter_cfg.c **** #endif
 732:Generated_Source\PSoC5/cyfitter_cfg.c **** 
 733:Generated_Source\PSoC5/cyfitter_cfg.c **** 	/* Enable/Disable Debug functionality based on settings from System DWR */
 734:Generated_Source\PSoC5/cyfitter_cfg.c **** 	CY_SET_XTND_REG8((void CYFAR *)CYREG_MLOGIC_DEBUG, (CY_GET_XTND_REG8((void CYFAR *)CYREG_MLOGIC_DE
 1143              		.loc 1 734 0
 1144              		.thumb
 1145              		.syntax unified
 1146 0004 4D4A     		ldr	r2, .L94
 1147 0006 1378     		ldrb	r3, [r2]	@ zero_extendqisi2
 1148 0008 43F00403 		orr	r3, r3, #4
 1149 000c 1370     		strb	r3, [r2]
 1150              	.LVL88:
 1151              	.LBB3:
 735:Generated_Source\PSoC5/cyfitter_cfg.c **** 
 736:Generated_Source\PSoC5/cyfitter_cfg.c **** 	{
 737:Generated_Source\PSoC5/cyfitter_cfg.c **** 
 738:Generated_Source\PSoC5/cyfitter_cfg.c **** 		CYPACKED typedef struct {
 739:Generated_Source\PSoC5/cyfitter_cfg.c **** 			void CYFAR *address;
 740:Generated_Source\PSoC5/cyfitter_cfg.c **** 			uint16 size;
 741:Generated_Source\PSoC5/cyfitter_cfg.c **** 		} CYPACKED_ATTR cfg_memset_t;
 742:Generated_Source\PSoC5/cyfitter_cfg.c **** 
ARM GAS  C:\Users\elias\AppData\Local\Temp\ccUaCA0t.s 			page 35


 743:Generated_Source\PSoC5/cyfitter_cfg.c **** 
 744:Generated_Source\PSoC5/cyfitter_cfg.c **** 		CYPACKED typedef struct {
 745:Generated_Source\PSoC5/cyfitter_cfg.c **** 			void CYFAR *dest;
 746:Generated_Source\PSoC5/cyfitter_cfg.c **** 			const void CYFAR *src;
 747:Generated_Source\PSoC5/cyfitter_cfg.c **** 			uint16 size;
 748:Generated_Source\PSoC5/cyfitter_cfg.c **** 		} CYPACKED_ATTR cfg_memcpy_t;
 749:Generated_Source\PSoC5/cyfitter_cfg.c **** 
 750:Generated_Source\PSoC5/cyfitter_cfg.c **** 		static const cfg_memset_t CYCODE cfg_memset_list[] = {
 751:Generated_Source\PSoC5/cyfitter_cfg.c **** 			/* address, size */
 752:Generated_Source\PSoC5/cyfitter_cfg.c **** 			{(void CYFAR *)(CYREG_PRT4_DR), 48u},
 753:Generated_Source\PSoC5/cyfitter_cfg.c **** 			{(void CYFAR *)(CYDEV_UCFG_B0_P0_U0_BASE), 4096u},
 754:Generated_Source\PSoC5/cyfitter_cfg.c **** 			{(void CYFAR *)(CYDEV_UCFG_B1_P2_U0_BASE), 2048u},
 755:Generated_Source\PSoC5/cyfitter_cfg.c **** 			{(void CYFAR *)(CYDEV_UCFG_DSI0_BASE), 2560u},
 756:Generated_Source\PSoC5/cyfitter_cfg.c **** 			{(void CYFAR *)(CYDEV_UCFG_DSI12_BASE), 512u},
 757:Generated_Source\PSoC5/cyfitter_cfg.c **** 			{(void CYFAR *)(CYREG_BCTL0_MDCLK_EN), 32u},
 758:Generated_Source\PSoC5/cyfitter_cfg.c **** 		};
 759:Generated_Source\PSoC5/cyfitter_cfg.c **** 
 760:Generated_Source\PSoC5/cyfitter_cfg.c **** 		static const cfg_memcpy_t CYCODE cfg_memcpy_list [] = {
 761:Generated_Source\PSoC5/cyfitter_cfg.c **** 			/* dest, src, size */
 762:Generated_Source\PSoC5/cyfitter_cfg.c **** 			{(void CYFAR *)(CYDEV_PRTDSI_PRT12_BASE), BS_IOPORT_7_VAL, 6u},
 763:Generated_Source\PSoC5/cyfitter_cfg.c **** 		};
 764:Generated_Source\PSoC5/cyfitter_cfg.c **** 
 765:Generated_Source\PSoC5/cyfitter_cfg.c **** 		uint8 CYDATA i;
 766:Generated_Source\PSoC5/cyfitter_cfg.c **** 
 767:Generated_Source\PSoC5/cyfitter_cfg.c **** 		/* Zero out critical memory blocks before beginning configuration */
 768:Generated_Source\PSoC5/cyfitter_cfg.c **** 		for (i = 0u; i < (sizeof(cfg_memset_list)/sizeof(cfg_memset_list[0])); i++)
 1152              		.loc 1 768 0
 1153 000e 0024     		movs	r4, #0
 1154 0010 0CE0     		b	.L89
 1155              	.LVL89:
 1156              	.L90:
 1157              	.LBB4:
 769:Generated_Source\PSoC5/cyfitter_cfg.c **** 		{
 770:Generated_Source\PSoC5/cyfitter_cfg.c **** 			const cfg_memset_t CYCODE * CYDATA ms = &cfg_memset_list[i];
 771:Generated_Source\PSoC5/cyfitter_cfg.c **** 			CYMEMZERO(ms->address, (size_t)(uint32)(ms->size));
 1158              		.loc 1 771 0 discriminator 3
 1159 0012 4B48     		ldr	r0, .L94+4
 1160 0014 6300     		lsls	r3, r4, #1
 1161 0016 1A19     		adds	r2, r3, r4
 1162 0018 5100     		lsls	r1, r2, #1
 1163 001a 0144     		add	r1, r1, r0
 1164 001c 0A46     		mov	r2, r1
 1165 001e B1F84C10 		ldrh	r1, [r1, #76]
 1166 0022 906C     		ldr	r0, [r2, #72]	@ unaligned
 1167 0024 FFF7FEFF 		bl	CYMEMZERO
 1168              	.LVL90:
 1169              	.LBE4:
 768:Generated_Source\PSoC5/cyfitter_cfg.c **** 		{
 1170              		.loc 1 768 0 discriminator 3
 1171 0028 0134     		adds	r4, r4, #1
 1172              	.LVL91:
 1173 002a E4B2     		uxtb	r4, r4
 1174              	.LVL92:
 1175              	.L89:
 768:Generated_Source\PSoC5/cyfitter_cfg.c **** 		{
 1176              		.loc 1 768 0 is_stmt 0 discriminator 1
 1177 002c 052C     		cmp	r4, #5
ARM GAS  C:\Users\elias\AppData\Local\Temp\ccUaCA0t.s 			page 36


 1178 002e F0D9     		bls	.L90
 1179 0030 0024     		movs	r4, #0
 1180              	.LVL93:
 1181 0032 0BE0     		b	.L91
 1182              	.LVL94:
 1183              	.L92:
 1184              	.LBB5:
 772:Generated_Source\PSoC5/cyfitter_cfg.c **** 		}
 773:Generated_Source\PSoC5/cyfitter_cfg.c **** 
 774:Generated_Source\PSoC5/cyfitter_cfg.c **** 		/* Copy device configuration data into registers */
 775:Generated_Source\PSoC5/cyfitter_cfg.c **** 		for (i = 0u; i < (sizeof(cfg_memcpy_list)/sizeof(cfg_memcpy_list[0])); i++)
 776:Generated_Source\PSoC5/cyfitter_cfg.c **** 		{
 777:Generated_Source\PSoC5/cyfitter_cfg.c **** 			const cfg_memcpy_t CYCODE * CYDATA mc = &cfg_memcpy_list[i];
 778:Generated_Source\PSoC5/cyfitter_cfg.c **** 			void * CYDATA destPtr = mc->dest;
 1185              		.loc 1 778 0 is_stmt 1 discriminator 3
 1186 0034 4249     		ldr	r1, .L94+4
 1187 0036 A300     		lsls	r3, r4, #2
 1188 0038 1819     		adds	r0, r3, r4
 1189 003a 4200     		lsls	r2, r0, #1
 1190 003c 8818     		adds	r0, r1, r2
 1191              	.LVL95:
 779:Generated_Source\PSoC5/cyfitter_cfg.c **** 			const void * CYDATA srcPtr = mc->src;
 780:Generated_Source\PSoC5/cyfitter_cfg.c **** 			uint16 CYDATA numBytes = mc->size;
 781:Generated_Source\PSoC5/cyfitter_cfg.c **** 			CYCONFIGCPY(destPtr, srcPtr, numBytes);
 1192              		.loc 1 781 0 discriminator 3
 1193 003e 0622     		movs	r2, #6
 1194 0040 016F     		ldr	r1, [r0, #112]	@ unaligned
 1195              	.LVL96:
 1196 0042 C06E     		ldr	r0, [r0, #108]	@ unaligned
 1197              	.LVL97:
 1198 0044 FFF7FEFF 		bl	CYCONFIGCPY
 1199              	.LVL98:
 1200              	.LBE5:
 775:Generated_Source\PSoC5/cyfitter_cfg.c **** 		{
 1201              		.loc 1 775 0 discriminator 3
 1202 0048 0134     		adds	r4, r4, #1
 1203              	.LVL99:
 1204 004a E4B2     		uxtb	r4, r4
 1205              	.LVL100:
 1206              	.L91:
 775:Generated_Source\PSoC5/cyfitter_cfg.c **** 		{
 1207              		.loc 1 775 0 is_stmt 0 discriminator 1
 1208 004c 002C     		cmp	r4, #0
 1209 004e F1D0     		beq	.L92
 782:Generated_Source\PSoC5/cyfitter_cfg.c **** 		}
 783:Generated_Source\PSoC5/cyfitter_cfg.c **** 
 784:Generated_Source\PSoC5/cyfitter_cfg.c **** 		cfg_write_bytes32(cy_cfg_addr_table, cy_cfg_data_table);
 1210              		.loc 1 784 0 is_stmt 1
 1211 0050 3C49     		ldr	r1, .L94+8
 1212 0052 4FF09040 		mov	r0, #1207959552
 1213 0056 FFF7FEFF 		bl	cfg_write_bytes32
 1214              	.LVL101:
 785:Generated_Source\PSoC5/cyfitter_cfg.c **** 
 786:Generated_Source\PSoC5/cyfitter_cfg.c **** 		/* Perform normal device configuration. Order is not critical for these items. */
 787:Generated_Source\PSoC5/cyfitter_cfg.c **** 		CY_SET_XTND_REG8((void CYFAR *)(CYREG_DSM0_CR3), 0x0Au);
 1215              		.loc 1 787 0
 1216 005a 0A25     		movs	r5, #10
ARM GAS  C:\Users\elias\AppData\Local\Temp\ccUaCA0t.s 			page 37


 1217 005c 3A4B     		ldr	r3, .L94+12
 1218 005e 1D70     		strb	r5, [r3]
 788:Generated_Source\PSoC5/cyfitter_cfg.c **** 		CY_SET_XTND_REG8((void CYFAR *)(CYREG_DSM0_CLK), 0x01u);
 1219              		.loc 1 788 0
 1220 0060 0122     		movs	r2, #1
 1221 0062 03F52173 		add	r3, r3, #644
 1222 0066 1A70     		strb	r2, [r3]
 789:Generated_Source\PSoC5/cyfitter_cfg.c **** 		CYMEMZERO((void CYFAR *)(CYREG_PHUB_CFGMEM0_CFG0), 4u);
 1223              		.loc 1 789 0
 1224 0068 0421     		movs	r1, #4
 1225 006a 3848     		ldr	r0, .L94+16
 1226 006c FFF7FEFF 		bl	CYMEMZERO
 1227              	.LVL102:
 790:Generated_Source\PSoC5/cyfitter_cfg.c **** 		CYCONFIGCPY((void CYFAR *)(CYREG_PHUB_CFGMEM10_CFG0), (const void CYFAR *)(BS_PHUB_CFGMEM10_VAL),
 1228              		.loc 1 790 0
 1229 0070 0422     		movs	r2, #4
 1230 0072 3749     		ldr	r1, .L94+20
 1231 0074 3748     		ldr	r0, .L94+24
 1232 0076 FFF7FEFF 		bl	CYCONFIGCPY
 1233              	.LVL103:
 791:Generated_Source\PSoC5/cyfitter_cfg.c **** 		CYCONFIGCPY((void CYFAR *)(CYREG_PHUB_CFGMEM1_CFG0), (const void CYFAR *)(BS_PHUB_CFGMEM1_VAL), 4
 1234              		.loc 1 791 0
 1235 007a 0422     		movs	r2, #4
 1236 007c 3649     		ldr	r1, .L94+28
 1237 007e 3748     		ldr	r0, .L94+32
 1238 0080 FFF7FEFF 		bl	CYCONFIGCPY
 1239              	.LVL104:
 792:Generated_Source\PSoC5/cyfitter_cfg.c **** 		CYCONFIGCPY((void CYFAR *)(CYREG_PHUB_CFGMEM2_CFG0), (const void CYFAR *)(BS_PHUB_CFGMEM2_VAL), 4
 1240              		.loc 1 792 0
 1241 0084 0422     		movs	r2, #4
 1242 0086 3649     		ldr	r1, .L94+36
 1243 0088 3648     		ldr	r0, .L94+40
 1244 008a FFF7FEFF 		bl	CYCONFIGCPY
 1245              	.LVL105:
 793:Generated_Source\PSoC5/cyfitter_cfg.c **** 		CYCONFIGCPY((void CYFAR *)(CYREG_PHUB_CFGMEM3_CFG0), (const void CYFAR *)(BS_PHUB_CFGMEM3_VAL), 4
 1246              		.loc 1 793 0
 1247 008e 0422     		movs	r2, #4
 1248 0090 3549     		ldr	r1, .L94+44
 1249 0092 3648     		ldr	r0, .L94+48
 1250 0094 FFF7FEFF 		bl	CYCONFIGCPY
 1251              	.LVL106:
 794:Generated_Source\PSoC5/cyfitter_cfg.c **** 		CYCONFIGCPY((void CYFAR *)(CYREG_PHUB_CFGMEM4_CFG0), (const void CYFAR *)(BS_PHUB_CFGMEM4_VAL), 4
 1252              		.loc 1 794 0
 1253 0098 0422     		movs	r2, #4
 1254 009a 3549     		ldr	r1, .L94+52
 1255 009c 3548     		ldr	r0, .L94+56
 1256 009e FFF7FEFF 		bl	CYCONFIGCPY
 1257              	.LVL107:
 795:Generated_Source\PSoC5/cyfitter_cfg.c **** 		CYCONFIGCPY((void CYFAR *)(CYREG_PHUB_CFGMEM8_CFG0), (const void CYFAR *)(BS_PHUB_CFGMEM8_VAL), 4
 1258              		.loc 1 795 0
 1259 00a2 0422     		movs	r2, #4
 1260 00a4 3449     		ldr	r1, .L94+60
 1261 00a6 3548     		ldr	r0, .L94+64
 1262 00a8 FFF7FEFF 		bl	CYCONFIGCPY
 1263              	.LVL108:
 796:Generated_Source\PSoC5/cyfitter_cfg.c **** 
 797:Generated_Source\PSoC5/cyfitter_cfg.c **** 		/* Enable digital routing */
ARM GAS  C:\Users\elias\AppData\Local\Temp\ccUaCA0t.s 			page 38


 798:Generated_Source\PSoC5/cyfitter_cfg.c **** 		CY_SET_XTND_REG8((void CYFAR *)CYREG_BCTL0_BANK_CTL, CY_GET_XTND_REG8((void CYFAR *)CYREG_BCTL0_B
 1264              		.loc 1 798 0
 1265 00ac 344A     		ldr	r2, .L94+68
 1266 00ae 1378     		ldrb	r3, [r2]	@ zero_extendqisi2
 1267 00b0 43F00203 		orr	r3, r3, #2
 1268 00b4 1370     		strb	r3, [r2]
 799:Generated_Source\PSoC5/cyfitter_cfg.c **** 		CY_SET_XTND_REG8((void CYFAR *)CYREG_BCTL1_BANK_CTL, CY_GET_XTND_REG8((void CYFAR *)CYREG_BCTL1_B
 1269              		.loc 1 799 0
 1270 00b6 1032     		adds	r2, r2, #16
 1271 00b8 1378     		ldrb	r3, [r2]	@ zero_extendqisi2
 1272 00ba 43F00203 		orr	r3, r3, #2
 1273 00be 1370     		strb	r3, [r2]
 800:Generated_Source\PSoC5/cyfitter_cfg.c **** 
 801:Generated_Source\PSoC5/cyfitter_cfg.c **** 		/* Enable UDB array */
 802:Generated_Source\PSoC5/cyfitter_cfg.c **** 		CY_SET_XTND_REG8((void CYFAR *)CYREG_PM_ACT_CFG0, CY_GET_XTND_REG8((void CYFAR *)CYREG_PM_ACT_CFG
 1274              		.loc 1 802 0
 1275 00c0 304C     		ldr	r4, .L94+72
 1276              	.LVL109:
 1277 00c2 2378     		ldrb	r3, [r4]	@ zero_extendqisi2
 1278 00c4 43F04003 		orr	r3, r3, #64
 1279 00c8 2370     		strb	r3, [r4]
 803:Generated_Source\PSoC5/cyfitter_cfg.c **** 		CY_SET_XTND_REG8((void CYFAR *)CYREG_PM_AVAIL_CR2, CY_GET_XTND_REG8((void CYFAR *)CYREG_PM_AVAIL_
 1280              		.loc 1 803 0
 1281 00ca A2F58632 		sub	r2, r2, #68608
 1282 00ce 513A     		subs	r2, r2, #81
 1283 00d0 1378     		ldrb	r3, [r2]	@ zero_extendqisi2
 1284 00d2 43F01003 		orr	r3, r3, #16
 1285 00d6 1370     		strb	r3, [r2]
 1286              	.LBE3:
 804:Generated_Source\PSoC5/cyfitter_cfg.c **** 	}
 805:Generated_Source\PSoC5/cyfitter_cfg.c **** 
 806:Generated_Source\PSoC5/cyfitter_cfg.c **** 
 807:Generated_Source\PSoC5/cyfitter_cfg.c **** 	/* Perform second pass device configuration. These items must be configured in specific order afte
 808:Generated_Source\PSoC5/cyfitter_cfg.c **** 	CYCONFIGCPY((void CYFAR *)(CYREG_PRT0_DM0), (const void CYFAR *)(BS_IOPINS0_0_VAL), 8u);
 1287              		.loc 1 808 0
 1288 00d8 0822     		movs	r2, #8
 1289 00da 2B49     		ldr	r1, .L94+76
 1290 00dc 2B48     		ldr	r0, .L94+80
 1291 00de FFF7FEFF 		bl	CYCONFIGCPY
 1292              	.LVL110:
 809:Generated_Source\PSoC5/cyfitter_cfg.c **** 	CYCONFIGCPY((void CYFAR *)(CYREG_PRT12_DR), (const void CYFAR *)(BS_IOPINS0_7_VAL), 10u);
 1293              		.loc 1 809 0
 1294 00e2 2A46     		mov	r2, r5
 1295 00e4 2A49     		ldr	r1, .L94+84
 1296 00e6 2B48     		ldr	r0, .L94+88
 1297 00e8 FFF7FEFF 		bl	CYCONFIGCPY
 1298              	.LVL111:
 810:Generated_Source\PSoC5/cyfitter_cfg.c **** 	CYCONFIGCPY((void CYFAR *)(CYREG_PRT15_DR), (const void CYFAR *)(BS_IOPINS0_8_VAL), 10u);
 1299              		.loc 1 810 0
 1300 00ec 2A46     		mov	r2, r5
 1301 00ee 2A49     		ldr	r1, .L94+92
 1302 00f0 2A48     		ldr	r0, .L94+96
 1303 00f2 FFF7FEFF 		bl	CYCONFIGCPY
 1304              	.LVL112:
 811:Generated_Source\PSoC5/cyfitter_cfg.c **** 	CYCONFIGCPY((void CYFAR *)(CYREG_PRT1_DM0), (const void CYFAR *)(BS_IOPINS0_1_VAL), 8u);
 1305              		.loc 1 811 0
 1306 00f6 0822     		movs	r2, #8
ARM GAS  C:\Users\elias\AppData\Local\Temp\ccUaCA0t.s 			page 39


 1307 00f8 2949     		ldr	r1, .L94+100
 1308 00fa 2A48     		ldr	r0, .L94+104
 1309 00fc FFF7FEFF 		bl	CYCONFIGCPY
 1310              	.LVL113:
 812:Generated_Source\PSoC5/cyfitter_cfg.c **** 	CYCONFIGCPY((void CYFAR *)(CYREG_PRT2_DM0), (const void CYFAR *)(BS_IOPINS0_2_VAL), 8u);
 1311              		.loc 1 812 0
 1312 0100 0822     		movs	r2, #8
 1313 0102 2949     		ldr	r1, .L94+108
 1314 0104 2948     		ldr	r0, .L94+112
 1315 0106 FFF7FEFF 		bl	CYCONFIGCPY
 1316              	.LVL114:
 813:Generated_Source\PSoC5/cyfitter_cfg.c **** 	CYCONFIGCPY((void CYFAR *)(CYREG_PRT3_DM0), (const void CYFAR *)(BS_IOPINS0_3_VAL), 8u);
 1317              		.loc 1 813 0
 1318 010a 0822     		movs	r2, #8
 1319 010c 2849     		ldr	r1, .L94+116
 1320 010e 2948     		ldr	r0, .L94+120
 1321 0110 FFF7FEFF 		bl	CYCONFIGCPY
 1322              	.LVL115:
 814:Generated_Source\PSoC5/cyfitter_cfg.c **** 	/* Switch Boost to the precision bandgap reference from its internal reference */
 815:Generated_Source\PSoC5/cyfitter_cfg.c **** 	CY_SET_REG8((void CYXDATA *)CYREG_BOOST_CR2, (CY_GET_REG8((void CYXDATA *)CYREG_BOOST_CR2) | 0x08u
 1323              		.loc 1 815 0
 1324 0114 284A     		ldr	r2, .L94+124
 1325 0116 1378     		ldrb	r3, [r2]	@ zero_extendqisi2
 1326 0118 43F00803 		orr	r3, r3, #8
 1327 011c 1370     		strb	r3, [r2]
 816:Generated_Source\PSoC5/cyfitter_cfg.c **** 
 817:Generated_Source\PSoC5/cyfitter_cfg.c **** 	/* Set Flash Cycles based on max possible frequency in case a glitch occurs during ClockSetup(). *
 818:Generated_Source\PSoC5/cyfitter_cfg.c **** 	CY_SET_XTND_REG8((void CYFAR *)(CYREG_CACHE_CC_CTL), (((CYDEV_INSTRUCT_CACHE_ENABLED) != 0) ? 0x61
 1328              		.loc 1 818 0
 1329 011e 274D     		ldr	r5, .L94+128
 1330 0120 6123     		movs	r3, #97
 1331 0122 2B70     		strb	r3, [r5]
 819:Generated_Source\PSoC5/cyfitter_cfg.c **** 	/* Setup clocks based on selections from Clock DWR */
 820:Generated_Source\PSoC5/cyfitter_cfg.c **** 	ClockSetup();
 1332              		.loc 1 820 0
 1333 0124 FFF7FEFF 		bl	ClockSetup
 1334              	.LVL116:
 821:Generated_Source\PSoC5/cyfitter_cfg.c **** 	/* Set Flash Cycles based on newly configured 24.00MHz Bus Clock. */
 822:Generated_Source\PSoC5/cyfitter_cfg.c **** 	CY_SET_XTND_REG8((void CYFAR *)(CYREG_CACHE_CC_CTL), (((CYDEV_INSTRUCT_CACHE_ENABLED) != 0) ? 0x81
 1335              		.loc 1 822 0
 1336 0128 8123     		movs	r3, #129
 1337 012a 2B70     		strb	r3, [r5]
 823:Generated_Source\PSoC5/cyfitter_cfg.c **** 
 824:Generated_Source\PSoC5/cyfitter_cfg.c **** 	/* Perform basic analog initialization to defaults */
 825:Generated_Source\PSoC5/cyfitter_cfg.c **** 	AnalogSetDefault();
 1338              		.loc 1 825 0
 1339 012c FFF7FEFF 		bl	AnalogSetDefault
 1340              	.LVL117:
 826:Generated_Source\PSoC5/cyfitter_cfg.c **** 
 827:Generated_Source\PSoC5/cyfitter_cfg.c **** 	/* Configure alternate active mode */
 828:Generated_Source\PSoC5/cyfitter_cfg.c **** 	CYCONFIGCPY((void CYFAR *)CYDEV_PM_STBY_BASE, (const void CYFAR *)CYDEV_PM_ACT_BASE, 14u);
 1341              		.loc 1 828 0
 1342 0130 0E22     		movs	r2, #14
 1343 0132 2146     		mov	r1, r4
 1344 0134 2248     		ldr	r0, .L94+132
 1345 0136 FFF7FEFF 		bl	CYCONFIGCPY
 1346              	.LVL118:
ARM GAS  C:\Users\elias\AppData\Local\Temp\ccUaCA0t.s 			page 40


 1347 013a 38BD     		pop	{r3, r4, r5, pc}
 1348              	.L95:
 1349              		.align	2
 1350              	.L94:
 1351 013c E8460040 		.word	1073759976
 1352 0140 00000000 		.word	.LANCHOR1
 1353 0144 8C000048 		.word	1207959692
 1354 0148 83580040 		.word	1073764483
 1355 014c 00760040 		.word	1073772032
 1356 0150 6C060048 		.word	1207961196
 1357 0154 50760040 		.word	1073772112
 1358 0158 70060048 		.word	1207961200
 1359 015c 08760040 		.word	1073772040
 1360 0160 74060048 		.word	1207961204
 1361 0164 10760040 		.word	1073772048
 1362 0168 78060048 		.word	1207961208
 1363 016c 18760040 		.word	1073772056
 1364 0170 7C060048 		.word	1207961212
 1365 0174 20760040 		.word	1073772064
 1366 0178 80060048 		.word	1207961216
 1367 017c 40760040 		.word	1073772096
 1368 0180 03500140 		.word	1073827843
 1369 0184 A0430040 		.word	1073759136
 1370 0188 2C060048 		.word	1207961132
 1371 018c 02510040 		.word	1073762562
 1372 0190 34060048 		.word	1207961140
 1373 0194 C0510040 		.word	1073762752
 1374 0198 40060048 		.word	1207961152
 1375 019c F0510040 		.word	1073762800
 1376 01a0 4C060048 		.word	1207961164
 1377 01a4 12510040 		.word	1073762578
 1378 01a8 54060048 		.word	1207961172
 1379 01ac 22510040 		.word	1073762594
 1380 01b0 5C060048 		.word	1207961180
 1381 01b4 32510040 		.word	1073762610
 1382 01b8 22430040 		.word	1073759010
 1383 01bc 00480040 		.word	1073760256
 1384 01c0 B0430040 		.word	1073759152
 1385              		.cfi_endproc
 1386              	.LFE16:
 1387              		.size	cyfitter_cfg, .-cyfitter_cfg
 1388              		.global	MuxOut_CYAMUXSIDE_A__maskTable
 1389              		.global	MuxOut_CYAMUXSIDE_A__addrTable
 1390              		.global	MuxIn_CYAMUXSIDE_B__maskTable
 1391              		.global	MuxIn_CYAMUXSIDE_B__addrTable
 1392              		.section	.rodata
 1393              		.align	2
 1394              		.set	.LANCHOR1,. + 0
 1395              		.type	MuxIn_CYAMUXSIDE_A__outerAddr, %object
 1396              		.size	MuxIn_CYAMUXSIDE_A__outerAddr, 8
 1397              	MuxIn_CYAMUXSIDE_A__outerAddr:
 1398 0000 CB5A0040 		.word	1073765067
 1399 0004 885A0040 		.word	1073765000
 1400              		.type	MuxIn_CYAMUXSIDE_A__outerMask, %object
 1401              		.size	MuxIn_CYAMUXSIDE_A__outerMask, 2
 1402              	MuxIn_CYAMUXSIDE_A__outerMask:
 1403 0008 40       		.byte	64
ARM GAS  C:\Users\elias\AppData\Local\Temp\ccUaCA0t.s 			page 41


 1404 0009 02       		.byte	2
 1405 000a 0000     		.space	2
 1406              		.type	MuxIn_CYAMUXSIDE_A__innerMap, %object
 1407              		.size	MuxIn_CYAMUXSIDE_A__innerMap, 2
 1408              	MuxIn_CYAMUXSIDE_A__innerMap:
 1409 000c 0000     		.space	2
 1410 000e 0000     		.space	2
 1411              		.type	MuxIn_CYAMUXSIDE_B__addrTable, %object
 1412              		.size	MuxIn_CYAMUXSIDE_B__addrTable, 16
 1413              	MuxIn_CYAMUXSIDE_B__addrTable:
 1414 0010 2C510040 		.word	1073762604
 1415 0014 24430040 		.word	1073759012
 1416 0018 805A0040 		.word	1073764992
 1417 001c 2D510040 		.word	1073762605
 1418              		.type	MuxIn_CYAMUXSIDE_B__maskTable, %object
 1419              		.size	MuxIn_CYAMUXSIDE_B__maskTable, 4
 1420              	MuxIn_CYAMUXSIDE_B__maskTable:
 1421 0020 01       		.byte	1
 1422 0021 00       		.byte	0
 1423 0022 01       		.byte	1
 1424 0023 01       		.byte	1
 1425              		.type	MuxOut_CYAMUXSIDE_A__addrTable, %object
 1426              		.size	MuxOut_CYAMUXSIDE_A__addrTable, 16
 1427              	MuxOut_CYAMUXSIDE_A__addrTable:
 1428 0024 185A0040 		.word	1073764888
 1429 0028 3C510040 		.word	1073762620
 1430 002c 3C510040 		.word	1073762620
 1431 0030 24430040 		.word	1073759012
 1432              		.type	MuxOut_CYAMUXSIDE_A__maskTable, %object
 1433              		.size	MuxOut_CYAMUXSIDE_A__maskTable, 4
 1434              	MuxOut_CYAMUXSIDE_A__maskTable:
 1435 0034 08       		.byte	8
 1436 0035 02       		.byte	2
 1437 0036 42       		.byte	66
 1438 0037 00       		.byte	0
 1439              		.type	MuxOut_CYAMUXSIDE_B__outerAddr, %object
 1440              		.size	MuxOut_CYAMUXSIDE_B__outerAddr, 8
 1441              	MuxOut_CYAMUXSIDE_B__outerAddr:
 1442 0038 385A0040 		.word	1073764920
 1443 003c 0D510040 		.word	1073762573
 1444              		.type	MuxOut_CYAMUXSIDE_B__outerMask, %object
 1445              		.size	MuxOut_CYAMUXSIDE_B__outerMask, 2
 1446              	MuxOut_CYAMUXSIDE_B__outerMask:
 1447 0040 10       		.byte	16
 1448 0041 01       		.byte	1
 1449 0042 0000     		.space	2
 1450              		.type	MuxOut_CYAMUXSIDE_B__innerMap, %object
 1451              		.size	MuxOut_CYAMUXSIDE_B__innerMap, 2
 1452              	MuxOut_CYAMUXSIDE_B__innerMap:
 1453 0044 0000     		.space	2
 1454 0046 0000     		.space	2
 1455              		.type	cfg_memset_list.5090, %object
 1456              		.size	cfg_memset_list.5090, 36
 1457              	cfg_memset_list.5090:
 1458 0048 40510040 		.word	1073762624
 1459 004c 3000     		.short	48
 1460 004e 00000140 		.4byte	1073807360
ARM GAS  C:\Users\elias\AppData\Local\Temp\ccUaCA0t.s 			page 42


 1461 0052 0010     		.short	4096
 1462 0054 00140140 		.word	1073812480
 1463 0058 0008     		.short	2048
 1464 005a 00400140 		.4byte	1073823744
 1465 005e 000A     		.short	2560
 1466 0060 004C0140 		.word	1073826816
 1467 0064 0002     		.short	512
 1468 0066 00500140 		.4byte	1073827840
 1469 006a 2000     		.short	32
 1470              		.type	cfg_memcpy_list.5091, %object
 1471              		.size	cfg_memcpy_list.5091, 10
 1472              	cfg_memcpy_list.5091:
 1473 006c 60520040 		.word	1073762912
 1474 0070 24060048 		.word	1207961124
 1475 0074 0600     		.short	6
 1476              		.bss
 1477              		.align	2
 1478              		.set	.LANCHOR0,. + 0
 1479              		.type	MuxIn_CYAMUXSIDE_A__armsEnabled, %object
 1480              		.size	MuxIn_CYAMUXSIDE_A__armsEnabled, 1
 1481              	MuxIn_CYAMUXSIDE_A__armsEnabled:
 1482 0000 00       		.space	1
 1483 0001 000000   		.space	3
 1484              		.type	MuxIn_CYAMUXSIDE_A__refCnt, %object
 1485              		.size	MuxIn_CYAMUXSIDE_A__refCnt, 1
 1486              	MuxIn_CYAMUXSIDE_A__refCnt:
 1487 0004 00       		.space	1
 1488              		.type	MuxOut_CYAMUXSIDE_B__armsEnabled, %object
 1489              		.size	MuxOut_CYAMUXSIDE_B__armsEnabled, 1
 1490              	MuxOut_CYAMUXSIDE_B__armsEnabled:
 1491 0005 00       		.space	1
 1492 0006 0000     		.space	2
 1493              		.type	MuxOut_CYAMUXSIDE_B__refCnt, %object
 1494              		.size	MuxOut_CYAMUXSIDE_B__refCnt, 1
 1495              	MuxOut_CYAMUXSIDE_B__refCnt:
 1496 0008 00       		.space	1
 1497              		.text
 1498              	.Letext0:
 1499              		.file 2 "c:\\program files (x86)\\cypress\\psoc creator\\4.4\\psoc creator\\import\\gnu\\arm\\5.4.
 1500              		.file 3 "Generated_Source\\PSoC5\\cytypes.h"
 1501              		.file 4 "Generated_Source\\PSoC5\\CyLib.h"
 1502              		.section	.debug_info,"",%progbits
 1503              	.Ldebug_info0:
 1504 0000 160B0000 		.4byte	0xb16
 1505 0004 0400     		.2byte	0x4
 1506 0006 00000000 		.4byte	.Ldebug_abbrev0
 1507 000a 04       		.byte	0x4
 1508 000b 01       		.uleb128 0x1
 1509 000c 41040000 		.4byte	.LASF83
 1510 0010 0C       		.byte	0xc
 1511 0011 80050000 		.4byte	.LASF84
 1512 0015 CF050000 		.4byte	.LASF85
 1513 0019 00000000 		.4byte	.Ldebug_ranges0+0
 1514 001d 00000000 		.4byte	0
 1515 0021 00000000 		.4byte	.Ldebug_line0
 1516 0025 02       		.uleb128 0x2
 1517 0026 04       		.byte	0x4
ARM GAS  C:\Users\elias\AppData\Local\Temp\ccUaCA0t.s 			page 43


 1518 0027 05       		.byte	0x5
 1519 0028 696E7400 		.ascii	"int\000"
 1520 002c 03       		.uleb128 0x3
 1521 002d 16000000 		.4byte	.LASF12
 1522 0031 02       		.byte	0x2
 1523 0032 D8       		.byte	0xd8
 1524 0033 37000000 		.4byte	0x37
 1525 0037 04       		.uleb128 0x4
 1526 0038 04       		.byte	0x4
 1527 0039 07       		.byte	0x7
 1528 003a 11020000 		.4byte	.LASF0
 1529 003e 04       		.uleb128 0x4
 1530 003f 08       		.byte	0x8
 1531 0040 05       		.byte	0x5
 1532 0041 F7000000 		.4byte	.LASF1
 1533 0045 04       		.uleb128 0x4
 1534 0046 08       		.byte	0x8
 1535 0047 04       		.byte	0x4
 1536 0048 FD020000 		.4byte	.LASF2
 1537 004c 04       		.uleb128 0x4
 1538 004d 01       		.byte	0x1
 1539 004e 06       		.byte	0x6
 1540 004f 05010000 		.4byte	.LASF3
 1541 0053 04       		.uleb128 0x4
 1542 0054 01       		.byte	0x1
 1543 0055 08       		.byte	0x8
 1544 0056 29040000 		.4byte	.LASF4
 1545 005a 04       		.uleb128 0x4
 1546 005b 02       		.byte	0x2
 1547 005c 05       		.byte	0x5
 1548 005d 37040000 		.4byte	.LASF5
 1549 0061 04       		.uleb128 0x4
 1550 0062 02       		.byte	0x2
 1551 0063 07       		.byte	0x7
 1552 0064 53020000 		.4byte	.LASF6
 1553 0068 04       		.uleb128 0x4
 1554 0069 04       		.byte	0x4
 1555 006a 05       		.byte	0x5
 1556 006b 4F010000 		.4byte	.LASF7
 1557 006f 04       		.uleb128 0x4
 1558 0070 04       		.byte	0x4
 1559 0071 07       		.byte	0x7
 1560 0072 27020000 		.4byte	.LASF8
 1561 0076 04       		.uleb128 0x4
 1562 0077 08       		.byte	0x8
 1563 0078 07       		.byte	0x7
 1564 0079 AC000000 		.4byte	.LASF9
 1565 007d 04       		.uleb128 0x4
 1566 007e 04       		.byte	0x4
 1567 007f 07       		.byte	0x7
 1568 0080 DD020000 		.4byte	.LASF10
 1569 0084 05       		.uleb128 0x5
 1570 0085 04       		.byte	0x4
 1571 0086 04       		.uleb128 0x4
 1572 0087 01       		.byte	0x1
 1573 0088 08       		.byte	0x8
 1574 0089 1C050000 		.4byte	.LASF11
ARM GAS  C:\Users\elias\AppData\Local\Temp\ccUaCA0t.s 			page 44


 1575 008d 06       		.uleb128 0x6
 1576 008e 65010000 		.4byte	.LASF13
 1577 0092 03       		.byte	0x3
 1578 0093 E901     		.2byte	0x1e9
 1579 0095 53000000 		.4byte	0x53
 1580 0099 06       		.uleb128 0x6
 1581 009a 06000000 		.4byte	.LASF14
 1582 009e 03       		.byte	0x3
 1583 009f EA01     		.2byte	0x1ea
 1584 00a1 61000000 		.4byte	0x61
 1585 00a5 06       		.uleb128 0x6
 1586 00a6 DE010000 		.4byte	.LASF15
 1587 00aa 03       		.byte	0x3
 1588 00ab EB01     		.2byte	0x1eb
 1589 00ad 6F000000 		.4byte	0x6f
 1590 00b1 04       		.uleb128 0x4
 1591 00b2 04       		.byte	0x4
 1592 00b3 04       		.byte	0x4
 1593 00b4 CB030000 		.4byte	.LASF16
 1594 00b8 04       		.uleb128 0x4
 1595 00b9 08       		.byte	0x8
 1596 00ba 04       		.byte	0x4
 1597 00bb AE010000 		.4byte	.LASF17
 1598 00bf 06       		.uleb128 0x6
 1599 00c0 24040000 		.4byte	.LASF18
 1600 00c4 03       		.byte	0x3
 1601 00c5 9302     		.2byte	0x293
 1602 00c7 CB000000 		.4byte	0xcb
 1603 00cb 07       		.uleb128 0x7
 1604 00cc 8D000000 		.4byte	0x8d
 1605 00d0 06       		.uleb128 0x6
 1606 00d1 58010000 		.4byte	.LASF19
 1607 00d5 03       		.byte	0x3
 1608 00d6 9402     		.2byte	0x294
 1609 00d8 DC000000 		.4byte	0xdc
 1610 00dc 07       		.uleb128 0x7
 1611 00dd 99000000 		.4byte	0x99
 1612 00e1 06       		.uleb128 0x6
 1613 00e2 85020000 		.4byte	.LASF20
 1614 00e6 03       		.byte	0x3
 1615 00e7 9502     		.2byte	0x295
 1616 00e9 ED000000 		.4byte	0xed
 1617 00ed 07       		.uleb128 0x7
 1618 00ee A5000000 		.4byte	0xa5
 1619 00f2 08       		.uleb128 0x8
 1620 00f3 02       		.byte	0x2
 1621 00f4 01       		.byte	0x1
 1622 00f5 98       		.byte	0x98
 1623 00f6 13010000 		.4byte	0x113
 1624 00fa 09       		.uleb128 0x9
 1625 00fb 3E050000 		.4byte	.LASF21
 1626 00ff 01       		.byte	0x1
 1627 0100 9A       		.byte	0x9a
 1628 0101 8D000000 		.4byte	0x8d
 1629 0105 00       		.byte	0
 1630 0106 09       		.uleb128 0x9
 1631 0107 0B020000 		.4byte	.LASF22
ARM GAS  C:\Users\elias\AppData\Local\Temp\ccUaCA0t.s 			page 45


 1632 010b 01       		.byte	0x1
 1633 010c 9B       		.byte	0x9b
 1634 010d 8D000000 		.4byte	0x8d
 1635 0111 01       		.byte	0x1
 1636 0112 00       		.byte	0
 1637 0113 03       		.uleb128 0x3
 1638 0114 FD040000 		.4byte	.LASF23
 1639 0118 01       		.byte	0x1
 1640 0119 9C       		.byte	0x9c
 1641 011a F2000000 		.4byte	0xf2
 1642 011e 0A       		.uleb128 0xa
 1643 011f 1D000000 		.4byte	.LASF86
 1644 0123 01       		.byte	0x1
 1645 0124 7F       		.byte	0x7f
 1646 0125 00000000 		.4byte	.LFB3
 1647 0129 02000000 		.4byte	.LFE3-.LFB3
 1648 012d 01       		.uleb128 0x1
 1649 012e 9C       		.byte	0x9c
 1650 012f 41010000 		.4byte	0x141
 1651 0133 0B       		.uleb128 0xb
 1652 0134 45010000 		.4byte	.LASF24
 1653 0138 01       		.byte	0x1
 1654 0139 7F       		.byte	0x7f
 1655 013a 8D000000 		.4byte	0x8d
 1656 013e 01       		.uleb128 0x1
 1657 013f 50       		.byte	0x50
 1658 0140 00       		.byte	0
 1659 0141 0C       		.uleb128 0xc
 1660 0142 28010000 		.4byte	.LASF29
 1661 0146 01       		.byte	0x1
 1662 0147 DB       		.byte	0xdb
 1663 0148 00000000 		.4byte	.LFB4
 1664 014c 34000000 		.4byte	.LFE4-.LFB4
 1665 0150 01       		.uleb128 0x1
 1666 0151 9C       		.byte	0x9c
 1667 0152 B3010000 		.4byte	0x1b3
 1668 0156 0B       		.uleb128 0xb
 1669 0157 DB000000 		.4byte	.LASF25
 1670 015b 01       		.byte	0x1
 1671 015c DB       		.byte	0xdb
 1672 015d B3010000 		.4byte	0x1b3
 1673 0161 01       		.uleb128 0x1
 1674 0162 50       		.byte	0x50
 1675 0163 0B       		.uleb128 0xb
 1676 0164 83000000 		.4byte	.LASF26
 1677 0168 01       		.byte	0x1
 1678 0169 DB       		.byte	0xdb
 1679 016a BE010000 		.4byte	0x1be
 1680 016e 01       		.uleb128 0x1
 1681 016f 51       		.byte	0x51
 1682 0170 0D       		.uleb128 0xd
 1683 0171 6900     		.ascii	"i\000"
 1684 0173 01       		.byte	0x1
 1685 0174 DE       		.byte	0xde
 1686 0175 A5000000 		.4byte	0xa5
 1687 0179 00000000 		.4byte	.LLST0
 1688 017d 0D       		.uleb128 0xd
ARM GAS  C:\Users\elias\AppData\Local\Temp\ccUaCA0t.s 			page 46


 1689 017e 6A00     		.ascii	"j\000"
 1690 0180 01       		.byte	0x1
 1691 0181 DE       		.byte	0xde
 1692 0182 A5000000 		.4byte	0xa5
 1693 0186 1F000000 		.4byte	.LLST1
 1694 018a 0E       		.uleb128 0xe
 1695 018b 08000000 		.4byte	.LBB2
 1696 018f 22000000 		.4byte	.LBE2-.LBB2
 1697 0193 0F       		.uleb128 0xf
 1698 0194 0D000000 		.4byte	.LASF27
 1699 0198 01       		.byte	0x1
 1700 0199 E1       		.byte	0xe1
 1701 019a A5000000 		.4byte	0xa5
 1702 019e 3E000000 		.4byte	.LLST2
 1703 01a2 0F       		.uleb128 0xf
 1704 01a3 00000000 		.4byte	.LASF28
 1705 01a7 01       		.byte	0x1
 1706 01a8 E2       		.byte	0xe2
 1707 01a9 8D000000 		.4byte	0x8d
 1708 01ad 51000000 		.4byte	.LLST3
 1709 01b1 00       		.byte	0
 1710 01b2 00       		.byte	0
 1711 01b3 10       		.uleb128 0x10
 1712 01b4 04       		.byte	0x4
 1713 01b5 B9010000 		.4byte	0x1b9
 1714 01b9 11       		.uleb128 0x11
 1715 01ba A5000000 		.4byte	0xa5
 1716 01be 10       		.uleb128 0x10
 1717 01bf 04       		.byte	0x4
 1718 01c0 C4010000 		.4byte	0x1c4
 1719 01c4 11       		.uleb128 0x11
 1720 01c5 13010000 		.4byte	0x113
 1721 01c9 0C       		.uleb128 0xc
 1722 01ca D4010000 		.4byte	.LASF30
 1723 01ce 01       		.byte	0x1
 1724 01cf 4D       		.byte	0x4d
 1725 01d0 00000000 		.4byte	.LFB0
 1726 01d4 0C000000 		.4byte	.LFE0-.LFB0
 1727 01d8 01       		.uleb128 0x1
 1728 01d9 9C       		.byte	0x9c
 1729 01da 16020000 		.4byte	0x216
 1730 01de 12       		.uleb128 0x12
 1731 01df 7300     		.ascii	"s\000"
 1732 01e1 01       		.byte	0x1
 1733 01e2 4D       		.byte	0x4d
 1734 01e3 84000000 		.4byte	0x84
 1735 01e7 6F000000 		.4byte	.LLST4
 1736 01eb 12       		.uleb128 0x12
 1737 01ec 6E00     		.ascii	"n\000"
 1738 01ee 01       		.byte	0x1
 1739 01ef 4D       		.byte	0x4d
 1740 01f0 2C000000 		.4byte	0x2c
 1741 01f4 90000000 		.4byte	.LLST5
 1742 01f8 13       		.uleb128 0x13
 1743 01f9 0A000000 		.4byte	.LVL14
 1744 01fd F10A0000 		.4byte	0xaf1
 1745 0201 14       		.uleb128 0x14
ARM GAS  C:\Users\elias\AppData\Local\Temp\ccUaCA0t.s 			page 47


 1746 0202 01       		.uleb128 0x1
 1747 0203 50       		.byte	0x50
 1748 0204 03       		.uleb128 0x3
 1749 0205 F3       		.byte	0xf3
 1750 0206 01       		.uleb128 0x1
 1751 0207 50       		.byte	0x50
 1752 0208 14       		.uleb128 0x14
 1753 0209 01       		.uleb128 0x1
 1754 020a 51       		.byte	0x51
 1755 020b 01       		.uleb128 0x1
 1756 020c 30       		.byte	0x30
 1757 020d 14       		.uleb128 0x14
 1758 020e 01       		.uleb128 0x1
 1759 020f 52       		.byte	0x52
 1760 0210 03       		.uleb128 0x3
 1761 0211 F3       		.byte	0xf3
 1762 0212 01       		.uleb128 0x1
 1763 0213 51       		.byte	0x51
 1764 0214 00       		.byte	0
 1765 0215 00       		.byte	0
 1766 0216 15       		.uleb128 0x15
 1767 0217 E6000000 		.4byte	.LASF31
 1768 021b 01       		.byte	0x1
 1769 021c 4901     		.2byte	0x149
 1770 021e 00000000 		.4byte	.LFB6
 1771 0222 18010000 		.4byte	.LFE6-.LFB6
 1772 0226 01       		.uleb128 0x1
 1773 0227 9C       		.byte	0x9c
 1774 0228 6C020000 		.4byte	0x26c
 1775 022c 16       		.uleb128 0x16
 1776 022d 09030000 		.4byte	.LASF32
 1777 0231 01       		.byte	0x1
 1778 0232 4B01     		.2byte	0x14b
 1779 0234 8D000000 		.4byte	0x8d
 1780 0238 BC000000 		.4byte	.LLST6
 1781 023c 17       		.uleb128 0x17
 1782 023d 63723400 		.ascii	"cr4\000"
 1783 0241 01       		.byte	0x1
 1784 0242 4C01     		.2byte	0x14c
 1785 0244 8D000000 		.4byte	0x8d
 1786 0248 CF000000 		.4byte	.LLST7
 1787 024c 17       		.uleb128 0x17
 1788 024d 63723500 		.ascii	"cr5\000"
 1789 0251 01       		.byte	0x1
 1790 0252 4D01     		.2byte	0x14d
 1791 0254 8D000000 		.4byte	0x8d
 1792 0258 E2000000 		.4byte	.LLST8
 1793 025c 13       		.uleb128 0x13
 1794 025d DC000000 		.4byte	.LVL19
 1795 0261 FA0A0000 		.4byte	0xafa
 1796 0265 14       		.uleb128 0x14
 1797 0266 01       		.uleb128 0x1
 1798 0267 50       		.byte	0x50
 1799 0268 01       		.uleb128 0x1
 1800 0269 3A       		.byte	0x3a
 1801 026a 00       		.byte	0
 1802 026b 00       		.byte	0
ARM GAS  C:\Users\elias\AppData\Local\Temp\ccUaCA0t.s 			page 48


 1803 026c 0C       		.uleb128 0xc
 1804 026d 74050000 		.4byte	.LASF33
 1805 0271 01       		.byte	0x1
 1806 0272 54       		.byte	0x54
 1807 0273 00000000 		.4byte	.LFB1
 1808 0277 08000000 		.4byte	.LFE1-.LFB1
 1809 027b 01       		.uleb128 0x1
 1810 027c 9C       		.byte	0x9c
 1811 027d CC020000 		.4byte	0x2cc
 1812 0281 18       		.uleb128 0x18
 1813 0282 AD030000 		.4byte	.LASF34
 1814 0286 01       		.byte	0x1
 1815 0287 54       		.byte	0x54
 1816 0288 84000000 		.4byte	0x84
 1817 028c F5000000 		.4byte	.LLST9
 1818 0290 12       		.uleb128 0x12
 1819 0291 73726300 		.ascii	"src\000"
 1820 0295 01       		.byte	0x1
 1821 0296 54       		.byte	0x54
 1822 0297 CC020000 		.4byte	0x2cc
 1823 029b 16010000 		.4byte	.LLST10
 1824 029f 12       		.uleb128 0x12
 1825 02a0 6E00     		.ascii	"n\000"
 1826 02a2 01       		.byte	0x1
 1827 02a3 54       		.byte	0x54
 1828 02a4 2C000000 		.4byte	0x2c
 1829 02a8 37010000 		.4byte	.LLST11
 1830 02ac 13       		.uleb128 0x13
 1831 02ad 06000000 		.4byte	.LVL22
 1832 02b1 050B0000 		.4byte	0xb05
 1833 02b5 14       		.uleb128 0x14
 1834 02b6 01       		.uleb128 0x1
 1835 02b7 50       		.byte	0x50
 1836 02b8 03       		.uleb128 0x3
 1837 02b9 F3       		.byte	0xf3
 1838 02ba 01       		.uleb128 0x1
 1839 02bb 50       		.byte	0x50
 1840 02bc 14       		.uleb128 0x14
 1841 02bd 01       		.uleb128 0x1
 1842 02be 51       		.byte	0x51
 1843 02bf 03       		.uleb128 0x3
 1844 02c0 F3       		.byte	0xf3
 1845 02c1 01       		.uleb128 0x1
 1846 02c2 51       		.byte	0x51
 1847 02c3 14       		.uleb128 0x14
 1848 02c4 01       		.uleb128 0x1
 1849 02c5 52       		.byte	0x52
 1850 02c6 03       		.uleb128 0x3
 1851 02c7 F3       		.byte	0xf3
 1852 02c8 01       		.uleb128 0x1
 1853 02c9 52       		.byte	0x52
 1854 02ca 00       		.byte	0
 1855 02cb 00       		.byte	0
 1856 02cc 10       		.uleb128 0x10
 1857 02cd 04       		.byte	0x4
 1858 02ce D2020000 		.4byte	0x2d2
 1859 02d2 19       		.uleb128 0x19
ARM GAS  C:\Users\elias\AppData\Local\Temp\ccUaCA0t.s 			page 49


 1860 02d3 0C       		.uleb128 0xc
 1861 02d4 3A010000 		.4byte	.LASF35
 1862 02d8 01       		.byte	0x1
 1863 02d9 FE       		.byte	0xfe
 1864 02da 00000000 		.4byte	.LFB5
 1865 02de F4000000 		.4byte	.LFE5-.LFB5
 1866 02e2 01       		.uleb128 0x1
 1867 02e3 9C       		.byte	0x9c
 1868 02e4 52030000 		.4byte	0x352
 1869 02e8 16       		.uleb128 0x16
 1870 02e9 39020000 		.4byte	.LASF36
 1871 02ed 01       		.byte	0x1
 1872 02ee 0001     		.2byte	0x100
 1873 02f0 A5000000 		.4byte	0xa5
 1874 02f4 58010000 		.4byte	.LLST12
 1875 02f8 16       		.uleb128 0x16
 1876 02f9 ED040000 		.4byte	.LASF37
 1877 02fd 01       		.byte	0x1
 1878 02fe 0101     		.2byte	0x101
 1879 0300 8D000000 		.4byte	0x8d
 1880 0304 77010000 		.4byte	.LLST13
 1881 0308 1A       		.uleb128 0x1a
 1882 0309 24000000 		.4byte	.LVL23
 1883 030d 6C020000 		.4byte	0x26c
 1884 0311 2D030000 		.4byte	0x32d
 1885 0315 14       		.uleb128 0x14
 1886 0316 01       		.uleb128 0x1
 1887 0317 50       		.byte	0x50
 1888 0318 05       		.uleb128 0x5
 1889 0319 0C       		.byte	0xc
 1890 031a 00410040 		.4byte	0x40004100
 1891 031e 14       		.uleb128 0x14
 1892 031f 01       		.uleb128 0x1
 1893 0320 51       		.byte	0x51
 1894 0321 05       		.uleb128 0x5
 1895 0322 0C       		.byte	0xc
 1896 0323 64060048 		.4byte	0x48000664
 1897 0327 14       		.uleb128 0x14
 1898 0328 01       		.uleb128 0x1
 1899 0329 52       		.byte	0x52
 1900 032a 01       		.uleb128 0x1
 1901 032b 38       		.byte	0x38
 1902 032c 00       		.byte	0
 1903 032d 1A       		.uleb128 0x1a
 1904 032e 68000000 		.4byte	.LVL28
 1905 0332 0E0B0000 		.4byte	0xb0e
 1906 0336 42030000 		.4byte	0x342
 1907 033a 14       		.uleb128 0x14
 1908 033b 01       		.uleb128 0x1
 1909 033c 50       		.byte	0x50
 1910 033d 03       		.uleb128 0x3
 1911 033e 0A       		.byte	0xa
 1912 033f E001     		.2byte	0x1e0
 1913 0341 00       		.byte	0
 1914 0342 13       		.uleb128 0x13
 1915 0343 78000000 		.4byte	.LVL30
 1916 0347 1E010000 		.4byte	0x11e
ARM GAS  C:\Users\elias\AppData\Local\Temp\ccUaCA0t.s 			page 50


 1917 034b 14       		.uleb128 0x14
 1918 034c 01       		.uleb128 0x1
 1919 034d 50       		.byte	0x50
 1920 034e 01       		.uleb128 0x1
 1921 034f 33       		.byte	0x33
 1922 0350 00       		.byte	0
 1923 0351 00       		.byte	0
 1924 0352 1B       		.uleb128 0x1b
 1925 0353 28050000 		.4byte	.LASF40
 1926 0357 01       		.byte	0x1
 1927 0358 8701     		.2byte	0x187
 1928 035a 00000000 		.4byte	.LFB7
 1929 035e 1C000000 		.4byte	.LFE7-.LFB7
 1930 0362 01       		.uleb128 0x1
 1931 0363 9C       		.byte	0x9c
 1932 0364 85030000 		.4byte	0x385
 1933 0368 1C       		.uleb128 0x1c
 1934 0369 45050000 		.4byte	.LASF38
 1935 036d 01       		.byte	0x1
 1936 036e 8701     		.2byte	0x187
 1937 0370 8D000000 		.4byte	0x8d
 1938 0374 01       		.uleb128 0x1
 1939 0375 50       		.byte	0x50
 1940 0376 1D       		.uleb128 0x1d
 1941 0377 E5010000 		.4byte	.LASF39
 1942 037b 01       		.byte	0x1
 1943 037c 8901     		.2byte	0x189
 1944 037e 8D000000 		.4byte	0x8d
 1945 0382 01       		.uleb128 0x1
 1946 0383 53       		.byte	0x53
 1947 0384 00       		.byte	0
 1948 0385 1B       		.uleb128 0x1b
 1949 0386 11010000 		.4byte	.LASF41
 1950 038a 01       		.byte	0x1
 1951 038b BE01     		.2byte	0x1be
 1952 038d 00000000 		.4byte	.LFB8
 1953 0391 58000000 		.4byte	.LFE8-.LFB8
 1954 0395 01       		.uleb128 0x1
 1955 0396 9C       		.byte	0x9c
 1956 0397 C6030000 		.4byte	0x3c6
 1957 039b 1E       		.uleb128 0x1e
 1958 039c F5040000 		.4byte	.LASF42
 1959 03a0 01       		.byte	0x1
 1960 03a1 BE01     		.2byte	0x1be
 1961 03a3 8D000000 		.4byte	0x8d
 1962 03a7 A1010000 		.4byte	.LLST14
 1963 03ab 1F       		.uleb128 0x1f
 1964 03ac 6900     		.ascii	"i\000"
 1965 03ae 01       		.byte	0x1
 1966 03af C001     		.2byte	0x1c0
 1967 03b1 8D000000 		.4byte	0x8d
 1968 03b5 16       		.uleb128 0x16
 1969 03b6 10050000 		.4byte	.LASF43
 1970 03ba 01       		.byte	0x1
 1971 03bb C101     		.2byte	0x1c1
 1972 03bd 8D000000 		.4byte	0x8d
 1973 03c1 C2010000 		.4byte	.LLST15
ARM GAS  C:\Users\elias\AppData\Local\Temp\ccUaCA0t.s 			page 51


 1974 03c5 00       		.byte	0
 1975 03c6 1B       		.uleb128 0x1b
 1976 03c7 B2030000 		.4byte	.LASF44
 1977 03cb 01       		.byte	0x1
 1978 03cc DD01     		.2byte	0x1dd
 1979 03ce 00000000 		.4byte	.LFB9
 1980 03d2 58000000 		.4byte	.LFE9-.LFB9
 1981 03d6 01       		.uleb128 0x1
 1982 03d7 9C       		.byte	0x9c
 1983 03d8 0B040000 		.4byte	0x40b
 1984 03dc 1E       		.uleb128 0x1e
 1985 03dd F5040000 		.4byte	.LASF42
 1986 03e1 01       		.byte	0x1
 1987 03e2 DD01     		.2byte	0x1dd
 1988 03e4 8D000000 		.4byte	0x8d
 1989 03e8 F9010000 		.4byte	.LLST16
 1990 03ec 17       		.uleb128 0x17
 1991 03ed 6900     		.ascii	"i\000"
 1992 03ef 01       		.byte	0x1
 1993 03f0 DF01     		.2byte	0x1df
 1994 03f2 8D000000 		.4byte	0x8d
 1995 03f6 1A020000 		.4byte	.LLST17
 1996 03fa 16       		.uleb128 0x16
 1997 03fb 10050000 		.4byte	.LASF43
 1998 03ff 01       		.byte	0x1
 1999 0400 E001     		.2byte	0x1e0
 2000 0402 8D000000 		.4byte	0x8d
 2001 0406 39020000 		.4byte	.LLST18
 2002 040a 00       		.byte	0
 2003 040b 1B       		.uleb128 0x1b
 2004 040c E6020000 		.4byte	.LASF45
 2005 0410 01       		.byte	0x1
 2006 0411 0902     		.2byte	0x209
 2007 0413 00000000 		.4byte	.LFB10
 2008 0417 3C000000 		.4byte	.LFE10-.LFB10
 2009 041b 01       		.uleb128 0x1
 2010 041c 9C       		.byte	0x9c
 2011 041d 32040000 		.4byte	0x432
 2012 0421 1E       		.uleb128 0x1e
 2013 0422 F5040000 		.4byte	.LASF42
 2014 0426 01       		.byte	0x1
 2015 0427 0902     		.2byte	0x209
 2016 0429 8D000000 		.4byte	0x8d
 2017 042d 70020000 		.4byte	.LLST19
 2018 0431 00       		.byte	0
 2019 0432 1B       		.uleb128 0x1b
 2020 0433 31000000 		.4byte	.LASF46
 2021 0437 01       		.byte	0x1
 2022 0438 2202     		.2byte	0x222
 2023 043a 00000000 		.4byte	.LFB11
 2024 043e 40000000 		.4byte	.LFE11-.LFB11
 2025 0442 01       		.uleb128 0x1
 2026 0443 9C       		.byte	0x9c
 2027 0444 59040000 		.4byte	0x459
 2028 0448 1E       		.uleb128 0x1e
 2029 0449 F5040000 		.4byte	.LASF42
 2030 044d 01       		.byte	0x1
ARM GAS  C:\Users\elias\AppData\Local\Temp\ccUaCA0t.s 			page 52


 2031 044e 2202     		.2byte	0x222
 2032 0450 8D000000 		.4byte	0x8d
 2033 0454 C7020000 		.4byte	.LLST20
 2034 0458 00       		.byte	0
 2035 0459 1B       		.uleb128 0x1b
 2036 045a 8B020000 		.4byte	.LASF47
 2037 045e 01       		.byte	0x1
 2038 045f 4802     		.2byte	0x248
 2039 0461 00000000 		.4byte	.LFB12
 2040 0465 3C000000 		.4byte	.LFE12-.LFB12
 2041 0469 01       		.uleb128 0x1
 2042 046a 9C       		.byte	0x9c
 2043 046b 80040000 		.4byte	0x480
 2044 046f 1E       		.uleb128 0x1e
 2045 0470 F5040000 		.4byte	.LASF42
 2046 0474 01       		.byte	0x1
 2047 0475 4802     		.2byte	0x248
 2048 0477 8D000000 		.4byte	0x8d
 2049 047b 1E030000 		.4byte	.LLST21
 2050 047f 00       		.byte	0
 2051 0480 1B       		.uleb128 0x1b
 2052 0481 64030000 		.4byte	.LASF48
 2053 0485 01       		.byte	0x1
 2054 0486 6102     		.2byte	0x261
 2055 0488 00000000 		.4byte	.LFB13
 2056 048c 40000000 		.4byte	.LFE13-.LFB13
 2057 0490 01       		.uleb128 0x1
 2058 0491 9C       		.byte	0x9c
 2059 0492 A7040000 		.4byte	0x4a7
 2060 0496 1E       		.uleb128 0x1e
 2061 0497 F5040000 		.4byte	.LASF42
 2062 049b 01       		.byte	0x1
 2063 049c 6102     		.2byte	0x261
 2064 049e 8D000000 		.4byte	0x8d
 2065 04a2 75030000 		.4byte	.LLST22
 2066 04a6 00       		.byte	0
 2067 04a7 1B       		.uleb128 0x1b
 2068 04a8 C3000000 		.4byte	.LASF49
 2069 04ac 01       		.byte	0x1
 2070 04ad 9302     		.2byte	0x293
 2071 04af 00000000 		.4byte	.LFB14
 2072 04b3 5C000000 		.4byte	.LFE14-.LFB14
 2073 04b7 01       		.uleb128 0x1
 2074 04b8 9C       		.byte	0x9c
 2075 04b9 E8040000 		.4byte	0x4e8
 2076 04bd 1E       		.uleb128 0x1e
 2077 04be F5040000 		.4byte	.LASF42
 2078 04c2 01       		.byte	0x1
 2079 04c3 9302     		.2byte	0x293
 2080 04c5 8D000000 		.4byte	0x8d
 2081 04c9 CC030000 		.4byte	.LLST23
 2082 04cd 1F       		.uleb128 0x1f
 2083 04ce 6900     		.ascii	"i\000"
 2084 04d0 01       		.byte	0x1
 2085 04d1 9502     		.2byte	0x295
 2086 04d3 8D000000 		.4byte	0x8d
 2087 04d7 16       		.uleb128 0x16
ARM GAS  C:\Users\elias\AppData\Local\Temp\ccUaCA0t.s 			page 53


 2088 04d8 10050000 		.4byte	.LASF43
 2089 04dc 01       		.byte	0x1
 2090 04dd 9602     		.2byte	0x296
 2091 04df 8D000000 		.4byte	0x8d
 2092 04e3 ED030000 		.4byte	.LLST24
 2093 04e7 00       		.byte	0
 2094 04e8 1B       		.uleb128 0x1b
 2095 04e9 4A000000 		.4byte	.LASF50
 2096 04ed 01       		.byte	0x1
 2097 04ee B202     		.2byte	0x2b2
 2098 04f0 00000000 		.4byte	.LFB15
 2099 04f4 5C000000 		.4byte	.LFE15-.LFB15
 2100 04f8 01       		.uleb128 0x1
 2101 04f9 9C       		.byte	0x9c
 2102 04fa 2D050000 		.4byte	0x52d
 2103 04fe 1E       		.uleb128 0x1e
 2104 04ff F5040000 		.4byte	.LASF42
 2105 0503 01       		.byte	0x1
 2106 0504 B202     		.2byte	0x2b2
 2107 0506 8D000000 		.4byte	0x8d
 2108 050a 24040000 		.4byte	.LLST25
 2109 050e 17       		.uleb128 0x17
 2110 050f 6900     		.ascii	"i\000"
 2111 0511 01       		.byte	0x1
 2112 0512 B402     		.2byte	0x2b4
 2113 0514 8D000000 		.4byte	0x8d
 2114 0518 45040000 		.4byte	.LLST26
 2115 051c 16       		.uleb128 0x16
 2116 051d 10050000 		.4byte	.LASF43
 2117 0521 01       		.byte	0x1
 2118 0522 B502     		.2byte	0x2b5
 2119 0524 8D000000 		.4byte	0x8d
 2120 0528 65040000 		.4byte	.LLST27
 2121 052c 00       		.byte	0
 2122 052d 1B       		.uleb128 0x1b
 2123 052e 29060000 		.4byte	.LASF51
 2124 0532 01       		.byte	0x1
 2125 0533 D602     		.2byte	0x2d6
 2126 0535 00000000 		.4byte	.LFB16
 2127 0539 C4010000 		.4byte	.LFE16-.LFB16
 2128 053d 01       		.uleb128 0x1
 2129 053e 9C       		.byte	0x9c
 2130 053f F1080000 		.4byte	0x8f1
 2131 0543 20       		.uleb128 0x20
 2132 0544 0E000000 		.4byte	.LBB3
 2133 0548 CA000000 		.4byte	.LBE3-.LBB3
 2134 054c E0070000 		.4byte	0x7e0
 2135 0550 21       		.uleb128 0x21
 2136 0551 06       		.byte	0x6
 2137 0552 01       		.byte	0x1
 2138 0553 E202     		.2byte	0x2e2
 2139 0555 74050000 		.4byte	0x574
 2140 0559 22       		.uleb128 0x22
 2141 055a A6050000 		.4byte	.LASF52
 2142 055e 01       		.byte	0x1
 2143 055f E302     		.2byte	0x2e3
 2144 0561 84000000 		.4byte	0x84
ARM GAS  C:\Users\elias\AppData\Local\Temp\ccUaCA0t.s 			page 54


 2145 0565 00       		.byte	0
 2146 0566 22       		.uleb128 0x22
 2147 0567 4E020000 		.4byte	.LASF53
 2148 056b 01       		.byte	0x1
 2149 056c E402     		.2byte	0x2e4
 2150 056e 99000000 		.4byte	0x99
 2151 0572 04       		.byte	0x4
 2152 0573 00       		.byte	0
 2153 0574 06       		.uleb128 0x6
 2154 0575 57030000 		.4byte	.LASF54
 2155 0579 01       		.byte	0x1
 2156 057a E502     		.2byte	0x2e5
 2157 057c 50050000 		.4byte	0x550
 2158 0580 21       		.uleb128 0x21
 2159 0581 0A       		.byte	0xa
 2160 0582 01       		.byte	0x1
 2161 0583 E802     		.2byte	0x2e8
 2162 0585 B1050000 		.4byte	0x5b1
 2163 0589 22       		.uleb128 0x22
 2164 058a AD030000 		.4byte	.LASF34
 2165 058e 01       		.byte	0x1
 2166 058f E902     		.2byte	0x2e9
 2167 0591 84000000 		.4byte	0x84
 2168 0595 00       		.byte	0
 2169 0596 23       		.uleb128 0x23
 2170 0597 73726300 		.ascii	"src\000"
 2171 059b 01       		.byte	0x1
 2172 059c EA02     		.2byte	0x2ea
 2173 059e CC020000 		.4byte	0x2cc
 2174 05a2 04       		.byte	0x4
 2175 05a3 22       		.uleb128 0x22
 2176 05a4 4E020000 		.4byte	.LASF53
 2177 05a8 01       		.byte	0x1
 2178 05a9 EB02     		.2byte	0x2eb
 2179 05ab 99000000 		.4byte	0x99
 2180 05af 08       		.byte	0x8
 2181 05b0 00       		.byte	0
 2182 05b1 06       		.uleb128 0x6
 2183 05b2 41020000 		.4byte	.LASF55
 2184 05b6 01       		.byte	0x1
 2185 05b7 EC02     		.2byte	0x2ec
 2186 05b9 80050000 		.4byte	0x580
 2187 05bd 24       		.uleb128 0x24
 2188 05be CD050000 		.4byte	0x5cd
 2189 05c2 CD050000 		.4byte	0x5cd
 2190 05c6 25       		.uleb128 0x25
 2191 05c7 7D000000 		.4byte	0x7d
 2192 05cb 05       		.byte	0x5
 2193 05cc 00       		.byte	0
 2194 05cd 11       		.uleb128 0x11
 2195 05ce 74050000 		.4byte	0x574
 2196 05d2 1D       		.uleb128 0x1d
 2197 05d3 9D030000 		.4byte	.LASF56
 2198 05d7 01       		.byte	0x1
 2199 05d8 EE02     		.2byte	0x2ee
 2200 05da E4050000 		.4byte	0x5e4
 2201 05de 05       		.uleb128 0x5
ARM GAS  C:\Users\elias\AppData\Local\Temp\ccUaCA0t.s 			page 55


 2202 05df 03       		.byte	0x3
 2203 05e0 48000000 		.4byte	cfg_memset_list.5090
 2204 05e4 11       		.uleb128 0x11
 2205 05e5 BD050000 		.4byte	0x5bd
 2206 05e9 24       		.uleb128 0x24
 2207 05ea F9050000 		.4byte	0x5f9
 2208 05ee F9050000 		.4byte	0x5f9
 2209 05f2 25       		.uleb128 0x25
 2210 05f3 7D000000 		.4byte	0x7d
 2211 05f7 00       		.byte	0
 2212 05f8 00       		.byte	0
 2213 05f9 11       		.uleb128 0x11
 2214 05fa B1050000 		.4byte	0x5b1
 2215 05fe 1D       		.uleb128 0x1d
 2216 05ff FA050000 		.4byte	.LASF57
 2217 0603 01       		.byte	0x1
 2218 0604 F802     		.2byte	0x2f8
 2219 0606 10060000 		.4byte	0x610
 2220 060a 05       		.uleb128 0x5
 2221 060b 03       		.byte	0x3
 2222 060c 6C000000 		.4byte	cfg_memcpy_list.5091
 2223 0610 11       		.uleb128 0x11
 2224 0611 E9050000 		.4byte	0x5e9
 2225 0615 17       		.uleb128 0x17
 2226 0616 6900     		.ascii	"i\000"
 2227 0618 01       		.byte	0x1
 2228 0619 FD02     		.2byte	0x2fd
 2229 061b 8D000000 		.4byte	0x8d
 2230 061f 9C040000 		.4byte	.LLST28
 2231 0623 20       		.uleb128 0x20
 2232 0624 12000000 		.4byte	.LBB4
 2233 0628 16000000 		.4byte	.LBE4-.LBB4
 2234 062c 69060000 		.4byte	0x669
 2235 0630 17       		.uleb128 0x17
 2236 0631 6D7300   		.ascii	"ms\000"
 2237 0634 01       		.byte	0x1
 2238 0635 0203     		.2byte	0x302
 2239 0637 3F060000 		.4byte	0x63f
 2240 063b DC040000 		.4byte	.LLST29
 2241 063f 10       		.uleb128 0x10
 2242 0640 04       		.byte	0x4
 2243 0641 CD050000 		.4byte	0x5cd
 2244 0645 13       		.uleb128 0x13
 2245 0646 28000000 		.4byte	.LVL90
 2246 064a C9010000 		.4byte	0x1c9
 2247 064e 14       		.uleb128 0x14
 2248 064f 01       		.uleb128 0x1
 2249 0650 51       		.byte	0x51
 2250 0651 15       		.uleb128 0x15
 2251 0652 74       		.byte	0x74
 2252 0653 00       		.sleb128 0
 2253 0654 31       		.byte	0x31
 2254 0655 24       		.byte	0x24
 2255 0656 74       		.byte	0x74
 2256 0657 00       		.sleb128 0
 2257 0658 22       		.byte	0x22
 2258 0659 31       		.byte	0x31
ARM GAS  C:\Users\elias\AppData\Local\Temp\ccUaCA0t.s 			page 56


 2259 065a 24       		.byte	0x24
 2260 065b 03       		.byte	0x3
 2261 065c 4C000000 		.4byte	.LANCHOR1+76
 2262 0660 22       		.byte	0x22
 2263 0661 94       		.byte	0x94
 2264 0662 02       		.byte	0x2
 2265 0663 0A       		.byte	0xa
 2266 0664 FFFF     		.2byte	0xffff
 2267 0666 1A       		.byte	0x1a
 2268 0667 00       		.byte	0
 2269 0668 00       		.byte	0
 2270 0669 20       		.uleb128 0x20
 2271 066a 34000000 		.4byte	.LBB5
 2272 066e 14000000 		.4byte	.LBE5-.LBB5
 2273 0672 CB060000 		.4byte	0x6cb
 2274 0676 17       		.uleb128 0x17
 2275 0677 6D6300   		.ascii	"mc\000"
 2276 067a 01       		.byte	0x1
 2277 067b 0903     		.2byte	0x309
 2278 067d 85060000 		.4byte	0x685
 2279 0681 0E050000 		.4byte	.LLST30
 2280 0685 10       		.uleb128 0x10
 2281 0686 04       		.byte	0x4
 2282 0687 F9050000 		.4byte	0x5f9
 2283 068b 16       		.uleb128 0x16
 2284 068c 1C040000 		.4byte	.LASF58
 2285 0690 01       		.byte	0x1
 2286 0691 0A03     		.2byte	0x30a
 2287 0693 84000000 		.4byte	0x84
 2288 0697 40050000 		.4byte	.LLST31
 2289 069b 16       		.uleb128 0x16
 2290 069c 21050000 		.4byte	.LASF59
 2291 06a0 01       		.byte	0x1
 2292 06a1 0B03     		.2byte	0x30b
 2293 06a3 CC020000 		.4byte	0x2cc
 2294 06a7 53050000 		.4byte	.LLST32
 2295 06ab 16       		.uleb128 0x16
 2296 06ac 1E020000 		.4byte	.LASF60
 2297 06b0 01       		.byte	0x1
 2298 06b1 0C03     		.2byte	0x30c
 2299 06b3 99000000 		.4byte	0x99
 2300 06b7 66050000 		.4byte	.LLST33
 2301 06bb 13       		.uleb128 0x13
 2302 06bc 48000000 		.4byte	.LVL98
 2303 06c0 6C020000 		.4byte	0x26c
 2304 06c4 14       		.uleb128 0x14
 2305 06c5 01       		.uleb128 0x1
 2306 06c6 52       		.byte	0x52
 2307 06c7 01       		.uleb128 0x1
 2308 06c8 36       		.byte	0x36
 2309 06c9 00       		.byte	0
 2310 06ca 00       		.byte	0
 2311 06cb 1A       		.uleb128 0x1a
 2312 06cc 5A000000 		.4byte	.LVL101
 2313 06d0 41010000 		.4byte	0x141
 2314 06d4 E9060000 		.4byte	0x6e9
 2315 06d8 14       		.uleb128 0x14
ARM GAS  C:\Users\elias\AppData\Local\Temp\ccUaCA0t.s 			page 57


 2316 06d9 01       		.uleb128 0x1
 2317 06da 50       		.byte	0x50
 2318 06db 03       		.uleb128 0x3
 2319 06dc 42       		.byte	0x42
 2320 06dd 4A       		.byte	0x4a
 2321 06de 24       		.byte	0x24
 2322 06df 14       		.uleb128 0x14
 2323 06e0 01       		.uleb128 0x1
 2324 06e1 51       		.byte	0x51
 2325 06e2 05       		.uleb128 0x5
 2326 06e3 0C       		.byte	0xc
 2327 06e4 8C000048 		.4byte	0x4800008c
 2328 06e8 00       		.byte	0
 2329 06e9 1A       		.uleb128 0x1a
 2330 06ea 70000000 		.4byte	.LVL102
 2331 06ee C9010000 		.4byte	0x1c9
 2332 06f2 05070000 		.4byte	0x705
 2333 06f6 14       		.uleb128 0x14
 2334 06f7 01       		.uleb128 0x1
 2335 06f8 50       		.byte	0x50
 2336 06f9 05       		.uleb128 0x5
 2337 06fa 0C       		.byte	0xc
 2338 06fb 00760040 		.4byte	0x40007600
 2339 06ff 14       		.uleb128 0x14
 2340 0700 01       		.uleb128 0x1
 2341 0701 51       		.byte	0x51
 2342 0702 01       		.uleb128 0x1
 2343 0703 34       		.byte	0x34
 2344 0704 00       		.byte	0
 2345 0705 1A       		.uleb128 0x1a
 2346 0706 7A000000 		.4byte	.LVL103
 2347 070a 6C020000 		.4byte	0x26c
 2348 070e 2A070000 		.4byte	0x72a
 2349 0712 14       		.uleb128 0x14
 2350 0713 01       		.uleb128 0x1
 2351 0714 50       		.byte	0x50
 2352 0715 05       		.uleb128 0x5
 2353 0716 0C       		.byte	0xc
 2354 0717 50760040 		.4byte	0x40007650
 2355 071b 14       		.uleb128 0x14
 2356 071c 01       		.uleb128 0x1
 2357 071d 51       		.byte	0x51
 2358 071e 05       		.uleb128 0x5
 2359 071f 0C       		.byte	0xc
 2360 0720 6C060048 		.4byte	0x4800066c
 2361 0724 14       		.uleb128 0x14
 2362 0725 01       		.uleb128 0x1
 2363 0726 52       		.byte	0x52
 2364 0727 01       		.uleb128 0x1
 2365 0728 34       		.byte	0x34
 2366 0729 00       		.byte	0
 2367 072a 1A       		.uleb128 0x1a
 2368 072b 84000000 		.4byte	.LVL104
 2369 072f 6C020000 		.4byte	0x26c
 2370 0733 4F070000 		.4byte	0x74f
 2371 0737 14       		.uleb128 0x14
 2372 0738 01       		.uleb128 0x1
ARM GAS  C:\Users\elias\AppData\Local\Temp\ccUaCA0t.s 			page 58


 2373 0739 50       		.byte	0x50
 2374 073a 05       		.uleb128 0x5
 2375 073b 0C       		.byte	0xc
 2376 073c 08760040 		.4byte	0x40007608
 2377 0740 14       		.uleb128 0x14
 2378 0741 01       		.uleb128 0x1
 2379 0742 51       		.byte	0x51
 2380 0743 05       		.uleb128 0x5
 2381 0744 0C       		.byte	0xc
 2382 0745 70060048 		.4byte	0x48000670
 2383 0749 14       		.uleb128 0x14
 2384 074a 01       		.uleb128 0x1
 2385 074b 52       		.byte	0x52
 2386 074c 01       		.uleb128 0x1
 2387 074d 34       		.byte	0x34
 2388 074e 00       		.byte	0
 2389 074f 1A       		.uleb128 0x1a
 2390 0750 8E000000 		.4byte	.LVL105
 2391 0754 6C020000 		.4byte	0x26c
 2392 0758 74070000 		.4byte	0x774
 2393 075c 14       		.uleb128 0x14
 2394 075d 01       		.uleb128 0x1
 2395 075e 50       		.byte	0x50
 2396 075f 05       		.uleb128 0x5
 2397 0760 0C       		.byte	0xc
 2398 0761 10760040 		.4byte	0x40007610
 2399 0765 14       		.uleb128 0x14
 2400 0766 01       		.uleb128 0x1
 2401 0767 51       		.byte	0x51
 2402 0768 05       		.uleb128 0x5
 2403 0769 0C       		.byte	0xc
 2404 076a 74060048 		.4byte	0x48000674
 2405 076e 14       		.uleb128 0x14
 2406 076f 01       		.uleb128 0x1
 2407 0770 52       		.byte	0x52
 2408 0771 01       		.uleb128 0x1
 2409 0772 34       		.byte	0x34
 2410 0773 00       		.byte	0
 2411 0774 1A       		.uleb128 0x1a
 2412 0775 98000000 		.4byte	.LVL106
 2413 0779 6C020000 		.4byte	0x26c
 2414 077d 99070000 		.4byte	0x799
 2415 0781 14       		.uleb128 0x14
 2416 0782 01       		.uleb128 0x1
 2417 0783 50       		.byte	0x50
 2418 0784 05       		.uleb128 0x5
 2419 0785 0C       		.byte	0xc
 2420 0786 18760040 		.4byte	0x40007618
 2421 078a 14       		.uleb128 0x14
 2422 078b 01       		.uleb128 0x1
 2423 078c 51       		.byte	0x51
 2424 078d 05       		.uleb128 0x5
 2425 078e 0C       		.byte	0xc
 2426 078f 78060048 		.4byte	0x48000678
 2427 0793 14       		.uleb128 0x14
 2428 0794 01       		.uleb128 0x1
 2429 0795 52       		.byte	0x52
ARM GAS  C:\Users\elias\AppData\Local\Temp\ccUaCA0t.s 			page 59


 2430 0796 01       		.uleb128 0x1
 2431 0797 34       		.byte	0x34
 2432 0798 00       		.byte	0
 2433 0799 1A       		.uleb128 0x1a
 2434 079a A2000000 		.4byte	.LVL107
 2435 079e 6C020000 		.4byte	0x26c
 2436 07a2 BE070000 		.4byte	0x7be
 2437 07a6 14       		.uleb128 0x14
 2438 07a7 01       		.uleb128 0x1
 2439 07a8 50       		.byte	0x50
 2440 07a9 05       		.uleb128 0x5
 2441 07aa 0C       		.byte	0xc
 2442 07ab 20760040 		.4byte	0x40007620
 2443 07af 14       		.uleb128 0x14
 2444 07b0 01       		.uleb128 0x1
 2445 07b1 51       		.byte	0x51
 2446 07b2 05       		.uleb128 0x5
 2447 07b3 0C       		.byte	0xc
 2448 07b4 7C060048 		.4byte	0x4800067c
 2449 07b8 14       		.uleb128 0x14
 2450 07b9 01       		.uleb128 0x1
 2451 07ba 52       		.byte	0x52
 2452 07bb 01       		.uleb128 0x1
 2453 07bc 34       		.byte	0x34
 2454 07bd 00       		.byte	0
 2455 07be 13       		.uleb128 0x13
 2456 07bf AC000000 		.4byte	.LVL108
 2457 07c3 6C020000 		.4byte	0x26c
 2458 07c7 14       		.uleb128 0x14
 2459 07c8 01       		.uleb128 0x1
 2460 07c9 50       		.byte	0x50
 2461 07ca 05       		.uleb128 0x5
 2462 07cb 0C       		.byte	0xc
 2463 07cc 40760040 		.4byte	0x40007640
 2464 07d0 14       		.uleb128 0x14
 2465 07d1 01       		.uleb128 0x1
 2466 07d2 51       		.byte	0x51
 2467 07d3 05       		.uleb128 0x5
 2468 07d4 0C       		.byte	0xc
 2469 07d5 80060048 		.4byte	0x48000680
 2470 07d9 14       		.uleb128 0x14
 2471 07da 01       		.uleb128 0x1
 2472 07db 52       		.byte	0x52
 2473 07dc 01       		.uleb128 0x1
 2474 07dd 34       		.byte	0x34
 2475 07de 00       		.byte	0
 2476 07df 00       		.byte	0
 2477 07e0 1A       		.uleb128 0x1a
 2478 07e1 E2000000 		.4byte	.LVL110
 2479 07e5 6C020000 		.4byte	0x26c
 2480 07e9 05080000 		.4byte	0x805
 2481 07ed 14       		.uleb128 0x14
 2482 07ee 01       		.uleb128 0x1
 2483 07ef 50       		.byte	0x50
 2484 07f0 05       		.uleb128 0x5
 2485 07f1 0C       		.byte	0xc
 2486 07f2 02510040 		.4byte	0x40005102
ARM GAS  C:\Users\elias\AppData\Local\Temp\ccUaCA0t.s 			page 60


 2487 07f6 14       		.uleb128 0x14
 2488 07f7 01       		.uleb128 0x1
 2489 07f8 51       		.byte	0x51
 2490 07f9 05       		.uleb128 0x5
 2491 07fa 0C       		.byte	0xc
 2492 07fb 2C060048 		.4byte	0x4800062c
 2493 07ff 14       		.uleb128 0x14
 2494 0800 01       		.uleb128 0x1
 2495 0801 52       		.byte	0x52
 2496 0802 01       		.uleb128 0x1
 2497 0803 38       		.byte	0x38
 2498 0804 00       		.byte	0
 2499 0805 1A       		.uleb128 0x1a
 2500 0806 EC000000 		.4byte	.LVL111
 2501 080a 6C020000 		.4byte	0x26c
 2502 080e 2B080000 		.4byte	0x82b
 2503 0812 14       		.uleb128 0x14
 2504 0813 01       		.uleb128 0x1
 2505 0814 50       		.byte	0x50
 2506 0815 05       		.uleb128 0x5
 2507 0816 0C       		.byte	0xc
 2508 0817 C0510040 		.4byte	0x400051c0
 2509 081b 14       		.uleb128 0x14
 2510 081c 01       		.uleb128 0x1
 2511 081d 51       		.byte	0x51
 2512 081e 05       		.uleb128 0x5
 2513 081f 0C       		.byte	0xc
 2514 0820 34060048 		.4byte	0x48000634
 2515 0824 14       		.uleb128 0x14
 2516 0825 01       		.uleb128 0x1
 2517 0826 52       		.byte	0x52
 2518 0827 02       		.uleb128 0x2
 2519 0828 75       		.byte	0x75
 2520 0829 00       		.sleb128 0
 2521 082a 00       		.byte	0
 2522 082b 1A       		.uleb128 0x1a
 2523 082c F6000000 		.4byte	.LVL112
 2524 0830 6C020000 		.4byte	0x26c
 2525 0834 51080000 		.4byte	0x851
 2526 0838 14       		.uleb128 0x14
 2527 0839 01       		.uleb128 0x1
 2528 083a 50       		.byte	0x50
 2529 083b 05       		.uleb128 0x5
 2530 083c 0C       		.byte	0xc
 2531 083d F0510040 		.4byte	0x400051f0
 2532 0841 14       		.uleb128 0x14
 2533 0842 01       		.uleb128 0x1
 2534 0843 51       		.byte	0x51
 2535 0844 05       		.uleb128 0x5
 2536 0845 0C       		.byte	0xc
 2537 0846 40060048 		.4byte	0x48000640
 2538 084a 14       		.uleb128 0x14
 2539 084b 01       		.uleb128 0x1
 2540 084c 52       		.byte	0x52
 2541 084d 02       		.uleb128 0x2
 2542 084e 75       		.byte	0x75
 2543 084f 00       		.sleb128 0
ARM GAS  C:\Users\elias\AppData\Local\Temp\ccUaCA0t.s 			page 61


 2544 0850 00       		.byte	0
 2545 0851 1A       		.uleb128 0x1a
 2546 0852 00010000 		.4byte	.LVL113
 2547 0856 6C020000 		.4byte	0x26c
 2548 085a 76080000 		.4byte	0x876
 2549 085e 14       		.uleb128 0x14
 2550 085f 01       		.uleb128 0x1
 2551 0860 50       		.byte	0x50
 2552 0861 05       		.uleb128 0x5
 2553 0862 0C       		.byte	0xc
 2554 0863 12510040 		.4byte	0x40005112
 2555 0867 14       		.uleb128 0x14
 2556 0868 01       		.uleb128 0x1
 2557 0869 51       		.byte	0x51
 2558 086a 05       		.uleb128 0x5
 2559 086b 0C       		.byte	0xc
 2560 086c 4C060048 		.4byte	0x4800064c
 2561 0870 14       		.uleb128 0x14
 2562 0871 01       		.uleb128 0x1
 2563 0872 52       		.byte	0x52
 2564 0873 01       		.uleb128 0x1
 2565 0874 38       		.byte	0x38
 2566 0875 00       		.byte	0
 2567 0876 1A       		.uleb128 0x1a
 2568 0877 0A010000 		.4byte	.LVL114
 2569 087b 6C020000 		.4byte	0x26c
 2570 087f 9B080000 		.4byte	0x89b
 2571 0883 14       		.uleb128 0x14
 2572 0884 01       		.uleb128 0x1
 2573 0885 50       		.byte	0x50
 2574 0886 05       		.uleb128 0x5
 2575 0887 0C       		.byte	0xc
 2576 0888 22510040 		.4byte	0x40005122
 2577 088c 14       		.uleb128 0x14
 2578 088d 01       		.uleb128 0x1
 2579 088e 51       		.byte	0x51
 2580 088f 05       		.uleb128 0x5
 2581 0890 0C       		.byte	0xc
 2582 0891 54060048 		.4byte	0x48000654
 2583 0895 14       		.uleb128 0x14
 2584 0896 01       		.uleb128 0x1
 2585 0897 52       		.byte	0x52
 2586 0898 01       		.uleb128 0x1
 2587 0899 38       		.byte	0x38
 2588 089a 00       		.byte	0
 2589 089b 1A       		.uleb128 0x1a
 2590 089c 14010000 		.4byte	.LVL115
 2591 08a0 6C020000 		.4byte	0x26c
 2592 08a4 C0080000 		.4byte	0x8c0
 2593 08a8 14       		.uleb128 0x14
 2594 08a9 01       		.uleb128 0x1
 2595 08aa 50       		.byte	0x50
 2596 08ab 05       		.uleb128 0x5
 2597 08ac 0C       		.byte	0xc
 2598 08ad 32510040 		.4byte	0x40005132
 2599 08b1 14       		.uleb128 0x14
 2600 08b2 01       		.uleb128 0x1
ARM GAS  C:\Users\elias\AppData\Local\Temp\ccUaCA0t.s 			page 62


 2601 08b3 51       		.byte	0x51
 2602 08b4 05       		.uleb128 0x5
 2603 08b5 0C       		.byte	0xc
 2604 08b6 5C060048 		.4byte	0x4800065c
 2605 08ba 14       		.uleb128 0x14
 2606 08bb 01       		.uleb128 0x1
 2607 08bc 52       		.byte	0x52
 2608 08bd 01       		.uleb128 0x1
 2609 08be 38       		.byte	0x38
 2610 08bf 00       		.byte	0
 2611 08c0 26       		.uleb128 0x26
 2612 08c1 28010000 		.4byte	.LVL116
 2613 08c5 D3020000 		.4byte	0x2d3
 2614 08c9 26       		.uleb128 0x26
 2615 08ca 30010000 		.4byte	.LVL117
 2616 08ce 16020000 		.4byte	0x216
 2617 08d2 13       		.uleb128 0x13
 2618 08d3 3A010000 		.4byte	.LVL118
 2619 08d7 6C020000 		.4byte	0x26c
 2620 08db 14       		.uleb128 0x14
 2621 08dc 01       		.uleb128 0x1
 2622 08dd 50       		.byte	0x50
 2623 08de 05       		.uleb128 0x5
 2624 08df 0C       		.byte	0xc
 2625 08e0 B0430040 		.4byte	0x400043b0
 2626 08e4 14       		.uleb128 0x14
 2627 08e5 01       		.uleb128 0x1
 2628 08e6 51       		.byte	0x51
 2629 08e7 02       		.uleb128 0x2
 2630 08e8 74       		.byte	0x74
 2631 08e9 00       		.sleb128 0
 2632 08ea 14       		.uleb128 0x14
 2633 08eb 01       		.uleb128 0x1
 2634 08ec 52       		.byte	0x52
 2635 08ed 01       		.uleb128 0x1
 2636 08ee 3E       		.byte	0x3e
 2637 08ef 00       		.byte	0
 2638 08f0 00       		.byte	0
 2639 08f1 24       		.uleb128 0x24
 2640 08f2 07090000 		.4byte	0x907
 2641 08f6 01090000 		.4byte	0x901
 2642 08fa 25       		.uleb128 0x25
 2643 08fb 7D000000 		.4byte	0x7d
 2644 08ff 01       		.byte	0x1
 2645 0900 00       		.byte	0
 2646 0901 10       		.uleb128 0x10
 2647 0902 04       		.byte	0x4
 2648 0903 8D000000 		.4byte	0x8d
 2649 0907 11       		.uleb128 0x11
 2650 0908 01090000 		.4byte	0x901
 2651 090c 1D       		.uleb128 0x1d
 2652 090d 1B030000 		.4byte	.LASF61
 2653 0911 01       		.byte	0x1
 2654 0912 9701     		.2byte	0x197
 2655 0914 1E090000 		.4byte	0x91e
 2656 0918 05       		.uleb128 0x5
 2657 0919 03       		.byte	0x3
ARM GAS  C:\Users\elias\AppData\Local\Temp\ccUaCA0t.s 			page 63


 2658 091a 00000000 		.4byte	MuxIn_CYAMUXSIDE_A__outerAddr
 2659 091e 11       		.uleb128 0x11
 2660 091f F1080000 		.4byte	0x8f1
 2661 0923 24       		.uleb128 0x24
 2662 0924 33090000 		.4byte	0x933
 2663 0928 33090000 		.4byte	0x933
 2664 092c 25       		.uleb128 0x25
 2665 092d 7D000000 		.4byte	0x7d
 2666 0931 01       		.byte	0x1
 2667 0932 00       		.byte	0
 2668 0933 11       		.uleb128 0x11
 2669 0934 8D000000 		.4byte	0x8d
 2670 0938 1D       		.uleb128 0x1d
 2671 0939 CF040000 		.4byte	.LASF62
 2672 093d 01       		.byte	0x1
 2673 093e 9C01     		.2byte	0x19c
 2674 0940 4A090000 		.4byte	0x94a
 2675 0944 05       		.uleb128 0x5
 2676 0945 03       		.byte	0x3
 2677 0946 08000000 		.4byte	MuxIn_CYAMUXSIDE_A__outerMask
 2678 094a 11       		.uleb128 0x11
 2679 094b 23090000 		.4byte	0x923
 2680 094f 24       		.uleb128 0x24
 2681 0950 07090000 		.4byte	0x907
 2682 0954 5F090000 		.4byte	0x95f
 2683 0958 25       		.uleb128 0x25
 2684 0959 7D000000 		.4byte	0x7d
 2685 095d 00       		.byte	0
 2686 095e 00       		.byte	0
 2687 095f 27       		.uleb128 0x27
 2688 0960 8E000000 		.4byte	.LASF63
 2689 0964 01       		.byte	0x1
 2690 0965 A101     		.2byte	0x1a1
 2691 0967 70090000 		.4byte	0x970
 2692 096b 04       		.byte	0x4
 2693 096c 2D       		.byte	0x2d
 2694 096d 51       		.byte	0x51
 2695 096e 00       		.byte	0
 2696 096f 40       		.byte	0x40
 2697 0970 11       		.uleb128 0x11
 2698 0971 4F090000 		.4byte	0x94f
 2699 0975 24       		.uleb128 0x24
 2700 0976 33090000 		.4byte	0x933
 2701 097a 85090000 		.4byte	0x985
 2702 097e 25       		.uleb128 0x25
 2703 097f 7D000000 		.4byte	0x7d
 2704 0983 00       		.byte	0
 2705 0984 00       		.byte	0
 2706 0985 27       		.uleb128 0x27
 2707 0986 39030000 		.4byte	.LASF64
 2708 098a 01       		.byte	0x1
 2709 098b A501     		.2byte	0x1a5
 2710 098d 93090000 		.4byte	0x993
 2711 0991 01       		.byte	0x1
 2712 0992 02       		.byte	0x2
 2713 0993 11       		.uleb128 0x11
 2714 0994 75090000 		.4byte	0x975
ARM GAS  C:\Users\elias\AppData\Local\Temp\ccUaCA0t.s 			page 64


 2715 0998 1D       		.uleb128 0x1d
 2716 0999 EE010000 		.4byte	.LASF65
 2717 099d 01       		.byte	0x1
 2718 099e A901     		.2byte	0x1a9
 2719 09a0 AA090000 		.4byte	0x9aa
 2720 09a4 05       		.uleb128 0x5
 2721 09a5 03       		.byte	0x3
 2722 09a6 0C000000 		.4byte	MuxIn_CYAMUXSIDE_A__innerMap
 2723 09aa 11       		.uleb128 0x11
 2724 09ab 23090000 		.4byte	0x923
 2725 09af 1D       		.uleb128 0x1d
 2726 09b0 54050000 		.4byte	.LASF66
 2727 09b4 01       		.byte	0x1
 2728 09b5 AE01     		.2byte	0x1ae
 2729 09b7 8D000000 		.4byte	0x8d
 2730 09bb 05       		.uleb128 0x5
 2731 09bc 03       		.byte	0x3
 2732 09bd 00000000 		.4byte	MuxIn_CYAMUXSIDE_A__armsEnabled
 2733 09c1 24       		.uleb128 0x24
 2734 09c2 8D000000 		.4byte	0x8d
 2735 09c6 D1090000 		.4byte	0x9d1
 2736 09ca 25       		.uleb128 0x25
 2737 09cb 7D000000 		.4byte	0x7d
 2738 09cf 00       		.byte	0
 2739 09d0 00       		.byte	0
 2740 09d1 1D       		.uleb128 0x1d
 2741 09d2 6B010000 		.4byte	.LASF67
 2742 09d6 01       		.byte	0x1
 2743 09d7 AF01     		.2byte	0x1af
 2744 09d9 C1090000 		.4byte	0x9c1
 2745 09dd 05       		.uleb128 0x5
 2746 09de 03       		.byte	0x3
 2747 09df 04000000 		.4byte	MuxIn_CYAMUXSIDE_A__refCnt
 2748 09e3 1D       		.uleb128 0x1d
 2749 09e4 B5010000 		.4byte	.LASF68
 2750 09e8 01       		.byte	0x1
 2751 09e9 6C02     		.2byte	0x26c
 2752 09eb F5090000 		.4byte	0x9f5
 2753 09ef 05       		.uleb128 0x5
 2754 09f0 03       		.byte	0x3
 2755 09f1 38000000 		.4byte	MuxOut_CYAMUXSIDE_B__outerAddr
 2756 09f5 11       		.uleb128 0x11
 2757 09f6 F1080000 		.4byte	0x8f1
 2758 09fa 1D       		.uleb128 0x1d
 2759 09fb 66020000 		.4byte	.LASF69
 2760 09ff 01       		.byte	0x1
 2761 0a00 7102     		.2byte	0x271
 2762 0a02 0C0A0000 		.4byte	0xa0c
 2763 0a06 05       		.uleb128 0x5
 2764 0a07 03       		.byte	0x3
 2765 0a08 40000000 		.4byte	MuxOut_CYAMUXSIDE_B__outerMask
 2766 0a0c 11       		.uleb128 0x11
 2767 0a0d 23090000 		.4byte	0x923
 2768 0a11 27       		.uleb128 0x27
 2769 0a12 64000000 		.4byte	.LASF70
 2770 0a16 01       		.byte	0x1
 2771 0a17 7602     		.2byte	0x276
ARM GAS  C:\Users\elias\AppData\Local\Temp\ccUaCA0t.s 			page 65


 2772 0a19 220A0000 		.4byte	0xa22
 2773 0a1d 04       		.byte	0x4
 2774 0a1e 3D       		.byte	0x3d
 2775 0a1f 51       		.byte	0x51
 2776 0a20 00       		.byte	0
 2777 0a21 40       		.byte	0x40
 2778 0a22 11       		.uleb128 0x11
 2779 0a23 4F090000 		.4byte	0x94f
 2780 0a27 27       		.uleb128 0x27
 2781 0a28 0A060000 		.4byte	.LASF71
 2782 0a2c 01       		.byte	0x1
 2783 0a2d 7A02     		.2byte	0x27a
 2784 0a2f 350A0000 		.4byte	0xa35
 2785 0a33 01       		.byte	0x1
 2786 0a34 01       		.byte	0x1
 2787 0a35 11       		.uleb128 0x11
 2788 0a36 75090000 		.4byte	0x975
 2789 0a3a 1D       		.uleb128 0x1d
 2790 0a3b A3020000 		.4byte	.LASF72
 2791 0a3f 01       		.byte	0x1
 2792 0a40 7E02     		.2byte	0x27e
 2793 0a42 4C0A0000 		.4byte	0xa4c
 2794 0a46 05       		.uleb128 0x5
 2795 0a47 03       		.byte	0x3
 2796 0a48 44000000 		.4byte	MuxOut_CYAMUXSIDE_B__innerMap
 2797 0a4c 11       		.uleb128 0x11
 2798 0a4d 23090000 		.4byte	0x923
 2799 0a51 1D       		.uleb128 0x1d
 2800 0a52 AE050000 		.4byte	.LASF73
 2801 0a56 01       		.byte	0x1
 2802 0a57 8302     		.2byte	0x283
 2803 0a59 8D000000 		.4byte	0x8d
 2804 0a5d 05       		.uleb128 0x5
 2805 0a5e 03       		.byte	0x3
 2806 0a5f 05000000 		.4byte	MuxOut_CYAMUXSIDE_B__armsEnabled
 2807 0a63 1D       		.uleb128 0x1d
 2808 0a64 C1020000 		.4byte	.LASF74
 2809 0a68 01       		.byte	0x1
 2810 0a69 8402     		.2byte	0x284
 2811 0a6b C1090000 		.4byte	0x9c1
 2812 0a6f 05       		.uleb128 0x5
 2813 0a70 03       		.byte	0x3
 2814 0a71 08000000 		.4byte	MuxOut_CYAMUXSIDE_B__refCnt
 2815 0a75 24       		.uleb128 0x24
 2816 0a76 07090000 		.4byte	0x907
 2817 0a7a 850A0000 		.4byte	0xa85
 2818 0a7e 25       		.uleb128 0x25
 2819 0a7f 7D000000 		.4byte	0x7d
 2820 0a83 03       		.byte	0x3
 2821 0a84 00       		.byte	0
 2822 0a85 28       		.uleb128 0x28
 2823 0a86 F0030000 		.4byte	.LASF75
 2824 0a8a 01       		.byte	0x1
 2825 0a8b F001     		.2byte	0x1f0
 2826 0a8d 970A0000 		.4byte	0xa97
 2827 0a91 05       		.uleb128 0x5
 2828 0a92 03       		.byte	0x3
ARM GAS  C:\Users\elias\AppData\Local\Temp\ccUaCA0t.s 			page 66


 2829 0a93 00000000 		.4byte	MuxIn_CYAMUXSIDE_B__addrTable
 2830 0a97 11       		.uleb128 0x11
 2831 0a98 750A0000 		.4byte	0xa75
 2832 0a9c 24       		.uleb128 0x24
 2833 0a9d 33090000 		.4byte	0x933
 2834 0aa1 AC0A0000 		.4byte	0xaac
 2835 0aa5 25       		.uleb128 0x25
 2836 0aa6 7D000000 		.4byte	0x7d
 2837 0aaa 03       		.byte	0x3
 2838 0aab 00       		.byte	0
 2839 0aac 28       		.uleb128 0x28
 2840 0aad 86010000 		.4byte	.LASF76
 2841 0ab1 01       		.byte	0x1
 2842 0ab2 F701     		.2byte	0x1f7
 2843 0ab4 BE0A0000 		.4byte	0xabe
 2844 0ab8 05       		.uleb128 0x5
 2845 0ab9 03       		.byte	0x3
 2846 0aba 00000000 		.4byte	MuxIn_CYAMUXSIDE_B__maskTable
 2847 0abe 11       		.uleb128 0x11
 2848 0abf 9C0A0000 		.4byte	0xa9c
 2849 0ac3 28       		.uleb128 0x28
 2850 0ac4 D1030000 		.4byte	.LASF77
 2851 0ac8 01       		.byte	0x1
 2852 0ac9 2F02     		.2byte	0x22f
 2853 0acb D50A0000 		.4byte	0xad5
 2854 0acf 05       		.uleb128 0x5
 2855 0ad0 03       		.byte	0x3
 2856 0ad1 00000000 		.4byte	MuxOut_CYAMUXSIDE_A__addrTable
 2857 0ad5 11       		.uleb128 0x11
 2858 0ad6 750A0000 		.4byte	0xa75
 2859 0ada 28       		.uleb128 0x28
 2860 0adb 7E030000 		.4byte	.LASF78
 2861 0adf 01       		.byte	0x1
 2862 0ae0 3602     		.2byte	0x236
 2863 0ae2 EC0A0000 		.4byte	0xaec
 2864 0ae6 05       		.uleb128 0x5
 2865 0ae7 03       		.byte	0x3
 2866 0ae8 00000000 		.4byte	MuxOut_CYAMUXSIDE_A__maskTable
 2867 0aec 11       		.uleb128 0x11
 2868 0aed 9C0A0000 		.4byte	0xa9c
 2869 0af1 29       		.uleb128 0x29
 2870 0af2 4D050000 		.4byte	.LASF79
 2871 0af6 4D050000 		.4byte	.LASF79
 2872 0afa 2A       		.uleb128 0x2a
 2873 0afb A4010000 		.4byte	.LASF81
 2874 0aff A4010000 		.4byte	.LASF81
 2875 0b03 04       		.byte	0x4
 2876 0b04 77       		.byte	0x77
 2877 0b05 29       		.uleb128 0x29
 2878 0b06 5E010000 		.4byte	.LASF80
 2879 0b0a 5E010000 		.4byte	.LASF80
 2880 0b0e 2A       		.uleb128 0x2a
 2881 0b0f 0E040000 		.4byte	.LASF82
 2882 0b13 0E040000 		.4byte	.LASF82
 2883 0b17 04       		.byte	0x4
 2884 0b18 79       		.byte	0x79
 2885 0b19 00       		.byte	0
ARM GAS  C:\Users\elias\AppData\Local\Temp\ccUaCA0t.s 			page 67


 2886              		.section	.debug_abbrev,"",%progbits
 2887              	.Ldebug_abbrev0:
 2888 0000 01       		.uleb128 0x1
 2889 0001 11       		.uleb128 0x11
 2890 0002 01       		.byte	0x1
 2891 0003 25       		.uleb128 0x25
 2892 0004 0E       		.uleb128 0xe
 2893 0005 13       		.uleb128 0x13
 2894 0006 0B       		.uleb128 0xb
 2895 0007 03       		.uleb128 0x3
 2896 0008 0E       		.uleb128 0xe
 2897 0009 1B       		.uleb128 0x1b
 2898 000a 0E       		.uleb128 0xe
 2899 000b 55       		.uleb128 0x55
 2900 000c 17       		.uleb128 0x17
 2901 000d 11       		.uleb128 0x11
 2902 000e 01       		.uleb128 0x1
 2903 000f 10       		.uleb128 0x10
 2904 0010 17       		.uleb128 0x17
 2905 0011 00       		.byte	0
 2906 0012 00       		.byte	0
 2907 0013 02       		.uleb128 0x2
 2908 0014 24       		.uleb128 0x24
 2909 0015 00       		.byte	0
 2910 0016 0B       		.uleb128 0xb
 2911 0017 0B       		.uleb128 0xb
 2912 0018 3E       		.uleb128 0x3e
 2913 0019 0B       		.uleb128 0xb
 2914 001a 03       		.uleb128 0x3
 2915 001b 08       		.uleb128 0x8
 2916 001c 00       		.byte	0
 2917 001d 00       		.byte	0
 2918 001e 03       		.uleb128 0x3
 2919 001f 16       		.uleb128 0x16
 2920 0020 00       		.byte	0
 2921 0021 03       		.uleb128 0x3
 2922 0022 0E       		.uleb128 0xe
 2923 0023 3A       		.uleb128 0x3a
 2924 0024 0B       		.uleb128 0xb
 2925 0025 3B       		.uleb128 0x3b
 2926 0026 0B       		.uleb128 0xb
 2927 0027 49       		.uleb128 0x49
 2928 0028 13       		.uleb128 0x13
 2929 0029 00       		.byte	0
 2930 002a 00       		.byte	0
 2931 002b 04       		.uleb128 0x4
 2932 002c 24       		.uleb128 0x24
 2933 002d 00       		.byte	0
 2934 002e 0B       		.uleb128 0xb
 2935 002f 0B       		.uleb128 0xb
 2936 0030 3E       		.uleb128 0x3e
 2937 0031 0B       		.uleb128 0xb
 2938 0032 03       		.uleb128 0x3
 2939 0033 0E       		.uleb128 0xe
 2940 0034 00       		.byte	0
 2941 0035 00       		.byte	0
 2942 0036 05       		.uleb128 0x5
ARM GAS  C:\Users\elias\AppData\Local\Temp\ccUaCA0t.s 			page 68


 2943 0037 0F       		.uleb128 0xf
 2944 0038 00       		.byte	0
 2945 0039 0B       		.uleb128 0xb
 2946 003a 0B       		.uleb128 0xb
 2947 003b 00       		.byte	0
 2948 003c 00       		.byte	0
 2949 003d 06       		.uleb128 0x6
 2950 003e 16       		.uleb128 0x16
 2951 003f 00       		.byte	0
 2952 0040 03       		.uleb128 0x3
 2953 0041 0E       		.uleb128 0xe
 2954 0042 3A       		.uleb128 0x3a
 2955 0043 0B       		.uleb128 0xb
 2956 0044 3B       		.uleb128 0x3b
 2957 0045 05       		.uleb128 0x5
 2958 0046 49       		.uleb128 0x49
 2959 0047 13       		.uleb128 0x13
 2960 0048 00       		.byte	0
 2961 0049 00       		.byte	0
 2962 004a 07       		.uleb128 0x7
 2963 004b 35       		.uleb128 0x35
 2964 004c 00       		.byte	0
 2965 004d 49       		.uleb128 0x49
 2966 004e 13       		.uleb128 0x13
 2967 004f 00       		.byte	0
 2968 0050 00       		.byte	0
 2969 0051 08       		.uleb128 0x8
 2970 0052 13       		.uleb128 0x13
 2971 0053 01       		.byte	0x1
 2972 0054 0B       		.uleb128 0xb
 2973 0055 0B       		.uleb128 0xb
 2974 0056 3A       		.uleb128 0x3a
 2975 0057 0B       		.uleb128 0xb
 2976 0058 3B       		.uleb128 0x3b
 2977 0059 0B       		.uleb128 0xb
 2978 005a 01       		.uleb128 0x1
 2979 005b 13       		.uleb128 0x13
 2980 005c 00       		.byte	0
 2981 005d 00       		.byte	0
 2982 005e 09       		.uleb128 0x9
 2983 005f 0D       		.uleb128 0xd
 2984 0060 00       		.byte	0
 2985 0061 03       		.uleb128 0x3
 2986 0062 0E       		.uleb128 0xe
 2987 0063 3A       		.uleb128 0x3a
 2988 0064 0B       		.uleb128 0xb
 2989 0065 3B       		.uleb128 0x3b
 2990 0066 0B       		.uleb128 0xb
 2991 0067 49       		.uleb128 0x49
 2992 0068 13       		.uleb128 0x13
 2993 0069 38       		.uleb128 0x38
 2994 006a 0B       		.uleb128 0xb
 2995 006b 00       		.byte	0
 2996 006c 00       		.byte	0
 2997 006d 0A       		.uleb128 0xa
 2998 006e 2E       		.uleb128 0x2e
 2999 006f 01       		.byte	0x1
ARM GAS  C:\Users\elias\AppData\Local\Temp\ccUaCA0t.s 			page 69


 3000 0070 03       		.uleb128 0x3
 3001 0071 0E       		.uleb128 0xe
 3002 0072 3A       		.uleb128 0x3a
 3003 0073 0B       		.uleb128 0xb
 3004 0074 3B       		.uleb128 0x3b
 3005 0075 0B       		.uleb128 0xb
 3006 0076 27       		.uleb128 0x27
 3007 0077 19       		.uleb128 0x19
 3008 0078 8701     		.uleb128 0x87
 3009 007a 19       		.uleb128 0x19
 3010 007b 11       		.uleb128 0x11
 3011 007c 01       		.uleb128 0x1
 3012 007d 12       		.uleb128 0x12
 3013 007e 06       		.uleb128 0x6
 3014 007f 40       		.uleb128 0x40
 3015 0080 18       		.uleb128 0x18
 3016 0081 9742     		.uleb128 0x2117
 3017 0083 19       		.uleb128 0x19
 3018 0084 01       		.uleb128 0x1
 3019 0085 13       		.uleb128 0x13
 3020 0086 00       		.byte	0
 3021 0087 00       		.byte	0
 3022 0088 0B       		.uleb128 0xb
 3023 0089 05       		.uleb128 0x5
 3024 008a 00       		.byte	0
 3025 008b 03       		.uleb128 0x3
 3026 008c 0E       		.uleb128 0xe
 3027 008d 3A       		.uleb128 0x3a
 3028 008e 0B       		.uleb128 0xb
 3029 008f 3B       		.uleb128 0x3b
 3030 0090 0B       		.uleb128 0xb
 3031 0091 49       		.uleb128 0x49
 3032 0092 13       		.uleb128 0x13
 3033 0093 02       		.uleb128 0x2
 3034 0094 18       		.uleb128 0x18
 3035 0095 00       		.byte	0
 3036 0096 00       		.byte	0
 3037 0097 0C       		.uleb128 0xc
 3038 0098 2E       		.uleb128 0x2e
 3039 0099 01       		.byte	0x1
 3040 009a 03       		.uleb128 0x3
 3041 009b 0E       		.uleb128 0xe
 3042 009c 3A       		.uleb128 0x3a
 3043 009d 0B       		.uleb128 0xb
 3044 009e 3B       		.uleb128 0x3b
 3045 009f 0B       		.uleb128 0xb
 3046 00a0 27       		.uleb128 0x27
 3047 00a1 19       		.uleb128 0x19
 3048 00a2 11       		.uleb128 0x11
 3049 00a3 01       		.uleb128 0x1
 3050 00a4 12       		.uleb128 0x12
 3051 00a5 06       		.uleb128 0x6
 3052 00a6 40       		.uleb128 0x40
 3053 00a7 18       		.uleb128 0x18
 3054 00a8 9742     		.uleb128 0x2117
 3055 00aa 19       		.uleb128 0x19
 3056 00ab 01       		.uleb128 0x1
ARM GAS  C:\Users\elias\AppData\Local\Temp\ccUaCA0t.s 			page 70


 3057 00ac 13       		.uleb128 0x13
 3058 00ad 00       		.byte	0
 3059 00ae 00       		.byte	0
 3060 00af 0D       		.uleb128 0xd
 3061 00b0 34       		.uleb128 0x34
 3062 00b1 00       		.byte	0
 3063 00b2 03       		.uleb128 0x3
 3064 00b3 08       		.uleb128 0x8
 3065 00b4 3A       		.uleb128 0x3a
 3066 00b5 0B       		.uleb128 0xb
 3067 00b6 3B       		.uleb128 0x3b
 3068 00b7 0B       		.uleb128 0xb
 3069 00b8 49       		.uleb128 0x49
 3070 00b9 13       		.uleb128 0x13
 3071 00ba 02       		.uleb128 0x2
 3072 00bb 17       		.uleb128 0x17
 3073 00bc 00       		.byte	0
 3074 00bd 00       		.byte	0
 3075 00be 0E       		.uleb128 0xe
 3076 00bf 0B       		.uleb128 0xb
 3077 00c0 01       		.byte	0x1
 3078 00c1 11       		.uleb128 0x11
 3079 00c2 01       		.uleb128 0x1
 3080 00c3 12       		.uleb128 0x12
 3081 00c4 06       		.uleb128 0x6
 3082 00c5 00       		.byte	0
 3083 00c6 00       		.byte	0
 3084 00c7 0F       		.uleb128 0xf
 3085 00c8 34       		.uleb128 0x34
 3086 00c9 00       		.byte	0
 3087 00ca 03       		.uleb128 0x3
 3088 00cb 0E       		.uleb128 0xe
 3089 00cc 3A       		.uleb128 0x3a
 3090 00cd 0B       		.uleb128 0xb
 3091 00ce 3B       		.uleb128 0x3b
 3092 00cf 0B       		.uleb128 0xb
 3093 00d0 49       		.uleb128 0x49
 3094 00d1 13       		.uleb128 0x13
 3095 00d2 02       		.uleb128 0x2
 3096 00d3 17       		.uleb128 0x17
 3097 00d4 00       		.byte	0
 3098 00d5 00       		.byte	0
 3099 00d6 10       		.uleb128 0x10
 3100 00d7 0F       		.uleb128 0xf
 3101 00d8 00       		.byte	0
 3102 00d9 0B       		.uleb128 0xb
 3103 00da 0B       		.uleb128 0xb
 3104 00db 49       		.uleb128 0x49
 3105 00dc 13       		.uleb128 0x13
 3106 00dd 00       		.byte	0
 3107 00de 00       		.byte	0
 3108 00df 11       		.uleb128 0x11
 3109 00e0 26       		.uleb128 0x26
 3110 00e1 00       		.byte	0
 3111 00e2 49       		.uleb128 0x49
 3112 00e3 13       		.uleb128 0x13
 3113 00e4 00       		.byte	0
ARM GAS  C:\Users\elias\AppData\Local\Temp\ccUaCA0t.s 			page 71


 3114 00e5 00       		.byte	0
 3115 00e6 12       		.uleb128 0x12
 3116 00e7 05       		.uleb128 0x5
 3117 00e8 00       		.byte	0
 3118 00e9 03       		.uleb128 0x3
 3119 00ea 08       		.uleb128 0x8
 3120 00eb 3A       		.uleb128 0x3a
 3121 00ec 0B       		.uleb128 0xb
 3122 00ed 3B       		.uleb128 0x3b
 3123 00ee 0B       		.uleb128 0xb
 3124 00ef 49       		.uleb128 0x49
 3125 00f0 13       		.uleb128 0x13
 3126 00f1 02       		.uleb128 0x2
 3127 00f2 17       		.uleb128 0x17
 3128 00f3 00       		.byte	0
 3129 00f4 00       		.byte	0
 3130 00f5 13       		.uleb128 0x13
 3131 00f6 898201   		.uleb128 0x4109
 3132 00f9 01       		.byte	0x1
 3133 00fa 11       		.uleb128 0x11
 3134 00fb 01       		.uleb128 0x1
 3135 00fc 31       		.uleb128 0x31
 3136 00fd 13       		.uleb128 0x13
 3137 00fe 00       		.byte	0
 3138 00ff 00       		.byte	0
 3139 0100 14       		.uleb128 0x14
 3140 0101 8A8201   		.uleb128 0x410a
 3141 0104 00       		.byte	0
 3142 0105 02       		.uleb128 0x2
 3143 0106 18       		.uleb128 0x18
 3144 0107 9142     		.uleb128 0x2111
 3145 0109 18       		.uleb128 0x18
 3146 010a 00       		.byte	0
 3147 010b 00       		.byte	0
 3148 010c 15       		.uleb128 0x15
 3149 010d 2E       		.uleb128 0x2e
 3150 010e 01       		.byte	0x1
 3151 010f 03       		.uleb128 0x3
 3152 0110 0E       		.uleb128 0xe
 3153 0111 3A       		.uleb128 0x3a
 3154 0112 0B       		.uleb128 0xb
 3155 0113 3B       		.uleb128 0x3b
 3156 0114 05       		.uleb128 0x5
 3157 0115 27       		.uleb128 0x27
 3158 0116 19       		.uleb128 0x19
 3159 0117 11       		.uleb128 0x11
 3160 0118 01       		.uleb128 0x1
 3161 0119 12       		.uleb128 0x12
 3162 011a 06       		.uleb128 0x6
 3163 011b 40       		.uleb128 0x40
 3164 011c 18       		.uleb128 0x18
 3165 011d 9742     		.uleb128 0x2117
 3166 011f 19       		.uleb128 0x19
 3167 0120 01       		.uleb128 0x1
 3168 0121 13       		.uleb128 0x13
 3169 0122 00       		.byte	0
 3170 0123 00       		.byte	0
ARM GAS  C:\Users\elias\AppData\Local\Temp\ccUaCA0t.s 			page 72


 3171 0124 16       		.uleb128 0x16
 3172 0125 34       		.uleb128 0x34
 3173 0126 00       		.byte	0
 3174 0127 03       		.uleb128 0x3
 3175 0128 0E       		.uleb128 0xe
 3176 0129 3A       		.uleb128 0x3a
 3177 012a 0B       		.uleb128 0xb
 3178 012b 3B       		.uleb128 0x3b
 3179 012c 05       		.uleb128 0x5
 3180 012d 49       		.uleb128 0x49
 3181 012e 13       		.uleb128 0x13
 3182 012f 02       		.uleb128 0x2
 3183 0130 17       		.uleb128 0x17
 3184 0131 00       		.byte	0
 3185 0132 00       		.byte	0
 3186 0133 17       		.uleb128 0x17
 3187 0134 34       		.uleb128 0x34
 3188 0135 00       		.byte	0
 3189 0136 03       		.uleb128 0x3
 3190 0137 08       		.uleb128 0x8
 3191 0138 3A       		.uleb128 0x3a
 3192 0139 0B       		.uleb128 0xb
 3193 013a 3B       		.uleb128 0x3b
 3194 013b 05       		.uleb128 0x5
 3195 013c 49       		.uleb128 0x49
 3196 013d 13       		.uleb128 0x13
 3197 013e 02       		.uleb128 0x2
 3198 013f 17       		.uleb128 0x17
 3199 0140 00       		.byte	0
 3200 0141 00       		.byte	0
 3201 0142 18       		.uleb128 0x18
 3202 0143 05       		.uleb128 0x5
 3203 0144 00       		.byte	0
 3204 0145 03       		.uleb128 0x3
 3205 0146 0E       		.uleb128 0xe
 3206 0147 3A       		.uleb128 0x3a
 3207 0148 0B       		.uleb128 0xb
 3208 0149 3B       		.uleb128 0x3b
 3209 014a 0B       		.uleb128 0xb
 3210 014b 49       		.uleb128 0x49
 3211 014c 13       		.uleb128 0x13
 3212 014d 02       		.uleb128 0x2
 3213 014e 17       		.uleb128 0x17
 3214 014f 00       		.byte	0
 3215 0150 00       		.byte	0
 3216 0151 19       		.uleb128 0x19
 3217 0152 26       		.uleb128 0x26
 3218 0153 00       		.byte	0
 3219 0154 00       		.byte	0
 3220 0155 00       		.byte	0
 3221 0156 1A       		.uleb128 0x1a
 3222 0157 898201   		.uleb128 0x4109
 3223 015a 01       		.byte	0x1
 3224 015b 11       		.uleb128 0x11
 3225 015c 01       		.uleb128 0x1
 3226 015d 31       		.uleb128 0x31
 3227 015e 13       		.uleb128 0x13
ARM GAS  C:\Users\elias\AppData\Local\Temp\ccUaCA0t.s 			page 73


 3228 015f 01       		.uleb128 0x1
 3229 0160 13       		.uleb128 0x13
 3230 0161 00       		.byte	0
 3231 0162 00       		.byte	0
 3232 0163 1B       		.uleb128 0x1b
 3233 0164 2E       		.uleb128 0x2e
 3234 0165 01       		.byte	0x1
 3235 0166 3F       		.uleb128 0x3f
 3236 0167 19       		.uleb128 0x19
 3237 0168 03       		.uleb128 0x3
 3238 0169 0E       		.uleb128 0xe
 3239 016a 3A       		.uleb128 0x3a
 3240 016b 0B       		.uleb128 0xb
 3241 016c 3B       		.uleb128 0x3b
 3242 016d 05       		.uleb128 0x5
 3243 016e 27       		.uleb128 0x27
 3244 016f 19       		.uleb128 0x19
 3245 0170 11       		.uleb128 0x11
 3246 0171 01       		.uleb128 0x1
 3247 0172 12       		.uleb128 0x12
 3248 0173 06       		.uleb128 0x6
 3249 0174 40       		.uleb128 0x40
 3250 0175 18       		.uleb128 0x18
 3251 0176 9742     		.uleb128 0x2117
 3252 0178 19       		.uleb128 0x19
 3253 0179 01       		.uleb128 0x1
 3254 017a 13       		.uleb128 0x13
 3255 017b 00       		.byte	0
 3256 017c 00       		.byte	0
 3257 017d 1C       		.uleb128 0x1c
 3258 017e 05       		.uleb128 0x5
 3259 017f 00       		.byte	0
 3260 0180 03       		.uleb128 0x3
 3261 0181 0E       		.uleb128 0xe
 3262 0182 3A       		.uleb128 0x3a
 3263 0183 0B       		.uleb128 0xb
 3264 0184 3B       		.uleb128 0x3b
 3265 0185 05       		.uleb128 0x5
 3266 0186 49       		.uleb128 0x49
 3267 0187 13       		.uleb128 0x13
 3268 0188 02       		.uleb128 0x2
 3269 0189 18       		.uleb128 0x18
 3270 018a 00       		.byte	0
 3271 018b 00       		.byte	0
 3272 018c 1D       		.uleb128 0x1d
 3273 018d 34       		.uleb128 0x34
 3274 018e 00       		.byte	0
 3275 018f 03       		.uleb128 0x3
 3276 0190 0E       		.uleb128 0xe
 3277 0191 3A       		.uleb128 0x3a
 3278 0192 0B       		.uleb128 0xb
 3279 0193 3B       		.uleb128 0x3b
 3280 0194 05       		.uleb128 0x5
 3281 0195 49       		.uleb128 0x49
 3282 0196 13       		.uleb128 0x13
 3283 0197 02       		.uleb128 0x2
 3284 0198 18       		.uleb128 0x18
ARM GAS  C:\Users\elias\AppData\Local\Temp\ccUaCA0t.s 			page 74


 3285 0199 00       		.byte	0
 3286 019a 00       		.byte	0
 3287 019b 1E       		.uleb128 0x1e
 3288 019c 05       		.uleb128 0x5
 3289 019d 00       		.byte	0
 3290 019e 03       		.uleb128 0x3
 3291 019f 0E       		.uleb128 0xe
 3292 01a0 3A       		.uleb128 0x3a
 3293 01a1 0B       		.uleb128 0xb
 3294 01a2 3B       		.uleb128 0x3b
 3295 01a3 05       		.uleb128 0x5
 3296 01a4 49       		.uleb128 0x49
 3297 01a5 13       		.uleb128 0x13
 3298 01a6 02       		.uleb128 0x2
 3299 01a7 17       		.uleb128 0x17
 3300 01a8 00       		.byte	0
 3301 01a9 00       		.byte	0
 3302 01aa 1F       		.uleb128 0x1f
 3303 01ab 34       		.uleb128 0x34
 3304 01ac 00       		.byte	0
 3305 01ad 03       		.uleb128 0x3
 3306 01ae 08       		.uleb128 0x8
 3307 01af 3A       		.uleb128 0x3a
 3308 01b0 0B       		.uleb128 0xb
 3309 01b1 3B       		.uleb128 0x3b
 3310 01b2 05       		.uleb128 0x5
 3311 01b3 49       		.uleb128 0x49
 3312 01b4 13       		.uleb128 0x13
 3313 01b5 00       		.byte	0
 3314 01b6 00       		.byte	0
 3315 01b7 20       		.uleb128 0x20
 3316 01b8 0B       		.uleb128 0xb
 3317 01b9 01       		.byte	0x1
 3318 01ba 11       		.uleb128 0x11
 3319 01bb 01       		.uleb128 0x1
 3320 01bc 12       		.uleb128 0x12
 3321 01bd 06       		.uleb128 0x6
 3322 01be 01       		.uleb128 0x1
 3323 01bf 13       		.uleb128 0x13
 3324 01c0 00       		.byte	0
 3325 01c1 00       		.byte	0
 3326 01c2 21       		.uleb128 0x21
 3327 01c3 13       		.uleb128 0x13
 3328 01c4 01       		.byte	0x1
 3329 01c5 0B       		.uleb128 0xb
 3330 01c6 0B       		.uleb128 0xb
 3331 01c7 3A       		.uleb128 0x3a
 3332 01c8 0B       		.uleb128 0xb
 3333 01c9 3B       		.uleb128 0x3b
 3334 01ca 05       		.uleb128 0x5
 3335 01cb 01       		.uleb128 0x1
 3336 01cc 13       		.uleb128 0x13
 3337 01cd 00       		.byte	0
 3338 01ce 00       		.byte	0
 3339 01cf 22       		.uleb128 0x22
 3340 01d0 0D       		.uleb128 0xd
 3341 01d1 00       		.byte	0
ARM GAS  C:\Users\elias\AppData\Local\Temp\ccUaCA0t.s 			page 75


 3342 01d2 03       		.uleb128 0x3
 3343 01d3 0E       		.uleb128 0xe
 3344 01d4 3A       		.uleb128 0x3a
 3345 01d5 0B       		.uleb128 0xb
 3346 01d6 3B       		.uleb128 0x3b
 3347 01d7 05       		.uleb128 0x5
 3348 01d8 49       		.uleb128 0x49
 3349 01d9 13       		.uleb128 0x13
 3350 01da 38       		.uleb128 0x38
 3351 01db 0B       		.uleb128 0xb
 3352 01dc 00       		.byte	0
 3353 01dd 00       		.byte	0
 3354 01de 23       		.uleb128 0x23
 3355 01df 0D       		.uleb128 0xd
 3356 01e0 00       		.byte	0
 3357 01e1 03       		.uleb128 0x3
 3358 01e2 08       		.uleb128 0x8
 3359 01e3 3A       		.uleb128 0x3a
 3360 01e4 0B       		.uleb128 0xb
 3361 01e5 3B       		.uleb128 0x3b
 3362 01e6 05       		.uleb128 0x5
 3363 01e7 49       		.uleb128 0x49
 3364 01e8 13       		.uleb128 0x13
 3365 01e9 38       		.uleb128 0x38
 3366 01ea 0B       		.uleb128 0xb
 3367 01eb 00       		.byte	0
 3368 01ec 00       		.byte	0
 3369 01ed 24       		.uleb128 0x24
 3370 01ee 01       		.uleb128 0x1
 3371 01ef 01       		.byte	0x1
 3372 01f0 49       		.uleb128 0x49
 3373 01f1 13       		.uleb128 0x13
 3374 01f2 01       		.uleb128 0x1
 3375 01f3 13       		.uleb128 0x13
 3376 01f4 00       		.byte	0
 3377 01f5 00       		.byte	0
 3378 01f6 25       		.uleb128 0x25
 3379 01f7 21       		.uleb128 0x21
 3380 01f8 00       		.byte	0
 3381 01f9 49       		.uleb128 0x49
 3382 01fa 13       		.uleb128 0x13
 3383 01fb 2F       		.uleb128 0x2f
 3384 01fc 0B       		.uleb128 0xb
 3385 01fd 00       		.byte	0
 3386 01fe 00       		.byte	0
 3387 01ff 26       		.uleb128 0x26
 3388 0200 898201   		.uleb128 0x4109
 3389 0203 00       		.byte	0
 3390 0204 11       		.uleb128 0x11
 3391 0205 01       		.uleb128 0x1
 3392 0206 31       		.uleb128 0x31
 3393 0207 13       		.uleb128 0x13
 3394 0208 00       		.byte	0
 3395 0209 00       		.byte	0
 3396 020a 27       		.uleb128 0x27
 3397 020b 34       		.uleb128 0x34
 3398 020c 00       		.byte	0
ARM GAS  C:\Users\elias\AppData\Local\Temp\ccUaCA0t.s 			page 76


 3399 020d 03       		.uleb128 0x3
 3400 020e 0E       		.uleb128 0xe
 3401 020f 3A       		.uleb128 0x3a
 3402 0210 0B       		.uleb128 0xb
 3403 0211 3B       		.uleb128 0x3b
 3404 0212 05       		.uleb128 0x5
 3405 0213 49       		.uleb128 0x49
 3406 0214 13       		.uleb128 0x13
 3407 0215 1C       		.uleb128 0x1c
 3408 0216 0A       		.uleb128 0xa
 3409 0217 00       		.byte	0
 3410 0218 00       		.byte	0
 3411 0219 28       		.uleb128 0x28
 3412 021a 34       		.uleb128 0x34
 3413 021b 00       		.byte	0
 3414 021c 03       		.uleb128 0x3
 3415 021d 0E       		.uleb128 0xe
 3416 021e 3A       		.uleb128 0x3a
 3417 021f 0B       		.uleb128 0xb
 3418 0220 3B       		.uleb128 0x3b
 3419 0221 05       		.uleb128 0x5
 3420 0222 49       		.uleb128 0x49
 3421 0223 13       		.uleb128 0x13
 3422 0224 3F       		.uleb128 0x3f
 3423 0225 19       		.uleb128 0x19
 3424 0226 02       		.uleb128 0x2
 3425 0227 18       		.uleb128 0x18
 3426 0228 00       		.byte	0
 3427 0229 00       		.byte	0
 3428 022a 29       		.uleb128 0x29
 3429 022b 2E       		.uleb128 0x2e
 3430 022c 00       		.byte	0
 3431 022d 3F       		.uleb128 0x3f
 3432 022e 19       		.uleb128 0x19
 3433 022f 3C       		.uleb128 0x3c
 3434 0230 19       		.uleb128 0x19
 3435 0231 6E       		.uleb128 0x6e
 3436 0232 0E       		.uleb128 0xe
 3437 0233 03       		.uleb128 0x3
 3438 0234 0E       		.uleb128 0xe
 3439 0235 00       		.byte	0
 3440 0236 00       		.byte	0
 3441 0237 2A       		.uleb128 0x2a
 3442 0238 2E       		.uleb128 0x2e
 3443 0239 00       		.byte	0
 3444 023a 3F       		.uleb128 0x3f
 3445 023b 19       		.uleb128 0x19
 3446 023c 3C       		.uleb128 0x3c
 3447 023d 19       		.uleb128 0x19
 3448 023e 6E       		.uleb128 0x6e
 3449 023f 0E       		.uleb128 0xe
 3450 0240 03       		.uleb128 0x3
 3451 0241 0E       		.uleb128 0xe
 3452 0242 3A       		.uleb128 0x3a
 3453 0243 0B       		.uleb128 0xb
 3454 0244 3B       		.uleb128 0x3b
 3455 0245 0B       		.uleb128 0xb
ARM GAS  C:\Users\elias\AppData\Local\Temp\ccUaCA0t.s 			page 77


 3456 0246 00       		.byte	0
 3457 0247 00       		.byte	0
 3458 0248 00       		.byte	0
 3459              		.section	.debug_loc,"",%progbits
 3460              	.Ldebug_loc0:
 3461              	.LLST0:
 3462 0000 02000000 		.4byte	.LVL2
 3463 0004 08000000 		.4byte	.LVL3
 3464 0008 0200     		.2byte	0x2
 3465 000a 30       		.byte	0x30
 3466 000b 9F       		.byte	0x9f
 3467 000c 08000000 		.4byte	.LVL3
 3468 0010 32000000 		.4byte	.LVL11
 3469 0014 0100     		.2byte	0x1
 3470 0016 57       		.byte	0x57
 3471 0017 00000000 		.4byte	0
 3472 001b 00000000 		.4byte	0
 3473              	.LLST1:
 3474 001f 02000000 		.4byte	.LVL2
 3475 0023 08000000 		.4byte	.LVL3
 3476 0027 0200     		.2byte	0x2
 3477 0029 30       		.byte	0x30
 3478 002a 9F       		.byte	0x9f
 3479 002b 08000000 		.4byte	.LVL3
 3480 002f 34000000 		.4byte	.LFE4
 3481 0033 0100     		.2byte	0x1
 3482 0035 52       		.byte	0x52
 3483 0036 00000000 		.4byte	0
 3484 003a 00000000 		.4byte	0
 3485              	.LLST2:
 3486 003e 0C000000 		.4byte	.LVL4
 3487 0042 2C000000 		.4byte	.LVL10
 3488 0046 0100     		.2byte	0x1
 3489 0048 56       		.byte	0x56
 3490 0049 00000000 		.4byte	0
 3491 004d 00000000 		.4byte	0
 3492              	.LLST3:
 3493 0051 0E000000 		.4byte	.LVL5
 3494 0055 24000000 		.4byte	.LVL8
 3495 0059 0100     		.2byte	0x1
 3496 005b 53       		.byte	0x53
 3497 005c 26000000 		.4byte	.LVL9
 3498 0060 2C000000 		.4byte	.LVL10
 3499 0064 0100     		.2byte	0x1
 3500 0066 53       		.byte	0x53
 3501 0067 00000000 		.4byte	0
 3502 006b 00000000 		.4byte	0
 3503              	.LLST4:
 3504 006f 00000000 		.4byte	.LVL12
 3505 0073 09000000 		.4byte	.LVL14-1
 3506 0077 0100     		.2byte	0x1
 3507 0079 50       		.byte	0x50
 3508 007a 09000000 		.4byte	.LVL14-1
 3509 007e 0C000000 		.4byte	.LFE0
 3510 0082 0400     		.2byte	0x4
 3511 0084 F3       		.byte	0xf3
 3512 0085 01       		.uleb128 0x1
ARM GAS  C:\Users\elias\AppData\Local\Temp\ccUaCA0t.s 			page 78


 3513 0086 50       		.byte	0x50
 3514 0087 9F       		.byte	0x9f
 3515 0088 00000000 		.4byte	0
 3516 008c 00000000 		.4byte	0
 3517              	.LLST5:
 3518 0090 00000000 		.4byte	.LVL12
 3519 0094 06000000 		.4byte	.LVL13
 3520 0098 0100     		.2byte	0x1
 3521 009a 51       		.byte	0x51
 3522 009b 06000000 		.4byte	.LVL13
 3523 009f 09000000 		.4byte	.LVL14-1
 3524 00a3 0100     		.2byte	0x1
 3525 00a5 52       		.byte	0x52
 3526 00a6 09000000 		.4byte	.LVL14-1
 3527 00aa 0C000000 		.4byte	.LFE0
 3528 00ae 0400     		.2byte	0x4
 3529 00b0 F3       		.byte	0xf3
 3530 00b1 01       		.uleb128 0x1
 3531 00b2 51       		.byte	0x51
 3532 00b3 9F       		.byte	0x9f
 3533 00b4 00000000 		.4byte	0
 3534 00b8 00000000 		.4byte	0
 3535              	.LLST6:
 3536 00bc 08000000 		.4byte	.LVL15
 3537 00c0 1E000000 		.4byte	.LVL18
 3538 00c4 0100     		.2byte	0x1
 3539 00c6 53       		.byte	0x53
 3540 00c7 00000000 		.4byte	0
 3541 00cb 00000000 		.4byte	0
 3542              	.LLST7:
 3543 00cf 0E000000 		.4byte	.LVL16
 3544 00d3 E8000000 		.4byte	.LVL20
 3545 00d7 0100     		.2byte	0x1
 3546 00d9 54       		.byte	0x54
 3547 00da 00000000 		.4byte	0
 3548 00de 00000000 		.4byte	0
 3549              	.LLST8:
 3550 00e2 14000000 		.4byte	.LVL17
 3551 00e6 E8000000 		.4byte	.LVL20
 3552 00ea 0100     		.2byte	0x1
 3553 00ec 55       		.byte	0x55
 3554 00ed 00000000 		.4byte	0
 3555 00f1 00000000 		.4byte	0
 3556              	.LLST9:
 3557 00f5 00000000 		.4byte	.LVL21
 3558 00f9 05000000 		.4byte	.LVL22-1
 3559 00fd 0100     		.2byte	0x1
 3560 00ff 50       		.byte	0x50
 3561 0100 05000000 		.4byte	.LVL22-1
 3562 0104 08000000 		.4byte	.LFE1
 3563 0108 0400     		.2byte	0x4
 3564 010a F3       		.byte	0xf3
 3565 010b 01       		.uleb128 0x1
 3566 010c 50       		.byte	0x50
 3567 010d 9F       		.byte	0x9f
 3568 010e 00000000 		.4byte	0
 3569 0112 00000000 		.4byte	0
ARM GAS  C:\Users\elias\AppData\Local\Temp\ccUaCA0t.s 			page 79


 3570              	.LLST10:
 3571 0116 00000000 		.4byte	.LVL21
 3572 011a 05000000 		.4byte	.LVL22-1
 3573 011e 0100     		.2byte	0x1
 3574 0120 51       		.byte	0x51
 3575 0121 05000000 		.4byte	.LVL22-1
 3576 0125 08000000 		.4byte	.LFE1
 3577 0129 0400     		.2byte	0x4
 3578 012b F3       		.byte	0xf3
 3579 012c 01       		.uleb128 0x1
 3580 012d 51       		.byte	0x51
 3581 012e 9F       		.byte	0x9f
 3582 012f 00000000 		.4byte	0
 3583 0133 00000000 		.4byte	0
 3584              	.LLST11:
 3585 0137 00000000 		.4byte	.LVL21
 3586 013b 05000000 		.4byte	.LVL22-1
 3587 013f 0100     		.2byte	0x1
 3588 0141 52       		.byte	0x52
 3589 0142 05000000 		.4byte	.LVL22-1
 3590 0146 08000000 		.4byte	.LFE1
 3591 014a 0400     		.2byte	0x4
 3592 014c F3       		.byte	0xf3
 3593 014d 01       		.uleb128 0x1
 3594 014e 52       		.byte	0x52
 3595 014f 9F       		.byte	0x9f
 3596 0150 00000000 		.4byte	0
 3597 0154 00000000 		.4byte	0
 3598              	.LLST12:
 3599 0158 4C000000 		.4byte	.LVL24
 3600 015c 50000000 		.4byte	.LVL25
 3601 0160 0200     		.2byte	0x2
 3602 0162 49       		.byte	0x49
 3603 0163 9F       		.byte	0x9f
 3604 0164 50000000 		.4byte	.LVL25
 3605 0168 C2000000 		.4byte	.LVL31
 3606 016c 0100     		.2byte	0x1
 3607 016e 55       		.byte	0x55
 3608 016f 00000000 		.4byte	0
 3609 0173 00000000 		.4byte	0
 3610              	.LLST13:
 3611 0177 4C000000 		.4byte	.LVL24
 3612 017b 50000000 		.4byte	.LVL25
 3613 017f 0200     		.2byte	0x2
 3614 0181 30       		.byte	0x30
 3615 0182 9F       		.byte	0x9f
 3616 0183 50000000 		.4byte	.LVL25
 3617 0187 5C000000 		.4byte	.LVL26
 3618 018b 0100     		.2byte	0x1
 3619 018d 54       		.byte	0x54
 3620 018e 60000000 		.4byte	.LVL27
 3621 0192 C2000000 		.4byte	.LVL31
 3622 0196 0100     		.2byte	0x1
 3623 0198 54       		.byte	0x54
 3624 0199 00000000 		.4byte	0
 3625 019d 00000000 		.4byte	0
 3626              	.LLST14:
ARM GAS  C:\Users\elias\AppData\Local\Temp\ccUaCA0t.s 			page 80


 3627 01a1 00000000 		.4byte	.LVL36
 3628 01a5 22000000 		.4byte	.LVL39
 3629 01a9 0100     		.2byte	0x1
 3630 01ab 50       		.byte	0x50
 3631 01ac 22000000 		.4byte	.LVL39
 3632 01b0 58000000 		.4byte	.LFE8
 3633 01b4 0400     		.2byte	0x4
 3634 01b6 F3       		.byte	0xf3
 3635 01b7 01       		.uleb128 0x1
 3636 01b8 50       		.byte	0x50
 3637 01b9 9F       		.byte	0x9f
 3638 01ba 00000000 		.4byte	0
 3639 01be 00000000 		.4byte	0
 3640              	.LLST15:
 3641 01c2 04000000 		.4byte	.LVL37
 3642 01c6 18000000 		.4byte	.LVL38
 3643 01ca 0100     		.2byte	0x1
 3644 01cc 53       		.byte	0x53
 3645 01cd 18000000 		.4byte	.LVL38
 3646 01d1 22000000 		.4byte	.LVL39
 3647 01d5 0500     		.2byte	0x5
 3648 01d7 31       		.byte	0x31
 3649 01d8 70       		.byte	0x70
 3650 01d9 00       		.sleb128 0
 3651 01da 24       		.byte	0x24
 3652 01db 9F       		.byte	0x9f
 3653 01dc 22000000 		.4byte	.LVL39
 3654 01e0 48000000 		.4byte	.LVL40
 3655 01e4 0B00     		.2byte	0xb
 3656 01e6 31       		.byte	0x31
 3657 01e7 70       		.byte	0x70
 3658 01e8 00       		.sleb128 0
 3659 01e9 03       		.byte	0x3
 3660 01ea 00000000 		.4byte	.LANCHOR1
 3661 01ee 1C       		.byte	0x1c
 3662 01ef 24       		.byte	0x24
 3663 01f0 9F       		.byte	0x9f
 3664 01f1 00000000 		.4byte	0
 3665 01f5 00000000 		.4byte	0
 3666              	.LLST16:
 3667 01f9 00000000 		.4byte	.LVL41
 3668 01fd 24000000 		.4byte	.LVL44
 3669 0201 0100     		.2byte	0x1
 3670 0203 50       		.byte	0x50
 3671 0204 24000000 		.4byte	.LVL44
 3672 0208 58000000 		.4byte	.LFE9
 3673 020c 0400     		.2byte	0x4
 3674 020e F3       		.byte	0xf3
 3675 020f 01       		.uleb128 0x1
 3676 0210 50       		.byte	0x50
 3677 0211 9F       		.byte	0x9f
 3678 0212 00000000 		.4byte	0
 3679 0216 00000000 		.4byte	0
 3680              	.LLST17:
 3681 021a 30000000 		.4byte	.LVL45
 3682 021e 34000000 		.4byte	.LVL46
 3683 0222 0100     		.2byte	0x1
ARM GAS  C:\Users\elias\AppData\Local\Temp\ccUaCA0t.s 			page 81


 3684 0224 53       		.byte	0x53
 3685 0225 34000000 		.4byte	.LVL46
 3686 0229 48000000 		.4byte	.LVL47
 3687 022d 0200     		.2byte	0x2
 3688 022f 70       		.byte	0x70
 3689 0230 0C       		.sleb128 12
 3690 0231 00000000 		.4byte	0
 3691 0235 00000000 		.4byte	0
 3692              	.LLST18:
 3693 0239 04000000 		.4byte	.LVL42
 3694 023d 1A000000 		.4byte	.LVL43
 3695 0241 0100     		.2byte	0x1
 3696 0243 53       		.byte	0x53
 3697 0244 1A000000 		.4byte	.LVL43
 3698 0248 24000000 		.4byte	.LVL44
 3699 024c 0500     		.2byte	0x5
 3700 024e 31       		.byte	0x31
 3701 024f 70       		.byte	0x70
 3702 0250 00       		.sleb128 0
 3703 0251 24       		.byte	0x24
 3704 0252 9F       		.byte	0x9f
 3705 0253 24000000 		.4byte	.LVL44
 3706 0257 48000000 		.4byte	.LVL47
 3707 025b 0B00     		.2byte	0xb
 3708 025d 31       		.byte	0x31
 3709 025e 70       		.byte	0x70
 3710 025f 00       		.sleb128 0
 3711 0260 03       		.byte	0x3
 3712 0261 00000000 		.4byte	.LANCHOR1
 3713 0265 1C       		.byte	0x1c
 3714 0266 24       		.byte	0x24
 3715 0267 9F       		.byte	0x9f
 3716 0268 00000000 		.4byte	0
 3717 026c 00000000 		.4byte	0
 3718              	.LLST19:
 3719 0270 00000000 		.4byte	.LVL48
 3720 0274 08000000 		.4byte	.LVL49
 3721 0278 0100     		.2byte	0x1
 3722 027a 50       		.byte	0x50
 3723 027b 08000000 		.4byte	.LVL49
 3724 027f 0A000000 		.4byte	.LVL50
 3725 0283 0400     		.2byte	0x4
 3726 0285 F3       		.byte	0xf3
 3727 0286 01       		.uleb128 0x1
 3728 0287 50       		.byte	0x50
 3729 0288 9F       		.byte	0x9f
 3730 0289 0A000000 		.4byte	.LVL50
 3731 028d 20000000 		.4byte	.LVL51
 3732 0291 0100     		.2byte	0x1
 3733 0293 50       		.byte	0x50
 3734 0294 20000000 		.4byte	.LVL51
 3735 0298 22000000 		.4byte	.LVL52
 3736 029c 0300     		.2byte	0x3
 3737 029e 70       		.byte	0x70
 3738 029f 7F       		.sleb128 -1
 3739 02a0 9F       		.byte	0x9f
 3740 02a1 22000000 		.4byte	.LVL52
ARM GAS  C:\Users\elias\AppData\Local\Temp\ccUaCA0t.s 			page 82


 3741 02a5 2A000000 		.4byte	.LVL53
 3742 02a9 0100     		.2byte	0x1
 3743 02ab 50       		.byte	0x50
 3744 02ac 2A000000 		.4byte	.LVL53
 3745 02b0 36000000 		.4byte	.LVL54
 3746 02b4 0900     		.2byte	0x9
 3747 02b6 70       		.byte	0x70
 3748 02b7 00       		.sleb128 0
 3749 02b8 03       		.byte	0x3
 3750 02b9 00000000 		.4byte	.LANCHOR1
 3751 02bd 1C       		.byte	0x1c
 3752 02be 9F       		.byte	0x9f
 3753 02bf 00000000 		.4byte	0
 3754 02c3 00000000 		.4byte	0
 3755              	.LLST20:
 3756 02c7 00000000 		.4byte	.LVL55
 3757 02cb 08000000 		.4byte	.LVL56
 3758 02cf 0100     		.2byte	0x1
 3759 02d1 50       		.byte	0x50
 3760 02d2 08000000 		.4byte	.LVL56
 3761 02d6 0A000000 		.4byte	.LVL57
 3762 02da 0400     		.2byte	0x4
 3763 02dc F3       		.byte	0xf3
 3764 02dd 01       		.uleb128 0x1
 3765 02de 50       		.byte	0x50
 3766 02df 9F       		.byte	0x9f
 3767 02e0 0A000000 		.4byte	.LVL57
 3768 02e4 22000000 		.4byte	.LVL58
 3769 02e8 0100     		.2byte	0x1
 3770 02ea 50       		.byte	0x50
 3771 02eb 22000000 		.4byte	.LVL58
 3772 02ef 24000000 		.4byte	.LVL59
 3773 02f3 0300     		.2byte	0x3
 3774 02f5 70       		.byte	0x70
 3775 02f6 7F       		.sleb128 -1
 3776 02f7 9F       		.byte	0x9f
 3777 02f8 24000000 		.4byte	.LVL59
 3778 02fc 2C000000 		.4byte	.LVL60
 3779 0300 0100     		.2byte	0x1
 3780 0302 50       		.byte	0x50
 3781 0303 2C000000 		.4byte	.LVL60
 3782 0307 3A000000 		.4byte	.LVL61
 3783 030b 0900     		.2byte	0x9
 3784 030d 70       		.byte	0x70
 3785 030e 00       		.sleb128 0
 3786 030f 03       		.byte	0x3
 3787 0310 00000000 		.4byte	.LANCHOR1
 3788 0314 1C       		.byte	0x1c
 3789 0315 9F       		.byte	0x9f
 3790 0316 00000000 		.4byte	0
 3791 031a 00000000 		.4byte	0
 3792              	.LLST21:
 3793 031e 00000000 		.4byte	.LVL62
 3794 0322 08000000 		.4byte	.LVL63
 3795 0326 0100     		.2byte	0x1
 3796 0328 50       		.byte	0x50
 3797 0329 08000000 		.4byte	.LVL63
ARM GAS  C:\Users\elias\AppData\Local\Temp\ccUaCA0t.s 			page 83


 3798 032d 0A000000 		.4byte	.LVL64
 3799 0331 0400     		.2byte	0x4
 3800 0333 F3       		.byte	0xf3
 3801 0334 01       		.uleb128 0x1
 3802 0335 50       		.byte	0x50
 3803 0336 9F       		.byte	0x9f
 3804 0337 0A000000 		.4byte	.LVL64
 3805 033b 20000000 		.4byte	.LVL65
 3806 033f 0100     		.2byte	0x1
 3807 0341 50       		.byte	0x50
 3808 0342 20000000 		.4byte	.LVL65
 3809 0346 22000000 		.4byte	.LVL66
 3810 034a 0300     		.2byte	0x3
 3811 034c 70       		.byte	0x70
 3812 034d 7F       		.sleb128 -1
 3813 034e 9F       		.byte	0x9f
 3814 034f 22000000 		.4byte	.LVL66
 3815 0353 2A000000 		.4byte	.LVL67
 3816 0357 0100     		.2byte	0x1
 3817 0359 50       		.byte	0x50
 3818 035a 2A000000 		.4byte	.LVL67
 3819 035e 36000000 		.4byte	.LVL68
 3820 0362 0900     		.2byte	0x9
 3821 0364 70       		.byte	0x70
 3822 0365 00       		.sleb128 0
 3823 0366 03       		.byte	0x3
 3824 0367 00000000 		.4byte	.LANCHOR1
 3825 036b 1C       		.byte	0x1c
 3826 036c 9F       		.byte	0x9f
 3827 036d 00000000 		.4byte	0
 3828 0371 00000000 		.4byte	0
 3829              	.LLST22:
 3830 0375 00000000 		.4byte	.LVL69
 3831 0379 08000000 		.4byte	.LVL70
 3832 037d 0100     		.2byte	0x1
 3833 037f 50       		.byte	0x50
 3834 0380 08000000 		.4byte	.LVL70
 3835 0384 0A000000 		.4byte	.LVL71
 3836 0388 0400     		.2byte	0x4
 3837 038a F3       		.byte	0xf3
 3838 038b 01       		.uleb128 0x1
 3839 038c 50       		.byte	0x50
 3840 038d 9F       		.byte	0x9f
 3841 038e 0A000000 		.4byte	.LVL71
 3842 0392 22000000 		.4byte	.LVL72
 3843 0396 0100     		.2byte	0x1
 3844 0398 50       		.byte	0x50
 3845 0399 22000000 		.4byte	.LVL72
 3846 039d 24000000 		.4byte	.LVL73
 3847 03a1 0300     		.2byte	0x3
 3848 03a3 70       		.byte	0x70
 3849 03a4 7F       		.sleb128 -1
 3850 03a5 9F       		.byte	0x9f
 3851 03a6 24000000 		.4byte	.LVL73
 3852 03aa 2C000000 		.4byte	.LVL74
 3853 03ae 0100     		.2byte	0x1
 3854 03b0 50       		.byte	0x50
ARM GAS  C:\Users\elias\AppData\Local\Temp\ccUaCA0t.s 			page 84


 3855 03b1 2C000000 		.4byte	.LVL74
 3856 03b5 3A000000 		.4byte	.LVL75
 3857 03b9 0900     		.2byte	0x9
 3858 03bb 70       		.byte	0x70
 3859 03bc 00       		.sleb128 0
 3860 03bd 03       		.byte	0x3
 3861 03be 00000000 		.4byte	.LANCHOR1
 3862 03c2 1C       		.byte	0x1c
 3863 03c3 9F       		.byte	0x9f
 3864 03c4 00000000 		.4byte	0
 3865 03c8 00000000 		.4byte	0
 3866              	.LLST23:
 3867 03cc 00000000 		.4byte	.LVL76
 3868 03d0 24000000 		.4byte	.LVL79
 3869 03d4 0100     		.2byte	0x1
 3870 03d6 50       		.byte	0x50
 3871 03d7 24000000 		.4byte	.LVL79
 3872 03db 5C000000 		.4byte	.LFE14
 3873 03df 0400     		.2byte	0x4
 3874 03e1 F3       		.byte	0xf3
 3875 03e2 01       		.uleb128 0x1
 3876 03e3 50       		.byte	0x50
 3877 03e4 9F       		.byte	0x9f
 3878 03e5 00000000 		.4byte	0
 3879 03e9 00000000 		.4byte	0
 3880              	.LLST24:
 3881 03ed 04000000 		.4byte	.LVL77
 3882 03f1 18000000 		.4byte	.LVL78
 3883 03f5 0100     		.2byte	0x1
 3884 03f7 53       		.byte	0x53
 3885 03f8 18000000 		.4byte	.LVL78
 3886 03fc 24000000 		.4byte	.LVL79
 3887 0400 0500     		.2byte	0x5
 3888 0402 31       		.byte	0x31
 3889 0403 70       		.byte	0x70
 3890 0404 00       		.sleb128 0
 3891 0405 24       		.byte	0x24
 3892 0406 9F       		.byte	0x9f
 3893 0407 24000000 		.4byte	.LVL79
 3894 040b 4E000000 		.4byte	.LVL80
 3895 040f 0B00     		.2byte	0xb
 3896 0411 31       		.byte	0x31
 3897 0412 70       		.byte	0x70
 3898 0413 00       		.sleb128 0
 3899 0414 03       		.byte	0x3
 3900 0415 00000000 		.4byte	.LANCHOR1
 3901 0419 1C       		.byte	0x1c
 3902 041a 24       		.byte	0x24
 3903 041b 9F       		.byte	0x9f
 3904 041c 00000000 		.4byte	0
 3905 0420 00000000 		.4byte	0
 3906              	.LLST25:
 3907 0424 00000000 		.4byte	.LVL81
 3908 0428 26000000 		.4byte	.LVL84
 3909 042c 0100     		.2byte	0x1
 3910 042e 50       		.byte	0x50
 3911 042f 26000000 		.4byte	.LVL84
ARM GAS  C:\Users\elias\AppData\Local\Temp\ccUaCA0t.s 			page 85


 3912 0433 5C000000 		.4byte	.LFE15
 3913 0437 0400     		.2byte	0x4
 3914 0439 F3       		.byte	0xf3
 3915 043a 01       		.uleb128 0x1
 3916 043b 50       		.byte	0x50
 3917 043c 9F       		.byte	0x9f
 3918 043d 00000000 		.4byte	0
 3919 0441 00000000 		.4byte	0
 3920              	.LLST26:
 3921 0445 36000000 		.4byte	.LVL85
 3922 0449 3A000000 		.4byte	.LVL86
 3923 044d 0100     		.2byte	0x1
 3924 044f 53       		.byte	0x53
 3925 0450 3A000000 		.4byte	.LVL86
 3926 0454 4E000000 		.4byte	.LVL87
 3927 0458 0300     		.2byte	0x3
 3928 045a 70       		.byte	0x70
 3929 045b C400     		.sleb128 68
 3930 045d 00000000 		.4byte	0
 3931 0461 00000000 		.4byte	0
 3932              	.LLST27:
 3933 0465 04000000 		.4byte	.LVL82
 3934 0469 1A000000 		.4byte	.LVL83
 3935 046d 0100     		.2byte	0x1
 3936 046f 53       		.byte	0x53
 3937 0470 1A000000 		.4byte	.LVL83
 3938 0474 26000000 		.4byte	.LVL84
 3939 0478 0500     		.2byte	0x5
 3940 047a 31       		.byte	0x31
 3941 047b 70       		.byte	0x70
 3942 047c 00       		.sleb128 0
 3943 047d 24       		.byte	0x24
 3944 047e 9F       		.byte	0x9f
 3945 047f 26000000 		.4byte	.LVL84
 3946 0483 4E000000 		.4byte	.LVL87
 3947 0487 0B00     		.2byte	0xb
 3948 0489 31       		.byte	0x31
 3949 048a 70       		.byte	0x70
 3950 048b 00       		.sleb128 0
 3951 048c 03       		.byte	0x3
 3952 048d 00000000 		.4byte	.LANCHOR1
 3953 0491 1C       		.byte	0x1c
 3954 0492 24       		.byte	0x24
 3955 0493 9F       		.byte	0x9f
 3956 0494 00000000 		.4byte	0
 3957 0498 00000000 		.4byte	0
 3958              	.LLST28:
 3959 049c 0E000000 		.4byte	.LVL88
 3960 04a0 12000000 		.4byte	.LVL89
 3961 04a4 0200     		.2byte	0x2
 3962 04a6 30       		.byte	0x30
 3963 04a7 9F       		.byte	0x9f
 3964 04a8 12000000 		.4byte	.LVL89
 3965 04ac 2A000000 		.4byte	.LVL91
 3966 04b0 0100     		.2byte	0x1
 3967 04b2 54       		.byte	0x54
 3968 04b3 2C000000 		.4byte	.LVL92
ARM GAS  C:\Users\elias\AppData\Local\Temp\ccUaCA0t.s 			page 86


 3969 04b7 32000000 		.4byte	.LVL93
 3970 04bb 0100     		.2byte	0x1
 3971 04bd 54       		.byte	0x54
 3972 04be 34000000 		.4byte	.LVL94
 3973 04c2 4A000000 		.4byte	.LVL99
 3974 04c6 0100     		.2byte	0x1
 3975 04c8 54       		.byte	0x54
 3976 04c9 4C000000 		.4byte	.LVL100
 3977 04cd C2000000 		.4byte	.LVL109
 3978 04d1 0100     		.2byte	0x1
 3979 04d3 54       		.byte	0x54
 3980 04d4 00000000 		.4byte	0
 3981 04d8 00000000 		.4byte	0
 3982              	.LLST29:
 3983 04dc 12000000 		.4byte	.LVL89
 3984 04e0 2A000000 		.4byte	.LVL91
 3985 04e4 0B00     		.2byte	0xb
 3986 04e6 74       		.byte	0x74
 3987 04e7 00       		.sleb128 0
 3988 04e8 36       		.byte	0x36
 3989 04e9 1E       		.byte	0x1e
 3990 04ea 03       		.byte	0x3
 3991 04eb 48000000 		.4byte	cfg_memset_list.5090
 3992 04ef 22       		.byte	0x22
 3993 04f0 9F       		.byte	0x9f
 3994 04f1 2A000000 		.4byte	.LVL91
 3995 04f5 2C000000 		.4byte	.LVL92
 3996 04f9 0B00     		.2byte	0xb
 3997 04fb 74       		.byte	0x74
 3998 04fc 7F       		.sleb128 -1
 3999 04fd 36       		.byte	0x36
 4000 04fe 1E       		.byte	0x1e
 4001 04ff 03       		.byte	0x3
 4002 0500 48000000 		.4byte	cfg_memset_list.5090
 4003 0504 22       		.byte	0x22
 4004 0505 9F       		.byte	0x9f
 4005 0506 00000000 		.4byte	0
 4006 050a 00000000 		.4byte	0
 4007              	.LLST30:
 4008 050e 34000000 		.4byte	.LVL94
 4009 0512 4A000000 		.4byte	.LVL99
 4010 0516 0B00     		.2byte	0xb
 4011 0518 74       		.byte	0x74
 4012 0519 00       		.sleb128 0
 4013 051a 3A       		.byte	0x3a
 4014 051b 1E       		.byte	0x1e
 4015 051c 03       		.byte	0x3
 4016 051d 6C000000 		.4byte	cfg_memcpy_list.5091
 4017 0521 22       		.byte	0x22
 4018 0522 9F       		.byte	0x9f
 4019 0523 4A000000 		.4byte	.LVL99
 4020 0527 4C000000 		.4byte	.LVL100
 4021 052b 0B00     		.2byte	0xb
 4022 052d 74       		.byte	0x74
 4023 052e 7F       		.sleb128 -1
 4024 052f 3A       		.byte	0x3a
 4025 0530 1E       		.byte	0x1e
ARM GAS  C:\Users\elias\AppData\Local\Temp\ccUaCA0t.s 			page 87


 4026 0531 03       		.byte	0x3
 4027 0532 6C000000 		.4byte	cfg_memcpy_list.5091
 4028 0536 22       		.byte	0x22
 4029 0537 9F       		.byte	0x9f
 4030 0538 00000000 		.4byte	0
 4031 053c 00000000 		.4byte	0
 4032              	.LLST31:
 4033 0540 44000000 		.4byte	.LVL97
 4034 0544 47000000 		.4byte	.LVL98-1
 4035 0548 0100     		.2byte	0x1
 4036 054a 50       		.byte	0x50
 4037 054b 00000000 		.4byte	0
 4038 054f 00000000 		.4byte	0
 4039              	.LLST32:
 4040 0553 42000000 		.4byte	.LVL96
 4041 0557 47000000 		.4byte	.LVL98-1
 4042 055b 0100     		.2byte	0x1
 4043 055d 51       		.byte	0x51
 4044 055e 00000000 		.4byte	0
 4045 0562 00000000 		.4byte	0
 4046              	.LLST33:
 4047 0566 3E000000 		.4byte	.LVL95
 4048 056a 4C000000 		.4byte	.LVL100
 4049 056e 0200     		.2byte	0x2
 4050 0570 36       		.byte	0x36
 4051 0571 9F       		.byte	0x9f
 4052 0572 00000000 		.4byte	0
 4053 0576 00000000 		.4byte	0
 4054              		.section	.debug_aranges,"",%progbits
 4055 0000 94000000 		.4byte	0x94
 4056 0004 0200     		.2byte	0x2
 4057 0006 00000000 		.4byte	.Ldebug_info0
 4058 000a 04       		.byte	0x4
 4059 000b 00       		.byte	0
 4060 000c 0000     		.2byte	0
 4061 000e 0000     		.2byte	0
 4062 0010 00000000 		.4byte	.LFB3
 4063 0014 02000000 		.4byte	.LFE3-.LFB3
 4064 0018 00000000 		.4byte	.LFB4
 4065 001c 34000000 		.4byte	.LFE4-.LFB4
 4066 0020 00000000 		.4byte	.LFB0
 4067 0024 0C000000 		.4byte	.LFE0-.LFB0
 4068 0028 00000000 		.4byte	.LFB6
 4069 002c 18010000 		.4byte	.LFE6-.LFB6
 4070 0030 00000000 		.4byte	.LFB1
 4071 0034 08000000 		.4byte	.LFE1-.LFB1
 4072 0038 00000000 		.4byte	.LFB5
 4073 003c F4000000 		.4byte	.LFE5-.LFB5
 4074 0040 00000000 		.4byte	.LFB7
 4075 0044 1C000000 		.4byte	.LFE7-.LFB7
 4076 0048 00000000 		.4byte	.LFB8
 4077 004c 58000000 		.4byte	.LFE8-.LFB8
 4078 0050 00000000 		.4byte	.LFB9
 4079 0054 58000000 		.4byte	.LFE9-.LFB9
 4080 0058 00000000 		.4byte	.LFB10
 4081 005c 3C000000 		.4byte	.LFE10-.LFB10
 4082 0060 00000000 		.4byte	.LFB11
ARM GAS  C:\Users\elias\AppData\Local\Temp\ccUaCA0t.s 			page 88


 4083 0064 40000000 		.4byte	.LFE11-.LFB11
 4084 0068 00000000 		.4byte	.LFB12
 4085 006c 3C000000 		.4byte	.LFE12-.LFB12
 4086 0070 00000000 		.4byte	.LFB13
 4087 0074 40000000 		.4byte	.LFE13-.LFB13
 4088 0078 00000000 		.4byte	.LFB14
 4089 007c 5C000000 		.4byte	.LFE14-.LFB14
 4090 0080 00000000 		.4byte	.LFB15
 4091 0084 5C000000 		.4byte	.LFE15-.LFB15
 4092 0088 00000000 		.4byte	.LFB16
 4093 008c C4010000 		.4byte	.LFE16-.LFB16
 4094 0090 00000000 		.4byte	0
 4095 0094 00000000 		.4byte	0
 4096              		.section	.debug_ranges,"",%progbits
 4097              	.Ldebug_ranges0:
 4098 0000 00000000 		.4byte	.LFB3
 4099 0004 02000000 		.4byte	.LFE3
 4100 0008 00000000 		.4byte	.LFB4
 4101 000c 34000000 		.4byte	.LFE4
 4102 0010 00000000 		.4byte	.LFB0
 4103 0014 0C000000 		.4byte	.LFE0
 4104 0018 00000000 		.4byte	.LFB6
 4105 001c 18010000 		.4byte	.LFE6
 4106 0020 00000000 		.4byte	.LFB1
 4107 0024 08000000 		.4byte	.LFE1
 4108 0028 00000000 		.4byte	.LFB5
 4109 002c F4000000 		.4byte	.LFE5
 4110 0030 00000000 		.4byte	.LFB7
 4111 0034 1C000000 		.4byte	.LFE7
 4112 0038 00000000 		.4byte	.LFB8
 4113 003c 58000000 		.4byte	.LFE8
 4114 0040 00000000 		.4byte	.LFB9
 4115 0044 58000000 		.4byte	.LFE9
 4116 0048 00000000 		.4byte	.LFB10
 4117 004c 3C000000 		.4byte	.LFE10
 4118 0050 00000000 		.4byte	.LFB11
 4119 0054 40000000 		.4byte	.LFE11
 4120 0058 00000000 		.4byte	.LFB12
 4121 005c 3C000000 		.4byte	.LFE12
 4122 0060 00000000 		.4byte	.LFB13
 4123 0064 40000000 		.4byte	.LFE13
 4124 0068 00000000 		.4byte	.LFB14
 4125 006c 5C000000 		.4byte	.LFE14
 4126 0070 00000000 		.4byte	.LFB15
 4127 0074 5C000000 		.4byte	.LFE15
 4128 0078 00000000 		.4byte	.LFB16
 4129 007c C4010000 		.4byte	.LFE16
 4130 0080 00000000 		.4byte	0
 4131 0084 00000000 		.4byte	0
 4132              		.section	.debug_line,"",%progbits
 4133              	.Ldebug_line0:
 4134 0000 03030000 		.section	.debug_str,"MS",%progbits,1
 4134      0200D600 
 4134      00000201 
 4134      FB0E0D00 
 4134      01010101 
 4135              	.LASF28:
ARM GAS  C:\Users\elias\AppData\Local\Temp\ccUaCA0t.s 			page 89


 4136 0000 636F756E 		.ascii	"count\000"
 4136      7400
 4137              	.LASF14:
 4138 0006 75696E74 		.ascii	"uint16\000"
 4138      313600
 4139              	.LASF27:
 4140 000d 62617365 		.ascii	"baseAddr\000"
 4140      41646472 
 4140      00
 4141              	.LASF12:
 4142 0016 73697A65 		.ascii	"size_t\000"
 4142      5F7400
 4143              	.LASF86:
 4144 001d 4379436C 		.ascii	"CyClockStartupError\000"
 4144      6F636B53 
 4144      74617274 
 4144      75704572 
 4144      726F7200 
 4145              	.LASF46:
 4146 0031 4D757849 		.ascii	"MuxIn_CYAMUXSIDE_B_Unset\000"
 4146      6E5F4359 
 4146      414D5558 
 4146      53494445 
 4146      5F425F55 
 4147              	.LASF50:
 4148 004a 4D75784F 		.ascii	"MuxOut_CYAMUXSIDE_B_Unset\000"
 4148      75745F43 
 4148      59414D55 
 4148      58534944 
 4148      455F425F 
 4149              	.LASF70:
 4150 0064 4D75784F 		.ascii	"MuxOut_CYAMUXSIDE_B__innerAddr\000"
 4150      75745F43 
 4150      59414D55 
 4150      58534944 
 4150      455F425F 
 4151              	.LASF26:
 4152 0083 64617461 		.ascii	"data_table\000"
 4152      5F746162 
 4152      6C6500
 4153              	.LASF63:
 4154 008e 4D757849 		.ascii	"MuxIn_CYAMUXSIDE_A__innerAddr\000"
 4154      6E5F4359 
 4154      414D5558 
 4154      53494445 
 4154      5F415F5F 
 4155              	.LASF9:
 4156 00ac 6C6F6E67 		.ascii	"long long unsigned int\000"
 4156      206C6F6E 
 4156      6720756E 
 4156      7369676E 
 4156      65642069 
 4157              	.LASF49:
 4158 00c3 4D75784F 		.ascii	"MuxOut_CYAMUXSIDE_B_Set\000"
 4158      75745F43 
 4158      59414D55 
 4158      58534944 
ARM GAS  C:\Users\elias\AppData\Local\Temp\ccUaCA0t.s 			page 90


 4158      455F425F 
 4159              	.LASF25:
 4160 00db 61646472 		.ascii	"addr_table\000"
 4160      5F746162 
 4160      6C6500
 4161              	.LASF31:
 4162 00e6 416E616C 		.ascii	"AnalogSetDefault\000"
 4162      6F675365 
 4162      74446566 
 4162      61756C74 
 4162      00
 4163              	.LASF1:
 4164 00f7 6C6F6E67 		.ascii	"long long int\000"
 4164      206C6F6E 
 4164      6720696E 
 4164      7400
 4165              	.LASF3:
 4166 0105 7369676E 		.ascii	"signed char\000"
 4166      65642063 
 4166      68617200 
 4167              	.LASF41:
 4168 0111 4D757849 		.ascii	"MuxIn_CYAMUXSIDE_A_Set\000"
 4168      6E5F4359 
 4168      414D5558 
 4168      53494445 
 4168      5F415F53 
 4169              	.LASF29:
 4170 0128 6366675F 		.ascii	"cfg_write_bytes32\000"
 4170      77726974 
 4170      655F6279 
 4170      74657333 
 4170      3200
 4171              	.LASF35:
 4172 013a 436C6F63 		.ascii	"ClockSetup\000"
 4172      6B536574 
 4172      757000
 4173              	.LASF24:
 4174 0145 6572726F 		.ascii	"errorCode\000"
 4174      72436F64 
 4174      6500
 4175              	.LASF7:
 4176 014f 6C6F6E67 		.ascii	"long int\000"
 4176      20696E74 
 4176      00
 4177              	.LASF19:
 4178 0158 72656731 		.ascii	"reg16\000"
 4178      3600
 4179              	.LASF80:
 4180 015e 6D656D63 		.ascii	"memcpy\000"
 4180      707900
 4181              	.LASF13:
 4182 0165 75696E74 		.ascii	"uint8\000"
 4182      3800
 4183              	.LASF67:
 4184 016b 4D757849 		.ascii	"MuxIn_CYAMUXSIDE_A__refCnt\000"
 4184      6E5F4359 
 4184      414D5558 
ARM GAS  C:\Users\elias\AppData\Local\Temp\ccUaCA0t.s 			page 91


 4184      53494445 
 4184      5F415F5F 
 4185              	.LASF76:
 4186 0186 4D757849 		.ascii	"MuxIn_CYAMUXSIDE_B__maskTable\000"
 4186      6E5F4359 
 4186      414D5558 
 4186      53494445 
 4186      5F425F5F 
 4187              	.LASF81:
 4188 01a4 43794465 		.ascii	"CyDelayUs\000"
 4188      6C617955 
 4188      7300
 4189              	.LASF17:
 4190 01ae 646F7562 		.ascii	"double\000"
 4190      6C6500
 4191              	.LASF68:
 4192 01b5 4D75784F 		.ascii	"MuxOut_CYAMUXSIDE_B__outerAddr\000"
 4192      75745F43 
 4192      59414D55 
 4192      58534944 
 4192      455F425F 
 4193              	.LASF30:
 4194 01d4 43594D45 		.ascii	"CYMEMZERO\000"
 4194      4D5A4552 
 4194      4F00
 4195              	.LASF15:
 4196 01de 75696E74 		.ascii	"uint32\000"
 4196      333200
 4197              	.LASF39:
 4198 01e5 72656756 		.ascii	"regValue\000"
 4198      616C7565 
 4198      00
 4199              	.LASF65:
 4200 01ee 4D757849 		.ascii	"MuxIn_CYAMUXSIDE_A__innerMap\000"
 4200      6E5F4359 
 4200      414D5558 
 4200      53494445 
 4200      5F415F5F 
 4201              	.LASF22:
 4202 020b 76616C75 		.ascii	"value\000"
 4202      6500
 4203              	.LASF0:
 4204 0211 756E7369 		.ascii	"unsigned int\000"
 4204      676E6564 
 4204      20696E74 
 4204      00
 4205              	.LASF60:
 4206 021e 6E756D42 		.ascii	"numBytes\000"
 4206      79746573 
 4206      00
 4207              	.LASF8:
 4208 0227 6C6F6E67 		.ascii	"long unsigned int\000"
 4208      20756E73 
 4208      69676E65 
 4208      6420696E 
 4208      7400
 4209              	.LASF36:
ARM GAS  C:\Users\elias\AppData\Local\Temp\ccUaCA0t.s 			page 92


 4210 0239 74696D65 		.ascii	"timeout\000"
 4210      6F757400 
 4211              	.LASF55:
 4212 0241 6366675F 		.ascii	"cfg_memcpy_t\000"
 4212      6D656D63 
 4212      70795F74 
 4212      00
 4213              	.LASF53:
 4214 024e 73697A65 		.ascii	"size\000"
 4214      00
 4215              	.LASF6:
 4216 0253 73686F72 		.ascii	"short unsigned int\000"
 4216      7420756E 
 4216      7369676E 
 4216      65642069 
 4216      6E7400
 4217              	.LASF69:
 4218 0266 4D75784F 		.ascii	"MuxOut_CYAMUXSIDE_B__outerMask\000"
 4218      75745F43 
 4218      59414D55 
 4218      58534944 
 4218      455F425F 
 4219              	.LASF20:
 4220 0285 72656733 		.ascii	"reg32\000"
 4220      3200
 4221              	.LASF47:
 4222 028b 4D75784F 		.ascii	"MuxOut_CYAMUXSIDE_A_Set\000"
 4222      75745F43 
 4222      59414D55 
 4222      58534944 
 4222      455F415F 
 4223              	.LASF72:
 4224 02a3 4D75784F 		.ascii	"MuxOut_CYAMUXSIDE_B__innerMap\000"
 4224      75745F43 
 4224      59414D55 
 4224      58534944 
 4224      455F425F 
 4225              	.LASF74:
 4226 02c1 4D75784F 		.ascii	"MuxOut_CYAMUXSIDE_B__refCnt\000"
 4226      75745F43 
 4226      59414D55 
 4226      58534944 
 4226      455F425F 
 4227              	.LASF10:
 4228 02dd 73697A65 		.ascii	"sizetype\000"
 4228      74797065 
 4228      00
 4229              	.LASF45:
 4230 02e6 4D757849 		.ascii	"MuxIn_CYAMUXSIDE_B_Set\000"
 4230      6E5F4359 
 4230      414D5558 
 4230      53494445 
 4230      5F425F53 
 4231              	.LASF2:
 4232 02fd 6C6F6E67 		.ascii	"long double\000"
 4232      20646F75 
 4232      626C6500 
ARM GAS  C:\Users\elias\AppData\Local\Temp\ccUaCA0t.s 			page 93


 4233              	.LASF32:
 4234 0309 62675F78 		.ascii	"bg_xover_inl_trim\000"
 4234      6F766572 
 4234      5F696E6C 
 4234      5F747269 
 4234      6D00
 4235              	.LASF61:
 4236 031b 4D757849 		.ascii	"MuxIn_CYAMUXSIDE_A__outerAddr\000"
 4236      6E5F4359 
 4236      414D5558 
 4236      53494445 
 4236      5F415F5F 
 4237              	.LASF64:
 4238 0339 4D757849 		.ascii	"MuxIn_CYAMUXSIDE_A__innerMask\000"
 4238      6E5F4359 
 4238      414D5558 
 4238      53494445 
 4238      5F415F5F 
 4239              	.LASF54:
 4240 0357 6366675F 		.ascii	"cfg_memset_t\000"
 4240      6D656D73 
 4240      65745F74 
 4240      00
 4241              	.LASF48:
 4242 0364 4D75784F 		.ascii	"MuxOut_CYAMUXSIDE_A_Unset\000"
 4242      75745F43 
 4242      59414D55 
 4242      58534944 
 4242      455F415F 
 4243              	.LASF78:
 4244 037e 4D75784F 		.ascii	"MuxOut_CYAMUXSIDE_A__maskTable\000"
 4244      75745F43 
 4244      59414D55 
 4244      58534944 
 4244      455F415F 
 4245              	.LASF56:
 4246 039d 6366675F 		.ascii	"cfg_memset_list\000"
 4246      6D656D73 
 4246      65745F6C 
 4246      69737400 
 4247              	.LASF34:
 4248 03ad 64657374 		.ascii	"dest\000"
 4248      00
 4249              	.LASF44:
 4250 03b2 4D757849 		.ascii	"MuxIn_CYAMUXSIDE_A_Unset\000"
 4250      6E5F4359 
 4250      414D5558 
 4250      53494445 
 4250      5F415F55 
 4251              	.LASF16:
 4252 03cb 666C6F61 		.ascii	"float\000"
 4252      7400
 4253              	.LASF77:
 4254 03d1 4D75784F 		.ascii	"MuxOut_CYAMUXSIDE_A__addrTable\000"
 4254      75745F43 
 4254      59414D55 
 4254      58534944 
ARM GAS  C:\Users\elias\AppData\Local\Temp\ccUaCA0t.s 			page 94


 4254      455F415F 
 4255              	.LASF75:
 4256 03f0 4D757849 		.ascii	"MuxIn_CYAMUXSIDE_B__addrTable\000"
 4256      6E5F4359 
 4256      414D5558 
 4256      53494445 
 4256      5F425F5F 
 4257              	.LASF82:
 4258 040e 43794465 		.ascii	"CyDelayCycles\000"
 4258      6C617943 
 4258      79636C65 
 4258      7300
 4259              	.LASF58:
 4260 041c 64657374 		.ascii	"destPtr\000"
 4260      50747200 
 4261              	.LASF18:
 4262 0424 72656738 		.ascii	"reg8\000"
 4262      00
 4263              	.LASF4:
 4264 0429 756E7369 		.ascii	"unsigned char\000"
 4264      676E6564 
 4264      20636861 
 4264      7200
 4265              	.LASF5:
 4266 0437 73686F72 		.ascii	"short int\000"
 4266      7420696E 
 4266      7400
 4267              	.LASF83:
 4268 0441 474E5520 		.ascii	"GNU C11 5.4.1 20160609 (release) [ARM/embedded-5-br"
 4268      43313120 
 4268      352E342E 
 4268      31203230 
 4268      31363036 
 4269 0474 616E6368 		.ascii	"anch revision 237715] -mcpu=cortex-m3 -mthumb -g -O"
 4269      20726576 
 4269      6973696F 
 4269      6E203233 
 4269      37373135 
 4270 04a7 67202D66 		.ascii	"g -ffunction-sections -ffat-lto-objects\000"
 4270      66756E63 
 4270      74696F6E 
 4270      2D736563 
 4270      74696F6E 
 4271              	.LASF62:
 4272 04cf 4D757849 		.ascii	"MuxIn_CYAMUXSIDE_A__outerMask\000"
 4272      6E5F4359 
 4272      414D5558 
 4272      53494445 
 4272      5F415F5F 
 4273              	.LASF37:
 4274 04ed 706C6C4C 		.ascii	"pllLock\000"
 4274      6F636B00 
 4275              	.LASF42:
 4276 04f5 6368616E 		.ascii	"channel\000"
 4276      6E656C00 
 4277              	.LASF23:
 4278 04fd 63795F63 		.ascii	"cy_cfg_addrvalue_t\000"
ARM GAS  C:\Users\elias\AppData\Local\Temp\ccUaCA0t.s 			page 95


 4278      66675F61 
 4278      64647276 
 4278      616C7565 
 4278      5F7400
 4279              	.LASF43:
 4280 0510 6368616E 		.ascii	"channelMask\000"
 4280      6E656C4D 
 4280      61736B00 
 4281              	.LASF11:
 4282 051c 63686172 		.ascii	"char\000"
 4282      00
 4283              	.LASF59:
 4284 0521 73726350 		.ascii	"srcPtr\000"
 4284      747200
 4285              	.LASF40:
 4286 0528 53657441 		.ascii	"SetAnalogRoutingPumps\000"
 4286      6E616C6F 
 4286      67526F75 
 4286      74696E67 
 4286      50756D70 
 4287              	.LASF21:
 4288 053e 6F666673 		.ascii	"offset\000"
 4288      657400
 4289              	.LASF38:
 4290 0545 656E6162 		.ascii	"enabled\000"
 4290      6C656400 
 4291              	.LASF79:
 4292 054d 6D656D73 		.ascii	"memset\000"
 4292      657400
 4293              	.LASF66:
 4294 0554 4D757849 		.ascii	"MuxIn_CYAMUXSIDE_A__armsEnabled\000"
 4294      6E5F4359 
 4294      414D5558 
 4294      53494445 
 4294      5F415F5F 
 4295              	.LASF33:
 4296 0574 4359434F 		.ascii	"CYCONFIGCPY\000"
 4296      4E464947 
 4296      43505900 
 4297              	.LASF84:
 4298 0580 47656E65 		.ascii	"Generated_Source\\PSoC5\\cyfitter_cfg.c\000"
 4298      72617465 
 4298      645F536F 
 4298      75726365 
 4298      5C50536F 
 4299              	.LASF52:
 4300 05a6 61646472 		.ascii	"address\000"
 4300      65737300 
 4301              	.LASF73:
 4302 05ae 4D75784F 		.ascii	"MuxOut_CYAMUXSIDE_B__armsEnabled\000"
 4302      75745F43 
 4302      59414D55 
 4302      58534944 
 4302      455F425F 
 4303              	.LASF85:
 4304 05cf 433A5C47 		.ascii	"C:\\Github\\Tesis\\src\\psoc\\Comparation.cydsn\000"
 4304      69746875 
ARM GAS  C:\Users\elias\AppData\Local\Temp\ccUaCA0t.s 			page 96


 4304      625C5465 
 4304      7369735C 
 4304      7372635C 
 4305              	.LASF57:
 4306 05fa 6366675F 		.ascii	"cfg_memcpy_list\000"
 4306      6D656D63 
 4306      70795F6C 
 4306      69737400 
 4307              	.LASF71:
 4308 060a 4D75784F 		.ascii	"MuxOut_CYAMUXSIDE_B__innerMask\000"
 4308      75745F43 
 4308      59414D55 
 4308      58534944 
 4308      455F425F 
 4309              	.LASF51:
 4310 0629 63796669 		.ascii	"cyfitter_cfg\000"
 4310      74746572 
 4310      5F636667 
 4310      00
 4311              		.ident	"GCC: (GNU Tools for ARM Embedded Processors) 5.4.1 20160609 (release) [ARM/embedded-5-bran
